"date","target","sample","lo","hi","mean","n_trims"
"1960-01-01","c_0_37","long",1.145126,1.787894,1.482702,76
"1960-02-01","c_0_37","long",1.157333,1.790871,1.491304,76
"1960-03-01","c_0_37","long",1.121188,1.764647,1.460343,76
"1960-04-01","c_0_37","long",1.077931,1.749002,1.425737,76
"1960-05-01","c_0_37","long",1.035982,1.708635,1.385782,76
"1960-06-01","c_0_37","long",0.867946,1.534128,1.216441,76
"1960-07-01","c_0_37","long",0.902449,1.558611,1.245984,76
"1960-08-01","c_0_37","long",0.870899,1.528101,1.215009,76
"1960-09-01","c_0_37","long",0.783949,1.422915,1.120046,76
"1960-10-01","c_0_37","long",0.689673,1.35584,1.039303,76
"1960-11-01","c_0_37","long",0.777362,1.42527,1.11613,76
"1960-12-01","c_0_37","long",0.745258,1.396004,1.082863,76
"1961-01-01","c_0_37","long",0.738813,1.381693,1.068111,76
"1961-02-01","c_0_37","long",0.70957,1.330011,1.023891,76
"1961-03-01","c_0_37","long",0.673856,1.25407,0.96523,76
"1961-04-01","c_0_37","long",0.563586,1.12556,0.849335,76
"1961-05-01","c_0_37","long",0.527642,1.089214,0.812254,76
"1961-06-01","c_0_37","long",0.539563,1.114689,0.83125,76
"1961-07-01","c_0_37","long",0.485269,1.064936,0.781586,76
"1961-08-01","c_0_37","long",0.446381,0.982817,0.725455,76
"1961-09-01","c_0_37","long",0.450229,1.017167,0.747837,76
"1961-10-01","c_0_37","long",0.418802,0.949451,0.692357,76
"1961-11-01","c_0_37","long",0.327073,0.866414,0.605131,76
"1961-12-01","c_0_37","long",0.270125,0.784693,0.534562,76
"1962-01-01","c_0_37","long",0.466961,0.974869,0.732389,76
"1962-02-01","c_0_37","long",0.543203,1.07353,0.819968,76
"1962-03-01","c_0_37","long",0.706763,1.246003,0.987364,76
"1962-04-01","c_0_37","long",0.638381,1.168857,0.912697,76
"1962-05-01","c_0_37","long",0.677599,1.19091,0.939964,76
"1962-06-01","c_0_37","long",0.699233,1.219653,0.967878,76
"1962-07-01","c_0_37","long",0.62737,1.146491,0.894255,76
"1962-08-01","c_0_37","long",0.692195,1.20761,0.955065,76
"1962-09-01","c_0_37","long",0.724914,1.295394,0.999995,76
"1962-10-01","c_0_37","long",0.681337,1.251745,0.959214,76
"1962-11-01","c_0_37","long",0.668832,1.249318,0.954798,76
"1962-12-01","c_0_37","long",0.625333,1.206937,0.917553,76
"1963-01-01","c_0_37","long",0.577359,1.157433,0.869231,76
"1963-02-01","c_0_37","long",0.519441,1.088575,0.803355,76
"1963-03-01","c_0_37","long",0.379595,0.937141,0.652716,76
"1963-04-01","c_0_37","long",0.392788,0.974974,0.679333,76
"1963-05-01","c_0_37","long",0.509252,1.085331,0.793125,76
"1963-06-01","c_0_37","long",0.50647,1.097933,0.796817,76
"1963-07-01","c_0_37","long",0.52501,1.142042,0.829339,76
"1963-08-01","c_0_37","long",0.482885,1.152867,0.807922,76
"1963-09-01","c_0_37","long",0.406611,1.006497,0.713783,76
"1963-10-01","c_0_37","long",0.60959,1.212035,0.919692,76
"1963-11-01","c_0_37","long",0.613384,1.238844,0.934188,76
"1963-12-01","c_0_37","long",0.694156,1.34539,1.02324,76
"1964-01-01","c_0_37","long",0.645882,1.326714,0.989158,76
"1964-02-01","c_0_37","long",0.678487,1.363059,1.030967,76
"1964-03-01","c_0_37","long",0.656304,1.349055,1.019061,76
"1964-04-01","c_0_37","long",0.664288,1.370288,1.030764,76
"1964-05-01","c_0_37","long",0.514137,1.222548,0.879842,76
"1964-06-01","c_0_37","long",0.468179,1.144365,0.810001,76
"1964-07-01","c_0_37","long",0.429719,1.097119,0.758272,76
"1964-08-01","c_0_37","long",0.460186,1.073398,0.767436,76
"1964-09-01","c_0_37","long",0.439918,1.065029,0.747211,76
"1964-10-01","c_0_37","long",0.300522,0.948382,0.62213,76
"1964-11-01","c_0_37","long",0.332506,0.968869,0.646364,76
"1964-12-01","c_0_37","long",0.341364,0.95812,0.648544,76
"1965-01-01","c_0_37","long",0.358791,0.974812,0.664988,76
"1965-02-01","c_0_37","long",0.291705,0.894018,0.585014,76
"1965-03-01","c_0_37","long",0.340486,0.979678,0.654095,76
"1965-04-01","c_0_37","long",0.439264,1.060139,0.748145,76
"1965-05-01","c_0_37","long",0.517839,1.134263,0.824457,76
"1965-06-01","c_0_37","long",0.615439,1.244209,0.936132,76
"1965-07-01","c_0_37","long",0.6684,1.29572,0.996738,76
"1965-08-01","c_0_37","long",0.698802,1.339153,1.034662,76
"1965-09-01","c_0_37","long",0.798283,1.413941,1.123733,76
"1965-10-01","c_0_37","long",0.870341,1.464854,1.1824,76
"1965-11-01","c_0_37","long",0.946492,1.515983,1.245217,76
"1965-12-01","c_0_37","long",1.082998,1.654888,1.373103,76
"1966-01-01","c_0_37","long",1.133573,1.678946,1.411177,76
"1966-02-01","c_0_37","long",1.314204,1.872507,1.590925,76
"1966-03-01","c_0_37","long",1.390878,1.954538,1.662576,76
"1966-04-01","c_0_37","long",1.555316,2.11026,1.820313,76
"1966-05-01","c_0_37","long",1.561894,2.153215,1.843943,76
"1966-06-01","c_0_37","long",1.599154,2.228567,1.892586,76
"1966-07-01","c_0_37","long",1.711453,2.339639,1.996495,76
"1966-08-01","c_0_37","long",1.756683,2.376764,2.036001,76
"1966-09-01","c_0_37","long",1.928968,2.552661,2.208125,76
"1966-10-01","c_0_37","long",2.1213,2.750281,2.39592,76
"1966-11-01","c_0_37","long",2.116248,2.76586,2.395756,76
"1966-12-01","c_0_37","long",2.083727,2.737305,2.369167,76
"1967-01-01","c_0_37","long",2.071804,2.729701,2.36019,76
"1967-02-01","c_0_37","long",2.090802,2.712971,2.368543,76
"1967-03-01","c_0_37","long",2.050173,2.636679,2.315115,76
"1967-04-01","c_0_37","long",1.922244,2.517741,2.190314,76
"1967-05-01","c_0_37","long",1.953318,2.514095,2.205949,76
"1967-06-01","c_0_37","long",2.043452,2.542614,2.270419,76
"1967-07-01","c_0_37","long",2.095621,2.579743,2.31731,76
"1967-08-01","c_0_37","long",2.142985,2.654206,2.37235,76
"1967-09-01","c_0_37","long",2.191108,2.683773,2.415899,76
"1967-10-01","c_0_37","long",2.180851,2.661937,2.405937,76
"1967-11-01","c_0_37","long",2.282047,2.757488,2.506424,76
"1967-12-01","c_0_37","long",2.343035,2.821902,2.568935,76
"1968-01-01","c_0_37","long",2.517884,2.995173,2.742692,76
"1968-02-01","c_0_37","long",2.609093,3.092746,2.8396,76
"1968-03-01","c_0_37","long",2.756234,3.251084,2.991695,76
"1968-04-01","c_0_37","long",2.890039,3.368225,3.117972,76
"1968-05-01","c_0_37","long",3.111643,3.579458,3.33485,76
"1968-06-01","c_0_37","long",3.17494,3.658128,3.403907,76
"1968-07-01","c_0_37","long",3.172296,3.651239,3.398372,76
"1968-08-01","c_0_37","long",3.363952,3.808464,3.580603,76
"1968-09-01","c_0_37","long",3.394145,3.845704,3.611275,76
"1968-10-01","c_0_37","long",3.495881,3.942655,3.708538,76
"1968-11-01","c_0_37","long",3.590714,4.011827,3.793729,76
"1968-12-01","c_0_37","long",3.675736,4.069727,3.866947,76
"1969-01-01","c_0_37","long",3.671996,4.06931,3.863771,76
"1969-02-01","c_0_37","long",3.582236,3.988227,3.773015,76
"1969-03-01","c_0_37","long",3.755332,4.145553,3.935642,76
"1969-04-01","c_0_37","long",3.838111,4.230347,4.022739,76
"1969-05-01","c_0_37","long",3.825838,4.236471,4.020057,76
"1969-06-01","c_0_37","long",3.873077,4.273639,4.064539,76
"1969-07-01","c_0_37","long",4.097847,4.489871,4.287884,76
"1969-08-01","c_0_37","long",3.972733,4.373527,4.166075,76
"1969-09-01","c_0_37","long",4.002623,4.416324,4.201016,76
"1969-10-01","c_0_37","long",3.986437,4.400817,4.186144,76
"1969-11-01","c_0_37","long",4.040114,4.446237,4.233892,76
"1969-12-01","c_0_37","long",4.117631,4.522211,4.312682,76
"1970-01-01","c_0_37","long",4.114571,4.513526,4.308202,76
"1970-02-01","c_0_37","long",4.258745,4.653746,4.453455,76
"1970-03-01","c_0_37","long",4.220056,4.628642,4.423276,76
"1970-04-01","c_0_37","long",4.232128,4.672835,4.442305,76
"1970-05-01","c_0_37","long",4.170048,4.609229,4.375925,76
"1970-06-01","c_0_37","long",4.114953,4.552639,4.320296,76
"1970-07-01","c_0_37","long",4.023453,4.453805,4.227089,76
"1970-08-01","c_0_37","long",4.095144,4.513588,4.290052,76
"1970-09-01","c_0_37","long",4.095328,4.514652,4.292862,76
"1970-10-01","c_0_37","long",4.152509,4.628125,4.36912,76
"1970-11-01","c_0_37","long",4.137271,4.615901,4.354517,76
"1970-12-01","c_0_37","long",4.227527,4.722632,4.452763,76
"1971-01-01","c_0_37","long",4.198222,4.687644,4.420928,76
"1971-02-01","c_0_37","long",4.069096,4.568593,4.297107,76
"1971-03-01","c_0_37","long",3.938955,4.425285,4.160819,76
"1971-04-01","c_0_37","long",3.870447,4.335812,4.086177,76
"1971-05-01","c_0_37","long",3.972567,4.426563,4.184271,76
"1971-06-01","c_0_37","long",4.063201,4.52597,4.275608,76
"1971-07-01","c_0_37","long",3.977308,4.456858,4.194502,76
"1971-08-01","c_0_37","long",3.95336,4.440142,4.177748,76
"1971-09-01","c_0_37","long",3.810255,4.288607,4.02554,76
"1971-10-01","c_0_37","long",3.494115,3.91958,3.692649,76
"1971-11-01","c_0_37","long",3.291713,3.713813,3.489789,76
"1971-12-01","c_0_37","long",3.080025,3.493473,3.269544,76
"1972-01-01","c_0_37","long",3.049175,3.479198,3.242808,76
"1972-02-01","c_0_37","long",3.061699,3.479767,3.249869,76
"1972-03-01","c_0_37","long",3.072366,3.492412,3.25829,76
"1972-04-01","c_0_37","long",2.890492,3.298863,3.073877,76
"1972-05-01","c_0_37","long",2.679613,3.080181,2.858738,76
"1972-06-01","c_0_37","long",2.449402,2.842974,2.627971,76
"1972-07-01","c_0_37","long",2.435338,2.845316,2.616416,76
"1972-08-01","c_0_37","long",2.372645,2.781232,2.551089,76
"1972-09-01","c_0_37","long",2.429222,2.843447,2.608987,76
"1972-10-01","c_0_37","long",2.500547,2.911357,2.676887,76
"1972-11-01","c_0_37","long",2.608115,3.028431,2.790706,76
"1972-12-01","c_0_37","long",2.648266,3.060672,2.828906,76
"1973-01-01","c_0_37","long",2.606912,3.036414,2.803997,76
"1973-02-01","c_0_37","long",2.720063,3.166423,2.921547,76
"1973-03-01","c_0_37","long",2.891458,3.371045,3.110452,76
"1973-04-01","c_0_37","long",3.300268,3.811012,3.530914,76
"1973-05-01","c_0_37","long",3.521646,4.08205,3.768556,76
"1973-06-01","c_0_37","long",3.700813,4.297815,3.960805,76
"1973-07-01","c_0_37","long",3.652983,4.245827,3.915334,76
"1973-08-01","c_0_37","long",3.832213,4.512428,4.123582,76
"1973-09-01","c_0_37","long",3.859068,4.594523,4.166299,76
"1973-10-01","c_0_37","long",4.10356,4.948279,4.447062,76
"1973-11-01","c_0_37","long",4.260414,5.217096,4.642828,76
"1973-12-01","c_0_37","long",4.461138,5.45345,4.858045,76
"1974-01-01","c_0_37","long",4.725011,5.771445,5.130338,76
"1974-02-01","c_0_37","long",5.012874,6.209182,5.462673,76
"1974-03-01","c_0_37","long",5.299797,6.584141,5.777492,76
"1974-04-01","c_0_37","long",5.384702,6.731392,5.898161,76
"1974-05-01","c_0_37","long",5.831794,7.210922,6.367972,76
"1974-06-01","c_0_37","long",6.301958,7.723011,6.85945,76
"1974-07-01","c_0_37","long",6.757424,8.27296,7.355616,76
"1974-08-01","c_0_37","long",7.25125,8.765466,7.847731,76
"1974-09-01","c_0_37","long",7.750199,9.264585,8.364199,76
"1974-10-01","c_0_37","long",8.08399,9.518961,8.678883,76
"1974-11-01","c_0_37","long",8.281474,9.622413,8.842629,76
"1974-12-01","c_0_37","long",8.444508,9.786724,9.006824,76
"1975-01-01","c_0_37","long",8.616343,9.895155,9.158662,76
"1975-02-01","c_0_37","long",8.518157,9.635081,9.015485,76
"1975-03-01","c_0_37","long",8.155426,9.147365,8.607635,76
"1975-04-01","c_0_37","long",7.938404,8.850322,8.348266,76
"1975-05-01","c_0_37","long",7.402408,8.26035,7.792425,76
"1975-06-01","c_0_37","long",6.995232,7.829621,7.366486,76
"1975-07-01","c_0_37","long",6.843744,7.582902,7.180258,76
"1975-08-01","c_0_37","long",6.361443,7.019425,6.673094,76
"1975-09-01","c_0_37","long",6.091326,6.69483,6.37696,76
"1975-10-01","c_0_37","long",5.992122,6.577541,6.268063,76
"1975-11-01","c_0_37","long",5.8543,6.456906,6.133259,76
"1975-12-01","c_0_37","long",5.678857,6.253803,5.948734,76
"1976-01-01","c_0_37","long",5.435926,5.996652,5.702324,76
"1976-02-01","c_0_37","long",5.227469,5.840203,5.525911,76
"1976-03-01","c_0_37","long",5.158614,5.813636,5.482847,76
"1976-04-01","c_0_37","long",5.056718,5.694239,5.375776,76
"1976-05-01","c_0_37","long",5.233812,5.857141,5.540684,76
"1976-06-01","c_0_37","long",5.262235,5.843667,5.557991,76
"1976-07-01","c_0_37","long",5.175695,5.735166,5.457097,76
"1976-08-01","c_0_37","long",5.25358,5.814486,5.536462,76
"1976-09-01","c_0_37","long",5.186413,5.741934,5.467333,76
"1976-10-01","c_0_37","long",5.054434,5.613962,5.338789,76
"1976-11-01","c_0_37","long",5.027573,5.556573,5.306825,76
"1976-12-01","c_0_37","long",4.97072,5.527535,5.258248,76
"1977-01-01","c_0_37","long",5.12267,5.686482,5.414131,76
"1977-02-01","c_0_37","long",5.421992,5.944308,5.68697,76
"1977-03-01","c_0_37","long",5.715814,6.212552,5.965106,76
"1977-04-01","c_0_37","long",5.820872,6.340674,6.08061,76
"1977-05-01","c_0_37","long",5.822964,6.340361,6.084188,76
"1977-06-01","c_0_37","long",5.912075,6.427813,6.175861,76
"1977-07-01","c_0_37","long",5.959213,6.4828,6.230671,76
"1977-08-01","c_0_37","long",5.955757,6.478919,6.227526,76
"1977-09-01","c_0_37","long",5.902654,6.436583,6.177226,76
"1977-10-01","c_0_37","long",5.790978,6.334018,6.065604,76
"1977-11-01","c_0_37","long",5.909479,6.443334,6.178198,76
"1977-12-01","c_0_37","long",5.976726,6.500233,6.239966,76
"1978-01-01","c_0_37","long",5.80655,6.358423,6.075741,76
"1978-02-01","c_0_37","long",5.647115,6.209362,5.919396,76
"1978-03-01","c_0_37","long",5.619512,6.179952,5.882721,76
"1978-04-01","c_0_37","long",5.785067,6.356886,6.046889,76
"1978-05-01","c_0_37","long",5.961486,6.536071,6.223094,76
"1978-06-01","c_0_37","long",5.984215,6.569728,6.245775,76
"1978-07-01","c_0_37","long",6.08107,6.665854,6.337267,76
"1978-08-01","c_0_37","long",6.163147,6.766766,6.429396,76
"1978-09-01","c_0_37","long",6.333559,6.934606,6.6015,76
"1978-10-01","c_0_37","long",6.671999,7.266875,6.940619,76
"1978-11-01","c_0_37","long",6.755224,7.361194,7.033194,76
"1978-12-01","c_0_37","long",6.795758,7.391778,7.073078,76
"1979-01-01","c_0_37","long",7.120971,7.721361,7.402335,76
"1979-02-01","c_0_37","long",7.331817,7.917378,7.607532,76
"1979-03-01","c_0_37","long",7.370162,7.969082,7.658433,76
"1979-04-01","c_0_37","long",7.363715,7.96527,7.657585,76
"1979-05-01","c_0_37","long",7.499553,8.105342,7.796147,76
"1979-06-01","c_0_37","long",7.566005,8.154587,7.855791,76
"1979-07-01","c_0_37","long",7.659506,8.249109,7.951919,76
"1979-08-01","c_0_37","long",7.840912,8.418139,8.12648,76
"1979-09-01","c_0_37","long",7.961222,8.553388,8.249332,76
"1979-10-01","c_0_37","long",8.087449,8.709477,8.392914,76
"1979-11-01","c_0_37","long",8.054787,8.720936,8.375247,76
"1979-12-01","c_0_37","long",8.196019,8.927217,8.53516,76
"1980-01-01","c_0_37","long",8.338552,9.084058,8.679078,76
"1980-02-01","c_0_37","long",8.536207,9.398273,8.920109,76
"1980-03-01","c_0_37","long",8.760166,9.623574,9.139535,76
"1980-04-01","c_0_37","long",8.721919,9.59742,9.109526,76
"1980-05-01","c_0_37","long",8.648639,9.54524,9.050555,76
"1980-06-01","c_0_37","long",8.796304,9.733077,9.219081,76
"1980-07-01","c_0_37","long",8.695611,9.672933,9.127765,76
"1980-08-01","c_0_37","long",8.660026,9.667021,9.096347,76
"1980-09-01","c_0_37","long",8.748869,9.745078,9.183376,76
"1980-10-01","c_0_37","long",8.630354,9.599108,9.049115,76
"1980-11-01","c_0_37","long",8.704993,9.648016,9.114015,76
"1980-12-01","c_0_37","long",8.703404,9.570507,9.09081,76
"1981-01-01","c_0_37","long",8.626857,9.494968,9.011491,76
"1981-02-01","c_0_37","long",8.573371,9.327082,8.911493,76
"1981-03-01","c_0_37","long",8.371571,9.107777,8.706391,76
"1981-04-01","c_0_37","long",8.378246,9.119564,8.719423,76
"1981-05-01","c_0_37","long",8.190658,8.946763,8.537014,76
"1981-06-01","c_0_37","long",7.9399,8.660893,8.269267,76
"1981-07-01","c_0_37","long",7.932068,8.633572,8.259731,76
"1981-08-01","c_0_37","long",7.819948,8.545448,8.174302,76
"1981-09-01","c_0_37","long",7.615591,8.33075,7.965588,76
"1981-10-01","c_0_37","long",7.38018,8.087681,7.725845,76
"1981-11-01","c_0_37","long",7.166648,7.866099,7.51274,76
"1981-12-01","c_0_37","long",6.866557,7.586541,7.22201,76
"1982-01-01","c_0_37","long",6.555225,7.243541,6.900978,76
"1982-02-01","c_0_37","long",6.13053,6.812605,6.473464,76
"1982-03-01","c_0_37","long",5.963364,6.636367,6.305296,76
"1982-04-01","c_0_37","long",5.692693,6.337227,6.013988,76
"1982-05-01","c_0_37","long",5.63679,6.243791,5.938549,76
"1982-06-01","c_0_37","long",5.582372,6.196865,5.883639,76
"1982-07-01","c_0_37","long",5.649006,6.259074,5.948331,76
"1982-08-01","c_0_37","long",5.377136,5.935375,5.644355,76
"1982-09-01","c_0_37","long",5.014469,5.574585,5.281382,76
"1982-10-01","c_0_37","long",4.992893,5.559443,5.26203,76
"1982-11-01","c_0_37","long",4.742777,5.305595,5.007899,76
"1982-12-01","c_0_37","long",4.553663,5.136452,4.832192,76
"1983-01-01","c_0_37","long",4.540414,5.101827,4.818002,76
"1983-02-01","c_0_37","long",4.464733,5.017067,4.741551,76
"1983-03-01","c_0_37","long",4.247404,4.792803,4.518564,76
"1983-04-01","c_0_37","long",4.399658,4.973335,4.689116,76
"1983-05-01","c_0_37","long",4.170557,4.75494,4.458441,76
"1983-06-01","c_0_37","long",3.998051,4.562145,4.28094,76
"1983-07-01","c_0_37","long",3.71896,4.295748,3.998984,76
"1983-08-01","c_0_37","long",3.63671,4.20879,3.91684,76
"1983-09-01","c_0_37","long",3.693962,4.296987,3.990033,76
"1983-10-01","c_0_37","long",3.433559,4.037586,3.733025,76
"1983-11-01","c_0_37","long",3.532128,4.130871,3.825264,76
"1983-12-01","c_0_37","long",3.56897,4.122446,3.835962,76
"1984-01-01","c_0_37","long",3.530597,4.080715,3.794032,76
"1984-02-01","c_0_37","long",3.563628,4.115418,3.828766,76
"1984-03-01","c_0_37","long",3.696161,4.260446,3.968362,76
"1984-04-01","c_0_37","long",3.653515,4.170737,3.899175,76
"1984-05-01","c_0_37","long",3.58756,4.086467,3.82931,76
"1984-06-01","c_0_37","long",3.60221,4.126827,3.861748,76
"1984-07-01","c_0_37","long",3.687808,4.186319,3.943324,76
"1984-08-01","c_0_37","long",3.768797,4.253434,4.014066,76
"1984-09-01","c_0_37","long",3.774483,4.224836,4.001515,76
"1984-10-01","c_0_37","long",3.851019,4.282982,4.065994,76
"1984-11-01","c_0_37","long",3.681352,4.105498,3.896471,76
"1984-12-01","c_0_37","long",3.768809,4.210687,3.993637,76
"1985-01-01","c_0_37","long",3.635083,4.080169,3.859998,76
"1985-02-01","c_0_37","long",3.761364,4.198847,3.98164,76
"1985-03-01","c_0_37","long",3.775564,4.216165,4.000899,76
"1985-04-01","c_0_37","long",3.619667,4.05581,3.843837,76
"1985-05-01","c_0_37","long",3.712468,4.162424,3.941978,76
"1985-06-01","c_0_37","long",3.766037,4.200495,3.985936,76
"1985-07-01","c_0_37","long",3.553763,3.982967,3.773145,76
"1985-08-01","c_0_37","long",3.531037,3.981961,3.765251,76
"1985-09-01","c_0_37","long",3.479453,3.967641,3.738071,76
"1985-10-01","c_0_37","long",3.434233,3.932876,3.695981,76
"1985-11-01","c_0_37","long",3.599112,4.126943,3.874666,76
"1985-12-01","c_0_37","long",3.631115,4.152542,3.90275,76
"1986-01-01","c_0_37","long",3.728218,4.256041,4.00415,76
"1986-02-01","c_0_37","long",3.457005,4.021218,3.757659,76
"1986-03-01","c_0_37","long",3.290982,3.862891,3.591661,76
"1986-04-01","c_0_37","long",3.293883,3.902752,3.61924,76
"1986-05-01","c_0_37","long",3.196716,3.799499,3.523774,76
"1986-06-01","c_0_37","long",3.200646,3.806257,3.524334,76
"1986-07-01","c_0_37","long",3.255023,3.867477,3.580202,76
"1986-08-01","c_0_37","long",3.195932,3.788262,3.507663,76
"1986-09-01","c_0_37","long",3.269239,3.820328,3.553175,76
"1986-10-01","c_0_37","long",3.298414,3.865712,3.596781,76
"1986-11-01","c_0_37","long",3.228409,3.764222,3.508707,76
"1986-12-01","c_0_37","long",3.167301,3.702659,3.446281,76
"1987-01-01","c_0_37","long",3.206806,3.760478,3.489983,76
"1987-02-01","c_0_37","long",3.263471,3.787133,3.525562,76
"1987-03-01","c_0_37","long",3.417089,3.928464,3.672338,76
"1987-04-01","c_0_37","long",3.610128,4.091755,3.846979,76
"1987-05-01","c_0_37","long",3.719552,4.203022,3.953801,76
"1987-06-01","c_0_37","long",3.664037,4.158144,3.905168,76
"1987-07-01","c_0_37","long",3.629008,4.128698,3.874945,76
"1987-08-01","c_0_37","long",3.750241,4.247212,3.996508,76
"1987-09-01","c_0_37","long",3.725988,4.219492,3.972493,76
"1987-10-01","c_0_37","long",3.777999,4.260175,4.013856,76
"1987-11-01","c_0_37","long",3.786543,4.280604,4.027388,76
"1987-12-01","c_0_37","long",3.708253,4.209849,3.955198,76
"1988-01-01","c_0_37","long",3.685564,4.166209,3.928111,76
"1988-02-01","c_0_37","long",3.661581,4.147187,3.906338,76
"1988-03-01","c_0_37","long",3.668915,4.159371,3.914695,76
"1988-04-01","c_0_37","long",3.623293,4.145383,3.878886,76
"1988-05-01","c_0_37","long",3.598853,4.117591,3.851291,76
"1988-06-01","c_0_37","long",3.690278,4.190379,3.935686,76
"1988-07-01","c_0_37","long",3.895665,4.417349,4.149915,76
"1988-08-01","c_0_37","long",3.858783,4.393116,4.116374,76
"1988-09-01","c_0_37","long",4.006463,4.561328,4.271013,76
"1988-10-01","c_0_37","long",3.969191,4.559137,4.248338,76
"1988-11-01","c_0_37","long",3.999429,4.582508,4.277886,76
"1988-12-01","c_0_37","long",4.101257,4.669157,4.368858,76
"1989-01-01","c_0_37","long",4.172717,4.754346,4.447889,76
"1989-02-01","c_0_37","long",4.270169,4.885561,4.561109,76
"1989-03-01","c_0_37","long",4.249557,4.851169,4.535198,76
"1989-04-01","c_0_37","long",4.251275,4.842831,4.535798,76
"1989-05-01","c_0_37","long",4.313226,4.916769,4.601477,76
"1989-06-01","c_0_37","long",4.218695,4.825305,4.506222,76
"1989-07-01","c_0_37","long",4.118942,4.694762,4.391915,76
"1989-08-01","c_0_37","long",4.010086,4.622386,4.307367,76
"1989-09-01","c_0_37","long",3.871329,4.47659,4.166948,76
"1989-10-01","c_0_37","long",3.998773,4.553561,4.274553,76
"1989-11-01","c_0_37","long",3.981747,4.541704,4.258789,76
"1989-12-01","c_0_37","long",4.006202,4.582459,4.297177,76
"1990-01-01","c_0_37","long",3.894771,4.489584,4.190548,76
"1990-02-01","c_0_37","long",3.873167,4.453205,4.159572,76
"1990-03-01","c_0_37","long",4.035069,4.628251,4.330261,76
"1990-04-01","c_0_37","long",3.997892,4.559142,4.274468,76
"1990-05-01","c_0_37","long",3.944805,4.499868,4.222159,76
"1990-06-01","c_0_37","long",4.113172,4.697337,4.407152,76
"1990-07-01","c_0_37","long",4.139747,4.727518,4.436465,76
"1990-08-01","c_0_37","long",4.337088,4.882142,4.607188,76
"1990-09-01","c_0_37","long",4.346178,4.90463,4.623981,76
"1990-10-01","c_0_37","long",4.237381,4.822773,4.525053,76
"1990-11-01","c_0_37","long",4.127096,4.715236,4.415687,76
"1990-12-01","c_0_37","long",4.108207,4.689381,4.385419,76
"1991-01-01","c_0_37","long",4.079122,4.675736,4.364051,76
"1991-02-01","c_0_37","long",3.989213,4.588362,4.280132,76
"1991-03-01","c_0_37","long",3.67252,4.26345,3.955966,76
"1991-04-01","c_0_37","long",3.59002,4.188702,3.877738,76
"1991-05-01","c_0_37","long",3.65981,4.247338,3.942698,76
"1991-06-01","c_0_37","long",3.414765,3.985098,3.684439,76
"1991-07-01","c_0_37","long",3.291732,3.889959,3.574216,76
"1991-08-01","c_0_37","long",3.121361,3.748504,3.418939,76
"1991-09-01","c_0_37","long",3.09576,3.713431,3.388129,76
"1991-10-01","c_0_37","long",3.011924,3.608356,3.30036,76
"1991-11-01","c_0_37","long",3.152002,3.744228,3.438545,76
"1991-12-01","c_0_37","long",3.173753,3.759885,3.462301,76
"1992-01-01","c_0_37","long",3.062024,3.603673,3.331569,76
"1992-02-01","c_0_37","long",3.096967,3.635504,3.361247,76
"1992-03-01","c_0_37","long",3.220693,3.775097,3.492583,76
"1992-04-01","c_0_37","long",3.145439,3.705142,3.420775,76
"1992-05-01","c_0_37","long",3.030564,3.618077,3.320856,76
"1992-06-01","c_0_37","long",3.028622,3.640799,3.332161,76
"1992-07-01","c_0_37","long",3.034565,3.633412,3.333207,76
"1992-08-01","c_0_37","long",2.979035,3.563446,3.27077,76
"1992-09-01","c_0_37","long",2.822387,3.415709,3.117986,76
"1992-10-01","c_0_37","long",2.879506,3.488363,3.176072,76
"1992-11-01","c_0_37","long",2.841307,3.438635,3.13085,76
"1992-12-01","c_0_37","long",2.739478,3.338738,3.025877,76
"1993-01-01","c_0_37","long",2.730869,3.326599,3.015555,76
"1993-02-01","c_0_37","long",2.698583,3.260539,2.969641,76
"1993-03-01","c_0_37","long",2.593789,3.129272,2.854004,76
"1993-04-01","c_0_37","long",2.681012,3.19454,2.930275,76
"1993-05-01","c_0_37","long",2.708467,3.201311,2.950081,76
"1993-06-01","c_0_37","long",2.650727,3.11141,2.879792,76
"1993-07-01","c_0_37","long",2.612144,3.050268,2.827571,76
"1993-08-01","c_0_37","long",2.563624,2.976391,2.767987,76
"1993-09-01","c_0_37","long",2.580229,2.968625,2.775006,76
"1993-10-01","c_0_37","long",2.521229,2.888668,2.706277,76
"1993-11-01","c_0_37","long",2.445774,2.807559,2.63056,76
"1993-12-01","c_0_37","long",2.348568,2.742357,2.5568,76
"1994-01-01","c_0_37","long",2.289301,2.710313,2.514828,76
"1994-02-01","c_0_37","long",2.266567,2.70423,2.498018,76
"1994-03-01","c_0_37","long",2.308019,2.744932,2.541118,76
"1994-04-01","c_0_37","long",2.196351,2.638341,2.434331,76
"1994-05-01","c_0_37","long",2.14668,2.586594,2.382123,76
"1994-06-01","c_0_37","long",2.216971,2.647828,2.445887,76
"1994-07-01","c_0_37","long",2.246171,2.690504,2.480328,76
"1994-08-01","c_0_37","long",2.230732,2.674266,2.465134,76
"1994-09-01","c_0_37","long",2.21007,2.657805,2.450696,76
"1994-10-01","c_0_37","long",2.142374,2.59853,2.389223,76
"1994-11-01","c_0_37","long",2.144839,2.608502,2.394361,76
"1994-12-01","c_0_37","long",2.139915,2.57886,2.374994,76
"1995-01-01","c_0_37","long",2.268747,2.692652,2.489988,76
"1995-02-01","c_0_37","long",2.208708,2.610865,2.42122,76
"1995-03-01","c_0_37","long",2.161192,2.583413,2.385471,76
"1995-04-01","c_0_37","long",2.210783,2.626925,2.432991,76
"1995-05-01","c_0_37","long",2.175565,2.585087,2.394831,76
"1995-06-01","c_0_37","long",2.092219,2.50918,2.315124,76
"1995-07-01","c_0_37","long",2.001091,2.427507,2.232105,76
"1995-08-01","c_0_37","long",2.063046,2.491637,2.290645,76
"1995-09-01","c_0_37","long",2.060455,2.509565,2.295976,76
"1995-10-01","c_0_37","long",2.160717,2.594466,2.390018,76
"1995-11-01","c_0_37","long",2.107525,2.56777,2.354815,76
"1995-12-01","c_0_37","long",2.172033,2.608267,2.405772,76
"1996-01-01","c_0_37","long",2.101678,2.510948,2.324136,76
"1996-02-01","c_0_37","long",2.122747,2.548573,2.345422,76
"1996-03-01","c_0_37","long",2.13923,2.537884,2.342311,76
"1996-04-01","c_0_37","long",2.105791,2.510412,2.308843,76
"1996-05-01","c_0_37","long",2.129786,2.528822,2.328805,76
"1996-06-01","c_0_37","long",2.153092,2.565326,2.36354,76
"1996-07-01","c_0_37","long",2.19225,2.592692,2.394077,76
"1996-08-01","c_0_37","long",2.164371,2.573878,2.378079,76
"1996-09-01","c_0_37","long",2.253581,2.642659,2.452118,76
"1996-10-01","c_0_37","long",2.23464,2.629771,2.43314,76
"1996-11-01","c_0_37","long",2.307774,2.672064,2.486692,76
"1996-12-01","c_0_37","long",2.273501,2.642828,2.456961,76
"1997-01-01","c_0_37","long",2.209106,2.597986,2.398405,76
"1997-02-01","c_0_37","long",2.199535,2.581798,2.390485,76
"1997-03-01","c_0_37","long",2.162696,2.550034,2.361452,76
"1997-04-01","c_0_37","long",2.138829,2.541741,2.351568,76
"1997-05-01","c_0_37","long",2.053887,2.477019,2.281247,76
"1997-06-01","c_0_37","long",2.020663,2.45865,2.253405,76
"1997-07-01","c_0_37","long",1.901076,2.377297,2.151573,76
"1997-08-01","c_0_37","long",1.833174,2.315405,2.083472,76
"1997-09-01","c_0_37","long",1.805923,2.273563,2.050989,76
"1997-10-01","c_0_37","long",1.580177,2.081966,1.841957,76
"1997-11-01","c_0_37","long",1.459176,2.002817,1.74699,76
"1997-12-01","c_0_37","long",1.379157,1.970068,1.684811,76
"1998-01-01","c_0_37","long",1.341036,1.93155,1.653502,76
"1998-02-01","c_0_37","long",1.251179,1.883811,1.593554,76
"1998-03-01","c_0_37","long",1.250272,1.925217,1.614906,76
"1998-04-01","c_0_37","long",1.25561,1.908186,1.605081,76
"1998-05-01","c_0_37","long",1.282743,1.971213,1.640002,76
"1998-06-01","c_0_37","long",1.27223,1.928659,1.612305,76
"1998-07-01","c_0_37","long",1.36712,1.969562,1.686564,76
"1998-08-01","c_0_37","long",1.43567,2.032043,1.751506,76
"1998-09-01","c_0_37","long",1.328414,2.01507,1.689254,76
"1998-10-01","c_0_37","long",1.466275,2.124527,1.816944,76
"1998-11-01","c_0_37","long",1.49869,2.13786,1.841558,76
"1998-12-01","c_0_37","long",1.517042,2.169469,1.871098,76
"1999-01-01","c_0_37","long",1.560973,2.195236,1.903978,76
"1999-02-01","c_0_37","long",1.527038,2.148087,1.852004,76
"1999-03-01","c_0_37","long",1.470461,2.0572,1.775596,76
"1999-04-01","c_0_37","long",1.531915,2.143621,1.8423,76
"1999-05-01","c_0_37","long",1.537226,2.100146,1.829929,76
"1999-06-01","c_0_37","long",1.542452,2.103349,1.836109,76
"1999-07-01","c_0_37","long",1.587435,2.147121,1.87743,76
"1999-08-01","c_0_37","long",1.537035,2.088556,1.824927,76
"1999-09-01","c_0_37","long",1.657668,2.1301,1.902353,76
"1999-10-01","c_0_37","long",1.654299,2.117379,1.894034,76
"1999-11-01","c_0_37","long",1.676475,2.139585,1.910948,76
"1999-12-01","c_0_37","long",1.749834,2.152686,1.952401,76
"2000-01-01","c_0_37","long",1.860218,2.271868,2.068497,76
"2000-02-01","c_0_37","long",1.998354,2.38591,2.196938,76
"2000-03-01","c_0_37","long",2.12291,2.502051,2.314458,76
"2000-04-01","c_0_37","long",1.998214,2.417076,2.219763,76
"2000-05-01","c_0_37","long",2.019772,2.450958,2.248802,76
"2000-06-01","c_0_37","long",2.067292,2.500028,2.294966,76
"2000-07-01","c_0_37","long",2.111364,2.569194,2.35247,76
"2000-08-01","c_0_37","long",2.125384,2.586832,2.365518,76
"2000-09-01","c_0_37","long",2.160247,2.620558,2.406872,76
"2000-10-01","c_0_37","long",2.141361,2.648476,2.413683,76
"2000-11-01","c_0_37","long",2.167588,2.66974,2.443706,76
"2000-12-01","c_0_37","long",2.190009,2.714393,2.480175,76
"2001-01-01","c_0_37","long",2.233643,2.781776,2.524465,76
"2001-02-01","c_0_37","long",2.288851,2.828984,2.579101,76
"2001-03-01","c_0_37","long",2.242419,2.797617,2.540296,76
"2001-04-01","c_0_37","long",2.359442,2.904605,2.654305,76
"2001-05-01","c_0_37","long",2.362871,2.907011,2.652912,76
"2001-06-01","c_0_37","long",2.425076,3.001724,2.727791,76
"2001-07-01","c_0_37","long",2.354077,2.923685,2.652581,76
"2001-08-01","c_0_37","long",2.380436,3.008992,2.708343,76
"2001-09-01","c_0_37","long",2.319846,2.962824,2.65372,76
"2001-10-01","c_0_37","long",2.345994,2.958209,2.66336,76
"2001-11-01","c_0_37","long",2.3528,2.953234,2.656727,76
"2001-12-01","c_0_37","long",2.267222,2.875367,2.576355,76
"2002-01-01","c_0_37","long",2.076449,2.680809,2.39273,76
"2002-02-01","c_0_37","long",2.018933,2.64185,2.341836,76
"2002-03-01","c_0_37","long",2.0462,2.662025,2.364915,76
"2002-04-01","c_0_37","long",2.031878,2.600532,2.318931,76
"2002-05-01","c_0_37","long",2.005673,2.562895,2.286391,76
"2002-06-01","c_0_37","long",1.923805,2.462156,2.200689,76
"2002-07-01","c_0_37","long",1.959918,2.49508,2.230185,76
"2002-08-01","c_0_37","long",1.956907,2.438824,2.199358,76
"2002-09-01","c_0_37","long",2.014269,2.483253,2.245784,76
"2002-10-01","c_0_37","long",2.021486,2.485188,2.251337,76
"2002-11-01","c_0_37","long",2.004511,2.466082,2.232605,76
"2002-12-01","c_0_37","long",2.047595,2.508904,2.269072,76
"2003-01-01","c_0_37","long",2.054777,2.518046,2.278918,76
"2003-02-01","c_0_37","long",2.034118,2.493196,2.256573,76
"2003-03-01","c_0_37","long",2.016874,2.47844,2.243244,76
"2003-04-01","c_0_37","long",1.915043,2.375238,2.140825,76
"2003-05-01","c_0_37","long",1.923971,2.388881,2.152044,76
"2003-06-01","c_0_37","long",1.883612,2.334768,2.097674,76
"2003-07-01","c_0_37","long",1.913809,2.354854,2.127314,76
"2003-08-01","c_0_37","long",1.935417,2.363533,2.142876,76
"2003-09-01","c_0_37","long",1.861049,2.285483,2.067724,76
"2003-10-01","c_0_37","long",1.879827,2.302066,2.083647,76
"2003-11-01","c_0_37","long",1.845236,2.287791,2.061829,76
"2003-12-01","c_0_37","long",1.835584,2.266127,2.047764,76
"2004-01-01","c_0_37","long",1.955734,2.413252,2.175404,76
"2004-02-01","c_0_37","long",2.025146,2.464399,2.2344,76
"2004-03-01","c_0_37","long",2.015756,2.440271,2.2171,76
"2004-04-01","c_0_37","long",2.193512,2.612016,2.394785,76
"2004-05-01","c_0_37","long",2.251009,2.654895,2.447592,76
"2004-06-01","c_0_37","long",2.364401,2.757935,2.558289,76
"2004-07-01","c_0_37","long",2.294796,2.701536,2.499872,76
"2004-08-01","c_0_37","long",2.237306,2.690994,2.467279,76
"2004-09-01","c_0_37","long",2.225991,2.673873,2.453888,76
"2004-10-01","c_0_37","long",2.238201,2.677995,2.457835,76
"2004-11-01","c_0_37","long",2.300054,2.741676,2.514985,76
"2004-12-01","c_0_37","long",2.304329,2.74421,2.526143,76
"2005-01-01","c_0_37","long",2.371807,2.762459,2.572139,76
"2005-02-01","c_0_37","long",2.365855,2.763327,2.572271,76
"2005-03-01","c_0_37","long",2.370587,2.782624,2.58178,76
"2005-04-01","c_0_37","long",2.28497,2.701913,2.4955,76
"2005-05-01","c_0_37","long",2.26088,2.67775,2.469707,76
"2005-06-01","c_0_37","long",2.200082,2.621707,2.412059,76
"2005-07-01","c_0_37","long",2.258109,2.659845,2.458626,76
"2005-08-01","c_0_37","long",2.274898,2.641031,2.460191,76
"2005-09-01","c_0_37","long",2.389201,2.771421,2.582779,76
"2005-10-01","c_0_37","long",2.440488,2.839572,2.64342,76
"2005-11-01","c_0_37","long",2.474705,2.845776,2.666202,76
"2005-12-01","c_0_37","long",2.426791,2.809978,2.622509,76
"2006-01-01","c_0_37","long",2.368929,2.738578,2.559458,76
"2006-02-01","c_0_37","long",2.309098,2.689438,2.506414,76
"2006-03-01","c_0_37","long",2.354618,2.730619,2.552617,76
"2006-04-01","c_0_37","long",2.423018,2.801428,2.623376,76
"2006-05-01","c_0_37","long",2.535643,2.93214,2.746404,76
"2006-06-01","c_0_37","long",2.689807,3.089922,2.903332,76
"2006-07-01","c_0_37","long",2.661399,3.109543,2.900305,76
"2006-08-01","c_0_37","long",2.748414,3.185196,2.979494,76
"2006-09-01","c_0_37","long",2.678638,3.122759,2.91569,76
"2006-10-01","c_0_37","long",2.615969,3.069201,2.856424,76
"2006-11-01","c_0_37","long",2.461047,2.946959,2.716026,76
"2006-12-01","c_0_37","long",2.594489,3.065116,2.842022,76
"2007-01-01","c_0_37","long",2.636626,3.130962,2.8923,76
"2007-02-01","c_0_37","long",2.746504,3.234317,2.99913,76
"2007-03-01","c_0_37","long",2.676589,3.161011,2.929195,76
"2007-04-01","c_0_37","long",2.59352,3.071467,2.843536,76
"2007-05-01","c_0_37","long",2.441976,2.901072,2.68313,76
"2007-06-01","c_0_37","long",2.347112,2.795581,2.582793,76
"2007-07-01","c_0_37","long",2.332358,2.738277,2.542174,76
"2007-08-01","c_0_37","long",2.265373,2.682221,2.484525,76
"2007-09-01","c_0_37","long",2.361423,2.771728,2.572111,76
"2007-10-01","c_0_37","long",2.455226,2.861119,2.658806,76
"2007-11-01","c_0_37","long",2.671537,3.045472,2.861444,76
"2007-12-01","c_0_37","long",2.661104,3.029119,2.839153,76
"2008-01-01","c_0_37","long",2.579433,2.937725,2.754367,76
"2008-02-01","c_0_37","long",2.493599,2.855067,2.664472,76
"2008-03-01","c_0_37","long",2.539913,2.8968,2.70792,76
"2008-04-01","c_0_37","long",2.541527,2.9225,2.726627,76
"2008-05-01","c_0_37","long",2.58084,2.972364,2.769368,76
"2008-06-01","c_0_37","long",2.630816,3.055141,2.83121,76
"2008-07-01","c_0_37","long",2.722794,3.192176,2.945612,76
"2008-08-01","c_0_37","long",2.690089,3.168029,2.917993,76
"2008-09-01","c_0_37","long",2.577133,3.046891,2.802853,76
"2008-10-01","c_0_37","long",2.350596,2.90328,2.652275,76
"2008-11-01","c_0_37","long",2.158282,2.796127,2.52368,76
"2008-12-01","c_0_37","long",1.965934,2.643941,2.365584,76
"2009-01-01","c_0_37","long",1.960117,2.660907,2.377238,76
"2009-02-01","c_0_37","long",1.932904,2.625599,2.351261,76
"2009-03-01","c_0_37","long",1.793858,2.554966,2.262608,76
"2009-04-01","c_0_37","long",1.743829,2.481714,2.196261,76
"2009-05-01","c_0_37","long",1.680902,2.419615,2.135435,76
"2009-06-01","c_0_37","long",1.554609,2.282162,2.003284,76
"2009-07-01","c_0_37","long",1.275886,1.969235,1.712265,76
"2009-08-01","c_0_37","long",1.277269,2.014087,1.731662,76
"2009-09-01","c_0_37","long",1.152764,1.940467,1.627961,76
"2009-10-01","c_0_37","long",1.277892,2.071196,1.721634,76
"2009-11-01","c_0_37","long",1.260059,1.984145,1.643191,76
"2009-12-01","c_0_37","long",1.300369,1.976363,1.645878,76
"2010-01-01","c_0_37","long",1.158136,1.819746,1.491752,76
"2010-02-01","c_0_37","long",1.059586,1.718523,1.38868,76
"2010-03-01","c_0_37","long",1.056938,1.646662,1.332684,76
"2010-04-01","c_0_37","long",1.003721,1.600704,1.281109,76
"2010-05-01","c_0_37","long",0.932194,1.524923,1.203362,76
"2010-06-01","c_0_37","long",0.841823,1.430566,1.118883,76
"2010-07-01","c_0_37","long",0.910214,1.4844,1.174752,76
"2010-08-01","c_0_37","long",0.910548,1.43107,1.144218,76
"2010-09-01","c_0_37","long",0.965001,1.428997,1.175698,76
"2010-10-01","c_0_37","long",0.850718,1.205058,1.011773,76
"2010-11-01","c_0_37","long",0.88782,1.240628,1.054188,76
"2010-12-01","c_0_37","long",0.926084,1.275737,1.091952,76
"2011-01-01","c_0_37","long",1.043958,1.399682,1.205873,76
"2011-02-01","c_0_37","long",1.206996,1.576679,1.377509,76
"2011-03-01","c_0_37","long",1.344634,1.724605,1.517503,76
"2011-04-01","c_0_37","long",1.482125,1.881487,1.660697,76
"2011-05-01","c_0_37","long",1.624127,2.087942,1.832721,76
"2011-06-01","c_0_37","long",1.68429,2.143406,1.890647,76
"2011-07-01","c_0_37","long",1.762993,2.218186,1.969825,76
"2011-08-01","c_0_37","long",1.847765,2.30598,2.053223,76
"2011-09-01","c_0_37","long",1.896167,2.359564,2.104931,76
"2011-10-01","c_0_37","long",1.927645,2.435409,2.172383,76
"2011-11-01","c_0_37","long",1.977558,2.479736,2.213009,76
"2011-12-01","c_0_37","long",2.051125,2.552683,2.286866,76
"2012-01-01","c_0_37","long",2.092564,2.59194,2.325357,76
"2012-02-01","c_0_37","long",2.014075,2.51667,2.244328,76
"2012-03-01","c_0_37","long",1.977652,2.467917,2.207725,76
"2012-04-01","c_0_37","long",1.924681,2.38586,2.143952,76
"2012-05-01","c_0_37","long",1.863814,2.25397,2.054588,76
"2012-06-01","c_0_37","long",1.841014,2.227627,2.027023,76
"2012-07-01","c_0_37","long",1.805165,2.216491,2.00673,76
"2012-08-01","c_0_37","long",1.743839,2.140798,1.943322,76
"2012-09-01","c_0_37","long",1.736619,2.123785,1.929432,76
"2012-10-01","c_0_37","long",1.766418,2.146301,1.935766,76
"2012-11-01","c_0_37","long",1.678923,2.058123,1.854586,76
"2012-12-01","c_0_37","long",1.59635,1.984156,1.779224,76
"2013-01-01","c_0_37","long",1.56551,1.929978,1.745515,76
"2013-02-01","c_0_37","long",1.583177,1.926556,1.75713,76
"2013-03-01","c_0_37","long",1.500099,1.871802,1.686913,76
"2013-04-01","c_0_37","long",1.324027,1.756109,1.538372,76
"2013-05-01","c_0_37","long",1.275641,1.745277,1.508191,76
"2013-06-01","c_0_37","long",1.376028,1.835874,1.604912,76
"2013-07-01","c_0_37","long",1.404402,1.844499,1.620773,76
"2013-08-01","c_0_37","long",1.383746,1.832604,1.602878,76
"2013-09-01","c_0_37","long",1.344879,1.827658,1.589502,76
"2013-10-01","c_0_37","long",1.378883,1.827938,1.613045,76
"2013-11-01","c_0_37","long",1.467995,1.90421,1.695555,76
"2013-12-01","c_0_37","long",1.497812,1.936366,1.729208,76
"2014-01-01","c_0_37","long",1.452035,1.889313,1.682581,76
"2014-02-01","c_0_37","long",1.384411,1.845927,1.629975,76
"2014-03-01","c_0_37","long",1.420286,1.864775,1.656796,76
"2014-04-01","c_0_37","long",1.599406,1.982926,1.808368,76
"2014-05-01","c_0_37","long",1.674567,2.020096,1.865266,76
"2014-06-01","c_0_37","long",1.6514,1.995287,1.83829,76
"2014-07-01","c_0_37","long",1.661584,2.002664,1.845513,76
"2014-08-01","c_0_37","long",1.599991,1.956316,1.796288,76
"2014-09-01","c_0_37","long",1.629478,1.960518,1.808447,76
"2014-10-01","c_0_37","long",1.500626,1.929078,1.732503,76
"2014-11-01","c_0_37","long",1.447411,1.906838,1.696444,76
"2014-12-01","c_0_37","long",1.446117,1.899822,1.690229,76
"2015-01-01","c_0_37","long",1.283479,1.80198,1.555179,76
"2015-02-01","c_0_37","long",1.357635,1.85935,1.621731,76
"2015-03-01","c_0_37","long",1.364381,1.855248,1.625026,76
"2015-04-01","c_0_37","long",1.388265,1.891672,1.657094,76
"2015-05-01","c_0_37","long",1.348837,1.852309,1.616714,76
"2015-06-01","c_0_37","long",1.360051,1.867136,1.629682,76
"2015-07-01","c_0_37","long",1.362528,1.866827,1.631726,76
"2015-08-01","c_0_37","long",1.383369,1.872681,1.644137,76
"2015-09-01","c_0_37","long",1.395155,1.883313,1.654572,76
"2015-10-01","c_0_37","long",1.401734,1.818795,1.62246,76
"2015-11-01","c_0_37","long",1.379172,1.784401,1.591109,76
"2015-12-01","c_0_37","long",1.324752,1.744882,1.544578,76
"2016-01-01","c_0_37","long",1.468512,1.851584,1.677444,76
"2016-02-01","c_0_37","long",1.459166,1.848612,1.668562,76
"2016-03-01","c_0_37","long",1.490192,1.893726,1.704316,76
"2016-04-01","c_0_37","long",1.51569,1.928673,1.729794,76
"2016-05-01","c_0_37","long",1.592747,2.015675,1.813237,76
"2016-06-01","c_0_37","long",1.543181,1.976026,1.77066,76
"2016-07-01","c_0_37","long",1.521114,1.981918,1.76087,76
"2016-08-01","c_0_37","long",1.557788,2.029838,1.801133,76
"2016-09-01","c_0_37","long",1.603409,2.071006,1.843338,76
"2016-10-01","c_0_37","long",1.718632,2.159355,1.949074,76
"2016-11-01","c_0_37","long",1.696767,2.143143,1.933122,76
"2016-12-01","c_0_37","long",1.762018,2.187258,1.985498,76
"2017-01-01","c_0_37","long",1.835762,2.237831,2.047318,76
"2017-02-01","c_0_37","long",1.813294,2.198885,2.013348,76
"2017-03-01","c_0_37","long",1.766286,2.141464,1.960598,76
"2017-04-01","c_0_37","long",1.677742,2.046667,1.878738,76
"2017-05-01","c_0_37","long",1.59169,1.953747,1.786785,76
"2017-06-01","c_0_37","long",1.607404,1.983333,1.811037,76
"2017-07-01","c_0_37","long",1.581928,1.941242,1.781508,76
"2017-08-01","c_0_37","long",1.602025,1.941267,1.790932,76
"2017-09-01","c_0_37","long",1.544307,1.89868,1.740272,76
"2017-10-01","c_0_37","long",1.547914,1.931562,1.752399,76
"2017-11-01","c_0_37","long",1.57116,1.964728,1.780253,76
"2017-12-01","c_0_37","long",1.606094,2.000529,1.816368,76
"2018-01-01","c_0_37","long",1.668419,2.072422,1.876332,76
"2018-02-01","c_0_37","long",1.697718,2.11138,1.913071,76
"2018-03-01","c_0_37","long",1.705114,2.126651,1.926664,76
"2018-04-01","c_0_37","long",1.708308,2.128327,1.926519,76
"2018-05-01","c_0_37","long",1.755526,2.175488,1.9766,76
"2018-06-01","c_0_37","long",1.794163,2.184929,1.997386,76
"2018-07-01","c_0_37","long",1.821743,2.215055,2.024792,76
"2018-08-01","c_0_37","long",1.814708,2.207763,2.018272,76
"2018-09-01","c_0_37","long",1.847791,2.228196,2.045744,76
"2018-10-01","c_0_37","long",1.843828,2.202609,2.036385,76
"2018-11-01","c_0_37","long",1.912978,2.26322,2.103589,76
"2018-12-01","c_0_37","long",1.908213,2.263538,2.100667,76
"2019-01-01","c_0_37","long",1.772975,2.135011,1.975213,76
"2019-02-01","c_0_37","long",1.799123,2.177489,2.009155,76
"2019-03-01","c_0_37","long",1.845849,2.218749,2.051317,76
"2019-04-01","c_0_37","long",1.929446,2.333366,2.149034,76
"2019-05-01","c_0_37","long",1.853601,2.262875,2.074124,76
"2019-06-01","c_0_37","long",1.796047,2.2236,2.027921,76
"2019-07-01","c_0_37","long",1.844657,2.257558,2.067507,76
"2019-08-01","c_0_37","long",1.845141,2.278032,2.078475,76
"2019-09-01","c_0_37","long",1.752265,2.20908,2.001591,76
"2019-10-01","c_0_37","long",1.800853,2.286533,2.060692,76
"2019-11-01","c_0_37","long",1.765333,2.230527,2.012606,76
"2019-12-01","c_0_37","long",1.754973,2.219825,2.000607,76
"2020-01-01","c_0_37","long",1.834369,2.298404,2.07845,76
"2020-02-01","c_0_37","long",1.82763,2.281903,2.068381,76
"2020-03-01","c_0_37","long",1.758657,2.23812,2.013057,76
"2020-04-01","c_0_37","long",1.665082,2.132584,1.917601,76
"2020-05-01","c_0_37","long",1.75816,2.226015,2.007965,76
"2020-06-01","c_0_37","long",1.802029,2.283987,2.052737,76
"2020-07-01","c_0_37","long",1.84798,2.347195,2.103975,76
"2020-08-01","c_0_37","long",1.888952,2.406248,2.152872,76
"2020-09-01","c_0_37","long",1.907642,2.418693,2.162823,76
"2020-10-01","c_0_37","long",1.831838,2.314699,2.076405,76
"2020-11-01","c_0_37","long",1.781983,2.277662,2.026931,76
"2020-12-01","c_0_37","long",1.769762,2.297335,2.029751,76
"2021-01-01","c_0_37","long",1.722604,2.289454,1.991074,76
"2021-02-01","c_0_37","long",1.789013,2.38444,2.065892,76
"2021-03-01","c_0_37","long",1.878891,2.480854,2.14875,76
"2021-04-01","c_0_37","long",2.003931,2.620567,2.265649,76
"2021-05-01","c_0_37","long",2.051308,2.73306,2.335926,76
"2021-06-01","c_0_37","long",2.105299,2.814257,2.403203,76
"2021-07-01","c_0_37","long",2.166745,2.918952,2.484244,76
"2021-08-01","c_0_37","long",2.227127,3.008007,2.55718,76
"2021-09-01","c_0_37","long",2.470196,3.245121,2.795286,76
"2021-10-01","c_0_37","long",2.757994,3.613639,3.109504,76
"2021-11-01","c_0_37","long",2.998033,3.912389,3.37268,76
"2021-12-01","c_0_37","long",3.256355,4.179932,3.630098,76
"2022-01-01","c_0_37","long",3.679579,4.578398,4.049991,76
"2022-02-01","c_0_37","long",3.840913,4.774685,4.212625,76
"2022-03-01","c_0_37","long",3.934968,4.919024,4.321118,76
"2022-04-01","c_0_37","long",3.960471,4.933895,4.34854,76
"2022-05-01","c_0_37","long",4.173877,5.104882,4.545735,76
"2022-06-01","c_0_37","long",4.601702,5.521818,4.970416,76
"2022-07-01","c_0_37","long",4.67163,5.566525,5.034881,76
"2022-08-01","c_0_37","long",4.897826,5.742607,5.239188,76
"2022-09-01","c_0_37","long",4.901174,5.761993,5.254877,76
"2022-10-01","c_0_37","long",4.913178,5.703739,5.243382,76
"2022-11-01","c_0_37","long",4.877154,5.617364,5.193808,76
"2022-12-01","c_0_37","long",4.81545,5.540652,5.133575,76
"2023-01-01","c_0_37","long",4.625564,5.344931,4.939354,76
"2023-02-01","c_0_37","long",4.59924,5.255594,4.901312,76
"2023-03-01","c_0_37","long",4.64866,5.218325,4.92884,76
"2023-04-01","c_0_37","long",4.719986,5.286646,5.004941,76
"2023-05-01","c_0_37","long",4.572279,5.141687,4.874156,76
"2023-06-01","c_0_37","long",4.153645,4.69262,4.443304,76
"2023-07-01","c_0_37","long",4.023571,4.552274,4.308231,76
"2023-08-01","c_0_37","long",3.747231,4.274231,4.032731,76
"2023-09-01","c_0_37","long",3.64326,4.163545,3.928193,76
"2023-10-01","c_0_37","long",3.473567,3.981787,3.750977,76
"2023-11-01","c_0_37","long",3.3806,3.890071,3.657495,76
"2023-12-01","c_0_37","long",3.217712,3.711401,3.48702,76
"2024-01-01","c_0_37","long",3.266413,3.740593,3.53098,76
"2024-02-01","c_0_37","long",3.12462,3.591539,3.382493,76
"2024-03-01","c_0_37","long",3.054498,3.52952,3.318514,76
"2024-04-01","c_0_37","long",2.909652,3.389811,3.175394,76
"2024-05-01","c_0_37","long",2.773454,3.295317,3.055353,76
"2024-06-01","c_0_37","long",2.721252,3.259556,3.014525,76
"2024-07-01","c_0_37","long",2.662837,3.182385,2.945274,76
"2024-08-01","c_0_37","long",2.64631,3.16744,2.928207,76
"2024-09-01","c_0_37","long",2.650593,3.175105,2.934012,76
"2024-10-01","c_0_37","long",2.650456,3.176241,2.938344,76
"2024-11-01","c_0_37","long",2.634373,3.165012,2.92257,76
"2024-12-01","c_0_37","long",2.693731,3.24386,2.990257,76
"2025-01-01","c_0_37","long",2.467927,3.05126,2.766139,76
"2025-02-01","c_0_37","long",2.482491,3.066988,2.784418,76
"2025-03-01","c_0_37","long",2.466931,3.056588,2.767315,76
"2025-04-01","c_0_37","long",2.552611,3.108923,2.83291,76
"2025-05-01","c_0_37","long",2.592837,3.076432,2.835174,76
"2025-06-01","c_0_37","long",2.719147,3.182377,2.950428,76
"2025-07-01","c_0_37","long",2.708653,3.171756,2.940555,76
"2025-08-01","c_0_37","long",2.754252,3.223824,2.987196,76
"2025-09-01","c_0_37","long",2.681515,3.161971,2.909854,76
"2025-10-01","c_0_37","long",2.560915,3.052623,2.78441,76
"2025-11-01","c_0_37","long",2.523246,2.998018,2.738089,76
"2025-12-01","c_0_37","long",2.511563,2.978036,2.719687,76
"2026-01-01","c_0_37","long",2.492208,2.979841,2.709277,76
"2026-02-01","c_0_37","long",2.419367,2.945084,2.645829,76
"2026-03-01","c_0_37","long",2.420499,2.93733,2.642271,76
"2026-04-01","c_0_37","long",2.389133,2.911828,2.615667,76
"2026-05-01","c_0_37","long",2.425467,2.957085,2.652719,76
"2026-06-01","c_0_37","long",2.286858,2.839326,2.518349,76
"2026-07-01","c_0_37","long",2.256601,2.832899,2.497622,76
"2026-08-01","c_0_37","long",2.210887,2.785796,2.451755,76
"1960-01-01","c_0_37","80s",0.538503,2.272016,1.424539,422
"1960-02-01","c_0_37","80s",0.534065,2.277192,1.430573,422
"1960-03-01","c_0_37","80s",0.534065,2.255714,1.406525,422
"1960-04-01","c_0_37","80s",0.454523,2.224539,1.35378,422
"1960-05-01","c_0_37","80s",0.44731,2.178002,1.314062,422
"1960-06-01","c_0_37","80s",0.274879,1.971216,1.114343,422
"1960-07-01","c_0_37","80s",0.398176,1.997958,1.162695,422
"1960-08-01","c_0_37","80s",0.401631,1.96138,1.132897,422
"1960-09-01","c_0_37","80s",0.275503,1.863034,1.016439,422
"1960-10-01","c_0_37","80s",0.272727,1.797382,0.926394,422
"1960-11-01","c_0_37","80s",0.287503,1.869132,1.017697,422
"1960-12-01","c_0_37","80s",0.287241,1.849548,0.986333,422
"1961-01-01","c_0_37","80s",0.287389,1.822924,0.966229,422
"1961-02-01","c_0_37","80s",0.287389,1.762614,0.936408,422
"1961-03-01","c_0_37","80s",0.267977,1.673298,0.906198,422
"1961-04-01","c_0_37","80s",0.134413,1.509681,0.756192,422
"1961-05-01","c_0_37","80s",0.134413,1.47266,0.72662,422
"1961-06-01","c_0_37","80s",0.134413,1.494485,0.738591,422
"1961-07-01","c_0_37","80s",0.015863,1.444439,0.662778,422
"1961-08-01","c_0_37","80s",0.012421,1.34868,0.623963,422
"1961-09-01","c_0_37","80s",0.015364,1.377924,0.630606,422
"1961-10-01","c_0_37","80s",0.015058,1.308866,0.597671,422
"1961-11-01","c_0_37","80s",0.001123,1.222581,0.50055,422
"1961-12-01","c_0_37","80s",-0.002152,1.138577,0.445841,422
"1962-01-01","c_0_37","80s",0.180841,1.374218,0.667459,422
"1962-02-01","c_0_37","80s",0.193654,1.466876,0.746239,422
"1962-03-01","c_0_37","80s",0.297617,1.663797,0.908863,422
"1962-04-01","c_0_37","80s",0.283995,1.592563,0.862104,422
"1962-05-01","c_0_37","80s",0.283995,1.617194,0.895445,422
"1962-06-01","c_0_37","80s",0.283995,1.640892,0.915781,422
"1962-07-01","c_0_37","80s",0.27667,1.562226,0.841252,422
"1962-08-01","c_0_37","80s",0.281766,1.633443,0.897895,422
"1962-09-01","c_0_37","80s",0.278951,1.804685,0.941826,422
"1962-10-01","c_0_37","80s",0.23227,1.771956,0.929376,422
"1962-11-01","c_0_37","80s",0.231468,1.771276,0.922178,422
"1962-12-01","c_0_37","80s",0.19419,1.724745,0.904617,422
"1963-01-01","c_0_37","80s",0.067273,1.678803,0.842961,422
"1963-02-01","c_0_37","80s",0.058119,1.602358,0.780064,422
"1963-03-01","c_0_37","80s",-0.02899,1.425343,0.62178,422
"1963-04-01","c_0_37","80s",-0.022154,1.451279,0.626539,422
"1963-05-01","c_0_37","80s",0.098488,1.608184,0.765471,422
"1963-06-01","c_0_37","80s",0.098488,1.627196,0.767279,422
"1963-07-01","c_0_37","80s",0.098488,1.672326,0.790838,422
"1963-08-01","c_0_37","80s",0.093402,1.686403,0.759678,422
"1963-09-01","c_0_37","80s",0.092341,1.454775,0.676561,422
"1963-10-01","c_0_37","80s",0.282577,1.667537,0.871048,422
"1963-11-01","c_0_37","80s",0.282577,1.693411,0.879113,422
"1963-12-01","c_0_37","80s",0.322372,1.807841,0.931787,422
"1964-01-01","c_0_37","80s",0.285216,1.739317,0.874018,422
"1964-02-01","c_0_37","80s",0.28661,1.77782,0.910818,422
"1964-03-01","c_0_37","80s",0.275494,1.775878,0.912969,422
"1964-04-01","c_0_37","80s",0.276701,1.789219,0.917936,422
"1964-05-01","c_0_37","80s",0.155844,1.594005,0.744227,422
"1964-06-01","c_0_37","80s",0.155844,1.509514,0.694141,422
"1964-07-01","c_0_37","80s",0.155844,1.454012,0.655292,422
"1964-08-01","c_0_37","80s",0.155844,1.427688,0.671363,422
"1964-09-01","c_0_37","80s",0.155844,1.412771,0.654662,422
"1964-10-01","c_0_37","80s",0.012711,1.274651,0.494494,422
"1964-11-01","c_0_37","80s",0.015474,1.289356,0.522228,422
"1964-12-01","c_0_37","80s",0.012997,1.273964,0.525674,422
"1965-01-01","c_0_37","80s",0.048742,1.282324,0.547561,422
"1965-02-01","c_0_37","80s",0.044392,1.208396,0.487962,422
"1965-03-01","c_0_37","80s",0.05823,1.291237,0.520613,422
"1965-04-01","c_0_37","80s",0.076011,1.379756,0.625289,422
"1965-05-01","c_0_37","80s",0.084449,1.457082,0.701992,422
"1965-06-01","c_0_37","80s",0.093108,1.577375,0.804156,422
"1965-07-01","c_0_37","80s",0.093108,1.628889,0.852446,422
"1965-08-01","c_0_37","80s",0.103401,1.668535,0.892827,422
"1965-09-01","c_0_37","80s",0.104778,1.758539,0.988871,422
"1965-10-01","c_0_37","80s",0.106667,1.812921,1.054057,422
"1965-11-01","c_0_37","80s",0.23277,1.875291,1.155019,422
"1965-12-01","c_0_37","80s",0.414324,2.07146,1.33349,422
"1966-01-01","c_0_37","80s",0.504851,2.157253,1.401079,422
"1966-02-01","c_0_37","80s",0.694268,2.375752,1.608269,422
"1966-03-01","c_0_37","80s",0.698012,2.457754,1.685275,422
"1966-04-01","c_0_37","80s",0.964706,2.66679,1.889173,422
"1966-05-01","c_0_37","80s",0.963939,2.711083,1.909748,422
"1966-06-01","c_0_37","80s",1.081013,2.782495,1.978444,422
"1966-07-01","c_0_37","80s",1.252896,2.917984,2.130889,422
"1966-08-01","c_0_37","80s",1.33777,2.97991,2.197237,422
"1966-09-01","c_0_37","80s",1.624784,3.182641,2.418968,422
"1966-10-01","c_0_37","80s",1.912719,3.389961,2.654333,422
"1966-11-01","c_0_37","80s",1.904565,3.398363,2.64917,422
"1966-12-01","c_0_37","80s",1.863539,3.336261,2.610963,422
"1967-01-01","c_0_37","80s",1.876531,3.361562,2.619939,422
"1967-02-01","c_0_37","80s",1.890577,3.372723,2.64228,422
"1967-03-01","c_0_37","80s",1.887667,3.297173,2.589944,422
"1967-04-01","c_0_37","80s",1.73268,3.126445,2.437567,422
"1967-05-01","c_0_37","80s",1.851937,3.139239,2.482013,422
"1967-06-01","c_0_37","80s",1.963449,3.208624,2.575745,422
"1967-07-01","c_0_37","80s",2.023456,3.256636,2.630278,422
"1967-08-01","c_0_37","80s",2.118456,3.306482,2.695673,422
"1967-09-01","c_0_37","80s",2.160658,3.294649,2.707489,422
"1967-10-01","c_0_37","80s",2.153365,3.278779,2.691546,422
"1967-11-01","c_0_37","80s",2.274258,3.394081,2.806938,422
"1967-12-01","c_0_37","80s",2.354064,3.449786,2.880919,422
"1968-01-01","c_0_37","80s",2.533487,3.536013,3.035492,422
"1968-02-01","c_0_37","80s",2.634423,3.616632,3.137724,422
"1968-03-01","c_0_37","80s",2.849441,3.81339,3.33835,422
"1968-04-01","c_0_37","80s",3.007924,3.956104,3.486399,422
"1968-05-01","c_0_37","80s",3.23811,4.148974,3.70278,422
"1968-06-01","c_0_37","80s",3.305975,4.21621,3.776982,422
"1968-07-01","c_0_37","80s",3.304633,4.18885,3.76764,422
"1968-08-01","c_0_37","80s",3.480317,4.365858,3.946317,422
"1968-09-01","c_0_37","80s",3.508824,4.408021,3.9791,422
"1968-10-01","c_0_37","80s",3.601033,4.48738,4.053766,422
"1968-11-01","c_0_37","80s",3.698677,4.582395,4.151186,422
"1968-12-01","c_0_37","80s",3.755869,4.648194,4.225097,422
"1969-01-01","c_0_37","80s",3.754254,4.664201,4.231571,422
"1969-02-01","c_0_37","80s",3.662301,4.561413,4.126147,422
"1969-03-01","c_0_37","80s",3.813915,4.688158,4.261526,422
"1969-04-01","c_0_37","80s",3.90176,4.788802,4.347545,422
"1969-05-01","c_0_37","80s",3.874321,4.808815,4.343933,422
"1969-06-01","c_0_37","80s",3.918903,4.821138,4.36852,422
"1969-07-01","c_0_37","80s",4.136038,5.044512,4.586545,422
"1969-08-01","c_0_37","80s",4.030972,4.948279,4.486939,422
"1969-09-01","c_0_37","80s",4.033396,5.000688,4.5113,422
"1969-10-01","c_0_37","80s",4.01606,4.99346,4.504117,422
"1969-11-01","c_0_37","80s",4.041526,4.988979,4.517033,422
"1969-12-01","c_0_37","80s",4.126333,5.053815,4.578361,422
"1970-01-01","c_0_37","80s",4.120624,5.036081,4.564922,422
"1970-02-01","c_0_37","80s",4.260878,5.167552,4.692495,422
"1970-03-01","c_0_37","80s",4.237015,5.153931,4.688876,422
"1970-04-01","c_0_37","80s",4.221338,5.168988,4.695154,422
"1970-05-01","c_0_37","80s",4.178378,5.109616,4.644205,422
"1970-06-01","c_0_37","80s",4.122026,5.067771,4.60357,422
"1970-07-01","c_0_37","80s",4.029989,4.955531,4.500736,422
"1970-08-01","c_0_37","80s",4.066154,4.972865,4.525885,422
"1970-09-01","c_0_37","80s",4.058054,4.970639,4.531339,422
"1970-10-01","c_0_37","80s",4.077573,5.094654,4.595131,422
"1970-11-01","c_0_37","80s",4.057974,5.097184,4.578327,422
"1970-12-01","c_0_37","80s",4.160294,5.219445,4.695858,422
"1971-01-01","c_0_37","80s",4.131261,5.207543,4.673086,422
"1971-02-01","c_0_37","80s",4.005184,5.095488,4.562166,422
"1971-03-01","c_0_37","80s",3.887017,4.969259,4.437409,422
"1971-04-01","c_0_37","80s",3.843945,4.871089,4.360332,422
"1971-05-01","c_0_37","80s",3.912611,4.954255,4.44316,422
"1971-06-01","c_0_37","80s",3.963213,5.03157,4.502696,422
"1971-07-01","c_0_37","80s",3.880901,4.961346,4.429477,422
"1971-08-01","c_0_37","80s",3.886766,4.954546,4.434942,422
"1971-09-01","c_0_37","80s",3.776284,4.811972,4.306528,422
"1971-10-01","c_0_37","80s",3.449827,4.448843,3.9787,422
"1971-11-01","c_0_37","80s",3.275495,4.254161,3.803306,422
"1971-12-01","c_0_37","80s",3.073111,4.017769,3.572473,422
"1972-01-01","c_0_37","80s",3.041775,3.982961,3.52955,422
"1972-02-01","c_0_37","80s",3.055259,3.973383,3.534955,422
"1972-03-01","c_0_37","80s",3.046102,3.948276,3.52276,422
"1972-04-01","c_0_37","80s",2.84355,3.776376,3.335346,422
"1972-05-01","c_0_37","80s",2.657559,3.564937,3.122982,422
"1972-06-01","c_0_37","80s",2.469983,3.359925,2.91636,422
"1972-07-01","c_0_37","80s",2.462675,3.375896,2.901603,422
"1972-08-01","c_0_37","80s",2.404804,3.325923,2.845084,422
"1972-09-01","c_0_37","80s",2.458865,3.380521,2.883845,422
"1972-10-01","c_0_37","80s",2.584132,3.451387,2.974013,422
"1972-11-01","c_0_37","80s",2.695969,3.559423,3.080888,422
"1972-12-01","c_0_37","80s",2.710592,3.581734,3.101446,422
"1973-01-01","c_0_37","80s",2.653774,3.550998,3.075721,422
"1973-02-01","c_0_37","80s",2.737535,3.685596,3.176085,422
"1973-03-01","c_0_37","80s",2.847532,3.904736,3.332686,422
"1973-04-01","c_0_37","80s",3.264848,4.344629,3.7584,422
"1973-05-01","c_0_37","80s",3.447881,4.619907,3.989619,422
"1973-06-01","c_0_37","80s",3.629102,4.849863,4.203542,422
"1973-07-01","c_0_37","80s",3.577091,4.800034,4.167515,422
"1973-08-01","c_0_37","80s",3.740184,5.078512,4.362719,422
"1973-09-01","c_0_37","80s",3.752231,5.210892,4.409656,422
"1973-10-01","c_0_37","80s",3.896227,5.612077,4.652075,422
"1973-11-01","c_0_37","80s",4.009173,5.964812,4.824781,422
"1973-12-01","c_0_37","80s",4.243299,6.246723,5.088931,422
"1974-01-01","c_0_37","80s",4.530246,6.633675,5.402949,422
"1974-02-01","c_0_37","80s",4.824868,7.169534,5.753123,422
"1974-03-01","c_0_37","80s",5.212256,7.637316,6.134343,422
"1974-04-01","c_0_37","80s",5.283561,7.784442,6.239672,422
"1974-05-01","c_0_37","80s",5.80319,8.331893,6.782057,422
"1974-06-01","c_0_37","80s",6.156292,8.839741,7.218646,422
"1974-07-01","c_0_37","80s",6.598162,9.413652,7.719674,422
"1974-08-01","c_0_37","80s",7.128266,9.969957,8.276334,422
"1974-09-01","c_0_37","80s",7.59345,10.461668,8.786517,422
"1974-10-01","c_0_37","80s",8.008853,10.701458,9.149944,422
"1974-11-01","c_0_37","80s",8.21591,10.731037,9.33169,422
"1974-12-01","c_0_37","80s",8.315713,10.873266,9.459871,422
"1975-01-01","c_0_37","80s",8.4763,10.956036,9.600532,422
"1975-02-01","c_0_37","80s",8.411781,10.616896,9.468588,422
"1975-03-01","c_0_37","80s",7.993455,10.034056,9.009897,422
"1975-04-01","c_0_37","80s",7.808093,9.808821,8.809189,422
"1975-05-01","c_0_37","80s",7.253387,9.204996,8.217213,422
"1975-06-01","c_0_37","80s",6.972386,8.793483,7.844845,422
"1975-07-01","c_0_37","80s",6.847851,8.580297,7.669459,422
"1975-08-01","c_0_37","80s",6.281942,7.923327,7.08404,422
"1975-09-01","c_0_37","80s",6.075352,7.571943,6.806199,422
"1975-10-01","c_0_37","80s",5.996413,7.452449,6.698133,422
"1975-11-01","c_0_37","80s",5.885671,7.329328,6.573107,422
"1975-12-01","c_0_37","80s",5.769767,7.132323,6.410563,422
"1976-01-01","c_0_37","80s",5.510475,6.874049,6.143852,422
"1976-02-01","c_0_37","80s",5.271673,6.784861,6.006333,422
"1976-03-01","c_0_37","80s",5.222145,6.790501,6.007772,422
"1976-04-01","c_0_37","80s",5.082768,6.582802,5.84559,422
"1976-05-01","c_0_37","80s",5.250309,6.706169,5.998072,422
"1976-06-01","c_0_37","80s",5.271105,6.675397,6.002622,422
"1976-07-01","c_0_37","80s",5.168926,6.546731,5.898508,422
"1976-08-01","c_0_37","80s",5.300936,6.693087,6.020737,422
"1976-09-01","c_0_37","80s",5.230257,6.613207,5.953597,422
"1976-10-01","c_0_37","80s",5.061107,6.462243,5.810338,422
"1976-11-01","c_0_37","80s",5.037103,6.404613,5.787385,422
"1976-12-01","c_0_37","80s",4.973038,6.353713,5.721945,422
"1977-01-01","c_0_37","80s",5.147265,6.52871,5.902014,422
"1977-02-01","c_0_37","80s",5.477032,6.775066,6.159818,422
"1977-03-01","c_0_37","80s",5.784815,7.060565,6.437055,422
"1977-04-01","c_0_37","80s",5.925679,7.263458,6.593513,422
"1977-05-01","c_0_37","80s",5.93353,7.238409,6.581175,422
"1977-06-01","c_0_37","80s",6.01998,7.354406,6.679361,422
"1977-07-01","c_0_37","80s",6.066733,7.362366,6.707568,422
"1977-08-01","c_0_37","80s",6.051749,7.354818,6.690918,422
"1977-09-01","c_0_37","80s",5.994842,7.317375,6.63853,422
"1977-10-01","c_0_37","80s",5.922378,7.195303,6.531166,422
"1977-11-01","c_0_37","80s",6.044642,7.364646,6.651649,422
"1977-12-01","c_0_37","80s",6.091345,7.431282,6.698797,422
"1978-01-01","c_0_37","80s",5.926807,7.248815,6.527948,422
"1978-02-01","c_0_37","80s",5.744376,7.045544,6.324733,422
"1978-03-01","c_0_37","80s",5.679659,6.96975,6.24726,422
"1978-04-01","c_0_37","80s",5.811641,7.088845,6.370378,422
"1978-05-01","c_0_37","80s",5.984127,7.280004,6.556997,422
"1978-06-01","c_0_37","80s",5.936779,7.25277,6.538442,422
"1978-07-01","c_0_37","80s",5.988529,7.35806,6.623461,422
"1978-08-01","c_0_37","80s",6.018465,7.403755,6.670576,422
"1978-09-01","c_0_37","80s",6.184887,7.602497,6.859999,422
"1978-10-01","c_0_37","80s",6.487424,7.924782,7.171682,422
"1978-11-01","c_0_37","80s",6.575253,7.967145,7.244133,422
"1978-12-01","c_0_37","80s",6.606392,7.988108,7.289512,422
"1979-01-01","c_0_37","80s",6.872325,8.302621,7.583074,422
"1979-02-01","c_0_37","80s",7.066669,8.50571,7.80329,422
"1979-03-01","c_0_37","80s",7.131314,8.54995,7.861507,422
"1979-04-01","c_0_37","80s",7.084986,8.552964,7.847302,422
"1979-05-01","c_0_37","80s",7.221425,8.758907,8.004762,422
"1979-06-01","c_0_37","80s",7.35625,8.813338,8.090036,422
"1979-07-01","c_0_37","80s",7.485056,8.905106,8.192413,422
"1979-08-01","c_0_37","80s",7.715303,9.115562,8.410564,422
"1979-09-01","c_0_37","80s",7.793479,9.235743,8.516159,422
"1979-10-01","c_0_37","80s",7.925278,9.432822,8.686666,422
"1979-11-01","c_0_37","80s",7.882173,9.438309,8.672789,422
"1979-12-01","c_0_37","80s",8.026506,9.676808,8.839263,422
"1980-01-01","c_0_37","80s",8.192856,9.869782,9.00182,422
"1980-02-01","c_0_37","80s",8.33726,10.225313,9.220531,422
"1980-03-01","c_0_37","80s",8.577895,10.527098,9.448206,422
"1980-04-01","c_0_37","80s",8.605235,10.503309,9.464024,422
"1980-05-01","c_0_37","80s",8.53192,10.418877,9.402042,422
"1980-06-01","c_0_37","80s",8.680958,10.631875,9.583909,422
"1980-07-01","c_0_37","80s",8.579782,10.57999,9.494394,422
"1980-08-01","c_0_37","80s",8.561336,10.534105,9.43884,422
"1980-09-01","c_0_37","80s",8.700467,10.607407,9.527808,422
"1980-10-01","c_0_37","80s",8.615484,10.43202,9.392535,422
"1980-11-01","c_0_37","80s",8.704955,10.504082,9.474319,422
"1980-12-01","c_0_37","80s",8.732237,10.459992,9.475379,422
"1981-01-01","c_0_37","80s",8.647289,10.38218,9.376246,422
"1981-02-01","c_0_37","80s",8.61732,10.172111,9.276771,422
"1981-03-01","c_0_37","80s",8.417899,9.932448,9.105016,422
"1981-04-01","c_0_37","80s",8.398826,9.933943,9.129286,422
"1981-05-01","c_0_37","80s",8.183662,9.769024,8.941553,422
"1981-06-01","c_0_37","80s",7.924948,9.462139,8.662249,422
"1981-07-01","c_0_37","80s",7.94212,9.492616,8.693387,422
"1981-08-01","c_0_37","80s",7.803392,9.43346,8.610012,422
"1981-09-01","c_0_37","80s",7.583631,9.249649,8.408043,422
"1981-10-01","c_0_37","80s",7.349314,9.023149,8.16999,422
"1981-11-01","c_0_37","80s",7.131641,8.783642,7.946074,422
"1981-12-01","c_0_37","80s",6.818962,8.48602,7.657986,422
"1982-01-01","c_0_37","80s",6.527546,8.142861,7.354106,422
"1982-02-01","c_0_37","80s",6.115057,7.691225,6.924643,422
"1982-03-01","c_0_37","80s",5.934581,7.509932,6.735433,422
"1982-04-01","c_0_37","80s",5.671361,7.200441,6.399669,422
"1982-05-01","c_0_37","80s",5.630824,7.057204,6.29979,422
"1982-06-01","c_0_37","80s",5.577714,7.030174,6.244586,422
"1982-07-01","c_0_37","80s",5.635911,7.069096,6.294296,422
"1982-08-01","c_0_37","80s",5.402125,6.761056,6.028418,422
"1982-09-01","c_0_37","80s",5.052855,6.440206,5.691742,422
"1982-10-01","c_0_37","80s",5.000562,6.444215,5.67585,422
"1982-11-01","c_0_37","80s",4.748296,6.219321,5.42849,422
"1982-12-01","c_0_37","80s",4.546723,6.052811,5.268748,422
"1983-01-01","c_0_37","80s",4.52965,6.015128,5.26114,422
"1983-02-01","c_0_37","80s",4.500489,5.932767,5.200577,422
"1983-03-01","c_0_37","80s",4.263212,5.659072,4.955511,422
"1983-04-01","c_0_37","80s",4.435056,5.845471,5.139382,422
"1983-05-01","c_0_37","80s",4.188946,5.627653,4.892279,422
"1983-06-01","c_0_37","80s",4.020569,5.399923,4.707981,422
"1983-07-01","c_0_37","80s",3.738859,5.098514,4.40903,422
"1983-08-01","c_0_37","80s",3.654614,5.013402,4.317703,422
"1983-09-01","c_0_37","80s",3.700768,5.031147,4.379224,422
"1983-10-01","c_0_37","80s",3.474895,4.748925,4.117906,422
"1983-11-01","c_0_37","80s",3.568714,4.809324,4.197608,422
"1983-12-01","c_0_37","80s",3.610962,4.779496,4.17414,422
"1984-01-01","c_0_37","80s",3.547699,4.69643,4.10488,422
"1984-02-01","c_0_37","80s",3.568019,4.719995,4.146895,422
"1984-03-01","c_0_37","80s",3.71321,4.902651,4.314918,422
"1984-04-01","c_0_37","80s",3.655219,4.80625,4.24743,422
"1984-05-01","c_0_37","80s",3.616455,4.719179,4.197125,422
"1984-06-01","c_0_37","80s",3.594921,4.806516,4.247073,422
"1984-07-01","c_0_37","80s",3.635017,4.862406,4.32118,422
"1984-08-01","c_0_37","80s",3.689937,4.868424,4.354084,422
"1984-09-01","c_0_37","80s",3.704406,4.87984,4.339774,422
"1984-10-01","c_0_37","80s",3.769951,4.91201,4.388919,422
"1984-11-01","c_0_37","80s",3.604855,4.772264,4.238505,422
"1984-12-01","c_0_37","80s",3.694505,4.936661,4.363643,422
"1985-01-01","c_0_37","80s",3.60493,4.81052,4.244385,422
"1985-02-01","c_0_37","80s",3.720763,4.957268,4.362429,422
"1985-03-01","c_0_37","80s",3.728017,4.93121,4.345276,422
"1985-04-01","c_0_37","80s",3.568179,4.77092,4.185212,422
"1985-05-01","c_0_37","80s",3.666672,4.897505,4.301083,422
"1985-06-01","c_0_37","80s",3.748773,4.898406,4.3322,422
"1985-07-01","c_0_37","80s",3.547557,4.675605,4.112722,422
"1985-08-01","c_0_37","80s",3.524708,4.691451,4.119101,422
"1985-09-01","c_0_37","80s",3.458827,4.617547,4.07332,422
"1985-10-01","c_0_37","80s",3.415261,4.580202,4.033397,422
"1985-11-01","c_0_37","80s",3.502781,4.725547,4.158005,422
"1985-12-01","c_0_37","80s",3.551813,4.713399,4.175322,422
"1986-01-01","c_0_37","80s",3.647693,4.84272,4.296664,422
"1986-02-01","c_0_37","80s",3.366542,4.59204,4.058954,422
"1986-03-01","c_0_37","80s",3.222167,4.475149,3.929156,422
"1986-04-01","c_0_37","80s",3.216107,4.60532,4.004761,422
"1986-05-01","c_0_37","80s",3.119495,4.48923,3.895333,422
"1986-06-01","c_0_37","80s",3.131637,4.495076,3.895189,422
"1986-07-01","c_0_37","80s",3.158835,4.555377,3.939744,422
"1986-08-01","c_0_37","80s",3.115623,4.464095,3.868442,422
"1986-09-01","c_0_37","80s",3.194972,4.488852,3.903397,422
"1986-10-01","c_0_37","80s",3.219655,4.617631,3.98852,422
"1986-11-01","c_0_37","80s",3.226179,4.52401,3.933953,422
"1986-12-01","c_0_37","80s",3.154474,4.413587,3.837704,422
"1987-01-01","c_0_37","80s",3.170884,4.477732,3.843335,422
"1987-02-01","c_0_37","80s",3.256622,4.537857,3.882258,422
"1987-03-01","c_0_37","80s",3.41067,4.655277,4.021541,422
"1987-04-01","c_0_37","80s",3.613977,4.821682,4.185506,422
"1987-05-01","c_0_37","80s",3.697248,4.915798,4.269287,422
"1987-06-01","c_0_37","80s",3.614204,4.878187,4.206174,422
"1987-07-01","c_0_37","80s",3.640121,4.874058,4.208959,422
"1987-08-01","c_0_37","80s",3.762286,5.058218,4.348567,422
"1987-09-01","c_0_37","80s",3.730998,5.025563,4.316899,422
"1987-10-01","c_0_37","80s",3.788074,4.985017,4.314531,422
"1987-11-01","c_0_37","80s",3.771115,4.999056,4.312085,422
"1987-12-01","c_0_37","80s",3.692986,4.956845,4.267257,422
"1988-01-01","c_0_37","80s",3.686018,4.89755,4.274541,422
"1988-02-01","c_0_37","80s",3.667996,4.864894,4.261794,422
"1988-03-01","c_0_37","80s",3.663138,4.864827,4.251111,422
"1988-04-01","c_0_37","80s",3.60344,4.745327,4.157737,422
"1988-05-01","c_0_37","80s",3.585068,4.719218,4.134317,422
"1988-06-01","c_0_37","80s",3.705539,4.782319,4.2291,422
"1988-07-01","c_0_37","80s",3.850152,4.986581,4.414714,422
"1988-08-01","c_0_37","80s",3.808304,4.903178,4.365023,422
"1988-09-01","c_0_37","80s",3.936845,5.072532,4.504187,422
"1988-10-01","c_0_37","80s",3.870945,5.068594,4.46523,422
"1988-11-01","c_0_37","80s",3.907461,5.085169,4.49827,422
"1988-12-01","c_0_37","80s",3.995394,5.14537,4.556066,422
"1989-01-01","c_0_37","80s",4.044526,5.21942,4.61608,422
"1989-02-01","c_0_37","80s",4.107815,5.335586,4.688457,422
"1989-03-01","c_0_37","80s",4.087042,5.299003,4.657435,422
"1989-04-01","c_0_37","80s",4.097293,5.295991,4.657112,422
"1989-05-01","c_0_37","80s",4.175218,5.367722,4.739677,422
"1989-06-01","c_0_37","80s",4.066461,5.28417,4.642853,422
"1989-07-01","c_0_37","80s",4.019877,5.153241,4.556901,422
"1989-08-01","c_0_37","80s",3.897543,5.124534,4.504984,422
"1989-09-01","c_0_37","80s",3.799741,5.000545,4.393205,422
"1989-10-01","c_0_37","80s",3.959206,5.116491,4.533864,422
"1989-11-01","c_0_37","80s",3.957185,5.116776,4.525297,422
"1989-12-01","c_0_37","80s",3.997723,5.164758,4.587298,422
"1990-01-01","c_0_37","80s",3.896832,5.08301,4.474669,422
"1990-02-01","c_0_37","80s",3.901884,5.040776,4.468568,422
"1990-03-01","c_0_37","80s",4.075809,5.252002,4.66371,422
"1990-04-01","c_0_37","80s",4.055315,5.188668,4.625282,422
"1990-05-01","c_0_37","80s",3.987342,5.146173,4.572447,422
"1990-06-01","c_0_37","80s",4.150407,5.338188,4.754509,422
"1990-07-01","c_0_37","80s",4.185183,5.401416,4.784966,422
"1990-08-01","c_0_37","80s",4.386062,5.513643,4.918516,422
"1990-09-01","c_0_37","80s",4.35421,5.516628,4.924195,422
"1990-10-01","c_0_37","80s",4.237679,5.399542,4.812557,422
"1990-11-01","c_0_37","80s",4.130902,5.295887,4.717263,422
"1990-12-01","c_0_37","80s",4.107677,5.261221,4.666234,422
"1991-01-01","c_0_37","80s",4.056645,5.258674,4.627551,422
"1991-02-01","c_0_37","80s",3.915126,5.165069,4.501146,422
"1991-03-01","c_0_37","80s",3.584135,4.813554,4.15609,422
"1991-04-01","c_0_37","80s",3.502706,4.734606,4.070498,422
"1991-05-01","c_0_37","80s",3.566692,4.773328,4.118325,422
"1991-06-01","c_0_37","80s",3.318436,4.515039,3.851573,422
"1991-07-01","c_0_37","80s",3.163905,4.390196,3.723078,422
"1991-08-01","c_0_37","80s",2.93368,4.236829,3.535507,422
"1991-09-01","c_0_37","80s",2.904189,4.198086,3.489516,422
"1991-10-01","c_0_37","80s",2.823901,4.105531,3.40662,422
"1991-11-01","c_0_37","80s",2.945468,4.230173,3.515972,422
"1991-12-01","c_0_37","80s",2.921247,4.28071,3.557523,422
"1992-01-01","c_0_37","80s",2.833825,4.110494,3.45029,422
"1992-02-01","c_0_37","80s",2.900497,4.14067,3.490954,422
"1992-03-01","c_0_37","80s",2.997589,4.267995,3.606117,422
"1992-04-01","c_0_37","80s",2.907672,4.200779,3.538572,422
"1992-05-01","c_0_37","80s",2.753452,4.128271,3.424456,422
"1992-06-01","c_0_37","80s",2.708686,4.139374,3.417707,422
"1992-07-01","c_0_37","80s",2.683093,4.124126,3.404001,422
"1992-08-01","c_0_37","80s",2.686505,4.054704,3.354754,422
"1992-09-01","c_0_37","80s",2.566756,3.916937,3.229293,422
"1992-10-01","c_0_37","80s",2.623735,3.975922,3.287377,422
"1992-11-01","c_0_37","80s",2.591086,3.918353,3.257633,422
"1992-12-01","c_0_37","80s",2.541312,3.777966,3.141019,422
"1993-01-01","c_0_37","80s",2.554135,3.762487,3.143027,422
"1993-02-01","c_0_37","80s",2.537548,3.68543,3.113353,422
"1993-03-01","c_0_37","80s",2.470593,3.558701,3.02505,422
"1993-04-01","c_0_37","80s",2.573689,3.613439,3.10785,422
"1993-05-01","c_0_37","80s",2.658294,3.617714,3.144595,422
"1993-06-01","c_0_37","80s",2.661646,3.52292,3.103681,422
"1993-07-01","c_0_37","80s",2.65064,3.454795,3.059785,422
"1993-08-01","c_0_37","80s",2.611928,3.380187,3.016775,422
"1993-09-01","c_0_37","80s",2.605425,3.36308,2.99448,422
"1993-10-01","c_0_37","80s",2.530828,3.278064,2.906014,422
"1993-11-01","c_0_37","80s",2.461208,3.192459,2.81826,422
"1993-12-01","c_0_37","80s",2.347296,3.174976,2.773059,422
"1994-01-01","c_0_37","80s",2.26187,3.144673,2.742454,422
"1994-02-01","c_0_37","80s",2.234943,3.157798,2.746007,422
"1994-03-01","c_0_37","80s",2.275262,3.201244,2.786861,422
"1994-04-01","c_0_37","80s",2.17051,3.103013,2.68547,422
"1994-05-01","c_0_37","80s",2.109339,3.081519,2.655663,422
"1994-06-01","c_0_37","80s",2.124309,3.138958,2.695693,422
"1994-07-01","c_0_37","80s",2.156235,3.186719,2.72185,422
"1994-08-01","c_0_37","80s",2.14923,3.192228,2.71517,422
"1994-09-01","c_0_37","80s",2.137924,3.181021,2.721734,422
"1994-10-01","c_0_37","80s",2.090323,3.130723,2.686751,422
"1994-11-01","c_0_37","80s",2.095741,3.146931,2.709389,422
"1994-12-01","c_0_37","80s",2.089062,3.077776,2.669839,422
"1995-01-01","c_0_37","80s",2.242264,3.192561,2.768709,422
"1995-02-01","c_0_37","80s",2.188593,3.099391,2.68243,422
"1995-03-01","c_0_37","80s",2.135936,3.078065,2.65412,422
"1995-04-01","c_0_37","80s",2.181634,3.113719,2.694068,422
"1995-05-01","c_0_37","80s",2.139973,3.027915,2.63262,422
"1995-06-01","c_0_37","80s",2.109931,2.966683,2.580477,422
"1995-07-01","c_0_37","80s",2.050424,2.884148,2.527106,422
"1995-08-01","c_0_37","80s",2.09486,2.919108,2.57205,422
"1995-09-01","c_0_37","80s",2.090085,2.95554,2.594145,422
"1995-10-01","c_0_37","80s",2.188207,3.058439,2.683299,422
"1995-11-01","c_0_37","80s",2.115483,3.04195,2.649835,422
"1995-12-01","c_0_37","80s",2.182522,3.075569,2.690109,422
"1996-01-01","c_0_37","80s",2.103298,2.962035,2.592815,422
"1996-02-01","c_0_37","80s",2.117807,2.989223,2.5991,422
"1996-03-01","c_0_37","80s",2.132969,2.963956,2.578823,422
"1996-04-01","c_0_37","80s",2.095115,2.94239,2.538396,422
"1996-05-01","c_0_37","80s",2.138054,2.9913,2.580002,422
"1996-06-01","c_0_37","80s",2.139522,3.018041,2.611058,422
"1996-07-01","c_0_37","80s",2.182547,3.065104,2.656513,422
"1996-08-01","c_0_37","80s",2.150448,3.054143,2.651037,422
"1996-09-01","c_0_37","80s",2.238398,3.099138,2.692613,422
"1996-10-01","c_0_37","80s",2.212218,3.061787,2.66441,422
"1996-11-01","c_0_37","80s",2.294069,3.084118,2.700872,422
"1996-12-01","c_0_37","80s",2.271245,3.052077,2.676661,422
"1997-01-01","c_0_37","80s",2.209724,3.030008,2.652852,422
"1997-02-01","c_0_37","80s",2.20931,3.009998,2.65618,422
"1997-03-01","c_0_37","80s",2.177035,2.985091,2.638127,422
"1997-04-01","c_0_37","80s",2.160169,2.985509,2.643219,422
"1997-05-01","c_0_37","80s",2.064706,2.909853,2.570385,422
"1997-06-01","c_0_37","80s",2.047127,2.906793,2.563789,422
"1997-07-01","c_0_37","80s",1.907919,2.871739,2.488851,422
"1997-08-01","c_0_37","80s",1.850688,2.824868,2.42926,422
"1997-09-01","c_0_37","80s",1.833074,2.785335,2.41131,422
"1997-10-01","c_0_37","80s",1.605889,2.659855,2.236627,422
"1997-11-01","c_0_37","80s",1.483571,2.597049,2.164057,422
"1997-12-01","c_0_37","80s",1.39613,2.609524,2.137144,422
"1998-01-01","c_0_37","80s",1.351343,2.575487,2.098516,422
"1998-02-01","c_0_37","80s",1.239827,2.564159,2.064641,422
"1998-03-01","c_0_37","80s",1.223439,2.627665,2.102697,422
"1998-04-01","c_0_37","80s",1.216752,2.620818,2.090439,422
"1998-05-01","c_0_37","80s",1.245347,2.696069,2.150084,422
"1998-06-01","c_0_37","80s",1.227015,2.648865,2.096743,422
"1998-07-01","c_0_37","80s",1.337394,2.662066,2.12862,422
"1998-08-01","c_0_37","80s",1.422199,2.742519,2.208386,422
"1998-09-01","c_0_37","80s",1.308121,2.773407,2.192986,422
"1998-10-01","c_0_37","80s",1.440635,2.84126,2.2989,422
"1998-11-01","c_0_37","80s",1.455267,2.839916,2.31083,422
"1998-12-01","c_0_37","80s",1.469003,2.831413,2.327374,422
"1999-01-01","c_0_37","80s",1.510148,2.847961,2.352757,422
"1999-02-01","c_0_37","80s",1.485921,2.797197,2.309012,422
"1999-03-01","c_0_37","80s",1.430182,2.689216,2.217716,422
"1999-04-01","c_0_37","80s",1.491471,2.751323,2.269176,422
"1999-05-01","c_0_37","80s",1.485327,2.682156,2.229831,422
"1999-06-01","c_0_37","80s",1.484578,2.669865,2.234609,422
"1999-07-01","c_0_37","80s",1.529833,2.67327,2.261885,422
"1999-08-01","c_0_37","80s",1.475053,2.611697,2.196492,422
"1999-09-01","c_0_37","80s",1.605167,2.605956,2.217154,422
"1999-10-01","c_0_37","80s",1.607266,2.560958,2.187824,422
"1999-11-01","c_0_37","80s",1.649135,2.611694,2.222653,422
"1999-12-01","c_0_37","80s",1.742409,2.621669,2.237767,422
"2000-01-01","c_0_37","80s",1.864669,2.752292,2.352326,422
"2000-02-01","c_0_37","80s",2.011297,2.83608,2.45786,422
"2000-03-01","c_0_37","80s",2.13364,2.939919,2.555678,422
"2000-04-01","c_0_37","80s",2.001367,2.85669,2.496389,422
"2000-05-01","c_0_37","80s",2.027841,2.897951,2.52454,422
"2000-06-01","c_0_37","80s",2.100251,2.995037,2.589257,422
"2000-07-01","c_0_37","80s",2.13715,3.085787,2.645422,422
"2000-08-01","c_0_37","80s",2.152329,3.095337,2.658187,422
"2000-09-01","c_0_37","80s",2.192936,3.125994,2.711549,422
"2000-10-01","c_0_37","80s",2.17744,3.168372,2.745063,422
"2000-11-01","c_0_37","80s",2.201846,3.164219,2.75458,422
"2000-12-01","c_0_37","80s",2.198165,3.203024,2.797991,422
"2001-01-01","c_0_37","80s",2.232958,3.272046,2.828811,422
"2001-02-01","c_0_37","80s",2.284919,3.339887,2.885464,422
"2001-03-01","c_0_37","80s",2.242207,3.359745,2.883492,422
"2001-04-01","c_0_37","80s",2.356098,3.489047,2.988867,422
"2001-05-01","c_0_37","80s",2.36288,3.511063,2.998775,422
"2001-06-01","c_0_37","80s",2.414271,3.568993,3.074486,422
"2001-07-01","c_0_37","80s",2.353124,3.525034,3.039166,422
"2001-08-01","c_0_37","80s",2.356869,3.658543,3.133526,422
"2001-09-01","c_0_37","80s",2.283585,3.680377,3.102932,422
"2001-10-01","c_0_37","80s",2.289535,3.71371,3.117418,422
"2001-11-01","c_0_37","80s",2.295817,3.724378,3.113921,422
"2001-12-01","c_0_37","80s",2.215123,3.687693,3.053281,422
"2002-01-01","c_0_37","80s",2.00873,3.524986,2.905066,422
"2002-02-01","c_0_37","80s",1.950535,3.502982,2.874976,422
"2002-03-01","c_0_37","80s",1.980384,3.521188,2.901133,422
"2002-04-01","c_0_37","80s",1.983484,3.44945,2.844603,422
"2002-05-01","c_0_37","80s",1.971251,3.3896,2.801047,422
"2002-06-01","c_0_37","80s",1.886372,3.310465,2.71608,422
"2002-07-01","c_0_37","80s",1.920559,3.293433,2.711681,422
"2002-08-01","c_0_37","80s",1.938764,3.167467,2.621444,422
"2002-09-01","c_0_37","80s",2.006902,3.143668,2.645497,422
"2002-10-01","c_0_37","80s",2.03185,3.104587,2.638361,422
"2002-11-01","c_0_37","80s",2.032014,3.07548,2.624939,422
"2002-12-01","c_0_37","80s",2.097973,3.106891,2.666421,422
"2003-01-01","c_0_37","80s",2.124685,3.12209,2.688135,422
"2003-02-01","c_0_37","80s",2.093675,3.067694,2.626645,422
"2003-03-01","c_0_37","80s",2.088541,3.017827,2.585026,422
"2003-04-01","c_0_37","80s",1.94387,2.906124,2.46116,422
"2003-05-01","c_0_37","80s",1.925771,2.92555,2.458428,422
"2003-06-01","c_0_37","80s",1.884519,2.844854,2.386235,422
"2003-07-01","c_0_37","80s",1.907151,2.860646,2.404836,422
"2003-08-01","c_0_37","80s",1.922803,2.865487,2.417379,422
"2003-09-01","c_0_37","80s",1.848141,2.801797,2.34531,422
"2003-10-01","c_0_37","80s",1.878177,2.834136,2.373982,422
"2003-11-01","c_0_37","80s",1.826207,2.825695,2.359306,422
"2003-12-01","c_0_37","80s",1.764851,2.780032,2.297422,422
"2004-01-01","c_0_37","80s",1.824931,2.875846,2.351104,422
"2004-02-01","c_0_37","80s",1.882638,2.918951,2.402882,422
"2004-03-01","c_0_37","80s",1.865204,2.882093,2.388698,422
"2004-04-01","c_0_37","80s",2.080991,3.04933,2.586648,422
"2004-05-01","c_0_37","80s",2.151136,3.071988,2.638129,422
"2004-06-01","c_0_37","80s",2.265901,3.170203,2.738196,422
"2004-07-01","c_0_37","80s",2.187254,3.129593,2.699633,422
"2004-08-01","c_0_37","80s",2.125373,3.125737,2.701151,422
"2004-09-01","c_0_37","80s",2.094743,3.099138,2.67586,422
"2004-10-01","c_0_37","80s",2.064184,3.081388,2.646989,422
"2004-11-01","c_0_37","80s",2.081535,3.138966,2.664747,422
"2004-12-01","c_0_37","80s",2.117579,3.134647,2.693077,422
"2005-01-01","c_0_37","80s",2.217976,3.14736,2.754872,422
"2005-02-01","c_0_37","80s",2.245241,3.15855,2.781953,422
"2005-03-01","c_0_37","80s",2.24173,3.182791,2.772754,422
"2005-04-01","c_0_37","80s",2.12363,3.112692,2.667803,422
"2005-05-01","c_0_37","80s",2.105789,3.093705,2.649984,422
"2005-06-01","c_0_37","80s",2.01822,3.043793,2.595016,422
"2005-07-01","c_0_37","80s",2.08793,3.065703,2.630129,422
"2005-08-01","c_0_37","80s",2.109887,3.046598,2.609284,422
"2005-09-01","c_0_37","80s",2.196011,3.176792,2.722665,422
"2005-10-01","c_0_37","80s",2.266879,3.248416,2.784171,422
"2005-11-01","c_0_37","80s",2.359347,3.252109,2.830276,422
"2005-12-01","c_0_37","80s",2.312174,3.234562,2.801016,422
"2006-01-01","c_0_37","80s",2.285408,3.165571,2.766816,422
"2006-02-01","c_0_37","80s",2.204743,3.183066,2.727748,422
"2006-03-01","c_0_37","80s",2.263043,3.239288,2.800127,422
"2006-04-01","c_0_37","80s",2.37385,3.350095,2.905478,422
"2006-05-01","c_0_37","80s",2.483525,3.503445,3.043462,422
"2006-06-01","c_0_37","80s",2.66872,3.659457,3.210891,422
"2006-07-01","c_0_37","80s",2.63088,3.696078,3.229781,422
"2006-08-01","c_0_37","80s",2.716336,3.800317,3.316389,422
"2006-09-01","c_0_37","80s",2.686447,3.760762,3.285291,422
"2006-10-01","c_0_37","80s",2.636612,3.766745,3.273963,422
"2006-11-01","c_0_37","80s",2.472761,3.684419,3.161759,422
"2006-12-01","c_0_37","80s",2.609514,3.7922,3.281765,422
"2007-01-01","c_0_37","80s",2.640554,3.873042,3.314499,422
"2007-02-01","c_0_37","80s",2.766639,3.901267,3.393158,422
"2007-03-01","c_0_37","80s",2.702444,3.827899,3.320859,422
"2007-04-01","c_0_37","80s",2.600256,3.688674,3.204485,422
"2007-05-01","c_0_37","80s",2.452001,3.514689,3.029658,422
"2007-06-01","c_0_37","80s",2.33679,3.401538,2.919881,422
"2007-07-01","c_0_37","80s",2.328103,3.324983,2.85126,422
"2007-08-01","c_0_37","80s",2.253398,3.231833,2.781852,422
"2007-09-01","c_0_37","80s",2.335436,3.304665,2.836037,422
"2007-10-01","c_0_37","80s",2.415046,3.346421,2.87449,422
"2007-11-01","c_0_37","80s",2.639626,3.489229,3.049664,422
"2007-12-01","c_0_37","80s",2.647191,3.484628,3.02833,422
"2008-01-01","c_0_37","80s",2.566707,3.365596,2.946579,422
"2008-02-01","c_0_37","80s",2.465641,3.289342,2.847088,422
"2008-03-01","c_0_37","80s",2.508155,3.324036,2.883189,422
"2008-04-01","c_0_37","80s",2.52114,3.348831,2.919827,422
"2008-05-01","c_0_37","80s",2.502074,3.389863,2.945367,422
"2008-06-01","c_0_37","80s",2.5348,3.490308,3.001314,422
"2008-07-01","c_0_37","80s",2.599955,3.652413,3.103488,422
"2008-08-01","c_0_37","80s",2.5806,3.639894,3.072053,422
"2008-09-01","c_0_37","80s",2.484445,3.523196,2.987107,422
"2008-10-01","c_0_37","80s",2.235064,3.382449,2.859445,422
"2008-11-01","c_0_37","80s",1.979741,3.29972,2.754714,422
"2008-12-01","c_0_37","80s",1.749394,3.142081,2.59441,422
"2009-01-01","c_0_37","80s",1.735186,3.153323,2.613939,422
"2009-02-01","c_0_37","80s",1.710029,3.114727,2.59527,422
"2009-03-01","c_0_37","80s",1.54123,3.030577,2.51703,422
"2009-04-01","c_0_37","80s",1.494923,2.955465,2.43745,422
"2009-05-01","c_0_37","80s",1.4873,2.883361,2.391892,422
"2009-06-01","c_0_37","80s",1.403024,2.732374,2.265862,422
"2009-07-01","c_0_37","80s",1.153445,2.397353,1.988228,422
"2009-08-01","c_0_37","80s",1.110751,2.439719,1.976756,422
"2009-09-01","c_0_37","80s",0.97909,2.358895,1.84735,422
"2009-10-01","c_0_37","80s",1.140713,2.494707,1.931723,422
"2009-11-01","c_0_37","80s",1.186416,2.416717,1.850425,422
"2009-12-01","c_0_37","80s",1.231031,2.39442,1.833484,422
"2010-01-01","c_0_37","80s",1.094488,2.244869,1.664326,422
"2010-02-01","c_0_37","80s",0.970634,2.135382,1.546432,422
"2010-03-01","c_0_37","80s",0.979069,2.10533,1.481019,422
"2010-04-01","c_0_37","80s",0.918381,2.063573,1.428881,422
"2010-05-01","c_0_37","80s",0.849802,1.988767,1.341224,422
"2010-06-01","c_0_37","80s",0.749151,1.89328,1.260364,422
"2010-07-01","c_0_37","80s",0.791462,1.943758,1.302725,422
"2010-08-01","c_0_37","80s",0.838071,1.890586,1.31324,422
"2010-09-01","c_0_37","80s",0.905134,1.874644,1.350768,422
"2010-10-01","c_0_37","80s",0.781446,1.648621,1.171755,422
"2010-11-01","c_0_37","80s",0.793648,1.641257,1.167614,422
"2010-12-01","c_0_37","80s",0.842876,1.67819,1.20124,422
"2011-01-01","c_0_37","80s",0.907556,1.834835,1.304601,422
"2011-02-01","c_0_37","80s",1.038729,2.015221,1.468252,422
"2011-03-01","c_0_37","80s",1.170266,2.145881,1.605177,422
"2011-04-01","c_0_37","80s",1.298082,2.314543,1.736856,422
"2011-05-01","c_0_37","80s",1.417337,2.531001,1.896214,422
"2011-06-01","c_0_37","80s",1.484665,2.587674,1.960227,422
"2011-07-01","c_0_37","80s",1.59059,2.661639,2.054902,422
"2011-08-01","c_0_37","80s",1.656652,2.745497,2.1193,422
"2011-09-01","c_0_37","80s",1.681733,2.814694,2.168848,422
"2011-10-01","c_0_37","80s",1.699495,2.865782,2.256073,422
"2011-11-01","c_0_37","80s",1.742446,2.922372,2.301136,422
"2011-12-01","c_0_37","80s",1.828532,2.992245,2.3865,422
"2012-01-01","c_0_37","80s",1.898159,3.015151,2.430106,422
"2012-02-01","c_0_37","80s",1.881261,2.957282,2.359433,422
"2012-03-01","c_0_37","80s",1.873119,2.877243,2.320431,422
"2012-04-01","c_0_37","80s",1.838291,2.800969,2.277428,422
"2012-05-01","c_0_37","80s",1.784809,2.651861,2.198677,422
"2012-06-01","c_0_37","80s",1.760916,2.629073,2.167818,422
"2012-07-01","c_0_37","80s",1.733143,2.627442,2.159048,422
"2012-08-01","c_0_37","80s",1.683029,2.550122,2.112552,422
"2012-09-01","c_0_37","80s",1.696305,2.515535,2.100876,422
"2012-10-01","c_0_37","80s",1.750856,2.573209,2.095376,422
"2012-11-01","c_0_37","80s",1.68955,2.486547,2.037666,422
"2012-12-01","c_0_37","80s",1.618783,2.425743,1.977615,422
"2013-01-01","c_0_37","80s",1.599855,2.349768,1.936376,422
"2013-02-01","c_0_37","80s",1.623022,2.340129,1.969379,422
"2013-03-01","c_0_37","80s",1.517977,2.291208,1.916643,422
"2013-04-01","c_0_37","80s",1.339361,2.253586,1.829372,422
"2013-05-01","c_0_37","80s",1.29863,2.265645,1.833731,422
"2013-06-01","c_0_37","80s",1.402674,2.344212,1.925048,422
"2013-07-01","c_0_37","80s",1.417903,2.339075,1.93083,422
"2013-08-01","c_0_37","80s",1.395767,2.352485,1.916249,422
"2013-09-01","c_0_37","80s",1.344963,2.354225,1.914893,422
"2013-10-01","c_0_37","80s",1.375516,2.321502,1.945245,422
"2013-11-01","c_0_37","80s",1.468155,2.389441,2.023197,422
"2013-12-01","c_0_37","80s",1.480887,2.426176,2.047883,422
"2014-01-01","c_0_37","80s",1.459709,2.395195,2.029587,422
"2014-02-01","c_0_37","80s",1.386933,2.340992,1.975891,422
"2014-03-01","c_0_37","80s",1.427295,2.373096,1.997446,422
"2014-04-01","c_0_37","80s",1.61024,2.400648,2.089766,422
"2014-05-01","c_0_37","80s",1.697062,2.419119,2.120231,422
"2014-06-01","c_0_37","80s",1.671368,2.396491,2.095593,422
"2014-07-01","c_0_37","80s",1.690773,2.446325,2.12021,422
"2014-08-01","c_0_37","80s",1.619675,2.426825,2.08724,422
"2014-09-01","c_0_37","80s",1.657204,2.440456,2.099633,422
"2014-10-01","c_0_37","80s",1.519287,2.449056,2.074532,422
"2014-11-01","c_0_37","80s",1.460168,2.468976,2.066498,422
"2014-12-01","c_0_37","80s",1.468141,2.451225,2.059552,422
"2015-01-01","c_0_37","80s",1.280084,2.41985,1.980888,422
"2015-02-01","c_0_37","80s",1.34652,2.485638,2.043678,422
"2015-03-01","c_0_37","80s",1.364027,2.471762,2.033516,422
"2015-04-01","c_0_37","80s",1.370948,2.528453,2.077964,422
"2015-05-01","c_0_37","80s",1.321883,2.534211,2.053452,422
"2015-06-01","c_0_37","80s",1.304878,2.551901,2.057542,422
"2015-07-01","c_0_37","80s",1.29523,2.532787,2.047678,422
"2015-08-01","c_0_37","80s",1.317051,2.503159,2.043687,422
"2015-09-01","c_0_37","80s",1.324157,2.527891,2.051561,422
"2015-10-01","c_0_37","80s",1.331199,2.447975,1.987936,422
"2015-11-01","c_0_37","80s",1.310555,2.381815,1.939573,422
"2015-12-01","c_0_37","80s",1.236678,2.343414,1.899226,422
"2016-01-01","c_0_37","80s",1.397563,2.448384,2.008368,422
"2016-02-01","c_0_37","80s",1.403805,2.445876,2.007436,422
"2016-03-01","c_0_37","80s",1.441554,2.502478,2.060226,422
"2016-04-01","c_0_37","80s",1.485488,2.520163,2.075098,422
"2016-05-01","c_0_37","80s",1.573007,2.576603,2.154601,422
"2016-06-01","c_0_37","80s",1.545406,2.553694,2.128074,422
"2016-07-01","c_0_37","80s",1.530105,2.576537,2.143057,422
"2016-08-01","c_0_37","80s",1.572356,2.626622,2.194164,422
"2016-09-01","c_0_37","80s",1.595513,2.641281,2.218024,422
"2016-10-01","c_0_37","80s",1.721041,2.706528,2.297574,422
"2016-11-01","c_0_37","80s",1.693752,2.690678,2.276185,422
"2016-12-01","c_0_37","80s",1.771922,2.737486,2.323522,422
"2017-01-01","c_0_37","80s",1.853472,2.725495,2.353305,422
"2017-02-01","c_0_37","80s",1.833139,2.694176,2.316861,422
"2017-03-01","c_0_37","80s",1.773393,2.644888,2.263207,422
"2017-04-01","c_0_37","80s",1.677101,2.545727,2.17376,422
"2017-05-01","c_0_37","80s",1.592622,2.464624,2.078914,422
"2017-06-01","c_0_37","80s",1.615794,2.519586,2.114524,422
"2017-07-01","c_0_37","80s",1.586618,2.469731,2.062244,422
"2017-08-01","c_0_37","80s",1.588592,2.456569,2.047033,422
"2017-09-01","c_0_37","80s",1.552584,2.438404,2.01604,422
"2017-10-01","c_0_37","80s",1.564703,2.482973,2.041497,422
"2017-11-01","c_0_37","80s",1.581813,2.519898,2.075917,422
"2017-12-01","c_0_37","80s",1.62759,2.563579,2.11529,422
"2018-01-01","c_0_37","80s",1.682257,2.63727,2.162046,422
"2018-02-01","c_0_37","80s",1.713141,2.668304,2.197718,422
"2018-03-01","c_0_37","80s",1.734029,2.671052,2.206577,422
"2018-04-01","c_0_37","80s",1.743012,2.668103,2.205195,422
"2018-05-01","c_0_37","80s",1.774656,2.686882,2.244592,422
"2018-06-01","c_0_37","80s",1.815258,2.668351,2.247743,422
"2018-07-01","c_0_37","80s",1.840333,2.68286,2.277154,422
"2018-08-01","c_0_37","80s",1.844119,2.690526,2.284418,422
"2018-09-01","c_0_37","80s",1.891545,2.693133,2.306503,422
"2018-10-01","c_0_37","80s",1.887532,2.663396,2.296972,422
"2018-11-01","c_0_37","80s",1.963344,2.730917,2.360689,422
"2018-12-01","c_0_37","80s",1.952381,2.74453,2.360847,422
"2019-01-01","c_0_37","80s",1.807504,2.638845,2.265873,422
"2019-02-01","c_0_37","80s",1.832658,2.678484,2.306789,422
"2019-03-01","c_0_37","80s",1.877444,2.727599,2.349005,422
"2019-04-01","c_0_37","80s",1.946175,2.884579,2.487786,422
"2019-05-01","c_0_37","80s",1.883763,2.87817,2.44243,422
"2019-06-01","c_0_37","80s",1.818607,2.862174,2.409925,422
"2019-07-01","c_0_37","80s",1.873488,2.910422,2.451265,422
"2019-08-01","c_0_37","80s",1.876904,2.917215,2.466241,422
"2019-09-01","c_0_37","80s",1.764602,2.879789,2.412021,422
"2019-10-01","c_0_37","80s",1.790967,2.95838,2.438569,422
"2019-11-01","c_0_37","80s",1.759593,2.887163,2.380386,422
"2019-12-01","c_0_37","80s",1.746306,2.900408,2.389743,422
"2020-01-01","c_0_37","80s",1.843111,2.991934,2.467808,422
"2020-02-01","c_0_37","80s",1.831885,2.975294,2.451563,422
"2020-03-01","c_0_37","80s",1.766827,2.927179,2.405887,422
"2020-04-01","c_0_37","80s",1.664353,2.798428,2.288971,422
"2020-05-01","c_0_37","80s",1.754869,2.844765,2.364794,422
"2020-06-01","c_0_37","80s",1.771185,2.880401,2.382794,422
"2020-07-01","c_0_37","80s",1.806822,2.954735,2.416919,422
"2020-08-01","c_0_37","80s",1.839686,3.012816,2.43476,422
"2020-09-01","c_0_37","80s",1.850254,3.015737,2.40403,422
"2020-10-01","c_0_37","80s",1.78604,2.908502,2.352259,422
"2020-11-01","c_0_37","80s",1.693662,2.876889,2.283954,422
"2020-12-01","c_0_37","80s",1.680852,2.864227,2.239713,422
"2021-01-01","c_0_37","80s",1.613631,2.837529,2.169331,422
"2021-02-01","c_0_37","80s",1.67641,2.946183,2.22841,422
"2021-03-01","c_0_37","80s",1.758388,3.055748,2.292296,422
"2021-04-01","c_0_37","80s",1.888325,3.211052,2.374027,422
"2021-05-01","c_0_37","80s",1.930391,3.339234,2.428925,422
"2021-06-01","c_0_37","80s",2.021926,3.445611,2.528978,422
"2021-07-01","c_0_37","80s",2.084143,3.533797,2.606057,422
"2021-08-01","c_0_37","80s",2.162022,3.635198,2.691445,422
"2021-09-01","c_0_37","80s",2.427485,3.863551,2.948268,422
"2021-10-01","c_0_37","80s",2.72603,4.2642,3.259738,422
"2021-11-01","c_0_37","80s",3.014841,4.582369,3.551667,422
"2021-12-01","c_0_37","80s",3.271634,4.857985,3.816562,422
"2022-01-01","c_0_37","80s",3.662522,5.263277,4.247535,422
"2022-02-01","c_0_37","80s",3.836547,5.483932,4.434601,422
"2022-03-01","c_0_37","80s",3.875856,5.642956,4.546385,422
"2022-04-01","c_0_37","80s",3.930483,5.77531,4.669711,422
"2022-05-01","c_0_37","80s",4.158476,5.990097,4.902132,422
"2022-06-01","c_0_37","80s",4.598162,6.409719,5.346324,422
"2022-07-01","c_0_37","80s",4.636649,6.511524,5.451961,422
"2022-08-01","c_0_37","80s",4.875076,6.783974,5.699355,422
"2022-09-01","c_0_37","80s",4.852643,6.828282,5.720068,422
"2022-10-01","c_0_37","80s",4.868844,6.832552,5.7431,422
"2022-11-01","c_0_37","80s",4.783065,6.770974,5.69276,422
"2022-12-01","c_0_37","80s",4.736231,6.684979,5.654055,422
"2023-01-01","c_0_37","80s",4.607623,6.601378,5.516875,422
"2023-02-01","c_0_37","80s",4.512814,6.494174,5.456605,422
"2023-03-01","c_0_37","80s",4.605824,6.45505,5.500413,422
"2023-04-01","c_0_37","80s",4.644348,6.414764,5.519342,422
"2023-05-01","c_0_37","80s",4.472993,6.268502,5.377925,422
"2023-06-01","c_0_37","80s",4.033637,5.819036,4.919426,422
"2023-07-01","c_0_37","80s",3.937322,5.621753,4.764648,422
"2023-08-01","c_0_37","80s",3.649782,5.296573,4.482498,422
"2023-09-01","c_0_37","80s",3.584298,5.201204,4.398857,422
"2023-10-01","c_0_37","80s",3.397303,4.969199,4.192864,422
"2023-11-01","c_0_37","80s",3.327431,4.908193,4.132916,422
"2023-12-01","c_0_37","80s",3.128258,4.72195,3.947559,422
"2024-01-01","c_0_37","80s",3.173355,4.61916,3.950924,422
"2024-02-01","c_0_37","80s",3.048878,4.460812,3.80169,422
"2024-03-01","c_0_37","80s",2.995235,4.380464,3.731146,422
"2024-04-01","c_0_37","80s",2.871354,4.22759,3.595437,422
"2024-05-01","c_0_37","80s",2.733021,4.114495,3.503116,422
"2024-06-01","c_0_37","80s",2.676635,4.06223,3.464631,422
"2024-07-01","c_0_37","80s",2.61429,3.975669,3.385708,422
"2024-08-01","c_0_37","80s",2.599485,3.952542,3.366296,422
"2024-09-01","c_0_37","80s",2.59512,3.915632,3.359622,422
"2024-10-01","c_0_37","80s",2.603676,3.879034,3.354223,422
"2024-11-01","c_0_37","80s",2.607426,3.810803,3.324496,422
"2024-12-01","c_0_37","80s",2.6855,3.888937,3.416448,422
"2025-01-01","c_0_37","80s",2.45743,3.695465,3.186155,422
"2025-02-01","c_0_37","80s",2.515586,3.701745,3.216729,422
"2025-03-01","c_0_37","80s",2.470773,3.68209,3.202468,422
"2025-04-01","c_0_37","80s",2.561223,3.711399,3.247059,422
"2025-05-01","c_0_37","80s",2.622228,3.638064,3.208151,422
"2025-06-01","c_0_37","80s",2.761694,3.724078,3.308658,422
"2025-07-01","c_0_37","80s",2.769192,3.748414,3.311105,422
"2025-08-01","c_0_37","80s",2.80832,3.788249,3.362743,422
"2025-09-01","c_0_37","80s",2.708246,3.714874,3.249343,422
"2025-10-01","c_0_37","80s",2.580222,3.606547,3.116209,422
"2025-11-01","c_0_37","80s",2.545571,3.521545,3.03798,422
"2025-12-01","c_0_37","80s",2.554001,3.504457,3.011585,422
"2026-01-01","c_0_37","80s",2.525484,3.528319,2.977404,422
"2026-02-01","c_0_37","80s",2.458275,3.511481,2.915291,422
"2026-03-01","c_0_37","80s",2.487717,3.50165,2.897444,422
"2026-04-01","c_0_37","80s",2.417863,3.497318,2.86135,422
"2026-05-01","c_0_37","80s",2.456323,3.546819,2.902438,422
"2026-06-01","c_0_37","80s",2.317517,3.434758,2.7791,422
"2026-07-01","c_0_37","80s",2.274851,3.436317,2.773739,422
"2026-08-01","c_0_37","80s",2.235807,3.353967,2.691927,422
"1960-01-01","c_0_37","00s",0.572965,1.640794,1.17265,112
"1960-02-01","c_0_37","00s",0.571425,1.645228,1.180295,112
"1960-03-01","c_0_37","00s",0.569222,1.61623,1.152344,112
"1960-04-01","c_0_37","00s",0.50041,1.596696,1.110539,112
"1960-05-01","c_0_37","00s",0.475395,1.556459,1.069846,112
"1960-06-01","c_0_37","00s",0.339658,1.383895,0.905084,112
"1960-07-01","c_0_37","00s",0.374359,1.411214,0.936139,112
"1960-08-01","c_0_37","00s",0.361102,1.383698,0.91083,112
"1960-09-01","c_0_37","00s",0.277193,1.280437,0.814015,112
"1960-10-01","c_0_37","00s",0.222678,1.208856,0.734952,112
"1960-11-01","c_0_37","00s",0.283534,1.279513,0.810672,112
"1960-12-01","c_0_37","00s",0.265579,1.244716,0.779074,112
"1961-01-01","c_0_37","00s",0.277302,1.235177,0.779088,112
"1961-02-01","c_0_37","00s",0.275568,1.188314,0.744323,112
"1961-03-01","c_0_37","00s",0.235859,1.124613,0.699804,112
"1961-04-01","c_0_37","00s",0.134332,0.998616,0.585087,112
"1961-05-01","c_0_37","00s",0.133271,0.962214,0.558787,112
"1961-06-01","c_0_37","00s",0.141271,0.98747,0.574861,112
"1961-07-01","c_0_37","00s",0.086876,0.937728,0.522873,112
"1961-08-01","c_0_37","00s",0.082503,0.862211,0.478348,112
"1961-09-01","c_0_37","00s",0.077375,0.894138,0.498341,112
"1961-10-01","c_0_37","00s",0.056006,0.829822,0.456091,112
"1961-11-01","c_0_37","00s",-0.004102,0.745962,0.373268,112
"1961-12-01","c_0_37","00s",-0.031514,0.667021,0.313465,112
"1962-01-01","c_0_37","00s",0.128281,0.863083,0.499404,112
"1962-02-01","c_0_37","00s",0.164864,0.96024,0.578703,112
"1962-03-01","c_0_37","00s",0.28341,1.125018,0.729085,112
"1962-04-01","c_0_37","00s",0.225709,1.046437,0.658097,112
"1962-05-01","c_0_37","00s",0.231043,1.067956,0.676416,112
"1962-06-01","c_0_37","00s",0.236408,1.097513,0.704374,112
"1962-07-01","c_0_37","00s",0.195061,1.025987,0.637588,112
"1962-08-01","c_0_37","00s",0.21393,1.085568,0.685008,112
"1962-09-01","c_0_37","00s",0.238358,1.156075,0.723553,112
"1962-10-01","c_0_37","00s",0.184877,1.115338,0.67763,112
"1962-11-01","c_0_37","00s",0.183168,1.113018,0.673588,112
"1962-12-01","c_0_37","00s",0.138705,1.08034,0.645661,112
"1963-01-01","c_0_37","00s",0.08518,1.031828,0.595779,112
"1963-02-01","c_0_37","00s",0.055274,0.965594,0.538957,112
"1963-03-01","c_0_37","00s",-0.031128,0.814375,0.407556,112
"1963-04-01","c_0_37","00s",0.005539,0.85229,0.438802,112
"1963-05-01","c_0_37","00s",0.103684,0.963172,0.554875,112
"1963-06-01","c_0_37","00s",0.104485,0.974359,0.556312,112
"1963-07-01","c_0_37","00s",0.11141,1.016185,0.584806,112
"1963-08-01","c_0_37","00s",0.09644,1.022336,0.567325,112
"1963-09-01","c_0_37","00s",0.066393,0.896672,0.488387,112
"1963-10-01","c_0_37","00s",0.246501,1.101949,0.689225,112
"1963-11-01","c_0_37","00s",0.247394,1.127056,0.701364,112
"1963-12-01","c_0_37","00s",0.309098,1.222082,0.772384,112
"1964-01-01","c_0_37","00s",0.2694,1.19804,0.735846,112
"1964-02-01","c_0_37","00s",0.283476,1.234928,0.769238,112
"1964-03-01","c_0_37","00s",0.248399,1.220052,0.748258,112
"1964-04-01","c_0_37","00s",0.260795,1.243428,0.761769,112
"1964-05-01","c_0_37","00s",0.15216,1.095524,0.618018,112
"1964-06-01","c_0_37","00s",0.13752,1.017557,0.563205,112
"1964-07-01","c_0_37","00s",0.131961,0.972869,0.52338,112
"1964-08-01","c_0_37","00s",0.134747,0.954277,0.530088,112
"1964-09-01","c_0_37","00s",0.132367,0.945293,0.515669,112
"1964-10-01","c_0_37","00s",0.027401,0.826516,0.392796,112
"1964-11-01","c_0_37","00s",0.043828,0.848499,0.417564,112
"1964-12-01","c_0_37","00s",0.043092,0.840902,0.420549,112
"1965-01-01","c_0_37","00s",0.055216,0.858494,0.437552,112
"1965-02-01","c_0_37","00s",0.013015,0.775344,0.363739,112
"1965-03-01","c_0_37","00s",0.054961,0.857131,0.423,112
"1965-04-01","c_0_37","00s",0.112194,0.937416,0.509694,112
"1965-05-01","c_0_37","00s",0.158288,1.012254,0.579555,112
"1965-06-01","c_0_37","00s",0.209951,1.121075,0.674619,112
"1965-07-01","c_0_37","00s",0.222403,1.173759,0.724538,112
"1965-08-01","c_0_37","00s",0.256525,1.215938,0.764572,112
"1965-09-01","c_0_37","00s",0.30729,1.288745,0.843535,112
"1965-10-01","c_0_37","00s",0.341182,1.340502,0.897232,112
"1965-11-01","c_0_37","00s",0.419425,1.393589,0.962204,112
"1965-12-01","c_0_37","00s",0.549842,1.527185,1.088268,112
"1966-01-01","c_0_37","00s",0.606188,1.554428,1.130331,112
"1966-02-01","c_0_37","00s",0.778934,1.742926,1.30712,112
"1966-03-01","c_0_37","00s",0.825249,1.823059,1.375472,112
"1966-04-01","c_0_37","00s",1.003849,1.976616,1.532338,112
"1966-05-01","c_0_37","00s",1.012302,2.014126,1.550028,112
"1966-06-01","c_0_37","00s",1.059636,2.086448,1.594476,112
"1966-07-01","c_0_37","00s",1.17556,2.190974,1.696883,112
"1966-08-01","c_0_37","00s",1.220146,2.228386,1.736482,112
"1966-09-01","c_0_37","00s",1.418722,2.403926,1.913898,112
"1966-10-01","c_0_37","00s",1.649014,2.595109,2.114957,112
"1966-11-01","c_0_37","00s",1.643282,2.605622,2.112285,112
"1966-12-01","c_0_37","00s",1.613295,2.579245,2.084612,112
"1967-01-01","c_0_37","00s",1.619251,2.564687,2.074667,112
"1967-02-01","c_0_37","00s",1.641254,2.555799,2.088861,112
"1967-03-01","c_0_37","00s",1.608353,2.484414,2.040372,112
"1967-04-01","c_0_37","00s",1.467581,2.364361,1.915299,112
"1967-05-01","c_0_37","00s",1.513708,2.368196,1.941856,112
"1967-06-01","c_0_37","00s",1.626549,2.400347,2.020666,112
"1967-07-01","c_0_37","00s",1.678605,2.441887,2.067595,112
"1967-08-01","c_0_37","00s",1.737772,2.51205,2.120039,112
"1967-09-01","c_0_37","00s",1.801922,2.546709,2.175139,112
"1967-10-01","c_0_37","00s",1.784799,2.528748,2.160243,112
"1967-11-01","c_0_37","00s",1.878119,2.623481,2.255616,112
"1967-12-01","c_0_37","00s",1.943911,2.688721,2.315588,112
"1968-01-01","c_0_37","00s",2.125629,2.864381,2.494516,112
"1968-02-01","c_0_37","00s",2.218826,2.960415,2.589496,112
"1968-03-01","c_0_37","00s",2.368579,3.118819,2.736979,112
"1968-04-01","c_0_37","00s",2.531613,3.235786,2.874111,112
"1968-05-01","c_0_37","00s",2.763664,3.444147,3.094905,112
"1968-06-01","c_0_37","00s",2.807761,3.521377,3.153975,112
"1968-07-01","c_0_37","00s",2.822641,3.5124,3.154455,112
"1968-08-01","c_0_37","00s",3.014572,3.673912,3.338065,112
"1968-09-01","c_0_37","00s",3.031392,3.705429,3.358902,112
"1968-10-01","c_0_37","00s",3.131511,3.805495,3.455895,112
"1968-11-01","c_0_37","00s",3.238327,3.876226,3.546853,112
"1968-12-01","c_0_37","00s",3.344771,3.932548,3.634638,112
"1969-01-01","c_0_37","00s",3.332061,3.930906,3.625706,112
"1969-02-01","c_0_37","00s",3.241941,3.848979,3.534874,112
"1969-03-01","c_0_37","00s",3.429603,4.000645,3.702551,112
"1969-04-01","c_0_37","00s",3.494665,4.084407,3.777525,112
"1969-05-01","c_0_37","00s",3.459529,4.088649,3.758945,112
"1969-06-01","c_0_37","00s",3.524433,4.123609,3.811875,112
"1969-07-01","c_0_37","00s",3.734829,4.343343,4.029685,112
"1969-08-01","c_0_37","00s",3.609118,4.22782,3.906958,112
"1969-09-01","c_0_37","00s",3.632392,4.270321,3.935949,112
"1969-10-01","c_0_37","00s",3.605304,4.253068,3.916485,112
"1969-11-01","c_0_37","00s",3.671427,4.303889,3.972333,112
"1969-12-01","c_0_37","00s",3.737856,4.382349,4.041929,112
"1970-01-01","c_0_37","00s",3.735623,4.376453,4.037949,112
"1970-02-01","c_0_37","00s",3.883846,4.514057,4.183466,112
"1970-03-01","c_0_37","00s",3.857241,4.479433,4.155371,112
"1970-04-01","c_0_37","00s",3.87363,4.518513,4.170919,112
"1970-05-01","c_0_37","00s",3.813137,4.454893,4.107657,112
"1970-06-01","c_0_37","00s",3.756349,4.402397,4.051419,112
"1970-07-01","c_0_37","00s",3.68294,4.304782,3.96573,112
"1970-08-01","c_0_37","00s",3.766402,4.364166,4.035549,112
"1970-09-01","c_0_37","00s",3.764962,4.367112,4.038741,112
"1970-10-01","c_0_37","00s",3.817161,4.470675,4.107194,112
"1970-11-01","c_0_37","00s",3.797601,4.455484,4.089988,112
"1970-12-01","c_0_37","00s",3.902341,4.554945,4.19167,112
"1971-01-01","c_0_37","00s",3.871036,4.521412,4.161427,112
"1971-02-01","c_0_37","00s",3.730292,4.403453,4.0322,112
"1971-03-01","c_0_37","00s",3.590817,4.268549,3.894448,112
"1971-04-01","c_0_37","00s",3.516584,4.184663,3.822802,112
"1971-05-01","c_0_37","00s",3.628392,4.277829,3.926129,112
"1971-06-01","c_0_37","00s",3.710258,4.376424,4.015517,112
"1971-07-01","c_0_37","00s",3.61558,4.303456,3.929919,112
"1971-08-01","c_0_37","00s",3.598062,4.283928,3.913824,112
"1971-09-01","c_0_37","00s",3.470887,4.134205,3.774085,112
"1971-10-01","c_0_37","00s",3.156161,3.778554,3.453019,112
"1971-11-01","c_0_37","00s",2.961274,3.574231,3.253104,112
"1971-12-01","c_0_37","00s",2.747986,3.358281,3.03689,112
"1972-01-01","c_0_37","00s",2.727135,3.339874,3.012703,112
"1972-02-01","c_0_37","00s",2.759344,3.342448,3.030765,112
"1972-03-01","c_0_37","00s",2.789352,3.357025,3.051506,112
"1972-04-01","c_0_37","00s",2.607219,3.167005,2.873069,112
"1972-05-01","c_0_37","00s",2.396494,2.949032,2.662292,112
"1972-06-01","c_0_37","00s",2.173947,2.711982,2.43141,112
"1972-07-01","c_0_37","00s",2.167404,2.706175,2.421112,112
"1972-08-01","c_0_37","00s",2.087592,2.645992,2.351289,112
"1972-09-01","c_0_37","00s",2.139054,2.70017,2.402576,112
"1972-10-01","c_0_37","00s",2.22001,2.766454,2.471175,112
"1972-11-01","c_0_37","00s",2.31692,2.880879,2.578218,112
"1972-12-01","c_0_37","00s",2.347463,2.917156,2.613389,112
"1973-01-01","c_0_37","00s",2.272702,2.895633,2.572443,112
"1973-02-01","c_0_37","00s",2.365415,3.021133,2.677567,112
"1973-03-01","c_0_37","00s",2.486151,3.221568,2.840525,112
"1973-04-01","c_0_37","00s",2.883673,3.654005,3.250251,112
"1973-05-01","c_0_37","00s",3.085036,3.909912,3.474663,112
"1973-06-01","c_0_37","00s",3.238755,4.117972,3.652043,112
"1973-07-01","c_0_37","00s",3.180693,4.073292,3.602363,112
"1973-08-01","c_0_37","00s",3.363902,4.318061,3.79282,112
"1973-09-01","c_0_37","00s",3.36481,4.379743,3.817628,112
"1973-10-01","c_0_37","00s",3.572505,4.706077,4.066925,112
"1973-11-01","c_0_37","00s",3.703327,4.945023,4.236052,112
"1973-12-01","c_0_37","00s",3.900253,5.16835,4.441142,112
"1974-01-01","c_0_37","00s",4.142695,5.464732,4.693668,112
"1974-02-01","c_0_37","00s",4.380002,5.863918,4.990429,112
"1974-03-01","c_0_37","00s",4.661639,6.214388,5.278012,112
"1974-04-01","c_0_37","00s",4.722118,6.356699,5.373591,112
"1974-05-01","c_0_37","00s",5.145378,6.823073,5.813781,112
"1974-06-01","c_0_37","00s",5.583465,7.325111,6.288269,112
"1974-07-01","c_0_37","00s",5.979622,7.854918,6.749019,112
"1974-08-01","c_0_37","00s",6.417583,8.338367,7.220415,112
"1974-09-01","c_0_37","00s",6.874966,8.849724,7.720135,112
"1974-10-01","c_0_37","00s",7.230817,9.119659,8.046981,112
"1974-11-01","c_0_37","00s",7.444905,9.245315,8.228784,112
"1974-12-01","c_0_37","00s",7.575727,9.41141,8.380778,112
"1975-01-01","c_0_37","00s",7.754162,9.53703,8.543384,112
"1975-02-01","c_0_37","00s",7.701825,9.317233,8.433144,112
"1975-03-01","c_0_37","00s",7.379369,8.860388,8.0673,112
"1975-04-01","c_0_37","00s",7.208833,8.559081,7.842475,112
"1975-05-01","c_0_37","00s",6.724689,7.988313,7.319687,112
"1975-06-01","c_0_37","00s",6.363699,7.555172,6.911594,112
"1975-07-01","c_0_37","00s",6.267113,7.324059,6.755615,112
"1975-08-01","c_0_37","00s",5.8136,6.789698,6.280431,112
"1975-09-01","c_0_37","00s",5.5991,6.477624,6.00955,112
"1975-10-01","c_0_37","00s",5.51908,6.361675,5.916015,112
"1975-11-01","c_0_37","00s",5.382835,6.238693,5.781237,112
"1975-12-01","c_0_37","00s",5.231009,6.042511,5.60867,112
"1976-01-01","c_0_37","00s",5.036942,5.790124,5.384923,112
"1976-02-01","c_0_37","00s",4.862287,5.615565,5.216781,112
"1976-03-01","c_0_37","00s",4.808082,5.570493,5.174059,112
"1976-04-01","c_0_37","00s",4.710987,5.467514,5.068325,112
"1976-05-01","c_0_37","00s",4.887413,5.631508,5.240044,112
"1976-06-01","c_0_37","00s",4.929755,5.632963,5.270173,112
"1976-07-01","c_0_37","00s",4.856377,5.531999,5.18137,112
"1976-08-01","c_0_37","00s",4.964015,5.607584,5.265287,112
"1976-09-01","c_0_37","00s",4.899233,5.536178,5.20032,112
"1976-10-01","c_0_37","00s",4.742883,5.407468,5.062371,112
"1976-11-01","c_0_37","00s",4.723253,5.359111,5.037382,112
"1976-12-01","c_0_37","00s",4.672373,5.327429,4.988515,112
"1977-01-01","c_0_37","00s",4.829622,5.477686,5.144521,112
"1977-02-01","c_0_37","00s",5.083543,5.742022,5.400652,112
"1977-03-01","c_0_37","00s",5.359262,6.016891,5.672692,112
"1977-04-01","c_0_37","00s",5.429627,6.137125,5.771258,112
"1977-05-01","c_0_37","00s",5.432362,6.140305,5.775126,112
"1977-06-01","c_0_37","00s",5.523316,6.227921,5.866099,112
"1977-07-01","c_0_37","00s",5.579518,6.283321,5.920902,112
"1977-08-01","c_0_37","00s",5.580948,6.279197,5.919448,112
"1977-09-01","c_0_37","00s",5.514394,6.232388,5.859874,112
"1977-10-01","c_0_37","00s",5.417278,6.132827,5.750533,112
"1977-11-01","c_0_37","00s",5.537244,6.244451,5.865447,112
"1977-12-01","c_0_37","00s",5.597383,6.300052,5.925353,112
"1978-01-01","c_0_37","00s",5.404326,6.155944,5.748861,112
"1978-02-01","c_0_37","00s",5.244607,6.012691,5.59185,112
"1978-03-01","c_0_37","00s",5.207571,5.989916,5.557419,112
"1978-04-01","c_0_37","00s",5.390747,6.165437,5.727858,112
"1978-05-01","c_0_37","00s",5.566309,6.340435,5.904065,112
"1978-06-01","c_0_37","00s",5.574225,6.374739,5.921235,112
"1978-07-01","c_0_37","00s",5.635462,6.467489,6.002488,112
"1978-08-01","c_0_37","00s",5.680219,6.569744,6.083309,112
"1978-09-01","c_0_37","00s",5.862967,6.740323,6.262887,112
"1978-10-01","c_0_37","00s",6.200368,7.077098,6.60362,112
"1978-11-01","c_0_37","00s",6.289987,7.167376,6.695339,112
"1978-12-01","c_0_37","00s",6.32976,7.202552,6.738266,112
"1979-01-01","c_0_37","00s",6.654843,7.535499,7.067644,112
"1979-02-01","c_0_37","00s",6.844731,7.737614,7.27577,112
"1979-03-01","c_0_37","00s",6.888811,7.793539,7.323216,112
"1979-04-01","c_0_37","00s",6.864712,7.793359,7.320419,112
"1979-05-01","c_0_37","00s",6.974829,7.937728,7.446938,112
"1979-06-01","c_0_37","00s",7.043826,7.987428,7.511058,112
"1979-07-01","c_0_37","00s",7.164441,8.080809,7.614269,112
"1979-08-01","c_0_37","00s",7.357526,8.249085,7.789503,112
"1979-09-01","c_0_37","00s",7.433432,8.37523,7.897234,112
"1979-10-01","c_0_37","00s",7.501538,8.524536,8.011321,112
"1979-11-01","c_0_37","00s",7.445467,8.530288,7.976935,112
"1979-12-01","c_0_37","00s",7.573522,8.721504,8.124124,112
"1980-01-01","c_0_37","00s",7.684534,8.870058,8.259292,112
"1980-02-01","c_0_37","00s",7.846994,9.160672,8.474395,112
"1980-03-01","c_0_37","00s",8.078954,9.376093,8.698376,112
"1980-04-01","c_0_37","00s",8.023085,9.34289,8.653518,112
"1980-05-01","c_0_37","00s",7.986893,9.285883,8.601984,112
"1980-06-01","c_0_37","00s",8.112215,9.467297,8.749092,112
"1980-07-01","c_0_37","00s",7.990124,9.396972,8.644074,112
"1980-08-01","c_0_37","00s",7.977095,9.383991,8.617637,112
"1980-09-01","c_0_37","00s",8.092537,9.467771,8.710577,112
"1980-10-01","c_0_37","00s",8.02097,9.328073,8.600143,112
"1980-11-01","c_0_37","00s",8.100913,9.380796,8.669797,112
"1980-12-01","c_0_37","00s",8.110164,9.318193,8.659176,112
"1981-01-01","c_0_37","00s",8.065292,9.239746,8.585167,112
"1981-02-01","c_0_37","00s",8.062477,9.089876,8.510383,112
"1981-03-01","c_0_37","00s",7.848278,8.876916,8.301709,112
"1981-04-01","c_0_37","00s",7.916772,8.891422,8.351223,112
"1981-05-01","c_0_37","00s",7.696802,8.713444,8.150351,112
"1981-06-01","c_0_37","00s",7.467607,8.4347,7.902992,112
"1981-07-01","c_0_37","00s",7.473296,8.406519,7.900166,112
"1981-08-01","c_0_37","00s",7.309059,8.317644,7.782987,112
"1981-09-01","c_0_37","00s",7.109643,8.105104,7.578712,112
"1981-10-01","c_0_37","00s",6.871693,7.860061,7.339793,112
"1981-11-01","c_0_37","00s",6.673228,7.634169,7.138221,112
"1981-12-01","c_0_37","00s",6.391184,7.344438,6.847938,112
"1982-01-01","c_0_37","00s",6.064445,7.00191,6.527213,112
"1982-02-01","c_0_37","00s",5.658573,6.574544,6.107387,112
"1982-03-01","c_0_37","00s",5.505712,6.404281,5.945036,112
"1982-04-01","c_0_37","00s",5.21252,6.110459,5.635921,112
"1982-05-01","c_0_37","00s",5.177351,6.027018,5.580154,112
"1982-06-01","c_0_37","00s",5.129277,5.971481,5.524901,112
"1982-07-01","c_0_37","00s",5.174307,6.041995,5.580795,112
"1982-08-01","c_0_37","00s",4.954711,5.714809,5.313278,112
"1982-09-01","c_0_37","00s",4.603929,5.35661,4.954145,112
"1982-10-01","c_0_37","00s",4.554822,5.341704,4.923013,112
"1982-11-01","c_0_37","00s",4.296838,5.091869,4.663032,112
"1982-12-01","c_0_37","00s",4.124548,4.920566,4.497153,112
"1983-01-01","c_0_37","00s",4.140005,4.902049,4.495647,112
"1983-02-01","c_0_37","00s",4.07482,4.820049,4.423874,112
"1983-03-01","c_0_37","00s",3.836734,4.598586,4.199509,112
"1983-04-01","c_0_37","00s",3.97877,4.777819,4.359282,112
"1983-05-01","c_0_37","00s",3.757117,4.556153,4.131603,112
"1983-06-01","c_0_37","00s",3.592139,4.377127,3.962382,112
"1983-07-01","c_0_37","00s",3.333373,4.103329,3.691052,112
"1983-08-01","c_0_37","00s",3.246554,4.025129,3.606641,112
"1983-09-01","c_0_37","00s",3.320692,4.100584,3.685374,112
"1983-10-01","c_0_37","00s",3.097106,3.838645,3.440076,112
"1983-11-01","c_0_37","00s",3.199552,3.935244,3.536869,112
"1983-12-01","c_0_37","00s",3.215394,3.940979,3.542718,112
"1984-01-01","c_0_37","00s",3.161745,3.903336,3.501241,112
"1984-02-01","c_0_37","00s",3.207218,3.93769,3.545991,112
"1984-03-01","c_0_37","00s",3.363501,4.070447,3.689673,112
"1984-04-01","c_0_37","00s",3.330198,3.984152,3.634346,112
"1984-05-01","c_0_37","00s",3.25056,3.90634,3.561722,112
"1984-06-01","c_0_37","00s",3.272291,3.941564,3.590324,112
"1984-07-01","c_0_37","00s",3.344818,4.012046,3.669821,112
"1984-08-01","c_0_37","00s",3.434905,4.085929,3.749257,112
"1984-09-01","c_0_37","00s",3.429328,4.064502,3.735902,112
"1984-10-01","c_0_37","00s",3.513441,4.128506,3.810187,112
"1984-11-01","c_0_37","00s",3.352098,3.95294,3.643943,112
"1984-12-01","c_0_37","00s",3.45616,4.049786,3.744478,112
"1985-01-01","c_0_37","00s",3.342327,3.916757,3.613861,112
"1985-02-01","c_0_37","00s",3.441856,4.038173,3.723253,112
"1985-03-01","c_0_37","00s",3.448353,4.065798,3.736102,112
"1985-04-01","c_0_37","00s",3.302867,3.906642,3.583503,112
"1985-05-01","c_0_37","00s",3.386445,4.00829,3.673563,112
"1985-06-01","c_0_37","00s",3.443173,4.049659,3.721864,112
"1985-07-01","c_0_37","00s",3.236148,3.833633,3.51287,112
"1985-08-01","c_0_37","00s",3.211253,3.826467,3.495871,112
"1985-09-01","c_0_37","00s",3.17741,3.810272,3.474706,112
"1985-10-01","c_0_37","00s",3.135173,3.77402,3.432702,112
"1985-11-01","c_0_37","00s",3.248188,3.964782,3.593235,112
"1985-12-01","c_0_37","00s",3.274274,3.989781,3.623564,112
"1986-01-01","c_0_37","00s",3.369698,4.082624,3.725674,112
"1986-02-01","c_0_37","00s",3.126316,3.840662,3.48522,112
"1986-03-01","c_0_37","00s",2.921638,3.672721,3.30064,112
"1986-04-01","c_0_37","00s",2.946148,3.701429,3.328707,112
"1986-05-01","c_0_37","00s",2.862919,3.597555,3.240142,112
"1986-06-01","c_0_37","00s",2.844874,3.60152,3.232569,112
"1986-07-01","c_0_37","00s",2.888133,3.661305,3.283449,112
"1986-08-01","c_0_37","00s",2.828317,3.586767,3.216913,112
"1986-09-01","c_0_37","00s",2.875639,3.624978,3.254951,112
"1986-10-01","c_0_37","00s",2.915455,3.66418,3.300611,112
"1986-11-01","c_0_37","00s",2.889909,3.56514,3.229236,112
"1986-12-01","c_0_37","00s",2.814147,3.511211,3.158322,112
"1987-01-01","c_0_37","00s",2.846825,3.571109,3.195656,112
"1987-02-01","c_0_37","00s",2.896449,3.600026,3.230219,112
"1987-03-01","c_0_37","00s",3.085598,3.739831,3.401229,112
"1987-04-01","c_0_37","00s",3.260479,3.912351,3.57526,112
"1987-05-01","c_0_37","00s",3.37256,4.027406,3.684916,112
"1987-06-01","c_0_37","00s",3.315238,3.982811,3.632711,112
"1987-07-01","c_0_37","00s",3.283583,3.953759,3.601685,112
"1987-08-01","c_0_37","00s",3.401726,4.07206,3.723015,112
"1987-09-01","c_0_37","00s",3.387253,4.049568,3.70264,112
"1987-10-01","c_0_37","00s",3.430663,4.097311,3.740435,112
"1987-11-01","c_0_37","00s",3.434794,4.114593,3.75015,112
"1987-12-01","c_0_37","00s",3.359029,4.041035,3.675416,112
"1988-01-01","c_0_37","00s",3.334615,4.004338,3.649281,112
"1988-02-01","c_0_37","00s",3.304725,3.985299,3.627462,112
"1988-03-01","c_0_37","00s",3.308846,4.005979,3.629761,112
"1988-04-01","c_0_37","00s",3.2333,3.992471,3.586504,112
"1988-05-01","c_0_37","00s",3.211769,3.964512,3.560449,112
"1988-06-01","c_0_37","00s",3.325551,4.04027,3.659423,112
"1988-07-01","c_0_37","00s",3.525536,4.264028,3.869711,112
"1988-08-01","c_0_37","00s",3.496028,4.23643,3.839733,112
"1988-09-01","c_0_37","00s",3.641561,4.401556,3.990626,112
"1988-10-01","c_0_37","00s",3.582464,4.396833,3.958471,112
"1988-11-01","c_0_37","00s",3.623364,4.421509,3.993602,112
"1988-12-01","c_0_37","00s",3.719782,4.509611,4.088357,112
"1989-01-01","c_0_37","00s",3.763085,4.595841,4.156579,112
"1989-02-01","c_0_37","00s",3.853079,4.723542,4.25666,112
"1989-03-01","c_0_37","00s",3.839997,4.690738,4.235785,112
"1989-04-01","c_0_37","00s",3.866251,4.682376,4.238388,112
"1989-05-01","c_0_37","00s",3.932475,4.752856,4.303855,112
"1989-06-01","c_0_37","00s",3.826897,4.657811,4.200721,112
"1989-07-01","c_0_37","00s",3.750424,4.529326,4.098083,112
"1989-08-01","c_0_37","00s",3.650347,4.442912,4.011752,112
"1989-09-01","c_0_37","00s",3.50794,4.293197,3.868123,112
"1989-10-01","c_0_37","00s",3.65934,4.374067,3.990224,112
"1989-11-01","c_0_37","00s",3.637468,4.362853,3.969812,112
"1989-12-01","c_0_37","00s",3.684218,4.403572,4.017443,112
"1990-01-01","c_0_37","00s",3.583471,4.303153,3.914035,112
"1990-02-01","c_0_37","00s",3.547306,4.266659,3.883701,112
"1990-03-01","c_0_37","00s",3.691946,4.437141,4.042175,112
"1990-04-01","c_0_37","00s",3.653657,4.369329,3.993509,112
"1990-05-01","c_0_37","00s",3.582584,4.309337,3.932101,112
"1990-06-01","c_0_37","00s",3.721894,4.505581,4.101928,112
"1990-07-01","c_0_37","00s",3.751535,4.534903,4.130487,112
"1990-08-01","c_0_37","00s",3.918591,4.704567,4.294066,112
"1990-09-01","c_0_37","00s",3.903022,4.730662,4.30447,112
"1990-10-01","c_0_37","00s",3.768878,4.643508,4.193686,112
"1990-11-01","c_0_37","00s",3.640606,4.53734,4.080156,112
"1990-12-01","c_0_37","00s",3.600578,4.511523,4.040657,112
"1991-01-01","c_0_37","00s",3.580815,4.494259,4.014272,112
"1991-02-01","c_0_37","00s",3.494124,4.412232,3.929887,112
"1991-03-01","c_0_37","00s",3.186365,4.090499,3.615607,112
"1991-04-01","c_0_37","00s",3.114224,4.015049,3.539169,112
"1991-05-01","c_0_37","00s",3.189029,4.081705,3.61352,112
"1991-06-01","c_0_37","00s",2.959074,3.818173,3.363558,112
"1991-07-01","c_0_37","00s",2.81735,3.72158,3.243589,112
"1991-08-01","c_0_37","00s",2.640068,3.580765,3.08465,112
"1991-09-01","c_0_37","00s",2.626574,3.546351,3.062361,112
"1991-10-01","c_0_37","00s",2.5775,3.44679,2.98825,112
"1991-11-01","c_0_37","00s",2.735868,3.582189,3.131737,112
"1991-12-01","c_0_37","00s",2.767292,3.600204,3.157705,112
"1992-01-01","c_0_37","00s",2.672719,3.454479,3.04099,112
"1992-02-01","c_0_37","00s",2.717331,3.485757,3.075169,112
"1992-03-01","c_0_37","00s",2.842549,3.624408,3.203089,112
"1992-04-01","c_0_37","00s",2.741643,3.553663,3.122365,112
"1992-05-01","c_0_37","00s",2.620283,3.458854,3.011574,112
"1992-06-01","c_0_37","00s",2.607499,3.483663,3.02239,112
"1992-07-01","c_0_37","00s",2.618944,3.47894,3.027595,112
"1992-08-01","c_0_37","00s",2.584339,3.410153,2.970423,112
"1992-09-01","c_0_37","00s",2.429573,3.259433,2.812294,112
"1992-10-01","c_0_37","00s",2.470877,3.329419,2.861323,112
"1992-11-01","c_0_37","00s",2.432042,3.283719,2.820504,112
"1992-12-01","c_0_37","00s",2.330981,3.183707,2.716947,112
"1993-01-01","c_0_37","00s",2.322106,3.172365,2.710137,112
"1993-02-01","c_0_37","00s",2.313111,3.112214,2.68088,112
"1993-03-01","c_0_37","00s",2.223114,2.98476,2.578914,112
"1993-04-01","c_0_37","00s",2.339447,3.054951,2.669703,112
"1993-05-01","c_0_37","00s",2.389248,3.066965,2.701859,112
"1993-06-01","c_0_37","00s",2.366542,2.976883,2.645392,112
"1993-07-01","c_0_37","00s",2.34395,2.918021,2.603236,112
"1993-08-01","c_0_37","00s",2.304152,2.848357,2.552994,112
"1993-09-01","c_0_37","00s",2.340205,2.847693,2.571325,112
"1993-10-01","c_0_37","00s",2.284793,2.769904,2.511195,112
"1993-11-01","c_0_37","00s",2.222711,2.689879,2.44234,112
"1993-12-01","c_0_37","00s",2.145999,2.616112,2.378199,112
"1994-01-01","c_0_37","00s",2.097216,2.581718,2.344504,112
"1994-02-01","c_0_37","00s",2.07926,2.567192,2.330481,112
"1994-03-01","c_0_37","00s",2.129163,2.608782,2.378301,112
"1994-04-01","c_0_37","00s",2.014726,2.502054,2.27279,112
"1994-05-01","c_0_37","00s",1.971121,2.448009,2.225845,112
"1994-06-01","c_0_37","00s",2.014156,2.514849,2.285841,112
"1994-07-01","c_0_37","00s",2.039317,2.554623,2.316844,112
"1994-08-01","c_0_37","00s",2.029209,2.537824,2.305141,112
"1994-09-01","c_0_37","00s",2.017668,2.521842,2.298018,112
"1994-10-01","c_0_37","00s",1.959388,2.459532,2.240055,112
"1994-11-01","c_0_37","00s",1.963515,2.464958,2.247586,112
"1994-12-01","c_0_37","00s",1.953423,2.439028,2.226652,112
"1995-01-01","c_0_37","00s",2.069186,2.551399,2.328592,112
"1995-02-01","c_0_37","00s",2.005997,2.480256,2.258609,112
"1995-03-01","c_0_37","00s",1.967934,2.453341,2.221569,112
"1995-04-01","c_0_37","00s",2.025913,2.496922,2.269971,112
"1995-05-01","c_0_37","00s",1.978126,2.461187,2.228207,112
"1995-06-01","c_0_37","00s",1.920953,2.376061,2.151197,112
"1995-07-01","c_0_37","00s",1.845171,2.289414,2.077715,112
"1995-08-01","c_0_37","00s",1.910062,2.352012,2.136767,112
"1995-09-01","c_0_37","00s",1.909701,2.360812,2.139688,112
"1995-10-01","c_0_37","00s",2.008535,2.450888,2.231817,112
"1995-11-01","c_0_37","00s",1.961494,2.422614,2.195229,112
"1995-12-01","c_0_37","00s",2.017685,2.470115,2.244133,112
"1996-01-01","c_0_37","00s",1.961869,2.381795,2.174183,112
"1996-02-01","c_0_37","00s",1.981489,2.414533,2.194422,112
"1996-03-01","c_0_37","00s",1.98277,2.40099,2.188973,112
"1996-04-01","c_0_37","00s",1.938381,2.371135,2.149712,112
"1996-05-01","c_0_37","00s",1.969706,2.387642,2.172926,112
"1996-06-01","c_0_37","00s",1.995962,2.428477,2.209474,112
"1996-07-01","c_0_37","00s",2.027801,2.457564,2.236116,112
"1996-08-01","c_0_37","00s",1.999802,2.441305,2.221173,112
"1996-09-01","c_0_37","00s",2.07448,2.515274,2.288995,112
"1996-10-01","c_0_37","00s",2.044869,2.499476,2.265356,112
"1996-11-01","c_0_37","00s",2.111833,2.547339,2.317942,112
"1996-12-01","c_0_37","00s",2.084061,2.52012,2.293404,112
"1997-01-01","c_0_37","00s",2.014228,2.469811,2.236836,112
"1997-02-01","c_0_37","00s",2.001527,2.456237,2.226997,112
"1997-03-01","c_0_37","00s",1.970889,2.429273,2.198035,112
"1997-04-01","c_0_37","00s",1.96065,2.419576,2.193215,112
"1997-05-01","c_0_37","00s",1.880725,2.350893,2.124069,112
"1997-06-01","c_0_37","00s",1.860132,2.337065,2.101285,112
"1997-07-01","c_0_37","00s",1.74992,2.240805,1.996608,112
"1997-08-01","c_0_37","00s",1.68492,2.171636,1.924669,112
"1997-09-01","c_0_37","00s",1.664108,2.13332,1.898119,112
"1997-10-01","c_0_37","00s",1.453209,1.928822,1.692917,112
"1997-11-01","c_0_37","00s",1.339376,1.838888,1.596256,112
"1997-12-01","c_0_37","00s",1.256064,1.797757,1.528933,112
"1998-01-01","c_0_37","00s",1.223068,1.757964,1.493366,112
"1998-02-01","c_0_37","00s",1.147032,1.704513,1.440377,112
"1998-03-01","c_0_37","00s",1.151095,1.731264,1.460672,112
"1998-04-01","c_0_37","00s",1.149588,1.71754,1.450158,112
"1998-05-01","c_0_37","00s",1.175514,1.779919,1.486948,112
"1998-06-01","c_0_37","00s",1.143653,1.734758,1.449876,112
"1998-07-01","c_0_37","00s",1.235522,1.797745,1.528619,112
"1998-08-01","c_0_37","00s",1.296906,1.858419,1.592242,112
"1998-09-01","c_0_37","00s",1.199309,1.829323,1.528351,112
"1998-10-01","c_0_37","00s",1.339671,1.951798,1.657398,112
"1998-11-01","c_0_37","00s",1.373507,1.973335,1.686642,112
"1998-12-01","c_0_37","00s",1.401928,2.01305,1.723822,112
"1999-01-01","c_0_37","00s",1.441006,2.046667,1.757171,112
"1999-02-01","c_0_37","00s",1.392941,2.001179,1.699425,112
"1999-03-01","c_0_37","00s",1.331172,1.919166,1.627416,112
"1999-04-01","c_0_37","00s",1.385567,2.001346,1.688093,112
"1999-05-01","c_0_37","00s",1.390451,1.961657,1.676453,112
"1999-06-01","c_0_37","00s",1.407969,1.968339,1.687138,112
"1999-07-01","c_0_37","00s",1.449924,2.009761,1.728874,112
"1999-08-01","c_0_37","00s",1.406037,1.959116,1.680156,112
"1999-09-01","c_0_37","00s",1.517247,2.008437,1.758358,112
"1999-10-01","c_0_37","00s",1.513886,2.001173,1.751857,112
"1999-11-01","c_0_37","00s",1.527704,2.019779,1.76553,112
"1999-12-01","c_0_37","00s",1.584559,2.031938,1.797334,112
"2000-01-01","c_0_37","00s",1.694047,2.146721,1.908642,112
"2000-02-01","c_0_37","00s",1.83336,2.264579,2.039063,112
"2000-03-01","c_0_37","00s",1.944847,2.384582,2.147415,112
"2000-04-01","c_0_37","00s",1.833165,2.302879,2.06262,112
"2000-05-01","c_0_37","00s",1.855365,2.335854,2.090669,112
"2000-06-01","c_0_37","00s",1.898818,2.380563,2.135845,112
"2000-07-01","c_0_37","00s",1.930487,2.445771,2.182731,112
"2000-08-01","c_0_37","00s",1.937655,2.458242,2.193873,112
"2000-09-01","c_0_37","00s",1.975936,2.495551,2.23757,112
"2000-10-01","c_0_37","00s",1.965318,2.510597,2.24449,112
"2000-11-01","c_0_37","00s",1.994795,2.540004,2.275891,112
"2000-12-01","c_0_37","00s",2.028421,2.579475,2.317093,112
"2001-01-01","c_0_37","00s",2.058068,2.633931,2.355204,112
"2001-02-01","c_0_37","00s",2.114001,2.682182,2.406317,112
"2001-03-01","c_0_37","00s",2.070945,2.639263,2.366522,112
"2001-04-01","c_0_37","00s",2.196615,2.742855,2.482647,112
"2001-05-01","c_0_37","00s",2.190454,2.73575,2.471955,112
"2001-06-01","c_0_37","00s",2.257005,2.820475,2.549203,112
"2001-07-01","c_0_37","00s",2.197681,2.735688,2.481174,112
"2001-08-01","c_0_37","00s",2.234775,2.80885,2.533941,112
"2001-09-01","c_0_37","00s",2.16948,2.754863,2.471497,112
"2001-10-01","c_0_37","00s",2.180675,2.756418,2.472865,112
"2001-11-01","c_0_37","00s",2.178783,2.74726,2.460383,112
"2001-12-01","c_0_37","00s",2.092283,2.66565,2.371524,112
"2002-01-01","c_0_37","00s",1.922242,2.469885,2.195777,112
"2002-02-01","c_0_37","00s",1.865177,2.423734,2.14614,112
"2002-03-01","c_0_37","00s",1.894883,2.447108,2.173759,112
"2002-04-01","c_0_37","00s",1.860959,2.386529,2.117582,112
"2002-05-01","c_0_37","00s",1.833961,2.359032,2.088619,112
"2002-06-01","c_0_37","00s",1.752954,2.265712,2.003121,112
"2002-07-01","c_0_37","00s",1.789647,2.303994,2.035345,112
"2002-08-01","c_0_37","00s",1.773131,2.262637,2.003839,112
"2002-09-01","c_0_37","00s",1.822815,2.313602,2.050558,112
"2002-10-01","c_0_37","00s",1.835007,2.317691,2.062926,112
"2002-11-01","c_0_37","00s",1.812988,2.29853,2.043221,112
"2002-12-01","c_0_37","00s",1.848344,2.335183,2.080982,112
"2003-01-01","c_0_37","00s",1.842262,2.346231,2.08414,112
"2003-02-01","c_0_37","00s",1.807382,2.323383,2.051963,112
"2003-03-01","c_0_37","00s",1.786429,2.312858,2.034762,112
"2003-04-01","c_0_37","00s",1.669595,2.212716,1.926907,112
"2003-05-01","c_0_37","00s",1.665206,2.222233,1.929415,112
"2003-06-01","c_0_37","00s",1.602506,2.168714,1.868374,112
"2003-07-01","c_0_37","00s",1.624355,2.195449,1.893554,112
"2003-08-01","c_0_37","00s",1.65316,2.206957,1.915401,112
"2003-09-01","c_0_37","00s",1.583619,2.129218,1.842532,112
"2003-10-01","c_0_37","00s",1.587988,2.143419,1.853014,112
"2003-11-01","c_0_37","00s",1.569015,2.129186,1.83945,112
"2003-12-01","c_0_37","00s",1.543404,2.120232,1.822229,112
"2004-01-01","c_0_37","00s",1.646069,2.269886,1.938731,112
"2004-02-01","c_0_37","00s",1.722862,2.326287,2.005482,112
"2004-03-01","c_0_37","00s",1.710401,2.30563,1.990984,112
"2004-04-01","c_0_37","00s",1.908622,2.479235,2.179429,112
"2004-05-01","c_0_37","00s",1.986785,2.52947,2.244539,112
"2004-06-01","c_0_37","00s",2.11181,2.637544,2.360569,112
"2004-07-01","c_0_37","00s",2.053404,2.577008,2.303784,112
"2004-08-01","c_0_37","00s",1.998997,2.562104,2.271151,112
"2004-09-01","c_0_37","00s",1.989797,2.547089,2.260002,112
"2004-10-01","c_0_37","00s",2.002694,2.553268,2.266783,112
"2004-11-01","c_0_37","00s",2.039864,2.615574,2.311893,112
"2004-12-01","c_0_37","00s",2.0728,2.619075,2.334972,112
"2005-01-01","c_0_37","00s",2.155202,2.641672,2.395324,112
"2005-02-01","c_0_37","00s",2.14717,2.638407,2.394541,112
"2005-03-01","c_0_37","00s",2.158407,2.655599,2.402695,112
"2005-04-01","c_0_37","00s",2.059698,2.573198,2.312278,112
"2005-05-01","c_0_37","00s",2.035383,2.548262,2.288285,112
"2005-06-01","c_0_37","00s",1.970154,2.491345,2.225957,112
"2005-07-01","c_0_37","00s",2.02866,2.536621,2.276277,112
"2005-08-01","c_0_37","00s",2.045001,2.522311,2.27331,112
"2005-09-01","c_0_37","00s",2.138606,2.648927,2.385625,112
"2005-10-01","c_0_37","00s",2.18745,2.7153,2.440186,112
"2005-11-01","c_0_37","00s",2.232403,2.724287,2.468507,112
"2005-12-01","c_0_37","00s",2.184388,2.685392,2.4244,112
"2006-01-01","c_0_37","00s",2.130203,2.621293,2.366065,112
"2006-02-01","c_0_37","00s",2.080233,2.569172,2.315403,112
"2006-03-01","c_0_37","00s",2.131992,2.607585,2.36687,112
"2006-04-01","c_0_37","00s",2.213257,2.6716,2.439337,112
"2006-05-01","c_0_37","00s",2.33188,2.7947,2.559828,112
"2006-06-01","c_0_37","00s",2.496927,2.951526,2.722782,112
"2006-07-01","c_0_37","00s",2.474978,2.956729,2.720806,112
"2006-08-01","c_0_37","00s",2.55924,3.033255,2.803344,112
"2006-09-01","c_0_37","00s",2.518457,2.966086,2.750666,112
"2006-10-01","c_0_37","00s",2.473642,2.899636,2.698171,112
"2006-11-01","c_0_37","00s",2.327839,2.760087,2.557122,112
"2006-12-01","c_0_37","00s",2.460357,2.881946,2.682809,112
"2007-01-01","c_0_37","00s",2.491154,2.940141,2.722099,112
"2007-02-01","c_0_37","00s",2.60102,3.046638,2.830956,112
"2007-03-01","c_0_37","00s",2.526831,2.977572,2.756987,112
"2007-04-01","c_0_37","00s",2.442717,2.896695,2.671218,112
"2007-05-01","c_0_37","00s",2.286042,2.733653,2.511887,112
"2007-06-01","c_0_37","00s",2.186379,2.632445,2.410749,112
"2007-07-01","c_0_37","00s",2.153457,2.587586,2.364054,112
"2007-08-01","c_0_37","00s",2.092363,2.532525,2.30796,112
"2007-09-01","c_0_37","00s",2.170495,2.623311,2.387543,112
"2007-10-01","c_0_37","00s",2.251707,2.719661,2.468861,112
"2007-11-01","c_0_37","00s",2.457972,2.921093,2.673215,112
"2007-12-01","c_0_37","00s",2.431173,2.89681,2.642857,112
"2008-01-01","c_0_37","00s",2.361496,2.808478,2.565724,112
"2008-02-01","c_0_37","00s",2.266001,2.724792,2.46973,112
"2008-03-01","c_0_37","00s",2.310605,2.76669,2.514832,112
"2008-04-01","c_0_37","00s",2.313869,2.788646,2.537351,112
"2008-05-01","c_0_37","00s",2.323498,2.836437,2.571637,112
"2008-06-01","c_0_37","00s",2.355488,2.90819,2.620993,112
"2008-07-01","c_0_37","00s",2.425492,3.035788,2.723158,112
"2008-08-01","c_0_37","00s",2.386785,3.00778,2.688545,112
"2008-09-01","c_0_37","00s",2.275805,2.891311,2.574868,112
"2008-10-01","c_0_37","00s",2.09093,2.743662,2.423842,112
"2008-11-01","c_0_37","00s",1.927359,2.629295,2.300273,112
"2008-12-01","c_0_37","00s",1.753214,2.477128,2.14327,112
"2009-01-01","c_0_37","00s",1.756944,2.491464,2.161943,112
"2009-02-01","c_0_37","00s",1.743042,2.46267,2.142144,112
"2009-03-01","c_0_37","00s",1.623116,2.390057,2.0614,112
"2009-04-01","c_0_37","00s",1.571052,2.318952,1.992578,112
"2009-05-01","c_0_37","00s",1.534363,2.258537,1.935948,112
"2009-06-01","c_0_37","00s",1.422813,2.126522,1.812718,112
"2009-07-01","c_0_37","00s",1.174966,1.821407,1.536153,112
"2009-08-01","c_0_37","00s",1.152989,1.862924,1.541472,112
"2009-09-01","c_0_37","00s",1.022138,1.780502,1.428426,112
"2009-10-01","c_0_37","00s",1.080541,1.911214,1.497111,112
"2009-11-01","c_0_37","00s",1.033171,1.825112,1.409862,112
"2009-12-01","c_0_37","00s",1.050107,1.825776,1.415571,112
"2010-01-01","c_0_37","00s",0.897694,1.674651,1.254713,112
"2010-02-01","c_0_37","00s",0.773413,1.571961,1.147526,112
"2010-03-01","c_0_37","00s",0.732675,1.502909,1.079884,112
"2010-04-01","c_0_37","00s",0.674132,1.453933,1.025499,112
"2010-05-01","c_0_37","00s",0.605469,1.375221,0.952006,112
"2010-06-01","c_0_37","00s",0.522903,1.282564,0.870519,112
"2010-07-01","c_0_37","00s",0.589055,1.338809,0.929768,112
"2010-08-01","c_0_37","00s",0.602825,1.288007,0.913739,112
"2010-09-01","c_0_37","00s",0.673595,1.297062,0.962892,112
"2010-10-01","c_0_37","00s",0.589943,1.086375,0.831415,112
"2010-11-01","c_0_37","00s",0.628734,1.13021,0.876922,112
"2010-12-01","c_0_37","00s",0.675312,1.166782,0.915823,112
"2011-01-01","c_0_37","00s",0.783557,1.282661,1.02734,112
"2011-02-01","c_0_37","00s",0.943496,1.45871,1.195736,112
"2011-03-01","c_0_37","00s",1.085017,1.603628,1.334864,112
"2011-04-01","c_0_37","00s",1.220569,1.761505,1.475505,112
"2011-05-01","c_0_37","00s",1.35521,1.961676,1.634644,112
"2011-06-01","c_0_37","00s",1.416296,2.020311,1.6939,112
"2011-07-01","c_0_37","00s",1.500967,2.096313,1.775012,112
"2011-08-01","c_0_37","00s",1.591215,2.181545,1.861426,112
"2011-09-01","c_0_37","00s",1.64094,2.229767,1.908704,112
"2011-10-01","c_0_37","00s",1.691161,2.301255,1.979832,112
"2011-11-01","c_0_37","00s",1.746529,2.338761,2.022175,112
"2011-12-01","c_0_37","00s",1.822139,2.412263,2.096397,112
"2012-01-01","c_0_37","00s",1.875355,2.45275,2.137906,112
"2012-02-01","c_0_37","00s",1.821629,2.375327,2.060498,112
"2012-03-01","c_0_37","00s",1.805008,2.332529,2.032812,112
"2012-04-01","c_0_37","00s",1.756179,2.253944,1.973386,112
"2012-05-01","c_0_37","00s",1.701115,2.134297,1.896726,112
"2012-06-01","c_0_37","00s",1.676307,2.107984,1.86708,112
"2012-07-01","c_0_37","00s",1.635388,2.093682,1.838193,112
"2012-08-01","c_0_37","00s",1.580036,2.023683,1.780632,112
"2012-09-01","c_0_37","00s",1.575005,2.011372,1.772052,112
"2012-10-01","c_0_37","00s",1.582069,2.030057,1.768153,112
"2012-11-01","c_0_37","00s",1.501697,1.944418,1.692062,112
"2012-12-01","c_0_37","00s",1.417328,1.866116,1.615198,112
"2013-01-01","c_0_37","00s",1.380971,1.821358,1.585008,112
"2013-02-01","c_0_37","00s",1.405131,1.819589,1.604253,112
"2013-03-01","c_0_37","00s",1.327506,1.76475,1.537017,112
"2013-04-01","c_0_37","00s",1.153781,1.626799,1.383142,112
"2013-05-01","c_0_37","00s",1.115862,1.612462,1.35816,112
"2013-06-01","c_0_37","00s",1.221847,1.704491,1.46236,112
"2013-07-01","c_0_37","00s",1.256594,1.713385,1.487591,112
"2013-08-01","c_0_37","00s",1.225087,1.69913,1.459949,112
"2013-09-01","c_0_37","00s",1.194565,1.692892,1.44776,112
"2013-10-01","c_0_37","00s",1.231701,1.701886,1.476217,112
"2013-11-01","c_0_37","00s",1.319056,1.782302,1.558019,112
"2013-12-01","c_0_37","00s",1.360665,1.818146,1.593066,112
"2014-01-01","c_0_37","00s",1.327537,1.76624,1.550034,112
"2014-02-01","c_0_37","00s",1.260602,1.720032,1.496542,112
"2014-03-01","c_0_37","00s",1.292574,1.730177,1.518007,112
"2014-04-01","c_0_37","00s",1.471398,1.869049,1.676565,112
"2014-05-01","c_0_37","00s",1.542029,1.907608,1.73258,112
"2014-06-01","c_0_37","00s",1.511506,1.882709,1.70175,112
"2014-07-01","c_0_37","00s",1.510085,1.892145,1.703695,112
"2014-08-01","c_0_37","00s",1.465746,1.840444,1.659448,112
"2014-09-01","c_0_37","00s",1.490478,1.844419,1.67194,112
"2014-10-01","c_0_37","00s",1.371655,1.807163,1.599762,112
"2014-11-01","c_0_37","00s",1.316939,1.775955,1.558817,112
"2014-12-01","c_0_37","00s",1.305875,1.768014,1.553612,112
"2015-01-01","c_0_37","00s",1.14426,1.651553,1.41057,112
"2015-02-01","c_0_37","00s",1.22162,1.714613,1.477467,112
"2015-03-01","c_0_37","00s",1.224042,1.720133,1.479477,112
"2015-04-01","c_0_37","00s",1.258771,1.751958,1.516024,112
"2015-05-01","c_0_37","00s",1.215712,1.712433,1.47222,112
"2015-06-01","c_0_37","00s",1.20339,1.727688,1.479627,112
"2015-07-01","c_0_37","00s",1.210225,1.728778,1.483187,112
"2015-08-01","c_0_37","00s",1.231832,1.741087,1.499404,112
"2015-09-01","c_0_37","00s",1.23739,1.754368,1.504436,112
"2015-10-01","c_0_37","00s",1.245428,1.679858,1.46962,112
"2015-11-01","c_0_37","00s",1.227617,1.64576,1.442501,112
"2015-12-01","c_0_37","00s",1.184641,1.600489,1.395916,112
"2016-01-01","c_0_37","00s",1.325802,1.72078,1.53074,112
"2016-02-01","c_0_37","00s",1.30768,1.710431,1.519302,112
"2016-03-01","c_0_37","00s",1.343103,1.751451,1.558342,112
"2016-04-01","c_0_37","00s",1.361198,1.78647,1.57628,112
"2016-05-01","c_0_37","00s",1.437131,1.869042,1.656776,112
"2016-06-01","c_0_37","00s",1.408788,1.823585,1.613403,112
"2016-07-01","c_0_37","00s",1.39134,1.813709,1.602853,112
"2016-08-01","c_0_37","00s",1.424837,1.852955,1.640591,112
"2016-09-01","c_0_37","00s",1.458232,1.894751,1.681293,112
"2016-10-01","c_0_37","00s",1.572893,2.001362,1.789491,112
"2016-11-01","c_0_37","00s",1.546653,1.986362,1.768047,112
"2016-12-01","c_0_37","00s",1.604235,2.036121,1.820142,112
"2017-01-01","c_0_37","00s",1.674914,2.09481,1.882153,112
"2017-02-01","c_0_37","00s",1.639225,2.061081,1.8449,112
"2017-03-01","c_0_37","00s",1.593411,2.000468,1.792872,112
"2017-04-01","c_0_37","00s",1.511746,1.912015,1.717619,112
"2017-05-01","c_0_37","00s",1.425905,1.823549,1.626683,112
"2017-06-01","c_0_37","00s",1.448053,1.850436,1.655905,112
"2017-07-01","c_0_37","00s",1.421208,1.820131,1.624562,112
"2017-08-01","c_0_37","00s",1.408894,1.831113,1.627731,112
"2017-09-01","c_0_37","00s",1.366302,1.778774,1.579451,112
"2017-10-01","c_0_37","00s",1.365842,1.798837,1.583529,112
"2017-11-01","c_0_37","00s",1.391534,1.829878,1.614285,112
"2017-12-01","c_0_37","00s",1.417121,1.865257,1.646207,112
"2018-01-01","c_0_37","00s",1.475433,1.930245,1.704859,112
"2018-02-01","c_0_37","00s",1.520473,1.964808,1.745088,112
"2018-03-01","c_0_37","00s",1.522194,1.978987,1.751785,112
"2018-04-01","c_0_37","00s",1.520863,1.975185,1.743839,112
"2018-05-01","c_0_37","00s",1.576488,2.024396,1.798275,112
"2018-06-01","c_0_37","00s",1.614751,2.042036,1.821918,112
"2018-07-01","c_0_37","00s",1.647838,2.070408,1.852287,112
"2018-08-01","c_0_37","00s",1.658554,2.063139,1.850098,112
"2018-09-01","c_0_37","00s",1.68636,2.092657,1.880953,112
"2018-10-01","c_0_37","00s",1.68007,2.07542,1.878588,112
"2018-11-01","c_0_37","00s",1.754144,2.139406,1.947508,112
"2018-12-01","c_0_37","00s",1.75765,2.140779,1.94792,112
"2019-01-01","c_0_37","00s",1.626664,2.011296,1.825695,112
"2019-02-01","c_0_37","00s",1.653492,2.05184,1.860926,112
"2019-03-01","c_0_37","00s",1.692798,2.096553,1.900604,112
"2019-04-01","c_0_37","00s",1.782073,2.204888,2.002871,112
"2019-05-01","c_0_37","00s",1.696612,2.128464,1.921345,112
"2019-06-01","c_0_37","00s",1.634937,2.081129,1.866771,112
"2019-07-01","c_0_37","00s",1.677805,2.120315,1.908038,112
"2019-08-01","c_0_37","00s",1.695527,2.133171,1.924568,112
"2019-09-01","c_0_37","00s",1.615,2.057824,1.843094,112
"2019-10-01","c_0_37","00s",1.651079,2.131746,1.887984,112
"2019-11-01","c_0_37","00s",1.612737,2.081889,1.84015,112
"2019-12-01","c_0_37","00s",1.594169,2.067575,1.824573,112
"2020-01-01","c_0_37","00s",1.682989,2.145978,1.906986,112
"2020-02-01","c_0_37","00s",1.668535,2.138434,1.895348,112
"2020-03-01","c_0_37","00s",1.610531,2.087853,1.845688,112
"2020-04-01","c_0_37","00s",1.50274,1.986585,1.741696,112
"2020-05-01","c_0_37","00s",1.571688,2.080621,1.824332,112
"2020-06-01","c_0_37","00s",1.591746,2.13733,1.863589,112
"2020-07-01","c_0_37","00s",1.621153,2.192816,1.90561,112
"2020-08-01","c_0_37","00s",1.64188,2.251829,1.937982,112
"2020-09-01","c_0_37","00s",1.64119,2.261474,1.939996,112
"2020-10-01","c_0_37","00s",1.581793,2.160993,1.868981,112
"2020-11-01","c_0_37","00s",1.510016,2.116336,1.812422,112
"2020-12-01","c_0_37","00s",1.502016,2.134653,1.810908,112
"2021-01-01","c_0_37","00s",1.427819,2.116843,1.748339,112
"2021-02-01","c_0_37","00s",1.476172,2.200403,1.804168,112
"2021-03-01","c_0_37","00s",1.559445,2.293718,1.881531,112
"2021-04-01","c_0_37","00s",1.678061,2.427075,1.997087,112
"2021-05-01","c_0_37","00s",1.734675,2.521479,2.060901,112
"2021-06-01","c_0_37","00s",1.783081,2.593204,2.113458,112
"2021-07-01","c_0_37","00s",1.841678,2.695874,2.184343,112
"2021-08-01","c_0_37","00s",1.890759,2.779985,2.248098,112
"2021-09-01","c_0_37","00s",2.12989,3.016718,2.487285,112
"2021-10-01","c_0_37","00s",2.36495,3.368143,2.763886,112
"2021-11-01","c_0_37","00s",2.605053,3.659218,3.012488,112
"2021-12-01","c_0_37","00s",2.847772,3.917218,3.262442,112
"2022-01-01","c_0_37","00s",3.233993,4.321719,3.669649,112
"2022-02-01","c_0_37","00s",3.398111,4.504695,3.831482,112
"2022-03-01","c_0_37","00s",3.47578,4.636411,3.92191,112
"2022-04-01","c_0_37","00s",3.492713,4.636508,3.941163,112
"2022-05-01","c_0_37","00s",3.694562,4.812932,4.138458,112
"2022-06-01","c_0_37","00s",4.133125,5.227837,4.57108,112
"2022-07-01","c_0_37","00s",4.203841,5.266252,4.634144,112
"2022-08-01","c_0_37","00s",4.429219,5.44607,4.845894,112
"2022-09-01","c_0_37","00s",4.391577,5.467301,4.843758,112
"2022-10-01","c_0_37","00s",4.432576,5.417543,4.853537,112
"2022-11-01","c_0_37","00s",4.357875,5.341342,4.800624,112
"2022-12-01","c_0_37","00s",4.286762,5.274109,4.736663,112
"2023-01-01","c_0_37","00s",4.137287,5.068203,4.563058,112
"2023-02-01","c_0_37","00s",4.076761,4.999875,4.52655,112
"2023-03-01","c_0_37","00s",4.139681,4.987728,4.574093,112
"2023-04-01","c_0_37","00s",4.239123,5.073186,4.6618,112
"2023-05-01","c_0_37","00s",4.127242,4.941019,4.54299,112
"2023-06-01","c_0_37","00s",3.701494,4.510003,4.117177,112
"2023-07-01","c_0_37","00s",3.585016,4.378632,3.991817,112
"2023-08-01","c_0_37","00s",3.331373,4.104341,3.724588,112
"2023-09-01","c_0_37","00s",3.264959,3.993273,3.631593,112
"2023-10-01","c_0_37","00s",3.102634,3.815533,3.460294,112
"2023-11-01","c_0_37","00s",3.051297,3.717799,3.377879,112
"2023-12-01","c_0_37","00s",2.900046,3.542533,3.21631,112
"2024-01-01","c_0_37","00s",2.960016,3.589576,3.269477,112
"2024-02-01","c_0_37","00s",2.833012,3.435739,3.128344,112
"2024-03-01","c_0_37","00s",2.773009,3.372199,3.065866,112
"2024-04-01","c_0_37","00s",2.62473,3.228895,2.927464,112
"2024-05-01","c_0_37","00s",2.490116,3.117544,2.809954,112
"2024-06-01","c_0_37","00s",2.470631,3.073734,2.781828,112
"2024-07-01","c_0_37","00s",2.406378,2.999661,2.716775,112
"2024-08-01","c_0_37","00s",2.380075,2.983588,2.696799,112
"2024-09-01","c_0_37","00s",2.400635,2.992364,2.716053,112
"2024-10-01","c_0_37","00s",2.412273,2.994588,2.724742,112
"2024-11-01","c_0_37","00s",2.40978,2.982098,2.720711,112
"2024-12-01","c_0_37","00s",2.495065,3.061873,2.804778,112
"2025-01-01","c_0_37","00s",2.268253,2.862093,2.576612,112
"2025-02-01","c_0_37","00s",2.31073,2.883855,2.598728,112
"2025-03-01","c_0_37","00s",2.2972,2.865796,2.585791,112
"2025-04-01","c_0_37","00s",2.376038,2.928648,2.650167,112
"2025-05-01","c_0_37","00s",2.408847,2.915166,2.65648,112
"2025-06-01","c_0_37","00s",2.53275,3.029905,2.769444,112
"2025-07-01","c_0_37","00s",2.530185,3.019522,2.762322,112
"2025-08-01","c_0_37","00s",2.584537,3.066143,2.814954,112
"2025-09-01","c_0_37","00s",2.501011,3.006322,2.730847,112
"2025-10-01","c_0_37","00s",2.372262,2.893918,2.602808,112
"2025-11-01","c_0_37","00s",2.326425,2.849588,2.551906,112
"2025-12-01","c_0_37","00s",2.290426,2.824055,2.515971,112
"2026-01-01","c_0_37","00s",2.274231,2.818755,2.502949,112
"2026-02-01","c_0_37","00s",2.19867,2.773223,2.432773,112
"2026-03-01","c_0_37","00s",2.182919,2.772488,2.421502,112
"2026-04-01","c_0_37","00s",2.115886,2.74518,2.381074,112
"2026-05-01","c_0_37","00s",2.143273,2.785228,2.411816,112
"2026-06-01","c_0_37","00s",1.990209,2.661428,2.268547,112
"2026-07-01","c_0_37","00s",1.961146,2.646038,2.249236,112
"2026-08-01","c_0_37","00s",1.908639,2.605997,2.197911,112
"1960-01-01","f_0_24","long",0.57342,1.909664,1.319149,156
"1960-02-01","f_0_24","long",0.5712,1.906788,1.324987,156
"1960-03-01","f_0_24","long",0.570456,1.883275,1.298614,156
"1960-04-01","f_0_24","long",0.496779,1.872478,1.258758,156
"1960-05-01","f_0_24","long",0.48471,1.833552,1.221184,156
"1960-06-01","f_0_24","long",0.334866,1.658219,1.051781,156
"1960-07-01","f_0_24","long",0.391704,1.681546,1.083886,156
"1960-08-01","f_0_24","long",0.393076,1.651393,1.057628,156
"1960-09-01","f_0_24","long",0.289516,1.533249,0.956446,156
"1960-10-01","f_0_24","long",0.247726,1.462768,0.878116,156
"1960-11-01","f_0_24","long",0.300108,1.524686,0.952342,156
"1960-12-01","f_0_24","long",0.280773,1.493781,0.920358,156
"1961-01-01","f_0_24","long",0.288428,1.504951,0.917457,156
"1961-02-01","f_0_24","long",0.286841,1.450702,0.88099,156
"1961-03-01","f_0_24","long",0.249539,1.370863,0.832803,156
"1961-04-01","f_0_24","long",0.134621,1.224865,0.708893,156
"1961-05-01","f_0_24","long",0.133835,1.190781,0.679126,156
"1961-06-01","f_0_24","long",0.135124,1.212422,0.696142,156
"1961-07-01","f_0_24","long",0.057314,1.162433,0.642073,156
"1961-08-01","f_0_24","long",0.054117,1.067804,0.590734,156
"1961-09-01","f_0_24","long",0.054032,1.113469,0.612415,156
"1961-10-01","f_0_24","long",0.042947,1.040743,0.565717,156
"1961-11-01","f_0_24","long",-0.008355,0.956199,0.480792,156
"1961-12-01","f_0_24","long",-0.015349,0.873106,0.418053,156
"1962-01-01","f_0_24","long",0.156844,1.049977,0.607459,156
"1962-02-01","f_0_24","long",0.182909,1.147869,0.689295,156
"1962-03-01","f_0_24","long",0.299668,1.31496,0.84213,156
"1962-04-01","f_0_24","long",0.264629,1.259258,0.780336,156
"1962-05-01","f_0_24","long",0.269625,1.278095,0.803148,156
"1962-06-01","f_0_24","long",0.270352,1.305269,0.827935,156
"1962-07-01","f_0_24","long",0.238102,1.224054,0.756428,156
"1962-08-01","f_0_24","long",0.244329,1.289268,0.809242,156
"1962-09-01","f_0_24","long",0.253311,1.461884,0.861484,156
"1962-10-01","f_0_24","long",0.196292,1.428969,0.822888,156
"1962-11-01","f_0_24","long",0.194349,1.429711,0.819889,156
"1962-12-01","f_0_24","long",0.1415,1.383198,0.786717,156
"1963-01-01","f_0_24","long",0.069531,1.332264,0.7341,156
"1963-02-01","f_0_24","long",0.046833,1.258603,0.674151,156
"1963-03-01","f_0_24","long",-0.040976,1.115416,0.538182,156
"1963-04-01","f_0_24","long",-0.017245,1.137716,0.562471,156
"1963-05-01","f_0_24","long",0.087323,1.251788,0.677765,156
"1963-06-01","f_0_24","long",0.087591,1.272901,0.682623,156
"1963-07-01","f_0_24","long",0.09172,1.32463,0.715174,156
"1963-08-01","f_0_24","long",0.087591,1.348382,0.700876,156
"1963-09-01","f_0_24","long",0.0749,1.107117,0.603719,156
"1963-10-01","f_0_24","long",0.267163,1.303295,0.802717,156
"1963-11-01","f_0_24","long",0.267858,1.335278,0.817262,156
"1963-12-01","f_0_24","long",0.327392,1.449922,0.896342,156
"1964-01-01","f_0_24","long",0.278266,1.436385,0.862172,156
"1964-02-01","f_0_24","long",0.293154,1.468435,0.896335,156
"1964-03-01","f_0_24","long",0.264515,1.455459,0.883796,156
"1964-04-01","f_0_24","long",0.268897,1.4805,0.897712,156
"1964-05-01","f_0_24","long",0.159671,1.329857,0.750941,156
"1964-06-01","f_0_24","long",0.156718,1.249751,0.692567,156
"1964-07-01","f_0_24","long",0.152654,1.204498,0.651979,156
"1964-08-01","f_0_24","long",0.15141,1.153214,0.652308,156
"1964-09-01","f_0_24","long",0.150059,1.155432,0.640171,156
"1964-10-01","f_0_24","long",0.025718,1.03936,0.51349,156
"1964-11-01","f_0_24","long",0.031553,1.055931,0.537525,156
"1964-12-01","f_0_24","long",0.030148,1.040759,0.537611,156
"1965-01-01","f_0_24","long",0.052083,1.06037,0.555556,156
"1965-02-01","f_0_24","long",0.024507,0.979145,0.48355,156
"1965-03-01","f_0_24","long",0.06108,1.071519,0.541632,156
"1965-04-01","f_0_24","long",0.119597,1.148013,0.628596,156
"1965-05-01","f_0_24","long",0.151919,1.215088,0.697374,156
"1965-06-01","f_0_24","long",0.18905,1.324733,0.795796,156
"1965-07-01","f_0_24","long",0.190169,1.376213,0.845871,156
"1965-08-01","f_0_24","long",0.218187,1.426531,0.886342,156
"1965-09-01","f_0_24","long",0.259942,1.492552,0.964287,156
"1965-10-01","f_0_24","long",0.284681,1.542788,1.018913,156
"1965-11-01","f_0_24","long",0.393269,1.597513,1.086636,156
"1965-12-01","f_0_24","long",0.548769,1.749144,1.222792,156
"1966-01-01","f_0_24","long",0.618311,1.766265,1.262978,156
"1966-02-01","f_0_24","long",0.797176,1.993352,1.449928,156
"1966-03-01","f_0_24","long",0.832014,2.079645,1.521799,156
"1966-04-01","f_0_24","long",1.028774,2.242152,1.689981,156
"1966-05-01","f_0_24","long",1.041655,2.299212,1.715403,156
"1966-06-01","f_0_24","long",1.113745,2.376609,1.769074,156
"1966-07-01","f_0_24","long",1.265618,2.491912,1.880102,156
"1966-08-01","f_0_24","long",1.324238,2.529389,1.922125,156
"1966-09-01","f_0_24","long",1.546178,2.723195,2.112595,156
"1966-10-01","f_0_24","long",1.791454,2.930086,2.318285,156
"1966-11-01","f_0_24","long",1.780909,2.948715,2.318678,156
"1966-12-01","f_0_24","long",1.74226,2.908781,2.288143,156
"1967-01-01","f_0_24","long",1.751775,2.890448,2.280043,156
"1967-02-01","f_0_24","long",1.772132,2.856947,2.285371,156
"1967-03-01","f_0_24","long",1.742723,2.761084,2.228096,156
"1967-04-01","f_0_24","long",1.59803,2.635778,2.095149,156
"1967-05-01","f_0_24","long",1.665456,2.628061,2.118102,156
"1967-06-01","f_0_24","long",1.776662,2.662001,2.193081,156
"1967-07-01","f_0_24","long",1.829603,2.695001,2.241904,156
"1967-08-01","f_0_24","long",1.909798,2.785907,2.304023,156
"1967-09-01","f_0_24","long",1.959637,2.803573,2.344002,156
"1967-10-01","f_0_24","long",1.94907,2.783487,2.33146,156
"1967-11-01","f_0_24","long",2.057804,2.881562,2.432318,156
"1967-12-01","f_0_24","long",2.133029,2.953677,2.498934,156
"1968-01-01","f_0_24","long",2.309192,3.151139,2.680657,156
"1968-02-01","f_0_24","long",2.401088,3.264314,2.783595,156
"1968-03-01","f_0_24","long",2.585718,3.432448,2.943594,156
"1968-04-01","f_0_24","long",2.741426,3.564698,3.080367,156
"1968-05-01","f_0_24","long",2.964604,3.770976,3.299707,156
"1968-06-01","f_0_24","long",3.018355,3.843003,3.366478,156
"1968-07-01","f_0_24","long",3.023614,3.839264,3.365168,156
"1968-08-01","f_0_24","long",3.209611,3.9793,3.54356,156
"1968-09-01","f_0_24","long",3.236087,4.000265,3.567867,156
"1968-10-01","f_0_24","long",3.336153,4.081477,3.658561,156
"1968-11-01","f_0_24","long",3.434363,4.141507,3.747093,156
"1968-12-01","f_0_24","long",3.495287,4.197142,3.82244,156
"1969-01-01","f_0_24","long",3.490692,4.189516,3.818414,156
"1969-02-01","f_0_24","long",3.402012,4.082622,3.725104,156
"1969-03-01","f_0_24","long",3.572187,4.246432,3.887636,156
"1969-04-01","f_0_24","long",3.651978,4.327161,3.97065,156
"1969-05-01","f_0_24","long",3.632867,4.341629,3.962288,156
"1969-06-01","f_0_24","long",3.685724,4.367052,4.004949,156
"1969-07-01","f_0_24","long",3.900848,4.569987,4.219749,156
"1969-08-01","f_0_24","long",3.77833,4.457505,4.100336,156
"1969-09-01","f_0_24","long",3.803223,4.511634,4.132838,156
"1969-10-01","f_0_24","long",3.785524,4.504256,4.117535,156
"1969-11-01","f_0_24","long",3.840863,4.544014,4.162063,156
"1969-12-01","f_0_24","long",3.945441,4.61336,4.236868,156
"1970-01-01","f_0_24","long",3.94339,4.604459,4.228695,156
"1970-02-01","f_0_24","long",4.084825,4.744101,4.370305,156
"1970-03-01","f_0_24","long",4.046617,4.703348,4.342275,156
"1970-04-01","f_0_24","long",4.058519,4.750855,4.361098,156
"1970-05-01","f_0_24","long",3.99625,4.687672,4.299681,156
"1970-06-01","f_0_24","long",3.940361,4.649959,4.245601,156
"1970-07-01","f_0_24","long",3.856064,4.55324,4.155405,156
"1970-08-01","f_0_24","long",3.927632,4.610988,4.217545,156
"1970-09-01","f_0_24","long",3.928479,4.615904,4.221121,156
"1970-10-01","f_0_24","long",3.972015,4.750125,4.297064,156
"1970-11-01","f_0_24","long",3.950086,4.756236,4.28284,156
"1970-12-01","f_0_24","long",4.041135,4.85525,4.381936,156
"1971-01-01","f_0_24","long",4.01125,4.813624,4.352354,156
"1971-02-01","f_0_24","long",3.8782,4.691096,4.227127,156
"1971-03-01","f_0_24","long",3.752914,4.576201,4.096033,156
"1971-04-01","f_0_24","long",3.679435,4.482585,4.020902,156
"1971-05-01","f_0_24","long",3.78497,4.5614,4.114768,156
"1971-06-01","f_0_24","long",3.863371,4.656306,4.20205,156
"1971-07-01","f_0_24","long",3.774038,4.589238,4.122672,156
"1971-08-01","f_0_24","long",3.749729,4.570113,4.107646,156
"1971-09-01","f_0_24","long",3.614248,4.41902,3.96497,156
"1971-10-01","f_0_24","long",3.288392,4.023432,3.630429,156
"1971-11-01","f_0_24","long",3.094803,3.818001,3.432029,156
"1971-12-01","f_0_24","long",2.886765,3.615934,3.218335,156
"1972-01-01","f_0_24","long",2.856634,3.616704,3.19322,156
"1972-02-01","f_0_24","long",2.87693,3.624754,3.20682,156
"1972-03-01","f_0_24","long",2.885139,3.610291,3.213997,156
"1972-04-01","f_0_24","long",2.697748,3.405117,3.025127,156
"1972-05-01","f_0_24","long",2.49083,3.191765,2.813243,156
"1972-06-01","f_0_24","long",2.274576,2.947484,2.582805,156
"1972-07-01","f_0_24","long",2.2654,2.965698,2.574316,156
"1972-08-01","f_0_24","long",2.20349,2.904194,2.509823,156
"1972-09-01","f_0_24","long",2.259797,2.979183,2.56398,156
"1972-10-01","f_0_24","long",2.356528,3.049863,2.637191,156
"1972-11-01","f_0_24","long",2.463312,3.1535,2.747799,156
"1972-12-01","f_0_24","long",2.495387,3.174807,2.779205,156
"1973-01-01","f_0_24","long",2.438207,3.14132,2.742107,156
"1973-02-01","f_0_24","long",2.541467,3.270315,2.850265,156
"1973-03-01","f_0_24","long",2.672833,3.493335,3.026171,156
"1973-04-01","f_0_24","long",3.088763,3.958315,3.447269,156
"1973-05-01","f_0_24","long",3.286738,4.256819,3.682426,156
"1973-06-01","f_0_24","long",3.453177,4.505309,3.876985,156
"1973-07-01","f_0_24","long",3.400562,4.43753,3.828196,156
"1973-08-01","f_0_24","long",3.580442,4.734015,4.034909,156
"1973-09-01","f_0_24","long",3.595277,4.852162,4.077457,156
"1973-10-01","f_0_24","long",3.784932,5.270195,4.348959,156
"1973-11-01","f_0_24","long",3.908356,5.623599,4.538052,156
"1973-12-01","f_0_24","long",4.108279,5.899515,4.760336,156
"1974-01-01","f_0_24","long",4.365122,6.282902,5.039247,156
"1974-02-01","f_0_24","long",4.627886,6.808882,5.373411,156
"1974-03-01","f_0_24","long",4.946073,7.261909,5.698055,156
"1974-04-01","f_0_24","long",5.01188,7.406996,5.806767,156
"1974-05-01","f_0_24","long",5.463451,7.8916,6.278725,156
"1974-06-01","f_0_24","long",5.859582,8.38763,6.750631,156
"1974-07-01","f_0_24","long",6.288849,8.97218,7.234691,156
"1974-08-01","f_0_24","long",6.76357,9.48678,7.725236,156
"1974-09-01","f_0_24","long",7.210982,9.958098,8.221835,156
"1974-10-01","f_0_24","long",7.587524,10.155501,8.537297,156
"1974-11-01","f_0_24","long",7.812694,10.180484,8.703822,156
"1974-12-01","f_0_24","long",7.970037,10.315921,8.856471,156
"1975-01-01","f_0_24","long",8.144623,10.346049,8.999045,156
"1975-02-01","f_0_24","long",8.071172,9.989836,8.856755,156
"1975-03-01","f_0_24","long",7.718559,9.408588,8.444734,156
"1975-04-01","f_0_24","long",7.52076,9.110112,8.207197,156
"1975-05-01","f_0_24","long",6.996343,8.48448,7.650715,156
"1975-06-01","f_0_24","long",6.670298,8.078306,7.247308,156
"1975-07-01","f_0_24","long",6.539919,7.861446,7.077753,156
"1975-08-01","f_0_24","long",6.036582,7.241815,6.562497,156
"1975-09-01","f_0_24","long",5.81934,6.890509,6.280795,156
"1975-10-01","f_0_24","long",5.730608,6.757861,6.177768,156
"1975-11-01","f_0_24","long",5.595202,6.644315,6.046481,156
"1975-12-01","f_0_24","long",5.425539,6.439538,5.868103,156
"1976-01-01","f_0_24","long",5.198644,6.1809,5.629179,156
"1976-02-01","f_0_24","long",4.976672,6.048982,5.45209,156
"1976-03-01","f_0_24","long",4.897851,6.02019,5.41102,156
"1976-04-01","f_0_24","long",4.786767,5.870651,5.290566,156
"1976-05-01","f_0_24","long",4.970587,6.051537,5.458974,156
"1976-06-01","f_0_24","long",5.003488,6.004133,5.47556,156
"1976-07-01","f_0_24","long",4.92246,5.84671,5.371482,156
"1976-08-01","f_0_24","long",5.041694,5.932972,5.459166,156
"1976-09-01","f_0_24","long",4.979428,5.868449,5.395225,156
"1976-10-01","f_0_24","long",4.829609,5.755279,5.261739,156
"1976-11-01","f_0_24","long",4.800523,5.691658,5.22934,156
"1976-12-01","f_0_24","long",4.746006,5.660073,5.180245,156
"1977-01-01","f_0_24","long",4.898799,5.833713,5.342289,156
"1977-02-01","f_0_24","long",5.209262,6.065063,5.614417,156
"1977-03-01","f_0_24","long",5.508041,6.337105,5.893653,156
"1977-04-01","f_0_24","long",5.621474,6.480483,6.011855,156
"1977-05-01","f_0_24","long",5.620163,6.464723,6.013537,156
"1977-06-01","f_0_24","long",5.708013,6.551448,6.102674,156
"1977-07-01","f_0_24","long",5.751611,6.586426,6.152556,156
"1977-08-01","f_0_24","long",5.748687,6.56943,6.147958,156
"1977-09-01","f_0_24","long",5.689032,6.51573,6.088331,156
"1977-10-01","f_0_24","long",5.59376,6.412268,5.98106,156
"1977-11-01","f_0_24","long",5.717327,6.514814,6.09552,156
"1977-12-01","f_0_24","long",5.783242,6.579966,6.15439,156
"1978-01-01","f_0_24","long",5.608512,6.446613,5.991416,156
"1978-02-01","f_0_24","long",5.447758,6.302636,5.827203,156
"1978-03-01","f_0_24","long",5.414455,6.29567,5.790966,156
"1978-04-01","f_0_24","long",5.570246,6.486221,5.953939,156
"1978-05-01","f_0_24","long",5.749169,6.679028,6.132507,156
"1978-06-01","f_0_24","long",5.7517,6.709428,6.148446,156
"1978-07-01","f_0_24","long",5.818793,6.813108,6.233945,156
"1978-08-01","f_0_24","long",5.849048,6.926509,6.315999,156
"1978-09-01","f_0_24","long",6.024248,7.104335,6.494683,156
"1978-10-01","f_0_24","long",6.346745,7.430055,6.829309,156
"1978-11-01","f_0_24","long",6.424563,7.530584,6.921088,156
"1978-12-01","f_0_24","long",6.455677,7.547952,6.958904,156
"1979-01-01","f_0_24","long",6.780771,7.874786,7.280761,156
"1979-02-01","f_0_24","long",6.969925,8.066592,7.484684,156
"1979-03-01","f_0_24","long",7.021247,8.10402,7.532263,156
"1979-04-01","f_0_24","long",6.987497,8.115141,7.528135,156
"1979-05-01","f_0_24","long",7.119535,8.239969,7.660105,156
"1979-06-01","f_0_24","long",7.204507,8.289617,7.72416,156
"1979-07-01","f_0_24","long",7.330646,8.383032,7.827544,156
"1979-08-01","f_0_24","long",7.55064,8.543801,8.007396,156
"1979-09-01","f_0_24","long",7.629645,8.702493,8.12167,156
"1979-10-01","f_0_24","long",7.742092,8.864359,8.253802,156
"1979-11-01","f_0_24","long",7.708112,8.887474,8.230546,156
"1979-12-01","f_0_24","long",7.851398,9.130424,8.393907,156
"1980-01-01","f_0_24","long",7.972676,9.315808,8.535915,156
"1980-02-01","f_0_24","long",8.124863,9.691163,8.772846,156
"1980-03-01","f_0_24","long",8.3504,9.987125,9.002654,156
"1980-04-01","f_0_24","long",8.335183,9.934752,8.96944,156
"1980-05-01","f_0_24","long",8.262622,9.885073,8.912099,156
"1980-06-01","f_0_24","long",8.402532,10.06641,9.070026,156
"1980-07-01","f_0_24","long",8.296217,10.018616,8.97617,156
"1980-08-01","f_0_24","long",8.275903,10.024385,8.951786,156
"1980-09-01","f_0_24","long",8.404134,10.061905,9.041095,156
"1980-10-01","f_0_24","long",8.30961,9.911578,8.919084,156
"1980-11-01","f_0_24","long",8.387616,9.947216,8.988877,156
"1980-12-01","f_0_24","long",8.395476,9.8249,8.963682,156
"1981-01-01","f_0_24","long",8.339287,9.734529,8.887335,156
"1981-02-01","f_0_24","long",8.330437,9.509136,8.791629,156
"1981-03-01","f_0_24","long",8.118378,9.223179,8.580952,156
"1981-04-01","f_0_24","long",8.100028,9.243565,8.607089,156
"1981-05-01","f_0_24","long",7.877569,9.053254,8.409665,156
"1981-06-01","f_0_24","long",7.627684,8.769701,8.151189,156
"1981-07-01","f_0_24","long",7.62244,8.738909,8.148934,156
"1981-08-01","f_0_24","long",7.477304,8.657495,8.047839,156
"1981-09-01","f_0_24","long",7.268,8.458208,7.841971,156
"1981-10-01","f_0_24","long",7.036079,8.204431,7.601535,156
"1981-11-01","f_0_24","long",6.817503,7.993505,7.390852,156
"1981-12-01","f_0_24","long",6.517071,7.710496,7.098836,156
"1982-01-01","f_0_24","long",6.199863,7.365348,6.775392,156
"1982-02-01","f_0_24","long",5.793201,6.927861,6.34954,156
"1982-03-01","f_0_24","long",5.629432,6.732545,6.178208,156
"1982-04-01","f_0_24","long",5.399099,6.41792,5.880334,156
"1982-05-01","f_0_24","long",5.381379,6.330323,5.81688,156
"1982-06-01","f_0_24","long",5.336532,6.32326,5.765427,156
"1982-07-01","f_0_24","long",5.396184,6.377409,5.820843,156
"1982-08-01","f_0_24","long",5.151239,6.049688,5.536751,156
"1982-09-01","f_0_24","long",4.794335,5.705215,5.179263,156
"1982-10-01","f_0_24","long",4.746142,5.694296,5.153084,156
"1982-11-01","f_0_24","long",4.501806,5.426281,4.8943,156
"1982-12-01","f_0_24","long",4.287596,5.309767,4.725399,156
"1983-01-01","f_0_24","long",4.280644,5.252488,4.712886,156
"1983-02-01","f_0_24","long",4.215234,5.172006,4.642541,156
"1983-03-01","f_0_24","long",3.992731,4.945953,4.416236,156
"1983-04-01","f_0_24","long",4.141454,5.132936,4.584071,156
"1983-05-01","f_0_24","long",3.912402,4.942644,4.358089,156
"1983-06-01","f_0_24","long",3.742598,4.707164,4.1798,156
"1983-07-01","f_0_24","long",3.473219,4.453765,3.906146,156
"1983-08-01","f_0_24","long",3.390584,4.362626,3.823053,156
"1983-09-01","f_0_24","long",3.442896,4.451978,3.896702,156
"1983-10-01","f_0_24","long",3.20674,4.195874,3.650421,156
"1983-11-01","f_0_24","long",3.304327,4.285465,3.743584,156
"1983-12-01","f_0_24","long",3.369058,4.231225,3.75101,156
"1984-01-01","f_0_24","long",3.312769,4.187719,3.705952,156
"1984-02-01","f_0_24","long",3.346806,4.226358,3.745037,156
"1984-03-01","f_0_24","long",3.486472,4.379179,3.890332,156
"1984-04-01","f_0_24","long",3.444646,4.278765,3.82399,156
"1984-05-01","f_0_24","long",3.377074,4.174823,3.75111,156
"1984-06-01","f_0_24","long",3.352251,4.215003,3.777749,156
"1984-07-01","f_0_24","long",3.418405,4.256232,3.847324,156
"1984-08-01","f_0_24","long",3.492203,4.313884,3.911575,156
"1984-09-01","f_0_24","long",3.5076,4.273107,3.899416,156
"1984-10-01","f_0_24","long",3.591187,4.332572,3.964136,156
"1984-11-01","f_0_24","long",3.422892,4.175935,3.799304,156
"1984-12-01","f_0_24","long",3.496114,4.297829,3.898251,156
"1985-01-01","f_0_24","long",3.388447,4.175201,3.771899,156
"1985-02-01","f_0_24","long",3.510577,4.289281,3.88833,156
"1985-03-01","f_0_24","long",3.528082,4.310167,3.903234,156
"1985-04-01","f_0_24","long",3.37076,4.14474,3.746493,156
"1985-05-01","f_0_24","long",3.458437,4.261524,3.844134,156
"1985-06-01","f_0_24","long",3.544302,4.29669,3.892443,156
"1985-07-01","f_0_24","long",3.338616,4.074237,3.682354,156
"1985-08-01","f_0_24","long",3.302241,4.062373,3.669041,156
"1985-09-01","f_0_24","long",3.240326,4.029837,3.636418,156
"1985-10-01","f_0_24","long",3.194579,3.996423,3.596236,156
"1985-11-01","f_0_24","long",3.31269,4.170012,3.756124,156
"1985-12-01","f_0_24","long",3.356815,4.201418,3.788112,156
"1986-01-01","f_0_24","long",3.446617,4.297807,3.891328,156
"1986-02-01","f_0_24","long",3.144837,4.059334,3.643341,156
"1986-03-01","f_0_24","long",2.967391,3.899226,3.472081,156
"1986-04-01","f_0_24","long",2.943167,3.970429,3.501983,156
"1986-05-01","f_0_24","long",2.84685,3.862193,3.410138,156
"1986-06-01","f_0_24","long",2.850851,3.882614,3.413063,156
"1986-07-01","f_0_24","long",2.881533,3.94924,3.464772,156
"1986-08-01","f_0_24","long",2.841353,3.880201,3.399341,156
"1986-09-01","f_0_24","long",2.924637,3.922569,3.446074,156
"1986-10-01","f_0_24","long",2.949753,3.982256,3.489733,156
"1986-11-01","f_0_24","long",2.92763,3.881363,3.417336,156
"1986-12-01","f_0_24","long",2.866706,3.799251,3.345291,156
"1987-01-01","f_0_24","long",2.908529,3.88856,3.38419,156
"1987-02-01","f_0_24","long",2.998291,3.914057,3.423609,156
"1987-03-01","f_0_24","long",3.161015,4.050817,3.581995,156
"1987-04-01","f_0_24","long",3.374749,4.193453,3.755927,156
"1987-05-01","f_0_24","long",3.488358,4.303766,3.858444,156
"1987-06-01","f_0_24","long",3.427899,4.259932,3.802687,156
"1987-07-01","f_0_24","long",3.421518,4.233815,3.778886,156
"1987-08-01","f_0_24","long",3.55256,4.349166,3.90204,156
"1987-09-01","f_0_24","long",3.529773,4.319603,3.879813,156
"1987-10-01","f_0_24","long",3.587835,4.345229,3.919192,156
"1987-11-01","f_0_24","long",3.592381,4.368153,3.928165,156
"1987-12-01","f_0_24","long",3.510227,4.296046,3.856945,156
"1988-01-01","f_0_24","long",3.480051,4.2159,3.82859,156
"1988-02-01","f_0_24","long",3.455126,4.215731,3.811018,156
"1988-03-01","f_0_24","long",3.46196,4.235826,3.814366,156
"1988-04-01","f_0_24","long",3.407567,4.225392,3.775987,156
"1988-05-01","f_0_24","long",3.384763,4.198577,3.751375,156
"1988-06-01","f_0_24","long",3.48746,4.262004,3.844408,156
"1988-07-01","f_0_24","long",3.667182,4.498209,4.054268,156
"1988-08-01","f_0_24","long",3.615297,4.479496,4.019907,156
"1988-09-01","f_0_24","long",3.748348,4.649336,4.170865,156
"1988-10-01","f_0_24","long",3.690428,4.652106,4.142951,156
"1988-11-01","f_0_24","long",3.725092,4.662637,4.172172,156
"1988-12-01","f_0_24","long",3.830186,4.763768,4.265013,156
"1989-01-01","f_0_24","long",3.889592,4.856246,4.337195,156
"1989-02-01","f_0_24","long",3.987207,4.9782,4.438828,156
"1989-03-01","f_0_24","long",3.970545,4.93734,4.413659,156
"1989-04-01","f_0_24","long",3.990189,4.926267,4.4139,156
"1989-05-01","f_0_24","long",4.054385,5.002275,4.484238,156
"1989-06-01","f_0_24","long",3.958229,4.918671,4.38628,156
"1989-07-01","f_0_24","long",3.882553,4.776718,4.279798,156
"1989-08-01","f_0_24","long",3.756494,4.717162,4.196691,156
"1989-09-01","f_0_24","long",3.626331,4.581702,4.059655,156
"1989-10-01","f_0_24","long",3.771555,4.649608,4.17536,156
"1989-11-01","f_0_24","long",3.752667,4.651834,4.1619,156
"1989-12-01","f_0_24","long",3.776097,4.673023,4.201497,156
"1990-01-01","f_0_24","long",3.676734,4.59541,4.099597,156
"1990-02-01","f_0_24","long",3.650957,4.562005,4.073213,156
"1990-03-01","f_0_24","long",3.807275,4.726299,4.240357,156
"1990-04-01","f_0_24","long",3.773374,4.651484,4.188678,156
"1990-05-01","f_0_24","long",3.712753,4.586955,4.127045,156
"1990-06-01","f_0_24","long",3.867295,4.775888,4.300128,156
"1990-07-01","f_0_24","long",3.905637,4.813336,4.332061,156
"1990-08-01","f_0_24","long",4.122031,4.970966,4.499962,156
"1990-09-01","f_0_24","long",4.122207,4.987045,4.511381,156
"1990-10-01","f_0_24","long",4.008833,4.91216,4.407255,156
"1990-11-01","f_0_24","long",3.893808,4.805029,4.298863,156
"1990-12-01","f_0_24","long",3.877257,4.782231,4.264885,156
"1991-01-01","f_0_24","long",3.850701,4.76836,4.239934,156
"1991-02-01","f_0_24","long",3.739963,4.673553,4.147875,156
"1991-03-01","f_0_24","long",3.422336,4.35187,3.822655,156
"1991-04-01","f_0_24","long",3.346897,4.277094,3.743177,156
"1991-05-01","f_0_24","long",3.418219,4.335375,3.809738,156
"1991-06-01","f_0_24","long",3.178715,4.076515,3.555997,156
"1991-07-01","f_0_24","long",3.047597,3.979935,3.437213,156
"1991-08-01","f_0_24","long",2.850429,3.826881,3.276313,156
"1991-09-01","f_0_24","long",2.815889,3.789983,3.246183,156
"1991-10-01","f_0_24","long",2.737235,3.672246,3.160808,156
"1991-11-01","f_0_24","long",2.8806,3.800546,3.294891,156
"1991-12-01","f_0_24","long",2.899676,3.81531,3.320738,156
"1992-01-01","f_0_24","long",2.790139,3.633636,3.1924,156
"1992-02-01","f_0_24","long",2.845784,3.66557,3.226658,156
"1992-03-01","f_0_24","long",2.962381,3.818211,3.359633,156
"1992-04-01","f_0_24","long",2.871039,3.755359,3.286552,156
"1992-05-01","f_0_24","long",2.738452,3.671018,3.180483,156
"1992-06-01","f_0_24","long",2.71029,3.699607,3.191941,156
"1992-07-01","f_0_24","long",2.699798,3.691722,3.193054,156
"1992-08-01","f_0_24","long",2.678233,3.615795,3.133481,156
"1992-09-01","f_0_24","long",2.538357,3.467944,2.983262,156
"1992-10-01","f_0_24","long",2.595015,3.554566,3.044796,156
"1992-11-01","f_0_24","long",2.55715,3.505394,3.003649,156
"1992-12-01","f_0_24","long",2.460115,3.411664,2.900575,156
"1993-01-01","f_0_24","long",2.458852,3.416292,2.900613,156
"1993-02-01","f_0_24","long",2.435531,3.344331,2.86295,156
"1993-03-01","f_0_24","long",2.342561,3.213709,2.755748,156
"1993-04-01","f_0_24","long",2.440743,3.269339,2.8376,156
"1993-05-01","f_0_24","long",2.486346,3.268837,2.863789,156
"1993-06-01","f_0_24","long",2.462872,3.167415,2.800986,156
"1993-07-01","f_0_24","long",2.448513,3.101192,2.752963,156
"1993-08-01","f_0_24","long",2.405422,3.031391,2.699918,156
"1993-09-01","f_0_24","long",2.423195,3.01538,2.704525,156
"1993-10-01","f_0_24","long",2.365071,2.932673,2.633714,156
"1993-11-01","f_0_24","long",2.294563,2.852524,2.560217,156
"1993-12-01","f_0_24","long",2.17763,2.791231,2.487792,156
"1994-01-01","f_0_24","long",2.099113,2.75798,2.442782,156
"1994-02-01","f_0_24","long",2.071792,2.765601,2.429865,156
"1994-03-01","f_0_24","long",2.119055,2.803933,2.475191,156
"1994-04-01","f_0_24","long",2.007125,2.705407,2.372241,156
"1994-05-01","f_0_24","long",1.956637,2.66104,2.324438,156
"1994-06-01","f_0_24","long",1.987905,2.727718,2.383501,156
"1994-07-01","f_0_24","long",2.00711,2.774625,2.417709,156
"1994-08-01","f_0_24","long",1.992956,2.7591,2.404761,156
"1994-09-01","f_0_24","long",1.968146,2.739957,2.394884,156
"1994-10-01","f_0_24","long",1.900642,2.678174,2.339602,156
"1994-11-01","f_0_24","long",1.903565,2.70214,2.349923,156
"1994-12-01","f_0_24","long",1.902667,2.662709,2.329874,156
"1995-01-01","f_0_24","long",2.050696,2.767648,2.441551,156
"1995-02-01","f_0_24","long",1.997204,2.674122,2.370182,156
"1995-03-01","f_0_24","long",1.94679,2.648648,2.332167,156
"1995-04-01","f_0_24","long",1.999998,2.686856,2.378156,156
"1995-05-01","f_0_24","long",1.973048,2.635726,2.335801,156
"1995-06-01","f_0_24","long",1.929199,2.552991,2.261233,156
"1995-07-01","f_0_24","long",1.847467,2.467851,2.184485,156
"1995-08-01","f_0_24","long",1.911964,2.532287,2.242749,156
"1995-09-01","f_0_24","long",1.903134,2.558256,2.248939,156
"1995-10-01","f_0_24","long",2.005626,2.641759,2.339453,156
"1995-11-01","f_0_24","long",1.936481,2.596003,2.297712,156
"1995-12-01","f_0_24","long",2.017816,2.641898,2.349492,156
"1996-01-01","f_0_24","long",1.945054,2.545366,2.270778,156
"1996-02-01","f_0_24","long",1.9717,2.588881,2.293098,156
"1996-03-01","f_0_24","long",1.992263,2.580961,2.289822,156
"1996-04-01","f_0_24","long",1.956941,2.561446,2.253982,156
"1996-05-01","f_0_24","long",1.978365,2.600324,2.281349,156
"1996-06-01","f_0_24","long",1.976975,2.636326,2.313084,156
"1996-07-01","f_0_24","long",2.016535,2.691672,2.347786,156
"1996-08-01","f_0_24","long",1.960772,2.669663,2.32932,156
"1996-09-01","f_0_24","long",2.063793,2.738066,2.400557,156
"1996-10-01","f_0_24","long",2.042851,2.728533,2.379826,156
"1996-11-01","f_0_24","long",2.127135,2.770832,2.434102,156
"1996-12-01","f_0_24","long",2.088445,2.743376,2.405827,156
"1997-01-01","f_0_24","long",2.027272,2.71739,2.354982,156
"1997-02-01","f_0_24","long",2.016729,2.697183,2.345533,156
"1997-03-01","f_0_24","long",1.978287,2.657276,2.315383,156
"1997-04-01","f_0_24","long",1.947719,2.63497,2.305506,156
"1997-05-01","f_0_24","long",1.859048,2.56069,2.232627,156
"1997-06-01","f_0_24","long",1.842664,2.57501,2.213197,156
"1997-07-01","f_0_24","long",1.712791,2.499142,2.108434,156
"1997-08-01","f_0_24","long",1.659613,2.432905,2.040749,156
"1997-09-01","f_0_24","long",1.634502,2.390622,2.012517,156
"1997-10-01","f_0_24","long",1.407572,2.205885,1.806624,156
"1997-11-01","f_0_24","long",1.282416,2.132412,1.711584,156
"1997-12-01","f_0_24","long",1.191384,2.116389,1.651992,156
"1998-01-01","f_0_24","long",1.146228,2.061178,1.612671,156
"1998-02-01","f_0_24","long",1.031196,2.01916,1.551815,156
"1998-03-01","f_0_24","long",1.016199,2.059608,1.570813,156
"1998-04-01","f_0_24","long",1.020086,2.047834,1.56046,156
"1998-05-01","f_0_24","long",1.04712,2.127247,1.600977,156
"1998-06-01","f_0_24","long",1.029702,2.049611,1.563889,156
"1998-07-01","f_0_24","long",1.137811,2.060603,1.637104,156
"1998-08-01","f_0_24","long",1.212718,2.157616,1.707948,156
"1998-09-01","f_0_24","long",1.085526,2.153345,1.646626,156
"1998-10-01","f_0_24","long",1.226402,2.255523,1.772006,156
"1998-11-01","f_0_24","long",1.233266,2.267746,1.795637,156
"1998-12-01","f_0_24","long",1.248163,2.29014,1.824604,156
"1999-01-01","f_0_24","long",1.294685,2.31501,1.857274,156
"1999-02-01","f_0_24","long",1.271582,2.283429,1.810515,156
"1999-03-01","f_0_24","long",1.222264,2.199483,1.737504,156
"1999-04-01","f_0_24","long",1.292687,2.295128,1.80552,156
"1999-05-01","f_0_24","long",1.287409,2.245896,1.788919,156
"1999-06-01","f_0_24","long",1.287223,2.251996,1.795933,156
"1999-07-01","f_0_24","long",1.333579,2.295966,1.83632,156
"1999-08-01","f_0_24","long",1.285606,2.217466,1.780916,156
"1999-09-01","f_0_24","long",1.430191,2.259446,1.859017,156
"1999-10-01","f_0_24","long",1.429445,2.242549,1.849085,156
"1999-11-01","f_0_24","long",1.479558,2.28172,1.870207,156
"1999-12-01","f_0_24","long",1.574295,2.284822,1.908478,156
"2000-01-01","f_0_24","long",1.692494,2.401328,2.023889,156
"2000-02-01","f_0_24","long",1.840217,2.497742,2.152361,156
"2000-03-01","f_0_24","long",1.968104,2.604217,2.263917,156
"2000-04-01","f_0_24","long",1.8239,2.522284,2.169275,156
"2000-05-01","f_0_24","long",1.84497,2.54595,2.196963,156
"2000-06-01","f_0_24","long",1.914279,2.603718,2.247967,156
"2000-07-01","f_0_24","long",1.955212,2.684268,2.30112,156
"2000-08-01","f_0_24","long",1.970525,2.700909,2.314927,156
"2000-09-01","f_0_24","long",1.997705,2.72152,2.355257,156
"2000-10-01","f_0_24","long",1.970985,2.748041,2.363022,156
"2000-11-01","f_0_24","long",1.994024,2.745344,2.388022,156
"2000-12-01","f_0_24","long",1.990302,2.785032,2.422515,156
"2001-01-01","f_0_24","long",2.027986,2.887244,2.470651,156
"2001-02-01","f_0_24","long",2.083001,2.934427,2.520118,156
"2001-03-01","f_0_24","long",2.024594,2.914589,2.484851,156
"2001-04-01","f_0_24","long",2.138458,3.009,2.597515,156
"2001-05-01","f_0_24","long",2.149438,3.000864,2.593441,156
"2001-06-01","f_0_24","long",2.207921,3.089367,2.668559,156
"2001-07-01","f_0_24","long",2.135216,3.02204,2.599272,156
"2001-08-01","f_0_24","long",2.140452,3.121665,2.653562,156
"2001-09-01","f_0_24","long",2.074555,3.084377,2.596032,156
"2001-10-01","f_0_24","long",2.083114,3.085992,2.601397,156
"2001-11-01","f_0_24","long",2.092865,3.078164,2.594932,156
"2001-12-01","f_0_24","long",2.010412,3.007182,2.512548,156
"2002-01-01","f_0_24","long",1.802591,2.785283,2.326319,156
"2002-02-01","f_0_24","long",1.74041,2.778901,2.280441,156
"2002-03-01","f_0_24","long",1.774957,2.819256,2.307297,156
"2002-04-01","f_0_24","long",1.783819,2.770359,2.264329,156
"2002-05-01","f_0_24","long",1.764691,2.736638,2.235024,156
"2002-06-01","f_0_24","long",1.677944,2.64747,2.147942,156
"2002-07-01","f_0_24","long",1.717051,2.665469,2.178561,156
"2002-08-01","f_0_24","long",1.734307,2.587106,2.145098,156
"2002-09-01","f_0_24","long",1.799478,2.616465,2.19072,156
"2002-10-01","f_0_24","long",1.824448,2.615531,2.19988,156
"2002-11-01","f_0_24","long",1.813423,2.606636,2.184533,156
"2002-12-01","f_0_24","long",1.872897,2.661797,2.228322,156
"2003-01-01","f_0_24","long",1.891288,2.69202,2.238359,156
"2003-02-01","f_0_24","long",1.876921,2.641162,2.209569,156
"2003-03-01","f_0_24","long",1.85921,2.595524,2.188565,156
"2003-04-01","f_0_24","long",1.735489,2.475949,2.076406,156
"2003-05-01","f_0_24","long",1.741421,2.493665,2.081835,156
"2003-06-01","f_0_24","long",1.70477,2.436862,2.025432,156
"2003-07-01","f_0_24","long",1.733663,2.44628,2.048571,156
"2003-08-01","f_0_24","long",1.759369,2.463012,2.067243,156
"2003-09-01","f_0_24","long",1.686974,2.392811,1.994752,156
"2003-10-01","f_0_24","long",1.704489,2.427484,2.013253,156
"2003-11-01","f_0_24","long",1.663531,2.432368,1.993594,156
"2003-12-01","f_0_24","long",1.640409,2.406756,1.972026,156
"2004-01-01","f_0_24","long",1.737905,2.536109,2.089456,156
"2004-02-01","f_0_24","long",1.797433,2.571443,2.146293,156
"2004-03-01","f_0_24","long",1.792832,2.546605,2.132792,156
"2004-04-01","f_0_24","long",1.986772,2.730324,2.319493,156
"2004-05-01","f_0_24","long",2.049105,2.768528,2.375835,156
"2004-06-01","f_0_24","long",2.168874,2.866704,2.48786,156
"2004-07-01","f_0_24","long",2.086336,2.807596,2.429081,156
"2004-08-01","f_0_24","long",2.016266,2.804623,2.397475,156
"2004-09-01","f_0_24","long",2.003038,2.792665,2.3841,156
"2004-10-01","f_0_24","long",2.004125,2.78225,2.384044,156
"2004-11-01","f_0_24","long",2.050043,2.841275,2.434382,156
"2004-12-01","f_0_24","long",2.050037,2.828688,2.448081,156
"2005-01-01","f_0_24","long",2.138708,2.842018,2.49936,156
"2005-02-01","f_0_24","long",2.140557,2.858891,2.50572,156
"2005-03-01","f_0_24","long",2.150254,2.886126,2.514326,156
"2005-04-01","f_0_24","long",2.05398,2.815077,2.424531,156
"2005-05-01","f_0_24","long",2.026164,2.799739,2.4032,156
"2005-06-01","f_0_24","long",1.963431,2.744445,2.344205,156
"2005-07-01","f_0_24","long",2.034503,2.784263,2.393219,156
"2005-08-01","f_0_24","long",2.055083,2.740353,2.389588,156
"2005-09-01","f_0_24","long",2.154971,2.863943,2.505034,156
"2005-10-01","f_0_24","long",2.214144,2.930312,2.56179,156
"2005-11-01","f_0_24","long",2.270302,2.924702,2.589069,156
"2005-12-01","f_0_24","long",2.228106,2.897249,2.5466,156
"2006-01-01","f_0_24","long",2.180145,2.8332,2.492431,156
"2006-02-01","f_0_24","long",2.100707,2.788863,2.437176,156
"2006-03-01","f_0_24","long",2.142801,2.826756,2.486656,156
"2006-04-01","f_0_24","long",2.226712,2.893425,2.563966,156
"2006-05-01","f_0_24","long",2.34018,3.026794,2.685315,156
"2006-06-01","f_0_24","long",2.493116,3.175862,2.843681,156
"2006-07-01","f_0_24","long",2.453407,3.198986,2.840414,156
"2006-08-01","f_0_24","long",2.547381,3.288062,2.923356,156
"2006-09-01","f_0_24","long",2.485794,3.238825,2.867534,156
"2006-10-01","f_0_24","long",2.43048,3.20726,2.817889,156
"2006-11-01","f_0_24","long",2.273984,3.085955,2.678032,156
"2006-12-01","f_0_24","long",2.413161,3.206602,2.804258,156
"2007-01-01","f_0_24","long",2.450686,3.274905,2.84671,156
"2007-02-01","f_0_24","long",2.580348,3.356196,2.953513,156
"2007-03-01","f_0_24","long",2.510665,3.292881,2.883883,156
"2007-04-01","f_0_24","long",2.428184,3.192468,2.792629,156
"2007-05-01","f_0_24","long",2.278807,3.01121,2.630792,156
"2007-06-01","f_0_24","long",2.189498,2.916797,2.531623,156
"2007-07-01","f_0_24","long",2.186951,2.855458,2.488868,156
"2007-08-01","f_0_24","long",2.103714,2.787522,2.427084,156
"2007-09-01","f_0_24","long",2.198397,2.877486,2.51039,156
"2007-10-01","f_0_24","long",2.289818,2.962589,2.59288,156
"2007-11-01","f_0_24","long",2.508487,3.142141,2.796062,156
"2007-12-01","f_0_24","long",2.505339,3.132738,2.775838,156
"2008-01-01","f_0_24","long",2.428107,3.033075,2.696196,156
"2008-02-01","f_0_24","long",2.34368,2.964666,2.605273,156
"2008-03-01","f_0_24","long",2.390287,3.008877,2.648625,156
"2008-04-01","f_0_24","long",2.381014,3.035604,2.66858,156
"2008-05-01","f_0_24","long",2.386531,3.093103,2.704575,156
"2008-06-01","f_0_24","long",2.421655,3.181298,2.761655,156
"2008-07-01","f_0_24","long",2.489436,3.340438,2.869993,156
"2008-08-01","f_0_24","long",2.462828,3.320266,2.840081,156
"2008-09-01","f_0_24","long",2.353978,3.191749,2.72802,156
"2008-10-01","f_0_24","long",2.060007,3.017245,2.561649,156
"2008-11-01","f_0_24","long",1.788653,2.920398,2.422761,156
"2008-12-01","f_0_24","long",1.561314,2.746239,2.254056,156
"2009-01-01","f_0_24","long",1.531749,2.75352,2.262244,156
"2009-02-01","f_0_24","long",1.502728,2.703229,2.235641,156
"2009-03-01","f_0_24","long",1.32787,2.617427,2.13968,156
"2009-04-01","f_0_24","long",1.286629,2.538146,2.0723,156
"2009-05-01","f_0_24","long",1.252831,2.46446,2.014998,156
"2009-06-01","f_0_24","long",1.139813,2.324808,1.888217,156
"2009-07-01","f_0_24","long",0.88126,1.985197,1.600997,156
"2009-08-01","f_0_24","long",0.8641,2.042616,1.614678,156
"2009-09-01","f_0_24","long",0.742707,1.977191,1.508241,156
"2009-10-01","f_0_24","long",0.929507,2.141725,1.609777,156
"2009-11-01","f_0_24","long",0.990307,2.064852,1.544853,156
"2009-12-01","f_0_24","long",1.051323,2.06531,1.552936,156
"2010-01-01","f_0_24","long",0.932138,1.921613,1.399871,156
"2010-02-01","f_0_24","long",0.813883,1.826193,1.29273,156
"2010-03-01","f_0_24","long",0.839832,1.758139,1.239961,156
"2010-04-01","f_0_24","long",0.787167,1.719258,1.187939,156
"2010-05-01","f_0_24","long",0.723177,1.652274,1.114708,156
"2010-06-01","f_0_24","long",0.618215,1.544048,1.026328,156
"2010-07-01","f_0_24","long",0.683626,1.605779,1.084733,156
"2010-08-01","f_0_24","long",0.711739,1.545736,1.064637,156
"2010-09-01","f_0_24","long",0.767212,1.526453,1.09956,156
"2010-10-01","f_0_24","long",0.664462,1.307524,0.945409,156
"2010-11-01","f_0_24","long",0.694512,1.326563,0.980131,156
"2010-12-01","f_0_24","long",0.748225,1.360836,1.018902,156
"2011-01-01","f_0_24","long",0.844249,1.514602,1.131855,156
"2011-02-01","f_0_24","long",0.983855,1.696121,1.302715,156
"2011-03-01","f_0_24","long",1.118558,1.8486,1.443341,156
"2011-04-01","f_0_24","long",1.252728,2.028765,1.587949,156
"2011-05-01","f_0_24","long",1.38521,2.253449,1.756338,156
"2011-06-01","f_0_24","long",1.45823,2.313809,1.816506,156
"2011-07-01","f_0_24","long",1.545812,2.392561,1.898814,156
"2011-08-01","f_0_24","long",1.63102,2.490091,1.983196,156
"2011-09-01","f_0_24","long",1.67819,2.552415,2.03307,156
"2011-10-01","f_0_24","long",1.677136,2.595417,2.094603,156
"2011-11-01","f_0_24","long",1.724748,2.652759,2.138474,156
"2011-12-01","f_0_24","long",1.796777,2.719998,2.21417,156
"2012-01-01","f_0_24","long",1.85791,2.745317,2.256377,156
"2012-02-01","f_0_24","long",1.829463,2.686073,2.182206,156
"2012-03-01","f_0_24","long",1.806394,2.633914,2.150352,156
"2012-04-01","f_0_24","long",1.759507,2.520067,2.085984,156
"2012-05-01","f_0_24","long",1.690487,2.362715,1.996179,156
"2012-06-01","f_0_24","long",1.663216,2.332396,1.967925,156
"2012-07-01","f_0_24","long",1.62544,2.310245,1.944398,156
"2012-08-01","f_0_24","long",1.556442,2.226099,1.883875,156
"2012-09-01","f_0_24","long",1.556856,2.202061,1.872978,156
"2012-10-01","f_0_24","long",1.617155,2.269089,1.886721,156
"2012-11-01","f_0_24","long",1.5411,2.162794,1.807172,156
"2012-12-01","f_0_24","long",1.460791,2.097957,1.734499,156
"2013-01-01","f_0_24","long",1.425137,2.019234,1.695878,156
"2013-02-01","f_0_24","long",1.440441,2.002951,1.710019,156
"2013-03-01","f_0_24","long",1.344466,1.964729,1.640359,156
"2013-04-01","f_0_24","long",1.161981,1.898202,1.497663,156
"2013-05-01","f_0_24","long",1.122695,1.91552,1.474454,156
"2013-06-01","f_0_24","long",1.232086,2.011372,1.575382,156
"2013-07-01","f_0_24","long",1.261434,2.023485,1.594859,156
"2013-08-01","f_0_24","long",1.244878,2.008064,1.571556,156
"2013-09-01","f_0_24","long",1.190219,2.005397,1.554995,156
"2013-10-01","f_0_24","long",1.220775,1.962983,1.575135,156
"2013-11-01","f_0_24","long",1.309421,2.042427,1.658114,156
"2013-12-01","f_0_24","long",1.334488,2.065213,1.68622,156
"2014-01-01","f_0_24","long",1.296158,2.03708,1.648343,156
"2014-02-01","f_0_24","long",1.218787,1.981583,1.591911,156
"2014-03-01","f_0_24","long",1.260871,1.984517,1.616858,156
"2014-04-01","f_0_24","long",1.447915,2.074156,1.766931,156
"2014-05-01","f_0_24","long",1.529319,2.089158,1.8221,156
"2014-06-01","f_0_24","long",1.499987,2.061389,1.792716,156
"2014-07-01","f_0_24","long",1.50965,2.083219,1.800647,156
"2014-08-01","f_0_24","long",1.437471,2.047944,1.753292,156
"2014-09-01","f_0_24","long",1.475194,2.061613,1.769613,156
"2014-10-01","f_0_24","long",1.332083,2.061152,1.696559,156
"2014-11-01","f_0_24","long",1.269447,2.055644,1.659405,156
"2014-12-01","f_0_24","long",1.268763,2.052922,1.656848,156
"2015-01-01","f_0_24","long",1.072941,1.97216,1.519657,156
"2015-02-01","f_0_24","long",1.140059,2.031021,1.586442,156
"2015-03-01","f_0_24","long",1.149315,2.020464,1.587644,156
"2015-04-01","f_0_24","long",1.158745,2.067535,1.619507,156
"2015-05-01","f_0_24","long",1.114521,2.02855,1.577383,156
"2015-06-01","f_0_24","long",1.107091,2.04445,1.584542,156
"2015-07-01","f_0_24","long",1.105402,2.027804,1.58279,156
"2015-08-01","f_0_24","long",1.12345,2.023688,1.595512,156
"2015-09-01","f_0_24","long",1.126616,2.017827,1.601227,156
"2015-10-01","f_0_24","long",1.134035,1.926493,1.567003,156
"2015-11-01","f_0_24","long",1.120895,1.875913,1.537365,156
"2015-12-01","f_0_24","long",1.053917,1.83989,1.489314,156
"2016-01-01","f_0_24","long",1.224593,1.933404,1.619534,156
"2016-02-01","f_0_24","long",1.227921,1.932497,1.612655,156
"2016-03-01","f_0_24","long",1.260173,1.990273,1.653428,156
"2016-04-01","f_0_24","long",1.300019,2.018397,1.680577,156
"2016-05-01","f_0_24","long",1.378122,2.102116,1.763992,156
"2016-06-01","f_0_24","long",1.346019,2.057363,1.725154,156
"2016-07-01","f_0_24","long",1.319096,2.088278,1.720437,156
"2016-08-01","f_0_24","long",1.361993,2.151628,1.762676,156
"2016-09-01","f_0_24","long",1.405917,2.196708,1.802905,156
"2016-10-01","f_0_24","long",1.534901,2.278354,1.907922,156
"2016-11-01","f_0_24","long",1.504494,2.255139,1.886911,156
"2016-12-01","f_0_24","long",1.584927,2.290933,1.939842,156
"2017-01-01","f_0_24","long",1.664477,2.319052,2.000545,156
"2017-02-01","f_0_24","long",1.646704,2.285286,1.966746,156
"2017-03-01","f_0_24","long",1.593257,2.23119,1.912609,156
"2017-04-01","f_0_24","long",1.497174,2.111498,1.824727,156
"2017-05-01","f_0_24","long",1.417223,2.021039,1.733202,156
"2017-06-01","f_0_24","long",1.433398,2.061488,1.75951,156
"2017-07-01","f_0_24","long",1.413861,1.994922,1.724553,156
"2017-08-01","f_0_24","long",1.425643,1.974771,1.725631,156
"2017-09-01","f_0_24","long",1.380087,1.928356,1.679226,156
"2017-10-01","f_0_24","long",1.382813,1.977986,1.694115,156
"2017-11-01","f_0_24","long",1.399674,2.012754,1.722171,156
"2017-12-01","f_0_24","long",1.438044,2.058135,1.759325,156
"2018-01-01","f_0_24","long",1.50221,2.152535,1.820811,156
"2018-02-01","f_0_24","long",1.530084,2.195218,1.86015,156
"2018-03-01","f_0_24","long",1.543079,2.194199,1.871186,156
"2018-04-01","f_0_24","long",1.547555,2.204498,1.870596,156
"2018-05-01","f_0_24","long",1.579978,2.24339,1.918223,156
"2018-06-01","f_0_24","long",1.62642,2.249046,1.940478,156
"2018-07-01","f_0_24","long",1.648829,2.280614,1.969448,156
"2018-08-01","f_0_24","long",1.643182,2.274132,1.967182,156
"2018-09-01","f_0_24","long",1.675494,2.300907,1.998009,156
"2018-10-01","f_0_24","long",1.671874,2.26024,1.987874,156
"2018-11-01","f_0_24","long",1.741175,2.32086,2.055783,156
"2018-12-01","f_0_24","long",1.731745,2.317485,2.052751,156
"2019-01-01","f_0_24","long",1.578024,2.182455,1.927159,156
"2019-02-01","f_0_24","long",1.601051,2.221883,1.960511,156
"2019-03-01","f_0_24","long",1.64508,2.264286,1.999483,156
"2019-04-01","f_0_24","long",1.716147,2.410999,2.101601,156
"2019-05-01","f_0_24","long",1.653163,2.354308,2.029242,156
"2019-06-01","f_0_24","long",1.581333,2.311749,1.979261,156
"2019-07-01","f_0_24","long",1.639141,2.358471,2.022496,156
"2019-08-01","f_0_24","long",1.638759,2.384845,2.036935,156
"2019-09-01","f_0_24","long",1.534786,2.333336,1.955608,156
"2019-10-01","f_0_24","long",1.583546,2.41709,2.005493,156
"2019-11-01","f_0_24","long",1.56333,2.359279,1.958769,156
"2019-12-01","f_0_24","long",1.555335,2.37027,1.949224,156
"2020-01-01","f_0_24","long",1.652914,2.44285,2.030193,156
"2020-02-01","f_0_24","long",1.644668,2.427593,2.018463,156
"2020-03-01","f_0_24","long",1.57742,2.386722,1.96781,156
"2020-04-01","f_0_24","long",1.443599,2.245938,1.86275,156
"2020-05-01","f_0_24","long",1.52723,2.328047,1.948144,156
"2020-06-01","f_0_24","long",1.557926,2.400677,1.99023,156
"2020-07-01","f_0_24","long",1.598919,2.485197,2.037474,156
"2020-08-01","f_0_24","long",1.651098,2.548577,2.079231,156
"2020-09-01","f_0_24","long",1.67384,2.550332,2.084072,156
"2020-10-01","f_0_24","long",1.599352,2.455177,2.007126,156
"2020-11-01","f_0_24","long",1.527283,2.435999,1.954201,156
"2020-12-01","f_0_24","long",1.517995,2.459855,1.953288,156
"2021-01-01","f_0_24","long",1.464172,2.467441,1.907176,156
"2021-02-01","f_0_24","long",1.528576,2.561766,1.975415,156
"2021-03-01","f_0_24","long",1.621437,2.688474,2.059986,156
"2021-04-01","f_0_24","long",1.798345,2.864967,2.18377,156
"2021-05-01","f_0_24","long",1.847878,3.011435,2.25699,156
"2021-06-01","f_0_24","long",1.913731,3.115189,2.325071,156
"2021-07-01","f_0_24","long",1.975123,3.210032,2.403171,156
"2021-08-01","f_0_24","long",2.034709,3.316238,2.476275,156
"2021-09-01","f_0_24","long",2.283461,3.560096,2.718633,156
"2021-10-01","f_0_24","long",2.554977,3.94985,3.026256,156
"2021-11-01","f_0_24","long",2.812192,4.271586,3.293188,156
"2021-12-01","f_0_24","long",3.063863,4.537631,3.549131,156
"2022-01-01","f_0_24","long",3.449501,4.925433,3.957946,156
"2022-02-01","f_0_24","long",3.612363,5.1599,4.132417,156
"2022-03-01","f_0_24","long",3.689963,5.311846,4.236983,156
"2022-04-01","f_0_24","long",3.712609,5.3366,4.268869,156
"2022-05-01","f_0_24","long",3.924932,5.501742,4.466698,156
"2022-06-01","f_0_24","long",4.354786,5.919283,4.902369,156
"2022-07-01","f_0_24","long",4.418537,5.93727,4.965611,156
"2022-08-01","f_0_24","long",4.648362,6.084621,5.17211,156
"2022-09-01","f_0_24","long",4.614942,6.091405,5.175038,156
"2022-10-01","f_0_24","long",4.636334,6.008561,5.167815,156
"2022-11-01","f_0_24","long",4.574562,5.891164,5.106991,156
"2022-12-01","f_0_24","long",4.506983,5.790796,5.041829,156
"2023-01-01","f_0_24","long",4.354515,5.590708,4.866125,156
"2023-02-01","f_0_24","long",4.276343,5.456678,4.809125,156
"2023-03-01","f_0_24","long",4.328282,5.388725,4.835465,156
"2023-04-01","f_0_24","long",4.382267,5.403417,4.901702,156
"2023-05-01","f_0_24","long",4.224169,5.227465,4.764595,156
"2023-06-01","f_0_24","long",3.812701,4.737008,4.320303,156
"2023-07-01","f_0_24","long",3.679337,4.592466,4.184016,156
"2023-08-01","f_0_24","long",3.396745,4.326006,3.910132,156
"2023-09-01","f_0_24","long",3.332616,4.219047,3.816982,156
"2023-10-01","f_0_24","long",3.163455,4.030239,3.637868,156
"2023-11-01","f_0_24","long",3.0713,3.941199,3.550602,156
"2023-12-01","f_0_24","long",2.900932,3.752905,3.379339,156
"2024-01-01","f_0_24","long",2.950028,3.790396,3.421545,156
"2024-02-01","f_0_24","long",2.831236,3.665226,3.280668,156
"2024-03-01","f_0_24","long",2.773254,3.619325,3.220861,156
"2024-04-01","f_0_24","long",2.652966,3.507183,3.085079,156
"2024-05-01","f_0_24","long",2.509328,3.443424,2.971276,156
"2024-06-01","f_0_24","long",2.445694,3.41499,2.935924,156
"2024-07-01","f_0_24","long",2.400172,3.340983,2.870858,156
"2024-08-01","f_0_24","long",2.390506,3.320699,2.853278,156
"2024-09-01","f_0_24","long",2.389965,3.326025,2.862766,156
"2024-10-01","f_0_24","long",2.396661,3.329941,2.867946,156
"2024-11-01","f_0_24","long",2.406271,3.335837,2.860953,156
"2024-12-01","f_0_24","long",2.475354,3.445717,2.941022,156
"2025-01-01","f_0_24","long",2.256334,3.255383,2.7214,156
"2025-02-01","f_0_24","long",2.303171,3.259742,2.743769,156
"2025-03-01","f_0_24","long",2.264311,3.237694,2.726165,156
"2025-04-01","f_0_24","long",2.345613,3.268413,2.789802,156
"2025-05-01","f_0_24","long",2.409538,3.214227,2.79455,156
"2025-06-01","f_0_24","long",2.549225,3.315677,2.909367,156
"2025-07-01","f_0_24","long",2.536804,3.311904,2.900597,156
"2025-08-01","f_0_24","long",2.5819,3.387628,2.953633,156
"2025-09-01","f_0_24","long",2.506978,3.332603,2.873886,156
"2025-10-01","f_0_24","long",2.386196,3.229465,2.749811,156
"2025-11-01","f_0_24","long",2.351632,3.151309,2.697862,156
"2025-12-01","f_0_24","long",2.346341,3.122666,2.675113,156
"2026-01-01","f_0_24","long",2.328218,3.143234,2.660891,156
"2026-02-01","f_0_24","long",2.253864,3.122712,2.600898,156
"2026-03-01","f_0_24","long",2.27614,3.111031,2.593726,156
"2026-04-01","f_0_24","long",2.225414,3.118534,2.560686,156
"2026-05-01","f_0_24","long",2.257702,3.166533,2.596443,156
"2026-06-01","f_0_24","long",2.117355,3.057163,2.462624,156
"2026-07-01","f_0_24","long",2.07889,3.05814,2.444913,156
"2026-08-01","f_0_24","long",2.03531,2.995844,2.393205,156
"1960-01-01","f_0_24","80s",0.415283,2.269141,1.293718,441
"1960-02-01","f_0_24","80s",0.412189,2.266037,1.297308,441
"1960-03-01","f_0_24","80s",0.412189,2.245294,1.27661,441
"1960-04-01","f_0_24","80s",0.321043,2.223477,1.227223,441
"1960-05-01","f_0_24","80s",0.315865,2.177345,1.192661,441
"1960-06-01","f_0_24","80s",0.166253,1.992241,1.006697,441
"1960-07-01","f_0_24","80s",0.272576,2.013715,1.054962,441
"1960-08-01","f_0_24","80s",0.274618,1.982903,1.031432,441
"1960-09-01","f_0_24","80s",0.173277,1.873778,0.915998,441
"1960-10-01","f_0_24","80s",0.171693,1.791318,0.83946,441
"1960-11-01","f_0_24","80s",0.184408,1.874522,0.916551,441
"1960-12-01","f_0_24","80s",0.184059,1.848903,0.888157,441
"1961-01-01","f_0_24","80s",0.215664,1.849289,0.88319,441
"1961-02-01","f_0_24","80s",0.215664,1.790785,0.854691,441
"1961-03-01","f_0_24","80s",0.161522,1.698488,0.819355,441
"1961-04-01","f_0_24","80s",0.064295,1.539813,0.674342,441
"1961-05-01","f_0_24","80s",0.064204,1.506612,0.650215,441
"1961-06-01","f_0_24","80s",0.064204,1.524651,0.662338,441
"1961-07-01","f_0_24","80s",-0.038383,1.474706,0.589051,441
"1961-08-01","f_0_24","80s",-0.040418,1.378028,0.5486,441
"1961-09-01","f_0_24","80s",-0.038554,1.412358,0.562767,441
"1961-10-01","f_0_24","80s",-0.049526,1.336393,0.528484,441
"1961-11-01","f_0_24","80s",-0.061755,1.231993,0.443237,441
"1961-12-01","f_0_24","80s",-0.064664,1.143943,0.391967,441
"1962-01-01","f_0_24","80s",0.098184,1.350329,0.592783,441
"1962-02-01","f_0_24","80s",0.109514,1.457032,0.665635,441
"1962-03-01","f_0_24","80s",0.217409,1.640147,0.815644,441
"1962-04-01","f_0_24","80s",0.192746,1.592632,0.772647,441
"1962-05-01","f_0_24","80s",0.192837,1.610884,0.79525,441
"1962-06-01","f_0_24","80s",0.192837,1.636861,0.814267,441
"1962-07-01","f_0_24","80s",0.187663,1.55359,0.746322,441
"1962-08-01","f_0_24","80s",0.19139,1.616473,0.793168,441
"1962-09-01","f_0_24","80s",0.1896,1.858088,0.844247,441
"1962-10-01","f_0_24","80s",0.107815,1.818229,0.820451,441
"1962-11-01","f_0_24","80s",0.107357,1.821419,0.817275,441
"1962-12-01","f_0_24","80s",0.048983,1.771342,0.794285,441
"1963-01-01","f_0_24","80s",-0.068268,1.727129,0.731742,441
"1963-02-01","f_0_24","80s",-0.077376,1.636002,0.675682,441
"1963-03-01","f_0_24","80s",-0.171226,1.47949,0.535091,441
"1963-04-01","f_0_24","80s",-0.152518,1.490741,0.546609,441
"1963-05-01","f_0_24","80s",-0.066969,1.627993,0.676333,441
"1963-06-01","f_0_24","80s",-0.066969,1.657025,0.680878,441
"1963-07-01","f_0_24","80s",-0.066969,1.714175,0.708454,441
"1963-08-01","f_0_24","80s",-0.070686,1.733757,0.691482,441
"1963-09-01","f_0_24","80s",-0.071291,1.428691,0.602933,441
"1963-10-01","f_0_24","80s",0.146417,1.640014,0.796371,441
"1963-11-01","f_0_24","80s",0.146417,1.668012,0.806637,441
"1963-12-01","f_0_24","80s",0.207308,1.791333,0.865553,441
"1964-01-01","f_0_24","80s",0.184647,1.745742,0.819122,441
"1964-02-01","f_0_24","80s",0.185725,1.777112,0.849745,441
"1964-03-01","f_0_24","80s",0.194291,1.768253,0.846716,441
"1964-04-01","f_0_24","80s",0.19622,1.784605,0.856191,441
"1964-05-01","f_0_24","80s",0.110446,1.609676,0.698569,441
"1964-06-01","f_0_24","80s",0.110446,1.520895,0.652189,441
"1964-07-01","f_0_24","80s",0.110446,1.466268,0.61883,441
"1964-08-01","f_0_24","80s",0.110446,1.41895,0.620472,441
"1964-09-01","f_0_24","80s",0.110446,1.412242,0.610711,441
"1964-10-01","f_0_24","80s",-0.014601,1.285116,0.465111,441
"1964-11-01","f_0_24","80s",-0.013023,1.29892,0.488363,441
"1964-12-01","f_0_24","80s",-0.014438,1.277072,0.487882,441
"1965-01-01","f_0_24","80s",0.012511,1.287461,0.509579,441
"1965-02-01","f_0_24","80s",0.006407,1.211763,0.451964,441
"1965-03-01","f_0_24","80s",0.038091,1.300162,0.491352,441
"1965-04-01","f_0_24","80s",0.051781,1.382439,0.58027,441
"1965-05-01","f_0_24","80s",0.059403,1.45738,0.645681,441
"1965-06-01","f_0_24","80s",0.065846,1.575369,0.734149,441
"1965-07-01","f_0_24","80s",0.065846,1.623631,0.774646,441
"1965-08-01","f_0_24","80s",0.07292,1.673402,0.814146,441
"1965-09-01","f_0_24","80s",0.073706,1.749103,0.889483,441
"1965-10-01","f_0_24","80s",0.074786,1.80179,0.941189,441
"1965-11-01","f_0_24","80s",0.188126,1.859048,1.034446,441
"1965-12-01","f_0_24","80s",0.337063,2.039541,1.200477,441
"1966-01-01","f_0_24","80s",0.407406,2.099064,1.258912,441
"1966-02-01","f_0_24","80s",0.587364,2.338589,1.462367,441
"1966-03-01","f_0_24","80s",0.589713,2.433174,1.53078,441
"1966-04-01","f_0_24","80s",0.840762,2.639508,1.730213,441
"1966-05-01","f_0_24","80s",0.837561,2.691659,1.754573,441
"1966-06-01","f_0_24","80s",0.939764,2.766427,1.826307,441
"1966-07-01","f_0_24","80s",1.092572,2.886943,1.968647,441
"1966-08-01","f_0_24","80s",1.148261,2.931937,2.029392,441
"1966-09-01","f_0_24","80s",1.416113,3.134857,2.253932,441
"1966-10-01","f_0_24","80s",1.68828,3.339213,2.489818,441
"1966-11-01","f_0_24","80s",1.676158,3.354797,2.486104,441
"1966-12-01","f_0_24","80s",1.639365,3.296765,2.449314,441
"1967-01-01","f_0_24","80s",1.653602,3.328741,2.451539,441
"1967-02-01","f_0_24","80s",1.653013,3.312245,2.463564,441
"1967-03-01","f_0_24","80s",1.651203,3.216632,2.409848,441
"1967-04-01","f_0_24","80s",1.497625,3.050514,2.260504,441
"1967-05-01","f_0_24","80s",1.606365,3.059651,2.303633,441
"1967-06-01","f_0_24","80s",1.721375,3.114457,2.390889,441
"1967-07-01","f_0_24","80s",1.78415,3.149624,2.444176,441
"1967-08-01","f_0_24","80s",1.892751,3.230186,2.514842,441
"1967-09-01","f_0_24","80s",1.937696,3.233909,2.534535,441
"1967-10-01","f_0_24","80s",1.929254,3.216383,2.519839,441
"1967-11-01","f_0_24","80s",2.044829,3.324061,2.629435,441
"1967-12-01","f_0_24","80s",2.136361,3.386242,2.70447,441
"1968-01-01","f_0_24","80s",2.331981,3.496821,2.87608,441
"1968-02-01","f_0_24","80s",2.441758,3.587596,2.981804,441
"1968-03-01","f_0_24","80s",2.635306,3.786033,3.174338,441
"1968-04-01","f_0_24","80s",2.78747,3.922832,3.321658,441
"1968-05-01","f_0_24","80s",3.013406,4.109879,3.540193,441
"1968-06-01","f_0_24","80s",3.0747,4.174515,3.613962,441
"1968-07-01","f_0_24","80s",3.074049,4.166916,3.608579,441
"1968-08-01","f_0_24","80s",3.256645,4.306542,3.781359,441
"1968-09-01","f_0_24","80s",3.285792,4.326009,3.808297,441
"1968-10-01","f_0_24","80s",3.384366,4.408795,3.887672,441
"1968-11-01","f_0_24","80s",3.485893,4.490849,3.982633,441
"1968-12-01","f_0_24","80s",3.50485,4.565548,4.054531,441
"1969-01-01","f_0_24","80s",3.501181,4.559806,4.055675,441
"1969-02-01","f_0_24","80s",3.413137,4.444733,3.953191,441
"1969-03-01","f_0_24","80s",3.579687,4.579916,4.097829,441
"1969-04-01","f_0_24","80s",3.669396,4.658768,4.17922,441
"1969-05-01","f_0_24","80s",3.649014,4.67729,4.168987,441
"1969-06-01","f_0_24","80s",3.694647,4.688375,4.197408,441
"1969-07-01","f_0_24","80s",3.912038,4.901486,4.409456,441
"1969-08-01","f_0_24","80s",3.800847,4.818829,4.307617,441
"1969-09-01","f_0_24","80s",3.818394,4.878207,4.333387,441
"1969-10-01","f_0_24","80s",3.799932,4.86722,4.321576,441
"1969-11-01","f_0_24","80s",3.844744,4.87727,4.344431,441
"1969-12-01","f_0_24","80s",3.982425,4.934744,4.408548,441
"1970-01-01","f_0_24","80s",3.979423,4.928122,4.396852,441
"1970-02-01","f_0_24","80s",4.121154,5.068642,4.528001,441
"1970-03-01","f_0_24","80s",4.058038,5.030872,4.512092,441
"1970-04-01","f_0_24","80s",4.064433,5.085674,4.524483,441
"1970-05-01","f_0_24","80s",4.013406,5.025575,4.474191,441
"1970-06-01","f_0_24","80s",3.936693,4.994503,4.430196,441
"1970-07-01","f_0_24","80s",3.846964,4.890451,4.33382,441
"1970-08-01","f_0_24","80s",3.896927,4.913825,4.370271,441
"1970-09-01","f_0_24","80s",3.888792,4.914433,4.375423,441
"1970-10-01","f_0_24","80s",3.909404,5.058145,4.444372,441
"1970-11-01","f_0_24","80s",3.888904,5.069099,4.429659,441
"1970-12-01","f_0_24","80s",3.969865,5.179088,4.541029,441
"1971-01-01","f_0_24","80s",3.939757,5.144503,4.514904,441
"1971-02-01","f_0_24","80s",3.810978,5.026716,4.397739,441
"1971-03-01","f_0_24","80s",3.713895,4.911236,4.276848,441
"1971-04-01","f_0_24","80s",3.651459,4.809842,4.202552,441
"1971-05-01","f_0_24","80s",3.733013,4.888037,4.284774,441
"1971-06-01","f_0_24","80s",3.818066,4.97313,4.351118,441
"1971-07-01","f_0_24","80s",3.736291,4.909446,4.27574,441
"1971-08-01","f_0_24","80s",3.71121,4.899436,4.274913,441
"1971-09-01","f_0_24","80s",3.563523,4.753732,4.143895,441
"1971-10-01","f_0_24","80s",3.225173,4.36419,3.809879,441
"1971-11-01","f_0_24","80s",3.032027,4.159622,3.62908,441
"1971-12-01","f_0_24","80s",2.838353,3.93889,3.409356,441
"1972-01-01","f_0_24","80s",2.809486,3.931916,3.375201,441
"1972-02-01","f_0_24","80s",2.823702,3.941611,3.386359,441
"1972-03-01","f_0_24","80s",2.81261,3.915465,3.377767,441
"1972-04-01","f_0_24","80s",2.606109,3.727605,3.186897,441
"1972-05-01","f_0_24","80s",2.412874,3.51273,2.977683,441
"1972-06-01","f_0_24","80s",2.21119,3.295771,2.764214,441
"1972-07-01","f_0_24","80s",2.198018,3.315264,2.755292,441
"1972-08-01","f_0_24","80s",2.157575,3.271164,2.697648,441
"1972-09-01","f_0_24","80s",2.243735,3.348598,2.745268,441
"1972-10-01","f_0_24","80s",2.371559,3.424458,2.835182,441
"1972-11-01","f_0_24","80s",2.484803,3.525518,2.940692,441
"1972-12-01","f_0_24","80s",2.506517,3.547616,2.961953,441
"1973-01-01","f_0_24","80s",2.444717,3.520472,2.927039,441
"1973-02-01","f_0_24","80s",2.540812,3.650732,3.026685,441
"1973-03-01","f_0_24","80s",2.672735,3.88841,3.185459,441
"1973-04-01","f_0_24","80s",3.097356,4.356268,3.611375,441
"1973-05-01","f_0_24","80s",3.277126,4.661999,3.842926,441
"1973-06-01","f_0_24","80s",3.453453,4.914259,4.053933,441
"1973-07-01","f_0_24","80s",3.40554,4.849558,4.011059,441
"1973-08-01","f_0_24","80s",3.565806,5.164877,4.209709,441
"1973-09-01","f_0_24","80s",3.583539,5.301927,4.253855,441
"1973-10-01","f_0_24","80s",3.745177,5.784644,4.502911,441
"1973-11-01","f_0_24","80s",3.859293,6.218118,4.685446,441
"1973-12-01","f_0_24","80s",4.073711,6.55275,4.942757,441
"1974-01-01","f_0_24","80s",4.348178,7.00009,5.250164,441
"1974-02-01","f_0_24","80s",4.614181,7.637114,5.601015,441
"1974-03-01","f_0_24","80s",4.960218,8.215933,5.971144,441
"1974-04-01","f_0_24","80s",5.028992,8.352984,6.072867,441
"1974-05-01","f_0_24","80s",5.51116,8.873964,6.59049,441
"1974-06-01","f_0_24","80s",5.860462,9.373701,7.024012,441
"1974-07-01","f_0_24","80s",6.279859,9.982414,7.515556,441
"1974-08-01","f_0_24","80s",6.786265,10.511915,8.04804,441
"1974-09-01","f_0_24","80s",7.22187,11.009825,8.544196,441
"1974-10-01","f_0_24","80s",7.601031,11.15394,8.884353,441
"1974-11-01","f_0_24","80s",7.824794,11.116613,9.052748,441
"1974-12-01","f_0_24","80s",7.950499,11.212919,9.175335,441
"1975-01-01","f_0_24","80s",8.104321,11.198975,9.307519,441
"1975-02-01","f_0_24","80s",8.040431,10.734501,9.166803,441
"1975-03-01","f_0_24","80s",7.664421,10.029685,8.71957,441
"1975-04-01","f_0_24","80s",7.471229,9.791629,8.512061,441
"1975-05-01","f_0_24","80s",6.933696,9.17823,7.929354,441
"1975-06-01","f_0_24","80s",6.648559,8.777385,7.560626,441
"1975-07-01","f_0_24","80s",6.527547,8.609148,7.396834,441
"1975-08-01","f_0_24","80s",5.984809,7.937368,6.827298,441
"1975-09-01","f_0_24","80s",5.765978,7.551099,6.551589,441
"1975-10-01","f_0_24","80s",5.699735,7.437768,6.449655,441
"1975-11-01","f_0_24","80s",5.576542,7.313126,6.329128,441
"1975-12-01","f_0_24","80s",5.431182,7.103933,6.169692,441
"1976-01-01","f_0_24","80s",5.193006,6.849946,5.914652,441
"1976-02-01","f_0_24","80s",4.932313,6.772955,5.759849,441
"1976-03-01","f_0_24","80s",4.845904,6.752135,5.743373,441
"1976-04-01","f_0_24","80s",4.691951,6.535489,5.587366,441
"1976-05-01","f_0_24","80s",4.868183,6.668084,5.750032,441
"1976-06-01","f_0_24","80s",4.899367,6.613338,5.758026,441
"1976-07-01","f_0_24","80s",4.80769,6.41076,5.648419,441
"1976-08-01","f_0_24","80s",4.932909,6.548003,5.763333,441
"1976-09-01","f_0_24","80s",4.877776,6.472078,5.702351,441
"1976-10-01","f_0_24","80s",4.710838,6.325489,5.558798,441
"1976-11-01","f_0_24","80s",4.664071,6.25368,5.530491,441
"1976-12-01","f_0_24","80s",4.61717,6.218273,5.470814,441
"1977-01-01","f_0_24","80s",4.781341,6.412135,5.649166,441
"1977-02-01","f_0_24","80s",5.127604,6.62718,5.909624,441
"1977-03-01","f_0_24","80s",5.433756,6.91258,6.186576,441
"1977-04-01","f_0_24","80s",5.585309,7.089542,6.330354,441
"1977-05-01","f_0_24","80s",5.59305,7.075096,6.321947,441
"1977-06-01","f_0_24","80s",5.672805,7.186911,6.413089,441
"1977-07-01","f_0_24","80s",5.706098,7.203835,6.447276,441
"1977-08-01","f_0_24","80s",5.699314,7.192725,6.431806,441
"1977-09-01","f_0_24","80s",5.632071,7.150947,6.37031,441
"1977-10-01","f_0_24","80s",5.566472,7.044096,6.272679,441
"1977-11-01","f_0_24","80s",5.699586,7.213165,6.389553,441
"1977-12-01","f_0_24","80s",5.75587,7.277184,6.437981,441
"1978-01-01","f_0_24","80s",5.592647,7.10301,6.274797,441
"1978-02-01","f_0_24","80s",5.432182,6.925562,6.087017,441
"1978-03-01","f_0_24","80s",5.39897,6.895572,6.029336,441
"1978-04-01","f_0_24","80s",5.551381,7.062446,6.172673,441
"1978-05-01","f_0_24","80s",5.728997,7.241405,6.358056,441
"1978-06-01","f_0_24","80s",5.707074,7.224297,6.349172,441
"1978-07-01","f_0_24","80s",5.778444,7.325707,6.429274,441
"1978-08-01","f_0_24","80s",5.812594,7.389696,6.487774,441
"1978-09-01","f_0_24","80s",5.989704,7.587833,6.67657,441
"1978-10-01","f_0_24","80s",6.301793,7.9089,6.990817,441
"1978-11-01","f_0_24","80s",6.380647,7.959136,7.070467,441
"1978-12-01","f_0_24","80s",6.397446,7.976812,7.109238,441
"1979-01-01","f_0_24","80s",6.691077,8.292385,7.404515,441
"1979-02-01","f_0_24","80s",6.87306,8.481768,7.616283,441
"1979-03-01","f_0_24","80s",6.93529,8.552395,7.673075,441
"1979-04-01","f_0_24","80s",6.88638,8.593787,7.658682,441
"1979-05-01","f_0_24","80s",7.01582,8.783834,7.802259,441
"1979-06-01","f_0_24","80s",7.126895,8.896779,7.886401,441
"1979-07-01","f_0_24","80s",7.263411,9.012291,7.993485,441
"1979-08-01","f_0_24","80s",7.489447,9.188521,8.197642,441
"1979-09-01","f_0_24","80s",7.548147,9.367514,8.30182,441
"1979-10-01","f_0_24","80s",7.656171,9.5451,8.45176,441
"1979-11-01","f_0_24","80s",7.627598,9.560741,8.435455,441
"1979-12-01","f_0_24","80s",7.777227,9.83187,8.605696,441
"1980-01-01","f_0_24","80s",7.918346,10.1004,8.76558,441
"1980-02-01","f_0_24","80s",8.038668,10.528498,8.992078,441
"1980-03-01","f_0_24","80s",8.269599,10.920361,9.228124,441
"1980-04-01","f_0_24","80s",8.278087,10.841962,9.225895,441
"1980-05-01","f_0_24","80s",8.200421,10.779216,9.16543,441
"1980-06-01","f_0_24","80s",8.352338,10.91867,9.330046,441
"1980-07-01","f_0_24","80s",8.244286,10.852439,9.240513,441
"1980-08-01","f_0_24","80s",8.234226,10.844718,9.2062,441
"1980-09-01","f_0_24","80s",8.385033,10.842039,9.297951,441
"1980-10-01","f_0_24","80s",8.308474,10.68605,9.175331,441
"1980-11-01","f_0_24","80s",8.388683,10.722939,9.252943,441
"1980-12-01","f_0_24","80s",8.397846,10.611871,9.24197,441
"1981-01-01","f_0_24","80s",8.336188,10.486498,9.15051,441
"1981-02-01","f_0_24","80s",8.347767,10.259615,9.051981,441
"1981-03-01","f_0_24","80s",8.127642,9.877193,8.85962,441
"1981-04-01","f_0_24","80s",8.053306,9.875169,8.885943,441
"1981-05-01","f_0_24","80s",7.804599,9.673176,8.685381,441
"1981-06-01","f_0_24","80s",7.513514,9.373065,8.419822,441
"1981-07-01","f_0_24","80s",7.514405,9.385248,8.44089,441
"1981-08-01","f_0_24","80s",7.372585,9.313957,8.341159,441
"1981-09-01","f_0_24","80s",7.146793,9.137339,8.135934,441
"1981-10-01","f_0_24","80s",6.8984,8.878417,7.895944,441
"1981-11-01","f_0_24","80s",6.678781,8.679164,7.676451,441
"1981-12-01","f_0_24","80s",6.373082,8.407566,7.384005,441
"1982-01-01","f_0_24","80s",6.06734,8.036495,7.070395,441
"1982-02-01","f_0_24","80s",5.654957,7.546313,6.641986,441
"1982-03-01","f_0_24","80s",5.442873,7.345274,6.452114,441
"1982-04-01","f_0_24","80s",5.247737,7.039503,6.130356,441
"1982-05-01","f_0_24","80s",5.260336,6.929769,6.053715,441
"1982-06-01","f_0_24","80s",5.237255,6.959901,6.002763,441
"1982-07-01","f_0_24","80s",5.292512,6.99339,6.04826,441
"1982-08-01","f_0_24","80s",5.040253,6.678275,5.782257,441
"1982-09-01","f_0_24","80s",4.699958,6.376284,5.443677,441
"1982-10-01","f_0_24","80s",4.654529,6.365613,5.417282,441
"1982-11-01","f_0_24","80s",4.403706,6.093521,5.161972,441
"1982-12-01","f_0_24","80s",4.162834,5.931129,5.003552,441
"1983-01-01","f_0_24","80s",4.114872,5.861398,4.989181,441
"1983-02-01","f_0_24","80s",4.027457,5.785578,4.929147,441
"1983-03-01","f_0_24","80s",3.852058,5.527221,4.690523,441
"1983-04-01","f_0_24","80s",4.021034,5.724864,4.870623,441
"1983-05-01","f_0_24","80s",3.789528,5.547261,4.635621,441
"1983-06-01","f_0_24","80s",3.622921,5.270931,4.452452,441
"1983-07-01","f_0_24","80s",3.359669,4.991567,4.167729,441
"1983-08-01","f_0_24","80s",3.28232,4.919519,4.079884,441
"1983-09-01","f_0_24","80s",3.321941,4.921392,4.144627,441
"1983-10-01","f_0_24","80s",3.099415,4.664728,3.895257,441
"1983-11-01","f_0_24","80s",3.171022,4.756747,3.981985,441
"1983-12-01","f_0_24","80s",3.254817,4.707301,3.965231,441
"1984-01-01","f_0_24","80s",3.223863,4.653246,3.907357,441
"1984-02-01","f_0_24","80s",3.282779,4.676454,3.950316,441
"1984-03-01","f_0_24","80s",3.413961,4.855464,4.111443,441
"1984-04-01","f_0_24","80s",3.352406,4.741654,4.040719,441
"1984-05-01","f_0_24","80s",3.287073,4.617127,3.97972,441
"1984-06-01","f_0_24","80s",3.232058,4.696115,4.015613,441
"1984-07-01","f_0_24","80s",3.237017,4.734597,4.078653,441
"1984-08-01","f_0_24","80s",3.281423,4.739694,4.121603,441
"1984-09-01","f_0_24","80s",3.286415,4.759415,4.107881,441
"1984-10-01","f_0_24","80s",3.363282,4.803941,4.165173,441
"1984-11-01","f_0_24","80s",3.221888,4.657701,4.01176,441
"1984-12-01","f_0_24","80s",3.287628,4.842106,4.130231,441
"1985-01-01","f_0_24","80s",3.195575,4.726946,4.014535,441
"1985-02-01","f_0_24","80s",3.329335,4.846425,4.126833,441
"1985-03-01","f_0_24","80s",3.352196,4.837994,4.122619,441
"1985-04-01","f_0_24","80s",3.175003,4.676025,3.962431,441
"1985-05-01","f_0_24","80s",3.269543,4.804674,4.07272,441
"1985-06-01","f_0_24","80s",3.373191,4.809588,4.114244,441
"1985-07-01","f_0_24","80s",3.218892,4.585731,3.900406,441
"1985-08-01","f_0_24","80s",3.172531,4.593151,3.894553,441
"1985-09-01","f_0_24","80s",3.120074,4.510492,3.849165,441
"1985-10-01","f_0_24","80s",3.078861,4.478306,3.811931,441
"1985-11-01","f_0_24","80s",3.188048,4.627664,3.938748,441
"1985-12-01","f_0_24","80s",3.256825,4.605447,3.964544,441
"1986-01-01","f_0_24","80s",3.346598,4.712323,4.075232,441
"1986-02-01","f_0_24","80s",3.0018,4.472088,3.834408,441
"1986-03-01","f_0_24","80s",2.844043,4.331615,3.684692,441
"1986-04-01","f_0_24","80s",2.805782,4.463159,3.744447,441
"1986-05-01","f_0_24","80s",2.707477,4.350482,3.640226,441
"1986-06-01","f_0_24","80s",2.738756,4.364653,3.643823,441
"1986-07-01","f_0_24","80s",2.733731,4.432476,3.687936,441
"1986-08-01","f_0_24","80s",2.685762,4.348868,3.623117,441
"1986-09-01","f_0_24","80s",2.782898,4.391102,3.665633,441
"1986-10-01","f_0_24","80s",2.76339,4.514369,3.732501,441
"1986-11-01","f_0_24","80s",2.742093,4.413033,3.679523,441
"1986-12-01","f_0_24","80s",2.670011,4.309705,3.588693,441
"1987-01-01","f_0_24","80s",2.707337,4.417435,3.610027,441
"1987-02-01","f_0_24","80s",2.825535,4.492182,3.650484,441
"1987-03-01","f_0_24","80s",2.975246,4.616852,3.800983,441
"1987-04-01","f_0_24","80s",3.206226,4.789935,3.969493,441
"1987-05-01","f_0_24","80s",3.316241,4.887082,4.061205,441
"1987-06-01","f_0_24","80s",3.235145,4.854221,3.995816,441
"1987-07-01","f_0_24","80s",3.276936,4.836254,3.995693,441
"1987-08-01","f_0_24","80s",3.443651,5.014264,4.130223,441
"1987-09-01","f_0_24","80s",3.42536,4.980896,4.102241,441
"1987-10-01","f_0_24","80s",3.525628,4.940995,4.115906,441
"1987-11-01","f_0_24","80s",3.531192,4.964066,4.116424,441
"1987-12-01","f_0_24","80s",3.446709,4.904987,4.060842,441
"1988-01-01","f_0_24","80s",3.399353,4.806273,4.052314,441
"1988-02-01","f_0_24","80s",3.390622,4.763824,4.040747,441
"1988-03-01","f_0_24","80s",3.399745,4.783065,4.037672,441
"1988-04-01","f_0_24","80s",3.372904,4.67148,3.966186,441
"1988-05-01","f_0_24","80s",3.357296,4.654449,3.943179,441
"1988-06-01","f_0_24","80s",3.469427,4.706723,4.041297,441
"1988-07-01","f_0_24","80s",3.613099,4.934083,4.232455,441
"1988-08-01","f_0_24","80s",3.550341,4.856205,4.18971,441
"1988-09-01","f_0_24","80s",3.676087,5.028185,4.333095,441
"1988-10-01","f_0_24","80s",3.613214,5.031876,4.297218,441
"1988-11-01","f_0_24","80s",3.634475,5.03681,4.326525,441
"1988-12-01","f_0_24","80s",3.756514,5.127241,4.39969,441
"1989-01-01","f_0_24","80s",3.83161,5.202541,4.460857,441
"1989-02-01","f_0_24","80s",3.916058,5.332417,4.539636,441
"1989-03-01","f_0_24","80s",3.901614,5.291008,4.51043,441
"1989-04-01","f_0_24","80s",3.916503,5.284076,4.511115,441
"1989-05-01","f_0_24","80s",3.979059,5.354189,4.5899,441
"1989-06-01","f_0_24","80s",3.874732,5.276635,4.489483,441
"1989-07-01","f_0_24","80s",3.793102,5.136041,4.401386,441
"1989-08-01","f_0_24","80s",3.631767,5.107065,4.33352,441
"1989-09-01","f_0_24","80s",3.50941,4.98105,4.214608,441
"1989-10-01","f_0_24","80s",3.655732,5.088404,4.346749,441
"1989-11-01","f_0_24","80s",3.659004,5.101272,4.34122,441
"1989-12-01","f_0_24","80s",3.66813,5.138574,4.394037,441
"1990-01-01","f_0_24","80s",3.569268,5.071979,4.289242,441
"1990-02-01","f_0_24","80s",3.562465,5.042901,4.277296,441
"1990-03-01","f_0_24","80s",3.704879,5.220445,4.45788,441
"1990-04-01","f_0_24","80s",3.661591,5.149222,4.414285,441
"1990-05-01","f_0_24","80s",3.589118,5.096282,4.352056,441
"1990-06-01","f_0_24","80s",3.751673,5.28082,4.528185,441
"1990-07-01","f_0_24","80s",3.827528,5.329128,4.55776,441
"1990-08-01","f_0_24","80s",4.095696,5.449222,4.706477,441
"1990-09-01","f_0_24","80s",4.083043,5.457576,4.710188,441
"1990-10-01","f_0_24","80s",3.968721,5.348103,4.599886,441
"1990-11-01","f_0_24","80s",3.864326,5.240192,4.500421,441
"1990-12-01","f_0_24","80s",3.835901,5.202795,4.456332,441
"1991-01-01","f_0_24","80s",3.799683,5.220436,4.422278,441
"1991-02-01","f_0_24","80s",3.680116,5.112296,4.305086,441
"1991-03-01","f_0_24","80s",3.346645,4.785447,3.968565,441
"1991-04-01","f_0_24","80s",3.268482,4.707285,3.88565,441
"1991-05-01","f_0_24","80s",3.345228,4.753052,3.945105,441
"1991-06-01","f_0_24","80s",3.105007,4.49454,3.684351,441
"1991-07-01","f_0_24","80s",2.952416,4.388727,3.556909,441
"1991-08-01","f_0_24","80s",2.734721,4.233897,3.376151,441
"1991-09-01","f_0_24","80s",2.701388,4.190378,3.336779,441
"1991-10-01","f_0_24","80s",2.620606,4.079761,3.252456,441
"1991-11-01","f_0_24","80s",2.749275,4.206268,3.368147,441
"1991-12-01","f_0_24","80s",2.761316,4.262591,3.401208,441
"1992-01-01","f_0_24","80s",2.648384,4.052339,3.282384,441
"1992-02-01","f_0_24","80s",2.708297,4.077461,3.324812,441
"1992-03-01","f_0_24","80s",2.840918,4.215383,3.447092,441
"1992-04-01","f_0_24","80s",2.769419,4.156246,3.378631,441
"1992-05-01","f_0_24","80s",2.61908,4.078263,3.263214,441
"1992-06-01","f_0_24","80s",2.578653,4.099074,3.261842,441
"1992-07-01","f_0_24","80s",2.561907,4.087146,3.252771,441
"1992-08-01","f_0_24","80s",2.560364,4.012983,3.204267,441
"1992-09-01","f_0_24","80s",2.437273,3.870525,3.072969,441
"1992-10-01","f_0_24","80s",2.503301,3.949284,3.137927,441
"1992-11-01","f_0_24","80s",2.445458,3.898594,3.105484,441
"1992-12-01","f_0_24","80s",2.38317,3.754774,2.999358,441
"1993-01-01","f_0_24","80s",2.400532,3.751622,3.007145,441
"1993-02-01","f_0_24","80s",2.348556,3.675609,2.975799,441
"1993-03-01","f_0_24","80s",2.253917,3.550594,2.886128,441
"1993-04-01","f_0_24","80s",2.337818,3.604779,2.969349,441
"1993-05-01","f_0_24","80s",2.391442,3.609482,3.004794,441
"1993-06-01","f_0_24","80s",2.359811,3.50409,2.958934,441
"1993-07-01","f_0_24","80s",2.350693,3.431033,2.916316,441
"1993-08-01","f_0_24","80s",2.302204,3.363836,2.870316,441
"1993-09-01","f_0_24","80s",2.290005,3.345915,2.854672,441
"1993-10-01","f_0_24","80s",2.226932,3.260305,2.769821,441
"1993-11-01","f_0_24","80s",2.168415,3.172148,2.688838,441
"1993-12-01","f_0_24","80s",2.02194,3.150495,2.629792,441
"1994-01-01","f_0_24","80s",1.920324,3.109076,2.590819,441
"1994-02-01","f_0_24","80s",1.908288,3.121751,2.58977,441
"1994-03-01","f_0_24","80s",1.965778,3.159846,2.632151,441
"1994-04-01","f_0_24","80s",1.863576,3.060471,2.531525,441
"1994-05-01","f_0_24","80s",1.802202,3.043322,2.496723,441
"1994-06-01","f_0_24","80s",1.848485,3.107553,2.540756,441
"1994-07-01","f_0_24","80s",1.87979,3.159063,2.570561,441
"1994-08-01","f_0_24","80s",1.847376,3.155766,2.562548,441
"1994-09-01","f_0_24","80s",1.831566,3.143692,2.565226,441
"1994-10-01","f_0_24","80s",1.761723,3.084259,2.524462,441
"1994-11-01","f_0_24","80s",1.768067,3.098509,2.544437,441
"1994-12-01","f_0_24","80s",1.770272,3.023587,2.511106,441
"1995-01-01","f_0_24","80s",1.941247,3.137632,2.617133,441
"1995-02-01","f_0_24","80s",1.89185,3.037397,2.535693,441
"1995-03-01","f_0_24","80s",1.825564,3.017748,2.501472,441
"1995-04-01","f_0_24","80s",1.884968,3.047936,2.542058,441
"1995-05-01","f_0_24","80s",1.872574,2.954413,2.48503,441
"1995-06-01","f_0_24","80s",1.826643,2.877275,2.428002,441
"1995-07-01","f_0_24","80s",1.737835,2.786448,2.365896,441
"1995-08-01","f_0_24","80s",1.816218,2.830128,2.415993,441
"1995-09-01","f_0_24","80s",1.799476,2.863231,2.430923,441
"1995-10-01","f_0_24","80s",1.902137,2.961455,2.518517,441
"1995-11-01","f_0_24","80s",1.799355,2.945145,2.476919,441
"1995-12-01","f_0_24","80s",1.894154,2.992001,2.522784,441
"1996-01-01","f_0_24","80s",1.815639,2.887973,2.431807,441
"1996-02-01","f_0_24","80s",1.852305,2.93577,2.446146,441
"1996-03-01","f_0_24","80s",1.885713,2.926929,2.432848,441
"1996-04-01","f_0_24","80s",1.85112,2.915912,2.393923,441
"1996-05-01","f_0_24","80s",1.873597,2.970379,2.435485,441
"1996-06-01","f_0_24","80s",1.843414,3.004427,2.464348,441
"1996-07-01","f_0_24","80s",1.896609,3.0539,2.5113,441
"1996-08-01","f_0_24","80s",1.829804,3.035306,2.49918,441
"1996-09-01","f_0_24","80s",1.950961,3.086549,2.553777,441
"1996-10-01","f_0_24","80s",1.933938,3.060377,2.528323,441
"1996-11-01","f_0_24","80s",2.050604,3.081926,2.573426,441
"1996-12-01","f_0_24","80s",2.005709,3.047827,2.550476,441
"1997-01-01","f_0_24","80s",1.936928,3.023596,2.51869,441
"1997-02-01","f_0_24","80s",1.928249,2.995872,2.51551,441
"1997-03-01","f_0_24","80s",1.879583,2.951501,2.493961,441
"1997-04-01","f_0_24","80s",1.832166,2.934193,2.49117,441
"1997-05-01","f_0_24","80s",1.724061,2.858879,2.41414,441
"1997-06-01","f_0_24","80s",1.722473,2.863033,2.407607,441
"1997-07-01","f_0_24","80s",1.574596,2.825458,2.317118,441
"1997-08-01","f_0_24","80s",1.517719,2.772875,2.253856,441
"1997-09-01","f_0_24","80s",1.48199,2.723312,2.232497,441
"1997-10-01","f_0_24","80s",1.244003,2.581212,2.044931,441
"1997-11-01","f_0_24","80s",1.10806,2.510725,1.961229,441
"1997-12-01","f_0_24","80s",1.007041,2.521758,1.920184,441
"1998-01-01","f_0_24","80s",0.943998,2.485385,1.876498,441
"1998-02-01","f_0_24","80s",0.79689,2.471553,1.830916,441
"1998-03-01","f_0_24","80s",0.768502,2.533658,1.857209,441
"1998-04-01","f_0_24","80s",0.758769,2.530642,1.846731,441
"1998-05-01","f_0_24","80s",0.798727,2.605348,1.901931,441
"1998-06-01","f_0_24","80s",0.76545,2.541056,1.847802,441
"1998-07-01","f_0_24","80s",0.894095,2.559647,1.896955,441
"1998-08-01","f_0_24","80s",0.992585,2.649161,1.979075,441
"1998-09-01","f_0_24","80s",0.828158,2.69191,1.943136,441
"1998-10-01","f_0_24","80s",0.969797,2.759705,2.056444,441
"1998-11-01","f_0_24","80s",0.959327,2.771072,2.07426,441
"1998-12-01","f_0_24","80s",0.967367,2.76554,2.095231,441
"1999-01-01","f_0_24","80s",1.028037,2.777662,2.126406,441
"1999-02-01","f_0_24","80s",1.001171,2.726685,2.083601,441
"1999-03-01","f_0_24","80s",0.960627,2.618559,2.001765,441
"1999-04-01","f_0_24","80s",1.061314,2.694859,2.061554,441
"1999-05-01","f_0_24","80s",1.035995,2.630126,2.030832,441
"1999-06-01","f_0_24","80s",1.048344,2.632386,2.039835,441
"1999-07-01","f_0_24","80s",1.088204,2.641581,2.071408,441
"1999-08-01","f_0_24","80s",1.020613,2.581661,2.007789,441
"1999-09-01","f_0_24","80s",1.218632,2.589496,2.055139,441
"1999-10-01","f_0_24","80s",1.215369,2.557794,2.033916,441
"1999-11-01","f_0_24","80s",1.277934,2.60691,2.066421,441
"1999-12-01","f_0_24","80s",1.399566,2.621498,2.091536,441
"2000-01-01","f_0_24","80s",1.521394,2.739051,2.203061,441
"2000-02-01","f_0_24","80s",1.695203,2.833445,2.319046,441
"2000-03-01","f_0_24","80s",1.837806,2.93705,2.420362,441
"2000-04-01","f_0_24","80s",1.623223,2.844282,2.345385,441
"2000-05-01","f_0_24","80s",1.634444,2.881504,2.370805,441
"2000-06-01","f_0_24","80s",1.702805,2.966615,2.431382,441
"2000-07-01","f_0_24","80s",1.749699,3.05847,2.48537,441
"2000-08-01","f_0_24","80s",1.763553,3.063275,2.496754,441
"2000-09-01","f_0_24","80s",1.787508,3.074273,2.544046,441
"2000-10-01","f_0_24","80s",1.750732,3.107742,2.56517,441
"2000-11-01","f_0_24","80s",1.783349,3.105372,2.578376,441
"2000-12-01","f_0_24","80s",1.763777,3.131476,2.614984,441
"2001-01-01","f_0_24","80s",1.815748,3.236094,2.657398,441
"2001-02-01","f_0_24","80s",1.852859,3.295992,2.708914,441
"2001-03-01","f_0_24","80s",1.759094,3.299194,2.693845,441
"2001-04-01","f_0_24","80s",1.920117,3.42331,2.800202,441
"2001-05-01","f_0_24","80s",1.941036,3.43715,2.803333,441
"2001-06-01","f_0_24","80s",2.009287,3.49765,2.878324,441
"2001-07-01","f_0_24","80s",1.923104,3.450245,2.833679,441
"2001-08-01","f_0_24","80s",1.916071,3.585922,2.91188,441
"2001-09-01","f_0_24","80s",1.817148,3.596506,2.867045,441
"2001-10-01","f_0_24","80s",1.821939,3.622309,2.877623,441
"2001-11-01","f_0_24","80s",1.823911,3.62989,2.871276,441
"2001-12-01","f_0_24","80s",1.730545,3.589826,2.802007,441
"2002-01-01","f_0_24","80s",1.498209,3.406937,2.633374,441
"2002-02-01","f_0_24","80s",1.440483,3.383101,2.599628,441
"2002-03-01","f_0_24","80s",1.498524,3.417656,2.629946,441
"2002-04-01","f_0_24","80s",1.528803,3.356908,2.581174,441
"2002-05-01","f_0_24","80s",1.530861,3.301004,2.546833,441
"2002-06-01","f_0_24","80s",1.444929,3.227756,2.462109,441
"2002-07-01","f_0_24","80s",1.497961,3.213526,2.470116,441
"2002-08-01","f_0_24","80s",1.555227,3.088267,2.403487,441
"2002-09-01","f_0_24","80s",1.638436,3.077379,2.437595,441
"2002-10-01","f_0_24","80s",1.672473,3.051914,2.440458,441
"2002-11-01","f_0_24","80s",1.680399,3.025198,2.430451,441
"2002-12-01","f_0_24","80s",1.769145,3.055257,2.477307,441
"2003-01-01","f_0_24","80s",1.797307,3.070671,2.498043,441
"2003-02-01","f_0_24","80s",1.802979,3.040432,2.445146,441
"2003-03-01","f_0_24","80s",1.786741,2.988029,2.407833,441
"2003-04-01","f_0_24","80s",1.650035,2.86901,2.283432,441
"2003-05-01","f_0_24","80s",1.665106,2.896245,2.28022,441
"2003-06-01","f_0_24","80s",1.644514,2.825725,2.215199,441
"2003-07-01","f_0_24","80s",1.671965,2.83673,2.233654,441
"2003-08-01","f_0_24","80s",1.694524,2.856017,2.249144,441
"2003-09-01","f_0_24","80s",1.63476,2.796444,2.180122,441
"2003-10-01","f_0_24","80s",1.653852,2.833384,2.206847,441
"2003-11-01","f_0_24","80s",1.601994,2.823499,2.190013,441
"2003-12-01","f_0_24","80s",1.568093,2.801441,2.139893,441
"2004-01-01","f_0_24","80s",1.662542,2.902386,2.213543,441
"2004-02-01","f_0_24","80s",1.715448,2.917266,2.265664,441
"2004-03-01","f_0_24","80s",1.714887,2.882081,2.254052,441
"2004-04-01","f_0_24","80s",1.898065,3.050444,2.453968,441
"2004-05-01","f_0_24","80s",1.954683,3.070618,2.509245,441
"2004-06-01","f_0_24","80s",2.074342,3.164654,2.614194,441
"2004-07-01","f_0_24","80s",1.968698,3.108955,2.564069,441
"2004-08-01","f_0_24","80s",1.88192,3.089916,2.551675,441
"2004-09-01","f_0_24","80s",1.863172,3.074623,2.52896,441
"2004-10-01","f_0_24","80s",1.864285,3.071525,2.507097,441
"2004-11-01","f_0_24","80s",1.904153,3.140787,2.533578,441
"2004-12-01","f_0_24","80s",1.879996,3.116329,2.557067,441
"2005-01-01","f_0_24","80s",1.975419,3.1255,2.615572,441
"2005-02-01","f_0_24","80s",1.979277,3.136685,2.63929,441
"2005-03-01","f_0_24","80s",1.998885,3.168976,2.637215,441
"2005-04-01","f_0_24","80s",1.90874,3.119963,2.535708,441
"2005-05-01","f_0_24","80s",1.87771,3.103668,2.519795,441
"2005-06-01","f_0_24","80s",1.796365,3.050944,2.458631,441
"2005-07-01","f_0_24","80s",1.871391,3.081989,2.501622,441
"2005-08-01","f_0_24","80s",1.893276,3.051142,2.485974,441
"2005-09-01","f_0_24","80s",1.985359,3.169152,2.595658,441
"2005-10-01","f_0_24","80s",2.052968,3.225269,2.655487,441
"2005-11-01","f_0_24","80s",2.113381,3.220287,2.697874,441
"2005-12-01","f_0_24","80s",2.077767,3.2047,2.663548,441
"2006-01-01","f_0_24","80s",2.036705,3.149633,2.628558,441
"2006-02-01","f_0_24","80s",1.936807,3.168196,2.580138,441
"2006-03-01","f_0_24","80s",1.958284,3.216663,2.642836,441
"2006-04-01","f_0_24","80s",2.057517,3.298061,2.740095,441
"2006-05-01","f_0_24","80s",2.174047,3.442483,2.870124,441
"2006-06-01","f_0_24","80s",2.328785,3.597675,3.037101,441
"2006-07-01","f_0_24","80s",2.283225,3.628206,3.04607,441
"2006-08-01","f_0_24","80s",2.381691,3.732783,3.132797,441
"2006-09-01","f_0_24","80s",2.295845,3.691806,3.096392,441
"2006-10-01","f_0_24","80s",2.223791,3.694577,3.07245,441
"2006-11-01","f_0_24","80s",2.072814,3.609511,2.948239,441
"2006-12-01","f_0_24","80s",2.229356,3.725195,3.072715,441
"2007-01-01","f_0_24","80s",2.2677,3.802294,3.105458,441
"2007-02-01","f_0_24","80s",2.416549,3.828806,3.195484,441
"2007-03-01","f_0_24","80s",2.37288,3.760434,3.127146,441
"2007-04-01","f_0_24","80s",2.282276,3.634639,3.018297,441
"2007-05-01","f_0_24","80s",2.137963,3.465756,2.847718,441
"2007-06-01","f_0_24","80s",2.050734,3.363463,2.741444,441
"2007-07-01","f_0_24","80s",2.062408,3.296706,2.684434,441
"2007-08-01","f_0_24","80s",1.957646,3.212362,2.614946,441
"2007-09-01","f_0_24","80s",2.091944,3.301503,2.680393,441
"2007-10-01","f_0_24","80s",2.199883,3.354647,2.736466,441
"2007-11-01","f_0_24","80s",2.420553,3.493474,2.924294,441
"2007-12-01","f_0_24","80s",2.434643,3.492689,2.906742,441
"2008-01-01","f_0_24","80s",2.360287,3.367591,2.825078,441
"2008-02-01","f_0_24","80s",2.282412,3.30549,2.729993,441
"2008-03-01","f_0_24","80s",2.316553,3.346201,2.76767,441
"2008-04-01","f_0_24","80s",2.297852,3.365996,2.798643,441
"2008-05-01","f_0_24","80s",2.285164,3.429059,2.823699,441
"2008-06-01","f_0_24","80s",2.319799,3.543689,2.878941,441
"2008-07-01","f_0_24","80s",2.393738,3.734221,2.982663,441
"2008-08-01","f_0_24","80s",2.344611,3.72051,2.951681,441
"2008-09-01","f_0_24","80s",2.208176,3.579537,2.857144,441
"2008-10-01","f_0_24","80s",1.798162,3.404367,2.700257,441
"2008-11-01","f_0_24","80s",1.423488,3.327209,2.574916,441
"2008-12-01","f_0_24","80s",1.148084,3.142857,2.401176,441
"2009-01-01","f_0_24","80s",1.069471,3.143301,2.412514,441
"2009-02-01","f_0_24","80s",1.030282,3.090297,2.388314,441
"2009-03-01","f_0_24","80s",0.816056,2.994695,2.297358,441
"2009-04-01","f_0_24","80s",0.778054,2.918571,2.223017,441
"2009-05-01","f_0_24","80s",0.753622,2.82255,2.177536,441
"2009-06-01","f_0_24","80s",0.661414,2.65696,2.054993,441
"2009-07-01","f_0_24","80s",0.392068,2.292126,1.772922,441
"2009-08-01","f_0_24","80s",0.422505,2.343437,1.769909,441
"2009-09-01","f_0_24","80s",0.323429,2.284591,1.649153,441
"2009-10-01","f_0_24","80s",0.622878,2.463579,1.754523,441
"2009-11-01","f_0_24","80s",0.798069,2.393674,1.691209,441
"2009-12-01","f_0_24","80s",0.902476,2.392112,1.688378,441
"2010-01-01","f_0_24","80s",0.825192,2.284912,1.530763,441
"2010-02-01","f_0_24","80s",0.711746,2.180498,1.415448,441
"2010-03-01","f_0_24","80s",0.766907,2.141323,1.357052,441
"2010-04-01","f_0_24","80s",0.726435,2.105863,1.303753,441
"2010-05-01","f_0_24","80s",0.661021,2.038585,1.222305,441
"2010-06-01","f_0_24","80s",0.52937,1.933549,1.13448,441
"2010-07-01","f_0_24","80s",0.602599,1.993219,1.183973,441
"2010-08-01","f_0_24","80s",0.640148,1.931512,1.187807,441
"2010-09-01","f_0_24","80s",0.701026,1.904829,1.225393,441
"2010-10-01","f_0_24","80s",0.602408,1.705102,1.057689,441
"2010-11-01","f_0_24","80s",0.629435,1.692893,1.062308,441
"2010-12-01","f_0_24","80s",0.658467,1.731372,1.099241,441
"2011-01-01","f_0_24","80s",0.734428,1.875796,1.205649,441
"2011-02-01","f_0_24","80s",0.871047,2.061097,1.370722,441
"2011-03-01","f_0_24","80s",1.011352,2.189343,1.509418,441
"2011-04-01","f_0_24","80s",1.14373,2.385602,1.648394,441
"2011-05-01","f_0_24","80s",1.280354,2.612289,1.811106,441
"2011-06-01","f_0_24","80s",1.359919,2.668202,1.877126,441
"2011-07-01","f_0_24","80s",1.448254,2.745362,1.96921,441
"2011-08-01","f_0_24","80s",1.523589,2.842478,2.04137,441
"2011-09-01","f_0_24","80s",1.56279,2.914455,2.08818,441
"2011-10-01","f_0_24","80s",1.535962,2.919863,2.159582,441
"2011-11-01","f_0_24","80s",1.581041,2.982027,2.205365,441
"2011-12-01","f_0_24","80s",1.660682,3.04714,2.288492,441
"2012-01-01","f_0_24","80s",1.729989,3.064198,2.332875,441
"2012-02-01","f_0_24","80s",1.71139,3.014829,2.268291,441
"2012-03-01","f_0_24","80s",1.702654,2.956903,2.235955,441
"2012-04-01","f_0_24","80s",1.655739,2.85143,2.183729,441
"2012-05-01","f_0_24","80s",1.55884,2.681536,2.096474,441
"2012-06-01","f_0_24","80s",1.532041,2.652349,2.065356,441
"2012-07-01","f_0_24","80s",1.483847,2.636571,2.049696,441
"2012-08-01","f_0_24","80s",1.409801,2.551693,1.998564,441
"2012-09-01","f_0_24","80s",1.417308,2.52131,1.989431,441
"2012-10-01","f_0_24","80s",1.50869,2.602077,1.999504,441
"2012-11-01","f_0_24","80s",1.417867,2.500021,1.933288,441
"2012-12-01","f_0_24","80s",1.354724,2.444409,1.870545,441
"2013-01-01","f_0_24","80s",1.332835,2.355507,1.827831,441
"2013-02-01","f_0_24","80s",1.338806,2.326826,1.853352,441
"2013-03-01","f_0_24","80s",1.208142,2.272199,1.793298,441
"2013-04-01","f_0_24","80s",1.011114,2.226373,1.685348,441
"2013-05-01","f_0_24","80s",1.000248,2.247399,1.684858,441
"2013-06-01","f_0_24","80s",1.117782,2.347467,1.782876,441
"2013-07-01","f_0_24","80s",1.150078,2.343814,1.794181,441
"2013-08-01","f_0_24","80s",1.137719,2.342827,1.773318,441
"2013-09-01","f_0_24","80s",1.058618,2.335093,1.764478,441
"2013-10-01","f_0_24","80s",1.080685,2.281654,1.78684,441
"2013-11-01","f_0_24","80s",1.180391,2.354067,1.867528,441
"2013-12-01","f_0_24","80s",1.196491,2.373592,1.888063,441
"2014-01-01","f_0_24","80s",1.158213,2.365705,1.867378,441
"2014-02-01","f_0_24","80s",1.069474,2.307606,1.808389,441
"2014-03-01","f_0_24","80s",1.126859,2.330484,1.830375,441
"2014-04-01","f_0_24","80s",1.333147,2.380964,1.947377,441
"2014-05-01","f_0_24","80s",1.412619,2.398109,1.986717,441
"2014-06-01","f_0_24","80s",1.3822,2.366266,1.959427,441
"2014-07-01","f_0_24","80s",1.39222,2.418788,1.979502,441
"2014-08-01","f_0_24","80s",1.295648,2.407715,1.940506,441
"2014-09-01","f_0_24","80s",1.340497,2.421889,1.956552,441
"2014-10-01","f_0_24","80s",1.180805,2.432116,1.911973,441
"2014-11-01","f_0_24","80s",1.105065,2.454477,1.892361,441
"2014-12-01","f_0_24","80s",1.094264,2.448715,1.889506,441
"2015-01-01","f_0_24","80s",0.866592,2.391377,1.784224,441
"2015-02-01","f_0_24","80s",0.941686,2.456773,1.848968,441
"2015-03-01","f_0_24","80s",0.967031,2.446929,1.841579,441
"2015-04-01","f_0_24","80s",0.955973,2.485131,1.879137,441
"2015-05-01","f_0_24","80s",0.912587,2.489677,1.846923,441
"2015-06-01","f_0_24","80s",0.908389,2.505368,1.846651,441
"2015-07-01","f_0_24","80s",0.904411,2.486923,1.837222,441
"2015-08-01","f_0_24","80s",0.926815,2.455312,1.839513,441
"2015-09-01","f_0_24","80s",0.91544,2.468094,1.842204,441
"2015-10-01","f_0_24","80s",0.917969,2.379306,1.788126,441
"2015-11-01","f_0_24","80s",0.910223,2.30248,1.746602,441
"2015-12-01","f_0_24","80s",0.832678,2.256035,1.701759,441
"2016-01-01","f_0_24","80s",1.023031,2.361173,1.820036,441
"2016-02-01","f_0_24","80s",1.017903,2.361263,1.81798,441
"2016-03-01","f_0_24","80s",1.04881,2.423441,1.869316,441
"2016-04-01","f_0_24","80s",1.110616,2.455414,1.890915,441
"2016-05-01","f_0_24","80s",1.191204,2.502772,1.972205,441
"2016-06-01","f_0_24","80s",1.150901,2.462429,1.944007,441
"2016-07-01","f_0_24","80s",1.12044,2.479069,1.953652,441
"2016-08-01","f_0_24","80s",1.176017,2.525219,2.003331,441
"2016-09-01","f_0_24","80s",1.245004,2.556189,2.033403,441
"2016-10-01","f_0_24","80s",1.394853,2.623493,2.122489,441
"2016-11-01","f_0_24","80s",1.368743,2.594806,2.099539,441
"2016-12-01","f_0_24","80s",1.465502,2.64854,2.15011,441
"2017-01-01","f_0_24","80s",1.554386,2.645755,2.192645,441
"2017-02-01","f_0_24","80s",1.55435,2.617602,2.158053,441
"2017-03-01","f_0_24","80s",1.478706,2.565624,2.103338,441
"2017-04-01","f_0_24","80s",1.366562,2.448834,2.009802,441
"2017-05-01","f_0_24","80s",1.285058,2.375927,1.915782,441
"2017-06-01","f_0_24","80s",1.302406,2.442893,1.94786,441
"2017-07-01","f_0_24","80s",1.281921,2.38085,1.897673,441
"2017-08-01","f_0_24","80s",1.290604,2.361644,1.882936,441
"2017-09-01","f_0_24","80s",1.231981,2.326154,1.845685,441
"2017-10-01","f_0_24","80s",1.239398,2.37982,1.870587,441
"2017-11-01","f_0_24","80s",1.250749,2.427364,1.90068,441
"2017-12-01","f_0_24","80s",1.29745,2.466461,1.939159,441
"2018-01-01","f_0_24","80s",1.365059,2.555426,1.99166,441
"2018-02-01","f_0_24","80s",1.394657,2.606108,2.030445,441
"2018-03-01","f_0_24","80s",1.43214,2.59816,2.039124,441
"2018-04-01","f_0_24","80s",1.449222,2.607166,2.037793,441
"2018-05-01","f_0_24","80s",1.479855,2.621188,2.078988,441
"2018-06-01","f_0_24","80s",1.518125,2.609885,2.091453,441
"2018-07-01","f_0_24","80s",1.544221,2.642641,2.123115,441
"2018-08-01","f_0_24","80s",1.525741,2.655147,2.13001,441
"2018-09-01","f_0_24","80s",1.577616,2.677382,2.161546,441
"2018-10-01","f_0_24","80s",1.574028,2.644868,2.151284,441
"2018-11-01","f_0_24","80s",1.64202,2.711614,2.217088,441
"2018-12-01","f_0_24","80s",1.622987,2.735273,2.217313,441
"2019-01-01","f_0_24","80s",1.440537,2.59614,2.108218,441
"2019-02-01","f_0_24","80s",1.454965,2.613702,2.14494,441
"2019-03-01","f_0_24","80s",1.495004,2.664928,2.18409,441
"2019-04-01","f_0_24","80s",1.539292,2.815134,2.312263,441
"2019-05-01","f_0_24","80s",1.484034,2.810927,2.258979,441
"2019-06-01","f_0_24","80s",1.414358,2.775824,2.215678,441
"2019-07-01","f_0_24","80s",1.470813,2.823882,2.260686,441
"2019-08-01","f_0_24","80s",1.477029,2.84289,2.276925,441
"2019-09-01","f_0_24","80s",1.348772,2.790939,2.209243,441
"2019-10-01","f_0_24","80s",1.397568,2.869238,2.242362,441
"2019-11-01","f_0_24","80s",1.385896,2.797684,2.191273,441
"2019-12-01","f_0_24","80s",1.379991,2.809133,2.196751,441
"2020-01-01","f_0_24","80s",1.494484,2.910492,2.278058,441
"2020-02-01","f_0_24","80s",1.486207,2.896466,2.263733,441
"2020-03-01","f_0_24","80s",1.408834,2.847738,2.217983,441
"2020-04-01","f_0_24","80s",1.19084,2.716536,2.101279,441
"2020-05-01","f_0_24","80s",1.270818,2.753648,2.179893,441
"2020-06-01","f_0_24","80s",1.313514,2.830006,2.208768,441
"2020-07-01","f_0_24","80s",1.370002,2.927283,2.246815,441
"2020-08-01","f_0_24","80s",1.44426,2.99567,2.273381,441
"2020-09-01","f_0_24","80s",1.491418,3.009769,2.255223,441
"2020-10-01","f_0_24","80s",1.407779,2.899203,2.196098,441
"2020-11-01","f_0_24","80s",1.334184,2.885798,2.131807,441
"2020-12-01","f_0_24","80s",1.345958,2.914601,2.103568,441
"2021-01-01","f_0_24","80s",1.302667,2.907244,2.040994,441
"2021-02-01","f_0_24","80s",1.385755,3.017469,2.101997,441
"2021-03-01","f_0_24","80s",1.498848,3.193066,2.18026,441
"2021-04-01","f_0_24","80s",1.786603,3.378331,2.283501,441
"2021-05-01","f_0_24","80s",1.849607,3.537611,2.349288,441
"2021-06-01","f_0_24","80s",1.932485,3.663785,2.441663,441
"2021-07-01","f_0_24","80s",1.996111,3.746422,2.51987,441
"2021-08-01","f_0_24","80s",2.061948,3.856886,2.60351,441
"2021-09-01","f_0_24","80s",2.316934,4.092657,2.857592,441
"2021-10-01","f_0_24","80s",2.610162,4.511174,3.170009,441
"2021-11-01","f_0_24","80s",2.88597,4.8643,3.459272,441
"2021-12-01","f_0_24","80s",3.140181,5.132754,3.720035,441
"2022-01-01","f_0_24","80s",3.504281,5.517975,4.133351,441
"2022-02-01","f_0_24","80s",3.665604,5.775241,4.324497,441
"2022-03-01","f_0_24","80s",3.706171,5.912536,4.426427,441
"2022-04-01","f_0_24","80s",3.731675,6.019261,4.515482,441
"2022-05-01","f_0_24","80s",3.945352,6.214521,4.732635,441
"2022-06-01","f_0_24","80s",4.372217,6.619235,5.176465,441
"2022-07-01","f_0_24","80s",4.406428,6.660298,5.254314,441
"2022-08-01","f_0_24","80s",4.622628,6.872852,5.478559,441
"2022-09-01","f_0_24","80s",4.576004,6.883495,5.482997,441
"2022-10-01","f_0_24","80s",4.583191,6.841559,5.488499,441
"2022-11-01","f_0_24","80s",4.479767,6.700289,5.419558,441
"2022-12-01","f_0_24","80s",4.415926,6.569811,5.366515,441
"2023-01-01","f_0_24","80s",4.29113,6.475181,5.224931,441
"2023-02-01","f_0_24","80s",4.204172,6.310081,5.147466,441
"2023-03-01","f_0_24","80s",4.269012,6.222993,5.185208,441
"2023-04-01","f_0_24","80s",4.284892,6.157303,5.212387,441
"2023-05-01","f_0_24","80s",4.093959,5.993704,5.063984,441
"2023-06-01","f_0_24","80s",3.663235,5.497226,4.600146,441
"2023-07-01","f_0_24","80s",3.529344,5.327147,4.457397,441
"2023-08-01","f_0_24","80s",3.239513,5.028973,4.182201,441
"2023-09-01","f_0_24","80s",3.18068,4.954242,4.102737,441
"2023-10-01","f_0_24","80s",3.007681,4.725557,3.905447,441
"2023-11-01","f_0_24","80s",2.919405,4.702275,3.842521,441
"2023-12-01","f_0_24","80s",2.730531,4.515515,3.657248,441
"2024-01-01","f_0_24","80s",2.757409,4.424693,3.676854,441
"2024-02-01","f_0_24","80s",2.633541,4.304877,3.537218,441
"2024-03-01","f_0_24","80s",2.589367,4.255307,3.47182,441
"2024-04-01","f_0_24","80s",2.49059,4.119586,3.341557,441
"2024-05-01","f_0_24","80s",2.317927,4.017598,3.244755,441
"2024-06-01","f_0_24","80s",2.239719,3.978949,3.209914,441
"2024-07-01","f_0_24","80s",2.220445,3.892622,3.138673,441
"2024-08-01","f_0_24","80s",2.209163,3.865056,3.119458,441
"2024-09-01","f_0_24","80s",2.204584,3.828106,3.119685,441
"2024-10-01","f_0_24","80s",2.215053,3.819242,3.120244,441
"2024-11-01","f_0_24","80s",2.244607,3.74296,3.103824,441
"2024-12-01","f_0_24","80s",2.305386,3.832978,3.200333,441
"2025-01-01","f_0_24","80s",2.109629,3.650906,2.976807,441
"2025-02-01","f_0_24","80s",2.168412,3.651296,3.010574,441
"2025-03-01","f_0_24","80s",2.075875,3.606495,2.992786,441
"2025-04-01","f_0_24","80s",2.166421,3.643161,3.04696,441
"2025-05-01","f_0_24","80s",2.283537,3.574055,3.028599,441
"2025-06-01","f_0_24","80s",2.442811,3.654659,3.135681,441
"2025-07-01","f_0_24","80s",2.419427,3.687122,3.135631,441
"2025-08-01","f_0_24","80s",2.461314,3.740284,3.191791,441
"2025-09-01","f_0_24","80s",2.391069,3.680974,3.091,441
"2025-10-01","f_0_24","80s",2.274676,3.576893,2.965511,441
"2025-11-01","f_0_24","80s",2.255047,3.507368,2.896121,441
"2025-12-01","f_0_24","80s",2.271051,3.510041,2.871878,441
"2026-01-01","f_0_24","80s",2.250571,3.543007,2.846859,441
"2026-02-01","f_0_24","80s",2.175885,3.539899,2.788029,441
"2026-03-01","f_0_24","80s",2.253432,3.550275,2.77668,441
"2026-04-01","f_0_24","80s",2.204434,3.576719,2.735585,441
"2026-05-01","f_0_24","80s",2.236007,3.6335,2.775716,441
"2026-06-01","f_0_24","80s",2.108938,3.529703,2.651435,441
"2026-07-01","f_0_24","80s",2.052108,3.537147,2.641003,441
"2026-08-01","f_0_24","80s",2.034627,3.47293,2.571062,441
"1960-01-01","f_0_24","00s",0.320055,2.048889,1.174302,266
"1960-02-01","f_0_24","00s",0.318482,2.046431,1.178852,266
"1960-03-01","f_0_24","00s",0.3186,2.024584,1.158272,266
"1960-04-01","f_0_24","00s",0.20091,2.011565,1.106417,266
"1960-05-01","f_0_24","00s",0.197871,1.96857,1.073927,266
"1960-06-01","f_0_24","00s",0.095062,1.788887,0.914812,266
"1960-07-01","f_0_24","00s",0.165036,1.812258,0.951964,266
"1960-08-01","f_0_24","00s",0.166055,1.781939,0.929483,266
"1960-09-01","f_0_24","00s",0.105159,1.671083,0.834452,266
"1960-10-01","f_0_24","00s",0.104367,1.605549,0.76861,266
"1960-11-01","f_0_24","00s",0.111543,1.669419,0.834007,266
"1960-12-01","f_0_24","00s",0.111313,1.643345,0.807988,266
"1961-01-01","f_0_24","00s",0.115501,1.642496,0.804469,266
"1961-02-01","f_0_24","00s",0.115501,1.587007,0.774635,266
"1961-03-01","f_0_24","00s",0.077362,1.498301,0.734336,266
"1961-04-01","f_0_24","00s",0.025574,1.354928,0.620166,266
"1961-05-01","f_0_24","00s",0.02493,1.320521,0.596649,266
"1961-06-01","f_0_24","00s",0.025175,1.343193,0.6102,266
"1961-07-01","f_0_24","00s",-0.042943,1.293033,0.553289,266
"1961-08-01","f_0_24","00s",-0.043961,1.196415,0.51271,266
"1961-09-01","f_0_24","00s",-0.043029,1.234613,0.529259,266
"1961-10-01","f_0_24","00s",-0.058553,1.16149,0.491873,266
"1961-11-01","f_0_24","00s",-0.065488,1.07774,0.418766,266
"1961-12-01","f_0_24","00s",-0.07392,0.992087,0.367776,266
"1962-01-01","f_0_24","00s",0.045788,1.169239,0.543733,266
"1962-02-01","f_0_24","00s",0.052031,1.265311,0.611752,266
"1962-03-01","f_0_24","00s",0.118777,1.44065,0.74624,266
"1962-04-01","f_0_24","00s",0.078516,1.382754,0.691948,266
"1962-05-01","f_0_24","00s",0.078754,1.40319,0.709657,266
"1962-06-01","f_0_24","00s",0.078823,1.430183,0.729878,266
"1962-07-01","f_0_24","00s",0.075537,1.349859,0.670357,266
"1962-08-01","f_0_24","00s",0.077592,1.415839,0.713406,266
"1962-09-01","f_0_24","00s",0.076698,1.592568,0.755223,266
"1962-10-01","f_0_24","00s",0.026497,1.548447,0.722299,266
"1962-11-01","f_0_24","00s",0.026268,1.549676,0.719624,266
"1962-12-01","f_0_24","00s",-0.021998,1.499804,0.693266,266
"1963-01-01","f_0_24","00s",-0.105941,1.452093,0.63794,266
"1963-02-01","f_0_24","00s",-0.111073,1.376583,0.587018,266
"1963-03-01","f_0_24","00s",-0.147171,1.228581,0.465788,266
"1963-04-01","f_0_24","00s",-0.115395,1.251729,0.488238,266
"1963-05-01","f_0_24","00s",-0.068962,1.365415,0.595623,266
"1963-06-01","f_0_24","00s",-0.068962,1.386931,0.599316,266
"1963-07-01","f_0_24","00s",-0.068261,1.437537,0.625035,266
"1963-08-01","f_0_24","00s",-0.070314,1.460578,0.611773,266
"1963-09-01","f_0_24","00s",-0.070617,1.219717,0.534219,266
"1963-10-01","f_0_24","00s",0.07531,1.422502,0.713664,266
"1963-11-01","f_0_24","00s",0.07531,1.451586,0.724846,266
"1963-12-01","f_0_24","00s",0.131844,1.571123,0.788106,266
"1964-01-01","f_0_24","00s",0.120331,1.557715,0.754248,266
"1964-02-01","f_0_24","00s",0.12087,1.592019,0.783507,266
"1964-03-01","f_0_24","00s",0.087859,1.580215,0.773237,266
"1964-04-01","f_0_24","00s",0.094044,1.598649,0.783686,266
"1964-05-01","f_0_24","00s",0.046027,1.447473,0.651673,266
"1964-06-01","f_0_24","00s",0.042564,1.364326,0.604199,266
"1964-07-01","f_0_24","00s",0.042564,1.315124,0.570271,266
"1964-08-01","f_0_24","00s",0.042279,1.269976,0.571654,266
"1964-09-01","f_0_24","00s",0.042103,1.26483,0.560666,266
"1964-10-01","f_0_24","00s",-0.038115,1.150035,0.441026,266
"1964-11-01","f_0_24","00s",-0.037326,1.165938,0.460857,266
"1964-12-01","f_0_24","00s",-0.038034,1.14852,0.460773,266
"1965-01-01","f_0_24","00s",-0.022917,1.162877,0.477453,266
"1965-02-01","f_0_24","00s",-0.041185,1.085233,0.418235,266
"1965-03-01","f_0_24","00s",-0.001846,1.174966,0.465678,266
"1965-04-01","f_0_24","00s",0.005562,1.256647,0.542251,266
"1965-05-01","f_0_24","00s",0.012482,1.329435,0.601138,266
"1965-06-01","f_0_24","00s",0.019679,1.443608,0.684293,266
"1965-07-01","f_0_24","00s",0.019679,1.494386,0.724961,266
"1965-08-01","f_0_24","00s",0.023842,1.54158,0.760342,266
"1965-09-01","f_0_24","00s",0.024411,1.61569,0.827952,266
"1965-10-01","f_0_24","00s",0.024951,1.66779,0.873842,266
"1965-11-01","f_0_24","00s",0.10573,1.719463,0.945589,266
"1965-12-01","f_0_24","00s",0.199377,1.870701,1.077355,266
"1966-01-01","f_0_24","00s",0.244624,1.891568,1.121496,266
"1966-02-01","f_0_24","00s",0.412356,2.118586,1.303447,266
"1966-03-01","f_0_24","00s",0.414688,2.205169,1.363319,266
"1966-04-01","f_0_24","00s",0.653523,2.364219,1.543933,266
"1966-05-01","f_0_24","00s",0.651045,2.415123,1.565135,266
"1966-06-01","f_0_24","00s",0.714535,2.492141,1.62112,266
"1966-07-01","f_0_24","00s",0.818161,2.609337,1.734012,266
"1966-08-01","f_0_24","00s",0.845586,2.647072,1.776589,266
"1966-09-01","f_0_24","00s",1.098581,2.82295,1.982637,266
"1966-10-01","f_0_24","00s",1.36567,3.013718,2.204773,266
"1966-11-01","f_0_24","00s",1.350914,3.034036,2.202546,266
"1966-12-01","f_0_24","00s",1.322193,2.997653,2.172726,266
"1967-01-01","f_0_24","00s",1.325785,2.983107,2.167854,266
"1967-02-01","f_0_24","00s",1.348312,2.934958,2.177115,266
"1967-03-01","f_0_24","00s",1.347409,2.846259,2.130427,266
"1967-04-01","f_0_24","00s",1.169291,2.725846,1.988784,266
"1967-05-01","f_0_24","00s",1.24066,2.714739,2.019054,266
"1967-06-01","f_0_24","00s",1.385478,2.736136,2.105577,266
"1967-07-01","f_0_24","00s",1.462465,2.767991,2.159477,266
"1967-08-01","f_0_24","00s",1.562337,2.852819,2.225093,266
"1967-09-01","f_0_24","00s",1.62144,2.88303,2.263121,266
"1967-10-01","f_0_24","00s",1.607923,2.874829,2.246407,266
"1967-11-01","f_0_24","00s",1.719579,2.975668,2.349184,266
"1967-12-01","f_0_24","00s",1.823874,3.042607,2.420985,266
"1968-01-01","f_0_24","00s",2.062335,3.234817,2.612238,266
"1968-02-01","f_0_24","00s",2.161278,3.34899,2.72027,266
"1968-03-01","f_0_24","00s",2.309113,3.51287,2.879641,266
"1968-04-01","f_0_24","00s",2.504966,3.628251,3.031425,266
"1968-05-01","f_0_24","00s",2.763779,3.83859,3.261422,266
"1968-06-01","f_0_24","00s",2.812882,3.919914,3.32939,266
"1968-07-01","f_0_24","00s",2.833753,3.916356,3.33173,266
"1968-08-01","f_0_24","00s",3.028633,4.059122,3.512471,266
"1968-09-01","f_0_24","00s",3.050096,4.084645,3.535155,266
"1968-10-01","f_0_24","00s",3.150086,4.170846,3.626841,266
"1968-11-01","f_0_24","00s",3.273225,4.226186,3.722609,266
"1968-12-01","f_0_24","00s",3.3779,4.270828,3.810029,266
"1969-01-01","f_0_24","00s",3.369098,4.266107,3.804926,266
"1969-02-01","f_0_24","00s",3.275495,4.167317,3.705451,266
"1969-03-01","f_0_24","00s",3.477441,4.330328,3.873584,266
"1969-04-01","f_0_24","00s",3.550249,4.424546,3.948328,266
"1969-05-01","f_0_24","00s",3.514765,4.437583,3.929895,266
"1969-06-01","f_0_24","00s",3.574512,4.465314,3.972711,266
"1969-07-01","f_0_24","00s",3.77844,4.675852,4.184983,266
"1969-08-01","f_0_24","00s",3.66519,4.558788,4.070157,266
"1969-09-01","f_0_24","00s",3.683729,4.612175,4.099792,266
"1969-10-01","f_0_24","00s",3.651078,4.601955,4.081378,266
"1969-11-01","f_0_24","00s",3.706542,4.647222,4.125858,266
"1969-12-01","f_0_24","00s",3.776909,4.732673,4.191915,266
"1970-01-01","f_0_24","00s",3.772155,4.722011,4.182495,266
"1970-02-01","f_0_24","00s",3.923112,4.864337,4.325872,266
"1970-03-01","f_0_24","00s",3.896041,4.819143,4.303802,266
"1970-04-01","f_0_24","00s",3.904182,4.868511,4.320747,266
"1970-05-01","f_0_24","00s",3.845899,4.8047,4.263473,266
"1970-06-01","f_0_24","00s",3.790415,4.758323,4.214151,266
"1970-07-01","f_0_24","00s",3.720312,4.657412,4.127059,266
"1970-08-01","f_0_24","00s",3.792675,4.71891,4.187836,266
"1970-09-01","f_0_24","00s",3.778084,4.720936,4.188645,266
"1970-10-01","f_0_24","00s",3.813556,4.857512,4.255897,266
"1970-11-01","f_0_24","00s",3.79388,4.861973,4.240608,266
"1970-12-01","f_0_24","00s",3.902029,4.955734,4.345001,266
"1971-01-01","f_0_24","00s",3.874045,4.912577,4.31635,266
"1971-02-01","f_0_24","00s",3.733004,4.793675,4.187345,266
"1971-03-01","f_0_24","00s",3.60096,4.674631,4.055727,266
"1971-04-01","f_0_24","00s",3.532272,4.580527,3.985483,266
"1971-05-01","f_0_24","00s",3.620641,4.664592,4.076511,266
"1971-06-01","f_0_24","00s",3.689286,4.765145,4.152097,266
"1971-07-01","f_0_24","00s",3.598811,4.700685,4.072977,266
"1971-08-01","f_0_24","00s",3.590364,4.684376,4.067943,266
"1971-09-01","f_0_24","00s",3.480395,4.518677,3.935277,266
"1971-10-01","f_0_24","00s",3.134074,4.118968,3.601173,266
"1971-11-01","f_0_24","00s",2.944722,3.902951,3.407576,266
"1971-12-01","f_0_24","00s",2.732846,3.701417,3.191075,266
"1972-01-01","f_0_24","00s",2.707655,3.703886,3.165779,266
"1972-02-01","f_0_24","00s",2.737228,3.709622,3.184027,266
"1972-03-01","f_0_24","00s",2.758943,3.689133,3.191574,266
"1972-04-01","f_0_24","00s",2.533102,3.483549,2.99504,266
"1972-05-01","f_0_24","00s",2.334306,3.265656,2.784191,266
"1972-06-01","f_0_24","00s",2.10724,3.026459,2.556734,266
"1972-07-01","f_0_24","00s",2.099414,3.042111,2.547683,266
"1972-08-01","f_0_24","00s",2.028322,2.974643,2.477049,266
"1972-09-01","f_0_24","00s",2.078902,3.063033,2.525721,266
"1972-10-01","f_0_24","00s",2.207535,3.135267,2.607958,266
"1972-11-01","f_0_24","00s",2.308626,3.251009,2.715408,266
"1972-12-01","f_0_24","00s",2.327871,3.274599,2.74373,266
"1973-01-01","f_0_24","00s",2.239788,3.240832,2.696117,266
"1973-02-01","f_0_24","00s",2.326708,3.370096,2.797926,266
"1973-03-01","f_0_24","00s",2.431182,3.609049,2.957336,266
"1973-04-01","f_0_24","00s",2.858618,4.0788,3.377774,266
"1973-05-01","f_0_24","00s",3.033371,4.38055,3.603986,266
"1973-06-01","f_0_24","00s",3.203209,4.627924,3.795872,266
"1973-07-01","f_0_24","00s",3.143554,4.56259,3.744697,266
"1973-08-01","f_0_24","00s",3.28924,4.872902,3.938824,266
"1973-09-01","f_0_24","00s",3.297889,5.001632,3.974999,266
"1973-10-01","f_0_24","00s",3.470327,5.434752,4.228512,266
"1973-11-01","f_0_24","00s",3.570215,5.799048,4.402494,266
"1973-12-01","f_0_24","00s",3.780268,6.085054,4.629136,266
"1974-01-01","f_0_24","00s",4.035324,6.478923,4.904029,266
"1974-02-01","f_0_24","00s",4.257205,7.016742,5.218869,266
"1974-03-01","f_0_24","00s",4.565473,7.484622,5.54333,266
"1974-04-01","f_0_24","00s",4.630113,7.629034,5.643599,266
"1974-05-01","f_0_24","00s",5.104997,8.122459,6.124927,266
"1974-06-01","f_0_24","00s",5.470691,8.627411,6.579022,266
"1974-07-01","f_0_24","00s",5.845751,9.217188,7.04487,266
"1974-08-01","f_0_24","00s",6.31223,9.74243,7.533283,266
"1974-09-01","f_0_24","00s",6.720713,10.215954,8.018163,266
"1974-10-01","f_0_24","00s",7.062293,10.415348,8.342283,266
"1974-11-01","f_0_24","00s",7.297406,10.438411,8.519879,266
"1974-12-01","f_0_24","00s",7.433827,10.573605,8.663062,266
"1975-01-01","f_0_24","00s",7.615958,10.609254,8.814313,266
"1975-02-01","f_0_24","00s",7.592261,10.246766,8.700825,266
"1975-03-01","f_0_24","00s",7.25041,9.657859,8.300961,266
"1975-04-01","f_0_24","00s",7.085254,9.334073,8.084087,266
"1975-05-01","f_0_24","00s",6.577524,8.708483,7.528045,266
"1975-06-01","f_0_24","00s",6.285648,8.304466,7.142572,266
"1975-07-01","f_0_24","00s",6.214753,8.093301,7.00024,266
"1975-08-01","f_0_24","00s",5.720589,7.457416,6.486324,266
"1975-09-01","f_0_24","00s",5.54791,7.104433,6.223917,266
"1975-10-01","f_0_24","00s",5.50039,6.953211,6.127219,266
"1975-11-01","f_0_24","00s",5.372943,6.831913,5.996648,266
"1975-12-01","f_0_24","00s",5.219524,6.622415,5.830559,266
"1976-01-01","f_0_24","00s",4.987059,6.356524,5.59395,266
"1976-02-01","f_0_24","00s",4.792075,6.198299,5.423194,266
"1976-03-01","f_0_24","00s",4.743227,6.146044,5.390093,266
"1976-04-01","f_0_24","00s",4.632477,6.02363,5.264714,266
"1976-05-01","f_0_24","00s",4.820601,6.186845,5.44034,266
"1976-06-01","f_0_24","00s",4.867086,6.128623,5.462255,266
"1976-07-01","f_0_24","00s",4.789838,5.952336,5.354176,266
"1976-08-01","f_0_24","00s",4.937007,6.027408,5.452413,266
"1976-09-01","f_0_24","00s",4.875057,5.953543,5.391903,266
"1976-10-01","f_0_24","00s",4.699729,5.850832,5.251515,266
"1976-11-01","f_0_24","00s",4.68024,5.787387,5.229194,266
"1976-12-01","f_0_24","00s",4.627627,5.752679,5.172651,266
"1977-01-01","f_0_24","00s",4.815164,5.907118,5.338424,266
"1977-02-01","f_0_24","00s",5.096227,6.167823,5.596091,266
"1977-03-01","f_0_24","00s",5.383431,6.450786,5.869884,266
"1977-04-01","f_0_24","00s",5.446483,6.594563,5.978345,266
"1977-05-01","f_0_24","00s",5.446423,6.591326,5.978849,266
"1977-06-01","f_0_24","00s",5.538354,6.671925,6.067595,266
"1977-07-01","f_0_24","00s",5.588625,6.719751,6.119044,266
"1977-08-01","f_0_24","00s",5.556796,6.717939,6.110813,266
"1977-09-01","f_0_24","00s",5.488778,6.672895,6.045336,266
"1977-10-01","f_0_24","00s",5.434152,6.566712,5.947246,266
"1977-11-01","f_0_24","00s",5.540553,6.66584,6.053388,266
"1977-12-01","f_0_24","00s",5.595585,6.730705,6.11142,266
"1978-01-01","f_0_24","00s",5.411558,6.613814,5.952623,266
"1978-02-01","f_0_24","00s",5.240901,6.4706,5.789442,266
"1978-03-01","f_0_24","00s",5.187253,6.46871,5.74485,266
"1978-04-01","f_0_24","00s",5.373756,6.656566,5.912224,266
"1978-05-01","f_0_24","00s",5.550654,6.831133,6.092628,266
"1978-06-01","f_0_24","00s",5.52524,6.870538,6.101156,266
"1978-07-01","f_0_24","00s",5.56105,6.972395,6.17511,266
"1978-08-01","f_0_24","00s",5.607001,7.085737,6.249334,266
"1978-09-01","f_0_24","00s",5.793054,7.246437,6.431576,266
"1978-10-01","f_0_24","00s",6.114738,7.570006,6.761885,266
"1978-11-01","f_0_24","00s",6.212584,7.680484,6.857778,266
"1978-12-01","f_0_24","00s",6.228035,7.701109,6.892144,266
"1979-01-01","f_0_24","00s",6.534827,8.022109,7.199753,266
"1979-02-01","f_0_24","00s",6.685751,8.208675,7.393257,266
"1979-03-01","f_0_24","00s",6.723566,8.250114,7.442075,266
"1979-04-01","f_0_24","00s",6.679676,8.26041,7.430138,266
"1979-05-01","f_0_24","00s",6.778661,8.40391,7.55162,266
"1979-06-01","f_0_24","00s",6.879727,8.455466,7.623773,266
"1979-07-01","f_0_24","00s",7.030607,8.549329,7.735072,266
"1979-08-01","f_0_24","00s",7.236837,8.716013,7.919878,266
"1979-09-01","f_0_24","00s",7.245876,8.89125,8.015171,266
"1979-10-01","f_0_24","00s",7.30795,9.061457,8.136979,266
"1979-11-01","f_0_24","00s",7.239958,9.077928,8.102429,266
"1979-12-01","f_0_24","00s",7.363742,9.32361,8.258502,266
"1980-01-01","f_0_24","00s",7.474201,9.519072,8.396687,266
"1980-02-01","f_0_24","00s",7.602932,9.906744,8.61639,266
"1980-03-01","f_0_24","00s",7.85677,10.20647,8.853569,266
"1980-04-01","f_0_24","00s",7.82726,10.162383,8.823667,266
"1980-05-01","f_0_24","00s",7.793745,10.101008,8.772565,266
"1980-06-01","f_0_24","00s",7.906254,10.292519,8.924036,266
"1980-07-01","f_0_24","00s",7.780339,10.245233,8.823851,266
"1980-08-01","f_0_24","00s",7.791775,10.245892,8.805396,266
"1980-09-01","f_0_24","00s",7.978621,10.287233,8.911888,266
"1980-10-01","f_0_24","00s",7.933147,10.135629,8.803484,266
"1980-11-01","f_0_24","00s",8.03075,10.172808,8.880378,266
"1980-12-01","f_0_24","00s",8.064008,10.048551,8.86646,266
"1981-01-01","f_0_24","00s",8.035746,9.957361,8.798692,266
"1981-02-01","f_0_24","00s",8.091518,9.728045,8.726626,266
"1981-03-01","f_0_24","00s",7.875888,9.43092,8.519664,266
"1981-04-01","f_0_24","00s",7.93569,9.42738,8.571839,266
"1981-05-01","f_0_24","00s",7.714564,9.271126,8.370107,266
"1981-06-01","f_0_24","00s",7.501465,8.976886,8.124113,266
"1981-07-01","f_0_24","00s",7.513793,8.951723,8.128713,266
"1981-08-01","f_0_24","00s",7.357352,8.870678,8.018686,266
"1981-09-01","f_0_24","00s",7.092818,8.665907,7.802465,266
"1981-10-01","f_0_24","00s",6.855531,8.412663,7.563922,266
"1981-11-01","f_0_24","00s",6.654289,8.204608,7.356731,266
"1981-12-01","f_0_24","00s",6.371584,7.916411,7.065971,266
"1982-01-01","f_0_24","00s",6.041645,7.573026,6.741304,266
"1982-02-01","f_0_24","00s",5.638778,7.131359,6.319325,266
"1982-03-01","f_0_24","00s",5.478475,6.945583,6.143573,266
"1982-04-01","f_0_24","00s",5.210345,6.648182,5.830346,266
"1982-05-01","f_0_24","00s",5.174905,6.543641,5.768146,266
"1982-06-01","f_0_24","00s",5.094336,6.537756,5.705629,266
"1982-07-01","f_0_24","00s",5.122396,6.590457,5.754184,266
"1982-08-01","f_0_24","00s",4.89631,6.241039,5.482367,266
"1982-09-01","f_0_24","00s",4.602522,5.869424,5.135205,266
"1982-10-01","f_0_24","00s",4.517711,5.857489,5.096914,266
"1982-11-01","f_0_24","00s",4.254129,5.587106,4.832552,266
"1982-12-01","f_0_24","00s",4.070095,5.465501,4.678084,266
"1983-01-01","f_0_24","00s",4.07136,5.404895,4.669197,266
"1983-02-01","f_0_24","00s",4.017436,5.323985,4.602345,266
"1983-03-01","f_0_24","00s",3.771339,5.096359,4.370231,266
"1983-04-01","f_0_24","00s",3.90575,5.284963,4.532737,266
"1983-05-01","f_0_24","00s",3.680366,5.08605,4.306319,266
"1983-06-01","f_0_24","00s",3.545502,4.846707,4.134909,266
"1983-07-01","f_0_24","00s",3.2982,4.587873,3.863243,266
"1983-08-01","f_0_24","00s",3.213979,4.518324,3.779821,266
"1983-09-01","f_0_24","00s",3.278662,4.615745,3.863019,266
"1983-10-01","f_0_24","00s",3.088228,4.358237,3.630738,266
"1983-11-01","f_0_24","00s",3.197715,4.448051,3.728385,266
"1983-12-01","f_0_24","00s",3.221251,4.402427,3.720492,266
"1984-01-01","f_0_24","00s",3.153262,4.352272,3.669876,266
"1984-02-01","f_0_24","00s",3.194706,4.371763,3.715156,266
"1984-03-01","f_0_24","00s",3.364046,4.5103,3.86778,266
"1984-04-01","f_0_24","00s",3.307268,4.406508,3.802638,266
"1984-05-01","f_0_24","00s",3.239487,4.305204,3.732954,266
"1984-06-01","f_0_24","00s",3.236456,4.348156,3.761097,266
"1984-07-01","f_0_24","00s",3.279788,4.389784,3.828669,266
"1984-08-01","f_0_24","00s",3.364333,4.442441,3.893454,266
"1984-09-01","f_0_24","00s",3.369309,4.397379,3.87117,266
"1984-10-01","f_0_24","00s",3.452306,4.450577,3.93507,266
"1984-11-01","f_0_24","00s",3.290312,4.27234,3.772534,266
"1984-12-01","f_0_24","00s",3.399534,4.367538,3.87593,266
"1985-01-01","f_0_24","00s",3.314501,4.244097,3.757125,266
"1985-02-01","f_0_24","00s",3.401292,4.372488,3.86054,266
"1985-03-01","f_0_24","00s",3.405058,4.403349,3.869494,266
"1985-04-01","f_0_24","00s",3.288246,4.241342,3.718874,266
"1985-05-01","f_0_24","00s",3.373254,4.361154,3.813736,266
"1985-06-01","f_0_24","00s",3.445734,4.395189,3.861871,266
"1985-07-01","f_0_24","00s",3.256151,4.175662,3.653016,266
"1985-08-01","f_0_24","00s",3.22841,4.179849,3.63866,266
"1985-09-01","f_0_24","00s",3.180433,4.153207,3.609252,266
"1985-10-01","f_0_24","00s",3.136798,4.119703,3.56892,266
"1985-11-01","f_0_24","00s",3.226026,4.315816,3.712765,266
"1985-12-01","f_0_24","00s",3.254754,4.352283,3.747656,266
"1986-01-01","f_0_24","00s",3.349709,4.439919,3.852686,266
"1986-02-01","f_0_24","00s",3.104739,4.201418,3.621609,266
"1986-03-01","f_0_24","00s",2.906015,4.052339,3.447662,266
"1986-04-01","f_0_24","00s",2.902408,4.094378,3.482843,266
"1986-05-01","f_0_24","00s",2.818722,3.986691,3.395904,266
"1986-06-01","f_0_24","00s",2.811815,4.005285,3.39899,266
"1986-07-01","f_0_24","00s",2.850808,4.068718,3.448768,266
"1986-08-01","f_0_24","00s",2.793436,3.984324,3.383894,266
"1986-09-01","f_0_24","00s",2.841218,4.04124,3.424069,266
"1986-10-01","f_0_24","00s",2.874142,4.077688,3.471246,266
"1986-11-01","f_0_24","00s",2.871489,3.975382,3.412642,266
"1986-12-01","f_0_24","00s",2.793136,3.915618,3.334592,266
"1987-01-01","f_0_24","00s",2.819932,4.022677,3.367611,266
"1987-02-01","f_0_24","00s",2.877637,4.050737,3.396474,266
"1987-03-01","f_0_24","00s",3.06959,4.171424,3.564215,266
"1987-04-01","f_0_24","00s",3.254552,4.329061,3.730712,266
"1987-05-01","f_0_24","00s",3.355694,4.432102,3.82811,266
"1987-06-01","f_0_24","00s",3.271718,4.39361,3.763142,266
"1987-07-01","f_0_24","00s",3.249659,4.365064,3.739296,266
"1987-08-01","f_0_24","00s",3.340128,4.477965,3.857035,266
"1987-09-01","f_0_24","00s",3.335431,4.445479,3.837587,266
"1987-10-01","f_0_24","00s",3.382162,4.494155,3.871198,266
"1987-11-01","f_0_24","00s",3.376419,4.51824,3.876309,266
"1987-12-01","f_0_24","00s",3.312823,4.445937,3.810559,266
"1988-01-01","f_0_24","00s",3.297499,4.365915,3.79126,266
"1988-02-01","f_0_24","00s",3.277831,4.350077,3.778996,266
"1988-03-01","f_0_24","00s",3.26251,4.37687,3.775596,266
"1988-04-01","f_0_24","00s",3.195355,4.372383,3.72833,266
"1988-05-01","f_0_24","00s",3.183526,4.34623,3.707311,266
"1988-06-01","f_0_24","00s",3.315011,4.402776,3.809166,266
"1988-07-01","f_0_24","00s",3.476608,4.638694,4.012606,266
"1988-08-01","f_0_24","00s",3.472421,4.626791,3.987006,266
"1988-09-01","f_0_24","00s",3.600725,4.798473,4.134391,266
"1988-10-01","f_0_24","00s",3.534292,4.800545,4.098636,266
"1988-11-01","f_0_24","00s",3.570751,4.810901,4.128442,266
"1988-12-01","f_0_24","00s",3.664776,4.908583,4.216394,266
"1989-01-01","f_0_24","00s",3.679938,4.995477,4.272929,266
"1989-02-01","f_0_24","00s",3.755835,5.138604,4.363677,266
"1989-03-01","f_0_24","00s",3.760417,5.099908,4.343258,266
"1989-04-01","f_0_24","00s",3.77923,5.090892,4.348515,266
"1989-05-01","f_0_24","00s",3.845076,5.16814,4.416165,266
"1989-06-01","f_0_24","00s",3.745845,5.093252,4.315979,266
"1989-07-01","f_0_24","00s",3.719812,4.95514,4.227844,266
"1989-08-01","f_0_24","00s",3.611039,4.866041,4.147738,266
"1989-09-01","f_0_24","00s",3.488123,4.735182,4.015778,266
"1989-10-01","f_0_24","00s",3.644062,4.805075,4.140984,266
"1989-11-01","f_0_24","00s",3.637263,4.809987,4.131062,266
"1989-12-01","f_0_24","00s",3.672802,4.827049,4.175167,266
"1990-01-01","f_0_24","00s",3.589497,4.749145,4.075057,266
"1990-02-01","f_0_24","00s",3.550231,4.708571,4.044947,266
"1990-03-01","f_0_24","00s",3.702303,4.885769,4.213586,266
"1990-04-01","f_0_24","00s",3.680301,4.816834,4.170329,266
"1990-05-01","f_0_24","00s",3.612365,4.757904,4.108655,266
"1990-06-01","f_0_24","00s",3.729306,4.944719,4.272408,266
"1990-07-01","f_0_24","00s",3.754035,4.983515,4.297531,266
"1990-08-01","f_0_24","00s",3.916269,5.161571,4.451933,266
"1990-09-01","f_0_24","00s",3.889828,5.16927,4.453244,266
"1990-10-01","f_0_24","00s",3.748863,5.095895,4.341997,266
"1990-11-01","f_0_24","00s",3.621679,4.984605,4.230594,266
"1990-12-01","f_0_24","00s",3.593761,4.972702,4.195077,266
"1991-01-01","f_0_24","00s",3.580864,4.971384,4.172724,266
"1991-02-01","f_0_24","00s",3.503009,4.87612,4.082447,266
"1991-03-01","f_0_24","00s",3.19153,4.549895,3.757233,266
"1991-04-01","f_0_24","00s",3.115022,4.471812,3.675804,266
"1991-05-01","f_0_24","00s",3.181515,4.522899,3.742014,266
"1991-06-01","f_0_24","00s",2.965127,4.263182,3.494142,266
"1991-07-01","f_0_24","00s",2.799455,4.165271,3.368281,266
"1991-08-01","f_0_24","00s",2.614399,4.014697,3.202469,266
"1991-09-01","f_0_24","00s",2.586856,3.977124,3.173307,266
"1991-10-01","f_0_24","00s",2.533886,3.858403,3.093483,266
"1991-11-01","f_0_24","00s",2.685799,3.989335,3.230075,266
"1991-12-01","f_0_24","00s",2.698977,4.004288,3.253538,266
"1992-01-01","f_0_24","00s",2.595822,3.818987,3.131053,266
"1992-02-01","f_0_24","00s",2.642894,3.850822,3.169503,266
"1992-03-01","f_0_24","00s",2.748812,3.99254,3.294486,266
"1992-04-01","f_0_24","00s",2.650482,3.930456,3.217962,266
"1992-05-01","f_0_24","00s",2.510041,3.850663,3.106609,266
"1992-06-01","f_0_24","00s",2.474298,3.87474,3.108191,266
"1992-07-01","f_0_24","00s",2.48464,3.864948,3.109461,266
"1992-08-01","f_0_24","00s",2.475661,3.791681,3.059466,266
"1992-09-01","f_0_24","00s",2.34172,3.646862,2.912574,266
"1992-10-01","f_0_24","00s",2.400062,3.730705,2.977225,266
"1992-11-01","f_0_24","00s",2.36487,3.676758,2.937042,266
"1992-12-01","f_0_24","00s",2.277486,3.57593,2.835926,266
"1993-01-01","f_0_24","00s",2.279083,3.573216,2.839029,266
"1993-02-01","f_0_24","00s",2.270731,3.49923,2.808429,266
"1993-03-01","f_0_24","00s",2.192157,3.366216,2.713251,266
"1993-04-01","f_0_24","00s",2.307013,3.421947,2.801062,266
"1993-05-01","f_0_24","00s",2.375768,3.423422,2.836726,266
"1993-06-01","f_0_24","00s",2.378474,3.319504,2.789842,266
"1993-07-01","f_0_24","00s",2.368695,3.250795,2.74824,266
"1993-08-01","f_0_24","00s",2.315725,3.177766,2.695435,266
"1993-09-01","f_0_24","00s",2.351841,3.161914,2.705393,266
"1993-10-01","f_0_24","00s",2.294478,3.080685,2.632202,266
"1993-11-01","f_0_24","00s",2.231336,2.999363,2.560457,266
"1993-12-01","f_0_24","00s",2.134953,2.918321,2.492857,266
"1994-01-01","f_0_24","00s",2.076323,2.864745,2.455187,266
"1994-02-01","f_0_24","00s",2.056328,2.857038,2.444732,266
"1994-03-01","f_0_24","00s",2.104444,2.888271,2.487972,266
"1994-04-01","f_0_24","00s",1.990483,2.787953,2.387467,266
"1994-05-01","f_0_24","00s",1.94573,2.723196,2.339776,266
"1994-06-01","f_0_24","00s",1.964163,2.790189,2.387167,266
"1994-07-01","f_0_24","00s",1.996352,2.838017,2.420174,266
"1994-08-01","f_0_24","00s",1.99982,2.815152,2.410675,266
"1994-09-01","f_0_24","00s",1.985027,2.794164,2.403507,266
"1994-10-01","f_0_24","00s",1.922433,2.732506,2.352289,266
"1994-11-01","f_0_24","00s",1.92395,2.746023,2.365239,266
"1994-12-01","f_0_24","00s",1.919205,2.715266,2.342696,266
"1995-01-01","f_0_24","00s",2.043142,2.843603,2.446115,266
"1995-02-01","f_0_24","00s",1.98167,2.763092,2.369469,266
"1995-03-01","f_0_24","00s",1.934336,2.731213,2.334031,266
"1995-04-01","f_0_24","00s",1.990199,2.766078,2.375701,266
"1995-05-01","f_0_24","00s",1.936485,2.73008,2.32838,266
"1995-06-01","f_0_24","00s",1.904451,2.644486,2.264982,266
"1995-07-01","f_0_24","00s",1.830348,2.543788,2.197284,266
"1995-08-01","f_0_24","00s",1.874646,2.614037,2.252195,266
"1995-09-01","f_0_24","00s",1.866291,2.622449,2.259475,266
"1995-10-01","f_0_24","00s",1.965817,2.702449,2.346098,266
"1995-11-01","f_0_24","00s",1.910306,2.660896,2.30377,266
"1995-12-01","f_0_24","00s",1.959681,2.717279,2.349233,266
"1996-01-01","f_0_24","00s",1.900688,2.61521,2.270291,266
"1996-02-01","f_0_24","00s",1.921806,2.659096,2.291313,266
"1996-03-01","f_0_24","00s",1.930888,2.664261,2.280761,266
"1996-04-01","f_0_24","00s",1.890535,2.647314,2.245192,266
"1996-05-01","f_0_24","00s",1.931082,2.677127,2.27834,266
"1996-06-01","f_0_24","00s",1.946596,2.716387,2.314095,266
"1996-07-01","f_0_24","00s",1.983266,2.780492,2.351266,266
"1996-08-01","f_0_24","00s",1.962802,2.755319,2.339682,266
"1996-09-01","f_0_24","00s",2.044689,2.841989,2.405665,266
"1996-10-01","f_0_24","00s",2.021578,2.836477,2.38595,266
"1996-11-01","f_0_24","00s",2.097692,2.886651,2.4377,266
"1996-12-01","f_0_24","00s",2.084101,2.850595,2.416988,266
"1997-01-01","f_0_24","00s",2.018193,2.810799,2.37206,266
"1997-02-01","f_0_24","00s",2.001591,2.789485,2.362261,266
"1997-03-01","f_0_24","00s",1.972982,2.747627,2.336693,266
"1997-04-01","f_0_24","00s",1.954848,2.726474,2.327139,266
"1997-05-01","f_0_24","00s",1.872986,2.64546,2.254427,266
"1997-06-01","f_0_24","00s",1.849086,2.648023,2.239125,266
"1997-07-01","f_0_24","00s",1.732129,2.559463,2.135395,266
"1997-08-01","f_0_24","00s",1.674662,2.489802,2.064753,266
"1997-09-01","f_0_24","00s",1.660894,2.438546,2.040266,266
"1997-10-01","f_0_24","00s",1.442207,2.230848,1.837478,266
"1997-11-01","f_0_24","00s",1.322217,2.143321,1.746484,266
"1997-12-01","f_0_24","00s",1.23854,2.119171,1.692256,266
"1998-01-01","f_0_24","00s",1.199717,2.064151,1.6487,266
"1998-02-01","f_0_24","00s",1.11014,2.008262,1.596913,266
"1998-03-01","f_0_24","00s",1.104684,2.034792,1.618199,266
"1998-04-01","f_0_24","00s",1.105943,2.021247,1.607518,266
"1998-05-01","f_0_24","00s",1.129574,2.098819,1.65553,266
"1998-06-01","f_0_24","00s",1.110115,2.036313,1.606846,266
"1998-07-01","f_0_24","00s",1.200617,2.064225,1.670789,266
"1998-08-01","f_0_24","00s",1.264722,2.154705,1.745795,266
"1998-09-01","f_0_24","00s",1.154912,2.141531,1.693696,266
"1998-10-01","f_0_24","00s",1.295406,2.251728,1.815995,266
"1998-11-01","f_0_24","00s",1.311413,2.26904,1.840961,266
"1998-12-01","f_0_24","00s",1.328932,2.295723,1.871954,266
"1999-01-01","f_0_24","00s",1.374302,2.330314,1.904217,266
"1999-02-01","f_0_24","00s",1.342229,2.299507,1.859233,266
"1999-03-01","f_0_24","00s",1.289129,2.216744,1.78485,266
"1999-04-01","f_0_24","00s",1.347262,2.310207,1.850263,266
"1999-05-01","f_0_24","00s",1.352282,2.271333,1.830073,266
"1999-06-01","f_0_24","00s",1.358608,2.276795,1.840975,266
"1999-07-01","f_0_24","00s",1.409182,2.323137,1.883624,266
"1999-08-01","f_0_24","00s",1.362411,2.247113,1.825063,266
"1999-09-01","f_0_24","00s",1.484038,2.305371,1.89164,266
"1999-10-01","f_0_24","00s",1.483317,2.30081,1.88316,266
"1999-11-01","f_0_24","00s",1.519555,2.336524,1.904075,266
"1999-12-01","f_0_24","00s",1.594978,2.3567,1.931161,266
"2000-01-01","f_0_24","00s",1.688631,2.477716,2.041619,266
"2000-02-01","f_0_24","00s",1.830766,2.581958,2.166486,266
"2000-03-01","f_0_24","00s",1.943427,2.706435,2.273519,266
"2000-04-01","f_0_24","00s",1.820667,2.620824,2.193609,266
"2000-05-01","f_0_24","00s",1.842962,2.637501,2.220617,266
"2000-06-01","f_0_24","00s",1.898887,2.6831,2.268648,266
"2000-07-01","f_0_24","00s",1.933911,2.767761,2.318042,266
"2000-08-01","f_0_24","00s",1.945522,2.77832,2.331226,266
"2000-09-01","f_0_24","00s",1.97774,2.795227,2.375293,266
"2000-10-01","f_0_24","00s",1.955614,2.806265,2.386531,266
"2000-11-01","f_0_24","00s",1.981362,2.819431,2.408777,266
"2000-12-01","f_0_24","00s",1.989545,2.845251,2.447638,266
"2001-01-01","f_0_24","00s",2.037244,2.949174,2.497962,266
"2001-02-01","f_0_24","00s",2.094455,2.993895,2.544103,266
"2001-03-01","f_0_24","00s",2.057493,2.968193,2.511375,266
"2001-04-01","f_0_24","00s",2.170701,3.051831,2.617878,266
"2001-05-01","f_0_24","00s",2.173846,3.051357,2.607505,266
"2001-06-01","f_0_24","00s",2.238624,3.132653,2.688314,266
"2001-07-01","f_0_24","00s",2.172232,3.053255,2.625281,266
"2001-08-01","f_0_24","00s",2.194585,3.154762,2.686354,266
"2001-09-01","f_0_24","00s",2.132446,3.108441,2.626444,266
"2001-10-01","f_0_24","00s",2.148834,3.118822,2.627679,266
"2001-11-01","f_0_24","00s",2.153951,3.114113,2.617005,266
"2001-12-01","f_0_24","00s",2.079302,3.041826,2.53335,266
"2002-01-01","f_0_24","00s",1.894375,2.796042,2.350899,266
"2002-02-01","f_0_24","00s",1.832135,2.798548,2.311323,266
"2002-03-01","f_0_24","00s",1.859678,2.828706,2.34095,266
"2002-04-01","f_0_24","00s",1.841887,2.794821,2.288316,266
"2002-05-01","f_0_24","00s",1.813323,2.766919,2.261166,266
"2002-06-01","f_0_24","00s",1.730274,2.682364,2.172328,266
"2002-07-01","f_0_24","00s",1.769786,2.707068,2.199824,266
"2002-08-01","f_0_24","00s",1.769382,2.646176,2.158577,266
"2002-09-01","f_0_24","00s",1.823985,2.692278,2.203277,266
"2002-10-01","f_0_24","00s",1.838453,2.692065,2.216006,266
"2002-11-01","f_0_24","00s",1.818841,2.677795,2.203028,266
"2002-12-01","f_0_24","00s",1.863988,2.737432,2.250819,266
"2003-01-01","f_0_24","00s",1.868122,2.76835,2.264115,266
"2003-02-01","f_0_24","00s",1.839473,2.718272,2.222866,266
"2003-03-01","f_0_24","00s",1.813287,2.694653,2.197833,266
"2003-04-01","f_0_24","00s",1.690326,2.580557,2.083658,266
"2003-05-01","f_0_24","00s",1.689778,2.604651,2.085922,266
"2003-06-01","f_0_24","00s",1.611855,2.56222,2.021236,266
"2003-07-01","f_0_24","00s",1.636473,2.572218,2.044479,266
"2003-08-01","f_0_24","00s",1.663564,2.58722,2.062768,266
"2003-09-01","f_0_24","00s",1.593192,2.517396,1.990401,266
"2003-10-01","f_0_24","00s",1.604,2.55114,2.010819,266
"2003-11-01","f_0_24","00s",1.577755,2.542808,1.996742,266
"2003-12-01","f_0_24","00s",1.540517,2.522975,1.960237,266
"2004-01-01","f_0_24","00s",1.626997,2.676783,2.061352,266
"2004-02-01","f_0_24","00s",1.687317,2.712083,2.119226,266
"2004-03-01","f_0_24","00s",1.682706,2.676577,2.10763,266
"2004-04-01","f_0_24","00s",1.89351,2.84579,2.3038,266
"2004-05-01","f_0_24","00s",1.953703,2.876412,2.360548,266
"2004-06-01","f_0_24","00s",2.098759,2.972191,2.477092,266
"2004-07-01","f_0_24","00s",2.033074,2.910245,2.42068,266
"2004-08-01","f_0_24","00s",1.972583,2.895467,2.399066,266
"2004-09-01","f_0_24","00s",1.961946,2.881551,2.385283,266
"2004-10-01","f_0_24","00s",1.944006,2.880245,2.37309,266
"2004-11-01","f_0_24","00s",1.955473,2.949839,2.40608,266
"2004-12-01","f_0_24","00s",1.986662,2.932256,2.433224,266
"2005-01-01","f_0_24","00s",2.07841,2.944792,2.49162,266
"2005-02-01","f_0_24","00s",2.08776,2.956652,2.505995,266
"2005-03-01","f_0_24","00s",2.095528,2.989986,2.511706,266
"2005-04-01","f_0_24","00s",1.974888,2.93226,2.411579,266
"2005-05-01","f_0_24","00s",1.961971,2.912765,2.396168,266
"2005-06-01","f_0_24","00s",1.892282,2.858817,2.334915,266
"2005-07-01","f_0_24","00s",1.953515,2.900884,2.382406,266
"2005-08-01","f_0_24","00s",1.970451,2.87227,2.371294,266
"2005-09-01","f_0_24","00s",2.054008,2.996835,2.480768,266
"2005-10-01","f_0_24","00s",2.111101,3.062644,2.538668,266
"2005-11-01","f_0_24","00s",2.18982,3.061456,2.577727,266
"2005-12-01","f_0_24","00s",2.143258,3.022612,2.535059,266
"2006-01-01","f_0_24","00s",2.098712,2.949909,2.487135,266
"2006-02-01","f_0_24","00s",2.04,2.890149,2.429371,266
"2006-03-01","f_0_24","00s",2.08704,2.909371,2.480933,266
"2006-04-01","f_0_24","00s",2.189743,2.958343,2.564482,266
"2006-05-01","f_0_24","00s",2.304401,3.079447,2.683602,266
"2006-06-01","f_0_24","00s",2.475735,3.225688,2.845557,266
"2006-07-01","f_0_24","00s",2.447277,3.232644,2.847066,266
"2006-08-01","f_0_24","00s",2.534906,3.30736,2.926595,266
"2006-09-01","f_0_24","00s",2.498874,3.240906,2.882488,266
"2006-10-01","f_0_24","00s",2.470776,3.188644,2.841261,266
"2006-11-01","f_0_24","00s",2.319015,3.045628,2.702212,266
"2006-12-01","f_0_24","00s",2.451242,3.170477,2.828887,266
"2007-01-01","f_0_24","00s",2.485759,3.25305,2.867907,266
"2007-02-01","f_0_24","00s",2.598213,3.355324,2.974803,266
"2007-03-01","f_0_24","00s",2.528518,3.306282,2.903569,266
"2007-04-01","f_0_24","00s",2.44446,3.222104,2.811497,266
"2007-05-01","f_0_24","00s",2.276329,3.0564,2.645626,266
"2007-06-01","f_0_24","00s",2.165915,2.961358,2.543197,266
"2007-07-01","f_0_24","00s",2.140408,2.915969,2.49449,266
"2007-08-01","f_0_24","00s",2.072693,2.859789,2.434205,266
"2007-09-01","f_0_24","00s",2.151917,2.966915,2.508622,266
"2007-10-01","f_0_24","00s",2.228161,3.070913,2.58402,266
"2007-11-01","f_0_24","00s",2.439337,3.268637,2.787052,266
"2007-12-01","f_0_24","00s",2.428288,3.274623,2.76206,266
"2008-01-01","f_0_24","00s",2.356184,3.164274,2.68072,266
"2008-02-01","f_0_24","00s",2.261591,3.095383,2.584693,266
"2008-03-01","f_0_24","00s",2.306743,3.144045,2.6301,266
"2008-04-01","f_0_24","00s",2.302437,3.160835,2.657377,266
"2008-05-01","f_0_24","00s",2.293487,3.225305,2.685596,266
"2008-06-01","f_0_24","00s",2.329471,3.320706,2.73872,266
"2008-07-01","f_0_24","00s",2.387039,3.487766,2.836655,266
"2008-08-01","f_0_24","00s",2.348242,3.4714,2.808758,266
"2008-09-01","f_0_24","00s",2.244772,3.340098,2.704442,266
"2008-10-01","f_0_24","00s",2.004051,3.172245,2.551429,266
"2008-11-01","f_0_24","00s",1.769498,3.060195,2.423904,266
"2008-12-01","f_0_24","00s",1.555625,2.885485,2.260918,266
"2009-01-01","f_0_24","00s",1.548251,2.884686,2.276353,266
"2009-02-01","f_0_24","00s",1.525938,2.838765,2.251317,266
"2009-03-01","f_0_24","00s",1.370934,2.735029,2.163521,266
"2009-04-01","f_0_24","00s",1.32621,2.665441,2.092324,266
"2009-05-01","f_0_24","00s",1.323962,2.589309,2.047482,266
"2009-06-01","f_0_24","00s",1.215634,2.44285,1.923731,266
"2009-07-01","f_0_24","00s",0.978543,2.100229,1.648481,266
"2009-08-01","f_0_24","00s",0.952915,2.1527,1.648674,266
"2009-09-01","f_0_24","00s",0.813222,2.087764,1.529505,266
"2009-10-01","f_0_24","00s",0.896042,2.251443,1.605182,266
"2009-11-01","f_0_24","00s",0.920494,2.192842,1.525214,266
"2009-12-01","f_0_24","00s",0.956204,2.189921,1.521772,266
"2010-01-01","f_0_24","00s",0.804573,2.057309,1.358677,266
"2010-02-01","f_0_24","00s",0.672344,1.956146,1.246301,266
"2010-03-01","f_0_24","00s",0.629745,1.902624,1.175732,266
"2010-04-01","f_0_24","00s",0.553942,1.865441,1.116487,266
"2010-05-01","f_0_24","00s",0.485349,1.797872,1.041513,266
"2010-06-01","f_0_24","00s",0.400472,1.693082,0.959367,266
"2010-07-01","f_0_24","00s",0.459759,1.751412,1.013856,266
"2010-08-01","f_0_24","00s",0.480394,1.691734,1.002431,266
"2010-09-01","f_0_24","00s",0.557079,1.672162,1.047055,266
"2010-10-01","f_0_24","00s",0.51261,1.450699,0.908113,266
"2010-11-01","f_0_24","00s",0.541487,1.463619,0.939303,266
"2010-12-01","f_0_24","00s",0.603455,1.499651,0.982304,266
"2011-01-01","f_0_24","00s",0.688129,1.655081,1.09201,266
"2011-02-01","f_0_24","00s",0.8344,1.837201,1.258068,266
"2011-03-01","f_0_24","00s",0.974644,1.990222,1.398539,266
"2011-04-01","f_0_24","00s",1.121783,2.166722,1.541193,266
"2011-05-01","f_0_24","00s",1.234486,2.388406,1.697786,266
"2011-06-01","f_0_24","00s",1.29831,2.445667,1.758556,266
"2011-07-01","f_0_24","00s",1.382886,2.521383,1.841766,266
"2011-08-01","f_0_24","00s",1.475314,2.616132,1.926033,266
"2011-09-01","f_0_24","00s",1.509129,2.682608,1.971953,266
"2011-10-01","f_0_24","00s",1.529174,2.714745,2.042345,266
"2011-11-01","f_0_24","00s",1.58036,2.773469,2.087527,266
"2011-12-01","f_0_24","00s",1.660131,2.841279,2.166938,266
"2012-01-01","f_0_24","00s",1.732513,2.865672,2.213011,266
"2012-02-01","f_0_24","00s",1.708533,2.808591,2.147942,266
"2012-03-01","f_0_24","00s",1.730377,2.753316,2.126394,266
"2012-04-01","f_0_24","00s",1.677927,2.639366,2.066691,266
"2012-05-01","f_0_24","00s",1.643294,2.479367,1.986549,266
"2012-06-01","f_0_24","00s",1.619654,2.451366,1.957205,266
"2012-07-01","f_0_24","00s",1.585614,2.437403,1.938079,266
"2012-08-01","f_0_24","00s",1.53272,2.348165,1.882482,266
"2012-09-01","f_0_24","00s",1.53563,2.31781,1.872887,266
"2012-10-01","f_0_24","00s",1.572296,2.393892,1.874238,266
"2012-11-01","f_0_24","00s",1.499483,2.279546,1.80048,266
"2012-12-01","f_0_24","00s",1.415581,2.214538,1.726945,266
"2013-01-01","f_0_24","00s",1.388,2.133842,1.690108,266
"2013-02-01","f_0_24","00s",1.410904,2.110269,1.708909,266
"2013-03-01","f_0_24","00s",1.319513,2.067322,1.645959,266
"2013-04-01","f_0_24","00s",1.15327,1.980135,1.513928,266
"2013-05-01","f_0_24","00s",1.10923,1.992698,1.500426,266
"2013-06-01","f_0_24","00s",1.214426,2.086618,1.601548,266
"2013-07-01","f_0_24","00s",1.248921,2.087326,1.620426,266
"2013-08-01","f_0_24","00s",1.192205,2.080842,1.5902,266
"2013-09-01","f_0_24","00s",1.157782,2.069172,1.581277,266
"2013-10-01","f_0_24","00s",1.197136,2.026276,1.607799,266
"2013-11-01","f_0_24","00s",1.285109,2.114042,1.689818,266
"2013-12-01","f_0_24","00s",1.316659,2.136218,1.714588,266
"2014-01-01","f_0_24","00s",1.2824,2.108255,1.680868,266
"2014-02-01","f_0_24","00s",1.214633,2.051364,1.624731,266
"2014-03-01","f_0_24","00s",1.252162,2.046577,1.642858,266
"2014-04-01","f_0_24","00s",1.435555,2.159268,1.784395,266
"2014-05-01","f_0_24","00s",1.509894,2.18126,1.83277,266
"2014-06-01","f_0_24","00s",1.483723,2.152231,1.801805,266
"2014-07-01","f_0_24","00s",1.488064,2.168502,1.808206,266
"2014-08-01","f_0_24","00s",1.458338,2.112465,1.767586,266
"2014-09-01","f_0_24","00s",1.491372,2.127453,1.781614,266
"2014-10-01","f_0_24","00s",1.361773,2.112978,1.72301,266
"2014-11-01","f_0_24","00s",1.304561,2.093241,1.690187,266
"2014-12-01","f_0_24","00s",1.30131,2.090907,1.691458,266
"2015-01-01","f_0_24","00s",1.127502,1.995113,1.563348,266
"2015-02-01","f_0_24","00s",1.195839,2.057347,1.628817,266
"2015-03-01","f_0_24","00s",1.202678,2.061987,1.626756,266
"2015-04-01","f_0_24","00s",1.226262,2.098167,1.663424,266
"2015-05-01","f_0_24","00s",1.176581,2.051973,1.618612,266
"2015-06-01","f_0_24","00s",1.147619,2.07064,1.619091,266
"2015-07-01","f_0_24","00s",1.136725,2.063956,1.614214,266
"2015-08-01","f_0_24","00s",1.15927,2.065835,1.625652,266
"2015-09-01","f_0_24","00s",1.155446,2.070025,1.626245,266
"2015-10-01","f_0_24","00s",1.16358,1.974468,1.579676,266
"2015-11-01","f_0_24","00s",1.146622,1.926297,1.54775,266
"2015-12-01","f_0_24","00s",1.084773,1.87659,1.501776,266
"2016-01-01","f_0_24","00s",1.238495,1.964879,1.625527,266
"2016-02-01","f_0_24","00s",1.230937,1.960215,1.619978,266
"2016-03-01","f_0_24","00s",1.265615,2.003611,1.66648,266
"2016-04-01","f_0_24","00s",1.293238,2.0411,1.687176,266
"2016-05-01","f_0_24","00s",1.376071,2.134489,1.77346,266
"2016-06-01","f_0_24","00s",1.364226,2.090335,1.74096,266
"2016-07-01","f_0_24","00s",1.359042,2.117345,1.744129,266
"2016-08-01","f_0_24","00s",1.397251,2.184246,1.789953,266
"2016-09-01","f_0_24","00s",1.425022,2.229184,1.82668,266
"2016-10-01","f_0_24","00s",1.540587,2.32986,1.927363,266
"2016-11-01","f_0_24","00s",1.517677,2.31876,1.907701,266
"2016-12-01","f_0_24","00s",1.586265,2.365212,1.954662,266
"2017-01-01","f_0_24","00s",1.661664,2.418176,2.012192,266
"2017-02-01","f_0_24","00s",1.62983,2.392118,1.97331,266
"2017-03-01","f_0_24","00s",1.585743,2.337219,1.917866,266
"2017-04-01","f_0_24","00s",1.497505,2.213103,1.833987,266
"2017-05-01","f_0_24","00s",1.408368,2.123202,1.739162,266
"2017-06-01","f_0_24","00s",1.424802,2.148012,1.766475,266
"2017-07-01","f_0_24","00s",1.379699,2.090305,1.722576,266
"2017-08-01","f_0_24","00s",1.361489,2.078019,1.71301,266
"2017-09-01","f_0_24","00s",1.33392,2.022377,1.670909,266
"2017-10-01","f_0_24","00s",1.336178,2.072071,1.683006,266
"2017-11-01","f_0_24","00s",1.355858,2.098855,1.708494,266
"2017-12-01","f_0_24","00s",1.392044,2.148451,1.745165,266
"2018-01-01","f_0_24","00s",1.444201,2.239642,1.802448,266
"2018-02-01","f_0_24","00s",1.485467,2.283673,1.845897,266
"2018-03-01","f_0_24","00s",1.489114,2.290714,1.85479,266
"2018-04-01","f_0_24","00s",1.488573,2.305683,1.849812,266
"2018-05-01","f_0_24","00s",1.539636,2.341924,1.898049,266
"2018-06-01","f_0_24","00s",1.574775,2.357835,1.918529,266
"2018-07-01","f_0_24","00s",1.625295,2.378297,1.952768,266
"2018-08-01","f_0_24","00s",1.638737,2.370742,1.954471,266
"2018-09-01","f_0_24","00s",1.669186,2.409886,1.989332,266
"2018-10-01","f_0_24","00s",1.665411,2.368453,1.983898,266
"2018-11-01","f_0_24","00s",1.73708,2.430786,2.050859,266
"2018-12-01","f_0_24","00s",1.737446,2.424031,2.050855,266
"2019-01-01","f_0_24","00s",1.611195,2.271668,1.933901,266
"2019-02-01","f_0_24","00s",1.636341,2.295716,1.970672,266
"2019-03-01","f_0_24","00s",1.667045,2.34865,2.006322,266
"2019-04-01","f_0_24","00s",1.750641,2.498094,2.119887,266
"2019-05-01","f_0_24","00s",1.667543,2.430378,2.045935,266
"2019-06-01","f_0_24","00s",1.610085,2.390381,1.995444,266
"2019-07-01","f_0_24","00s",1.657077,2.437163,2.038078,266
"2019-08-01","f_0_24","00s",1.67474,2.451804,2.057833,266
"2019-09-01","f_0_24","00s",1.581973,2.393812,1.978017,266
"2019-10-01","f_0_24","00s",1.620871,2.480402,2.024046,266
"2019-11-01","f_0_24","00s",1.589176,2.426958,1.976352,266
"2019-12-01","f_0_24","00s",1.57547,2.430457,1.968165,266
"2020-01-01","f_0_24","00s",1.659288,2.499037,2.046553,266
"2020-02-01","f_0_24","00s",1.648048,2.490065,2.036452,266
"2020-03-01","f_0_24","00s",1.594127,2.439758,1.992446,266
"2020-04-01","f_0_24","00s",1.480737,2.301456,1.886933,266
"2020-05-01","f_0_24","00s",1.564477,2.400377,1.976303,266
"2020-06-01","f_0_24","00s",1.573222,2.482166,2.011469,266
"2020-07-01","f_0_24","00s",1.599349,2.582225,2.053905,266
"2020-08-01","f_0_24","00s",1.624724,2.662409,2.087235,266
"2020-09-01","f_0_24","00s",1.634119,2.677358,2.085178,266
"2020-10-01","f_0_24","00s",1.570473,2.563828,2.016123,266
"2020-11-01","f_0_24","00s",1.486259,2.548118,1.95701,266
"2020-12-01","f_0_24","00s",1.475628,2.583161,1.950471,266
"2021-01-01","f_0_24","00s",1.403736,2.617892,1.895724,266
"2021-02-01","f_0_24","00s",1.459391,2.725604,1.954372,266
"2021-03-01","f_0_24","00s",1.548459,2.862632,2.03312,266
"2021-04-01","f_0_24","00s",1.68144,3.040657,2.14124,266
"2021-05-01","f_0_24","00s",1.734486,3.184586,2.205772,266
"2021-06-01","f_0_24","00s",1.802474,3.289353,2.275882,266
"2021-07-01","f_0_24","00s",1.865623,3.378941,2.35054,266
"2021-08-01","f_0_24","00s",1.921287,3.485395,2.421713,266
"2021-09-01","f_0_24","00s",2.162574,3.721911,2.664079,266
"2021-10-01","f_0_24","00s",2.40763,4.132856,2.959188,266
"2021-11-01","f_0_24","00s",2.657569,4.456926,3.223879,266
"2021-12-01","f_0_24","00s",2.903014,4.729009,3.479575,266
"2022-01-01","f_0_24","00s",3.249058,5.120728,3.879793,266
"2022-02-01","f_0_24","00s",3.413382,5.354482,4.054589,266
"2022-03-01","f_0_24","00s",3.438669,5.510741,4.146199,266
"2022-04-01","f_0_24","00s",3.465793,5.50407,4.186261,266
"2022-05-01","f_0_24","00s",3.645435,5.673548,4.38392,266
"2022-06-01","f_0_24","00s",4.083936,6.090036,4.83028,266
"2022-07-01","f_0_24","00s",4.119651,6.114327,4.891835,266
"2022-08-01","f_0_24","00s",4.305944,6.265181,5.095785,266
"2022-09-01","f_0_24","00s",4.215934,6.27876,5.085159,266
"2022-10-01","f_0_24","00s",4.25291,6.180523,5.082197,266
"2022-11-01","f_0_24","00s",4.143011,6.066103,5.0143,266
"2022-12-01","f_0_24","00s",4.074323,5.961856,4.950215,266
"2023-01-01","f_0_24","00s",3.951982,5.743288,4.784623,266
"2023-02-01","f_0_24","00s",3.855521,5.606277,4.71598,266
"2023-03-01","f_0_24","00s",3.966619,5.523077,4.757445,266
"2023-04-01","f_0_24","00s",4.041628,5.554754,4.821535,266
"2023-05-01","f_0_24","00s",3.924846,5.372694,4.688902,266
"2023-06-01","f_0_24","00s",3.477984,4.881938,4.232957,266
"2023-07-01","f_0_24","00s",3.396548,4.733355,4.10451,266
"2023-08-01","f_0_24","00s",3.164202,4.450307,3.838254,266
"2023-09-01","f_0_24","00s",3.150951,4.343094,3.756742,266
"2023-10-01","f_0_24","00s",2.957337,4.170002,3.574305,266
"2023-11-01","f_0_24","00s",2.945732,4.064879,3.502081,266
"2023-12-01","f_0_24","00s",2.760753,3.880002,3.325851,266
"2024-01-01","f_0_24","00s",2.836874,3.918643,3.378354,266
"2024-02-01","f_0_24","00s",2.716663,3.792826,3.24055,266
"2024-03-01","f_0_24","00s",2.655636,3.756738,3.179359,266
"2024-04-01","f_0_24","00s",2.520416,3.63369,3.049748,266
"2024-05-01","f_0_24","00s",2.39521,3.557981,2.948138,266
"2024-06-01","f_0_24","00s",2.385981,3.513084,2.922598,266
"2024-07-01","f_0_24","00s",2.32327,3.433447,2.856579,266
"2024-08-01","f_0_24","00s",2.313406,3.417238,2.839307,266
"2024-09-01","f_0_24","00s",2.329772,3.405628,2.857621,266
"2024-10-01","f_0_24","00s",2.35162,3.407047,2.864874,266
"2024-11-01","f_0_24","00s",2.346397,3.422897,2.865378,266
"2024-12-01","f_0_24","00s",2.452135,3.516386,2.960954,266
"2025-01-01","f_0_24","00s",2.227647,3.332335,2.733279,266
"2025-02-01","f_0_24","00s",2.294386,3.334416,2.765388,266
"2025-03-01","f_0_24","00s",2.265429,3.296725,2.75396,266
"2025-04-01","f_0_24","00s",2.345567,3.350906,2.813149,266
"2025-05-01","f_0_24","00s",2.390248,3.308629,2.809315,266
"2025-06-01","f_0_24","00s",2.516994,3.42055,2.921062,266
"2025-07-01","f_0_24","00s",2.485239,3.420989,2.911155,266
"2025-08-01","f_0_24","00s",2.53817,3.486439,2.971318,266
"2025-09-01","f_0_24","00s",2.451541,3.438145,2.879848,266
"2025-10-01","f_0_24","00s",2.339084,3.334874,2.757323,266
"2025-11-01","f_0_24","00s",2.293917,3.256327,2.696773,266
"2025-12-01","f_0_24","00s",2.268751,3.238071,2.663269,266
"2026-01-01","f_0_24","00s",2.247961,3.264164,2.647363,266
"2026-02-01","f_0_24","00s",2.173729,3.249143,2.586777,266
"2026-03-01","f_0_24","00s",2.180551,3.252842,2.575123,266
"2026-04-01","f_0_24","00s",2.111263,3.26082,2.531541,266
"2026-05-01","f_0_24","00s",2.14099,3.315055,2.568821,266
"2026-06-01","f_0_24","00s",1.994515,3.207403,2.433938,266
"2026-07-01","f_0_24","00s",1.986894,3.186888,2.423024,266
"2026-08-01","f_0_24","00s",1.936576,3.146155,2.365711,266
"1960-01-01","f_12_24","long",0.320309,1.94015,1.065026,448
"1960-02-01","f_12_24","long",0.318736,1.942528,1.068958,448
"1960-03-01","f_12_24","long",0.318804,1.917474,1.050817,448
"1960-04-01","f_12_24","long",0.20091,1.88544,0.987512,448
"1960-05-01","f_12_24","long",0.197533,1.84432,0.955998,448
"1960-06-01","f_12_24","long",0.094444,1.653603,0.782454,448
"1960-07-01","f_12_24","long",0.164417,1.67736,0.833287,448
"1960-08-01","f_12_24","long",0.165437,1.645243,0.813149,448
"1960-09-01","f_12_24","long",0.104541,1.542408,0.70879,448
"1960-10-01","f_12_24","long",0.103749,1.477318,0.639841,448
"1960-11-01","f_12_24","long",0.110925,1.54989,0.710798,448
"1960-12-01","f_12_24","long",0.110695,1.522797,0.685724,448
"1961-01-01","f_12_24","long",0.116434,1.49845,0.676958,448
"1961-02-01","f_12_24","long",0.116434,1.445231,0.655674,448
"1961-03-01","f_12_24","long",0.079668,1.366634,0.632781,448
"1961-04-01","f_12_24","long",0.027879,1.213969,0.506687,448
"1961-05-01","f_12_24","long",0.02746,1.177749,0.487008,448
"1961-06-01","f_12_24","long",0.028054,1.199402,0.496499,448
"1961-07-01","f_12_24","long",-0.040066,1.149279,0.424282,448
"1961-08-01","f_12_24","long",-0.041083,1.062151,0.395953,448
"1961-09-01","f_12_24","long",-0.040152,1.093663,0.403301,448
"1961-10-01","f_12_24","long",-0.055676,1.024046,0.378953,448
"1961-11-01","f_12_24","long",-0.062611,0.936448,0.304025,448
"1961-12-01","f_12_24","long",-0.071043,0.853371,0.263037,448
"1962-01-01","f_12_24","long",0.047117,1.075948,0.452356,448
"1962-02-01","f_12_24","long",0.05336,1.17374,0.513843,448
"1962-03-01","f_12_24","long",0.118733,1.365016,0.64372,448
"1962-04-01","f_12_24","long",0.075191,1.287563,0.600039,448
"1962-05-01","f_12_24","long",0.075541,1.309818,0.620624,448
"1962-06-01","f_12_24","long",0.075541,1.338171,0.637499,448
"1962-07-01","f_12_24","long",0.071843,1.264329,0.581248,448
"1962-08-01","f_12_24","long",0.073899,1.33002,0.620508,448
"1962-09-01","f_12_24","long",0.073005,1.454974,0.650623,448
"1962-10-01","f_12_24","long",0.022832,1.426618,0.631616,448
"1962-11-01","f_12_24","long",0.022604,1.424224,0.626668,448
"1962-12-01","f_12_24","long",-0.024083,1.380279,0.612855,448
"1963-01-01","f_12_24","long",-0.108024,1.318046,0.548727,448
"1963-02-01","f_12_24","long",-0.113156,1.247576,0.501558,448
"1963-03-01","f_12_24","long",-0.14857,1.078055,0.378434,448
"1963-04-01","f_12_24","long",-0.114608,1.113428,0.39103,448
"1963-05-01","f_12_24","long",-0.068175,1.245816,0.51009,448
"1963-06-01","f_12_24","long",-0.068175,1.260215,0.51082,448
"1963-07-01","f_12_24","long",-0.067063,1.305284,0.529014,448
"1963-08-01","f_12_24","long",-0.069115,1.318815,0.508146,448
"1963-09-01","f_12_24","long",-0.069418,1.132985,0.449403,448
"1963-10-01","f_12_24","long",0.076484,1.341098,0.62405,448
"1963-11-01","f_12_24","long",0.076484,1.369348,0.630631,448
"1963-12-01","f_12_24","long",0.131437,1.478925,0.671258,448
"1964-01-01","f_12_24","long",0.119925,1.438879,0.623929,448
"1964-02-01","f_12_24","long",0.120464,1.47481,0.650573,448
"1964-03-01","f_12_24","long",0.089095,1.461908,0.645339,448
"1964-04-01","f_12_24","long",0.096371,1.482041,0.651822,448
"1964-05-01","f_12_24","long",0.0483,1.31217,0.50986,448
"1964-06-01","f_12_24","long",0.044837,1.233063,0.473928,448
"1964-07-01","f_12_24","long",0.044837,1.184264,0.446772,448
"1964-08-01","f_12_24","long",0.044636,1.161169,0.456692,448
"1964-09-01","f_12_24","long",0.04431,1.153909,0.445801,448
"1964-10-01","f_12_24","long",-0.03591,1.019166,0.30753,448
"1964-11-01","f_12_24","long",-0.035121,1.038192,0.328977,448
"1964-12-01","f_12_24","long",-0.035828,1.02555,0.33156,448
"1965-01-01","f_12_24","long",-0.020712,1.04182,0.352233,448
"1965-02-01","f_12_24","long",-0.039747,0.962138,0.303329,448
"1965-03-01","f_12_24","long",-0.002762,1.048856,0.331708,448
"1965-04-01","f_12_24","long",0.004647,1.130148,0.412424,448
"1965-05-01","f_12_24","long",0.011618,1.208318,0.471058,448
"1965-06-01","f_12_24","long",0.018815,1.319255,0.546774,448
"1965-07-01","f_12_24","long",0.018815,1.370351,0.581724,448
"1965-08-01","f_12_24","long",0.022895,1.407907,0.615003,448
"1965-09-01","f_12_24","long",0.023614,1.484722,0.685136,448
"1965-10-01","f_12_24","long",0.024153,1.537986,0.733131,448
"1965-11-01","f_12_24","long",0.104932,1.607343,0.826453,448
"1965-12-01","f_12_24","long",0.198577,1.782039,0.980139,448
"1966-01-01","f_12_24","long",0.243824,1.838356,1.040777,448
"1966-02-01","f_12_24","long",0.407843,2.041094,1.232503,448
"1966-03-01","f_12_24","long",0.410206,2.124547,1.291193,448
"1966-04-01","f_12_24","long",0.646406,2.350458,1.494908,448
"1966-05-01","f_12_24","long",0.643928,2.391537,1.509511,448
"1966-06-01","f_12_24","long",0.707413,2.468415,1.57406,448
"1966-07-01","f_12_24","long",0.811032,2.592185,1.709522,448
"1966-08-01","f_12_24","long",0.838455,2.645556,1.765459,448
"1966-09-01","f_12_24","long",1.091432,2.865532,1.996054,448
"1966-10-01","f_12_24","long",1.360833,3.085262,2.243908,448
"1966-11-01","f_12_24","long",1.346078,3.084087,2.235925,448
"1966-12-01","f_12_24","long",1.317358,3.032267,2.20144,448
"1967-01-01","f_12_24","long",1.320949,3.070774,2.206532,448
"1967-02-01","f_12_24","long",1.343439,3.100545,2.228575,448
"1967-03-01","f_12_24","long",1.342536,3.021986,2.188378,448
"1967-04-01","f_12_24","long",1.167065,2.840725,2.034275,448
"1967-05-01","f_12_24","long",1.238432,2.870471,2.085228,448
"1967-06-01","f_12_24","long",1.379307,2.935468,2.189656,448
"1967-07-01","f_12_24","long",1.452251,2.98121,2.248448,448
"1967-08-01","f_12_24","long",1.552503,3.041783,2.317494,448
"1967-09-01","f_12_24","long",1.613622,3.02959,2.343233,448
"1967-10-01","f_12_24","long",1.597249,3.01142,2.321909,448
"1967-11-01","f_12_24","long",1.706371,3.107556,2.430994,448
"1967-12-01","f_12_24","long",1.808018,3.175063,2.507863,448
"1968-01-01","f_12_24","long",2.046442,3.284514,2.687521,448
"1968-02-01","f_12_24","long",2.149132,3.384652,2.795782,448
"1968-03-01","f_12_24","long",2.296951,3.58733,2.977453,448
"1968-04-01","f_12_24","long",2.493333,3.738729,3.142279,448
"1968-05-01","f_12_24","long",2.752665,3.924086,3.372946,448
"1968-06-01","f_12_24","long",2.801025,4.002765,3.442458,448
"1968-07-01","f_12_24","long",2.822455,3.990017,3.442369,448
"1968-08-01","f_12_24","long",3.016919,4.153247,3.624196,448
"1968-09-01","f_12_24","long",3.034892,4.192853,3.649487,448
"1968-10-01","f_12_24","long",3.134658,4.26471,3.731906,448
"1968-11-01","f_12_24","long",3.257621,4.372612,3.837023,448
"1968-12-01","f_12_24","long",3.372682,4.459031,3.929596,448
"1969-01-01","f_12_24","long",3.3623,4.458841,3.928992,448
"1969-02-01","f_12_24","long",3.267128,4.337093,3.821473,448
"1969-03-01","f_12_24","long",3.467296,4.452111,3.975926,448
"1969-04-01","f_12_24","long",3.535182,4.521865,4.046302,448
"1969-05-01","f_12_24","long",3.494731,4.522429,4.023211,448
"1969-06-01","f_12_24","long",3.559233,4.529282,4.058511,448
"1969-07-01","f_12_24","long",3.765457,4.737261,4.269158,448
"1969-08-01","f_12_24","long",3.646805,4.664013,4.166107,448
"1969-09-01","f_12_24","long",3.663727,4.701608,4.186138,448
"1969-10-01","f_12_24","long",3.629377,4.686375,4.170452,448
"1969-11-01","f_12_24","long",3.685552,4.690439,4.19915,448
"1969-12-01","f_12_24","long",3.743149,4.729814,4.253109,448
"1970-01-01","f_12_24","long",3.738633,4.711307,4.240919,448
"1970-02-01","f_12_24","long",3.892173,4.834447,4.376007,448
"1970-03-01","f_12_24","long",3.866161,4.824563,4.36851,448
"1970-04-01","f_12_24","long",3.878029,4.845332,4.374894,448
"1970-05-01","f_12_24","long",3.817189,4.810604,4.325624,448
"1970-06-01","f_12_24","long",3.759904,4.785428,4.283569,448
"1970-07-01","f_12_24","long",3.689053,4.685082,4.193285,448
"1970-08-01","f_12_24","long",3.766817,4.692795,4.234851,448
"1970-09-01","f_12_24","long",3.755289,4.693882,4.236364,448
"1970-10-01","f_12_24","long",3.793207,4.809699,4.29036,448
"1970-11-01","f_12_24","long",3.774068,4.800365,4.271847,448
"1970-12-01","f_12_24","long",3.888658,4.925226,4.389403,448
"1971-01-01","f_12_24","long",3.856705,4.910377,4.365904,448
"1971-02-01","f_12_24","long",3.71136,4.799591,4.242069,448
"1971-03-01","f_12_24","long",3.580059,4.68515,4.113489,448
"1971-04-01","f_12_24","long",3.510424,4.593314,4.046575,448
"1971-05-01","f_12_24","long",3.605763,4.654104,4.131485,448
"1971-06-01","f_12_24","long",3.675635,4.714711,4.189257,448
"1971-07-01","f_12_24","long",3.585618,4.649295,4.111252,448
"1971-08-01","f_12_24","long",3.580519,4.643471,4.118321,448
"1971-09-01","f_12_24","long",3.471104,4.512672,4.001274,448
"1971-10-01","f_12_24","long",3.124814,4.157995,3.676392,448
"1971-11-01","f_12_24","long",2.934781,3.986915,3.498035,448
"1971-12-01","f_12_24","long",2.721488,3.749537,3.27197,448
"1972-01-01","f_12_24","long",2.700443,3.713974,3.234985,448
"1972-02-01","f_12_24","long",2.735453,3.717338,3.254018,448
"1972-03-01","f_12_24","long",2.756457,3.691282,3.257392,448
"1972-04-01","f_12_24","long",2.532207,3.525066,3.061857,448
"1972-05-01","f_12_24","long",2.333368,3.318383,2.85363,448
"1972-06-01","f_12_24","long",2.106873,3.119272,2.639938,448
"1972-07-01","f_12_24","long",2.099702,3.118354,2.627071,448
"1972-08-01","f_12_24","long",2.02072,3.089229,2.560158,448
"1972-09-01","f_12_24","long",2.068127,3.133162,2.596313,448
"1972-10-01","f_12_24","long",2.193632,3.222588,2.691442,448
"1972-11-01","f_12_24","long",2.294464,3.315723,2.794428,448
"1972-12-01","f_12_24","long",2.313707,3.339086,2.815649,448
"1973-01-01","f_12_24","long",2.225662,3.310642,2.768643,448
"1973-02-01","f_12_24","long",2.309806,3.431027,2.859438,448
"1973-03-01","f_12_24","long",2.414973,3.632933,2.993864,448
"1973-04-01","f_12_24","long",2.842319,4.048803,3.411818,448
"1973-05-01","f_12_24","long",3.017089,4.313589,3.626616,448
"1973-06-01","f_12_24","long",3.182518,4.546328,3.823482,448
"1973-07-01","f_12_24","long",3.12039,4.498809,3.778233,448
"1973-08-01","f_12_24","long",3.270692,4.72902,3.952865,448
"1973-09-01","f_12_24","long",3.279221,4.829079,3.98098,448
"1973-10-01","f_12_24","long",3.45478,5.153436,4.197315,448
"1973-11-01","f_12_24","long",3.557073,5.430117,4.343908,448
"1973-12-01","f_12_24","long",3.769527,5.726042,4.589071,448
"1974-01-01","f_12_24","long",4.019555,6.063522,4.87241,448
"1974-02-01","f_12_24","long",4.242849,6.534358,5.175813,448
"1974-03-01","f_12_24","long",4.547582,6.92885,5.516714,448
"1974-04-01","f_12_24","long",4.607347,7.077881,5.604791,448
"1974-05-01","f_12_24","long",5.077514,7.613514,6.114885,448
"1974-06-01","f_12_24","long",5.44759,8.076401,6.535372,448
"1974-07-01","f_12_24","long",5.82481,8.628916,6.993396,448
"1974-08-01","f_12_24","long",6.278274,9.161339,7.512505,448
"1974-09-01","f_12_24","long",6.6895,9.651813,7.997322,448
"1974-10-01","f_12_24","long",7.03098,9.911247,8.355412,448
"1974-11-01","f_12_24","long",7.263907,9.999471,8.553114,448
"1974-12-01","f_12_24","long",7.397337,10.109506,8.676413,448
"1975-01-01","f_12_24","long",7.5799,10.231034,8.832871,448
"1975-02-01","f_12_24","long",7.555464,9.950857,8.746533,448
"1975-03-01","f_12_24","long",7.217312,9.439566,8.342088,448
"1975-04-01","f_12_24","long",7.060799,9.252356,8.161562,448
"1975-05-01","f_12_24","long",6.557995,8.650325,7.598742,448
"1975-06-01","f_12_24","long",6.266173,8.241288,7.24042,448
"1975-07-01","f_12_24","long",6.196516,8.007187,7.109885,448
"1975-08-01","f_12_24","long",5.71529,7.395224,6.570292,448
"1975-09-01","f_12_24","long",5.539473,7.073743,6.323569,448
"1975-10-01","f_12_24","long",5.491956,6.987192,6.234291,448
"1975-11-01","f_12_24","long",5.366535,6.866341,6.108417,448
"1975-12-01","f_12_24","long",5.212166,6.691037,5.959141,448
"1976-01-01","f_12_24","long",4.985404,6.424409,5.715083,448
"1976-02-01","f_12_24","long",4.785902,6.350418,5.568987,448
"1976-03-01","f_12_24","long",4.732416,6.353766,5.562325,448
"1976-04-01","f_12_24","long",4.618169,6.128731,5.413403,448
"1976-05-01","f_12_24","long",4.804343,6.274893,5.5868,448
"1976-06-01","f_12_24","long",4.85038,6.271038,5.610787,448
"1976-07-01","f_12_24","long",4.774015,6.195391,5.508947,448
"1976-08-01","f_12_24","long",4.917796,6.34987,5.630719,448
"1976-09-01","f_12_24","long",4.858985,6.277125,5.571797,448
"1976-10-01","f_12_24","long",4.683683,6.109926,5.419414,448
"1976-11-01","f_12_24","long",4.664261,6.073719,5.406663,448
"1976-12-01","f_12_24","long",4.609425,6.012625,5.339361,448
"1977-01-01","f_12_24","long",4.800864,6.227642,5.517527,448
"1977-02-01","f_12_24","long",5.079921,6.440531,5.759819,448
"1977-03-01","f_12_24","long",5.37523,6.72134,6.027929,448
"1977-04-01","f_12_24","long",5.439238,6.884224,6.150422,448
"1977-05-01","f_12_24","long",5.442661,6.860707,6.14169,448
"1977-06-01","f_12_24","long",5.532668,6.95415,6.234477,448
"1977-07-01","f_12_24","long",5.579381,6.95761,6.272606,448
"1977-08-01","f_12_24","long",5.550941,6.912877,6.255668,448
"1977-09-01","f_12_24","long",5.481161,6.863381,6.189009,448
"1977-10-01","f_12_24","long",5.423289,6.772951,6.094277,448
"1977-11-01","f_12_24","long",5.529679,6.927088,6.203843,448
"1977-12-01","f_12_24","long",5.586916,6.986019,6.254385,448
"1978-01-01","f_12_24","long",5.396568,6.773734,6.08633,448
"1978-02-01","f_12_24","long",5.229352,6.576351,5.900537,448
"1978-03-01","f_12_24","long",5.172236,6.510004,5.833873,448
"1978-04-01","f_12_24","long",5.357752,6.649109,5.981097,448
"1978-05-01","f_12_24","long",5.532944,6.838944,6.16714,448
"1978-06-01","f_12_24","long",5.509898,6.828373,6.153157,448
"1978-07-01","f_12_24","long",5.548379,6.923756,6.221235,448
"1978-08-01","f_12_24","long",5.594324,6.992107,6.270876,448
"1978-09-01","f_12_24","long",5.779897,7.204394,6.463359,448
"1978-10-01","f_12_24","long",6.104813,7.516999,6.781416,448
"1978-11-01","f_12_24","long",6.206616,7.548273,6.865169,448
"1978-12-01","f_12_24","long",6.223508,7.575742,6.903776,448
"1979-01-01","f_12_24","long",6.532374,7.900543,7.193496,448
"1979-02-01","f_12_24","long",6.687172,8.105783,7.396961,448
"1979-03-01","f_12_24","long",6.724988,8.153318,7.450518,448
"1979-04-01","f_12_24","long",6.681097,8.149089,7.430904,448
"1979-05-01","f_12_24","long",6.774071,8.324456,7.560052,448
"1979-06-01","f_12_24","long",6.873741,8.395663,7.648068,448
"1979-07-01","f_12_24","long",7.024686,8.488098,7.762462,448
"1979-08-01","f_12_24","long",7.230904,8.675957,7.968797,448
"1979-09-01","f_12_24","long",7.242202,8.765003,8.04855,448
"1979-10-01","f_12_24","long",7.304274,8.930422,8.17893,448
"1979-11-01","f_12_24","long",7.232279,8.938129,8.142539,448
"1979-12-01","f_12_24","long",7.356054,9.154138,8.293027,448
"1980-01-01","f_12_24","long",7.466286,9.316592,8.439595,448
"1980-02-01","f_12_24","long",7.595008,9.638153,8.631322,448
"1980-03-01","f_12_24","long",7.848828,9.872806,8.868264,448
"1980-04-01","f_12_24","long",7.815133,9.862924,8.861383,448
"1980-05-01","f_12_24","long",7.787837,9.799602,8.809845,448
"1980-06-01","f_12_24","long",7.901745,9.974778,8.96417,448
"1980-07-01","f_12_24","long",7.771942,9.917266,8.860062,448
"1980-08-01","f_12_24","long",7.781759,9.894412,8.826942,448
"1980-09-01","f_12_24","long",7.966373,9.983065,8.940659,448
"1980-10-01","f_12_24","long",7.916453,9.833797,8.835062,448
"1980-11-01","f_12_24","long",8.008937,9.908105,8.922738,448
"1980-12-01","f_12_24","long",8.035934,9.872688,8.933418,448
"1981-01-01","f_12_24","long",8.004644,9.799628,8.852966,448
"1981-02-01","f_12_24","long",8.0604,9.615289,8.79502,448
"1981-03-01","f_12_24","long",7.851967,9.455474,8.608672,448
"1981-04-01","f_12_24","long",7.914477,9.481711,8.674962,448
"1981-05-01","f_12_24","long",7.682486,9.283815,8.470517,448
"1981-06-01","f_12_24","long",7.469451,8.998536,8.223517,448
"1981-07-01","f_12_24","long",7.487315,9.03302,8.249054,448
"1981-08-01","f_12_24","long",7.33201,8.947194,8.136424,448
"1981-09-01","f_12_24","long",7.069736,8.755997,7.921408,448
"1981-10-01","f_12_24","long",6.832127,8.523446,7.686425,448
"1981-11-01","f_12_24","long",6.635967,8.287241,7.474209,448
"1981-12-01","f_12_24","long",6.359467,8.020627,7.185891,448
"1982-01-01","f_12_24","long",6.030738,7.675101,6.873482,448
"1982-02-01","f_12_24","long",5.627912,7.240536,6.453852,448
"1982-03-01","f_12_24","long",5.460649,7.030877,6.270141,448
"1982-04-01","f_12_24","long",5.192651,6.69862,5.928243,448
"1982-05-01","f_12_24","long",5.167727,6.596897,5.85572,448
"1982-06-01","f_12_24","long",5.087163,6.573073,5.787754,448
"1982-07-01","f_12_24","long",5.113529,6.594432,5.829359,448
"1982-08-01","f_12_24","long",4.891418,6.318286,5.583991,448
"1982-09-01","f_12_24","long",4.594877,6.038379,5.251394,448
"1982-10-01","f_12_24","long",4.514748,6.023729,5.2128,448
"1982-11-01","f_12_24","long",4.245406,5.78206,4.953702,448
"1982-12-01","f_12_24","long",4.061661,5.621076,4.808807,448
"1983-01-01","f_12_24","long",4.065221,5.597044,4.807645,448
"1983-02-01","f_12_24","long",4.007948,5.515192,4.748928,448
"1983-03-01","f_12_24","long",3.762238,5.257205,4.506723,448
"1983-04-01","f_12_24","long",3.893192,5.440387,4.673479,448
"1983-05-01","f_12_24","long",3.669357,5.212687,4.434512,448
"1983-06-01","f_12_24","long",3.533122,5.006019,4.266745,448
"1983-07-01","f_12_24","long",3.285849,4.71955,3.985666,448
"1983-08-01","f_12_24","long",3.199461,4.65181,3.894702,448
"1983-09-01","f_12_24","long",3.26327,4.655921,3.975168,448
"1983-10-01","f_12_24","long",3.072864,4.40076,3.740024,448
"1983-11-01","f_12_24","long",3.186186,4.489271,3.831469,448
"1983-12-01","f_12_24","long",3.210292,4.43443,3.802138,448
"1984-01-01","f_12_24","long",3.14231,4.371135,3.739796,448
"1984-02-01","f_12_24","long",3.189406,4.429953,3.791946,448
"1984-03-01","f_12_24","long",3.36126,4.615929,3.95995,448
"1984-04-01","f_12_24","long",3.30923,4.524963,3.900286,448
"1984-05-01","f_12_24","long",3.239156,4.443033,3.844688,448
"1984-06-01","f_12_24","long",3.245017,4.513329,3.883049,448
"1984-07-01","f_12_24","long",3.288353,4.569986,3.952423,448
"1984-08-01","f_12_24","long",3.371682,4.56329,4.004629,448
"1984-09-01","f_12_24","long",3.377877,4.579812,3.980041,448
"1984-10-01","f_12_24","long",3.457295,4.617543,4.039743,448
"1984-11-01","f_12_24","long",3.297342,4.486787,3.887649,448
"1984-12-01","f_12_24","long",3.404652,4.671107,4.00815,448
"1985-01-01","f_12_24","long",3.316866,4.541806,3.895686,448
"1985-02-01","f_12_24","long",3.399443,4.645532,3.993958,448
"1985-03-01","f_12_24","long",3.400322,4.619901,3.982001,448
"1985-04-01","f_12_24","long",3.282106,4.463068,3.83124,448
"1985-05-01","f_12_24","long",3.363569,4.601244,3.931477,448
"1985-06-01","f_12_24","long",3.424967,4.615098,3.97255,448
"1985-07-01","f_12_24","long",3.2359,4.401465,3.761345,448
"1985-08-01","f_12_24","long",3.208165,4.410402,3.754166,448
"1985-09-01","f_12_24","long",3.159153,4.323438,3.718967,448
"1985-10-01","f_12_24","long",3.116792,4.287252,3.678605,448
"1985-11-01","f_12_24","long",3.206325,4.412937,3.793765,448
"1985-12-01","f_12_24","long",3.237676,4.387712,3.821215,448
"1986-01-01","f_12_24","long",3.335363,4.523444,3.935706,448
"1986-02-01","f_12_24","long",3.096879,4.294099,3.712825,448
"1986-03-01","f_12_24","long",2.89817,4.157082,3.554088,448
"1986-04-01","f_12_24","long",2.899902,4.280536,3.615853,448
"1986-05-01","f_12_24","long",2.822499,4.156359,3.522492,448
"1986-06-01","f_12_24","long",2.816379,4.140326,3.520559,448
"1986-07-01","f_12_24","long",2.854896,4.196958,3.563624,448
"1986-08-01","f_12_24","long",2.795368,4.115748,3.497813,448
"1986-09-01","f_12_24","long",2.846562,4.142326,3.528302,448
"1986-10-01","f_12_24","long",2.88121,4.286393,3.598732,448
"1986-11-01","f_12_24","long",2.875026,4.198714,3.558341,448
"1986-12-01","f_12_24","long",2.795121,4.084515,3.463125,448
"1987-01-01","f_12_24","long",2.819092,4.115458,3.473854,448
"1987-02-01","f_12_24","long",2.87223,4.170465,3.500826,448
"1987-03-01","f_12_24","long",3.064173,4.309949,3.668568,448
"1987-04-01","f_12_24","long",3.245177,4.49762,3.829364,448
"1987-05-01","f_12_24","long",3.344314,4.591178,3.917417,448
"1987-06-01","f_12_24","long",3.263102,4.544099,3.844196,448
"1987-07-01","f_12_24","long",3.237811,4.534049,3.835877,448
"1987-08-01","f_12_24","long",3.330436,4.713673,3.963717,448
"1987-09-01","f_12_24","long",3.325872,4.683933,3.940691,448
"1987-10-01","f_12_24","long",3.373182,4.625529,3.949394,448
"1987-11-01","f_12_24","long",3.370474,4.632721,3.94559,448
"1987-12-01","f_12_24","long",3.304604,4.5868,3.894182,448
"1988-01-01","f_12_24","long",3.293545,4.577096,3.896418,448
"1988-02-01","f_12_24","long",3.276321,4.551981,3.88821,448
"1988-03-01","f_12_24","long",3.261,4.545888,3.873682,448
"1988-04-01","f_12_24","long",3.19228,4.418979,3.792169,448
"1988-05-01","f_12_24","long",3.180865,4.391472,3.772028,448
"1988-06-01","f_12_24","long",3.315663,4.481055,3.882968,448
"1988-07-01","f_12_24","long",3.480502,4.689198,4.068452,448
"1988-08-01","f_12_24","long",3.477725,4.60049,4.033395,448
"1988-09-01","f_12_24","long",3.605902,4.767052,4.171758,448
"1988-10-01","f_12_24","long",3.538848,4.765957,4.125624,448
"1988-11-01","f_12_24","long",3.575309,4.794522,4.161335,448
"1988-12-01","f_12_24","long",3.666856,4.85696,4.230626,448
"1989-01-01","f_12_24","long",3.680588,4.90327,4.275956,448
"1989-02-01","f_12_24","long",3.754031,4.997374,4.342604,448
"1989-03-01","f_12_24","long",3.758613,4.962126,4.321858,448
"1989-04-01","f_12_24","long",3.779002,4.953216,4.327238,448
"1989-05-01","f_12_24","long",3.844747,5.028594,4.401786,448
"1989-06-01","f_12_24","long",3.741825,4.9252,4.297655,448
"1989-07-01","f_12_24","long",3.715792,4.816978,4.228734,448
"1989-08-01","f_12_24","long",3.60742,4.789204,4.166368,448
"1989-09-01","f_12_24","long",3.48324,4.649181,4.047653,448
"1989-10-01","f_12_24","long",3.63979,4.767445,4.192834,448
"1989-11-01","f_12_24","long",3.628863,4.751655,4.182659,448
"1989-12-01","f_12_24","long",3.668665,4.817951,4.242749,448
"1990-01-01","f_12_24","long",3.584521,4.729481,4.137025,448
"1990-02-01","f_12_24","long",3.545257,4.691693,4.11978,448
"1990-03-01","f_12_24","long",3.695447,4.890367,4.299754,448
"1990-04-01","f_12_24","long",3.673447,4.82191,4.267184,448
"1990-05-01","f_12_24","long",3.600409,4.767739,4.205612,448
"1990-06-01","f_12_24","long",3.717697,4.961452,4.369271,448
"1990-07-01","f_12_24","long",3.742422,4.989551,4.391389,448
"1990-08-01","f_12_24","long",3.903039,5.097812,4.524234,448
"1990-09-01","f_12_24","long",3.874478,5.115026,4.519148,448
"1990-10-01","f_12_24","long",3.731438,4.992556,4.398988,448
"1990-11-01","f_12_24","long",3.603588,4.916399,4.294113,448
"1990-12-01","f_12_24","long",3.570874,4.864385,4.245571,448
"1991-01-01","f_12_24","long",3.555533,4.852104,4.212628,448
"1991-02-01","f_12_24","long",3.475164,4.762538,4.103389,448
"1991-03-01","f_12_24","long",3.165649,4.421395,3.769467,448
"1991-04-01","f_12_24","long",3.08714,4.34616,3.684893,448
"1991-05-01","f_12_24","long",3.156836,4.396845,3.746257,448
"1991-06-01","f_12_24","long",2.939018,4.135006,3.493872,448
"1991-07-01","f_12_24","long",2.773388,4.019143,3.357496,448
"1991-08-01","f_12_24","long",2.588167,3.875651,3.174358,448
"1991-09-01","f_12_24","long",2.563985,3.840122,3.139971,448
"1991-10-01","f_12_24","long",2.510192,3.747057,3.066834,448
"1991-11-01","f_12_24","long",2.66572,3.852461,3.191138,448
"1991-12-01","f_12_24","long",2.669024,3.882613,3.222599,448
"1992-01-01","f_12_24","long",2.569156,3.724357,3.117805,448
"1992-02-01","f_12_24","long",2.616608,3.755697,3.162306,448
"1992-03-01","f_12_24","long",2.722483,3.889472,3.276027,448
"1992-04-01","f_12_24","long",2.626189,3.820266,3.200568,448
"1992-05-01","f_12_24","long",2.487321,3.736325,3.0781,448
"1992-06-01","f_12_24","long",2.453061,3.758022,3.067883,448
"1992-07-01","f_12_24","long",2.463401,3.74918,3.063441,448
"1992-08-01","f_12_24","long",2.452632,3.678581,3.023019,448
"1992-09-01","f_12_24","long",2.315143,3.555797,2.88853,448
"1992-10-01","f_12_24","long",2.373834,3.614897,2.949015,448
"1992-11-01","f_12_24","long",2.336964,3.587991,2.917561,448
"1992-12-01","f_12_24","long",2.263793,3.472625,2.811736,448
"1993-01-01","f_12_24","long",2.26539,3.466233,2.818747,448
"1993-02-01","f_12_24","long",2.261045,3.40472,2.800087,448
"1993-03-01","f_12_24","long",2.185944,3.289355,2.72101,448
"1993-04-01","f_12_24","long",2.301409,3.362386,2.81466,448
"1993-05-01","f_12_24","long",2.370989,3.371253,2.8622,448
"1993-06-01","f_12_24","long",2.374362,3.286082,2.835504,448
"1993-07-01","f_12_24","long",2.364583,3.223575,2.801401,448
"1993-08-01","f_12_24","long",2.313404,3.164846,2.757358,448
"1993-09-01","f_12_24","long",2.352768,3.133627,2.756863,448
"1993-10-01","f_12_24","long",2.295493,3.053362,2.676462,448
"1993-11-01","f_12_24","long",2.236848,2.946438,2.599526,448
"1993-12-01","f_12_24","long",2.143659,2.942038,2.55099,448
"1994-01-01","f_12_24","long",2.082015,2.932329,2.525317,448
"1994-02-01","f_12_24","long",2.059413,2.953198,2.525786,448
"1994-03-01","f_12_24","long",2.106882,3.004845,2.569531,448
"1994-04-01","f_12_24","long",1.994863,2.905506,2.469937,448
"1994-05-01","f_12_24","long",1.948362,2.908981,2.435677,448
"1994-06-01","f_12_24","long",1.966132,2.962697,2.469827,448
"1994-07-01","f_12_24","long",1.998322,3.006873,2.497001,448
"1994-08-01","f_12_24","long",2.002323,3.007768,2.493333,448
"1994-09-01","f_12_24","long",1.986549,3.008902,2.49858,448
"1994-10-01","f_12_24","long",1.9292,2.969187,2.460221,448
"1994-11-01","f_12_24","long",1.931117,3.000608,2.481486,448
"1994-12-01","f_12_24","long",1.928246,2.923723,2.448321,448
"1995-01-01","f_12_24","long",2.0552,3.016886,2.538429,448
"1995-02-01","f_12_24","long",1.991733,2.916563,2.452217,448
"1995-03-01","f_12_24","long",1.941585,2.900252,2.421982,448
"1995-04-01","f_12_24","long",1.994893,2.936192,2.461457,448
"1995-05-01","f_12_24","long",1.942096,2.837621,2.401539,448
"1995-06-01","f_12_24","long",1.911621,2.773346,2.353662,448
"1995-07-01","f_12_24","long",1.838876,2.704347,2.303859,448
"1995-08-01","f_12_24","long",1.882645,2.736719,2.350564,448
"1995-09-01","f_12_24","long",1.879196,2.767015,2.366508,448
"1995-10-01","f_12_24","long",1.975928,2.857575,2.451664,448
"1995-11-01","f_12_24","long",1.920844,2.829527,2.413254,448
"1995-12-01","f_12_24","long",1.966031,2.861726,2.449589,448
"1996-01-01","f_12_24","long",1.903172,2.751573,2.36571,448
"1996-02-01","f_12_24","long",1.925704,2.775192,2.37717,448
"1996-03-01","f_12_24","long",1.932309,2.726407,2.355298,448
"1996-04-01","f_12_24","long",1.891957,2.690775,2.314379,448
"1996-05-01","f_12_24","long",1.935187,2.74809,2.356934,448
"1996-06-01","f_12_24","long",1.952398,2.780049,2.392407,448
"1996-07-01","f_12_24","long",1.990584,2.829237,2.435306,448
"1996-08-01","f_12_24","long",1.971314,2.826508,2.431869,448
"1996-09-01","f_12_24","long",2.049603,2.863569,2.477769,448
"1996-10-01","f_12_24","long",2.024017,2.82572,2.452106,448
"1996-11-01","f_12_24","long",2.09723,2.84785,2.493116,448
"1996-12-01","f_12_24","long",2.083152,2.831091,2.477706,448
"1997-01-01","f_12_24","long",2.021982,2.833905,2.450578,448
"1997-02-01","f_12_24","long",2.005286,2.816246,2.447372,448
"1997-03-01","f_12_24","long",1.978725,2.811928,2.42936,448
"1997-04-01","f_12_24","long",1.953211,2.819431,2.428596,448
"1997-05-01","f_12_24","long",1.871987,2.7449,2.35664,448
"1997-06-01","f_12_24","long",1.844834,2.754909,2.351403,448
"1997-07-01","f_12_24","long",1.72174,2.710653,2.263922,448
"1997-08-01","f_12_24","long",1.662572,2.656902,2.197604,448
"1997-09-01","f_12_24","long",1.64795,2.624625,2.183122,448
"1997-10-01","f_12_24","long",1.43287,2.476771,1.999146,448
"1997-11-01","f_12_24","long",1.308687,2.41257,1.920132,448
"1997-12-01","f_12_24","long",1.223604,2.406329,1.882316,448
"1998-01-01","f_12_24","long",1.183379,2.361493,1.835799,448
"1998-02-01","f_12_24","long",1.096916,2.364171,1.802186,448
"1998-03-01","f_12_24","long",1.090573,2.42077,1.834031,448
"1998-04-01","f_12_24","long",1.099149,2.422526,1.823327,448
"1998-05-01","f_12_24","long",1.118436,2.492381,1.883851,448
"1998-06-01","f_12_24","long",1.099209,2.426368,1.821537,448
"1998-07-01","f_12_24","long",1.192954,2.435815,1.861843,448
"1998-08-01","f_12_24","long",1.260813,2.531015,1.941029,448
"1998-09-01","f_12_24","long",1.149956,2.562911,1.913191,448
"1998-10-01","f_12_24","long",1.290625,2.654229,2.02528,448
"1998-11-01","f_12_24","long",1.318072,2.671901,2.045183,448
"1998-12-01","f_12_24","long",1.339689,2.682916,2.073189,448
"1999-01-01","f_12_24","long",1.383899,2.702201,2.10309,448
"1999-02-01","f_12_24","long",1.3536,2.64884,2.057938,448
"1999-03-01","f_12_24","long",1.300895,2.539671,1.974982,448
"1999-04-01","f_12_24","long",1.357231,2.591678,2.028832,448
"1999-05-01","f_12_24","long",1.362579,2.537522,1.995845,448
"1999-06-01","f_12_24","long",1.371721,2.539817,2.007242,448
"1999-07-01","f_12_24","long",1.422301,2.543435,2.043341,448
"1999-08-01","f_12_24","long",1.372845,2.479259,1.980397,448
"1999-09-01","f_12_24","long",1.496261,2.463141,2.014724,448
"1999-10-01","f_12_24","long",1.494236,2.423883,1.996062,448
"1999-11-01","f_12_24","long",1.524327,2.471055,2.024503,448
"1999-12-01","f_12_24","long",1.596772,2.461343,2.033014,448
"2000-01-01","f_12_24","long",1.692143,2.563264,2.138391,448
"2000-02-01","f_12_24","long",1.832903,2.645202,2.250515,448
"2000-03-01","f_12_24","long",1.944558,2.736429,2.345039,448
"2000-04-01","f_12_24","long",1.821726,2.672186,2.290237,448
"2000-05-01","f_12_24","long",1.843389,2.693093,2.31588,448
"2000-06-01","f_12_24","long",1.896799,2.769435,2.370593,448
"2000-07-01","f_12_24","long",1.931822,2.843341,2.415572,448
"2000-08-01","f_12_24","long",1.945205,2.838588,2.427241,448
"2000-09-01","f_12_24","long",1.982444,2.884058,2.478973,448
"2000-10-01","f_12_24","long",1.95934,2.924336,2.504763,448
"2000-11-01","f_12_24","long",1.981446,2.924179,2.517034,448
"2000-12-01","f_12_24","long",1.990416,2.973728,2.563073,448
"2001-01-01","f_12_24","long",2.03712,3.034701,2.601308,448
"2001-02-01","f_12_24","long",2.092166,3.11119,2.650816,448
"2001-03-01","f_12_24","long",2.052783,3.122743,2.638766,448
"2001-04-01","f_12_24","long",2.17035,3.229572,2.740832,448
"2001-05-01","f_12_24","long",2.17508,3.254693,2.735644,448
"2001-06-01","f_12_24","long",2.237463,3.32349,2.819698,448
"2001-07-01","f_12_24","long",2.174791,3.31851,2.781474,448
"2001-08-01","f_12_24","long",2.197421,3.4625,2.865819,448
"2001-09-01","f_12_24","long",2.131919,3.455471,2.81729,448
"2001-10-01","f_12_24","long",2.149552,3.480513,2.820656,448
"2001-11-01","f_12_24","long",2.157581,3.466601,2.81016,448
"2001-12-01","f_12_24","long",2.084417,3.424821,2.736215,448
"2002-01-01","f_12_24","long",1.90337,3.276758,2.579478,448
"2002-02-01","f_12_24","long",1.841332,3.25164,2.54956,448
"2002-03-01","f_12_24","long",1.872624,3.289887,2.580144,448
"2002-04-01","f_12_24","long",1.850971,3.22193,2.515342,448
"2002-05-01","f_12_24","long",1.822185,3.167662,2.481035,448
"2002-06-01","f_12_24","long",1.737902,3.092422,2.392655,448
"2002-07-01","f_12_24","long",1.775537,3.050151,2.39954,448
"2002-08-01","f_12_24","long",1.772971,2.905491,2.323706,448
"2002-09-01","f_12_24","long",1.824869,2.908181,2.356748,448
"2002-10-01","f_12_24","long",1.838777,2.891955,2.363168,448
"2002-11-01","f_12_24","long",1.819165,2.886638,2.35144,448
"2002-12-01","f_12_24","long",1.866341,2.919512,2.399539,448
"2003-01-01","f_12_24","long",1.869084,2.940308,2.416791,448
"2003-02-01","f_12_24","long",1.836659,2.86171,2.351974,448
"2003-03-01","f_12_24","long",1.811072,2.78794,2.310622,448
"2003-04-01","f_12_24","long",1.689822,2.674001,2.187412,448
"2003-05-01","f_12_24","long",1.688541,2.669386,2.180267,448
"2003-06-01","f_12_24","long",1.61368,2.591649,2.102964,448
"2003-07-01","f_12_24","long",1.635436,2.609647,2.122963,448
"2003-08-01","f_12_24","long",1.662198,2.618348,2.1406,448
"2003-09-01","f_12_24","long",1.591823,2.559603,2.069496,448
"2003-10-01","f_12_24","long",1.606459,2.594038,2.093507,448
"2003-11-01","f_12_24","long",1.576025,2.581909,2.086148,448
"2003-12-01","f_12_24","long",1.535039,2.527234,2.022454,448
"2004-01-01","f_12_24","long",1.620207,2.610034,2.080214,448
"2004-02-01","f_12_24","long",1.684097,2.660276,2.138304,448
"2004-03-01","f_12_24","long",1.677412,2.653332,2.130731,448
"2004-04-01","f_12_24","long",1.888558,2.841156,2.339253,448
"2004-05-01","f_12_24","long",1.949482,2.887532,2.399269,448
"2004-06-01","f_12_24","long",2.093337,2.976052,2.512226,448
"2004-07-01","f_12_24","long",2.027211,2.937866,2.467025,448
"2004-08-01","f_12_24","long",1.963837,2.954485,2.465231,448
"2004-09-01","f_12_24","long",1.954388,2.909436,2.445096,448
"2004-10-01","f_12_24","long",1.932903,2.872934,2.416156,448
"2004-11-01","f_12_24","long",1.948573,2.907161,2.423051,448
"2004-12-01","f_12_24","long",1.978838,2.918334,2.46467,448
"2005-01-01","f_12_24","long",2.070385,2.934935,2.536599,448
"2005-02-01","f_12_24","long",2.079734,2.958035,2.563435,448
"2005-03-01","f_12_24","long",2.088337,2.957897,2.555858,448
"2005-04-01","f_12_24","long",1.967032,2.856285,2.443188,448
"2005-05-01","f_12_24","long",1.955348,2.834207,2.430962,448
"2005-06-01","f_12_24","long",1.886208,2.781904,2.368982,448
"2005-07-01","f_12_24","long",1.949009,2.808765,2.410789,448
"2005-08-01","f_12_24","long",1.967034,2.772587,2.387439,448
"2005-09-01","f_12_24","long",2.050592,2.902202,2.491183,448
"2005-10-01","f_12_24","long",2.107683,2.970027,2.549646,448
"2005-11-01","f_12_24","long",2.184592,2.979871,2.603882,448
"2005-12-01","f_12_24","long",2.139368,2.960487,2.568565,448
"2006-01-01","f_12_24","long",2.093913,2.917042,2.536403,448
"2006-02-01","f_12_24","long",2.033167,2.904772,2.486228,448
"2006-03-01","f_12_24","long",2.084417,2.976199,2.554458,448
"2006-04-01","f_12_24","long",2.188566,3.096769,2.655802,448
"2006-05-01","f_12_24","long",2.300344,3.251806,2.783824,448
"2006-06-01","f_12_24","long",2.470977,3.425492,2.954683,448
"2006-07-01","f_12_24","long",2.438893,3.457572,2.969684,448
"2006-08-01","f_12_24","long",2.528193,3.554631,3.052109,448
"2006-09-01","f_12_24","long",2.489974,3.52828,3.028093,448
"2006-10-01","f_12_24","long",2.460664,3.540227,3.012921,448
"2006-11-01","f_12_24","long",2.309727,3.477097,2.889706,448
"2006-12-01","f_12_24","long",2.441777,3.598341,3.013035,448
"2007-01-01","f_12_24","long",2.474346,3.638607,3.038486,448
"2007-02-01","f_12_24","long",2.591399,3.688122,3.131487,448
"2007-03-01","f_12_24","long",2.518731,3.626553,3.056562,448
"2007-04-01","f_12_24","long",2.432598,3.48711,2.950036,448
"2007-05-01","f_12_24","long",2.266128,3.319595,2.776155,448
"2007-06-01","f_12_24","long",2.157068,3.197593,2.666356,448
"2007-07-01","f_12_24","long",2.133077,3.120673,2.600397,448
"2007-08-01","f_12_24","long",2.065009,3.03854,2.535806,448
"2007-09-01","f_12_24","long",2.145013,3.094841,2.589569,448
"2007-10-01","f_12_24","long",2.222465,3.122759,2.635588,448
"2007-11-01","f_12_24","long",2.434631,3.249369,2.823532,448
"2007-12-01","f_12_24","long",2.422373,3.223487,2.793937,448
"2008-01-01","f_12_24","long",2.352837,3.127959,2.716703,448
"2008-02-01","f_12_24","long",2.252493,3.041261,2.613097,448
"2008-03-01","f_12_24","long",2.298665,3.048842,2.654936,448
"2008-04-01","f_12_24","long",2.29304,3.084611,2.692017,448
"2008-05-01","f_12_24","long",2.284091,3.100962,2.708561,448
"2008-06-01","f_12_24","long",2.319061,3.184998,2.754475,448
"2008-07-01","f_12_24","long",2.37935,3.326046,2.841267,448
"2008-08-01","f_12_24","long",2.346622,3.300374,2.809641,448
"2008-09-01","f_12_24","long",2.243409,3.19943,2.723136,448
"2008-10-01","f_12_24","long",2.024214,3.066717,2.590878,448
"2008-11-01","f_12_24","long",1.808505,3.001729,2.482416,448
"2008-12-01","f_12_24","long",1.595749,2.844781,2.324408,448
"2009-01-01","f_12_24","long",1.584205,2.868891,2.347492,448
"2009-02-01","f_12_24","long",1.56506,2.83188,2.328499,448
"2009-03-01","f_12_24","long",1.414395,2.767606,2.253476,448
"2009-04-01","f_12_24","long",1.373497,2.685359,2.176668,448
"2009-05-01","f_12_24","long",1.369252,2.626862,2.143191,448
"2009-06-01","f_12_24","long",1.260583,2.486306,2.025215,448
"2009-07-01","f_12_24","long",1.023926,2.173278,1.763031,448
"2009-08-01","f_12_24","long",0.992655,2.216462,1.742749,448
"2009-09-01","f_12_24","long",0.854028,2.123313,1.604176,448
"2009-10-01","f_12_24","long",0.915588,2.244306,1.658277,448
"2009-11-01","f_12_24","long",0.918853,2.161329,1.56642,448
"2009-12-01","f_12_24","long",0.954562,2.139984,1.550069,448
"2010-01-01","f_12_24","long",0.804972,1.975795,1.375631,448
"2010-02-01","f_12_24","long",0.672742,1.87319,1.256459,448
"2010-03-01","f_12_24","long",0.624771,1.809254,1.17341,448
"2010-04-01","f_12_24","long",0.547073,1.763421,1.111511,448
"2010-05-01","f_12_24","long",0.48054,1.682312,1.029454,448
"2010-06-01","f_12_24","long",0.39415,1.591281,0.952256,448
"2010-07-01","f_12_24","long",0.452207,1.639032,0.998766,448
"2010-08-01","f_12_24","long",0.472382,1.59574,1.012011,448
"2010-09-01","f_12_24","long",0.54906,1.591483,1.066809,448
"2010-10-01","f_12_24","long",0.503704,1.368382,0.930501,448
"2010-11-01","f_12_24","long",0.534625,1.349782,0.941611,448
"2010-12-01","f_12_24","long",0.596321,1.384608,0.982583,448
"2011-01-01","f_12_24","long",0.683372,1.513669,1.083528,448
"2011-02-01","f_12_24","long",0.829636,1.692285,1.243237,448
"2011-03-01","f_12_24","long",0.969874,1.820329,1.380688,448
"2011-04-01","f_12_24","long",1.117006,1.976883,1.51576,448
"2011-05-01","f_12_24","long",1.229625,2.186471,1.660235,448
"2011-06-01","f_12_24","long",1.295925,2.253714,1.724859,448
"2011-07-01","f_12_24","long",1.3805,2.337542,1.816041,448
"2011-08-01","f_12_24","long",1.473389,2.414906,1.889545,448
"2011-09-01","f_12_24","long",1.507203,2.46948,1.932099,448
"2011-10-01","f_12_24","long",1.532643,2.555154,2.019067,448
"2011-11-01","f_12_24","long",1.584243,2.60317,2.064656,448
"2011-12-01","f_12_24","long",1.664106,2.678049,2.150691,448
"2012-01-01","f_12_24","long",1.73649,2.71682,2.200452,448
"2012-02-01","f_12_24","long",1.711361,2.646001,2.139281,448
"2012-03-01","f_12_24","long",1.733205,2.600628,2.119489,448
"2012-04-01","f_12_24","long",1.680753,2.562669,2.073827,448
"2012-05-01","f_12_24","long",1.645636,2.42955,2.007744,448
"2012-06-01","f_12_24","long",1.62218,2.394511,1.97591,448
"2012-07-01","f_12_24","long",1.593309,2.380449,1.962224,448
"2012-08-01","f_12_24","long",1.541713,2.327342,1.91806,448
"2012-09-01","f_12_24","long",1.544624,2.31897,1.911685,448
"2012-10-01","f_12_24","long",1.574933,2.337682,1.896924,448
"2012-11-01","f_12_24","long",1.503464,2.263997,1.838718,448
"2012-12-01","f_12_24","long",1.419739,2.220093,1.771156,448
"2013-01-01","f_12_24","long",1.390942,2.159881,1.736253,448
"2013-02-01","f_12_24","long",1.414886,2.172821,1.771109,448
"2013-03-01","f_12_24","long",1.327645,2.134805,1.71999,448
"2013-04-01","f_12_24","long",1.164456,2.072121,1.617877,448
"2013-05-01","f_12_24","long",1.119183,2.099071,1.622947,448
"2013-06-01","f_12_24","long",1.224782,2.187387,1.721913,448
"2013-07-01","f_12_24","long",1.254187,2.198704,1.73738,448
"2013-08-01","f_12_24","long",1.200081,2.184182,1.706307,448
"2013-09-01","f_12_24","long",1.16606,2.187263,1.707073,448
"2013-10-01","f_12_24","long",1.207273,2.185798,1.742599,448
"2013-11-01","f_12_24","long",1.29592,2.260679,1.821175,448
"2013-12-01","f_12_24","long",1.327473,2.270895,1.844557,448
"2014-01-01","f_12_24","long",1.29728,2.256097,1.822554,448
"2014-02-01","f_12_24","long",1.225518,2.196763,1.766226,448
"2014-03-01","f_12_24","long",1.258899,2.214095,1.779525,448
"2014-04-01","f_12_24","long",1.438418,2.265435,1.890893,448
"2014-05-01","f_12_24","long",1.516557,2.270874,1.923411,448
"2014-06-01","f_12_24","long",1.489666,2.256631,1.893985,448
"2014-07-01","f_12_24","long",1.492315,2.299332,1.907433,448
"2014-08-01","f_12_24","long",1.460226,2.284825,1.878598,448
"2014-09-01","f_12_24","long",1.493299,2.298474,1.890831,448
"2014-10-01","f_12_24","long",1.359812,2.318576,1.861769,448
"2014-11-01","f_12_24","long",1.299149,2.344498,1.84343,448
"2014-12-01","f_12_24","long",1.298792,2.333506,1.841688,448
"2015-01-01","f_12_24","long",1.116058,2.306218,1.74559,448
"2015-02-01","f_12_24","long",1.190936,2.36975,1.808973,448
"2015-03-01","f_12_24","long",1.195322,2.353544,1.799289,448
"2015-04-01","f_12_24","long",1.221288,2.40218,1.845757,448
"2015-05-01","f_12_24","long",1.169535,2.413269,1.809676,448
"2015-06-01","f_12_24","long",1.141058,2.411607,1.804619,448
"2015-07-01","f_12_24","long",1.131792,2.404236,1.795949,448
"2015-08-01","f_12_24","long",1.154841,2.38102,1.799776,448
"2015-09-01","f_12_24","long",1.150574,2.384391,1.797505,448
"2015-10-01","f_12_24","long",1.162089,2.291436,1.733239,448
"2015-11-01","f_12_24","long",1.14616,2.21238,1.693416,448
"2015-12-01","f_12_24","long",1.081425,2.177272,1.653494,448
"2016-01-01","f_12_24","long",1.241806,2.278937,1.764995,448
"2016-02-01","f_12_24","long",1.232662,2.278854,1.761541,448
"2016-03-01","f_12_24","long",1.271074,2.353176,1.816541,448
"2016-04-01","f_12_24","long",1.297312,2.354261,1.825691,448
"2016-05-01","f_12_24","long",1.382793,2.398846,1.908515,448
"2016-06-01","f_12_24","long",1.367971,2.37174,1.884411,448
"2016-07-01","f_12_24","long",1.362176,2.383679,1.898679,448
"2016-08-01","f_12_24","long",1.395696,2.435013,1.949079,448
"2016-09-01","f_12_24","long",1.423467,2.454878,1.975953,448
"2016-10-01","f_12_24","long",1.543104,2.517157,2.061828,448
"2016-11-01","f_12_24","long",1.518157,2.494589,2.039929,448
"2016-12-01","f_12_24","long",1.586746,2.546384,2.083613,448
"2017-01-01","f_12_24","long",1.661379,2.517974,2.124114,448
"2017-02-01","f_12_24","long",1.624903,2.495272,2.08258,448
"2017-03-01","f_12_24","long",1.578948,2.436944,2.02849,448
"2017-04-01","f_12_24","long",1.485512,2.339411,1.945332,448
"2017-05-01","f_12_24","long",1.393742,2.260505,1.848128,448
"2017-06-01","f_12_24","long",1.411282,2.316449,1.880577,448
"2017-07-01","f_12_24","long",1.366795,2.243145,1.823278,448
"2017-08-01","f_12_24","long",1.351214,2.218281,1.800714,448
"2017-09-01","f_12_24","long",1.324449,2.187283,1.768168,448
"2017-10-01","f_12_24","long",1.323137,2.216109,1.782283,448
"2017-11-01","f_12_24","long",1.344173,2.251201,1.811007,448
"2017-12-01","f_12_24","long",1.379991,2.283317,1.846184,448
"2018-01-01","f_12_24","long",1.431425,2.342007,1.893258,448
"2018-02-01","f_12_24","long",1.479459,2.367238,1.936225,448
"2018-03-01","f_12_24","long",1.483691,2.359165,1.940934,448
"2018-04-01","f_12_24","long",1.4926,2.360921,1.933056,448
"2018-05-01","f_12_24","long",1.543665,2.379494,1.978872,448
"2018-06-01","f_12_24","long",1.580676,2.37126,1.991105,448
"2018-07-01","f_12_24","long",1.628681,2.411499,2.029418,448
"2018-08-01","f_12_24","long",1.637873,2.425738,2.038462,448
"2018-09-01","f_12_24","long",1.669786,2.447409,2.070059,448
"2018-10-01","f_12_24","long",1.666635,2.448228,2.068625,448
"2018-11-01","f_12_24","long",1.737099,2.512182,2.133366,448
"2018-12-01","f_12_24","long",1.738204,2.542261,2.135619,448
"2019-01-01","f_12_24","long",1.61156,2.454854,2.038243,448
"2019-02-01","f_12_24","long",1.632209,2.495651,2.079583,448
"2019-03-01","f_12_24","long",1.662912,2.54311,2.114519,448
"2019-04-01","f_12_24","long",1.740439,2.716984,2.253058,448
"2019-05-01","f_12_24","long",1.65735,2.713385,2.192674,448
"2019-06-01","f_12_24","long",1.593836,2.678647,2.148567,448
"2019-07-01","f_12_24","long",1.64394,2.726593,2.190151,448
"2019-08-01","f_12_24","long",1.666568,2.746292,2.213369,448
"2019-09-01","f_12_24","long",1.573034,2.712024,2.149169,448
"2019-10-01","f_12_24","long",1.609209,2.760906,2.175591,448
"2019-11-01","f_12_24","long",1.578163,2.694977,2.122993,448
"2019-12-01","f_12_24","long",1.563211,2.711999,2.126083,448
"2020-01-01","f_12_24","long",1.647996,2.822215,2.204344,448
"2020-02-01","f_12_24","long",1.64073,2.799986,2.191252,448
"2020-03-01","f_12_24","long",1.588652,2.755633,2.153613,448
"2020-04-01","f_12_24","long",1.478839,2.611346,2.033985,448
"2020-05-01","f_12_24","long",1.561537,2.65525,2.115776,448
"2020-06-01","f_12_24","long",1.576341,2.690821,2.133046,448
"2020-07-01","f_12_24","long",1.601492,2.725204,2.163258,448
"2020-08-01","f_12_24","long",1.623931,2.763283,2.17437,448
"2020-09-01","f_12_24","long",1.631833,2.732258,2.145062,448
"2020-10-01","f_12_24","long",1.569972,2.648348,2.098156,448
"2020-11-01","f_12_24","long",1.487406,2.606228,2.024833,448
"2020-12-01","f_12_24","long",1.476478,2.558035,1.99059,448
"2021-01-01","f_12_24","long",1.401985,2.481476,1.909303,448
"2021-02-01","f_12_24","long",1.453705,2.570447,1.954409,448
"2021-03-01","f_12_24","long",1.539301,2.652868,2.017499,448
"2021-04-01","f_12_24","long",1.669404,2.776212,2.102175,448
"2021-05-01","f_12_24","long",1.721003,2.878177,2.150261,448
"2021-06-01","f_12_24","long",1.786831,2.964414,2.231437,448
"2021-07-01","f_12_24","long",1.84705,3.06812,2.301633,448
"2021-08-01","f_12_24","long",1.902294,3.16128,2.376424,448
"2021-09-01","f_12_24","long",2.143536,3.402041,2.628591,448
"2021-10-01","f_12_24","long",2.383226,3.758664,2.908763,448
"2021-11-01","f_12_24","long",2.633115,4.06378,3.181378,448
"2021-12-01","f_12_24","long",2.877139,4.334596,3.438621,448
"2022-01-01","f_12_24","long",3.226068,4.734333,3.845752,448
"2022-02-01","f_12_24","long",3.389486,4.94061,4.02664,448
"2022-03-01","f_12_24","long",3.416426,5.090344,4.110091,448
"2022-04-01","f_12_24","long",3.444122,5.272988,4.200237,448
"2022-05-01","f_12_24","long",3.626254,5.48926,4.417014,448
"2022-06-01","f_12_24","long",4.068201,5.930536,4.873855,448
"2022-07-01","f_12_24","long",4.107284,6.006403,4.954885,448
"2022-08-01","f_12_24","long",4.296254,6.2478,5.183,448
"2022-09-01","f_12_24","long",4.206252,6.263294,5.173605,448
"2022-10-01","f_12_24","long",4.248962,6.267347,5.196282,448
"2022-11-01","f_12_24","long",4.139056,6.176558,5.131913,448
"2022-12-01","f_12_24","long",4.071723,6.111128,5.082266,448
"2023-01-01","f_12_24","long",3.949385,6.044808,4.94923,448
"2023-02-01","f_12_24","long",3.855278,5.946849,4.879196,448
"2023-03-01","f_12_24","long",3.963527,5.946988,4.945482,448
"2023-04-01","f_12_24","long",4.04198,5.865945,4.986994,448
"2023-05-01","f_12_24","long",3.925197,5.705516,4.856633,448
"2023-06-01","f_12_24","long",3.477012,5.244404,4.393783,448
"2023-07-01","f_12_24","long",3.39231,5.088506,4.263534,448
"2023-08-01","f_12_24","long",3.161611,4.802391,3.997784,448
"2023-09-01","f_12_24","long",3.146448,4.751701,3.927953,448
"2023-10-01","f_12_24","long",2.952843,4.525147,3.731777,448
"2023-11-01","f_12_24","long",2.945193,4.526807,3.683744,448
"2023-12-01","f_12_24","long",2.761425,4.33929,3.501571,448
"2024-01-01","f_12_24","long",2.837176,4.274537,3.53677,448
"2024-02-01","f_12_24","long",2.717035,4.123519,3.397333,448
"2024-03-01","f_12_24","long",2.658774,4.036449,3.328332,448
"2024-04-01","f_12_24","long",2.522748,3.910006,3.201828,448
"2024-05-01","f_12_24","long",2.396077,3.83462,3.116656,448
"2024-06-01","f_12_24","long",2.384342,3.800048,3.095136,448
"2024-07-01","f_12_24","long",2.321848,3.714229,3.023579,448
"2024-08-01","f_12_24","long",2.31036,3.690276,3.004808,448
"2024-09-01","f_12_24","long",2.329393,3.660679,3.020237,448
"2024-10-01","f_12_24","long",2.351241,3.641118,3.024086,448
"2024-11-01","f_12_24","long",2.341986,3.567546,3.016821,448
"2024-12-01","f_12_24","long",2.443237,3.668205,3.12821,448
"2025-01-01","f_12_24","long",2.218126,3.437958,2.891186,448
"2025-02-01","f_12_24","long",2.282173,3.465461,2.931601,448
"2025-03-01","f_12_24","long",2.267195,3.454718,2.926476,448
"2025-04-01","f_12_24","long",2.347939,3.493804,2.972979,448
"2025-05-01","f_12_24","long",2.397195,3.427867,2.945189,448
"2025-06-01","f_12_24","long",2.529513,3.518924,3.049036,448
"2025-07-01","f_12_24","long",2.500777,3.545268,3.044488,448
"2025-08-01","f_12_24","long",2.553284,3.594828,3.106173,448
"2025-09-01","f_12_24","long",2.46587,3.506931,2.992655,448
"2025-10-01","f_12_24","long",2.350543,3.394742,2.864241,448
"2025-11-01","f_12_24","long",2.303495,3.303409,2.785888,448
"2025-12-01","f_12_24","long",2.282802,3.272993,2.741743,448
"2026-01-01","f_12_24","long",2.262188,3.279661,2.712876,448
"2026-02-01","f_12_24","long",2.190183,3.234986,2.647158,448
"2026-03-01","f_12_24","long",2.182316,3.211333,2.624457,448
"2026-04-01","f_12_24","long",2.104928,3.171414,2.572602,448
"2026-05-01","f_12_24","long",2.13451,3.21931,2.609364,448
"2026-06-01","f_12_24","long",1.983484,3.111664,2.475581,448
"2026-07-01","f_12_24","long",1.974169,3.112027,2.472722,448
"2026-08-01","f_12_24","long",1.92327,3.015458,2.395626,448
"1960-01-01","f_12_24","80s",0.278638,2.31089,1.245901,763
"1960-02-01","f_12_24","80s",0.27717,2.311853,1.250638,763
"1960-03-01","f_12_24","80s",0.276985,2.288977,1.2288,763
"1960-04-01","f_12_24","80s",0.164031,2.256665,1.17397,763
"1960-05-01","f_12_24","80s",0.160211,2.20723,1.138324,763
"1960-06-01","f_12_24","80s",0.056633,1.996447,0.955499,763
"1960-07-01","f_12_24","80s",0.121916,2.024521,1.001196,763
"1960-08-01","f_12_24","80s",0.122867,1.989999,0.976524,763
"1960-09-01","f_12_24","80s",0.066053,1.888536,0.867099,763
"1960-10-01","f_12_24","80s",0.065314,1.821569,0.78745,763
"1960-11-01","f_12_24","80s",0.072009,1.897356,0.867257,763
"1960-12-01","f_12_24","80s",0.071795,1.874101,0.838154,763
"1961-01-01","f_12_24","80s",0.090874,1.848258,0.827785,763
"1961-02-01","f_12_24","80s",0.090874,1.789263,0.800756,763
"1961-03-01","f_12_24","80s",0.042318,1.699444,0.770679,763
"1961-04-01","f_12_24","80s",-0.006002,1.530487,0.634001,763
"1961-05-01","f_12_24","80s",-0.006085,1.49363,0.608991,763
"1961-06-01","f_12_24","80s",0.001719,1.515459,0.620572,763
"1961-07-01","f_12_24","80s",-0.061846,1.462635,0.550589,763
"1961-08-01","f_12_24","80s",-0.064339,1.364631,0.513793,763
"1961-09-01","f_12_24","80s",-0.063469,1.392842,0.524062,763
"1961-10-01","f_12_24","80s",-0.088136,1.324562,0.492534,763
"1961-11-01","f_12_24","80s",-0.094607,1.234405,0.406266,763
"1961-12-01","f_12_24","80s",-0.109698,1.150958,0.356021,763
"1962-01-01","f_12_24","80s",0.010277,1.393646,0.556914,763
"1962-02-01","f_12_24","80s",0.016102,1.488125,0.629196,763
"1962-03-01","f_12_24","80s",0.091924,1.693373,0.775606,763
"1962-04-01","f_12_24","80s",0.042058,1.627139,0.729221,763
"1962-05-01","f_12_24","80s",0.041357,1.654662,0.754909,763
"1962-06-01","f_12_24","80s",0.041495,1.679023,0.774423,763
"1962-07-01","f_12_24","80s",0.037582,1.599346,0.707203,763
"1962-08-01","f_12_24","80s",0.041044,1.668314,0.755396,763
"1962-09-01","f_12_24","80s",0.04021,1.873819,0.797766,763
"1962-10-01","f_12_24","80s",-0.026566,1.845095,0.777348,763
"1962-11-01","f_12_24","80s",-0.026779,1.845636,0.77236,763
"1962-12-01","f_12_24","80s",-0.081255,1.79839,0.753556,763
"1963-01-01","f_12_24","80s",-0.160147,1.749772,0.692563,763
"1963-02-01","f_12_24","80s",-0.164935,1.672847,0.636765,763
"1963-03-01","f_12_24","80s",-0.227818,1.489558,0.49793,763
"1963-04-01","f_12_24","80s",-0.193135,1.510496,0.508929,763
"1963-05-01","f_12_24","80s",-0.148446,1.67205,0.635257,763
"1963-06-01","f_12_24","80s",-0.148446,1.69297,0.63754,763
"1963-07-01","f_12_24","80s",-0.146947,1.740538,0.661484,763
"1963-08-01","f_12_24","80s",-0.148861,1.759497,0.638718,763
"1963-09-01","f_12_24","80s",-0.149144,1.496022,0.560371,763
"1963-10-01","f_12_24","80s",0.017245,1.709541,0.747491,763
"1963-11-01","f_12_24","80s",0.017245,1.73374,0.75615,763
"1963-12-01","f_12_24","80s",0.08668,1.848216,0.808538,763
"1964-01-01","f_12_24","80s",0.075939,1.773013,0.760041,763
"1964-02-01","f_12_24","80s",0.076442,1.809855,0.791534,763
"1964-03-01","f_12_24","80s",0.064051,1.80576,0.788456,763
"1964-04-01","f_12_24","80s",0.077061,1.821797,0.796358,763
"1964-05-01","f_12_24","80s",0.024352,1.618891,0.641027,763
"1964-06-01","f_12_24","80s",0.017274,1.533353,0.59594,763
"1964-07-01","f_12_24","80s",0.017274,1.478966,0.562421,763
"1964-08-01","f_12_24","80s",0.016882,1.446374,0.571547,763
"1964-09-01","f_12_24","80s",0.016279,1.432148,0.55919,763
"1964-10-01","f_12_24","80s",-0.058747,1.289343,0.414568,763
"1964-11-01","f_12_24","80s",-0.058011,1.30405,0.439304,763
"1964-12-01","f_12_24","80s",-0.058671,1.288677,0.441453,763
"1965-01-01","f_12_24","80s",-0.044565,1.2979,0.46219,763
"1965-02-01","f_12_24","80s",-0.068154,1.223505,0.405002,763
"1965-03-01","f_12_24","80s",-0.021044,1.306683,0.44015,763
"1965-04-01","f_12_24","80s",-0.01413,1.394771,0.531094,763
"1965-05-01","f_12_24","80s",0.000222,1.471962,0.598567,763
"1965-06-01","f_12_24","80s",0.010786,1.591469,0.688209,763
"1965-07-01","f_12_24","80s",0.010786,1.641752,0.730635,763
"1965-08-01","f_12_24","80s",0.014797,1.683174,0.768428,763
"1965-09-01","f_12_24","80s",0.015767,1.77008,0.849084,763
"1965-10-01","f_12_24","80s",0.01627,1.824582,0.904609,763
"1965-11-01","f_12_24","80s",0.091658,1.890709,0.995903,763
"1965-12-01","f_12_24","80s",0.179049,2.090718,1.156797,763
"1966-01-01","f_12_24","80s",0.22168,2.179873,1.215845,763
"1966-02-01","f_12_24","80s",0.385298,2.407088,1.414005,763
"1966-03-01","f_12_24","80s",0.387945,2.493523,1.483051,763
"1966-04-01","f_12_24","80s",0.616362,2.70096,1.680659,763
"1966-05-01","f_12_24","80s",0.61405,2.747191,1.700247,763
"1966-06-01","f_12_24","80s",0.673286,2.820273,1.764792,763
"1966-07-01","f_12_24","80s",0.770437,2.95769,1.902643,763
"1966-08-01","f_12_24","80s",0.796021,3.02344,1.960166,763
"1966-09-01","f_12_24","80s",1.040802,3.22731,2.181167,763
"1966-10-01","f_12_24","80s",1.300884,3.435704,2.417404,763
"1966-11-01","f_12_24","80s",1.287468,3.441914,2.412504,763
"1966-12-01","f_12_24","80s",1.260676,3.380925,2.376607,763
"1967-01-01","f_12_24","80s",1.263614,3.403122,2.380496,763
"1967-02-01","f_12_24","80s",1.285228,3.407684,2.398026,763
"1967-03-01","f_12_24","80s",1.284386,3.327111,2.348431,763
"1967-04-01","f_12_24","80s",1.112629,3.160419,2.198034,763
"1967-05-01","f_12_24","80s",1.179202,3.173209,2.240845,763
"1967-06-01","f_12_24","80s",1.316206,3.246262,2.335912,763
"1967-07-01","f_12_24","80s",1.388927,3.290072,2.391213,763
"1967-08-01","f_12_24","80s",1.484287,3.340285,2.458574,763
"1967-09-01","f_12_24","80s",1.544234,3.331825,2.481302,763
"1967-10-01","f_12_24","80s",1.529137,3.316952,2.463933,763
"1967-11-01","f_12_24","80s",1.635817,3.430876,2.574183,763
"1967-12-01","f_12_24","80s",1.736015,3.483572,2.64866,763
"1968-01-01","f_12_24","80s",1.969214,3.571541,2.82021,763
"1968-02-01","f_12_24","80s",2.069227,3.651087,2.926143,763
"1968-03-01","f_12_24","80s",2.207082,3.852049,3.111923,763
"1968-04-01","f_12_24","80s",2.399696,3.991221,3.265386,763
"1968-05-01","f_12_24","80s",2.653788,4.183045,3.488508,763
"1968-06-01","f_12_24","80s",2.70134,4.24781,3.559173,763
"1968-07-01","f_12_24","80s",2.723063,4.220554,3.555659,763
"1968-08-01","f_12_24","80s",2.919933,4.391592,3.735001,763
"1968-09-01","f_12_24","80s",2.939984,4.43129,3.762233,763
"1968-10-01","f_12_24","80s",3.038817,4.507712,3.842478,763
"1968-11-01","f_12_24","80s",3.157888,4.603932,3.941384,763
"1968-12-01","f_12_24","80s",3.225638,4.667827,4.022067,763
"1969-01-01","f_12_24","80s",3.215224,4.680891,4.023373,763
"1969-02-01","f_12_24","80s",3.121633,4.576317,3.919203,763
"1969-03-01","f_12_24","80s",3.327752,4.700011,4.06781,763
"1969-04-01","f_12_24","80s",3.391979,4.799534,4.147304,763
"1969-05-01","f_12_24","80s",3.356361,4.825145,4.13462,763
"1969-06-01","f_12_24","80s",3.420063,4.837674,4.167018,763
"1969-07-01","f_12_24","80s",3.627011,5.064598,4.380435,763
"1969-08-01","f_12_24","80s",3.505443,4.971225,4.275144,763
"1969-09-01","f_12_24","80s",3.525101,5.021632,4.299166,763
"1969-10-01","f_12_24","80s",3.494786,5.017025,4.286825,763
"1969-11-01","f_12_24","80s",3.557389,5.013437,4.311927,763
"1969-12-01","f_12_24","80s",3.663258,5.081232,4.373788,763
"1970-01-01","f_12_24","80s",3.660861,5.064023,4.361415,763
"1970-02-01","f_12_24","80s",3.81157,5.195924,4.494611,763
"1970-03-01","f_12_24","80s",3.766034,5.183937,4.484077,763
"1970-04-01","f_12_24","80s",3.784131,5.20063,4.493061,763
"1970-05-01","f_12_24","80s",3.722006,5.136638,4.440998,763
"1970-06-01","f_12_24","80s",3.662261,5.092782,4.396642,763
"1970-07-01","f_12_24","80s",3.592601,4.978753,4.301718,763
"1970-08-01","f_12_24","80s",3.677073,4.993212,4.341148,763
"1970-09-01","f_12_24","80s",3.667096,4.991539,4.345019,763
"1970-10-01","f_12_24","80s",3.708022,5.118702,4.407902,763
"1970-11-01","f_12_24","80s",3.690121,5.120765,4.391174,763
"1970-12-01","f_12_24","80s",3.792759,5.241174,4.504709,763
"1971-01-01","f_12_24","80s",3.760061,5.227437,4.480468,763
"1971-02-01","f_12_24","80s",3.617663,5.119837,4.361195,763
"1971-03-01","f_12_24","80s",3.498235,4.994359,4.234648,763
"1971-04-01","f_12_24","80s",3.42518,4.898554,4.161685,763
"1971-05-01","f_12_24","80s",3.524125,4.986183,4.247236,763
"1971-06-01","f_12_24","80s",3.60297,5.063571,4.311978,763
"1971-07-01","f_12_24","80s",3.509822,4.99361,4.235473,763
"1971-08-01","f_12_24","80s",3.480616,4.987818,4.237106,763
"1971-09-01","f_12_24","80s",3.360959,4.845773,4.110856,763
"1971-10-01","f_12_24","80s",3.015916,4.482306,3.782145,763
"1971-11-01","f_12_24","80s",2.822806,4.287834,3.601047,763
"1971-12-01","f_12_24","80s",2.618858,4.051214,3.376677,763
"1972-01-01","f_12_24","80s",2.598985,4.016115,3.340195,763
"1972-02-01","f_12_24","80s",2.633459,4.004879,3.353504,763
"1972-03-01","f_12_24","80s",2.645826,3.976935,3.350839,763
"1972-04-01","f_12_24","80s",2.427386,3.803235,3.158981,763
"1972-05-01","f_12_24","80s",2.226815,3.585535,2.948526,763
"1972-06-01","f_12_24","80s",1.999337,3.380741,2.733712,763
"1972-07-01","f_12_24","80s",1.992485,3.396453,2.721755,763
"1972-08-01","f_12_24","80s",1.931872,3.345914,2.659746,763
"1972-09-01","f_12_24","80s",1.989018,3.404339,2.700697,763
"1972-10-01","f_12_24","80s",2.109963,3.469781,2.789542,763
"1972-11-01","f_12_24","80s",2.208055,3.578765,2.895351,763
"1972-12-01","f_12_24","80s",2.233634,3.600081,2.917561,763
"1973-01-01","f_12_24","80s",2.146311,3.574424,2.879821,763
"1973-02-01","f_12_24","80s",2.235082,3.707219,2.977063,763
"1973-03-01","f_12_24","80s",2.359856,3.926764,3.128407,763
"1973-04-01","f_12_24","80s",2.784187,4.370916,3.550778,763
"1973-05-01","f_12_24","80s",2.959358,4.650936,3.776609,763
"1973-06-01","f_12_24","80s",3.117879,4.880143,3.981104,763
"1973-07-01","f_12_24","80s",3.056106,4.830049,3.938178,763
"1973-08-01","f_12_24","80s",3.20809,5.121174,4.128444,763
"1973-09-01","f_12_24","80s",3.209292,5.259401,4.16766,763
"1973-10-01","f_12_24","80s",3.390069,5.688111,4.406549,763
"1973-11-01","f_12_24","80s",3.497974,6.065702,4.573232,763
"1973-12-01","f_12_24","80s",3.695657,6.363169,4.822599,763
"1974-01-01","f_12_24","80s",3.93993,6.774033,5.119123,763
"1974-02-01","f_12_24","80s",4.156909,7.357845,5.449305,763
"1974-03-01","f_12_24","80s",4.451579,7.873411,5.805541,763
"1974-04-01","f_12_24","80s",4.508643,8.018409,5.903686,763
"1974-05-01","f_12_24","80s",4.959621,8.565157,6.419659,763
"1974-06-01","f_12_24","80s",5.339173,9.076703,6.854924,763
"1974-07-01","f_12_24","80s",5.712378,9.658642,7.334887,763
"1974-08-01","f_12_24","80s",6.151009,10.204198,7.862924,763
"1974-09-01","f_12_24","80s",6.567326,10.685591,8.357752,763
"1974-10-01","f_12_24","80s",6.905365,10.906745,8.707455,763
"1974-11-01","f_12_24","80s",7.135427,10.909019,8.891037,763
"1974-12-01","f_12_24","80s",7.272884,11.038182,9.020854,763
"1975-01-01","f_12_24","80s",7.457299,11.098268,9.165509,763
"1975-02-01","f_12_24","80s",7.426429,10.715562,9.047827,763
"1975-03-01","f_12_24","80s",7.098411,10.085712,8.617589,763
"1975-04-01","f_12_24","80s",6.934395,9.856374,8.41867,763
"1975-05-01","f_12_24","80s",6.443202,9.257733,7.844126,763
"1975-06-01","f_12_24","80s",6.144751,8.844252,7.473604,763
"1975-07-01","f_12_24","80s",6.070644,8.652922,7.319484,763
"1975-08-01","f_12_24","80s",5.605754,7.996369,6.764744,763
"1975-09-01","f_12_24","80s",5.422528,7.646602,6.499178,763
"1975-10-01","f_12_24","80s",5.372917,7.52555,6.400492,763
"1975-11-01","f_12_24","80s",5.244338,7.400827,6.274383,763
"1975-12-01","f_12_24","80s",5.088269,7.205822,6.114276,763
"1976-01-01","f_12_24","80s",4.869497,6.94421,5.863124,763
"1976-02-01","f_12_24","80s",4.650567,6.848862,5.713222,763
"1976-03-01","f_12_24","80s",4.56618,6.852047,5.702466,763
"1976-04-01","f_12_24","80s",4.443187,6.647258,5.552295,763
"1976-05-01","f_12_24","80s",4.632019,6.763506,5.71671,763
"1976-06-01","f_12_24","80s",4.676191,6.732128,5.730601,763
"1976-07-01","f_12_24","80s",4.603537,6.575822,5.625657,763
"1976-08-01","f_12_24","80s",4.741277,6.725353,5.741566,763
"1976-09-01","f_12_24","80s",4.682934,6.647211,5.679334,763
"1976-10-01","f_12_24","80s",4.508735,6.490257,5.534165,763
"1976-11-01","f_12_24","80s",4.479186,6.438551,5.512793,763
"1976-12-01","f_12_24","80s",4.431872,6.385208,5.449901,763
"1977-01-01","f_12_24","80s",4.608866,6.557991,5.626234,763
"1977-02-01","f_12_24","80s",4.906828,6.803737,5.881747,763
"1977-03-01","f_12_24","80s",5.209256,7.098267,6.156241,763
"1977-04-01","f_12_24","80s",5.28775,7.306874,6.292519,763
"1977-05-01","f_12_24","80s",5.285423,7.284753,6.284283,763
"1977-06-01","f_12_24","80s",5.373561,7.401809,6.378111,763
"1977-07-01","f_12_24","80s",5.408953,7.410785,6.414026,763
"1977-08-01","f_12_24","80s",5.385806,7.406593,6.399652,763
"1977-09-01","f_12_24","80s",5.321036,7.36744,6.33877,763
"1977-10-01","f_12_24","80s",5.261097,7.24424,6.236763,763
"1977-11-01","f_12_24","80s",5.381763,7.410064,6.352081,763
"1977-12-01","f_12_24","80s",5.438394,7.474462,6.402863,763
"1978-01-01","f_12_24","80s",5.254089,7.292755,6.235207,763
"1978-02-01","f_12_24","80s",5.095885,7.089629,6.045647,763
"1978-03-01","f_12_24","80s",5.06086,7.011664,5.981656,763
"1978-04-01","f_12_24","80s",5.253826,7.128054,6.122432,763
"1978-05-01","f_12_24","80s",5.431716,7.319225,6.307719,763
"1978-06-01","f_12_24","80s",5.420761,7.290187,6.297521,763
"1978-07-01","f_12_24","80s",5.480224,7.392435,6.37553,763
"1978-08-01","f_12_24","80s",5.528057,7.43144,6.429831,763
"1978-09-01","f_12_24","80s",5.710159,7.63009,6.619169,763
"1978-10-01","f_12_24","80s",6.041056,7.95172,6.937754,763
"1978-11-01","f_12_24","80s",6.127571,7.993793,7.018742,763
"1978-12-01","f_12_24","80s",6.149825,8.01645,7.059091,763
"1979-01-01","f_12_24","80s",6.462798,8.330249,7.356344,763
"1979-02-01","f_12_24","80s",6.616129,8.53883,7.566425,763
"1979-03-01","f_12_24","80s",6.650949,8.592199,7.620048,763
"1979-04-01","f_12_24","80s",6.607643,8.608499,7.606057,763
"1979-05-01","f_12_24","80s",6.703614,8.81094,7.746408,763
"1979-06-01","f_12_24","80s",6.794068,8.86604,7.828642,763
"1979-07-01","f_12_24","80s",6.93478,8.958871,7.936939,763
"1979-08-01","f_12_24","80s",7.135961,9.168448,8.142907,763
"1979-09-01","f_12_24","80s",7.154586,9.297972,8.239696,763
"1979-10-01","f_12_24","80s",7.209579,9.502257,8.385588,763
"1979-11-01","f_12_24","80s",7.149258,9.507498,8.360659,763
"1979-12-01","f_12_24","80s",7.269026,9.759392,8.521712,763
"1980-01-01","f_12_24","80s",7.378696,9.966086,8.673773,763
"1980-02-01","f_12_24","80s",7.510559,10.33607,8.886568,763
"1980-03-01","f_12_24","80s",7.760367,10.69854,9.120795,763
"1980-04-01","f_12_24","80s",7.719177,10.655277,9.115895,763
"1980-05-01","f_12_24","80s",7.681138,10.570353,9.059006,763
"1980-06-01","f_12_24","80s",7.798124,10.789896,9.223722,763
"1980-07-01","f_12_24","80s",7.676158,10.738325,9.127307,763
"1980-08-01","f_12_24","80s",7.688476,10.693372,9.08795,763
"1980-09-01","f_12_24","80s",7.8616,10.760932,9.186499,763
"1980-10-01","f_12_24","80s",7.810465,10.583561,9.066569,763
"1980-11-01","f_12_24","80s",7.901563,10.653812,9.148467,763
"1980-12-01","f_12_24","80s",7.927195,10.594634,9.14656,763
"1981-01-01","f_12_24","80s",7.895414,10.501603,9.059572,763
"1981-02-01","f_12_24","80s",7.955751,10.272227,8.97676,763
"1981-03-01","f_12_24","80s",7.733429,9.958355,8.788964,763
"1981-04-01","f_12_24","80s",7.734683,9.959386,8.830603,763
"1981-05-01","f_12_24","80s",7.495112,9.799721,8.632022,763
"1981-06-01","f_12_24","80s",7.261894,9.488863,8.370463,763
"1981-07-01","f_12_24","80s",7.267734,9.519852,8.39321,763
"1981-08-01","f_12_24","80s",7.101623,9.467982,8.293933,763
"1981-09-01","f_12_24","80s",6.849719,9.284661,8.086298,763
"1981-10-01","f_12_24","80s",6.612526,9.057739,7.848804,763
"1981-11-01","f_12_24","80s",6.411112,8.823797,7.632575,763
"1981-12-01","f_12_24","80s",6.133166,8.528489,7.343447,763
"1982-01-01","f_12_24","80s",5.80323,8.185196,7.031743,763
"1982-02-01","f_12_24","80s",5.399692,7.732584,6.606506,763
"1982-03-01","f_12_24","80s",5.22001,7.553559,6.422401,763
"1982-04-01","f_12_24","80s",5.012625,7.244401,6.092416,763
"1982-05-01","f_12_24","80s",5.011995,7.100517,6.012964,763
"1982-06-01","f_12_24","80s",4.955293,7.084918,5.955038,763
"1982-07-01","f_12_24","80s",4.989061,7.129235,6.001998,763
"1982-08-01","f_12_24","80s",4.764566,6.815755,5.741581,763
"1982-09-01","f_12_24","80s",4.461752,6.491064,5.402595,763
"1982-10-01","f_12_24","80s",4.384528,6.493086,5.375052,763
"1982-11-01","f_12_24","80s",4.121127,6.262581,5.120312,763
"1982-12-01","f_12_24","80s",3.893601,6.094126,4.96453,763
"1983-01-01","f_12_24","80s",3.886983,6.066395,4.957699,763
"1983-02-01","f_12_24","80s",3.8116,5.985291,4.896435,763
"1983-03-01","f_12_24","80s",3.595027,5.706996,4.656296,763
"1983-04-01","f_12_24","80s",3.728288,5.894571,4.830486,763
"1983-05-01","f_12_24","80s",3.504576,5.675664,4.59152,763
"1983-06-01","f_12_24","80s",3.363219,5.434009,4.414067,763
"1983-07-01","f_12_24","80s",3.119768,5.125233,4.128099,763
"1983-08-01","f_12_24","80s",3.032443,5.037015,4.038826,763
"1983-09-01","f_12_24","80s",3.083004,5.054726,4.110336,763
"1983-10-01","f_12_24","80s",2.880759,4.777557,3.863602,763
"1983-11-01","f_12_24","80s",2.990452,4.838681,3.949842,763
"1983-12-01","f_12_24","80s",3.057742,4.813995,3.930676,763
"1984-01-01","f_12_24","80s",3.0083,4.722507,3.869322,763
"1984-02-01","f_12_24","80s",3.055238,4.745057,3.915246,763
"1984-03-01","f_12_24","80s",3.213348,4.933665,4.078995,763
"1984-04-01","f_12_24","80s",3.165927,4.842519,4.014772,763
"1984-05-01","f_12_24","80s",3.091376,4.755686,3.956963,763
"1984-06-01","f_12_24","80s",3.050185,4.843992,3.995985,763
"1984-07-01","f_12_24","80s",3.094321,4.906499,4.065083,763
"1984-08-01","f_12_24","80s",3.168055,4.911555,4.110534,763
"1984-09-01","f_12_24","80s",3.183221,4.923679,4.092268,763
"1984-10-01","f_12_24","80s",3.274231,4.9479,4.148521,763
"1984-11-01","f_12_24","80s",3.113503,4.809807,3.995516,763
"1984-12-01","f_12_24","80s",3.192748,4.972268,4.113233,763
"1985-01-01","f_12_24","80s",3.099875,4.847025,3.996144,763
"1985-02-01","f_12_24","80s",3.195548,4.993647,4.105966,763
"1985-03-01","f_12_24","80s",3.210454,4.963125,4.09752,763
"1985-04-01","f_12_24","80s",3.070319,4.797977,3.941537,763
"1985-05-01","f_12_24","80s",3.150839,4.923155,4.047568,763
"1985-06-01","f_12_24","80s",3.2445,4.924515,4.087244,763
"1985-07-01","f_12_24","80s",3.055003,4.698692,3.873894,763
"1985-08-01","f_12_24","80s",3.010806,4.717748,3.870119,763
"1985-09-01","f_12_24","80s",2.95393,4.646024,3.83082,763
"1985-10-01","f_12_24","80s",2.912403,4.610249,3.790885,763
"1985-11-01","f_12_24","80s",3.011655,4.75323,3.917035,763
"1985-12-01","f_12_24","80s",3.064317,4.739964,3.942334,763
"1986-01-01","f_12_24","80s",3.154521,4.872771,4.057437,763
"1986-02-01","f_12_24","80s",2.859628,4.625074,3.822154,763
"1986-03-01","f_12_24","80s",2.656154,4.509371,3.671422,763
"1986-04-01","f_12_24","80s",2.616289,4.639125,3.731657,763
"1986-05-01","f_12_24","80s",2.531071,4.522555,3.632721,763
"1986-06-01","f_12_24","80s",2.538086,4.526821,3.633438,763
"1986-07-01","f_12_24","80s",2.573749,4.585524,3.677833,763
"1986-08-01","f_12_24","80s",2.526944,4.491946,3.61094,763
"1986-09-01","f_12_24","80s",2.598131,4.513504,3.646832,763
"1986-10-01","f_12_24","80s",2.615609,4.642135,3.71714,763
"1986-11-01","f_12_24","80s",2.605995,4.549848,3.665947,763
"1986-12-01","f_12_24","80s",2.539098,4.436829,3.573909,763
"1987-01-01","f_12_24","80s",2.574051,4.510189,3.588247,763
"1987-02-01","f_12_24","80s",2.673485,4.56898,3.623512,763
"1987-03-01","f_12_24","80s",2.86057,4.688218,3.779247,763
"1987-04-01","f_12_24","80s",3.091143,4.85552,3.944298,763
"1987-05-01","f_12_24","80s",3.205149,4.947782,4.03282,763
"1987-06-01","f_12_24","80s",3.131445,4.909308,3.966508,763
"1987-07-01","f_12_24","80s",3.106574,4.909225,3.960809,763
"1987-08-01","f_12_24","80s",3.225052,5.09764,4.092932,763
"1987-09-01","f_12_24","80s",3.216452,5.064165,4.066988,763
"1987-10-01","f_12_24","80s",3.280602,5.022396,4.077807,763
"1987-11-01","f_12_24","80s",3.283472,5.035827,4.076664,763
"1987-12-01","f_12_24","80s",3.202918,4.997741,4.024041,763
"1988-01-01","f_12_24","80s",3.170378,4.928677,4.021072,763
"1988-02-01","f_12_24","80s",3.150161,4.898103,4.009748,763
"1988-03-01","f_12_24","80s",3.147275,4.894809,4.000187,763
"1988-04-01","f_12_24","80s",3.091856,4.773886,3.923408,763
"1988-05-01","f_12_24","80s",3.070768,4.748665,3.901714,763
"1988-06-01","f_12_24","80s",3.194389,4.812666,4.00321,763
"1988-07-01","f_12_24","80s",3.364761,5.01192,4.193445,763
"1988-08-01","f_12_24","80s",3.33868,4.923376,4.152171,763
"1988-09-01","f_12_24","80s",3.473598,5.091888,4.292981,763
"1988-10-01","f_12_24","80s",3.409389,5.088459,4.252864,763
"1988-11-01","f_12_24","80s",3.444788,5.105895,4.286112,763
"1988-12-01","f_12_24","80s",3.548711,5.165509,4.356307,763
"1989-01-01","f_12_24","80s",3.579736,5.234327,4.412681,763
"1989-02-01","f_12_24","80s",3.672626,5.350155,4.487539,763
"1989-03-01","f_12_24","80s",3.670385,5.3127,4.461607,763
"1989-04-01","f_12_24","80s",3.692136,5.309895,4.463574,763
"1989-05-01","f_12_24","80s",3.760962,5.382496,4.540834,763
"1989-06-01","f_12_24","80s",3.652992,5.298437,4.44043,763
"1989-07-01","f_12_24","80s",3.598619,5.169417,4.356947,763
"1989-08-01","f_12_24","80s",3.456186,5.143628,4.294164,763
"1989-09-01","f_12_24","80s",3.321268,5.020433,4.174842,763
"1989-10-01","f_12_24","80s",3.47393,5.137248,4.313103,763
"1989-11-01","f_12_24","80s",3.459257,5.138083,4.303098,763
"1989-12-01","f_12_24","80s",3.483152,5.186813,4.359259,763
"1990-01-01","f_12_24","80s",3.40095,5.108613,4.252194,763
"1990-02-01","f_12_24","80s",3.356695,5.072192,4.238707,763
"1990-03-01","f_12_24","80s",3.49989,5.288325,4.421689,763
"1990-04-01","f_12_24","80s",3.47025,5.223763,4.382834,763
"1990-05-01","f_12_24","80s",3.396787,5.183177,4.323461,763
"1990-06-01","f_12_24","80s",3.525065,5.374868,4.495203,763
"1990-07-01","f_12_24","80s",3.57405,5.439719,4.523655,763
"1990-08-01","f_12_24","80s",3.793318,5.549258,4.664926,763
"1990-09-01","f_12_24","80s",3.770424,5.552461,4.667481,763
"1990-10-01","f_12_24","80s",3.628004,5.434266,4.55345,763
"1990-11-01","f_12_24","80s",3.499409,5.332153,4.452128,763
"1990-12-01","f_12_24","80s",3.479132,5.293449,4.405051,763
"1991-01-01","f_12_24","80s",3.463931,5.302289,4.371478,763
"1991-02-01","f_12_24","80s",3.386629,5.199275,4.257592,763
"1991-03-01","f_12_24","80s",3.076195,4.842443,3.920629,763
"1991-04-01","f_12_24","80s",3.003462,4.763473,3.836438,763
"1991-05-01","f_12_24","80s",3.079386,4.799557,3.89384,763
"1991-06-01","f_12_24","80s",2.865623,4.541203,3.635552,763
"1991-07-01","f_12_24","80s",2.699778,4.413632,3.504855,763
"1991-08-01","f_12_24","80s",2.519202,4.261344,3.323812,763
"1991-09-01","f_12_24","80s",2.498812,4.222708,3.285451,763
"1991-10-01","f_12_24","80s",2.44862,4.1351,3.206091,763
"1991-11-01","f_12_24","80s",2.605517,4.256076,3.325859,763
"1991-12-01","f_12_24","80s",2.61697,4.306364,3.360624,763
"1992-01-01","f_12_24","80s",2.50784,4.121204,3.249343,763
"1992-02-01","f_12_24","80s",2.555465,4.151383,3.290546,763
"1992-03-01","f_12_24","80s",2.678205,4.278758,3.409377,763
"1992-04-01","f_12_24","80s",2.576415,4.213399,3.337941,763
"1992-05-01","f_12_24","80s",2.439855,4.13987,3.221606,763
"1992-06-01","f_12_24","80s",2.406514,4.150974,3.2179,763
"1992-07-01","f_12_24","80s",2.422117,4.135476,3.21124,763
"1992-08-01","f_12_24","80s",2.406509,4.065336,3.163451,763
"1992-09-01","f_12_24","80s",2.264992,3.927583,3.029512,763
"1992-10-01","f_12_24","80s",2.320808,3.982263,3.089839,763
"1992-11-01","f_12_24","80s",2.281315,3.927221,3.057191,763
"1992-12-01","f_12_24","80s",2.201489,3.787148,2.947838,763
"1993-01-01","f_12_24","80s",2.204787,3.771667,2.952938,763
"1993-02-01","f_12_24","80s",2.178722,3.695247,2.92667,763
"1993-03-01","f_12_24","80s",2.083851,3.56935,2.838807,763
"1993-04-01","f_12_24","80s",2.189607,3.624472,2.925902,763
"1993-05-01","f_12_24","80s",2.236657,3.629515,2.965086,763
"1993-06-01","f_12_24","80s",2.222106,3.538225,2.925546,763
"1993-07-01","f_12_24","80s",2.210264,3.468567,2.884865,763
"1993-08-01","f_12_24","80s",2.163202,3.395224,2.840223,763
"1993-09-01","f_12_24","80s",2.18722,3.376957,2.831301,763
"1993-10-01","f_12_24","80s",2.133232,3.290789,2.749184,763
"1993-11-01","f_12_24","80s",2.06617,3.202661,2.669038,763
"1993-12-01","f_12_24","80s",1.942217,3.186597,2.616574,763
"1994-01-01","f_12_24","80s",1.860656,3.158429,2.583857,763
"1994-02-01","f_12_24","80s",1.838459,3.172116,2.583234,763
"1994-03-01","f_12_24","80s",1.895627,3.214969,2.626563,763
"1994-04-01","f_12_24","80s",1.788494,3.116584,2.526183,763
"1994-05-01","f_12_24","80s",1.740126,3.094669,2.49121,763
"1994-06-01","f_12_24","80s",1.777222,3.150075,2.532746,763
"1994-07-01","f_12_24","80s",1.809757,3.199417,2.561016,763
"1994-08-01","f_12_24","80s",1.791045,3.204171,2.554036,763
"1994-09-01","f_12_24","80s",1.773798,3.193975,2.557139,763
"1994-10-01","f_12_24","80s",1.70687,3.146269,2.517415,763
"1994-11-01","f_12_24","80s",1.712241,3.163025,2.537568,763
"1994-12-01","f_12_24","80s",1.713824,3.092115,2.504747,763
"1995-01-01","f_12_24","80s",1.862125,3.205572,2.60286,763
"1995-02-01","f_12_24","80s",1.812557,3.11119,2.519551,763
"1995-03-01","f_12_24","80s",1.753347,3.089585,2.487853,763
"1995-04-01","f_12_24","80s",1.811003,3.125728,2.528731,763
"1995-05-01","f_12_24","80s",1.780584,3.041245,2.471707,763
"1995-06-01","f_12_24","80s",1.733888,2.978548,2.416852,763
"1995-07-01","f_12_24","80s",1.644559,2.895207,2.360517,763
"1995-08-01","f_12_24","80s",1.710091,2.930493,2.409226,763
"1995-09-01","f_12_24","80s",1.69709,2.968743,2.425794,763
"1995-10-01","f_12_24","80s",1.801016,3.073722,2.513232,763
"1995-11-01","f_12_24","80s",1.719909,3.057925,2.475096,763
"1995-12-01","f_12_24","80s",1.796883,3.095758,2.516723,763
"1996-01-01","f_12_24","80s",1.728723,2.983878,2.428942,763
"1996-02-01","f_12_24","80s",1.759073,3.014273,2.440747,763
"1996-03-01","f_12_24","80s",1.782815,2.99175,2.423762,763
"1996-04-01","f_12_24","80s",1.742998,2.968475,2.383939,763
"1996-05-01","f_12_24","80s",1.771718,3.017059,2.423561,763
"1996-06-01","f_12_24","80s",1.756754,3.045941,2.455608,763
"1996-07-01","f_12_24","80s",1.800752,3.09224,2.49867,763
"1996-08-01","f_12_24","80s",1.745607,3.081544,2.490325,763
"1996-09-01","f_12_24","80s",1.855734,3.124367,2.539736,763
"1996-10-01","f_12_24","80s",1.828268,3.08378,2.513945,763
"1996-11-01","f_12_24","80s",1.925691,3.105559,2.556307,763
"1996-12-01","f_12_24","80s",1.894247,3.070549,2.534492,763
"1997-01-01","f_12_24","80s",1.837383,3.046688,2.504574,763
"1997-02-01","f_12_24","80s",1.819986,3.024515,2.502394,763
"1997-03-01","f_12_24","80s",1.776246,2.998566,2.481475,763
"1997-04-01","f_12_24","80s",1.740323,3.004174,2.480863,763
"1997-05-01","f_12_24","80s",1.647423,2.932023,2.407957,763
"1997-06-01","f_12_24","80s",1.63766,2.927231,2.400323,763
"1997-07-01","f_12_24","80s",1.505811,2.893682,2.313528,763
"1997-08-01","f_12_24","80s",1.454989,2.847072,2.249946,763
"1997-09-01","f_12_24","80s",1.43043,2.807341,2.231624,763
"1997-10-01","f_12_24","80s",1.205382,2.683283,2.047493,763
"1997-11-01","f_12_24","80s",1.075534,2.623759,1.967728,763
"1997-12-01","f_12_24","80s",0.979629,2.636583,1.930053,763
"1998-01-01","f_12_24","80s",0.921485,2.60553,1.887072,763
"1998-02-01","f_12_24","80s",0.797933,2.594396,1.847024,763
"1998-03-01","f_12_24","80s",0.781343,2.656979,1.878179,763
"1998-04-01","f_12_24","80s",0.782994,2.645457,1.86653,763
"1998-05-01","f_12_24","80s",0.810795,2.716615,1.923412,763
"1998-06-01","f_12_24","80s",0.787103,2.672778,1.868976,763
"1998-07-01","f_12_24","80s",0.899379,2.686049,1.913012,763
"1998-08-01","f_12_24","80s",0.980369,2.765719,1.99175,763
"1998-09-01","f_12_24","80s",0.827262,2.796336,1.961606,763
"1998-10-01","f_12_24","80s",0.972337,2.866056,2.07349,763
"1998-11-01","f_12_24","80s",0.967513,2.860754,2.090046,763
"1998-12-01","f_12_24","80s",0.976912,2.85077,2.113348,763
"1999-01-01","f_12_24","80s",1.033704,2.864,2.142071,763
"1999-02-01","f_12_24","80s",1.011076,2.813009,2.097952,763
"1999-03-01","f_12_24","80s",0.962438,2.706551,2.014235,763
"1999-04-01","f_12_24","80s",1.041272,2.769548,2.070843,763
"1999-05-01","f_12_24","80s",1.030923,2.699636,2.037827,763
"1999-06-01","f_12_24","80s",1.040204,2.686165,2.045558,763
"1999-07-01","f_12_24","80s",1.086437,2.688397,2.078709,763
"1999-08-01","f_12_24","80s",1.030682,2.625729,2.015563,763
"1999-09-01","f_12_24","80s",1.201838,2.625119,2.054318,763
"1999-10-01","f_12_24","80s",1.19745,2.57618,2.032752,763
"1999-11-01","f_12_24","80s",1.25541,2.627416,2.06332,763
"1999-12-01","f_12_24","80s",1.362262,2.637284,2.080816,763
"2000-01-01","f_12_24","80s",1.470588,2.773557,2.192362,763
"2000-02-01","f_12_24","80s",1.628094,2.859333,2.306041,763
"2000-03-01","f_12_24","80s",1.762447,2.960884,2.40509,763
"2000-04-01","f_12_24","80s",1.594344,2.8754,2.339555,763
"2000-05-01","f_12_24","80s",1.603746,2.917341,2.366578,763
"2000-06-01","f_12_24","80s",1.675523,3.015865,2.425429,763
"2000-07-01","f_12_24","80s",1.710702,3.10623,2.4763,763
"2000-08-01","f_12_24","80s",1.73406,3.118965,2.489223,763
"2000-09-01","f_12_24","80s",1.762354,3.145618,2.538907,763
"2000-10-01","f_12_24","80s",1.72905,3.190907,2.564008,763
"2000-11-01","f_12_24","80s",1.755284,3.186231,2.577132,763
"2000-12-01","f_12_24","80s",1.744231,3.226739,2.619054,763
"2001-01-01","f_12_24","80s",1.785792,3.297871,2.657299,763
"2001-02-01","f_12_24","80s",1.835379,3.36274,2.708525,763
"2001-03-01","f_12_24","80s",1.763524,3.382602,2.695543,763
"2001-04-01","f_12_24","80s",1.896239,3.513359,2.801026,763
"2001-05-01","f_12_24","80s",1.918325,3.537515,2.801883,763
"2001-06-01","f_12_24","80s",1.977907,3.591409,2.880993,763
"2001-07-01","f_12_24","80s",1.907893,3.548003,2.837886,763
"2001-08-01","f_12_24","80s",1.901853,3.678771,2.91949,763
"2001-09-01","f_12_24","80s",1.822023,3.702829,2.875687,763
"2001-10-01","f_12_24","80s",1.831638,3.736843,2.883334,763
"2001-11-01","f_12_24","80s",1.840779,3.74821,2.876815,763
"2001-12-01","f_12_24","80s",1.754488,3.714274,2.806255,763
"2002-01-01","f_12_24","80s",1.547885,3.545555,2.645464,763
"2002-02-01","f_12_24","80s",1.485884,3.524007,2.612605,763
"2002-03-01","f_12_24","80s",1.532937,3.544221,2.641258,763
"2002-04-01","f_12_24","80s",1.539555,3.472961,2.58545,763
"2002-05-01","f_12_24","80s",1.531494,3.413229,2.549029,763
"2002-06-01","f_12_24","80s",1.444859,3.336675,2.461807,763
"2002-07-01","f_12_24","80s",1.487582,3.319079,2.469382,763
"2002-08-01","f_12_24","80s",1.516364,3.193813,2.396757,763
"2002-09-01","f_12_24","80s",1.588054,3.171349,2.428856,763
"2002-10-01","f_12_24","80s",1.615287,3.128,2.430899,763
"2002-11-01","f_12_24","80s",1.607012,3.098207,2.418021,763
"2002-12-01","f_12_24","80s",1.677395,3.125776,2.463828,763
"2003-01-01","f_12_24","80s",1.69273,3.139606,2.481807,763
"2003-02-01","f_12_24","80s",1.675223,3.091409,2.425954,763
"2003-03-01","f_12_24","80s",1.648274,3.040321,2.387714,763
"2003-04-01","f_12_24","80s",1.530161,2.929431,2.265269,763
"2003-05-01","f_12_24","80s",1.528302,2.947439,2.262088,763
"2003-06-01","f_12_24","80s",1.472605,2.865317,2.191326,763
"2003-07-01","f_12_24","80s",1.495203,2.881112,2.210865,763
"2003-08-01","f_12_24","80s",1.525292,2.891133,2.22723,763
"2003-09-01","f_12_24","80s",1.455948,2.822774,2.155799,763
"2003-10-01","f_12_24","80s",1.472644,2.855268,2.180949,763
"2003-11-01","f_12_24","80s",1.432795,2.847168,2.168286,763
"2003-12-01","f_12_24","80s",1.406514,2.806066,2.113571,763
"2004-01-01","f_12_24","80s",1.512176,2.903798,2.181275,763
"2004-02-01","f_12_24","80s",1.582374,2.940268,2.235889,763
"2004-03-01","f_12_24","80s",1.587822,2.905689,2.225107,763
"2004-04-01","f_12_24","80s",1.776935,3.070595,2.425434,763
"2004-05-01","f_12_24","80s",1.847849,3.092984,2.481658,763
"2004-06-01","f_12_24","80s",1.993074,3.190849,2.589418,763
"2004-07-01","f_12_24","80s",1.908066,3.15231,2.54352,763
"2004-08-01","f_12_24","80s",1.829918,3.142651,2.536524,763
"2004-09-01","f_12_24","80s",1.813722,3.120674,2.516041,763
"2004-10-01","f_12_24","80s",1.808458,3.10808,2.493117,763
"2004-11-01","f_12_24","80s",1.842371,3.170404,2.513241,763
"2004-12-01","f_12_24","80s",1.829966,3.162037,2.542958,763
"2005-01-01","f_12_24","80s",1.922332,3.173538,2.606497,763
"2005-02-01","f_12_24","80s",1.92158,3.189041,2.629734,763
"2005-03-01","f_12_24","80s",1.933379,3.210346,2.6251,763
"2005-04-01","f_12_24","80s",1.836569,3.147023,2.52058,763
"2005-05-01","f_12_24","80s",1.800799,3.128277,2.504446,763
"2005-06-01","f_12_24","80s",1.72936,3.077537,2.445583,763
"2005-07-01","f_12_24","80s",1.804515,3.098085,2.486607,763
"2005-08-01","f_12_24","80s",1.822513,3.080348,2.467821,763
"2005-09-01","f_12_24","80s",1.917112,3.207181,2.577012,763
"2005-10-01","f_12_24","80s",1.973084,3.274675,2.635337,763
"2005-11-01","f_12_24","80s",2.035032,3.274995,2.680629,763
"2005-12-01","f_12_24","80s",1.997478,3.260299,2.646661,763
"2006-01-01","f_12_24","80s",1.944949,3.192337,2.610735,763
"2006-02-01","f_12_24","80s",1.856353,3.206414,2.563267,763
"2006-03-01","f_12_24","80s",1.890424,3.264088,2.629177,763
"2006-04-01","f_12_24","80s",1.983846,3.369787,2.727526,763
"2006-05-01","f_12_24","80s",2.102062,3.523111,2.858325,763
"2006-06-01","f_12_24","80s",2.258223,3.681676,3.025304,763
"2006-07-01","f_12_24","80s",2.212591,3.717592,3.037851,763
"2006-08-01","f_12_24","80s",2.313876,3.823379,3.122973,763
"2006-09-01","f_12_24","80s",2.247876,3.78297,3.089935,763
"2006-10-01","f_12_24","80s",2.202962,3.790976,3.070309,763
"2006-11-01","f_12_24","80s",2.050443,3.707588,2.948195,763
"2006-12-01","f_12_24","80s",2.200794,3.811388,3.07098,763
"2007-01-01","f_12_24","80s",2.232158,3.891773,3.101679,763
"2007-02-01","f_12_24","80s",2.371181,3.919981,3.192453,763
"2007-03-01","f_12_24","80s",2.310375,3.845149,3.120142,763
"2007-04-01","f_12_24","80s",2.223878,3.705282,3.012283,763
"2007-05-01","f_12_24","80s",2.074329,3.532012,2.840309,763
"2007-06-01","f_12_24","80s",1.983062,3.418992,2.733188,763
"2007-07-01","f_12_24","80s",1.984254,3.342425,2.670989,763
"2007-08-01","f_12_24","80s",1.890019,3.247159,2.603844,763
"2007-09-01","f_12_24","80s",1.999526,3.324976,2.664045,763
"2007-10-01","f_12_24","80s",2.093728,3.365484,2.714654,763
"2007-11-01","f_12_24","80s",2.313739,3.511213,2.900843,763
"2007-12-01","f_12_24","80s",2.311501,3.506611,2.877162,763
"2008-01-01","f_12_24","80s",2.241929,3.386306,2.798365,763
"2008-02-01","f_12_24","80s",2.154408,3.311804,2.699006,763
"2008-03-01","f_12_24","80s",2.195266,3.348267,2.738804,763
"2008-04-01","f_12_24","80s",2.1737,3.372721,2.771974,763
"2008-05-01","f_12_24","80s",2.165636,3.411678,2.795476,763
"2008-06-01","f_12_24","80s",2.197519,3.510331,2.847406,763
"2008-07-01","f_12_24","80s",2.257344,3.682884,2.944592,763
"2008-08-01","f_12_24","80s",2.221412,3.668933,2.913081,763
"2008-09-01","f_12_24","80s",2.100674,3.548157,2.82165,763
"2008-10-01","f_12_24","80s",1.749284,3.410471,2.680252,763
"2008-11-01","f_12_24","80s",1.441954,3.324202,2.563902,763
"2008-12-01","f_12_24","80s",1.193238,3.170639,2.40058,763
"2009-01-01","f_12_24","80s",1.141524,3.184355,2.417798,763
"2009-02-01","f_12_24","80s",1.112864,3.147394,2.396958,763
"2009-03-01","f_12_24","80s",0.917288,3.063007,2.314368,763
"2009-04-01","f_12_24","80s",0.889119,2.986783,2.238302,763
"2009-05-01","f_12_24","80s",0.86628,2.91712,2.195101,763
"2009-06-01","f_12_24","80s",0.758617,2.766455,2.072497,763
"2009-07-01","f_12_24","80s",0.505828,2.421032,1.798866,763
"2009-08-01","f_12_24","80s",0.512304,2.463407,1.789197,763
"2009-09-01","f_12_24","80s",0.389013,2.385612,1.661393,763
"2009-10-01","f_12_24","80s",0.574431,2.524158,1.740726,763
"2009-11-01","f_12_24","80s",0.670931,2.44748,1.662338,763
"2009-12-01","f_12_24","80s",0.75023,2.422676,1.652034,763
"2010-01-01","f_12_24","80s",0.646824,2.283641,1.485381,763
"2010-02-01","f_12_24","80s",0.526471,2.171377,1.368776,763
"2010-03-01","f_12_24","80s",0.536258,2.143326,1.300558,763
"2010-04-01","f_12_24","80s",0.470229,2.101553,1.244671,763
"2010-05-01","f_12_24","80s",0.412204,2.024189,1.162631,763
"2010-06-01","f_12_24","80s",0.30329,1.927798,1.080674,763
"2010-07-01","f_12_24","80s",0.381872,1.978293,1.128241,763
"2010-08-01","f_12_24","80s",0.398058,1.925104,1.134383,763
"2010-09-01","f_12_24","80s",0.46964,1.905077,1.177963,763
"2010-10-01","f_12_24","80s",0.429142,1.682254,1.021906,763
"2010-11-01","f_12_24","80s",0.465642,1.674387,1.030843,763
"2010-12-01","f_12_24","80s",0.51977,1.711736,1.068352,763
"2011-01-01","f_12_24","80s",0.610099,1.864704,1.17304,763
"2011-02-01","f_12_24","80s",0.757324,2.04467,1.336976,763
"2011-03-01","f_12_24","80s",0.898333,2.175591,1.47491,763
"2011-04-01","f_12_24","80s",1.045921,2.355843,1.611474,763
"2011-05-01","f_12_24","80s",1.167817,2.577797,1.7672,763
"2011-06-01","f_12_24","80s",1.244789,2.634318,1.831172,763
"2011-07-01","f_12_24","80s",1.327669,2.710359,1.922609,763
"2011-08-01","f_12_24","80s",1.422505,2.797559,1.995247,763
"2011-09-01","f_12_24","80s",1.464505,2.866577,2.041988,763
"2011-10-01","f_12_24","80s",1.449766,2.907555,2.121786,763
"2011-11-01","f_12_24","80s",1.502809,2.967678,2.167379,763
"2011-12-01","f_12_24","80s",1.573834,3.038123,2.251506,763
"2012-01-01","f_12_24","80s",1.64621,3.058892,2.297453,763
"2012-02-01","f_12_24","80s",1.619544,3.005937,2.230469,763
"2012-03-01","f_12_24","80s",1.636361,2.924059,2.201048,763
"2012-04-01","f_12_24","80s",1.581637,2.836155,2.151782,763
"2012-05-01","f_12_24","80s",1.511078,2.682866,2.074685,763
"2012-06-01","f_12_24","80s",1.482663,2.661078,2.043822,763
"2012-07-01","f_12_24","80s",1.439952,2.662315,2.029331,763
"2012-08-01","f_12_24","80s",1.372135,2.581894,1.980736,763
"2012-09-01","f_12_24","80s",1.372737,2.550221,1.971647,763
"2012-10-01","f_12_24","80s",1.442527,2.615704,1.968719,763
"2012-11-01","f_12_24","80s",1.356314,2.52615,1.906023,763
"2012-12-01","f_12_24","80s",1.283369,2.462794,1.840608,763
"2013-01-01","f_12_24","80s",1.253618,2.379513,1.801221,763
"2013-02-01","f_12_24","80s",1.267026,2.363908,1.830942,763
"2013-03-01","f_12_24","80s",1.153115,2.312861,1.774817,763
"2013-04-01","f_12_24","80s",0.974791,2.277908,1.671008,763
"2013-05-01","f_12_24","80s",0.947737,2.28874,1.671053,763
"2013-06-01","f_12_24","80s",1.061852,2.370495,1.768147,763
"2013-07-01","f_12_24","80s",1.095023,2.361241,1.781107,763
"2013-08-01","f_12_24","80s",1.052096,2.378138,1.757811,763
"2013-09-01","f_12_24","80s",0.992655,2.377153,1.753472,763
"2013-10-01","f_12_24","80s",1.025544,2.335948,1.782673,763
"2013-11-01","f_12_24","80s",1.115056,2.402831,1.861889,763
"2013-12-01","f_12_24","80s",1.136988,2.43957,1.886202,763
"2014-01-01","f_12_24","80s",1.095782,2.417388,1.863884,763
"2014-02-01","f_12_24","80s",1.011063,2.364643,1.807986,763
"2014-03-01","f_12_24","80s",1.06227,2.397343,1.827483,763
"2014-04-01","f_12_24","80s",1.256707,2.428696,1.939297,763
"2014-05-01","f_12_24","80s",1.338906,2.448245,1.975437,763
"2014-06-01","f_12_24","80s",1.311023,2.421581,1.94749,763
"2014-07-01","f_12_24","80s",1.315126,2.4713,1.964189,763
"2014-08-01","f_12_24","80s",1.258247,2.449206,1.929637,763
"2014-09-01","f_12_24","80s",1.299591,2.462986,1.943225,763
"2014-10-01","f_12_24","80s",1.150163,2.471316,1.906706,763
"2014-11-01","f_12_24","80s",1.080369,2.490785,1.888254,763
"2014-12-01","f_12_24","80s",1.071593,2.47303,1.884559,763
"2015-01-01","f_12_24","80s",0.856389,2.432501,1.785469,763
"2015-02-01","f_12_24","80s",0.927276,2.499391,1.849349,763
"2015-03-01","f_12_24","80s",0.939356,2.48582,1.841348,763
"2015-04-01","f_12_24","80s",0.941488,2.537023,1.883285,763
"2015-05-01","f_12_24","80s",0.895803,2.54368,1.850328,763
"2015-06-01","f_12_24","80s",0.877648,2.561937,1.850632,763
"2015-07-01","f_12_24","80s",0.875419,2.543259,1.842431,763
"2015-08-01","f_12_24","80s",0.890359,2.514626,1.844884,763
"2015-09-01","f_12_24","80s",0.881611,2.544295,1.847716,763
"2015-10-01","f_12_24","80s",0.884263,2.465729,1.789644,763
"2015-11-01","f_12_24","80s",0.876816,2.399998,1.74895,763
"2015-12-01","f_12_24","80s",0.807304,2.364062,1.706881,763
"2016-01-01","f_12_24","80s",0.991617,2.468902,1.821498,763
"2016-02-01","f_12_24","80s",0.991452,2.466783,1.818645,763
"2016-03-01","f_12_24","80s",1.024643,2.522878,1.870234,763
"2016-04-01","f_12_24","80s",1.073264,2.544954,1.88624,763
"2016-05-01","f_12_24","80s",1.14813,2.599381,1.96799,763
"2016-06-01","f_12_24","80s",1.111881,2.576892,1.940443,763
"2016-07-01","f_12_24","80s",1.080312,2.598647,1.951602,763
"2016-08-01","f_12_24","80s",1.130782,2.646623,2.001051,763
"2016-09-01","f_12_24","80s",1.18236,2.655912,2.029798,763
"2016-10-01","f_12_24","80s",1.321686,2.720282,2.117347,763
"2016-11-01","f_12_24","80s",1.287408,2.707122,2.095437,763
"2016-12-01","f_12_24","80s",1.377554,2.754308,2.14271,763
"2017-01-01","f_12_24","80s",1.461776,2.742317,2.183659,763
"2017-02-01","f_12_24","80s",1.441854,2.710612,2.145909,763
"2017-03-01","f_12_24","80s",1.383339,2.661578,2.091556,763
"2017-04-01","f_12_24","80s",1.275797,2.558218,2.003911,763
"2017-05-01","f_12_24","80s",1.198246,2.477899,1.908821,763
"2017-06-01","f_12_24","80s",1.221731,2.533132,1.941488,763
"2017-07-01","f_12_24","80s",1.195547,2.488331,1.890342,763
"2017-08-01","f_12_24","80s",1.199855,2.47525,1.874591,763
"2017-09-01","f_12_24","80s",1.157721,2.461465,1.840133,763
"2017-10-01","f_12_24","80s",1.166911,2.506408,1.85951,763
"2017-11-01","f_12_24","80s",1.182735,2.544452,1.890183,763
"2017-12-01","f_12_24","80s",1.221202,2.588196,1.927757,763
"2018-01-01","f_12_24","80s",1.280526,2.671364,1.97794,763
"2018-02-01","f_12_24","80s",1.320425,2.702344,2.018037,763
"2018-03-01","f_12_24","80s",1.340302,2.707694,2.026019,763
"2018-04-01","f_12_24","80s",1.35858,2.706219,2.022653,763
"2018-05-01","f_12_24","80s",1.394235,2.72736,2.066034,763
"2018-06-01","f_12_24","80s",1.433635,2.707356,2.07679,763
"2018-07-01","f_12_24","80s",1.470808,2.717375,2.109758,763
"2018-08-01","f_12_24","80s",1.466367,2.728179,2.116045,763
"2018-09-01","f_12_24","80s",1.501919,2.727843,2.144095,763
"2018-10-01","f_12_24","80s",1.492056,2.700513,2.137293,763
"2018-11-01","f_12_24","80s",1.557335,2.768261,2.202287,763
"2018-12-01","f_12_24","80s",1.541048,2.779127,2.202385,763
"2019-01-01","f_12_24","80s",1.380893,2.665454,2.099173,763
"2019-02-01","f_12_24","80s",1.394627,2.70288,2.138185,763
"2019-03-01","f_12_24","80s",1.433411,2.752648,2.17621,763
"2019-04-01","f_12_24","80s",1.49109,2.907826,2.306959,763
"2019-05-01","f_12_24","80s",1.420197,2.900476,2.250406,763
"2019-06-01","f_12_24","80s",1.356002,2.884372,2.209192,763
"2019-07-01","f_12_24","80s",1.41234,2.932656,2.251524,763
"2019-08-01","f_12_24","80s",1.423258,2.936737,2.270165,763
"2019-09-01","f_12_24","80s",1.316145,2.897688,2.205492,763
"2019-10-01","f_12_24","80s",1.361825,2.97344,2.235722,763
"2019-11-01","f_12_24","80s",1.352184,2.897755,2.182558,763
"2019-12-01","f_12_24","80s",1.340339,2.912614,2.186095,763
"2020-01-01","f_12_24","80s",1.443515,3.002475,2.265438,763
"2020-02-01","f_12_24","80s",1.437145,2.985538,2.25118,763
"2020-03-01","f_12_24","80s",1.372042,2.933529,2.208067,763
"2020-04-01","f_12_24","80s",1.181531,2.803937,2.090368,763
"2020-05-01","f_12_24","80s",1.262626,2.851455,2.170091,763
"2020-06-01","f_12_24","80s",1.2929,2.898508,2.19308,763
"2020-07-01","f_12_24","80s",1.327898,2.98209,2.228488,763
"2020-08-01","f_12_24","80s",1.37694,3.041853,2.248513,763
"2020-09-01","f_12_24","80s",1.396563,3.046655,2.225646,763
"2020-10-01","f_12_24","80s",1.32295,2.940125,2.17173,763
"2020-11-01","f_12_24","80s",1.253193,2.90904,2.104439,763
"2020-12-01","f_12_24","80s",1.258487,2.907238,2.073287,763
"2021-01-01","f_12_24","80s",1.197926,2.888633,2.003509,763
"2021-02-01","f_12_24","80s",1.257964,2.999303,2.058482,763
"2021-03-01","f_12_24","80s",1.356238,3.122364,2.127212,763
"2021-04-01","f_12_24","80s",1.59504,3.289951,2.221711,763
"2021-05-01","f_12_24","80s",1.651596,3.42098,2.278652,763
"2021-06-01","f_12_24","80s",1.710843,3.529329,2.3655,763
"2021-07-01","f_12_24","80s",1.771904,3.614677,2.439746,763
"2021-08-01","f_12_24","80s",1.824405,3.721389,2.518658,763
"2021-09-01","f_12_24","80s",2.073469,3.951481,2.771165,763
"2021-10-01","f_12_24","80s",2.319109,4.356153,3.069673,763
"2021-11-01","f_12_24","80s",2.560816,4.686184,3.349823,763
"2021-12-01","f_12_24","80s",2.802836,4.960132,3.60969,763
"2022-01-01","f_12_24","80s",3.153369,5.360348,4.025422,763
"2022-02-01","f_12_24","80s",3.318067,5.591274,4.209426,763
"2022-03-01","f_12_24","80s",3.3464,5.74648,4.308562,763
"2022-04-01","f_12_24","80s",3.360933,5.866475,4.399638,763
"2022-05-01","f_12_24","80s",3.539851,6.075819,4.61892,763
"2022-06-01","f_12_24","80s",3.97356,6.489118,5.067317,763
"2022-07-01","f_12_24","80s",4.015883,6.601432,5.154335,763
"2022-08-01","f_12_24","80s",4.199491,6.876917,5.385442,763
"2022-09-01","f_12_24","80s",4.110725,6.926784,5.389168,763
"2022-10-01","f_12_24","80s",4.153087,6.935139,5.405545,763
"2022-11-01","f_12_24","80s",4.047406,6.872312,5.34563,763
"2022-12-01","f_12_24","80s",3.975636,6.782157,5.296038,763
"2023-01-01","f_12_24","80s",3.847929,6.697689,5.154091,763
"2023-02-01","f_12_24","80s",3.758727,6.578873,5.087868,763
"2023-03-01","f_12_24","80s",3.849242,6.530038,5.135284,763
"2023-04-01","f_12_24","80s",3.895163,6.48995,5.171502,763
"2023-05-01","f_12_24","80s",3.763457,6.349135,5.033531,763
"2023-06-01","f_12_24","80s",3.324737,5.896061,4.573962,763
"2023-07-01","f_12_24","80s",3.209411,5.683579,4.431832,763
"2023-08-01","f_12_24","80s",2.97287,5.353862,4.157722,763
"2023-09-01","f_12_24","80s",2.954967,5.250286,4.078559,763
"2023-10-01","f_12_24","80s",2.766877,5.016847,3.881447,763
"2023-11-01","f_12_24","80s",2.71759,4.945198,3.820424,763
"2023-12-01","f_12_24","80s",2.542541,4.755166,3.639013,763
"2024-01-01","f_12_24","80s",2.594995,4.650438,3.662323,763
"2024-02-01","f_12_24","80s",2.47572,4.497812,3.519874,763
"2024-03-01","f_12_24","80s",2.423173,4.423823,3.453565,763
"2024-04-01","f_12_24","80s",2.315409,4.272921,3.322606,763
"2024-05-01","f_12_24","80s",2.151245,4.155057,3.229095,763
"2024-06-01","f_12_24","80s",2.113313,4.102046,3.198176,763
"2024-07-01","f_12_24","80s",2.076506,4.015037,3.125973,763
"2024-08-01","f_12_24","80s",2.071684,3.990107,3.107409,763
"2024-09-01","f_12_24","80s",2.080255,3.953761,3.113313,763
"2024-10-01","f_12_24","80s",2.104031,3.910789,3.11413,763
"2024-11-01","f_12_24","80s",2.122206,3.842164,3.099664,763
"2024-12-01","f_12_24","80s",2.199111,3.917473,3.19789,763
"2025-01-01","f_12_24","80s",1.998933,3.72613,2.968526,763
"2025-02-01","f_12_24","80s",2.060729,3.728449,3.001289,763
"2025-03-01","f_12_24","80s",1.988978,3.702255,2.988532,763
"2025-04-01","f_12_24","80s",2.073705,3.729426,3.037611,763
"2025-05-01","f_12_24","80s",2.169097,3.657,3.012946,763
"2025-06-01","f_12_24","80s",2.320463,3.741009,3.117974,763
"2025-07-01","f_12_24","80s",2.294855,3.766374,3.114993,763
"2025-08-01","f_12_24","80s",2.336378,3.803181,3.171716,763
"2025-09-01","f_12_24","80s",2.265796,3.733713,3.065313,763
"2025-10-01","f_12_24","80s",2.149754,3.624246,2.936057,763
"2025-11-01","f_12_24","80s",2.117264,3.53989,2.862615,763
"2025-12-01","f_12_24","80s",2.111386,3.525342,2.83026,763
"2026-01-01","f_12_24","80s",2.09443,3.557473,2.801907,763
"2026-02-01","f_12_24","80s",2.018938,3.547254,2.739684,763
"2026-03-01","f_12_24","80s",2.071864,3.54191,2.722843,763
"2026-04-01","f_12_24","80s",2.004533,3.551724,2.681514,763
"2026-05-01","f_12_24","80s",2.030475,3.602483,2.719622,763
"2026-06-01","f_12_24","80s",1.885938,3.490337,2.589875,763
"2026-07-01","f_12_24","80s",1.853613,3.490239,2.583161,763
"2026-08-01","f_12_24","80s",1.817782,3.411835,2.509043,763
"1960-01-01","f_12_24","00s",0.256438,2.07143,1.109261,561
"1960-02-01","f_12_24","00s",0.255143,2.080008,1.114047,561
"1960-03-01","f_12_24","00s",0.255546,2.054664,1.09455,561
"1960-04-01","f_12_24","00s",0.150835,2.018619,1.031734,561
"1960-05-01","f_12_24","00s",0.146705,1.976178,0.999427,561
"1960-06-01","f_12_24","00s",0.056937,1.803777,0.829663,561
"1960-07-01","f_12_24","00s",0.114541,1.826903,0.876659,561
"1960-08-01","f_12_24","00s",0.11538,1.792029,0.854563,561
"1960-09-01","f_12_24","00s",0.06525,1.703292,0.755149,561
"1960-10-01","f_12_24","00s",0.064598,1.633577,0.685017,561
"1960-11-01","f_12_24","00s",0.070505,1.710948,0.756514,561
"1960-12-01","f_12_24","00s",0.070316,1.689925,0.731223,561
"1961-01-01","f_12_24","00s",0.082016,1.651592,0.719721,561
"1961-02-01","f_12_24","00s",0.081856,1.591826,0.696343,561
"1961-03-01","f_12_24","00s",0.042402,1.510808,0.670968,561
"1961-04-01","f_12_24","00s",-0.000236,1.377943,0.550365,561
"1961-05-01","f_12_24","00s",0.000172,1.337597,0.528431,561
"1961-06-01","f_12_24","00s",0.005299,1.357564,0.538462,561
"1961-07-01","f_12_24","00s",-0.050794,1.314106,0.470876,561
"1961-08-01","f_12_24","00s",-0.052984,1.230363,0.440732,561
"1961-09-01","f_12_24","00s",-0.052217,1.252662,0.448161,561
"1961-10-01","f_12_24","00s",-0.072206,1.188006,0.42159,561
"1961-11-01","f_12_24","00s",-0.077917,1.099455,0.345807,561
"1961-12-01","f_12_24","00s",-0.090053,1.018688,0.302262,561
"1962-01-01","f_12_24","00s",0.015588,1.232211,0.489562,561
"1962-02-01","f_12_24","00s",0.020887,1.32688,0.552664,561
"1962-03-01","f_12_24","00s",0.084516,1.506733,0.68361,561
"1962-04-01","f_12_24","00s",0.034228,1.428162,0.636443,561
"1962-05-01","f_12_24","00s",0.028769,1.457027,0.658806,561
"1962-06-01","f_12_24","00s",0.029027,1.480105,0.67641,561
"1962-07-01","f_12_24","00s",0.024974,1.404031,0.618831,561
"1962-08-01","f_12_24","00s",0.02802,1.477515,0.661006,561
"1962-09-01","f_12_24","00s",0.027284,1.597426,0.691777,561
"1962-10-01","f_12_24","00s",-0.026084,1.567275,0.671916,561
"1962-11-01","f_12_24","00s",-0.026273,1.563537,0.666607,561
"1962-12-01","f_12_24","00s",-0.070642,1.521093,0.65188,561
"1963-01-01","f_12_24","00s",-0.141113,1.458775,0.59044,561
"1963-02-01","f_12_24","00s",-0.145338,1.386266,0.541443,561
"1963-03-01","f_12_24","00s",-0.176994,1.22166,0.416879,561
"1963-04-01","f_12_24","00s",-0.139711,1.247329,0.430277,561
"1963-05-01","f_12_24","00s",-0.095147,1.350814,0.545358,561
"1963-06-01","f_12_24","00s",-0.095147,1.363425,0.546063,561
"1963-07-01","f_12_24","00s",-0.093223,1.404758,0.564789,561
"1963-08-01","f_12_24","00s",-0.094914,1.401906,0.541913,561
"1963-09-01","f_12_24","00s",-0.095163,1.223643,0.480828,561
"1963-10-01","f_12_24","00s",0.044388,1.414885,0.653782,561
"1963-11-01","f_12_24","00s",0.044388,1.43803,0.660436,561
"1963-12-01","f_12_24","00s",0.100779,1.54346,0.703679,561
"1964-01-01","f_12_24","00s",0.0913,1.519169,0.658575,561
"1964-02-01","f_12_24","00s",0.091744,1.561598,0.686934,561
"1964-03-01","f_12_24","00s",0.056733,1.561814,0.682528,561
"1964-04-01","f_12_24","00s",0.067824,1.577708,0.688653,561
"1964-05-01","f_12_24","00s",0.02382,1.432926,0.548921,561
"1964-06-01","f_12_24","00s",0.017958,1.350834,0.509809,561
"1964-07-01","f_12_24","00s",0.017958,1.296459,0.479771,561
"1964-08-01","f_12_24","00s",0.017309,1.289149,0.491783,561
"1964-09-01","f_12_24","00s",0.016612,1.27375,0.479057,561
"1964-10-01","f_12_24","00s",-0.049594,1.155586,0.344658,561
"1964-11-01","f_12_24","00s",-0.048944,1.173473,0.366537,561
"1964-12-01","f_12_24","00s",-0.049527,1.163181,0.3696,561
"1965-01-01","f_12_24","00s",-0.037102,1.170073,0.388638,561
"1965-02-01","f_12_24","00s",-0.059601,1.094327,0.337728,561
"1965-03-01","f_12_24","00s",-0.018253,1.17109,0.368498,561
"1965-04-01","f_12_24","00s",-0.012153,1.255628,0.449923,561
"1965-05-01","f_12_24","00s",-0.002006,1.336579,0.51039,561
"1965-06-01","f_12_24","00s",0.006931,1.456639,0.589779,561
"1965-07-01","f_12_24","00s",0.006931,1.508522,0.627718,561
"1965-08-01","f_12_24","00s",0.010774,1.541959,0.660357,561
"1965-09-01","f_12_24","00s",0.011795,1.631583,0.733529,561
"1965-10-01","f_12_24","00s",0.012239,1.689713,0.783198,561
"1965-11-01","f_12_24","00s",0.078755,1.749595,0.871283,561
"1965-12-01","f_12_24","00s",0.155854,1.904605,1.018982,561
"1966-01-01","f_12_24","00s",0.193728,1.946428,1.076625,561
"1966-02-01","f_12_24","00s",0.349442,2.141861,1.264645,561
"1966-03-01","f_12_24","00s",0.352172,2.22322,1.324233,561
"1966-04-01","f_12_24","00s",0.576306,2.441119,1.52317,561
"1966-05-01","f_12_24","00s",0.574283,2.477598,1.537456,561
"1966-06-01","f_12_24","00s",0.62653,2.545909,1.597821,561
"1966-07-01","f_12_24","00s",0.712732,2.663876,1.72755,561
"1966-08-01","f_12_24","00s",0.735293,2.703365,1.779751,561
"1966-09-01","f_12_24","00s",0.983175,2.903444,2.003369,561
"1966-10-01","f_12_24","00s",1.247821,3.105,2.245149,561
"1966-11-01","f_12_24","00s",1.236415,3.112195,2.238164,561
"1966-12-01","f_12_24","00s",1.212785,3.067109,2.204948,561
"1967-01-01","f_12_24","00s",1.21513,3.100436,2.209181,561
"1967-02-01","f_12_24","00s",1.232234,3.120673,2.22993,561
"1967-03-01","f_12_24","00s",1.231492,3.051878,2.189959,561
"1967-04-01","f_12_24","00s",1.057205,2.87415,2.037867,561
"1967-05-01","f_12_24","00s",1.115914,2.887872,2.083184,561
"1967-06-01","f_12_24","00s",1.254008,2.948411,2.185447,561
"1967-07-01","f_12_24","00s",1.327196,2.995554,2.243706,561
"1967-08-01","f_12_24","00s",1.412613,3.060654,2.310784,561
"1967-09-01","f_12_24","00s",1.476558,3.053945,2.339203,561
"1967-10-01","f_12_24","00s",1.45949,3.035366,2.318452,561
"1967-11-01","f_12_24","00s",1.56012,3.13331,2.427115,561
"1967-12-01","f_12_24","00s",1.653425,3.199046,2.502767,561
"1968-01-01","f_12_24","00s",1.898241,3.326852,2.684118,561
"1968-02-01","f_12_24","00s",2.011609,3.428815,2.792809,561
"1968-03-01","f_12_24","00s",2.133177,3.615598,2.96759,561
"1968-04-01","f_12_24","00s",2.336685,3.763421,3.131238,561
"1968-05-01","f_12_24","00s",2.602798,3.963803,3.363748,561
"1968-06-01","f_12_24","00s",2.651815,4.039234,3.432812,561
"1968-07-01","f_12_24","00s",2.67964,4.025162,3.433599,561
"1968-08-01","f_12_24","00s",2.880609,4.203736,3.618128,561
"1968-09-01","f_12_24","00s",2.894346,4.25272,3.643905,561
"1968-10-01","f_12_24","00s",2.994032,4.340703,3.728363,561
"1968-11-01","f_12_24","00s",3.120653,4.441906,3.832923,561
"1968-12-01","f_12_24","00s",3.252138,4.53021,3.926799,561
"1969-01-01","f_12_24","00s",3.234407,4.538097,3.925816,561
"1969-02-01","f_12_24","00s",3.13348,4.419947,3.818888,561
"1969-03-01","f_12_24","00s",3.353398,4.549571,3.977604,561
"1969-04-01","f_12_24","00s",3.406787,4.633207,4.04983,561
"1969-05-01","f_12_24","00s",3.359153,4.650346,4.028365,561
"1969-06-01","f_12_24","00s",3.431552,4.673977,4.066446,561
"1969-07-01","f_12_24","00s",3.633767,4.902567,4.278768,561
"1969-08-01","f_12_24","00s",3.510529,4.803242,4.171345,561
"1969-09-01","f_12_24","00s",3.525605,4.847744,4.193335,561
"1969-10-01","f_12_24","00s",3.487763,4.835041,4.177252,561
"1969-11-01","f_12_24","00s",3.552667,4.850688,4.209001,561
"1969-12-01","f_12_24","00s",3.60417,4.90887,4.26562,561
"1970-01-01","f_12_24","00s",3.601981,4.89496,4.2536,561
"1970-02-01","f_12_24","00s",3.762051,5.033302,4.391809,561
"1970-03-01","f_12_24","00s",3.740845,5.020658,4.38347,561
"1970-04-01","f_12_24","00s",3.755744,5.040247,4.390999,561
"1970-05-01","f_12_24","00s",3.69539,4.977034,4.338666,561
"1970-06-01","f_12_24","00s",3.638666,4.935408,4.295039,561
"1970-07-01","f_12_24","00s",3.575318,4.82766,4.205141,561
"1970-08-01","f_12_24","00s",3.668964,4.855315,4.25134,561
"1970-09-01","f_12_24","00s",3.656296,4.8516,4.251917,561
"1970-10-01","f_12_24","00s",3.697665,4.959381,4.306977,561
"1970-11-01","f_12_24","00s",3.680489,4.951336,4.288853,561
"1970-12-01","f_12_24","00s",3.797058,5.062253,4.404357,561
"1971-01-01","f_12_24","00s",3.761305,5.04362,4.380177,561
"1971-02-01","f_12_24","00s",3.607474,4.919021,4.254475,561
"1971-03-01","f_12_24","00s",3.468862,4.793339,4.122968,561
"1971-04-01","f_12_24","00s",3.402886,4.705126,4.055457,561
"1971-05-01","f_12_24","00s",3.501699,4.78386,4.142603,561
"1971-06-01","f_12_24","00s",3.569051,4.851817,4.203089,561
"1971-07-01","f_12_24","00s",3.479691,4.781291,4.124697,561
"1971-08-01","f_12_24","00s",3.473058,4.775277,4.130955,561
"1971-09-01","f_12_24","00s",3.368471,4.626352,4.01137,561
"1971-10-01","f_12_24","00s",3.025077,4.260833,3.685189,561
"1971-11-01","f_12_24","00s",2.830128,4.075226,3.50295,561
"1971-12-01","f_12_24","00s",2.61817,3.834109,3.276378,561
"1972-01-01","f_12_24","00s",2.606735,3.79767,3.241055,561
"1972-02-01","f_12_24","00s",2.652019,3.798536,3.260256,561
"1972-03-01","f_12_24","00s",2.684228,3.775325,3.265217,561
"1972-04-01","f_12_24","00s",2.463475,3.589817,3.068017,561
"1972-05-01","f_12_24","00s",2.260366,3.366325,2.858233,561
"1972-06-01","f_12_24","00s",2.02597,3.15761,2.641575,561
"1972-07-01","f_12_24","00s",2.020537,3.159946,2.628662,561
"1972-08-01","f_12_24","00s",1.935226,3.114945,2.558687,561
"1972-09-01","f_12_24","00s",1.982006,3.169082,2.595728,561
"1972-10-01","f_12_24","00s",2.098205,3.258539,2.687793,561
"1972-11-01","f_12_24","00s",2.196421,3.364251,2.792749,561
"1972-12-01","f_12_24","00s",2.217336,3.400859,2.815836,561
"1973-01-01","f_12_24","00s",2.114312,3.379285,2.768693,561
"1973-02-01","f_12_24","00s",2.193395,3.511476,2.861883,561
"1973-03-01","f_12_24","00s",2.294128,3.722963,3.001369,561
"1973-04-01","f_12_24","00s",2.71148,4.156656,3.420281,561
"1973-05-01","f_12_24","00s",2.887846,4.433244,3.63693,561
"1973-06-01","f_12_24","00s",3.048081,4.662825,3.831781,561
"1973-07-01","f_12_24","00s",2.974181,4.60503,3.785004,561
"1973-08-01","f_12_24","00s",3.12242,4.850752,3.963777,561
"1973-09-01","f_12_24","00s",3.120745,4.958519,3.994189,561
"1973-10-01","f_12_24","00s",3.306863,5.303261,4.219302,561
"1973-11-01","f_12_24","00s",3.413986,5.588023,4.369921,561
"1973-12-01","f_12_24","00s",3.62194,5.868733,4.611031,561
"1974-01-01","f_12_24","00s",3.859291,6.201381,4.891908,561
"1974-02-01","f_12_24","00s",4.064771,6.676612,5.195025,561
"1974-03-01","f_12_24","00s",4.342438,7.081448,5.532624,561
"1974-04-01","f_12_24","00s",4.402664,7.231313,5.623732,561
"1974-05-01","f_12_24","00s",4.863703,7.757854,6.131959,561
"1974-06-01","f_12_24","00s",5.249645,8.257929,6.562663,561
"1974-07-01","f_12_24","00s",5.609813,8.826731,7.022294,561
"1974-08-01","f_12_24","00s",6.041349,9.344866,7.536292,561
"1974-09-01","f_12_24","00s",6.45272,9.844302,8.022704,561
"1974-10-01","f_12_24","00s",6.78566,10.107078,8.375907,561
"1974-11-01","f_12_24","00s",7.013818,10.195713,8.572118,561
"1974-12-01","f_12_24","00s",7.13488,10.329321,8.702442,561
"1975-01-01","f_12_24","00s",7.32607,10.459803,8.861308,561
"1975-02-01","f_12_24","00s",7.320245,10.189175,8.773609,561
"1975-03-01","f_12_24","00s",7.010425,9.677983,8.370158,561
"1975-04-01","f_12_24","00s",6.864683,9.472886,8.182882,561
"1975-05-01","f_12_24","00s",6.361237,8.869008,7.620449,561
"1975-06-01","f_12_24","00s",6.04777,8.424821,7.254162,561
"1975-07-01","f_12_24","00s",6.002731,8.189636,7.123022,561
"1975-08-01","f_12_24","00s",5.547799,7.598324,6.589267,561
"1975-09-01","f_12_24","00s",5.373899,7.267175,6.339916,561
"1975-10-01","f_12_24","00s",5.318145,7.148806,6.248116,561
"1975-11-01","f_12_24","00s",5.187911,7.022592,6.119052,561
"1975-12-01","f_12_24","00s",5.043299,6.83268,5.965138,561
"1976-01-01","f_12_24","00s",4.833104,6.547218,5.721212,561
"1976-02-01","f_12_24","00s",4.652884,6.435861,5.57208,561
"1976-03-01","f_12_24","00s",4.607888,6.42665,5.562751,561
"1976-04-01","f_12_24","00s",4.499105,6.221917,5.42023,561
"1976-05-01","f_12_24","00s",4.695184,6.372798,5.593096,561
"1976-06-01","f_12_24","00s",4.760516,6.367166,5.616898,561
"1976-07-01","f_12_24","00s",4.684139,6.275928,5.513065,561
"1976-08-01","f_12_24","00s",4.812695,6.408417,5.630115,561
"1976-09-01","f_12_24","00s",4.759203,6.334991,5.569782,561
"1976-10-01","f_12_24","00s",4.587962,6.198173,5.420558,561
"1976-11-01","f_12_24","00s",4.577565,6.155803,5.408094,561
"1976-12-01","f_12_24","00s",4.523155,6.102325,5.341164,561
"1977-01-01","f_12_24","00s",4.705795,6.312587,5.51631,561
"1977-02-01","f_12_24","00s",4.94561,6.552283,5.761075,561
"1977-03-01","f_12_24","00s",5.219465,6.829497,6.029811,561
"1977-04-01","f_12_24","00s",5.257634,6.981686,6.148683,561
"1977-05-01","f_12_24","00s",5.265124,6.968669,6.14221,561
"1977-06-01","f_12_24","00s",5.342107,7.066015,6.235181,561
"1977-07-01","f_12_24","00s",5.400685,7.086404,6.277136,561
"1977-08-01","f_12_24","00s",5.381907,7.04406,6.262438,561
"1977-09-01","f_12_24","00s",5.306614,7.008312,6.197443,561
"1977-10-01","f_12_24","00s",5.24682,6.899136,6.099721,561
"1977-11-01","f_12_24","00s",5.346546,7.039253,6.207332,561
"1977-12-01","f_12_24","00s",5.402662,7.099237,6.260684,561
"1978-01-01","f_12_24","00s",5.221244,6.906274,6.093971,561
"1978-02-01","f_12_24","00s",5.070378,6.720859,5.911582,561
"1978-03-01","f_12_24","00s",5.019437,6.656045,5.845989,561
"1978-04-01","f_12_24","00s",5.224306,6.802324,5.995763,561
"1978-05-01","f_12_24","00s",5.399591,6.98486,6.180414,561
"1978-06-01","f_12_24","00s",5.395195,6.99374,6.170939,561
"1978-07-01","f_12_24","00s",5.426233,7.094114,6.240118,561
"1978-08-01","f_12_24","00s",5.481192,7.183184,6.294134,561
"1978-09-01","f_12_24","00s",5.671753,7.363127,6.483978,561
"1978-10-01","f_12_24","00s",6.007116,7.692208,6.805904,561
"1978-11-01","f_12_24","00s",6.116761,7.750869,6.893306,561
"1978-12-01","f_12_24","00s",6.139083,7.780196,6.931026,561
"1979-01-01","f_12_24","00s",6.437586,8.097598,7.2243,561
"1979-02-01","f_12_24","00s",6.582621,8.289237,7.424606,561
"1979-03-01","f_12_24","00s",6.615342,8.343608,7.476709,561
"1979-04-01","f_12_24","00s",6.572964,8.335919,7.458814,561
"1979-05-01","f_12_24","00s",6.646604,8.513279,7.586732,561
"1979-06-01","f_12_24","00s",6.737227,8.567166,7.670938,561
"1979-07-01","f_12_24","00s",6.882595,8.658812,7.784822,561
"1979-08-01","f_12_24","00s",7.074542,8.846974,7.988423,561
"1979-09-01","f_12_24","00s",7.083321,8.960658,8.070644,561
"1979-10-01","f_12_24","00s",7.127999,9.150996,8.200981,561
"1979-11-01","f_12_24","00s",7.038858,9.153001,8.162878,561
"1979-12-01","f_12_24","00s",7.151662,9.36576,8.312863,561
"1980-01-01","f_12_24","00s",7.255969,9.531271,8.45688,561
"1980-02-01","f_12_24","00s",7.392853,9.859226,8.652746,561
"1980-03-01","f_12_24","00s",7.654191,10.092149,8.890084,561
"1980-04-01","f_12_24","00s",7.598927,10.082178,8.878653,561
"1980-05-01","f_12_24","00s",7.583387,10.012533,8.828,561
"1980-06-01","f_12_24","00s",7.690571,10.228597,8.984321,561
"1980-07-01","f_12_24","00s",7.559395,10.16453,8.879354,561
"1980-08-01","f_12_24","00s",7.576284,10.135182,8.845777,561
"1980-09-01","f_12_24","00s",7.755333,10.228739,8.959283,561
"1980-10-01","f_12_24","00s",7.713552,10.060619,8.851498,561
"1980-11-01","f_12_24","00s",7.811615,10.120232,8.938127,561
"1980-12-01","f_12_24","00s",7.836472,10.07016,8.945877,561
"1981-01-01","f_12_24","00s",7.817723,10.004126,8.869228,561
"1981-02-01","f_12_24","00s",7.885162,9.831099,8.811874,561
"1981-03-01","f_12_24","00s",7.671314,9.655665,8.62288,561
"1981-04-01","f_12_24","00s",7.778667,9.669532,8.689444,561
"1981-05-01","f_12_24","00s",7.538723,9.502447,8.488654,561
"1981-06-01","f_12_24","00s",7.334208,9.199833,8.240583,561
"1981-07-01","f_12_24","00s",7.349305,9.218912,8.262445,561
"1981-08-01","f_12_24","00s",7.18139,9.166285,8.15411,561
"1981-09-01","f_12_24","00s",6.921004,8.942455,7.937565,561
"1981-10-01","f_12_24","00s",6.682873,8.708505,7.702972,561
"1981-11-01","f_12_24","00s",6.499724,8.484338,7.492872,561
"1981-12-01","f_12_24","00s",6.219846,8.210418,7.205379,561
"1982-01-01","f_12_24","00s",5.885945,7.866325,6.890906,561
"1982-02-01","f_12_24","00s",5.479795,7.42733,6.470357,561
"1982-03-01","f_12_24","00s",5.308475,7.218546,6.28897,561
"1982-04-01","f_12_24","00s",5.016319,6.909701,5.950395,561
"1982-05-01","f_12_24","00s",5.008245,6.792367,5.876453,561
"1982-06-01","f_12_24","00s",4.930237,6.744975,5.807727,561
"1982-07-01","f_12_24","00s",4.947704,6.781976,5.852067,561
"1982-08-01","f_12_24","00s",4.734626,6.457984,5.599921,561
"1982-09-01","f_12_24","00s",4.426933,6.180391,5.263708,561
"1982-10-01","f_12_24","00s",4.343952,6.176219,5.225846,561
"1982-11-01","f_12_24","00s",4.062923,5.938364,4.966099,561
"1982-12-01","f_12_24","00s",3.910263,5.782708,4.81934,561
"1983-01-01","f_12_24","00s",3.91842,5.749572,4.8181,561
"1983-02-01","f_12_24","00s",3.858294,5.662996,4.756847,561
"1983-03-01","f_12_24","00s",3.612184,5.421996,4.515812,561
"1983-04-01","f_12_24","00s",3.736675,5.603939,4.680719,561
"1983-05-01","f_12_24","00s",3.512034,5.369149,4.44221,561
"1983-06-01","f_12_24","00s",3.377003,5.161899,4.274086,561
"1983-07-01","f_12_24","00s",3.138614,4.873034,3.992741,561
"1983-08-01","f_12_24","00s",3.058177,4.803368,3.90306,561
"1983-09-01","f_12_24","00s",3.150829,4.812862,3.986437,561
"1983-10-01","f_12_24","00s",2.96601,4.547107,3.752146,561
"1983-11-01","f_12_24","00s",3.087428,4.618452,3.843132,561
"1983-12-01","f_12_24","00s",3.084861,4.574696,3.816987,561
"1984-01-01","f_12_24","00s",3.024167,4.514709,3.754879,561
"1984-02-01","f_12_24","00s",3.076376,4.549507,3.805659,561
"1984-03-01","f_12_24","00s",3.257461,4.718145,3.971688,561
"1984-04-01","f_12_24","00s",3.213912,4.630021,3.912162,561
"1984-05-01","f_12_24","00s",3.137564,4.555373,3.854941,561
"1984-06-01","f_12_24","00s",3.150301,4.621992,3.893187,561
"1984-07-01","f_12_24","00s",3.196099,4.688586,3.964401,561
"1984-08-01","f_12_24","00s",3.283145,4.697597,4.018344,561
"1984-09-01","f_12_24","00s",3.2664,4.712276,3.991683,561
"1984-10-01","f_12_24","00s",3.347707,4.743798,4.04999,561
"1984-11-01","f_12_24","00s",3.187538,4.611537,3.895963,561
"1984-12-01","f_12_24","00s",3.29262,4.785993,4.012677,561
"1985-01-01","f_12_24","00s",3.202892,4.657859,3.898405,561
"1985-02-01","f_12_24","00s",3.27304,4.782177,3.9979,561
"1985-03-01","f_12_24","00s",3.269885,4.776401,3.988563,561
"1985-04-01","f_12_24","00s",3.144947,4.615301,3.838977,561
"1985-05-01","f_12_24","00s",3.222038,4.732822,3.937978,561
"1985-06-01","f_12_24","00s",3.285409,4.750724,3.979356,561
"1985-07-01","f_12_24","00s",3.098331,4.532519,3.768656,561
"1985-08-01","f_12_24","00s",3.070272,4.552353,3.762422,561
"1985-09-01","f_12_24","00s",3.046219,4.473606,3.731053,561
"1985-10-01","f_12_24","00s",3.006763,4.43325,3.689407,561
"1985-11-01","f_12_24","00s",3.095426,4.584324,3.811682,561
"1985-12-01","f_12_24","00s",3.143548,4.559058,3.840498,561
"1986-01-01","f_12_24","00s",3.243098,4.677309,3.95506,561
"1986-02-01","f_12_24","00s",3.02721,4.444666,3.732752,561
"1986-03-01","f_12_24","00s",2.817809,4.315749,3.572937,561
"1986-04-01","f_12_24","00s",2.845618,4.414615,3.629817,561
"1986-05-01","f_12_24","00s",2.777249,4.307588,3.538933,561
"1986-06-01","f_12_24","00s",2.761456,4.312583,3.537449,561
"1986-07-01","f_12_24","00s",2.805713,4.373619,3.582252,561
"1986-08-01","f_12_24","00s",2.739291,4.282254,3.514654,561
"1986-09-01","f_12_24","00s",2.773521,4.312729,3.544553,561
"1986-10-01","f_12_24","00s",2.815816,4.44322,3.612221,561
"1986-11-01","f_12_24","00s",2.807114,4.338948,3.567144,561
"1986-12-01","f_12_24","00s",2.724607,4.24692,3.475404,561
"1987-01-01","f_12_24","00s",2.748247,4.291528,3.488361,561
"1987-02-01","f_12_24","00s",2.780074,4.312019,3.513306,561
"1987-03-01","f_12_24","00s",2.985385,4.433722,3.680721,561
"1987-04-01","f_12_24","00s",3.123752,4.624045,3.840931,561
"1987-05-01","f_12_24","00s",3.225591,4.716747,3.928488,561
"1987-06-01","f_12_24","00s",3.145724,4.6698,3.857378,561
"1987-07-01","f_12_24","00s",3.105616,4.637113,3.844049,561
"1987-08-01","f_12_24","00s",3.195203,4.786985,3.96901,561
"1987-09-01","f_12_24","00s",3.193227,4.761731,3.947027,561
"1987-10-01","f_12_24","00s",3.230157,4.722614,3.959419,561
"1987-11-01","f_12_24","00s",3.234175,4.741814,3.95718,561
"1987-12-01","f_12_24","00s",3.163818,4.690521,3.90458,561
"1988-01-01","f_12_24","00s",3.148495,4.666319,3.905118,561
"1988-02-01","f_12_24","00s",3.13844,4.660604,3.896477,561
"1988-03-01","f_12_24","00s",3.123328,4.662144,3.881981,561
"1988-04-01","f_12_24","00s",3.075099,4.545208,3.805652,561
"1988-05-01","f_12_24","00s",3.060974,4.520682,3.786218,561
"1988-06-01","f_12_24","00s",3.197223,4.588567,3.894762,561
"1988-07-01","f_12_24","00s",3.377076,4.812436,4.083792,561
"1988-08-01","f_12_24","00s",3.388672,4.756029,4.051529,561
"1988-09-01","f_12_24","00s",3.523352,4.919128,4.191013,561
"1988-10-01","f_12_24","00s",3.456436,4.909448,4.145792,561
"1988-11-01","f_12_24","00s",3.491466,4.93293,4.181376,561
"1988-12-01","f_12_24","00s",3.589339,4.99829,4.252732,561
"1989-01-01","f_12_24","00s",3.59411,5.069214,4.298483,561
"1989-02-01","f_12_24","00s",3.672206,5.185263,4.369657,561
"1989-03-01","f_12_24","00s",3.677589,5.155259,4.349856,561
"1989-04-01","f_12_24","00s",3.702648,5.154685,4.355728,561
"1989-05-01","f_12_24","00s",3.766942,5.222228,4.428071,561
"1989-06-01","f_12_24","00s",3.656872,5.136106,4.325604,561
"1989-07-01","f_12_24","00s",3.628179,5.013187,4.253666,561
"1989-08-01","f_12_24","00s",3.522094,4.965032,4.189718,561
"1989-09-01","f_12_24","00s",3.387619,4.832487,4.06921,561
"1989-10-01","f_12_24","00s",3.546739,4.929488,4.212094,561
"1989-11-01","f_12_24","00s",3.533245,4.921203,4.200881,561
"1989-12-01","f_12_24","00s",3.578299,4.962332,4.258478,561
"1990-01-01","f_12_24","00s",3.497566,4.864275,4.152871,561
"1990-02-01","f_12_24","00s",3.441669,4.818998,4.132183,561
"1990-03-01","f_12_24","00s",3.579383,5.025088,4.312331,561
"1990-04-01","f_12_24","00s",3.556445,4.962815,4.278865,561
"1990-05-01","f_12_24","00s",3.478005,4.925468,4.219679,561
"1990-06-01","f_12_24","00s",3.586568,5.127639,4.382871,561
"1990-07-01","f_12_24","00s",3.605083,5.154663,4.40534,561
"1990-08-01","f_12_24","00s",3.751694,5.281647,4.53989,561
"1990-09-01","f_12_24","00s",3.720884,5.294739,4.535556,561
"1990-10-01","f_12_24","00s",3.567682,5.195237,4.416256,561
"1990-11-01","f_12_24","00s",3.43641,5.09445,4.309477,561
"1990-12-01","f_12_24","00s",3.398107,5.06782,4.262985,561
"1991-01-01","f_12_24","00s",3.389639,5.057373,4.2333,561
"1991-02-01","f_12_24","00s",3.323128,4.976151,4.128747,561
"1991-03-01","f_12_24","00s",3.023498,4.628981,3.795431,561
"1991-04-01","f_12_24","00s",2.943231,4.549303,3.710704,561
"1991-05-01","f_12_24","00s",3.021299,4.587353,3.77079,561
"1991-06-01","f_12_24","00s",2.813777,4.327059,3.519508,561
"1991-07-01","f_12_24","00s",2.644969,4.231144,3.384546,561
"1991-08-01","f_12_24","00s",2.472687,4.084321,3.20479,561
"1991-09-01","f_12_24","00s",2.456775,4.0456,3.170947,561
"1991-10-01","f_12_24","00s",2.413292,3.944329,3.097685,561
"1991-11-01","f_12_24","00s",2.572829,4.070868,3.225708,561
"1991-12-01","f_12_24","00s",2.581819,4.094178,3.256337,561
"1992-01-01","f_12_24","00s",2.482104,3.942603,3.149523,561
"1992-02-01","f_12_24","00s",2.530572,3.971254,3.191854,561
"1992-03-01","f_12_24","00s",2.644321,4.090927,3.305893,561
"1992-04-01","f_12_24","00s",2.546795,4.025283,3.230339,561
"1992-05-01","f_12_24","00s",2.411819,3.947955,3.110852,561
"1992-06-01","f_12_24","00s",2.381273,3.953934,3.101846,561
"1992-07-01","f_12_24","00s",2.405707,3.941259,3.099118,561
"1992-08-01","f_12_24","00s",2.387396,3.873053,3.056699,561
"1992-09-01","f_12_24","00s",2.239933,3.73627,2.919228,561
"1992-10-01","f_12_24","00s",2.298091,3.807678,2.979278,561
"1992-11-01","f_12_24","00s",2.2631,3.761093,2.945072,561
"1992-12-01","f_12_24","00s",2.18311,3.647539,2.838111,561
"1993-01-01","f_12_24","00s",2.186708,3.629962,2.842849,561
"1993-02-01","f_12_24","00s",2.185098,3.559306,2.822295,561
"1993-03-01","f_12_24","00s",2.106394,3.434441,2.740065,561
"1993-04-01","f_12_24","00s",2.224786,3.491588,2.832417,561
"1993-05-01","f_12_24","00s",2.296637,3.496211,2.878283,561
"1993-06-01","f_12_24","00s",2.304589,3.41272,2.849113,561
"1993-07-01","f_12_24","00s",2.288902,3.347404,2.813131,561
"1993-08-01","f_12_24","00s",2.242317,3.275003,2.767217,561
"1993-09-01","f_12_24","00s",2.295575,3.258413,2.770473,561
"1993-10-01","f_12_24","00s",2.241188,3.171866,2.691438,561
"1993-11-01","f_12_24","00s",2.185325,3.078261,2.615499,561
"1993-12-01","f_12_24","00s",2.107134,3.058904,2.565335,561
"1994-01-01","f_12_24","00s",2.05494,3.036748,2.539243,561
"1994-02-01","f_12_24","00s",2.035607,3.041664,2.53752,561
"1994-03-01","f_12_24","00s",2.085489,3.092315,2.580733,561
"1994-04-01","f_12_24","00s",1.973909,2.990546,2.481303,561
"1994-05-01","f_12_24","00s",1.922861,2.975866,2.443273,561
"1994-06-01","f_12_24","00s",1.93952,3.0289,2.478863,561
"1994-07-01","f_12_24","00s",1.974038,3.074064,2.507077,561
"1994-08-01","f_12_24","00s",1.97417,3.067951,2.501973,561
"1994-09-01","f_12_24","00s",1.963181,3.053126,2.50434,561
"1994-10-01","f_12_24","00s",1.907123,3.003195,2.464242,561
"1994-11-01","f_12_24","00s",1.911248,3.021382,2.483656,561
"1994-12-01","f_12_24","00s",1.90405,2.950868,2.452534,561
"1995-01-01","f_12_24","00s",2.023185,3.05821,2.543267,561
"1995-02-01","f_12_24","00s",1.950885,2.965396,2.458025,561
"1995-03-01","f_12_24","00s",1.910062,2.949104,2.427914,561
"1995-04-01","f_12_24","00s",1.968008,2.986345,2.46732,561
"1995-05-01","f_12_24","00s",1.912378,2.901032,2.41019,561
"1995-06-01","f_12_24","00s",1.881576,2.833231,2.36034,561
"1995-07-01","f_12_24","00s",1.812914,2.754099,2.308757,561
"1995-08-01","f_12_24","00s",1.858968,2.796388,2.356409,561
"1995-09-01","f_12_24","00s",1.855953,2.828453,2.371621,561
"1995-10-01","f_12_24","00s",1.942865,2.919067,2.456586,561
"1995-11-01","f_12_24","00s",1.894331,2.889212,2.419065,561
"1995-12-01","f_12_24","00s",1.931472,2.923365,2.455905,561
"1996-01-01","f_12_24","00s",1.871837,2.814273,2.372697,561
"1996-02-01","f_12_24","00s",1.898371,2.841365,2.385046,561
"1996-03-01","f_12_24","00s",1.892433,2.801565,2.364043,561
"1996-04-01","f_12_24","00s",1.848083,2.778359,2.324715,561
"1996-05-01","f_12_24","00s",1.894761,2.822753,2.36439,561
"1996-06-01","f_12_24","00s",1.919781,2.859976,2.401055,561
"1996-07-01","f_12_24","00s",1.953303,2.906349,2.44167,561
"1996-08-01","f_12_24","00s",1.945912,2.897824,2.438425,561
"1996-09-01","f_12_24","00s",2.019233,2.950007,2.486606,561
"1996-10-01","f_12_24","00s",1.996954,2.926148,2.4625,561
"1996-11-01","f_12_24","00s",2.065411,2.964193,2.50468,561
"1996-12-01","f_12_24","00s",2.055537,2.938164,2.488056,561
"1997-01-01","f_12_24","00s",1.989594,2.925712,2.457842,561
"1997-02-01","f_12_24","00s",1.967699,2.910313,2.453885,561
"1997-03-01","f_12_24","00s",1.947074,2.896966,2.434936,561
"1997-04-01","f_12_24","00s",1.934326,2.887203,2.433239,561
"1997-05-01","f_12_24","00s",1.854557,2.811477,2.362454,561
"1997-06-01","f_12_24","00s",1.833049,2.807711,2.354129,561
"1997-07-01","f_12_24","00s",1.719995,2.759775,2.265187,561
"1997-08-01","f_12_24","00s",1.654141,2.706234,2.198041,561
"1997-09-01","f_12_24","00s",1.63436,2.666018,2.181833,561
"1997-10-01","f_12_24","00s",1.427864,2.50322,1.995861,561
"1997-11-01","f_12_24","00s",1.310836,2.435292,1.916589,561
"1997-12-01","f_12_24","00s",1.227169,2.427961,1.877957,561
"1998-01-01","f_12_24","00s",1.193677,2.376691,1.832664,561
"1998-02-01","f_12_24","00s",1.127391,2.367925,1.797761,561
"1998-03-01","f_12_24","00s",1.127967,2.424526,1.82963,561
"1998-04-01","f_12_24","00s",1.118298,2.426282,1.817758,561
"1998-05-01","f_12_24","00s",1.141932,2.496026,1.877077,561
"1998-06-01","f_12_24","00s",1.099208,2.444463,1.817851,561
"1998-07-01","f_12_24","00s",1.180866,2.448042,1.860032,561
"1998-08-01","f_12_24","00s",1.243086,2.543018,1.937444,561
"1998-09-01","f_12_24","00s",1.145452,2.560042,1.908425,561
"1998-10-01","f_12_24","00s",1.268506,2.654055,2.021282,561
"1998-11-01","f_12_24","00s",1.302332,2.661191,2.040801,561
"1998-12-01","f_12_24","00s",1.329424,2.670008,2.069402,561
"1999-01-01","f_12_24","00s",1.363877,2.695734,2.098705,561
"1999-02-01","f_12_24","00s",1.318806,2.642638,2.053488,561
"1999-03-01","f_12_24","00s",1.260224,2.530646,1.970465,561
"1999-04-01","f_12_24","00s",1.321662,2.590616,2.025665,561
"1999-05-01","f_12_24","00s",1.328807,2.537717,1.993507,561
"1999-06-01","f_12_24","00s",1.356703,2.531361,2.004073,561
"1999-07-01","f_12_24","00s",1.411693,2.553019,2.042021,561
"1999-08-01","f_12_24","00s",1.366824,2.488836,1.979572,561
"1999-09-01","f_12_24","00s",1.481012,2.487006,2.016037,561
"1999-10-01","f_12_24","00s",1.495114,2.458062,1.998877,561
"1999-11-01","f_12_24","00s",1.511992,2.504235,2.025568,561
"1999-12-01","f_12_24","00s",1.568223,2.511397,2.035196,561
"2000-01-01","f_12_24","00s",1.659411,2.621112,2.142367,561
"2000-02-01","f_12_24","00s",1.798677,2.708695,2.256182,561
"2000-03-01","f_12_24","00s",1.903144,2.81955,2.35339,561
"2000-04-01","f_12_24","00s",1.792134,2.747275,2.297488,561
"2000-05-01","f_12_24","00s",1.812287,2.769504,2.32442,561
"2000-06-01","f_12_24","00s",1.843264,2.840068,2.377231,561
"2000-07-01","f_12_24","00s",1.874915,2.921515,2.423515,561
"2000-08-01","f_12_24","00s",1.883084,2.916688,2.436046,561
"2000-09-01","f_12_24","00s",1.918926,2.958807,2.487242,561
"2000-10-01","f_12_24","00s",1.904759,2.993652,2.512511,561
"2000-11-01","f_12_24","00s",1.930494,2.994515,2.526605,561
"2000-12-01","f_12_24","00s",1.96536,3.041999,2.573372,561
"2001-01-01","f_12_24","00s",2.01713,3.109736,2.613342,561
"2001-02-01","f_12_24","00s",2.070582,3.181759,2.661648,561
"2001-03-01","f_12_24","00s",2.02067,3.181988,2.646083,561
"2001-04-01","f_12_24","00s",2.146276,3.287872,2.748276,561
"2001-05-01","f_12_24","00s",2.134265,3.311694,2.741984,561
"2001-06-01","f_12_24","00s",2.214404,3.387892,2.827231,561
"2001-07-01","f_12_24","00s",2.155105,3.365393,2.783737,561
"2001-08-01","f_12_24","00s",2.189465,3.509065,2.8659,561
"2001-09-01","f_12_24","00s",2.118965,3.497944,2.816181,561
"2001-10-01","f_12_24","00s",2.117714,3.516263,2.818094,561
"2001-11-01","f_12_24","00s",2.110536,3.509324,2.807575,561
"2001-12-01","f_12_24","00s",2.024905,3.456849,2.731874,561
"2002-01-01","f_12_24","00s",1.855088,3.283872,2.571869,561
"2002-02-01","f_12_24","00s",1.799752,3.259041,2.54059,561
"2002-03-01","f_12_24","00s",1.843628,3.29,2.570134,561
"2002-04-01","f_12_24","00s",1.792838,3.228154,2.505465,561
"2002-05-01","f_12_24","00s",1.773753,3.173884,2.471364,561
"2002-06-01","f_12_24","00s",1.692159,3.091296,2.381667,561
"2002-07-01","f_12_24","00s",1.728831,3.058551,2.391993,561
"2002-08-01","f_12_24","00s",1.71503,2.933196,2.320267,561
"2002-09-01","f_12_24","00s",1.765817,2.946101,2.354696,561
"2002-10-01","f_12_24","00s",1.792566,2.929869,2.361583,561
"2002-11-01","f_12_24","00s",1.779699,2.917611,2.348758,561
"2002-12-01","f_12_24","00s",1.816433,2.953183,2.396401,561
"2003-01-01","f_12_24","00s",1.811574,2.981328,2.413024,561
"2003-02-01","f_12_24","00s",1.766674,2.919065,2.352776,561
"2003-03-01","f_12_24","00s",1.740116,2.867185,2.31538,561
"2003-04-01","f_12_24","00s",1.627446,2.76816,2.195487,561
"2003-05-01","f_12_24","00s",1.622342,2.787318,2.191361,561
"2003-06-01","f_12_24","00s",1.533716,2.709178,2.114835,561
"2003-07-01","f_12_24","00s",1.55555,2.735983,2.136213,561
"2003-08-01","f_12_24","00s",1.584336,2.734805,2.153457,561
"2003-09-01","f_12_24","00s",1.512773,2.661593,2.080922,561
"2003-10-01","f_12_24","00s",1.518521,2.695516,2.104379,561
"2003-11-01","f_12_24","00s",1.498235,2.683219,2.096653,561
"2003-12-01","f_12_24","00s",1.454877,2.637404,2.036251,561
"2004-01-01","f_12_24","00s",1.540165,2.743703,2.101052,561
"2004-02-01","f_12_24","00s",1.615503,2.793729,2.159078,561
"2004-03-01","f_12_24","00s",1.608661,2.768923,2.150044,561
"2004-04-01","f_12_24","00s",1.822437,2.936839,2.354851,561
"2004-05-01","f_12_24","00s",1.89117,2.96645,2.413069,561
"2004-06-01","f_12_24","00s",2.040866,3.068871,2.527099,561
"2004-07-01","f_12_24","00s",1.980829,3.022319,2.481344,561
"2004-08-01","f_12_24","00s",1.923524,3.029984,2.478275,561
"2004-09-01","f_12_24","00s",1.920531,3.002217,2.46015,561
"2004-10-01","f_12_24","00s",1.904718,2.976081,2.433519,561
"2004-11-01","f_12_24","00s",1.914665,3.018661,2.443985,561
"2004-12-01","f_12_24","00s",1.962338,3.024803,2.484212,561
"2005-01-01","f_12_24","00s",2.054403,3.040716,2.553743,561
"2005-02-01","f_12_24","00s",2.058582,3.051331,2.578208,561
"2005-03-01","f_12_24","00s",2.067605,3.065139,2.572653,561
"2005-04-01","f_12_24","00s",1.948732,2.974364,2.462,561
"2005-05-01","f_12_24","00s",1.934529,2.950588,2.448789,561
"2005-06-01","f_12_24","00s",1.85931,2.899846,2.388336,561
"2005-07-01","f_12_24","00s",1.916422,2.926085,2.429859,561
"2005-08-01","f_12_24","00s",1.927887,2.900137,2.407842,561
"2005-09-01","f_12_24","00s",2.007947,3.035113,2.513307,561
"2005-10-01","f_12_24","00s",2.062248,3.109627,2.571442,561
"2005-11-01","f_12_24","00s",2.133597,3.121542,2.623312,561
"2005-12-01","f_12_24","00s",2.086249,3.095532,2.586942,561
"2006-01-01","f_12_24","00s",2.039535,3.03222,2.55096,561
"2006-02-01","f_12_24","00s",1.977384,3.01398,2.499308,561
"2006-03-01","f_12_24","00s",2.030529,3.068702,2.564709,561
"2006-04-01","f_12_24","00s",2.127588,3.172361,2.662627,561
"2006-05-01","f_12_24","00s",2.244487,3.32215,2.78975,561
"2006-06-01","f_12_24","00s",2.420851,3.480752,2.958274,561
"2006-07-01","f_12_24","00s",2.399098,3.509576,2.972415,561
"2006-08-01","f_12_24","00s",2.478733,3.595124,3.053182,561
"2006-09-01","f_12_24","00s",2.45198,3.547066,3.025454,561
"2006-10-01","f_12_24","00s",2.429636,3.537716,3.00624,561
"2006-11-01","f_12_24","00s",2.286021,3.464324,2.881192,561
"2006-12-01","f_12_24","00s",2.418896,3.585553,3.004424,561
"2007-01-01","f_12_24","00s",2.446727,3.651717,3.033331,561
"2007-02-01","f_12_24","00s",2.56884,3.715801,3.129615,561
"2007-03-01","f_12_24","00s",2.49075,3.65446,3.054568,561
"2007-04-01","f_12_24","00s",2.406708,3.535644,2.951389,561
"2007-05-01","f_12_24","00s",2.235145,3.36805,2.778356,561
"2007-06-01","f_12_24","00s",2.126809,3.256834,2.669722,561
"2007-07-01","f_12_24","00s",2.089905,3.189209,2.605099,561
"2007-08-01","f_12_24","00s",2.035842,3.114935,2.542088,561
"2007-09-01","f_12_24","00s",2.110075,3.188612,2.599106,561
"2007-10-01","f_12_24","00s",2.183758,3.233786,2.649768,561
"2007-11-01","f_12_24","00s",2.389885,3.375298,2.839547,561
"2007-12-01","f_12_24","00s",2.364926,3.349713,2.809425,561
"2008-01-01","f_12_24","00s",2.295456,3.243182,2.731068,561
"2008-02-01","f_12_24","00s",2.19087,3.155135,2.627236,561
"2008-03-01","f_12_24","00s",2.240124,3.173492,2.670752,561
"2008-04-01","f_12_24","00s",2.242919,3.199255,2.707146,561
"2008-05-01","f_12_24","00s",2.235048,3.231212,2.726366,561
"2008-06-01","f_12_24","00s",2.264009,3.317496,2.774073,561
"2008-07-01","f_12_24","00s",2.321682,3.455578,2.862342,561
"2008-08-01","f_12_24","00s",2.282678,3.441103,2.832141,561
"2008-09-01","f_12_24","00s",2.173868,3.329885,2.742662,561
"2008-10-01","f_12_24","00s",1.972525,3.205713,2.612988,561
"2008-11-01","f_12_24","00s",1.797832,3.125906,2.504483,561
"2008-12-01","f_12_24","00s",1.61938,2.985196,2.349794,561
"2009-01-01","f_12_24","00s",1.622327,3.002993,2.373612,561
"2009-02-01","f_12_24","00s",1.606939,2.966949,2.354439,561
"2009-03-01","f_12_24","00s",1.480817,2.892181,2.279573,561
"2009-04-01","f_12_24","00s",1.433626,2.822543,2.202567,561
"2009-05-01","f_12_24","00s",1.430772,2.762651,2.167192,561
"2009-06-01","f_12_24","00s",1.321964,2.617856,2.046592,561
"2009-07-01","f_12_24","00s",1.093243,2.307435,1.78373,561
"2009-08-01","f_12_24","00s",1.066784,2.345993,1.765787,561
"2009-09-01","f_12_24","00s",0.926785,2.259986,1.629298,561
"2009-10-01","f_12_24","00s",0.95314,2.3745,1.679444,561
"2009-11-01","f_12_24","00s",0.907936,2.291417,1.584522,561
"2009-12-01","f_12_24","00s",0.909615,2.265789,1.566791,561
"2010-01-01","f_12_24","00s",0.74496,2.103289,1.390994,561
"2010-02-01","f_12_24","00s",0.612193,2.000186,1.272556,561
"2010-03-01","f_12_24","00s",0.533594,1.934845,1.188397,561
"2010-04-01","f_12_24","00s",0.45257,1.88368,1.126195,561
"2010-05-01","f_12_24","00s",0.384058,1.800117,1.044636,561
"2010-06-01","f_12_24","00s",0.30951,1.712194,0.968989,561
"2010-07-01","f_12_24","00s",0.367476,1.75613,1.015351,561
"2010-08-01","f_12_24","00s",0.376298,1.701903,1.023429,561
"2010-09-01","f_12_24","00s",0.459752,1.696424,1.076735,561
"2010-10-01","f_12_24","00s",0.43026,1.467823,0.940988,561
"2010-11-01","f_12_24","00s",0.47106,1.456621,0.956733,561
"2010-12-01","f_12_24","00s",0.534916,1.49215,0.997959,561
"2011-01-01","f_12_24","00s",0.631579,1.626677,1.100908,561
"2011-02-01","f_12_24","00s",0.780595,1.802077,1.261796,561
"2011-03-01","f_12_24","00s",0.923659,1.939486,1.399771,561
"2011-04-01","f_12_24","00s",1.071765,2.090142,1.535674,561
"2011-05-01","f_12_24","00s",1.183912,2.297308,1.681026,561
"2011-06-01","f_12_24","00s",1.247704,2.352576,1.743905,561
"2011-07-01","f_12_24","00s",1.327988,2.426929,1.83334,561
"2011-08-01","f_12_24","00s",1.432311,2.510669,1.908889,561
"2011-09-01","f_12_24","00s",1.467305,2.571929,1.952943,561
"2011-10-01","f_12_24","00s",1.514525,2.648603,2.039715,561
"2011-11-01","f_12_24","00s",1.569045,2.697702,2.085495,561
"2011-12-01","f_12_24","00s",1.647083,2.773112,2.170731,561
"2012-01-01","f_12_24","00s",1.719558,2.807472,2.219751,561
"2012-02-01","f_12_24","00s",1.691505,2.740163,2.15679,561
"2012-03-01","f_12_24","00s",1.717848,2.691856,2.13683,561
"2012-04-01","f_12_24","00s",1.659696,2.648131,2.088828,561
"2012-05-01","f_12_24","00s",1.621764,2.516407,2.022237,561
"2012-06-01","f_12_24","00s",1.590763,2.488066,1.990881,561
"2012-07-01","f_12_24","00s",1.562274,2.491753,1.977719,561
"2012-08-01","f_12_24","00s",1.507876,2.430158,1.931666,561
"2012-09-01","f_12_24","00s",1.504225,2.406094,1.923499,561
"2012-10-01","f_12_24","00s",1.510387,2.434679,1.907621,561
"2012-11-01","f_12_24","00s",1.437884,2.352255,1.847187,561
"2012-12-01","f_12_24","00s",1.353568,2.294792,1.777739,561
"2013-01-01","f_12_24","00s",1.322877,2.236574,1.742788,561
"2013-02-01","f_12_24","00s",1.350813,2.23814,1.7752,561
"2013-03-01","f_12_24","00s",1.270791,2.195055,1.72307,561
"2013-04-01","f_12_24","00s",1.116441,2.124957,1.618096,561
"2013-05-01","f_12_24","00s",1.081756,2.141322,1.620021,561
"2013-06-01","f_12_24","00s",1.19426,2.225521,1.718467,561
"2013-07-01","f_12_24","00s",1.228749,2.221504,1.733924,561
"2013-08-01","f_12_24","00s",1.164599,2.204896,1.703311,561
"2013-09-01","f_12_24","00s",1.144578,2.207279,1.704336,561
"2013-10-01","f_12_24","00s",1.187688,2.200048,1.740095,561
"2013-11-01","f_12_24","00s",1.275004,2.27509,1.818574,561
"2013-12-01","f_12_24","00s",1.303316,2.294197,1.843606,561
"2014-01-01","f_12_24","00s",1.273054,2.262058,1.818967,561
"2014-02-01","f_12_24","00s",1.205686,2.208028,1.764336,561
"2014-03-01","f_12_24","00s",1.240079,2.229619,1.778454,561
"2014-04-01","f_12_24","00s",1.416963,2.288355,1.892528,561
"2014-05-01","f_12_24","00s",1.48932,2.298043,1.926748,561
"2014-06-01","f_12_24","00s",1.457674,2.281225,1.896814,561
"2014-07-01","f_12_24","00s",1.455105,2.318104,1.907913,561
"2014-08-01","f_12_24","00s",1.441534,2.30568,1.877711,561
"2014-09-01","f_12_24","00s",1.46902,2.319839,1.888841,561
"2014-10-01","f_12_24","00s",1.346288,2.33587,1.858106,561
"2014-11-01","f_12_24","00s",1.289734,2.361797,1.838514,561
"2014-12-01","f_12_24","00s",1.291949,2.352716,1.83686,561
"2015-01-01","f_12_24","00s",1.127819,2.329117,1.737765,561
"2015-02-01","f_12_24","00s",1.204864,2.390971,1.800873,561
"2015-03-01","f_12_24","00s",1.196877,2.377935,1.792236,561
"2015-04-01","f_12_24","00s",1.233194,2.426288,1.837586,561
"2015-05-01","f_12_24","00s",1.174134,2.433127,1.799859,561
"2015-06-01","f_12_24","00s",1.143175,2.442307,1.7967,561
"2015-07-01","f_12_24","00s",1.129587,2.436615,1.789019,561
"2015-08-01","f_12_24","00s",1.149802,2.412636,1.793626,561
"2015-09-01","f_12_24","00s",1.140885,2.415144,1.792715,561
"2015-10-01","f_12_24","00s",1.150445,2.322161,1.729413,561
"2015-11-01","f_12_24","00s",1.13349,2.244397,1.690624,561
"2015-12-01","f_12_24","00s",1.089607,2.207218,1.65046,561
"2016-01-01","f_12_24","00s",1.233175,2.304007,1.762542,561
"2016-02-01","f_12_24","00s",1.216516,2.30132,1.759036,561
"2016-03-01","f_12_24","00s",1.262008,2.368221,1.812325,561
"2016-04-01","f_12_24","00s",1.280205,2.373496,1.82288,561
"2016-05-01","f_12_24","00s",1.37242,2.423042,1.907167,561
"2016-06-01","f_12_24","00s",1.356811,2.396249,1.881998,561
"2016-07-01","f_12_24","00s",1.361229,2.408111,1.895216,561
"2016-08-01","f_12_24","00s",1.396227,2.462589,1.945205,561
"2016-09-01","f_12_24","00s",1.426144,2.494441,1.973717,561
"2016-10-01","f_12_24","00s",1.536075,2.564284,2.06151,561
"2016-11-01","f_12_24","00s",1.510858,2.556287,2.041321,561
"2016-12-01","f_12_24","00s",1.556394,2.597992,2.084286,561
"2017-01-01","f_12_24","00s",1.622405,2.580474,2.127719,561
"2017-02-01","f_12_24","00s",1.577241,2.556297,2.085093,561
"2017-03-01","f_12_24","00s",1.531768,2.49654,2.030317,561
"2017-04-01","f_12_24","00s",1.447431,2.398305,1.948805,561
"2017-05-01","f_12_24","00s",1.344947,2.304902,1.851045,561
"2017-06-01","f_12_24","00s",1.370776,2.349716,1.88252,561
"2017-07-01","f_12_24","00s",1.319116,2.28557,1.827832,561
"2017-08-01","f_12_24","00s",1.290911,2.271838,1.807669,561
"2017-09-01","f_12_24","00s",1.263586,2.236516,1.774185,561
"2017-10-01","f_12_24","00s",1.256284,2.27173,1.787022,561
"2017-11-01","f_12_24","00s",1.281445,2.295844,1.815249,561
"2017-12-01","f_12_24","00s",1.31603,2.338114,1.850926,561
"2018-01-01","f_12_24","00s",1.369822,2.402304,1.899192,561
"2018-02-01","f_12_24","00s",1.424378,2.431945,1.943105,561
"2018-03-01","f_12_24","00s",1.426098,2.434215,1.949534,561
"2018-04-01","f_12_24","00s",1.420576,2.443954,1.942344,561
"2018-05-01","f_12_24","00s",1.480208,2.477992,1.989291,561
"2018-06-01","f_12_24","00s",1.509644,2.469577,2.001459,561
"2018-07-01","f_12_24","00s",1.566729,2.497889,2.038753,561
"2018-08-01","f_12_24","00s",1.577545,2.49861,2.045764,561
"2018-09-01","f_12_24","00s",1.60807,2.516876,2.076575,561
"2018-10-01","f_12_24","00s",1.616002,2.50377,2.074875,561
"2018-11-01","f_12_24","00s",1.688199,2.565683,2.139275,561
"2018-12-01","f_12_24","00s",1.690937,2.586967,2.140836,561
"2019-01-01","f_12_24","00s",1.569138,2.488531,2.041332,561
"2019-02-01","f_12_24","00s",1.594274,2.528698,2.082608,561
"2019-03-01","f_12_24","00s",1.615179,2.56771,2.11775,561
"2019-04-01","f_12_24","00s",1.707476,2.73036,2.251863,561
"2019-05-01","f_12_24","00s",1.606977,2.717848,2.188228,561
"2019-06-01","f_12_24","00s",1.539868,2.691744,2.14497,561
"2019-07-01","f_12_24","00s",1.581382,2.738963,2.185432,561
"2019-08-01","f_12_24","00s",1.615117,2.757568,2.208535,561
"2019-09-01","f_12_24","00s",1.532577,2.720101,2.142399,561
"2019-10-01","f_12_24","00s",1.563814,2.786642,2.172658,561
"2019-11-01","f_12_24","00s",1.520427,2.725017,2.119874,561
"2019-12-01","f_12_24","00s",1.502338,2.742044,2.120718,561
"2020-01-01","f_12_24","00s",1.589942,2.852124,2.197756,561
"2020-02-01","f_12_24","00s",1.577177,2.83865,2.185575,561
"2020-03-01","f_12_24","00s",1.536407,2.796545,2.147209,561
"2020-04-01","f_12_24","00s",1.432658,2.664154,2.031421,561
"2020-05-01","f_12_24","00s",1.529303,2.720738,2.11587,561
"2020-06-01","f_12_24","00s",1.55264,2.761682,2.135346,561
"2020-07-01","f_12_24","00s",1.574836,2.813138,2.168578,561
"2020-08-01","f_12_24","00s",1.58968,2.86403,2.183468,561
"2020-09-01","f_12_24","00s",1.589982,2.859439,2.159511,561
"2020-10-01","f_12_24","00s",1.534002,2.757772,2.108914,561
"2020-11-01","f_12_24","00s",1.455811,2.721714,2.038177,561
"2020-12-01","f_12_24","00s",1.449289,2.682972,2.008535,561
"2021-01-01","f_12_24","00s",1.366338,2.6271,1.933015,561
"2021-02-01","f_12_24","00s",1.413658,2.725473,1.979989,561
"2021-03-01","f_12_24","00s",1.498059,2.816999,2.04312,561
"2021-04-01","f_12_24","00s",1.610772,2.93779,2.128476,561
"2021-05-01","f_12_24","00s",1.660497,3.04474,2.177276,561
"2021-06-01","f_12_24","00s",1.704852,3.137428,2.256096,561
"2021-07-01","f_12_24","00s",1.765845,3.238342,2.326407,561
"2021-08-01","f_12_24","00s",1.815945,3.331772,2.399698,561
"2021-09-01","f_12_24","00s",2.049013,3.556453,2.648699,561
"2021-10-01","f_12_24","00s",2.272712,3.932341,2.9304,561
"2021-11-01","f_12_24","00s",2.501831,4.235435,3.199517,561
"2021-12-01","f_12_24","00s",2.743773,4.5098,3.457233,561
"2022-01-01","f_12_24","00s",3.092854,4.928808,3.865171,561
"2022-02-01","f_12_24","00s",3.251912,5.126758,4.042526,561
"2022-03-01","f_12_24","00s",3.275597,5.280888,4.12891,561
"2022-04-01","f_12_24","00s",3.291403,5.4544,4.211062,561
"2022-05-01","f_12_24","00s",3.462878,5.646237,4.425541,561
"2022-06-01","f_12_24","00s",3.919308,6.070668,4.881536,561
"2022-07-01","f_12_24","00s",3.958074,6.154743,4.963296,561
"2022-08-01","f_12_24","00s",4.127847,6.384202,5.188694,561
"2022-09-01","f_12_24","00s",4.031767,6.418036,5.180435,561
"2022-10-01","f_12_24","00s",4.069676,6.402914,5.20043,561
"2022-11-01","f_12_24","00s",3.965398,6.328336,5.138718,561
"2022-12-01","f_12_24","00s",3.894757,6.265694,5.087454,561
"2023-01-01","f_12_24","00s",3.757952,6.158952,4.945591,561
"2023-02-01","f_12_24","00s",3.666331,6.071199,4.87964,561
"2023-03-01","f_12_24","00s",3.768637,6.055054,4.941461,561
"2023-04-01","f_12_24","00s",3.858101,5.983265,4.989384,561
"2023-05-01","f_12_24","00s",3.745335,5.833887,4.860928,561
"2023-06-01","f_12_24","00s",3.287168,5.378051,4.399413,561
"2023-07-01","f_12_24","00s",3.199247,5.214595,4.267812,561
"2023-08-01","f_12_24","00s",2.974432,4.928076,4.00156,561
"2023-09-01","f_12_24","00s",2.953637,4.846565,3.928621,561
"2023-10-01","f_12_24","00s",2.767128,4.618937,3.734122,561
"2023-11-01","f_12_24","00s",2.750419,4.593514,3.681412,561
"2023-12-01","f_12_24","00s",2.572674,4.408692,3.501254,561
"2024-01-01","f_12_24","00s",2.667112,4.343715,3.539921,561
"2024-02-01","f_12_24","00s",2.549454,4.180586,3.39918,561
"2024-03-01","f_12_24","00s",2.49229,4.100312,3.331954,561
"2024-04-01","f_12_24","00s",2.360858,3.964632,3.204175,561
"2024-05-01","f_12_24","00s",2.260269,3.888647,3.117039,561
"2024-06-01","f_12_24","00s",2.27238,3.843075,3.095308,561
"2024-07-01","f_12_24","00s",2.212126,3.758145,3.023786,561
"2024-08-01","f_12_24","00s",2.205273,3.733621,3.005807,561
"2024-09-01","f_12_24","00s",2.244803,3.706393,3.023017,561
"2024-10-01","f_12_24","00s",2.27146,3.69992,3.027469,561
"2024-11-01","f_12_24","00s",2.28841,3.628077,3.021484,561
"2024-12-01","f_12_24","00s",2.40093,3.710082,3.128641,561
"2025-01-01","f_12_24","00s",2.170077,3.492607,2.891407,561
"2025-02-01","f_12_24","00s",2.23438,3.508612,2.92901,561
"2025-03-01","f_12_24","00s",2.232265,3.495309,2.923034,561
"2025-04-01","f_12_24","00s",2.310521,3.533549,2.970243,561
"2025-05-01","f_12_24","00s",2.347424,3.466754,2.943846,561
"2025-06-01","f_12_24","00s",2.467475,3.570763,3.048292,561
"2025-07-01","f_12_24","00s",2.439214,3.582852,3.041634,561
"2025-08-01","f_12_24","00s",2.507049,3.630585,3.102819,561
"2025-09-01","f_12_24","00s",2.414208,3.548733,2.990934,561
"2025-10-01","f_12_24","00s",2.299947,3.438551,2.862349,561
"2025-11-01","f_12_24","00s",2.246012,3.35834,2.785961,561
"2025-12-01","f_12_24","00s",2.210811,3.331806,2.742982,561
"2026-01-01","f_12_24","00s",2.193835,3.342802,2.715967,561
"2026-02-01","f_12_24","00s",2.123409,3.309791,2.651178,561
"2026-03-01","f_12_24","00s",2.107457,3.296424,2.630209,561
"2026-04-01","f_12_24","00s",2.023395,3.277061,2.581905,561
"2026-05-01","f_12_24","00s",2.050758,3.325103,2.618942,561
"2026-06-01","f_12_24","00s",1.898833,3.21004,2.483629,561
"2026-07-01","f_12_24","00s",1.900382,3.211044,2.480648,561
"2026-08-01","f_12_24","00s",1.847628,3.134592,2.406192,561
"1960-01-01","b_2_39","long",1.547074,1.939956,1.73835,26
"1960-02-01","b_2_39","long",1.552044,1.934235,1.737882,26
"1960-03-01","b_2_39","long",1.521612,1.912719,1.713035,26
"1960-04-01","b_2_39","long",1.51677,1.905938,1.706287,26
"1960-05-01","b_2_39","long",1.485144,1.867884,1.671768,26
"1960-06-01","b_2_39","long",1.312343,1.697453,1.498171,26
"1960-07-01","b_2_39","long",1.339273,1.720459,1.522439,26
"1960-08-01","b_2_39","long",1.310951,1.699155,1.495212,26
"1960-09-01","b_2_39","long",1.19029,1.574157,1.374901,26
"1960-10-01","b_2_39","long",1.120246,1.495387,1.303579,26
"1960-11-01","b_2_39","long",1.179908,1.563859,1.365145,26
"1960-12-01","b_2_39","long",1.145712,1.529478,1.332133,26
"1961-01-01","b_2_39","long",1.181988,1.558047,1.358231,26
"1961-02-01","b_2_39","long",1.133979,1.503438,1.306895,26
"1961-03-01","b_2_39","long",1.050139,1.418188,1.222726,26
"1961-04-01","b_2_39","long",0.886204,1.252978,1.066065,26
"1961-05-01","b_2_39","long",0.850457,1.220618,1.031105,26
"1961-06-01","b_2_39","long",0.878194,1.235326,1.054551,26
"1961-07-01","b_2_39","long",0.827969,1.185981,1.004955,26
"1961-08-01","b_2_39","long",0.752789,1.089493,0.917167,26
"1961-09-01","b_2_39","long",0.80234,1.137829,0.965506,26
"1961-10-01","b_2_39","long",0.728388,1.061161,0.890543,26
"1961-11-01","b_2_39","long",0.635858,0.966053,0.802041,26
"1961-12-01","b_2_39","long",0.553072,0.881498,0.717978,26
"1962-01-01","b_2_39","long",0.731881,1.051596,0.895819,26
"1962-02-01","b_2_39","long",0.827975,1.151571,0.994585,26
"1962-03-01","b_2_39","long",1.004636,1.32154,1.165585,26
"1962-04-01","b_2_39","long",0.962976,1.282887,1.117932,26
"1962-05-01","b_2_39","long",0.97908,1.298171,1.133981,26
"1962-06-01","b_2_39","long",1.003314,1.323754,1.159011,26
"1962-07-01","b_2_39","long",0.90215,1.233147,1.068559,26
"1962-08-01","b_2_39","long",0.961919,1.293453,1.130308,26
"1962-09-01","b_2_39","long",1.026394,1.489562,1.253884,26
"1962-10-01","b_2_39","long",0.947934,1.438136,1.194276,26
"1962-11-01","b_2_39","long",0.960671,1.443359,1.201372,26
"1962-12-01","b_2_39","long",0.891658,1.381136,1.136232,26
"1963-01-01","b_2_39","long",0.838507,1.329738,1.083414,26
"1963-02-01","b_2_39","long",0.773107,1.250869,1.012616,26
"1963-03-01","b_2_39","long",0.615526,1.110179,0.870209,26
"1963-04-01","b_2_39","long",0.649228,1.121126,0.897473,26
"1963-05-01","b_2_39","long",0.764341,1.240427,1.014132,26
"1963-06-01","b_2_39","long",0.781407,1.268573,1.034157,26
"1963-07-01","b_2_39","long",0.852585,1.333286,1.095908,26
"1963-08-01","b_2_39","long",0.855557,1.361375,1.114108,26
"1963-09-01","b_2_39","long",0.728417,1.094019,0.923933,26
"1963-10-01","b_2_39","long",0.98056,1.31258,1.153806,26
"1963-11-01","b_2_39","long",1.008106,1.343561,1.18234,26
"1963-12-01","b_2_39","long",1.144077,1.480292,1.317067,26
"1964-01-01","b_2_39","long",1.142575,1.472215,1.309087,26
"1964-02-01","b_2_39","long",1.178056,1.50016,1.340815,26
"1964-03-01","b_2_39","long",1.184489,1.490457,1.331467,26
"1964-04-01","b_2_39","long",1.211516,1.518911,1.35867,26
"1964-05-01","b_2_39","long",1.058639,1.364735,1.206771,26
"1964-06-01","b_2_39","long",0.979762,1.283379,1.128717,26
"1964-07-01","b_2_39","long",0.933335,1.235019,1.083333,26
"1964-08-01","b_2_39","long",0.908073,1.171939,1.038083,26
"1964-09-01","b_2_39","long",0.906439,1.180956,1.040316,26
"1964-10-01","b_2_39","long",0.78616,1.065052,0.922371,26
"1964-11-01","b_2_39","long",0.809791,1.081962,0.943418,26
"1964-12-01","b_2_39","long",0.799173,1.060097,0.928303,26
"1965-01-01","b_2_39","long",0.815453,1.078917,0.947434,26
"1965-02-01","b_2_39","long",0.72855,0.996417,0.862429,26
"1965-03-01","b_2_39","long",0.81183,1.089905,0.951987,26
"1965-04-01","b_2_39","long",0.89374,1.16302,1.029025,26
"1965-05-01","b_2_39","long",0.958805,1.224808,1.091955,26
"1965-06-01","b_2_39","long",1.067608,1.330639,1.199273,26
"1965-07-01","b_2_39","long",1.121901,1.37945,1.250885,26
"1965-08-01","b_2_39","long",1.172819,1.432412,1.303021,26
"1965-09-01","b_2_39","long",1.227019,1.487108,1.359879,26
"1965-10-01","b_2_39","long",1.260089,1.537144,1.405402,26
"1965-11-01","b_2_39","long",1.313377,1.591529,1.457363,26
"1965-12-01","b_2_39","long",1.447107,1.748775,1.603683,26
"1966-01-01","b_2_39","long",1.465526,1.759274,1.618376,26
"1966-02-01","b_2_39","long",1.657076,2.002786,1.832851,26
"1966-03-01","b_2_39","long",1.733621,2.092557,1.916931,26
"1966-04-01","b_2_39","long",1.886703,2.259704,2.076757,26
"1966-05-01","b_2_39","long",1.938679,2.324352,2.136298,26
"1966-06-01","b_2_39","long",2.008402,2.405126,2.213133,26
"1966-07-01","b_2_39","long",2.11182,2.52073,2.324302,26
"1966-08-01","b_2_39","long",2.148838,2.562997,2.363026,26
"1966-09-01","b_2_39","long",2.343066,2.750684,2.553208,26
"1966-10-01","b_2_39","long",2.539363,2.92769,2.735615,26
"1966-11-01","b_2_39","long",2.547526,2.947067,2.752408,26
"1966-12-01","b_2_39","long",2.5226,2.903137,2.716417,26
"1967-01-01","b_2_39","long",2.496765,2.883207,2.693647,26
"1967-02-01","b_2_39","long",2.468474,2.812203,2.649282,26
"1967-03-01","b_2_39","long",2.384931,2.704613,2.55309,26
"1967-04-01","b_2_39","long",2.266102,2.574742,2.428844,26
"1967-05-01","b_2_39","long",2.271822,2.565688,2.425361,26
"1967-06-01","b_2_39","long",2.306556,2.586326,2.452464,26
"1967-07-01","b_2_39","long",2.348831,2.622074,2.489623,26
"1967-08-01","b_2_39","long",2.419963,2.718288,2.573536,26
"1967-09-01","b_2_39","long",2.44964,2.755924,2.602629,26
"1967-10-01","b_2_39","long",2.447065,2.770887,2.608026,26
"1967-11-01","b_2_39","long",2.542689,2.875156,2.704736,26
"1967-12-01","b_2_39","long",2.607628,2.950514,2.776138,26
"1968-01-01","b_2_39","long",2.804181,3.159273,2.976388,26
"1968-02-01","b_2_39","long",2.92331,3.269778,3.088975,26
"1968-03-01","b_2_39","long",3.097428,3.447926,3.262096,26
"1968-04-01","b_2_39","long",3.193264,3.548765,3.362898,26
"1968-05-01","b_2_39","long",3.39342,3.747488,3.562533,26
"1968-06-01","b_2_39","long",3.469972,3.831977,3.642682,26
"1968-07-01","b_2_39","long",3.460569,3.829013,3.637157,26
"1968-08-01","b_2_39","long",3.622493,3.965888,3.785586,26
"1968-09-01","b_2_39","long",3.649088,3.972137,3.805922,26
"1968-10-01","b_2_39","long",3.740818,4.049654,3.890751,26
"1968-11-01","b_2_39","long",3.809325,4.103265,3.952154,26
"1968-12-01","b_2_39","long",3.803313,4.130846,3.972527,26
"1969-01-01","b_2_39","long",3.801594,4.119328,3.968006,26
"1969-02-01","b_2_39","long",3.717899,4.041673,3.888076,26
"1969-03-01","b_2_39","long",3.869763,4.207133,4.047529,26
"1969-04-01","b_2_39","long",3.971893,4.326379,4.155113,26
"1969-05-01","b_2_39","long",3.984597,4.352767,4.173228,26
"1969-06-01","b_2_39","long",4.016944,4.378697,4.201775,26
"1969-07-01","b_2_39","long",4.229157,4.577937,4.40665,26
"1969-08-01","b_2_39","long",4.106721,4.448802,4.283508,26
"1969-09-01","b_2_39","long",4.154593,4.50511,4.335226,26
"1969-10-01","b_2_39","long",4.143629,4.496177,4.32583,26
"1969-11-01","b_2_39","long",4.186837,4.531949,4.366396,26
"1969-12-01","b_2_39","long",4.325639,4.630047,4.47371,26
"1970-01-01","b_2_39","long",4.32023,4.6214,4.464394,26
"1970-02-01","b_2_39","long",4.458663,4.762465,4.60363,26
"1970-03-01","b_2_39","long",4.389311,4.693763,4.538178,26
"1970-04-01","b_2_39","long",4.427642,4.744976,4.583766,26
"1970-05-01","b_2_39","long",4.363121,4.678386,4.520223,26
"1970-06-01","b_2_39","long",4.289218,4.620562,4.457783,26
"1970-07-01","b_2_39","long",4.195675,4.524035,4.362952,26
"1970-08-01","b_2_39","long",4.264197,4.593671,4.431456,26
"1970-09-01","b_2_39","long",4.271331,4.603556,4.440773,26
"1970-10-01","b_2_39","long",4.371905,4.748004,4.56393,26
"1970-11-01","b_2_39","long",4.364054,4.763066,4.565812,26
"1970-12-01","b_2_39","long",4.43039,4.833342,4.637093,26
"1971-01-01","b_2_39","long",4.391423,4.789581,4.597148,26
"1971-02-01","b_2_39","long",4.272954,4.664553,4.4754,26
"1971-03-01","b_2_39","long",4.172096,4.559962,4.370336,26
"1971-04-01","b_2_39","long",4.09052,4.463036,4.279606,26
"1971-05-01","b_2_39","long",4.175198,4.537387,4.358738,26
"1971-06-01","b_2_39","long",4.298253,4.652717,4.474741,26
"1971-07-01","b_2_39","long",4.218899,4.582997,4.403129,26
"1971-08-01","b_2_39","long",4.169866,4.550486,4.362334,26
"1971-09-01","b_2_39","long",3.994008,4.369171,4.184254,26
"1971-10-01","b_2_39","long",3.639303,3.961483,3.803199,26
"1971-11-01","b_2_39","long",3.432261,3.734324,3.587567,26
"1971-12-01","b_2_39","long",3.250435,3.560816,3.409062,26
"1972-01-01","b_2_39","long",3.238461,3.566657,3.40481,26
"1972-02-01","b_2_39","long",3.241435,3.581243,3.410335,26
"1972-03-01","b_2_39","long",3.218265,3.551605,3.387638,26
"1972-04-01","b_2_39","long",3.029719,3.339129,3.188657,26
"1972-05-01","b_2_39","long",2.819006,3.131335,2.978525,26
"1972-06-01","b_2_39","long",2.577338,2.882676,2.73372,26
"1972-07-01","b_2_39","long",2.579469,2.907934,2.746297,26
"1972-08-01","b_2_39","long",2.541126,2.851993,2.698801,26
"1972-09-01","b_2_39","long",2.620585,2.964722,2.793716,26
"1972-10-01","b_2_39","long",2.681222,3.035522,2.860407,26
"1972-11-01","b_2_39","long",2.800021,3.154939,2.979179,26
"1972-12-01","b_2_39","long",2.838889,3.17302,3.007378,26
"1973-01-01","b_2_39","long",2.815842,3.143994,2.978666,26
"1973-02-01","b_2_39","long",2.940557,3.26772,3.106649,26
"1973-03-01","b_2_39","long",3.1776,3.525788,3.350317,26
"1973-04-01","b_2_39","long",3.608804,4.005391,3.80076,26
"1973-05-01","b_2_39","long",3.863919,4.312747,4.083307,26
"1973-06-01","b_2_39","long",4.074053,4.581657,4.315927,26
"1973-07-01","b_2_39","long",4.031976,4.507177,4.256275,26
"1973-08-01","b_2_39","long",4.27691,4.832389,4.539793,26
"1973-09-01","b_2_39","long",4.334715,4.959029,4.633471,26
"1973-10-01","b_2_39","long",4.663487,5.415737,5.013048,26
"1973-11-01","b_2_39","long",4.899829,5.805288,5.313917,26
"1973-12-01","b_2_39","long",5.120166,6.105929,5.563887,26
"1974-01-01","b_2_39","long",5.412401,6.514216,5.905699,26
"1974-02-01","b_2_39","long",5.798085,7.078424,6.375718,26
"1974-03-01","b_2_39","long",6.141258,7.568303,6.776811,26
"1974-04-01","b_2_39","long",6.281504,7.708426,6.921211,26
"1974-05-01","b_2_39","long",6.745254,8.200923,7.397761,26
"1974-06-01","b_2_39","long",7.249399,8.692144,7.898481,26
"1974-07-01","b_2_39","long",7.773927,9.29191,8.460715,26
"1974-08-01","b_2_39","long",8.25659,9.804815,8.955865,26
"1974-09-01","b_2_39","long",8.77287,10.276883,9.442511,26
"1974-10-01","b_2_39","long",9.033576,10.435995,9.667257,26
"1974-11-01","b_2_39","long",9.164125,10.424259,9.738163,26
"1974-12-01","b_2_39","long",9.331547,10.534178,9.887778,26
"1975-01-01","b_2_39","long",9.433229,10.52692,9.949159,26
"1975-02-01","b_2_39","long",9.221441,10.129321,9.648345,26
"1975-03-01","b_2_39","long",8.763389,9.501342,9.122231,26
"1975-04-01","b_2_39","long",8.46223,9.16348,8.803964,26
"1975-05-01","b_2_39","long",7.880494,8.518112,8.191336,26
"1975-06-01","b_2_39","long",7.443037,8.121135,7.772833,26
"1975-07-01","b_2_39","long",7.217798,7.928094,7.54131,26
"1975-08-01","b_2_39","long",6.668073,7.286269,6.952978,26
"1975-09-01","b_2_39","long",6.336802,6.915617,6.607723,26
"1975-10-01","b_2_39","long",6.221492,6.771977,6.475947,26
"1975-11-01","b_2_39","long",6.095778,6.662742,6.361898,26
"1975-12-01","b_2_39","long",5.89106,6.460102,6.156874,26
"1976-01-01","b_2_39","long",5.644206,6.197321,5.901501,26
"1976-02-01","b_2_39","long",5.383917,5.976754,5.663809,26
"1976-03-01","b_2_39","long",5.282983,5.89472,5.573073,26
"1976-04-01","b_2_39","long",5.128866,5.766918,5.439241,26
"1976-05-01","b_2_39","long",5.288648,5.91932,5.596883,26
"1976-06-01","b_2_39","long",5.295863,5.855318,5.572078,26
"1976-07-01","b_2_39","long",5.176292,5.637217,5.426076,26
"1976-08-01","b_2_39","long",5.24095,5.695646,5.486944,26
"1976-09-01","b_2_39","long",5.182257,5.63835,5.427918,26
"1976-10-01","b_2_39","long",5.067608,5.541686,5.321399,26
"1976-11-01","b_2_39","long",4.994743,5.457433,5.241354,26
"1976-12-01","b_2_39","long",4.972245,5.431083,5.216026,26
"1977-01-01","b_2_39","long",5.13605,5.601165,5.379363,26
"1977-02-01","b_2_39","long",5.49017,5.921164,5.714362,26
"1977-03-01","b_2_39","long",5.800058,6.221961,6.019426,26
"1977-04-01","b_2_39","long",5.974535,6.373175,6.175691,26
"1977-05-01","b_2_39","long",5.982179,6.385999,6.185134,26
"1977-06-01","b_2_39","long",6.055799,6.455726,6.257989,26
"1977-07-01","b_2_39","long",6.101375,6.511327,6.308431,26
"1977-08-01","b_2_39","long",6.100262,6.512896,6.308663,26
"1977-09-01","b_2_39","long",6.032886,6.445825,6.243994,26
"1977-10-01","b_2_39","long",5.935917,6.34555,6.142954,26
"1977-11-01","b_2_39","long",6.065547,6.458527,6.26331,26
"1977-12-01","b_2_39","long",6.121615,6.523248,6.3239,26
"1978-01-01","b_2_39","long",5.984305,6.405377,6.199063,26
"1978-02-01","b_2_39","long",5.832372,6.258271,6.04947,26
"1978-03-01","b_2_39","long",5.838543,6.286134,6.063886,26
"1978-04-01","b_2_39","long",6.012471,6.484375,6.246666,26
"1978-05-01","b_2_39","long",6.193157,6.655897,6.422431,26
"1978-06-01","b_2_39","long",6.240424,6.697594,6.466491,26
"1978-07-01","b_2_39","long",6.353499,6.803376,6.574345,26
"1978-08-01","b_2_39","long",6.480503,6.928101,6.697113,26
"1978-09-01","b_2_39","long",6.654192,7.087559,6.864046,26
"1978-10-01","b_2_39","long",6.985354,7.413209,7.192736,26
"1978-11-01","b_2_39","long",7.078923,7.520925,7.295006,26
"1978-12-01","b_2_39","long",7.099388,7.530431,7.314753,26
"1979-01-01","b_2_39","long",7.431178,7.857404,7.645234,26
"1979-02-01","b_2_39","long",7.635301,8.050057,7.843503,26
"1979-03-01","b_2_39","long",7.693837,8.094704,7.888562,26
"1979-04-01","b_2_39","long",7.694128,8.117612,7.893012,26
"1979-05-01","b_2_39","long",7.829794,8.268136,8.033215,26
"1979-06-01","b_2_39","long",7.873585,8.333139,8.08203,26
"1979-07-01","b_2_39","long",7.965667,8.438613,8.177774,26
"1979-08-01","b_2_39","long",8.116302,8.599239,8.332888,26
"1979-09-01","b_2_39","long",8.267414,8.806372,8.502467,26
"1979-10-01","b_2_39","long",8.409199,8.966343,8.655752,26
"1979-11-01","b_2_39","long",8.419534,8.996733,8.674348,26
"1979-12-01","b_2_39","long",8.619465,9.263062,8.900296,26
"1980-01-01","b_2_39","long",8.765221,9.463165,9.068731,26
"1980-02-01","b_2_39","long",9.058792,9.872435,9.413543,26
"1980-03-01","b_2_39","long",9.271528,10.206026,9.663612,26
"1980-04-01","b_2_39","long",9.232166,10.132718,9.617331,26
"1980-05-01","b_2_39","long",9.155843,10.049064,9.540283,26
"1980-06-01","b_2_39","long",9.305956,10.20591,9.70213,26
"1980-07-01","b_2_39","long",9.242161,10.151729,9.64829,26
"1980-08-01","b_2_39","long",9.251318,10.15793,9.658431,26
"1980-09-01","b_2_39","long",9.316123,10.168321,9.704024,26
"1980-10-01","b_2_39","long",9.173235,10.012743,9.556649,26
"1980-11-01","b_2_39","long",9.228043,10.044338,9.599523,26
"1980-12-01","b_2_39","long",9.15542,9.89782,9.492964,26
"1981-01-01","b_2_39","long",9.080421,9.796244,9.408594,26
"1981-02-01","b_2_39","long",8.930807,9.548283,9.213276,26
"1981-03-01","b_2_39","long",8.698394,9.20541,8.951804,26
"1981-04-01","b_2_39","long",8.59199,9.150021,8.882652,26
"1981-05-01","b_2_39","long",8.348618,8.965281,8.67785,26
"1981-06-01","b_2_39","long",8.060647,8.678664,8.396465,26
"1981-07-01","b_2_39","long",8.028919,8.65245,8.365979,26
"1981-08-01","b_2_39","long",7.940114,8.578548,8.28104,26
"1981-09-01","b_2_39","long",7.745068,8.388451,8.08804,26
"1981-10-01","b_2_39","long",7.497272,8.132591,7.834678,26
"1981-11-01","b_2_39","long",7.267697,7.925958,7.613708,26
"1981-12-01","b_2_39","long",6.956223,7.615324,7.30444,26
"1982-01-01","b_2_39","long",6.615872,7.266879,6.960282,26
"1982-02-01","b_2_39","long",6.163767,6.81407,6.513822,26
"1982-03-01","b_2_39","long",5.966828,6.608166,6.324489,26
"1982-04-01","b_2_39","long",5.776355,6.36721,6.101627,26
"1982-05-01","b_2_39","long",5.775051,6.308048,6.05946,26
"1982-06-01","b_2_39","long",5.765861,6.335154,6.051713,26
"1982-07-01","b_2_39","long",5.828453,6.385183,6.107559,26
"1982-08-01","b_2_39","long",5.495506,6.031427,5.765287,26
"1982-09-01","b_2_39","long",5.119803,5.650879,5.389718,26
"1982-10-01","b_2_39","long",5.104714,5.63478,5.373532,26
"1982-11-01","b_2_39","long",4.840363,5.368053,5.108463,26
"1982-12-01","b_2_39","long",4.614421,5.188143,4.910398,26
"1983-01-01","b_2_39","long",4.55026,5.117085,4.848831,26
"1983-02-01","b_2_39","long",4.479368,5.046563,4.778458,26
"1983-03-01","b_2_39","long",4.28874,4.831006,4.568978,26
"1983-04-01","b_2_39","long",4.487129,5.030869,4.759586,26
"1983-05-01","b_2_39","long",4.284507,4.848062,4.565569,26
"1983-06-01","b_2_39","long",4.092078,4.590388,4.349286,26
"1983-07-01","b_2_39","long",3.830307,4.334494,4.093724,26
"1983-08-01","b_2_39","long",3.754429,4.268591,4.021969,26
"1983-09-01","b_2_39","long",3.798439,4.319144,4.068138,26
"1983-10-01","b_2_39","long",3.545158,4.065431,3.815931,26
"1983-11-01","b_2_39","long",3.621411,4.144678,3.904793,26
"1983-12-01","b_2_39","long",3.689046,4.17715,3.953732,26
"1984-01-01","b_2_39","long",3.690628,4.14147,3.930051,26
"1984-02-01","b_2_39","long",3.708647,4.147525,3.942127,26
"1984-03-01","b_2_39","long",3.819901,4.272334,4.061664,26
"1984-04-01","b_2_39","long",3.723119,4.156184,3.959183,26
"1984-05-01","b_2_39","long",3.626246,4.03724,3.855225,26
"1984-06-01","b_2_39","long",3.583108,4.052579,3.850308,26
"1984-07-01","b_2_39","long",3.589447,4.083693,3.877485,26
"1984-08-01","b_2_39","long",3.627307,4.129593,3.926271,26
"1984-09-01","b_2_39","long",3.631351,4.140305,3.937699,26
"1984-10-01","b_2_39","long",3.696675,4.201447,4.00014,26
"1984-11-01","b_2_39","long",3.547845,4.01981,3.827758,26
"1984-12-01","b_2_39","long",3.619016,4.102546,3.906139,26
"1985-01-01","b_2_39","long",3.494599,3.987959,3.783239,26
"1985-02-01","b_2_39","long",3.646814,4.132254,3.928143,26
"1985-03-01","b_2_39","long",3.711938,4.185014,3.983437,26
"1985-04-01","b_2_39","long",3.522301,4.013427,3.806074,26
"1985-05-01","b_2_39","long",3.627588,4.134948,3.920998,26
"1985-06-01","b_2_39","long",3.724179,4.188227,3.988891,26
"1985-07-01","b_2_39","long",3.552332,3.970823,3.783724,26
"1985-08-01","b_2_39","long",3.510872,3.949405,3.757063,26
"1985-09-01","b_2_39","long",3.451365,3.893147,3.695505,26
"1985-10-01","b_2_39","long",3.425512,3.862471,3.666319,26
"1985-11-01","b_2_39","long",3.610461,4.057181,3.856808,26
"1985-12-01","b_2_39","long",3.676741,4.097519,3.903761,26
"1986-01-01","b_2_39","long",3.756216,4.169874,3.984241,26
"1986-02-01","b_2_39","long",3.416961,3.892733,3.686274,26
"1986-03-01","b_2_39","long",3.229559,3.726377,3.512442,26
"1986-04-01","b_2_39","long",3.199502,3.737046,3.508585,26
"1986-05-01","b_2_39","long",3.106469,3.627299,3.405318,26
"1986-06-01","b_2_39","long",3.14417,3.662035,3.436443,26
"1986-07-01","b_2_39","long",3.170443,3.729032,3.493168,26
"1986-08-01","b_2_39","long",3.131305,3.6693,3.44183,26
"1986-09-01","b_2_39","long",3.231321,3.753924,3.53384,26
"1986-10-01","b_2_39","long",3.219468,3.764128,3.536081,26
"1986-11-01","b_2_39","long",3.12108,3.667602,3.439238,26
"1986-12-01","b_2_39","long",3.054724,3.616838,3.385107,26
"1987-01-01","b_2_39","long",3.117478,3.743287,3.47393,26
"1987-02-01","b_2_39","long",3.218182,3.802994,3.546826,26
"1987-03-01","b_2_39","long",3.358462,3.928213,3.678928,26
"1987-04-01","b_2_39","long",3.57522,4.109625,3.874789,26
"1987-05-01","b_2_39","long",3.686506,4.219371,3.986456,26
"1987-06-01","b_2_39","long",3.632229,4.178929,3.939199,26
"1987-07-01","b_2_39","long",3.652591,4.153483,3.925754,26
"1987-08-01","b_2_39","long",3.797226,4.273401,4.050779,26
"1987-09-01","b_2_39","long",3.775775,4.243003,4.024217,26
"1987-10-01","b_2_39","long",3.864553,4.315854,4.104466,26
"1987-11-01","b_2_39","long",3.884036,4.338431,4.126994,26
"1987-12-01","b_2_39","long",3.789182,4.244439,4.03123,26
"1988-01-01","b_2_39","long",3.724391,4.131865,3.949381,26
"1988-02-01","b_2_39","long",3.715969,4.110746,3.931305,26
"1988-03-01","b_2_39","long",3.752282,4.153426,3.9673,26
"1988-04-01","b_2_39","long",3.795686,4.179753,3.995739,26
"1988-05-01","b_2_39","long",3.768153,4.160209,3.968947,26
"1988-06-01","b_2_39","long",3.84648,4.210368,4.035638,26
"1988-07-01","b_2_39","long",4.077526,4.448653,4.269323,26
"1988-08-01","b_2_39","long",4.02341,4.41828,4.228845,26
"1988-09-01","b_2_39","long",4.190105,4.58888,4.39753,26
"1988-10-01","b_2_39","long",4.192715,4.594036,4.400048,26
"1988-11-01","b_2_39","long",4.198739,4.5955,4.404205,26
"1988-12-01","b_2_39","long",4.335283,4.726123,4.532519,26
"1989-01-01","b_2_39","long",4.450705,4.829178,4.641896,26
"1989-02-01","b_2_39","long",4.583852,4.975065,4.782462,26
"1989-03-01","b_2_39","long",4.547663,4.925379,4.742486,26
"1989-04-01","b_2_39","long",4.54083,4.913686,4.731938,26
"1989-05-01","b_2_39","long",4.617659,4.984689,4.809592,26
"1989-06-01","b_2_39","long",4.524071,4.903868,4.721137,26
"1989-07-01","b_2_39","long",4.34753,4.759106,4.567746,26
"1989-08-01","b_2_39","long",4.206722,4.652939,4.451161,26
"1989-09-01","b_2_39","long",4.057417,4.51757,4.308381,26
"1989-10-01","b_2_39","long",4.127992,4.582055,4.375725,26
"1989-11-01","b_2_39","long",4.136724,4.594231,4.382416,26
"1989-12-01","b_2_39","long",4.133055,4.588153,4.381325,26
"1990-01-01","b_2_39","long",4.040746,4.521887,4.297233,26
"1990-02-01","b_2_39","long",4.0197,4.496687,4.272544,26
"1990-03-01","b_2_39","long",4.159846,4.656047,4.424857,26
"1990-04-01","b_2_39","long",4.064803,4.573042,4.340668,26
"1990-05-01","b_2_39","long",3.97858,4.50233,4.262121,26
"1990-06-01","b_2_39","long",4.158326,4.68612,4.448251,26
"1990-07-01","b_2_39","long",4.231829,4.726366,4.497998,26
"1990-08-01","b_2_39","long",4.494956,4.943443,4.728836,26
"1990-09-01","b_2_39","long",4.521329,4.965594,4.752483,26
"1990-10-01","b_2_39","long",4.446329,4.894113,4.678702,26
"1990-11-01","b_2_39","long",4.340807,4.789916,4.576073,26
"1990-12-01","b_2_39","long",4.322397,4.784314,4.568635,26
"1991-01-01","b_2_39","long",4.305315,4.786239,4.552316,26
"1991-02-01","b_2_39","long",4.204911,4.68407,4.456786,26
"1991-03-01","b_2_39","long",3.876609,4.358984,4.1292,26
"1991-04-01","b_2_39","long",3.801867,4.280809,4.053551,26
"1991-05-01","b_2_39","long",3.886041,4.345604,4.125434,26
"1991-06-01","b_2_39","long",3.619983,4.088402,3.864972,26
"1991-07-01","b_2_39","long",3.511502,3.991059,3.765913,26
"1991-08-01","b_2_39","long",3.372741,3.838093,3.620019,26
"1991-09-01","b_2_39","long",3.342981,3.797479,3.584708,26
"1991-10-01","b_2_39","long",3.223355,3.675113,3.463922,26
"1991-11-01","b_2_39","long",3.349267,3.796081,3.586453,26
"1991-12-01","b_2_39","long",3.367199,3.811866,3.601032,26
"1992-01-01","b_2_39","long",3.184801,3.597478,3.414625,26
"1992-02-01","b_2_39","long",3.216966,3.626779,3.444522,26
"1992-03-01","b_2_39","long",3.398653,3.788557,3.613561,26
"1992-04-01","b_2_39","long",3.35299,3.736859,3.559749,26
"1992-05-01","b_2_39","long",3.262456,3.649734,3.47239,26
"1992-06-01","b_2_39","long",3.315184,3.68663,3.511882,26
"1992-07-01","b_2_39","long",3.323328,3.679496,3.50929,26
"1992-08-01","b_2_39","long",3.242176,3.601814,3.430341,26
"1992-09-01","b_2_39","long",3.090976,3.452914,3.281383,26
"1992-10-01","b_2_39","long",3.181269,3.550071,3.373427,26
"1992-11-01","b_2_39","long",3.124398,3.499689,3.321949,26
"1992-12-01","b_2_39","long",3.046013,3.409565,3.235291,26
"1993-01-01","b_2_39","long",3.067445,3.424788,3.251684,26
"1993-02-01","b_2_39","long",2.996717,3.351129,3.178873,26
"1993-03-01","b_2_39","long",2.855356,3.214122,3.040297,26
"1993-04-01","b_2_39","long",2.909313,3.264905,3.093962,26
"1993-05-01","b_2_39","long",2.899454,3.263068,3.089226,26
"1993-06-01","b_2_39","long",2.775978,3.14395,2.973144,26
"1993-07-01","b_2_39","long",2.703011,3.073412,2.902614,26
"1993-08-01","b_2_39","long",2.637986,3.010897,2.836895,26
"1993-09-01","b_2_39","long",2.601992,2.991186,2.813811,26
"1993-10-01","b_2_39","long",2.519887,2.902601,2.731245,26
"1993-11-01","b_2_39","long",2.455752,2.826206,2.658638,26
"1993-12-01","b_2_39","long",2.314932,2.709012,2.532749,26
"1994-01-01","b_2_39","long",2.203124,2.614901,2.435422,26
"1994-02-01","b_2_39","long",2.178224,2.588846,2.410125,26
"1994-03-01","b_2_39","long",2.2261,2.630968,2.453467,26
"1994-04-01","b_2_39","long",2.126745,2.529731,2.353376,26
"1994-05-01","b_2_39","long",2.061841,2.465293,2.290606,26
"1994-06-01","b_2_39","long",2.159898,2.544757,2.375807,26
"1994-07-01","b_2_39","long",2.209534,2.595892,2.426771,26
"1994-08-01","b_2_39","long",2.176465,2.566984,2.401615,26
"1994-09-01","b_2_39","long",2.151849,2.539545,2.373111,26
"1994-10-01","b_2_39","long",2.083945,2.479012,2.308146,26
"1994-11-01","b_2_39","long",2.092825,2.482164,2.313563,26
"1994-12-01","b_2_39","long",2.092714,2.472204,2.306793,26
"1995-01-01","b_2_39","long",2.272601,2.629904,2.470729,26
"1995-02-01","b_2_39","long",2.227514,2.572318,2.416366,26
"1995-03-01","b_2_39","long",2.160485,2.516228,2.358057,26
"1995-04-01","b_2_39","long",2.212134,2.559039,2.404383,26
"1995-05-01","b_2_39","long",2.194564,2.528034,2.376971,26
"1995-06-01","b_2_39","long",2.087779,2.433824,2.27742,26
"1995-07-01","b_2_39","long",1.965638,2.318223,2.159077,26
"1995-08-01","b_2_39","long",2.046242,2.390564,2.23234,26
"1995-09-01","b_2_39","long",2.04236,2.387794,2.228753,26
"1995-10-01","b_2_39","long",2.134763,2.468884,2.31678,26
"1995-11-01","b_2_39","long",2.051348,2.411254,2.249822,26
"1995-12-01","b_2_39","long",2.151449,2.488375,2.333859,26
"1996-01-01","b_2_39","long",2.0665,2.394007,2.244818,26
"1996-02-01","b_2_39","long",2.111497,2.442129,2.289649,26
"1996-03-01","b_2_39","long",2.143414,2.473479,2.318893,26
"1996-04-01","b_2_39","long",2.114957,2.454598,2.294143,26
"1996-05-01","b_2_39","long",2.139886,2.485757,2.322712,26
"1996-06-01","b_2_39","long",2.125044,2.509054,2.333835,26
"1996-07-01","b_2_39","long",2.180943,2.56067,2.384155,26
"1996-08-01","b_2_39","long",2.11013,2.523811,2.334437,26
"1996-09-01","b_2_39","long",2.235533,2.631564,2.448701,26
"1996-10-01","b_2_39","long",2.224774,2.623188,2.437079,26
"1996-11-01","b_2_39","long",2.316847,2.694097,2.515498,26
"1996-12-01","b_2_39","long",2.261556,2.64627,2.468467,26
"1997-01-01","b_2_39","long",2.190807,2.577721,2.400041,26
"1997-02-01","b_2_39","long",2.165987,2.554332,2.378773,26
"1997-03-01","b_2_39","long",2.125352,2.50422,2.333002,26
"1997-04-01","b_2_39","long",2.088712,2.475446,2.301658,26
"1997-05-01","b_2_39","long",1.984785,2.385744,2.207915,26
"1997-06-01","b_2_39","long",1.973002,2.360565,2.185767,26
"1997-07-01","b_2_39","long",1.82337,2.225832,2.04623,26
"1997-08-01","b_2_39","long",1.768711,2.152458,1.981786,26
"1997-09-01","b_2_39","long",1.717829,2.099549,1.931521,26
"1997-10-01","b_2_39","long",1.473088,1.865263,1.693817,26
"1997-11-01","b_2_39","long",1.344984,1.750406,1.572958,26
"1997-12-01","b_2_39","long",1.25263,1.67637,1.491337,26
"1998-01-01","b_2_39","long",1.194264,1.634065,1.444883,26
"1998-02-01","b_2_39","long",1.060197,1.53668,1.331774,26
"1998-03-01","b_2_39","long",1.033426,1.531973,1.318841,26
"1998-04-01","b_2_39","long",1.016327,1.522719,1.309695,26
"1998-05-01","b_2_39","long",1.049323,1.547264,1.336544,26
"1998-06-01","b_2_39","long",1.028548,1.52504,1.317863,26
"1998-07-01","b_2_39","long",1.158293,1.63095,1.433134,26
"1998-08-01","b_2_39","long",1.254251,1.717831,1.519158,26
"1998-09-01","b_2_39","long",1.117622,1.626259,1.410964,26
"1998-10-01","b_2_39","long",1.261973,1.761319,1.548712,26
"1998-11-01","b_2_39","long",1.262235,1.794149,1.571989,26
"1998-12-01","b_2_39","long",1.271314,1.811888,1.586716,26
"1999-01-01","b_2_39","long",1.322485,1.852345,1.628957,26
"1999-02-01","b_2_39","long",1.299775,1.817784,1.60109,26
"1999-03-01","b_2_39","long",1.252182,1.752531,1.545346,26
"1999-04-01","b_2_39","long",1.363742,1.850025,1.647157,26
"1999-05-01","b_2_39","long",1.351264,1.8504,1.64425,26
"1999-06-01","b_2_39","long",1.354823,1.856855,1.647524,26
"1999-07-01","b_2_39","long",1.392416,1.898271,1.688258,26
"1999-08-01","b_2_39","long",1.325593,1.837038,1.628522,26
"1999-09-01","b_2_39","long",1.494924,1.98218,1.778193,26
"1999-10-01","b_2_39","long",1.486615,1.977464,1.773974,26
"1999-11-01","b_2_39","long",1.541223,1.996417,1.805847,26
"1999-12-01","b_2_39","long",1.657591,2.079231,1.900614,26
"2000-01-01","b_2_39","long",1.786887,2.212957,2.029981,26
"2000-02-01","b_2_39","long",1.947157,2.369295,2.182273,26
"2000-03-01","b_2_39","long",2.089346,2.501975,2.318208,26
"2000-04-01","b_2_39","long",1.901222,2.343059,2.148295,26
"2000-05-01","b_2_39","long",1.919027,2.365449,2.172018,26
"2000-06-01","b_2_39","long",1.995035,2.41816,2.233663,26
"2000-07-01","b_2_39","long",2.062571,2.499237,2.307771,26
"2000-08-01","b_2_39","long",2.084284,2.511618,2.323138,26
"2000-09-01","b_2_39","long",2.109282,2.51785,2.339601,26
"2000-10-01","b_2_39","long",2.080682,2.502126,2.319643,26
"2000-11-01","b_2_39","long",2.104757,2.532737,2.345821,26
"2000-12-01","b_2_39","long",2.085201,2.542846,2.344938,26
"2001-01-01","b_2_39","long",2.152034,2.654598,2.434633,26
"2001-02-01","b_2_39","long",2.197246,2.684095,2.475756,26
"2001-03-01","b_2_39","long",2.117519,2.631163,2.416258,26
"2001-04-01","b_2_39","long",2.237286,2.751232,2.532458,26
"2001-05-01","b_2_39","long",2.253955,2.755208,2.538554,26
"2001-06-01","b_2_39","long",2.3107,2.809513,2.59317,26
"2001-07-01","b_2_39","long",2.21538,2.698284,2.489938,26
"2001-08-01","b_2_39","long",2.209767,2.727453,2.503066,26
"2001-09-01","b_2_39","long",2.122414,2.663585,2.432677,26
"2001-10-01","b_2_39","long",2.12773,2.683075,2.445893,26
"2001-11-01","b_2_39","long",2.134612,2.680643,2.449657,26
"2001-12-01","b_2_39","long",2.047944,2.598369,2.365717,26
"2002-01-01","b_2_39","long",1.795042,2.318636,2.104454,26
"2002-02-01","b_2_39","long",1.732896,2.268225,2.048598,26
"2002-03-01","b_2_39","long",1.774731,2.295756,2.078153,26
"2002-04-01","b_2_39","long",1.805724,2.305156,2.09545,26
"2002-05-01","b_2_39","long",1.797112,2.28874,2.080871,26
"2002-06-01","b_2_39","long",1.708524,2.209823,1.997839,26
"2002-07-01","b_2_39","long",1.758036,2.270957,2.0543,26
"2002-08-01","b_2_39","long",1.804269,2.280371,2.079319,26
"2002-09-01","b_2_39","long",1.879221,2.341218,2.14384,26
"2002-10-01","b_2_39","long",1.908369,2.350435,2.161028,26
"2002-11-01","b_2_39","long",1.911071,2.349651,2.15917,26
"2002-12-01","b_2_39","long",1.98905,2.397377,2.217137,26
"2003-01-01","b_2_39","long",2.025944,2.415536,2.239176,26
"2003-02-01","b_2_39","long",2.049183,2.439206,2.255084,26
"2003-03-01","b_2_39","long",2.038094,2.440798,2.249659,26
"2003-04-01","b_2_39","long",1.923951,2.314732,2.131655,26
"2003-05-01","b_2_39","long",1.94574,2.335322,2.150529,26
"2003-06-01","b_2_39","long",1.939308,2.317114,2.13577,26
"2003-07-01","b_2_39","long",1.962172,2.330289,2.151419,26
"2003-08-01","b_2_39","long",1.980465,2.357098,2.168359,26
"2003-09-01","b_2_39","long",1.924337,2.291391,2.104189,26
"2003-10-01","b_2_39","long",1.95461,2.321657,2.133692,26
"2003-11-01","b_2_39","long",1.902662,2.274775,2.085224,26
"2003-12-01","b_2_39","long",1.926168,2.300883,2.107174,26
"2004-01-01","b_2_39","long",2.112932,2.49465,2.297137,26
"2004-02-01","b_2_39","long",2.155418,2.513626,2.331902,26
"2004-03-01","b_2_39","long",2.146256,2.487617,2.313767,26
"2004-04-01","b_2_39","long",2.30461,2.657447,2.481494,26
"2004-05-01","b_2_39","long",2.350557,2.693805,2.522973,26
"2004-06-01","b_2_39","long",2.457022,2.791492,2.624152,26
"2004-07-01","b_2_39","long",2.35032,2.708758,2.534045,26
"2004-08-01","b_2_39","long",2.264507,2.629229,2.458861,26
"2004-09-01","b_2_39","long",2.245795,2.623975,2.444924,26
"2004-10-01","b_2_39","long",2.272435,2.650191,2.464509,26
"2004-11-01","b_2_39","long",2.387977,2.766881,2.576717,26
"2004-12-01","b_2_39","long",2.323829,2.73107,2.536056,26
"2005-01-01","b_2_39","long",2.33521,2.73776,2.546451,26
"2005-02-01","b_2_39","long",2.328779,2.742997,2.54717,26
"2005-03-01","b_2_39","long",2.364733,2.77974,2.580625,26
"2005-04-01","b_2_39","long",2.309826,2.735395,2.52093,26
"2005-05-01","b_2_39","long",2.282261,2.716883,2.498638,26
"2005-06-01","b_2_39","long",2.211042,2.65879,2.43764,26
"2005-07-01","b_2_39","long",2.28626,2.714071,2.501597,26
"2005-08-01","b_2_39","long",2.307305,2.731109,2.520762,26
"2005-09-01","b_2_39","long",2.436951,2.847193,2.646244,26
"2005-10-01","b_2_39","long",2.486274,2.898104,2.704167,26
"2005-11-01","b_2_39","long",2.473179,2.887498,2.699368,26
"2005-12-01","b_2_39","long",2.430985,2.836754,2.651278,26
"2006-01-01","b_2_39","long",2.373916,2.784234,2.588597,26
"2006-02-01","b_2_39","long",2.282293,2.717784,2.51475,26
"2006-03-01","b_2_39","long",2.295841,2.732462,2.534054,26
"2006-04-01","b_2_39","long",2.35704,2.776035,2.591857,26
"2006-05-01","b_2_39","long",2.469192,2.891667,2.702674,26
"2006-06-01","b_2_39","long",2.612235,3.031635,2.844421,26
"2006-07-01","b_2_39","long",2.563125,3.004644,2.810342,26
"2006-08-01","b_2_39","long",2.660836,3.100241,2.900295,26
"2006-09-01","b_2_39","long",2.552603,3.009353,2.805439,26
"2006-10-01","b_2_39","long",2.468635,2.920111,2.718195,26
"2006-11-01","b_2_39","long",2.316118,2.755105,2.555097,26
"2006-12-01","b_2_39","long",2.460034,2.886757,2.68994,26
"2007-01-01","b_2_39","long",2.514887,2.947228,2.753735,26
"2007-02-01","b_2_39","long",2.65727,3.057265,2.875231,26
"2007-03-01","b_2_39","long",2.616338,3.016967,2.82852,26
"2007-04-01","b_2_39","long",2.529282,2.929697,2.7428,26
"2007-05-01","b_2_39","long",2.381428,2.773063,2.592537,26
"2007-06-01","b_2_39","long",2.305842,2.690745,2.50947,26
"2007-07-01","b_2_39","long",2.320739,2.682264,2.508647,26
"2007-08-01","b_2_39","long",2.230634,2.604361,2.433367,26
"2007-09-01","b_2_39","long",2.368497,2.748272,2.565165,26
"2007-10-01","b_2_39","long",2.497219,2.897665,2.703157,26
"2007-11-01","b_2_39","long",2.726518,3.121279,2.928796,26
"2007-12-01","b_2_39","long",2.749214,3.147229,2.950904,26
"2008-01-01","b_2_39","long",2.667385,3.046878,2.861201,26
"2008-02-01","b_2_39","long",2.605705,2.991435,2.798715,26
"2008-03-01","b_2_39","long",2.634336,3.032273,2.837621,26
"2008-04-01","b_2_39","long",2.626423,3.032308,2.832798,26
"2008-05-01","b_2_39","long",2.679805,3.090547,2.888881,26
"2008-06-01","b_2_39","long",2.754667,3.187061,2.971216,26
"2008-07-01","b_2_39","long",2.897759,3.363765,3.122289,26
"2008-08-01","b_2_39","long",2.872354,3.345565,3.101931,26
"2008-09-01","b_2_39","long",2.721185,3.187564,2.956158,26
"2008-10-01","b_2_39","long",2.368649,2.954665,2.677887,26
"2008-11-01","b_2_39","long",2.064652,2.786442,2.454124,26
"2008-12-01","b_2_39","long",1.801518,2.571306,2.221097,26
"2009-01-01","b_2_39","long",1.73574,2.544464,2.182497,26
"2009-02-01","b_2_39","long",1.680246,2.484677,2.128757,26
"2009-03-01","b_2_39","long",1.484717,2.342827,1.961663,26
"2009-04-01","b_2_39","long",1.434181,2.284285,1.908975,26
"2009-05-01","b_2_39","long",1.347857,2.201628,1.825596,26
"2009-06-01","b_2_39","long",1.217156,2.054891,1.691225,26
"2009-07-01","b_2_39","long",0.878626,1.688031,1.346633,26
"2009-08-01","b_2_39","long",0.967321,1.753013,1.416873,26
"2009-09-01","b_2_39","long",0.917815,1.716304,1.368152,26
"2009-10-01","b_2_39","long",1.248603,1.946686,1.631538,26
"2009-11-01","b_2_39","long",1.35986,1.954912,1.673386,26
"2009-12-01","b_2_39","long",1.455319,1.988848,1.733328,26
"2010-01-01","b_2_39","long",1.385406,1.895331,1.635337,26
"2010-02-01","b_2_39","long",1.290293,1.801401,1.541076,26
"2010-03-01","b_2_39","long",1.35692,1.788166,1.564158,26
"2010-04-01","b_2_39","long",1.327944,1.752272,1.530393,26
"2010-05-01","b_2_39","long",1.268419,1.692866,1.47205,26
"2010-06-01","b_2_39","long",1.129233,1.57233,1.345516,26
"2010-07-01","b_2_39","long",1.208233,1.645038,1.421913,26
"2010-08-01","b_2_39","long",1.153173,1.584025,1.364171,26
"2010-09-01","b_2_39","long",1.152649,1.552799,1.350376,26
"2010-10-01","b_2_39","long",0.941268,1.336512,1.133225,26
"2010-11-01","b_2_39","long",0.983946,1.342559,1.162252,26
"2010-12-01","b_2_39","long",1.01167,1.380369,1.198739,26
"2011-01-01","b_2_39","long",1.127599,1.533086,1.333684,26
"2011-02-01","b_2_39","long",1.3208,1.720196,1.521455,26
"2011-03-01","b_2_39","long",1.465812,1.872516,1.669897,26
"2011-04-01","b_2_39","long",1.622017,2.067751,1.838151,26
"2011-05-01","b_2_39","long",1.832167,2.301054,2.05754,26
"2011-06-01","b_2_39","long",1.910842,2.355056,2.12176,26
"2011-07-01","b_2_39","long",1.993647,2.440659,2.201056,26
"2011-08-01","b_2_39","long",2.082217,2.545869,2.296892,26
"2011-09-01","b_2_39","long",2.139373,2.609825,2.356244,26
"2011-10-01","b_2_39","long",2.118828,2.601492,2.34982,26
"2011-11-01","b_2_39","long",2.15669,2.664183,2.399693,26
"2011-12-01","b_2_39","long",2.23085,2.726988,2.466276,26
"2012-01-01","b_2_39","long",2.268873,2.74852,2.500563,26
"2012-02-01","b_2_39","long",2.185511,2.69381,2.431816,26
"2012-03-01","b_2_39","long",2.138121,2.644481,2.382587,26
"2012-04-01","b_2_39","long",2.050052,2.513126,2.281129,26
"2012-05-01","b_2_39","long",1.887885,2.341996,2.121023,26
"2012-06-01","b_2_39","long",1.85662,2.318766,2.095514,26
"2012-07-01","b_2_39","long",1.814068,2.285197,2.060674,26
"2012-08-01","b_2_39","long",1.727815,2.188287,1.973452,26
"2012-09-01","b_2_39","long",1.710656,2.166671,1.955312,26
"2012-10-01","b_2_39","long",1.823583,2.282964,2.063618,26
"2012-11-01","b_2_39","long",1.714375,2.155814,1.947588,26
"2012-12-01","b_2_39","long",1.654099,2.0935,1.884513,26
"2013-01-01","b_2_39","long",1.605653,2.000814,1.817384,26
"2013-02-01","b_2_39","long",1.590187,1.960073,1.792277,26
"2013-03-01","b_2_39","long",1.473447,1.86053,1.690134,26
"2013-04-01","b_2_39","long",1.286898,1.688734,1.511937,26
"2013-05-01","b_2_39","long",1.258568,1.642976,1.468243,26
"2013-06-01","b_2_39","long",1.371667,1.75438,1.575487,26
"2013-07-01","b_2_39","long",1.388313,1.76218,1.591023,26
"2013-08-01","b_2_39","long",1.382553,1.75552,1.58137,26
"2013-09-01","b_2_39","long",1.319417,1.711201,1.528287,26
"2013-10-01","b_2_39","long",1.30947,1.652586,1.498521,26
"2013-11-01","b_2_39","long",1.402767,1.744662,1.590964,26
"2013-12-01","b_2_39","long",1.408004,1.755674,1.59919,26
"2014-01-01","b_2_39","long",1.360564,1.745107,1.563079,26
"2014-02-01","b_2_39","long",1.281923,1.678962,1.492497,26
"2014-03-01","b_2_39","long",1.339701,1.73189,1.539143,26
"2014-04-01","b_2_39","long",1.539072,1.939969,1.735296,26
"2014-05-01","b_2_39","long",1.617855,2.022153,1.8199,26
"2014-06-01","b_2_39","long",1.587012,1.984463,1.790164,26
"2014-07-01","b_2_39","long",1.605183,2.005131,1.807659,26
"2014-08-01","b_2_39","long",1.509412,1.928439,1.725098,26
"2014-09-01","b_2_39","long",1.547826,1.956269,1.759001,26
"2014-10-01","b_2_39","long",1.397468,1.832605,1.621917,26
"2014-11-01","b_2_39","long",1.329692,1.783093,1.565647,26
"2014-12-01","b_2_39","long",1.328459,1.790472,1.571505,26
"2015-01-01","b_2_39","long",1.109358,1.586957,1.375637,26
"2015-02-01","b_2_39","long",1.179256,1.659858,1.44623,26
"2015-03-01","b_2_39","long",1.193286,1.66061,1.456434,26
"2015-04-01","b_2_39","long",1.182831,1.645189,1.453235,26
"2015-05-01","b_2_39","long",1.139789,1.596208,1.405052,26
"2015-06-01","b_2_39","long",1.14588,1.613597,1.416801,26
"2015-07-01","b_2_39","long",1.139469,1.60335,1.409233,26
"2015-08-01","b_2_39","long",1.147128,1.616226,1.427244,26
"2015-09-01","b_2_39","long",1.147686,1.628239,1.436384,26
"2015-10-01","b_2_39","long",1.150211,1.623577,1.439857,26
"2015-11-01","b_2_39","long",1.135743,1.595251,1.417108,26
"2015-12-01","b_2_39","long",1.062716,1.531741,1.349728,26
"2016-01-01","b_2_39","long",1.240474,1.670865,1.502216,26
"2016-02-01","b_2_39","long",1.245743,1.668966,1.503188,26
"2016-03-01","b_2_39","long",1.277624,1.698465,1.535342,26
"2016-04-01","b_2_39","long",1.353297,1.784782,1.610981,26
"2016-05-01","b_2_39","long",1.444831,1.875555,1.700467,26
"2016-06-01","b_2_39","long",1.394758,1.827854,1.653957,26
"2016-07-01","b_2_39","long",1.372582,1.814896,1.638185,26
"2016-08-01","b_2_39","long",1.431528,1.857221,1.681091,26
"2016-09-01","b_2_39","long",1.503495,1.912144,1.738443,26
"2016-10-01","b_2_39","long",1.647306,2.03148,1.865338,26
"2016-11-01","b_2_39","long",1.621194,2.008871,1.839749,26
"2016-12-01","b_2_39","long",1.705774,2.072721,1.911833,26
"2017-01-01","b_2_39","long",1.795785,2.179778,1.999862,26
"2017-02-01","b_2_39","long",1.787769,2.161229,1.984301,26
"2017-03-01","b_2_39","long",1.716086,2.102146,1.923307,26
"2017-04-01","b_2_39","long",1.596023,1.961404,1.794706,26
"2017-05-01","b_2_39","long",1.508598,1.87525,1.708776,26
"2017-06-01","b_2_39","long",1.534477,1.891442,1.725218,26
"2017-07-01","b_2_39","long",1.518968,1.872262,1.706066,26
"2017-08-01","b_2_39","long",1.532842,1.891531,1.723443,26
"2017-09-01","b_2_39","long",1.463053,1.825253,1.658702,26
"2017-10-01","b_2_39","long",1.500726,1.879348,1.705901,26
"2017-11-01","b_2_39","long",1.513966,1.902545,1.727174,26
"2017-12-01","b_2_39","long",1.559636,1.950985,1.775448,26
"2018-01-01","b_2_39","long",1.640289,2.042214,1.863535,26
"2018-02-01","b_2_39","long",1.672898,2.096825,1.900749,26
"2018-03-01","b_2_39","long",1.708384,2.127428,1.92589,26
"2018-04-01","b_2_39","long",1.725787,2.159786,1.947597,26
"2018-05-01","b_2_39","long",1.759132,2.193589,1.982772,26
"2018-06-01","b_2_39","long",1.795235,2.225837,2.019617,26
"2018-07-01","b_2_39","long",1.810678,2.241225,2.035663,26
"2018-08-01","b_2_39","long",1.798528,2.232736,2.026876,26
"2018-09-01","b_2_39","long",1.849232,2.280651,2.072414,26
"2018-10-01","b_2_39","long",1.820455,2.23683,2.033287,26
"2018-11-01","b_2_39","long",1.891211,2.306713,2.105077,26
"2018-12-01","b_2_39","long",1.880298,2.298395,2.092809,26
"2019-01-01","b_2_39","long",1.695037,2.104303,1.914123,26
"2019-02-01","b_2_39","long",1.714218,2.104313,1.929936,26
"2019-03-01","b_2_39","long",1.751879,2.141276,1.970762,26
"2019-04-01","b_2_39","long",1.80013,2.196114,2.027896,26
"2019-05-01","b_2_39","long",1.743237,2.132503,1.964025,26
"2019-06-01","b_2_39","long",1.672929,2.080858,1.903777,26
"2019-07-01","b_2_39","long",1.738089,2.138551,1.961856,26
"2019-08-01","b_2_39","long",1.743492,2.137077,1.962577,26
"2019-09-01","b_2_39","long",1.614628,2.029074,1.849269,26
"2019-10-01","b_2_39","long",1.684165,2.110555,1.928863,26
"2019-11-01","b_2_39","long",1.667562,2.0768,1.89811,26
"2019-12-01","b_2_39","long",1.655209,2.080123,1.889973,26
"2020-01-01","b_2_39","long",1.762395,2.160098,1.979473,26
"2020-02-01","b_2_39","long",1.749464,2.149681,1.967698,26
"2020-03-01","b_2_39","long",1.683542,2.083276,1.902174,26
"2020-04-01","b_2_39","long",1.541843,2.011325,1.809245,26
"2020-05-01","b_2_39","long",1.621588,2.09983,1.896182,26
"2020-06-01","b_2_39","long",1.715253,2.201917,1.982902,26
"2020-07-01","b_2_39","long",1.781783,2.307932,2.061056,26
"2020-08-01","b_2_39","long",1.888331,2.411498,2.159119,26
"2020-09-01","b_2_39","long",1.955299,2.468243,2.216939,26
"2020-10-01","b_2_39","long",1.843353,2.341095,2.095263,26
"2020-11-01","b_2_39","long",1.816777,2.32542,2.073843,26
"2020-12-01","b_2_39","long",1.859729,2.378283,2.116269,26
"2021-01-01","b_2_39","long",1.867351,2.437547,2.144176,26
"2021-02-01","b_2_39","long",1.983002,2.554552,2.260567,26
"2021-03-01","b_2_39","long",2.106694,2.730795,2.403361,26
"2021-04-01","b_2_39","long",2.349887,2.942165,2.6083,26
"2021-05-01","b_2_39","long",2.464426,3.106264,2.74668,26
"2021-06-01","b_2_39","long",2.533046,3.213466,2.83605,26
"2021-07-01","b_2_39","long",2.633844,3.30324,2.936773,26
"2021-08-01","b_2_39","long",2.715489,3.411716,3.032857,26
"2021-09-01","b_2_39","long",2.95725,3.659262,3.274765,26
"2021-10-01","b_2_39","long",3.334536,4.098707,3.681159,26
"2021-11-01","b_2_39","long",3.620876,4.428813,3.990278,26
"2021-12-01","b_2_39","long",3.873452,4.695455,4.254262,26
"2022-01-01","b_2_39","long",4.274511,5.067462,4.645799,26
"2022-02-01","b_2_39","long",4.452355,5.321484,4.860505,26
"2022-03-01","b_2_39","long",4.578835,5.471945,5.005672,26
"2022-04-01","b_2_39","long",4.576056,5.419889,4.983165,26
"2022-05-01","b_2_39","long",4.756167,5.593806,5.153638,26
"2022-06-01","b_2_39","long",5.17124,6.006385,5.570574,26
"2022-07-01","b_2_39","long",5.189821,6.011824,5.584991,26
"2022-08-01","b_2_39","long",5.358314,6.149516,5.739051,26
"2022-09-01","b_2_39","long",5.364007,6.14987,5.745098,26
"2022-10-01","b_2_39","long",5.289673,6.031995,5.653982,26
"2022-11-01","b_2_39","long",5.199191,5.904286,5.548387,26
"2022-12-01","b_2_39","long",5.111913,5.780851,5.447968,26
"2023-01-01","b_2_39","long",4.908304,5.569013,5.238803,26
"2023-02-01","b_2_39","long",4.823722,5.408962,5.118535,26
"2023-03-01","b_2_39","long",4.781289,5.306838,5.049681,26
"2023-04-01","b_2_39","long",4.795799,5.344871,5.083761,26
"2023-05-01","b_2_39","long",4.594132,5.126556,4.881713,26
"2023-06-01","b_2_39","long",4.142269,4.616923,4.404268,26
"2023-07-01","b_2_39","long",3.978183,4.457666,4.248411,26
"2023-08-01","b_2_39","long",3.681194,4.166256,3.959446,26
"2023-09-01","b_2_39","long",3.577552,4.059462,3.853076,26
"2023-10-01","b_2_39","long",3.410888,3.888157,3.682112,26
"2023-11-01","b_2_39","long",3.264927,3.76365,3.549849,26
"2023-12-01","b_2_39","long",3.081102,3.578804,3.367765,26
"2024-01-01","b_2_39","long",3.107207,3.613573,3.399047,26
"2024-02-01","b_2_39","long",2.976375,3.505656,3.275196,26
"2024-03-01","b_2_39","long",2.934661,3.487457,3.237832,26
"2024-04-01","b_2_39","long",2.822468,3.34534,3.10528,26
"2024-05-01","b_2_39","long",2.66936,3.208925,2.96526,26
"2024-06-01","b_2_39","long",2.59188,3.153891,2.903076,26
"2024-07-01","b_2_39","long",2.560189,3.093369,2.851418,26
"2024-08-01","b_2_39","long",2.549349,3.077768,2.836035,26
"2024-09-01","b_2_39","long",2.53544,3.055408,2.819144,26
"2024-10-01","b_2_39","long",2.54552,3.062018,2.826118,26
"2024-11-01","b_2_39","long",2.563569,3.049607,2.823552,26
"2024-12-01","b_2_39","long",2.61489,3.100099,2.873305,26
"2025-01-01","b_2_39","long",2.435847,2.934779,2.700009,26
"2025-02-01","b_2_39","long",2.455756,2.930097,2.709436,26
"2025-03-01","b_2_39","long",2.385627,2.859702,2.655681,26
"2025-04-01","b_2_39","long",2.483358,2.954888,2.75027,26
"2025-05-01","b_2_39","long",2.575067,2.992965,2.807687,26
"2025-06-01","b_2_39","long",2.724938,3.118481,2.942578,26
"2025-07-01","b_2_39","long",2.709973,3.117513,2.936351,26
"2025-08-01","b_2_39","long",2.764138,3.169839,2.986246,26
"2025-09-01","b_2_39","long",2.73337,3.148086,2.958771,26
"2025-10-01","b_2_39","long",2.630672,3.044928,2.856312,26
"2025-11-01","b_2_39","long",2.614827,3.024939,2.83553,26
"2025-12-01","b_2_39","long",2.652232,3.069768,2.868802,26
"2026-01-01","b_2_39","long",2.647378,3.096827,2.878346,26
"2026-02-01","b_2_39","long",2.600981,3.091197,2.850257,26
"2026-03-01","b_2_39","long",2.66067,3.123755,2.87937,26
"2026-04-01","b_2_39","long",2.638424,3.151131,2.871762,26
"2026-05-01","b_2_39","long",2.678231,3.203484,2.91639,26
"2026-06-01","b_2_39","long",2.561716,3.098827,2.807371,26
"2026-07-01","b_2_39","long",2.512495,3.065886,2.767802,26
"2026-08-01","b_2_39","long",2.492804,3.061852,2.751133,26
"1960-01-01","b_2_39","80s",1.519431,2.184294,1.812146,87
"1960-02-01","b_2_39","80s",1.526613,2.184479,1.816474,87
"1960-03-01","b_2_39","80s",1.497218,2.163465,1.790358,87
"1960-04-01","b_2_39","80s",1.483277,2.153437,1.775006,87
"1960-05-01","b_2_39","80s",1.451849,2.109013,1.736796,87
"1960-06-01","b_2_39","80s",1.279607,1.928756,1.565769,87
"1960-07-01","b_2_39","80s",1.306888,1.947768,1.589936,87
"1960-08-01","b_2_39","80s",1.271574,1.913273,1.556158,87
"1960-09-01","b_2_39","80s",1.157175,1.801568,1.449875,87
"1960-10-01","b_2_39","80s",1.084904,1.726906,1.377323,87
"1960-11-01","b_2_39","80s",1.144784,1.799206,1.445196,87
"1960-12-01","b_2_39","80s",1.112448,1.771491,1.41521,87
"1961-01-01","b_2_39","80s",1.147461,1.771873,1.421144,87
"1961-02-01","b_2_39","80s",1.099517,1.712921,1.368388,87
"1961-03-01","b_2_39","80s",1.015705,1.622186,1.285922,87
"1961-04-01","b_2_39","80s",0.859133,1.46919,1.146194,87
"1961-05-01","b_2_39","80s",0.821441,1.437628,1.109335,87
"1961-06-01","b_2_39","80s",0.848803,1.455253,1.132001,87
"1961-07-01","b_2_39","80s",0.799042,1.407138,1.084697,87
"1961-08-01","b_2_39","80s",0.737734,1.311384,1.007502,87
"1961-09-01","b_2_39","80s",0.783947,1.349459,1.045078,87
"1961-10-01","b_2_39","80s",0.710098,1.27262,0.975874,87
"1961-11-01","b_2_39","80s",0.6188,1.1771,0.888302,87
"1961-12-01","b_2_39","80s",0.541681,1.089393,0.807709,87
"1962-01-01","b_2_39","80s",0.720245,1.259496,0.992452,87
"1962-02-01","b_2_39","80s",0.808561,1.358842,1.086329,87
"1962-03-01","b_2_39","80s",0.984338,1.537059,1.261043,87
"1962-04-01","b_2_39","80s",0.944424,1.483118,1.20147,87
"1962-05-01","b_2_39","80s",0.962874,1.500307,1.222077,87
"1962-06-01","b_2_39","80s",0.986518,1.526573,1.247894,87
"1962-07-01","b_2_39","80s",0.882785,1.442069,1.164186,87
"1962-08-01","b_2_39","80s",0.94258,1.508731,1.227622,87
"1962-09-01","b_2_39","80s",0.986119,1.721647,1.325364,87
"1962-10-01","b_2_39","80s",0.90925,1.681465,1.27448,87
"1962-11-01","b_2_39","80s",0.921802,1.683838,1.277159,87
"1962-12-01","b_2_39","80s",0.851484,1.634724,1.219942,87
"1963-01-01","b_2_39","80s",0.799826,1.589184,1.171249,87
"1963-02-01","b_2_39","80s",0.73005,1.507381,1.099916,87
"1963-03-01","b_2_39","80s",0.570337,1.359493,0.947678,87
"1963-04-01","b_2_39","80s",0.604025,1.377726,0.97493,87
"1963-05-01","b_2_39","80s",0.717969,1.496982,1.088173,87
"1963-06-01","b_2_39","80s",0.727498,1.525191,1.1033,87
"1963-07-01","b_2_39","80s",0.796422,1.581956,1.154383,87
"1963-08-01","b_2_39","80s",0.778628,1.600885,1.155761,87
"1963-09-01","b_2_39","80s",0.675468,1.32151,0.997546,87
"1963-10-01","b_2_39","80s",0.927402,1.520587,1.21214,87
"1963-11-01","b_2_39","80s",0.946334,1.550729,1.235043,87
"1963-12-01","b_2_39","80s",1.072748,1.675429,1.356358,87
"1964-01-01","b_2_39","80s",1.067713,1.667034,1.341706,87
"1964-02-01","b_2_39","80s",1.114372,1.696853,1.380245,87
"1964-03-01","b_2_39","80s",1.123863,1.685572,1.374717,87
"1964-04-01","b_2_39","80s",1.133311,1.703365,1.392918,87
"1964-05-01","b_2_39","80s",0.981671,1.546392,1.243124,87
"1964-06-01","b_2_39","80s",0.905748,1.460915,1.163451,87
"1964-07-01","b_2_39","80s",0.847445,1.406567,1.110453,87
"1964-08-01","b_2_39","80s",0.842817,1.359318,1.086723,87
"1964-09-01","b_2_39","80s",0.830211,1.354428,1.07782,87
"1964-10-01","b_2_39","80s",0.710119,1.240039,0.961704,87
"1964-11-01","b_2_39","80s",0.732771,1.253229,0.982448,87
"1964-12-01","b_2_39","80s",0.731663,1.229637,0.972401,87
"1965-01-01","b_2_39","80s",0.745599,1.241842,0.98549,87
"1965-02-01","b_2_39","80s",0.657391,1.165093,0.904201,87
"1965-03-01","b_2_39","80s",0.737081,1.255384,0.987855,87
"1965-04-01","b_2_39","80s",0.832554,1.336042,1.071745,87
"1965-05-01","b_2_39","80s",0.895154,1.41149,1.14066,87
"1965-06-01","b_2_39","80s",1.008577,1.527398,1.254623,87
"1965-07-01","b_2_39","80s",1.073502,1.577648,1.31081,87
"1965-08-01","b_2_39","80s",1.124026,1.624543,1.358939,87
"1965-09-01","b_2_39","80s",1.18951,1.697866,1.432003,87
"1965-10-01","b_2_39","80s",1.218317,1.749722,1.481836,87
"1965-11-01","b_2_39","80s",1.279605,1.8038,1.53524,87
"1965-12-01","b_2_39","80s",1.406062,1.96185,1.673186,87
"1966-01-01","b_2_39","80s",1.430064,1.980672,1.698228,87
"1966-02-01","b_2_39","80s",1.61362,2.218274,1.897532,87
"1966-03-01","b_2_39","80s",1.680093,2.307689,1.975656,87
"1966-04-01","b_2_39","80s",1.835622,2.469623,2.13578,87
"1966-05-01","b_2_39","80s",1.883578,2.522809,2.184294,87
"1966-06-01","b_2_39","80s",1.936051,2.599298,2.252337,87
"1966-07-01","b_2_39","80s",2.036467,2.719799,2.362118,87
"1966-08-01","b_2_39","80s",2.073637,2.76059,2.401313,87
"1966-09-01","b_2_39","80s",2.264569,2.938495,2.580437,87
"1966-10-01","b_2_39","80s",2.465606,3.112476,2.758904,87
"1966-11-01","b_2_39","80s",2.462991,3.133731,2.771307,87
"1966-12-01","b_2_39","80s",2.439688,3.091618,2.741572,87
"1967-01-01","b_2_39","80s",2.414182,3.077497,2.723501,87
"1967-02-01","b_2_39","80s",2.396305,3.013322,2.697082,87
"1967-03-01","b_2_39","80s",2.326511,2.920697,2.618889,87
"1967-04-01","b_2_39","80s",2.202779,2.79757,2.495372,87
"1967-05-01","b_2_39","80s",2.212607,2.784298,2.491198,87
"1967-06-01","b_2_39","80s",2.264028,2.80334,2.523802,87
"1967-07-01","b_2_39","80s",2.311864,2.832229,2.56355,87
"1967-08-01","b_2_39","80s",2.372134,2.918792,2.635277,87
"1967-09-01","b_2_39","80s",2.404953,2.949172,2.665575,87
"1967-10-01","b_2_39","80s",2.400602,2.960517,2.667342,87
"1967-11-01","b_2_39","80s",2.504765,3.065588,2.767595,87
"1967-12-01","b_2_39","80s",2.569833,3.135965,2.834999,87
"1968-01-01","b_2_39","80s",2.763391,3.331048,3.023987,87
"1968-02-01","b_2_39","80s",2.882142,3.432417,3.13026,87
"1968-03-01","b_2_39","80s",3.053483,3.600273,3.294673,87
"1968-04-01","b_2_39","80s",3.155709,3.70007,3.400977,87
"1968-05-01","b_2_39","80s",3.357224,3.908595,3.608581,87
"1968-06-01","b_2_39","80s",3.432981,3.992226,3.689182,87
"1968-07-01","b_2_39","80s",3.423666,3.988495,3.682078,87
"1968-08-01","b_2_39","80s",3.596859,4.128409,3.842319,87
"1968-09-01","b_2_39","80s",3.622667,4.150955,3.868421,87
"1968-10-01","b_2_39","80s",3.715683,4.236676,3.960076,87
"1968-11-01","b_2_39","80s",3.788189,4.285915,4.026991,87
"1968-12-01","b_2_39","80s",3.785233,4.324908,4.065446,87
"1969-01-01","b_2_39","80s",3.784665,4.320385,4.062717,87
"1969-02-01","b_2_39","80s",3.697283,4.243689,3.978359,87
"1969-03-01","b_2_39","80s",3.850791,4.406968,4.139304,87
"1969-04-01","b_2_39","80s",3.952903,4.521696,4.242337,87
"1969-05-01","b_2_39","80s",3.966247,4.539591,4.257342,87
"1969-06-01","b_2_39","80s",4.000876,4.56472,4.289158,87
"1969-07-01","b_2_39","80s",4.216075,4.776445,4.504794,87
"1969-08-01","b_2_39","80s",4.09245,4.655713,4.383789,87
"1969-09-01","b_2_39","80s",4.139291,4.710199,4.436351,87
"1969-10-01","b_2_39","80s",4.128822,4.698601,4.424902,87
"1969-11-01","b_2_39","80s",4.170823,4.741365,4.467815,87
"1969-12-01","b_2_39","80s",4.312581,4.834931,4.56549,87
"1970-01-01","b_2_39","80s",4.307046,4.829096,4.55795,87
"1970-02-01","b_2_39","80s",4.447331,4.972138,4.701415,87
"1970-03-01","b_2_39","80s",4.378724,4.921967,4.650361,87
"1970-04-01","b_2_39","80s",4.407552,4.973915,4.69098,87
"1970-05-01","b_2_39","80s",4.340532,4.908638,4.62434,87
"1970-06-01","b_2_39","80s",4.266645,4.859751,4.567933,87
"1970-07-01","b_2_39","80s",4.173601,4.756898,4.470036,87
"1970-08-01","b_2_39","80s",4.242307,4.818862,4.533769,87
"1970-09-01","b_2_39","80s",4.25125,4.820969,4.538283,87
"1970-10-01","b_2_39","80s",4.334797,4.963326,4.648174,87
"1970-11-01","b_2_39","80s",4.328151,4.974576,4.645248,87
"1970-12-01","b_2_39","80s",4.395589,5.06362,4.724504,87
"1971-01-01","b_2_39","80s",4.357493,5.013981,4.685369,87
"1971-02-01","b_2_39","80s",4.24062,4.893789,4.56453,87
"1971-03-01","b_2_39","80s",4.140115,4.779132,4.447159,87
"1971-04-01","b_2_39","80s",4.064725,4.682226,4.359279,87
"1971-05-01","b_2_39","80s",4.151095,4.765791,4.44516,87
"1971-06-01","b_2_39","80s",4.272276,4.871071,4.549127,87
"1971-07-01","b_2_39","80s",4.192941,4.807323,4.477092,87
"1971-08-01","b_2_39","80s",4.144927,4.795181,4.450497,87
"1971-09-01","b_2_39","80s",3.967097,4.614131,4.275472,87
"1971-10-01","b_2_39","80s",3.628801,4.205127,3.906172,87
"1971-11-01","b_2_39","80s",3.420578,3.980639,3.69415,87
"1971-12-01","b_2_39","80s",3.23325,3.780603,3.498691,87
"1972-01-01","b_2_39","80s",3.219896,3.787254,3.489645,87
"1972-02-01","b_2_39","80s",3.22048,3.795996,3.491635,87
"1972-03-01","b_2_39","80s",3.196646,3.7629,3.472416,87
"1972-04-01","b_2_39","80s",3.011185,3.552146,3.276208,87
"1972-05-01","b_2_39","80s",2.801079,3.331834,3.061423,87
"1972-06-01","b_2_39","80s",2.56127,3.089334,2.824171,87
"1972-07-01","b_2_39","80s",2.555651,3.11083,2.828318,87
"1972-08-01","b_2_39","80s",2.514927,3.040324,2.770677,87
"1972-09-01","b_2_39","80s",2.594543,3.148004,2.855531,87
"1972-10-01","b_2_39","80s",2.655731,3.222486,2.922873,87
"1972-11-01","b_2_39","80s",2.774803,3.341616,3.041492,87
"1972-12-01","b_2_39","80s",2.818402,3.361983,3.074827,87
"1973-01-01","b_2_39","80s",2.797798,3.330717,3.050914,87
"1973-02-01","b_2_39","80s",2.921957,3.46011,3.180981,87
"1973-03-01","b_2_39","80s",3.156418,3.713858,3.416237,87
"1973-04-01","b_2_39","80s",3.583876,4.197178,3.861975,87
"1973-05-01","b_2_39","80s",3.829855,4.505741,4.135315,87
"1973-06-01","b_2_39","80s",4.033531,4.774497,4.356706,87
"1973-07-01","b_2_39","80s",3.993043,4.704414,4.302958,87
"1973-08-01","b_2_39","80s",4.221081,5.037104,4.572359,87
"1973-09-01","b_2_39","80s",4.270391,5.173456,4.656372,87
"1973-10-01","b_2_39","80s",4.571698,5.653807,5.02019,87
"1973-11-01","b_2_39","80s",4.792287,6.064006,5.302401,87
"1973-12-01","b_2_39","80s",5.006504,6.379458,5.548963,87
"1974-01-01","b_2_39","80s",5.285988,6.80789,5.876247,87
"1974-02-01","b_2_39","80s",5.620868,7.406811,6.314791,87
"1974-03-01","b_2_39","80s",5.939755,7.937783,6.704399,87
"1974-04-01","b_2_39","80s",6.069505,8.080326,6.848716,87
"1974-05-01","b_2_39","80s",6.535263,8.588146,7.337612,87
"1974-06-01","b_2_39","80s",7.041993,9.089687,7.850179,87
"1974-07-01","b_2_39","80s",7.551031,9.694277,8.404063,87
"1974-08-01","b_2_39","80s",8.040695,10.224487,8.903692,87
"1974-09-01","b_2_39","80s",8.566674,10.710301,9.41109,87
"1974-10-01","b_2_39","80s",8.855258,10.870604,9.662531,87
"1974-11-01","b_2_39","80s",8.998915,10.85674,9.755383,87
"1974-12-01","b_2_39","80s",9.168762,10.970931,9.911718,87
"1975-01-01","b_2_39","80s",9.282549,10.972875,10.004149,87
"1975-02-01","b_2_39","80s",9.125739,10.548592,9.743909,87
"1975-03-01","b_2_39","80s",8.694476,9.892985,9.239572,87
"1975-04-01","b_2_39","80s",8.408029,9.557995,8.931759,87
"1975-05-01","b_2_39","80s",7.83358,8.919437,8.327421,87
"1975-06-01","b_2_39","80s",7.391556,8.515556,7.897007,87
"1975-07-01","b_2_39","80s",7.186716,8.335272,7.673061,87
"1975-08-01","b_2_39","80s",6.648934,7.672995,7.098091,87
"1975-09-01","b_2_39","80s",6.317722,7.299144,6.759689,87
"1975-10-01","b_2_39","80s",6.200016,7.139578,6.624352,87
"1975-11-01","b_2_39","80s",6.069298,7.015867,6.501369,87
"1975-12-01","b_2_39","80s",5.868758,6.806172,6.299864,87
"1976-01-01","b_2_39","80s",5.622583,6.532953,6.037951,87
"1976-02-01","b_2_39","80s",5.363367,6.350135,5.824635,87
"1976-03-01","b_2_39","80s",5.263724,6.293966,5.750716,87
"1976-04-01","b_2_39","80s",5.10718,6.174244,5.626022,87
"1976-05-01","b_2_39","80s",5.26693,6.317503,5.779816,87
"1976-06-01","b_2_39","80s",5.280866,6.248534,5.76311,87
"1976-07-01","b_2_39","80s",5.16191,6.018555,5.625126,87
"1976-08-01","b_2_39","80s",5.226559,6.093371,5.690325,87
"1976-09-01","b_2_39","80s",5.167874,6.023375,5.622757,87
"1976-10-01","b_2_39","80s",5.05449,5.931918,5.513344,87
"1976-11-01","b_2_39","80s",4.990264,5.858302,5.450643,87
"1976-12-01","b_2_39","80s",4.95836,5.823355,5.417041,87
"1977-01-01","b_2_39","80s",5.120892,5.979553,5.575738,87
"1977-02-01","b_2_39","80s",5.474961,6.267533,5.887955,87
"1977-03-01","b_2_39","80s",5.784804,6.554651,6.185598,87
"1977-04-01","b_2_39","80s",5.96173,6.698392,6.331066,87
"1977-05-01","b_2_39","80s",5.969372,6.710638,6.340443,87
"1977-06-01","b_2_39","80s",6.042853,6.791111,6.419145,87
"1977-07-01","b_2_39","80s",6.088423,6.850643,6.474514,87
"1977-08-01","b_2_39","80s",6.087311,6.848684,6.474108,87
"1977-09-01","b_2_39","80s",6.019943,6.803372,6.421425,87
"1977-10-01","b_2_39","80s",5.922329,6.696531,6.318432,87
"1977-11-01","b_2_39","80s",6.050063,6.79849,6.43053,87
"1977-12-01","b_2_39","80s",6.111963,6.864844,6.491314,87
"1978-01-01","b_2_39","80s",5.969249,6.754893,6.360373,87
"1978-02-01","b_2_39","80s",5.817338,6.606618,6.212969,87
"1978-03-01","b_2_39","80s",5.816223,6.607361,6.20276,87
"1978-04-01","b_2_39","80s",5.98551,6.805941,6.379398,87
"1978-05-01","b_2_39","80s",6.16615,6.974393,6.552635,87
"1978-06-01","b_2_39","80s",6.213205,7.009148,6.5921,87
"1978-07-01","b_2_39","80s",6.324717,7.112465,6.694899,87
"1978-08-01","b_2_39","80s",6.450616,7.227195,6.812195,87
"1978-09-01","b_2_39","80s",6.623182,7.382081,6.975461,87
"1978-10-01","b_2_39","80s",6.95367,7.700633,7.30504,87
"1978-11-01","b_2_39","80s",7.049109,7.815705,7.407825,87
"1978-12-01","b_2_39","80s",7.073272,7.831738,7.434276,87
"1979-01-01","b_2_39","80s",7.405973,8.146976,7.759519,87
"1979-02-01","b_2_39","80s",7.610041,8.331879,7.954175,87
"1979-03-01","b_2_39","80s",7.670773,8.391234,8.007695,87
"1979-04-01","b_2_39","80s",7.670056,8.414618,8.008459,87
"1979-05-01","b_2_39","80s",7.802351,8.566754,8.154145,87
"1979-06-01","b_2_39","80s",7.845807,8.64001,8.206819,87
"1979-07-01","b_2_39","80s",7.939422,8.740272,8.30242,87
"1979-08-01","b_2_39","80s",8.088684,8.91094,8.467112,87
"1979-09-01","b_2_39","80s",8.239663,9.116449,8.625555,87
"1979-10-01","b_2_39","80s",8.383845,9.292051,8.78486,87
"1979-11-01","b_2_39","80s",8.389591,9.31321,8.794725,87
"1979-12-01","b_2_39","80s",8.564056,9.576996,9.001967,87
"1980-01-01","b_2_39","80s",8.707319,9.794849,9.165943,87
"1980-02-01","b_2_39","80s",8.971858,10.211448,9.489153,87
"1980-03-01","b_2_39","80s",9.184836,10.575183,9.729406,87
"1980-04-01","b_2_39","80s",9.15127,10.515283,9.697399,87
"1980-05-01","b_2_39","80s",9.077181,10.450469,9.625384,87
"1980-06-01","b_2_39","80s",9.228778,10.627534,9.800908,87
"1980-07-01","b_2_39","80s",9.156393,10.579784,9.738126,87
"1980-08-01","b_2_39","80s",9.157033,10.578885,9.732276,87
"1980-09-01","b_2_39","80s",9.219636,10.593813,9.790368,87
"1980-10-01","b_2_39","80s",9.076756,10.438341,9.641089,87
"1980-11-01","b_2_39","80s",9.135336,10.4719,9.690054,87
"1980-12-01","b_2_39","80s",9.086071,10.327438,9.606171,87
"1981-01-01","b_2_39","80s",9.007081,10.229707,9.52819,87
"1981-02-01","b_2_39","80s",8.885858,9.977005,9.357268,87
"1981-03-01","b_2_39","80s",8.65588,9.607336,9.120135,87
"1981-04-01","b_2_39","80s",8.549518,9.559053,9.072575,87
"1981-05-01","b_2_39","80s",8.307435,9.406838,8.887802,87
"1981-06-01","b_2_39","80s",8.019573,9.110276,8.601754,87
"1981-07-01","b_2_39","80s",7.9964,9.085247,8.578841,87
"1981-08-01","b_2_39","80s",7.917826,9.013953,8.502546,87
"1981-09-01","b_2_39","80s",7.726115,8.806958,8.300199,87
"1981-10-01","b_2_39","80s",7.475533,8.550756,8.049752,87
"1981-11-01","b_2_39","80s",7.240339,8.353789,7.82967,87
"1981-12-01","b_2_39","80s",6.92831,8.06634,7.52627,87
"1982-01-01","b_2_39","80s",6.600102,7.715712,7.185974,87
"1982-02-01","b_2_39","80s",6.147702,7.269422,6.74252,87
"1982-03-01","b_2_39","80s",5.949062,7.071175,6.554674,87
"1982-04-01","b_2_39","80s",5.758621,6.810905,6.309741,87
"1982-05-01","b_2_39","80s",5.756386,6.701124,6.241234,87
"1982-06-01","b_2_39","80s",5.747156,6.714899,6.214862,87
"1982-07-01","b_2_39","80s",5.809736,6.762304,6.274761,87
"1982-08-01","b_2_39","80s",5.475127,6.409924,5.931931,87
"1982-09-01","b_2_39","80s",5.099497,6.038942,5.562986,87
"1982-10-01","b_2_39","80s",5.086977,6.02812,5.548411,87
"1982-11-01","b_2_39","80s",4.828974,5.753243,5.284721,87
"1982-12-01","b_2_39","80s",4.601817,5.57207,5.097745,87
"1983-01-01","b_2_39","80s",4.537664,5.499047,5.05092,87
"1983-02-01","b_2_39","80s",4.467675,5.422752,4.975526,87
"1983-03-01","b_2_39","80s",4.280953,5.1926,4.757451,87
"1983-04-01","b_2_39","80s",4.479326,5.3888,4.944153,87
"1983-05-01","b_2_39","80s",4.273453,5.202632,4.738871,87
"1983-06-01","b_2_39","80s",4.081086,4.937907,4.531078,87
"1983-07-01","b_2_39","80s",3.809604,4.680697,4.259986,87
"1983-08-01","b_2_39","80s",3.735123,4.612195,4.187463,87
"1983-09-01","b_2_39","80s",3.778087,4.677984,4.241423,87
"1983-10-01","b_2_39","80s",3.523343,4.420852,3.98688,87
"1983-11-01","b_2_39","80s",3.594961,4.500497,4.079157,87
"1983-12-01","b_2_39","80s",3.666544,4.511703,4.11123,87
"1984-01-01","b_2_39","80s",3.667868,4.460144,4.075213,87
"1984-02-01","b_2_39","80s",3.685883,4.473691,4.091238,87
"1984-03-01","b_2_39","80s",3.79733,4.61331,4.217974,87
"1984-04-01","b_2_39","80s",3.700569,4.500988,4.119907,87
"1984-05-01","b_2_39","80s",3.607874,4.387771,4.026825,87
"1984-06-01","b_2_39","80s",3.560303,4.43103,4.042035,87
"1984-07-01","b_2_39","80s",3.567266,4.469104,4.091447,87
"1984-08-01","b_2_39","80s",3.605363,4.510136,4.144567,87
"1984-09-01","b_2_39","80s",3.607895,4.492363,4.144279,87
"1984-10-01","b_2_39","80s",3.67503,4.539076,4.201583,87
"1984-11-01","b_2_39","80s",3.529905,4.360448,4.026863,87
"1984-12-01","b_2_39","80s",3.598702,4.451405,4.110834,87
"1985-01-01","b_2_39","80s",3.473394,4.334839,3.984773,87
"1985-02-01","b_2_39","80s",3.625577,4.465382,4.121341,87
"1985-03-01","b_2_39","80s",3.689652,4.498605,4.163818,87
"1985-04-01","b_2_39","80s",3.495836,4.337182,3.994308,87
"1985-05-01","b_2_39","80s",3.601096,4.462428,4.108691,87
"1985-06-01","b_2_39","80s",3.70211,4.496193,4.163704,87
"1985-07-01","b_2_39","80s",3.538746,4.273282,3.9511,87
"1985-08-01","b_2_39","80s",3.495766,4.280287,3.936449,87
"1985-09-01","b_2_39","80s",3.438811,4.254001,3.888304,87
"1985-10-01","b_2_39","80s",3.407513,4.22179,3.854391,87
"1985-11-01","b_2_39","80s",3.593372,4.418221,4.047041,87
"1985-12-01","b_2_39","80s",3.660493,4.450015,4.087321,87
"1986-01-01","b_2_39","80s",3.740143,4.533834,4.175048,87
"1986-02-01","b_2_39","80s",3.40094,4.294609,3.903897,87
"1986-03-01","b_2_39","80s",3.214598,4.148014,3.742121,87
"1986-04-01","b_2_39","80s",3.185426,4.17343,3.751089,87
"1986-05-01","b_2_39","80s",3.091125,4.061613,3.647129,87
"1986-06-01","b_2_39","80s",3.128818,4.088811,3.669651,87
"1986-07-01","b_2_39","80s",3.140234,4.155878,3.730194,87
"1986-08-01","b_2_39","80s",3.099186,4.072773,3.666866,87
"1986-09-01","b_2_39","80s",3.199172,4.130424,3.742179,87
"1986-10-01","b_2_39","80s",3.189458,4.165019,3.76121,87
"1986-11-01","b_2_39","80s",3.091098,4.062407,3.661676,87
"1986-12-01","b_2_39","80s",3.024294,4.01108,3.608166,87
"1987-01-01","b_2_39","80s",3.088011,4.139179,3.683982,87
"1987-02-01","b_2_39","80s",3.188687,4.167073,3.738057,87
"1987-03-01","b_2_39","80s",3.328927,4.283031,3.866119,87
"1987-04-01","b_2_39","80s",3.548116,4.452941,4.050407,87
"1987-05-01","b_2_39","80s",3.660661,4.552661,4.158235,87
"1987-06-01","b_2_39","80s",3.604687,4.518181,4.113284,87
"1987-07-01","b_2_39","80s",3.638592,4.487566,4.092206,87
"1987-08-01","b_2_39","80s",3.787341,4.597045,4.211193,87
"1987-09-01","b_2_39","80s",3.765893,4.564998,4.184399,87
"1987-10-01","b_2_39","80s",3.857985,4.614193,4.251036,87
"1987-11-01","b_2_39","80s",3.875937,4.638251,4.272419,87
"1987-12-01","b_2_39","80s",3.783074,4.568266,4.186394,87
"1988-01-01","b_2_39","80s",3.718286,4.470113,4.128238,87
"1988-02-01","b_2_39","80s",3.709865,4.454812,4.110515,87
"1988-03-01","b_2_39","80s",3.746176,4.483958,4.138692,87
"1988-04-01","b_2_39","80s",3.777641,4.48278,4.144964,87
"1988-05-01","b_2_39","80s",3.74823,4.467439,4.119069,87
"1988-06-01","b_2_39","80s",3.827518,4.511341,4.184115,87
"1988-07-01","b_2_39","80s",4.054972,4.752347,4.413418,87
"1988-08-01","b_2_39","80s",4.000867,4.741091,4.38516,87
"1988-09-01","b_2_39","80s",4.164672,4.913889,4.551587,87
"1988-10-01","b_2_39","80s",4.154212,4.920387,4.547017,87
"1988-11-01","b_2_39","80s",4.161065,4.930204,4.555125,87
"1988-12-01","b_2_39","80s",4.296666,5.033437,4.666216,87
"1989-01-01","b_2_39","80s",4.412045,5.116489,4.761317,87
"1989-02-01","b_2_39","80s",4.545143,5.261328,4.898353,87
"1989-03-01","b_2_39","80s",4.506475,5.222373,4.862071,87
"1989-04-01","b_2_39","80s",4.510137,5.216266,4.857197,87
"1989-05-01","b_2_39","80s",4.582342,5.285491,4.92775,87
"1989-06-01","b_2_39","80s",4.487319,5.212889,4.841423,87
"1989-07-01","b_2_39","80s",4.313208,5.070611,4.701038,87
"1989-08-01","b_2_39","80s",4.162802,4.974353,4.593426,87
"1989-09-01","b_2_39","80s",4.01641,4.847752,4.454815,87
"1989-10-01","b_2_39","80s",4.098501,4.915762,4.531977,87
"1989-11-01","b_2_39","80s",4.107934,4.922453,4.536869,87
"1989-12-01","b_2_39","80s",4.105157,4.932044,4.549233,87
"1990-01-01","b_2_39","80s",4.009877,4.862036,4.457783,87
"1990-02-01","b_2_39","80s",3.979356,4.824182,4.423917,87
"1990-03-01","b_2_39","80s",4.121931,5.000036,4.587423,87
"1990-04-01","b_2_39","80s",4.029291,4.925999,4.512552,87
"1990-05-01","b_2_39","80s",3.949559,4.870301,4.450912,87
"1990-06-01","b_2_39","80s",4.131459,5.058353,4.641144,87
"1990-07-01","b_2_39","80s",4.206821,5.097007,4.681559,87
"1990-08-01","b_2_39","80s",4.479308,5.287949,4.886223,87
"1990-09-01","b_2_39","80s",4.505676,5.293502,4.905374,87
"1990-10-01","b_2_39","80s",4.430483,5.219296,4.825387,87
"1990-11-01","b_2_39","80s",4.324977,5.112185,4.718596,87
"1990-12-01","b_2_39","80s",4.30657,5.100625,4.70849,87
"1991-01-01","b_2_39","80s",4.287877,5.111738,4.696322,87
"1991-02-01","b_2_39","80s",4.19699,5.015923,4.607843,87
"1991-03-01","b_2_39","80s",3.868713,4.690243,4.281425,87
"1991-04-01","b_2_39","80s",3.793128,4.612758,4.205548,87
"1991-05-01","b_2_39","80s",3.874995,4.663315,4.267758,87
"1991-06-01","b_2_39","80s",3.608965,4.40402,4.00731,87
"1991-07-01","b_2_39","80s",3.499432,4.305654,3.909519,87
"1991-08-01","b_2_39","80s",3.356275,4.149228,3.762651,87
"1991-09-01","b_2_39","80s",3.325606,4.110615,3.725927,87
"1991-10-01","b_2_39","80s",3.207705,3.992987,3.612771,87
"1991-11-01","b_2_39","80s",3.333598,4.121152,3.741702,87
"1991-12-01","b_2_39","80s",3.351527,4.136973,3.757559,87
"1992-01-01","b_2_39","80s",3.173725,3.933587,3.586542,87
"1992-02-01","b_2_39","80s",3.205887,3.959184,3.615597,87
"1992-03-01","b_2_39","80s",3.385768,4.098188,3.766158,87
"1992-04-01","b_2_39","80s",3.340677,4.040371,3.705881,87
"1992-05-01","b_2_39","80s",3.252441,3.958073,3.620105,87
"1992-06-01","b_2_39","80s",3.298185,3.982253,3.646699,87
"1992-07-01","b_2_39","80s",3.30856,3.973551,3.641122,87
"1992-08-01","b_2_39","80s",3.232073,3.89916,3.567999,87
"1992-09-01","b_2_39","80s",3.073238,3.754255,3.419931,87
"1992-10-01","b_2_39","80s",3.162108,3.841714,3.504192,87
"1992-11-01","b_2_39","80s",3.103331,3.784385,3.451627,87
"1992-12-01","b_2_39","80s",3.024963,3.680757,3.356193,87
"1993-01-01","b_2_39","80s",3.046391,3.68093,3.35915,87
"1993-02-01","b_2_39","80s",2.97525,3.606734,3.288436,87
"1993-03-01","b_2_39","80s",2.832941,3.481644,3.158301,87
"1993-04-01","b_2_39","80s",2.886342,3.532571,3.215915,87
"1993-05-01","b_2_39","80s",2.876485,3.534558,3.216778,87
"1993-06-01","b_2_39","80s",2.75998,3.427742,3.113103,87
"1993-07-01","b_2_39","80s",2.687176,3.35505,3.045578,87
"1993-08-01","b_2_39","80s",2.622056,3.286111,2.977194,87
"1993-09-01","b_2_39","80s",2.594589,3.267428,2.96289,87
"1993-10-01","b_2_39","80s",2.51389,3.183236,2.880491,87
"1993-11-01","b_2_39","80s",2.451661,3.100822,2.804337,87
"1993-12-01","b_2_39","80s",2.30925,3.011664,2.694337,87
"1994-01-01","b_2_39","80s",2.197448,2.943813,2.616516,87
"1994-02-01","b_2_39","80s",2.172973,2.919952,2.592321,87
"1994-03-01","b_2_39","80s",2.223584,2.946776,2.628577,87
"1994-04-01","b_2_39","80s",2.124231,2.846632,2.526249,87
"1994-05-01","b_2_39","80s",2.059329,2.778871,2.462334,87
"1994-06-01","b_2_39","80s",2.157245,2.844144,2.537444,87
"1994-07-01","b_2_39","80s",2.20688,2.894891,2.583931,87
"1994-08-01","b_2_39","80s",2.173915,2.866833,2.560991,87
"1994-09-01","b_2_39","80s",2.1493,2.844897,2.535784,87
"1994-10-01","b_2_39","80s",2.080463,2.785644,2.470869,87
"1994-11-01","b_2_39","80s",2.088594,2.791746,2.474939,87
"1994-12-01","b_2_39","80s",2.086641,2.768651,2.461672,87
"1995-01-01","b_2_39","80s",2.264544,2.905994,2.613096,87
"1995-02-01","b_2_39","80s",2.219024,2.842262,2.55304,87
"1995-03-01","b_2_39","80s",2.152,2.795797,2.505409,87
"1995-04-01","b_2_39","80s",2.204077,2.8314,2.548417,87
"1995-05-01","b_2_39","80s",2.185904,2.794931,2.516899,87
"1995-06-01","b_2_39","80s",2.079265,2.710938,2.425959,87
"1995-07-01","b_2_39","80s",1.957135,2.602883,2.316833,87
"1995-08-01","b_2_39","80s",2.037732,2.673667,2.383845,87
"1995-09-01","b_2_39","80s",2.031199,2.681957,2.383166,87
"1995-10-01","b_2_39","80s",2.124527,2.757097,2.473034,87
"1995-11-01","b_2_39","80s",2.03264,2.723088,2.41861,87
"1995-12-01","b_2_39","80s",2.133878,2.787591,2.490913,87
"1996-01-01","b_2_39","80s",2.050034,2.686736,2.395941,87
"1996-02-01","b_2_39","80s",2.087346,2.734725,2.433071,87
"1996-03-01","b_2_39","80s",2.119256,2.755321,2.448921,87
"1996-04-01","b_2_39","80s",2.089985,2.74266,2.424725,87
"1996-05-01","b_2_39","80s",2.115513,2.77599,2.451248,87
"1996-06-01","b_2_39","80s",2.09437,2.816505,2.473855,87
"1996-07-01","b_2_39","80s",2.150253,2.861074,2.518084,87
"1996-08-01","b_2_39","80s",2.079461,2.836189,2.484534,87
"1996-09-01","b_2_39","80s",2.207482,2.92379,2.586582,87
"1996-10-01","b_2_39","80s",2.194769,2.918978,2.574973,87
"1996-11-01","b_2_39","80s",2.296068,2.969559,2.645238,87
"1996-12-01","b_2_39","80s",2.243074,2.926636,2.604794,87
"1997-01-01","b_2_39","80s",2.173217,2.852129,2.536702,87
"1997-02-01","b_2_39","80s",2.156519,2.824631,2.520833,87
"1997-03-01","b_2_39","80s",2.112449,2.783999,2.483903,87
"1997-04-01","b_2_39","80s",2.076762,2.764366,2.460331,87
"1997-05-01","b_2_39","80s",1.971389,2.679735,2.373806,87
"1997-06-01","b_2_39","80s",1.965903,2.640351,2.346531,87
"1997-07-01","b_2_39","80s",1.816282,2.531788,2.221232,87
"1997-08-01","b_2_39","80s",1.761626,2.461009,2.152534,87
"1997-09-01","b_2_39","80s",1.710748,2.406297,2.1034,87
"1997-10-01","b_2_39","80s",1.467966,2.184884,1.874732,87
"1997-11-01","b_2_39","80s",1.339869,2.097213,1.764426,87
"1997-12-01","b_2_39","80s",1.246747,2.045884,1.693253,87
"1998-01-01","b_2_39","80s",1.187903,2.020492,1.655691,87
"1998-02-01","b_2_39","80s",1.051273,1.951649,1.562832,87
"1998-03-01","b_2_39","80s",1.025336,1.969237,1.562185,87
"1998-04-01","b_2_39","80s",1.00771,1.947324,1.551522,87
"1998-05-01","b_2_39","80s",1.042148,1.98473,1.581104,87
"1998-06-01","b_2_39","80s",1.015288,1.960659,1.559558,87
"1998-07-01","b_2_39","80s",1.143633,2.036592,1.657473,87
"1998-08-01","b_2_39","80s",1.238601,2.113137,1.738423,87
"1998-09-01","b_2_39","80s",1.094415,2.072594,1.652274,87
"1998-10-01","b_2_39","80s",1.237384,2.194312,1.784739,87
"1998-11-01","b_2_39","80s",1.233379,2.210509,1.809498,87
"1998-12-01","b_2_39","80s",1.23878,2.230191,1.825736,87
"1999-01-01","b_2_39","80s",1.290416,2.260326,1.863391,87
"1999-02-01","b_2_39","80s",1.267797,2.218168,1.82849,87
"1999-03-01","b_2_39","80s",1.222795,2.130227,1.762408,87
"1999-04-01","b_2_39","80s",1.329406,2.228456,1.852092,87
"1999-05-01","b_2_39","80s",1.309726,2.213778,1.846306,87
"1999-06-01","b_2_39","80s",1.319387,2.220213,1.85168,87
"1999-07-01","b_2_39","80s",1.358352,2.266061,1.892951,87
"1999-08-01","b_2_39","80s",1.292529,2.204518,1.834101,87
"1999-09-01","b_2_39","80s",1.469411,2.298281,1.953268,87
"1999-10-01","b_2_39","80s",1.462454,2.292925,1.948684,87
"1999-11-01","b_2_39","80s",1.519195,2.31427,1.973549,87
"1999-12-01","b_2_39","80s",1.637294,2.374081,2.051273,87
"2000-01-01","b_2_39","80s",1.766563,2.508706,2.177427,87
"2000-02-01","b_2_39","80s",1.929311,2.648195,2.319346,87
"2000-03-01","b_2_39","80s",2.069332,2.781585,2.453214,87
"2000-04-01","b_2_39","80s",1.875899,2.664382,2.311687,87
"2000-05-01","b_2_39","80s",1.895182,2.697513,2.338764,87
"2000-06-01","b_2_39","80s",1.971171,2.744892,2.392588,87
"2000-07-01","b_2_39","80s",2.038692,2.83363,2.467625,87
"2000-08-01","b_2_39","80s",2.058651,2.845201,2.481199,87
"2000-09-01","b_2_39","80s",2.083642,2.858664,2.508913,87
"2000-10-01","b_2_39","80s",2.05505,2.868745,2.499758,87
"2000-11-01","b_2_39","80s",2.081265,2.898623,2.529388,87
"2000-12-01","b_2_39","80s",2.064434,2.918412,2.542246,87
"2001-01-01","b_2_39","80s",2.127686,3.02407,2.618673,87
"2001-02-01","b_2_39","80s",2.170638,3.059392,2.663887,87
"2001-03-01","b_2_39","80s",2.086427,3.013133,2.60919,87
"2001-04-01","b_2_39","80s",2.21727,3.113078,2.722951,87
"2001-05-01","b_2_39","80s",2.238417,3.113234,2.726227,87
"2001-06-01","b_2_39","80s",2.295154,3.185433,2.786922,87
"2001-07-01","b_2_39","80s",2.197412,3.071497,2.68853,87
"2001-08-01","b_2_39","80s",2.188665,3.139345,2.719895,87
"2001-09-01","b_2_39","80s",2.101329,3.091982,2.65826,87
"2001-10-01","b_2_39","80s",2.106645,3.105398,2.672278,87
"2001-11-01","b_2_39","80s",2.111616,3.098624,2.669561,87
"2001-12-01","b_2_39","80s",2.019317,3.02837,2.589204,87
"2002-01-01","b_2_39","80s",1.77004,2.769127,2.353617,87
"2002-02-01","b_2_39","80s",1.71015,2.723516,2.301674,87
"2002-03-01","b_2_39","80s",1.758602,2.744461,2.329078,87
"2002-04-01","b_2_39","80s",1.788267,2.72671,2.322691,87
"2002-05-01","b_2_39","80s",1.778734,2.698989,2.302733,87
"2002-06-01","b_2_39","80s",1.690162,2.613409,2.220549,87
"2002-07-01","b_2_39","80s",1.738101,2.665843,2.266665,87
"2002-08-01","b_2_39","80s",1.789192,2.638311,2.273235,87
"2002-09-01","b_2_39","80s",1.864134,2.685314,2.33112,87
"2002-10-01","b_2_39","80s",1.893278,2.685344,2.342503,87
"2002-11-01","b_2_39","80s",1.897885,2.672528,2.336084,87
"2002-12-01","b_2_39","80s",1.9815,2.706141,2.383902,87
"2003-01-01","b_2_39","80s",2.016397,2.732937,2.406139,87
"2003-02-01","b_2_39","80s",2.038121,2.742959,2.408515,87
"2003-03-01","b_2_39","80s",2.027033,2.750086,2.407206,87
"2003-04-01","b_2_39","80s",1.91217,2.636684,2.298434,87
"2003-05-01","b_2_39","80s",1.935432,2.666413,2.318498,87
"2003-06-01","b_2_39","80s",1.928022,2.635274,2.289898,87
"2003-07-01","b_2_39","80s",1.949577,2.649619,2.311929,87
"2003-08-01","b_2_39","80s",1.967868,2.669944,2.323652,87
"2003-09-01","b_2_39","80s",1.910136,2.600274,2.254044,87
"2003-10-01","b_2_39","80s",1.940211,2.630275,2.281661,87
"2003-11-01","b_2_39","80s",1.888271,2.59628,2.240103,87
"2003-12-01","b_2_39","80s",1.907541,2.606871,2.249506,87
"2004-01-01","b_2_39","80s",2.091855,2.775682,2.422486,87
"2004-02-01","b_2_39","80s",2.135845,2.798969,2.463808,87
"2004-03-01","b_2_39","80s",2.126685,2.760902,2.438534,87
"2004-04-01","b_2_39","80s",2.287074,2.923826,2.606298,87
"2004-05-01","b_2_39","80s",2.333135,2.947692,2.644622,87
"2004-06-01","b_2_39","80s",2.439536,3.040539,2.747167,87
"2004-07-01","b_2_39","80s",2.338176,2.976245,2.670279,87
"2004-08-01","b_2_39","80s",2.252373,2.930036,2.612018,87
"2004-09-01","b_2_39","80s",2.234899,2.924315,2.596483,87
"2004-10-01","b_2_39","80s",2.261391,2.935636,2.606053,87
"2004-11-01","b_2_39","80s",2.370693,3.036879,2.700262,87
"2004-12-01","b_2_39","80s",2.303393,3.01238,2.67824,87
"2005-01-01","b_2_39","80s",2.319193,3.018772,2.693242,87
"2005-02-01","b_2_39","80s",2.312764,3.027126,2.696117,87
"2005-03-01","b_2_39","80s",2.348039,3.066398,2.725228,87
"2005-04-01","b_2_39","80s",2.292376,3.01851,2.656398,87
"2005-05-01","b_2_39","80s",2.262529,3.001342,2.633914,87
"2005-06-01","b_2_39","80s",2.192236,2.946898,2.576619,87
"2005-07-01","b_2_39","80s",2.260766,2.985187,2.630139,87
"2005-08-01","b_2_39","80s",2.281806,2.982964,2.644631,87
"2005-09-01","b_2_39","80s",2.410362,3.100086,2.772752,87
"2005-10-01","b_2_39","80s",2.460011,3.156435,2.836068,87
"2005-11-01","b_2_39","80s",2.453152,3.149309,2.841086,87
"2005-12-01","b_2_39","80s",2.415545,3.110091,2.793398,87
"2006-01-01","b_2_39","80s",2.358485,3.050866,2.726264,87
"2006-02-01","b_2_39","80s",2.266876,2.992413,2.660417,87
"2006-03-01","b_2_39","80s",2.281094,3.005751,2.68373,87
"2006-04-01","b_2_39","80s",2.343049,3.049693,2.745237,87
"2006-05-01","b_2_39","80s",2.458108,3.16274,2.859508,87
"2006-06-01","b_2_39","80s",2.601111,3.30806,3.003191,87
"2006-07-01","b_2_39","80s",2.558699,3.308561,2.981394,87
"2006-08-01","b_2_39","80s",2.654102,3.389666,3.063781,87
"2006-09-01","b_2_39","80s",2.543881,3.30773,2.977006,87
"2006-10-01","b_2_39","80s",2.459921,3.228673,2.894393,87
"2006-11-01","b_2_39","80s",2.307416,3.080737,2.738331,87
"2006-12-01","b_2_39","80s",2.454161,3.205542,2.869996,87
"2007-01-01","b_2_39","80s",2.50721,3.289221,2.939643,87
"2007-02-01","b_2_39","80s",2.649149,3.394866,3.053847,87
"2007-03-01","b_2_39","80s",2.60822,3.352107,3.001404,87
"2007-04-01","b_2_39","80s",2.521171,3.26878,2.916701,87
"2007-05-01","b_2_39","80s",2.373328,3.111118,2.762625,87
"2007-06-01","b_2_39","80s",2.297604,3.022315,2.673317,87
"2007-07-01","b_2_39","80s",2.3125,2.985682,2.659255,87
"2007-08-01","b_2_39","80s",2.224697,2.922156,2.593286,87
"2007-09-01","b_2_39","80s",2.365982,3.050884,2.712004,87
"2007-10-01","b_2_39","80s",2.492676,3.188509,2.836181,87
"2007-11-01","b_2_39","80s",2.715204,3.393115,3.052855,87
"2007-12-01","b_2_39","80s",2.737502,3.40728,3.060931,87
"2008-01-01","b_2_39","80s",2.646152,3.284317,2.962331,87
"2008-02-01","b_2_39","80s",2.583916,3.2218,2.890613,87
"2008-03-01","b_2_39","80s",2.612541,3.273011,2.93097,87
"2008-04-01","b_2_39","80s",2.600275,3.286641,2.938933,87
"2008-05-01","b_2_39","80s",2.652677,3.355925,2.994315,87
"2008-06-01","b_2_39","80s",2.724781,3.455592,3.076689,87
"2008-07-01","b_2_39","80s",2.865534,3.636608,3.221104,87
"2008-08-01","b_2_39","80s",2.839331,3.623465,3.202699,87
"2008-09-01","b_2_39","80s",2.686264,3.476577,3.067502,87
"2008-10-01","b_2_39","80s",2.313864,3.305362,2.847369,87
"2008-11-01","b_2_39","80s",2.001175,3.183998,2.669019,87
"2008-12-01","b_2_39","80s",1.730797,3.003782,2.467839,87
"2009-01-01","b_2_39","80s",1.66968,3.001519,2.452652,87
"2009-02-01","b_2_39","80s",1.615216,2.946977,2.408781,87
"2009-03-01","b_2_39","80s",1.412828,2.829641,2.274399,87
"2009-04-01","b_2_39","80s",1.36663,2.759051,2.212716,87
"2009-05-01","b_2_39","80s",1.281316,2.677436,2.137237,87
"2009-06-01","b_2_39","80s",1.148262,2.526066,1.997812,87
"2009-07-01","b_2_39","80s",0.812213,2.170552,1.667423,87
"2009-08-01","b_2_39","80s",0.891517,2.224156,1.720685,87
"2009-09-01","b_2_39","80s",0.831415,2.172486,1.654492,87
"2009-10-01","b_2_39","80s",1.159081,2.344042,1.858077,87
"2009-11-01","b_2_39","80s",1.276768,2.306669,1.848599,87
"2009-12-01","b_2_39","80s",1.37992,2.300905,1.881364,87
"2010-01-01","b_2_39","80s",1.31635,2.186276,1.760448,87
"2010-02-01","b_2_39","80s",1.221302,2.084091,1.661234,87
"2010-03-01","b_2_39","80s",1.294215,2.03665,1.650327,87
"2010-04-01","b_2_39","80s",1.264983,1.999902,1.609626,87
"2010-05-01","b_2_39","80s",1.205494,1.93235,1.541962,87
"2010-06-01","b_2_39","80s",1.071807,1.824957,1.433334,87
"2010-07-01","b_2_39","80s",1.150763,1.885402,1.499331,87
"2010-08-01","b_2_39","80s",1.105242,1.821216,1.445761,87
"2010-09-01","b_2_39","80s",1.117297,1.795675,1.442334,87
"2010-10-01","b_2_39","80s",0.930524,1.580464,1.227144,87
"2010-11-01","b_2_39","80s",0.980968,1.581596,1.257487,87
"2010-12-01","b_2_39","80s",1.008691,1.618664,1.294044,87
"2011-01-01","b_2_39","80s",1.117745,1.767415,1.423556,87
"2011-02-01","b_2_39","80s",1.310483,1.954724,1.605743,87
"2011-03-01","b_2_39","80s",1.453614,2.109212,1.75231,87
"2011-04-01","b_2_39","80s",1.595767,2.298636,1.91067,87
"2011-05-01","b_2_39","80s",1.787886,2.524522,2.116051,87
"2011-06-01","b_2_39","80s",1.866109,2.579842,2.176425,87
"2011-07-01","b_2_39","80s",1.94377,2.656716,2.253736,87
"2011-08-01","b_2_39","80s",2.029838,2.756614,2.342705,87
"2011-09-01","b_2_39","80s",2.086873,2.827622,2.401124,87
"2011-10-01","b_2_39","80s",2.064516,2.840448,2.425087,87
"2011-11-01","b_2_39","80s",2.09973,2.900531,2.471749,87
"2011-12-01","b_2_39","80s",2.173849,2.96858,2.540445,87
"2012-01-01","b_2_39","80s",2.212418,2.987746,2.573336,87
"2012-02-01","b_2_39","80s",2.129549,2.934828,2.502258,87
"2012-03-01","b_2_39","80s",2.084324,2.881835,2.454743,87
"2012-04-01","b_2_39","80s",2.010666,2.752677,2.366861,87
"2012-05-01","b_2_39","80s",1.859974,2.586522,2.226859,87
"2012-06-01","b_2_39","80s",1.829134,2.559818,2.20129,87
"2012-07-01","b_2_39","80s",1.791694,2.542995,2.179102,87
"2012-08-01","b_2_39","80s",1.70855,2.454745,2.098892,87
"2012-09-01","b_2_39","80s",1.691485,2.421589,2.07787,87
"2012-10-01","b_2_39","80s",1.794754,2.509913,2.147218,87
"2012-11-01","b_2_39","80s",1.689334,2.39128,2.042299,87
"2012-12-01","b_2_39","80s",1.627574,2.326647,1.975822,87
"2013-01-01","b_2_39","80s",1.583878,2.239179,1.918428,87
"2013-02-01","b_2_39","80s",1.568415,2.194833,1.901468,87
"2013-03-01","b_2_39","80s",1.446515,2.110765,1.811342,87
"2013-04-01","b_2_39","80s",1.260015,1.978591,1.64735,87
"2013-05-01","b_2_39","80s",1.238229,1.954095,1.60845,87
"2013-06-01","b_2_39","80s",1.350978,2.05277,1.707257,87
"2013-07-01","b_2_39","80s",1.36762,2.049815,1.715372,87
"2013-08-01","b_2_39","80s",1.361862,2.041109,1.707572,87
"2013-09-01","b_2_39","80s",1.297002,2.025683,1.671643,87
"2013-10-01","b_2_39","80s",1.298457,1.971169,1.66192,87
"2013-11-01","b_2_39","80s",1.391744,2.058647,1.751377,87
"2013-12-01","b_2_39","80s",1.398476,2.078275,1.767149,87
"2014-01-01","b_2_39","80s",1.352933,2.065252,1.727325,87
"2014-02-01","b_2_39","80s",1.274298,2.019573,1.665487,87
"2014-03-01","b_2_39","80s",1.325998,2.058982,1.704976,87
"2014-04-01","b_2_39","80s",1.52218,2.224438,1.88013,87
"2014-05-01","b_2_39","80s",1.60095,2.283669,1.955089,87
"2014-06-01","b_2_39","80s",1.57044,2.246263,1.927172,87
"2014-07-01","b_2_39","80s",1.588609,2.265693,1.943066,87
"2014-08-01","b_2_39","80s",1.487924,2.201057,1.869934,87
"2014-09-01","b_2_39","80s",1.527329,2.202526,1.893741,87
"2014-10-01","b_2_39","80s",1.377001,2.137154,1.781363,87
"2014-11-01","b_2_39","80s",1.309239,2.10775,1.736702,87
"2014-12-01","b_2_39","80s",1.308006,2.108416,1.739789,87
"2015-01-01","b_2_39","80s",1.087827,1.942042,1.570671,87
"2015-02-01","b_2_39","80s",1.15771,2.003732,1.639672,87
"2015-03-01","b_2_39","80s",1.181379,2.005173,1.647666,87
"2015-04-01","b_2_39","80s",1.174075,1.997867,1.656344,87
"2015-05-01","b_2_39","80s",1.131037,1.95229,1.611303,87
"2015-06-01","b_2_39","80s",1.137128,1.97147,1.625458,87
"2015-07-01","b_2_39","80s",1.130414,1.961804,1.61943,87
"2015-08-01","b_2_39","80s",1.142984,1.966042,1.632485,87
"2015-09-01","b_2_39","80s",1.138648,1.98564,1.645589,87
"2015-10-01","b_2_39","80s",1.14083,1.935305,1.631628,87
"2015-11-01","b_2_39","80s",1.126363,1.890285,1.600531,87
"2015-12-01","b_2_39","80s",1.048622,1.838817,1.538714,87
"2016-01-01","b_2_39","80s",1.22748,1.969564,1.682592,87
"2016-02-01","b_2_39","80s",1.232748,1.969421,1.681618,87
"2016-03-01","b_2_39","80s",1.264879,2.000749,1.714844,87
"2016-04-01","b_2_39","80s",1.331511,2.080303,1.77553,87
"2016-05-01","b_2_39","80s",1.42139,2.176735,1.865441,87
"2016-06-01","b_2_39","80s",1.371329,2.133938,1.820824,87
"2016-07-01","b_2_39","80s",1.349463,2.129254,1.8098,87
"2016-08-01","b_2_39","80s",1.408396,2.171927,1.853402,87
"2016-09-01","b_2_39","80s",1.485665,2.22205,1.903716,87
"2016-10-01","b_2_39","80s",1.629795,2.329886,2.021369,87
"2016-11-01","b_2_39","80s",1.603688,2.326825,2.0032,87
"2016-12-01","b_2_39","80s",1.692112,2.372985,2.066054,87
"2017-01-01","b_2_39","80s",1.781584,2.453568,2.143257,87
"2017-02-01","b_2_39","80s",1.773568,2.427191,2.119128,87
"2017-03-01","b_2_39","80s",1.703632,2.364407,2.059751,87
"2017-04-01","b_2_39","80s",1.589177,2.233645,1.947918,87
"2017-05-01","b_2_39","80s",1.503393,2.143632,1.858653,87
"2017-06-01","b_2_39","80s",1.527248,2.167907,1.878224,87
"2017-07-01","b_2_39","80s",1.511741,2.148643,1.857004,87
"2017-08-01","b_2_39","80s",1.525142,2.16224,1.872398,87
"2017-09-01","b_2_39","80s",1.455689,2.100845,1.812481,87
"2017-10-01","b_2_39","80s",1.476849,2.155139,1.850675,87
"2017-11-01","b_2_39","80s",1.490085,2.181469,1.874045,87
"2017-12-01","b_2_39","80s",1.536635,2.234397,1.920405,87
"2018-01-01","b_2_39","80s",1.615692,2.322599,1.998449,87
"2018-02-01","b_2_39","80s",1.643989,2.373188,2.034869,87
"2018-03-01","b_2_39","80s",1.678278,2.40228,2.05765,87
"2018-04-01","b_2_39","80s",1.699139,2.426068,2.071115,87
"2018-05-01","b_2_39","80s",1.732476,2.460105,2.11049,87
"2018-06-01","b_2_39","80s",1.763403,2.476441,2.137728,87
"2018-07-01","b_2_39","80s",1.778841,2.490334,2.154627,87
"2018-08-01","b_2_39","80s",1.763253,2.481703,2.1465,87
"2018-09-01","b_2_39","80s",1.812668,2.525476,2.187442,87
"2018-10-01","b_2_39","80s",1.79885,2.485982,2.156818,87
"2018-11-01","b_2_39","80s",1.869591,2.546622,2.226785,87
"2018-12-01","b_2_39","80s",1.85868,2.540425,2.220419,87
"2019-01-01","b_2_39","80s",1.675565,2.364527,2.061735,87
"2019-02-01","b_2_39","80s",1.697278,2.378001,2.085458,87
"2019-03-01","b_2_39","80s",1.736119,2.423753,2.13106,87
"2019-04-01","b_2_39","80s",1.784362,2.501118,2.204438,87
"2019-05-01","b_2_39","80s",1.726652,2.437614,2.136024,87
"2019-06-01","b_2_39","80s",1.663543,2.398416,2.085589,87
"2019-07-01","b_2_39","80s",1.724926,2.449374,2.136525,87
"2019-08-01","b_2_39","80s",1.731537,2.455252,2.138155,87
"2019-09-01","b_2_39","80s",1.603956,2.36605,2.03687,87
"2019-10-01","b_2_39","80s",1.675097,2.450641,2.118348,87
"2019-11-01","b_2_39","80s",1.656793,2.40054,2.078062,87
"2019-12-01","b_2_39","80s",1.644441,2.403364,2.068663,87
"2020-01-01","b_2_39","80s",1.751616,2.472324,2.150238,87
"2020-02-01","b_2_39","80s",1.740458,2.468667,2.142322,87
"2020-03-01","b_2_39","80s",1.674542,2.403515,2.076978,87
"2020-04-01","b_2_39","80s",1.527676,2.332995,1.996679,87
"2020-05-01","b_2_39","80s",1.608235,2.42923,2.089816,87
"2020-06-01","b_2_39","80s",1.698251,2.524337,2.165414,87
"2020-07-01","b_2_39","80s",1.768543,2.634883,2.238434,87
"2020-08-01","b_2_39","80s",1.877049,2.733905,2.327553,87
"2020-09-01","b_2_39","80s",1.94283,2.785495,2.37676,87
"2020-10-01","b_2_39","80s",1.830587,2.661402,2.258696,87
"2020-11-01","b_2_39","80s",1.804613,2.65048,2.232365,87
"2020-12-01","b_2_39","80s",1.840661,2.703471,2.261906,87
"2021-01-01","b_2_39","80s",1.84023,2.76535,2.281361,87
"2021-02-01","b_2_39","80s",1.954647,2.872239,2.389024,87
"2021-03-01","b_2_39","80s",2.069469,3.048119,2.514331,87
"2021-04-01","b_2_39","80s",2.305108,3.239598,2.675188,87
"2021-05-01","b_2_39","80s",2.408652,3.393723,2.792465,87
"2021-06-01","b_2_39","80s",2.477539,3.510332,2.880971,87
"2021-07-01","b_2_39","80s",2.568224,3.595664,2.979096,87
"2021-08-01","b_2_39","80s",2.643999,3.702356,3.06931,87
"2021-09-01","b_2_39","80s",2.886703,3.940705,3.305291,87
"2021-10-01","b_2_39","80s",3.242282,4.370354,3.694372,87
"2021-11-01","b_2_39","80s",3.511957,4.708796,3.992562,87
"2021-12-01","b_2_39","80s",3.769423,4.979272,4.257944,87
"2022-01-01","b_2_39","80s",4.178316,5.368418,4.660305,87
"2022-02-01","b_2_39","80s",4.333442,5.618666,4.855311,87
"2022-03-01","b_2_39","80s",4.443774,5.764276,4.996069,87
"2022-04-01","b_2_39","80s",4.453259,5.730554,4.995206,87
"2022-05-01","b_2_39","80s",4.637862,5.908425,5.175513,87
"2022-06-01","b_2_39","80s",5.051427,6.317109,5.59108,87
"2022-07-01","b_2_39","80s",5.077873,6.346849,5.625667,87
"2022-08-01","b_2_39","80s",5.250045,6.495072,5.794003,87
"2022-09-01","b_2_39","80s",5.255812,6.497524,5.808962,87
"2022-10-01","b_2_39","80s",5.203728,6.392733,5.73793,87
"2022-11-01","b_2_39","80s",5.131124,6.265358,5.651096,87
"2022-12-01","b_2_39","80s",5.045801,6.145888,5.566207,87
"2023-01-01","b_2_39","80s",4.841987,5.922745,5.352034,87
"2023-02-01","b_2_39","80s",4.78134,5.768135,5.257602,87
"2023-03-01","b_2_39","80s",4.764042,5.665443,5.212481,87
"2023-04-01","b_2_39","80s",4.776691,5.707423,5.257985,87
"2023-05-01","b_2_39","80s",4.581538,5.506397,5.079554,87
"2023-06-01","b_2_39","80s",4.133462,4.999215,4.613938,87
"2023-07-01","b_2_39","80s",3.971781,4.837072,4.459268,87
"2023-08-01","b_2_39","80s",3.677636,4.549252,4.174136,87
"2023-09-01","b_2_39","80s",3.571389,4.446623,4.065194,87
"2023-10-01","b_2_39","80s",3.403693,4.267911,3.889239,87
"2023-11-01","b_2_39","80s",3.257742,4.156342,3.769256,87
"2023-12-01","b_2_39","80s",3.07393,3.970686,3.586639,87
"2024-01-01","b_2_39","80s",3.10036,4.0027,3.622978,87
"2024-02-01","b_2_39","80s",2.968744,3.882389,3.486363,87
"2024-03-01","b_2_39","80s",2.927033,3.862112,3.438294,87
"2024-04-01","b_2_39","80s",2.817349,3.716626,3.299778,87
"2024-05-01","b_2_39","80s",2.655783,3.604054,3.165744,87
"2024-06-01","b_2_39","80s",2.579012,3.557124,3.109908,87
"2024-07-01","b_2_39","80s",2.545558,3.477746,3.047792,87
"2024-08-01","b_2_39","80s",2.53472,3.46127,3.030971,87
"2024-09-01","b_2_39","80s",2.521007,3.444172,3.019489,87
"2024-10-01","b_2_39","80s",2.532118,3.450656,3.020992,87
"2024-11-01","b_2_39","80s",2.550165,3.422498,3.008764,87
"2024-12-01","b_2_39","80s",2.601479,3.473561,3.060406,87
"2025-01-01","b_2_39","80s",2.405964,3.294475,2.86831,87
"2025-02-01","b_2_39","80s",2.426656,3.296784,2.881425,87
"2025-03-01","b_2_39","80s",2.347792,3.226941,2.838877,87
"2025-04-01","b_2_39","80s",2.442977,3.308329,2.925356,87
"2025-05-01","b_2_39","80s",2.541802,3.303674,2.958699,87
"2025-06-01","b_2_39","80s",2.691624,3.415602,3.084282,87
"2025-07-01","b_2_39","80s",2.678433,3.419742,3.079584,87
"2025-08-01","b_2_39","80s",2.720905,3.465827,3.127603,87
"2025-09-01","b_2_39","80s",2.679352,3.423228,3.079774,87
"2025-10-01","b_2_39","80s",2.570786,3.318158,2.97341,87
"2025-11-01","b_2_39","80s",2.552371,3.288485,2.945646,87
"2025-12-01","b_2_39","80s",2.587234,3.322399,2.96703,87
"2026-01-01","b_2_39","80s",2.581661,3.354467,2.972809,87
"2026-02-01","b_2_39","80s",2.524171,3.345305,2.936546,87
"2026-03-01","b_2_39","80s",2.591971,3.383777,2.959312,87
"2026-04-01","b_2_39","80s",2.572252,3.406295,2.945921,87
"2026-05-01","b_2_39","80s",2.611878,3.464799,2.993888,87
"2026-06-01","b_2_39","80s",2.495439,3.358351,2.882535,87
"2026-07-01","b_2_39","80s",2.444478,3.328935,2.850481,87
"2026-08-01","b_2_39","80s",2.435523,3.316884,2.826542,87
"1960-01-01","b_2_39","00s",1.163488,1.916531,1.506408,84
"1960-02-01","b_2_39","00s",1.17361,1.912091,1.509268,84
"1960-03-01","b_2_39","00s",1.14222,1.890579,1.480921,84
"1960-04-01","b_2_39","00s",1.113113,1.882357,1.465534,84
"1960-05-01","b_2_39","00s",1.066388,1.844312,1.429403,84
"1960-06-01","b_2_39","00s",0.893452,1.670533,1.256511,84
"1960-07-01","b_2_39","00s",0.923426,1.692063,1.284271,84
"1960-08-01","b_2_39","00s",0.894679,1.666545,1.259976,84
"1960-09-01","b_2_39","00s",0.791982,1.545073,1.147049,84
"1960-10-01","b_2_39","00s",0.707853,1.471831,1.072509,84
"1960-11-01","b_2_39","00s",0.785448,1.535349,1.138518,84
"1960-12-01","b_2_39","00s",0.751787,1.502608,1.10237,84
"1961-01-01","b_2_39","00s",0.766189,1.528582,1.114531,84
"1961-02-01","b_2_39","00s",0.72301,1.473419,1.067457,84
"1961-03-01","b_2_39","00s",0.661756,1.388195,0.992531,84
"1961-04-01","b_2_39","00s",0.538508,1.229062,0.854912,84
"1961-05-01","b_2_39","00s",0.510926,1.196709,0.821008,84
"1961-06-01","b_2_39","00s",0.530035,1.215367,0.844803,84
"1961-07-01","b_2_39","00s",0.477873,1.167039,0.793588,84
"1961-08-01","b_2_39","00s",0.430398,1.07093,0.719682,84
"1961-09-01","b_2_39","00s",0.458033,1.118098,0.759652,84
"1961-10-01","b_2_39","00s",0.402939,1.041445,0.692346,84
"1961-11-01","b_2_39","00s",0.318745,0.951632,0.606535,84
"1961-12-01","b_2_39","00s",0.25432,0.867127,0.528793,84
"1962-01-01","b_2_39","00s",0.454269,1.039776,0.719102,84
"1962-02-01","b_2_39","00s",0.539652,1.138609,0.814895,84
"1962-03-01","b_2_39","00s",0.70771,1.308556,0.985555,84
"1962-04-01","b_2_39","00s",0.638121,1.264323,0.921839,84
"1962-05-01","b_2_39","00s",0.656651,1.279604,0.939792,84
"1962-06-01","b_2_39","00s",0.688881,1.305182,0.968666,84
"1962-07-01","b_2_39","00s",0.612614,1.217079,0.888109,84
"1962-08-01","b_2_39","00s",0.663898,1.279929,0.945435,84
"1962-09-01","b_2_39","00s",0.697813,1.470149,1.025467,84
"1962-10-01","b_2_39","00s",0.635914,1.418733,0.970927,84
"1962-11-01","b_2_39","00s",0.633586,1.423242,0.973882,84
"1962-12-01","b_2_39","00s",0.573625,1.359258,0.915298,84
"1963-01-01","b_2_39","00s",0.520019,1.307871,0.862392,84
"1963-02-01","b_2_39","00s",0.460056,1.232174,0.79583,84
"1963-03-01","b_2_39","00s",0.312398,1.091511,0.653305,84
"1963-04-01","b_2_39","00s",0.34577,1.108032,0.685649,84
"1963-05-01","b_2_39","00s",0.466612,1.225936,0.801329,84
"1963-06-01","b_2_39","00s",0.464919,1.251686,0.81348,84
"1963-07-01","b_2_39","00s",0.499419,1.312264,0.863352,84
"1963-08-01","b_2_39","00s",0.478451,1.338963,0.86821,84
"1963-09-01","b_2_39","00s",0.401061,1.078663,0.730326,84
"1963-10-01","b_2_39","00s",0.631846,1.297191,0.955889,84
"1963-11-01","b_2_39","00s",0.640744,1.32888,0.980574,84
"1963-12-01","b_2_39","00s",0.748561,1.464935,1.101531,84
"1964-01-01","b_2_39","00s",0.716678,1.454717,1.081514,84
"1964-02-01","b_2_39","00s",0.753181,1.483966,1.117827,84
"1964-03-01","b_2_39","00s",0.733845,1.472598,1.100992,84
"1964-04-01","b_2_39","00s",0.745796,1.499274,1.124835,84
"1964-05-01","b_2_39","00s",0.593372,1.346512,0.973695,84
"1964-06-01","b_2_39","00s",0.534004,1.265731,0.898573,84
"1964-07-01","b_2_39","00s",0.485152,1.218587,0.852596,84
"1964-08-01","b_2_39","00s",0.4923,1.15921,0.829035,84
"1964-09-01","b_2_39","00s",0.470915,1.164332,0.824367,84
"1964-10-01","b_2_39","00s",0.346406,1.047895,0.703174,84
"1964-11-01","b_2_39","00s",0.371064,1.064467,0.725451,84
"1964-12-01","b_2_39","00s",0.377486,1.045026,0.718588,84
"1965-01-01","b_2_39","00s",0.393765,1.064502,0.73943,84
"1965-02-01","b_2_39","00s",0.311703,0.982013,0.652802,84
"1965-03-01","b_2_39","00s",0.386564,1.074976,0.738283,84
"1965-04-01","b_2_39","00s",0.481275,1.149847,0.82116,84
"1965-05-01","b_2_39","00s",0.552989,1.211627,0.888415,84
"1965-06-01","b_2_39","00s",0.658621,1.319277,0.995314,84
"1965-07-01","b_2_39","00s",0.718315,1.370174,1.050034,84
"1965-08-01","b_2_39","00s",0.763146,1.423132,1.097185,84
"1965-09-01","b_2_39","00s",0.840695,1.48173,1.162148,84
"1965-10-01","b_2_39","00s",0.895138,1.532317,1.210692,84
"1965-11-01","b_2_39","00s",0.961686,1.587037,1.266633,84
"1965-12-01","b_2_39","00s",1.085073,1.742791,1.400551,84
"1966-01-01","b_2_39","00s",1.124186,1.754661,1.423781,84
"1966-02-01","b_2_39","00s",1.30303,1.990866,1.619095,84
"1966-03-01","b_2_39","00s",1.371998,2.07934,1.695985,84
"1966-04-01","b_2_39","00s",1.521379,2.244717,1.850167,84
"1966-05-01","b_2_39","00s",1.542942,2.309095,1.892679,84
"1966-06-01","b_2_39","00s",1.578131,2.387817,1.957238,84
"1966-07-01","b_2_39","00s",1.678513,2.503387,2.060733,84
"1966-08-01","b_2_39","00s",1.713416,2.543139,2.097848,84
"1966-09-01","b_2_39","00s",1.890994,2.729532,2.279854,84
"1966-10-01","b_2_39","00s",2.075212,2.906502,2.46278,84
"1966-11-01","b_2_39","00s",2.071351,2.925875,2.469676,84
"1966-12-01","b_2_39","00s",2.042765,2.883455,2.43989,84
"1967-01-01","b_2_39","00s",2.020741,2.863645,2.418829,84
"1967-02-01","b_2_39","00s",2.0302,2.800006,2.401762,84
"1967-03-01","b_2_39","00s",1.977013,2.695931,2.323847,84
"1967-04-01","b_2_39","00s",1.858873,2.567826,2.20144,84
"1967-05-01","b_2_39","00s",1.884584,2.559032,2.211433,84
"1967-06-01","b_2_39","00s",1.962934,2.581713,2.254732,84
"1967-07-01","b_2_39","00s",2.009259,2.615584,2.296636,84
"1967-08-01","b_2_39","00s",2.059391,2.71058,2.368169,84
"1967-09-01","b_2_39","00s",2.106373,2.744967,2.406043,84
"1967-10-01","b_2_39","00s",2.098452,2.757822,2.404052,84
"1967-11-01","b_2_39","00s",2.193082,2.858672,2.499909,84
"1967-12-01","b_2_39","00s",2.249188,2.932853,2.566646,84
"1968-01-01","b_2_39","00s",2.428176,3.139086,2.754616,84
"1968-02-01","b_2_39","00s",2.523896,3.247873,2.858198,84
"1968-03-01","b_2_39","00s",2.672706,3.422934,3.022145,84
"1968-04-01","b_2_39","00s",2.79634,3.523748,3.13297,84
"1968-05-01","b_2_39","00s",3.004132,3.722424,3.336003,84
"1968-06-01","b_2_39","00s",3.06525,3.805723,3.409443,84
"1968-07-01","b_2_39","00s",3.063048,3.802454,3.402852,84
"1968-08-01","b_2_39","00s",3.244092,3.939592,3.563746,84
"1968-09-01","b_2_39","00s",3.270715,3.949886,3.588051,84
"1968-10-01","b_2_39","00s",3.367755,4.025945,3.680649,84
"1968-11-01","b_2_39","00s",3.455764,4.079837,3.752151,84
"1968-12-01","b_2_39","00s",3.494992,4.108589,3.795327,84
"1969-01-01","b_2_39","00s",3.492908,4.098326,3.791806,84
"1969-02-01","b_2_39","00s",3.406689,4.02107,3.708285,84
"1969-03-01","b_2_39","00s",3.568587,4.184206,3.864939,84
"1969-04-01","b_2_39","00s",3.648773,4.300022,3.959081,84
"1969-05-01","b_2_39","00s",3.638588,4.323913,3.96564,84
"1969-06-01","b_2_39","00s",3.68322,4.348942,4.000861,84
"1969-07-01","b_2_39","00s",3.899538,4.549839,4.212534,84
"1969-08-01","b_2_39","00s",3.782495,4.424224,4.093182,84
"1969-09-01","b_2_39","00s",3.813078,4.481029,4.135176,84
"1969-10-01","b_2_39","00s",3.795986,4.475688,4.121691,84
"1969-11-01","b_2_39","00s",3.85038,4.51462,4.169389,84
"1969-12-01","b_2_39","00s",3.964675,4.61067,4.261784,84
"1970-01-01","b_2_39","00s",3.961047,4.602016,4.255404,84
"1970-02-01","b_2_39","00s",4.097513,4.742669,4.393916,84
"1970-03-01","b_2_39","00s",4.046883,4.679369,4.342554,84
"1970-04-01","b_2_39","00s",4.058428,4.728107,4.373339,84
"1970-05-01","b_2_39","00s",3.99875,4.663534,4.309483,84
"1970-06-01","b_2_39","00s",3.939648,4.607793,4.249433,84
"1970-07-01","b_2_39","00s",3.8505,4.511083,4.156845,84
"1970-08-01","b_2_39","00s",3.915484,4.579925,4.22247,84
"1970-09-01","b_2_39","00s",3.924638,4.589149,4.23081,84
"1970-10-01","b_2_39","00s",3.997226,4.728629,4.33039,84
"1970-11-01","b_2_39","00s",3.978265,4.741783,4.320946,84
"1970-12-01","b_2_39","00s",4.065248,4.816659,4.40408,84
"1971-01-01","b_2_39","00s",4.037134,4.773891,4.369882,84
"1971-02-01","b_2_39","00s",3.917552,4.650116,4.250361,84
"1971-03-01","b_2_39","00s",3.798086,4.543198,4.130852,84
"1971-04-01","b_2_39","00s",3.731775,4.448826,4.051637,84
"1971-05-01","b_2_39","00s",3.831408,4.523659,4.140949,84
"1971-06-01","b_2_39","00s",3.933311,4.637224,4.249459,84
"1971-07-01","b_2_39","00s",3.850529,4.569081,4.172823,84
"1971-08-01","b_2_39","00s",3.814521,4.53736,4.137443,84
"1971-09-01","b_2_39","00s",3.662457,4.356726,3.972223,84
"1971-10-01","b_2_39","00s",3.343272,3.953884,3.620602,84
"1971-11-01","b_2_39","00s",3.142631,3.728105,3.412785,84
"1971-12-01","b_2_39","00s",2.939577,3.551047,3.216447,84
"1972-01-01","b_2_39","00s",2.910659,3.554332,3.199581,84
"1972-02-01","b_2_39","00s",2.920097,3.565611,3.204134,84
"1972-03-01","b_2_39","00s",2.926692,3.538297,3.202705,84
"1972-04-01","b_2_39","00s",2.755932,3.329143,3.015473,84
"1972-05-01","b_2_39","00s",2.548505,3.119713,2.804434,84
"1972-06-01","b_2_39","00s",2.312157,2.872802,2.56359,84
"1972-07-01","b_2_39","00s",2.299761,2.894616,2.561767,84
"1972-08-01","b_2_39","00s",2.253901,2.837968,2.512326,84
"1972-09-01","b_2_39","00s",2.313774,2.945508,2.587791,84
"1972-10-01","b_2_39","00s",2.381742,3.016406,2.653256,84
"1972-11-01","b_2_39","00s",2.490529,3.136323,2.768034,84
"1972-12-01","b_2_39","00s",2.530542,3.154962,2.803993,84
"1973-01-01","b_2_39","00s",2.500741,3.122223,2.779761,84
"1973-02-01","b_2_39","00s",2.61274,3.247793,2.901651,84
"1973-03-01","b_2_39","00s",2.803935,3.500046,3.115162,84
"1973-04-01","b_2_39","00s",3.207813,3.972012,3.545707,84
"1973-05-01","b_2_39","00s",3.433713,4.275639,3.800958,84
"1973-06-01","b_2_39","00s",3.616801,4.538569,4.010391,84
"1973-07-01","b_2_39","00s",3.570606,4.467099,3.962023,84
"1973-08-01","b_2_39","00s",3.742142,4.783427,4.198085,84
"1973-09-01","b_2_39","00s",3.767699,4.907182,4.25791,84
"1973-10-01","b_2_39","00s",4.009671,5.349549,4.57296,84
"1973-11-01","b_2_39","00s",4.176064,5.726895,4.810517,84
"1973-12-01","b_2_39","00s",4.366171,6.018132,5.029484,84
"1974-01-01","b_2_39","00s",4.609081,6.421572,5.323101,84
"1974-02-01","b_2_39","00s",4.89915,6.975774,5.710877,84
"1974-03-01","b_2_39","00s",5.162796,7.456557,6.04617,84
"1974-04-01","b_2_39","00s",5.260077,7.59886,6.177792,84
"1974-05-01","b_2_39","00s",5.68171,8.08624,6.631344,84
"1974-06-01","b_2_39","00s",6.153779,8.574769,7.122075,84
"1974-07-01","b_2_39","00s",6.613522,9.166563,7.642396,84
"1974-08-01","b_2_39","00s",7.101016,9.678448,8.125454,84
"1974-09-01","b_2_39","00s",7.605646,10.146341,8.62632,84
"1974-10-01","b_2_39","00s",7.927672,10.320045,8.897508,84
"1974-11-01","b_2_39","00s",8.110427,10.320799,9.020237,84
"1974-12-01","b_2_39","00s",8.2778,10.440659,9.181304,84
"1975-01-01","b_2_39","00s",8.437237,10.444828,9.28933,84
"1975-02-01","b_2_39","00s",8.325017,10.059342,9.075883,84
"1975-03-01","b_2_39","00s",7.967637,9.445064,8.629422,84
"1975-04-01","b_2_39","00s",7.723611,9.112907,8.336409,84
"1975-05-01","b_2_39","00s",7.192562,8.477988,7.763627,84
"1975-06-01","b_2_39","00s",6.773905,8.077767,7.338544,84
"1975-07-01","b_2_39","00s",6.606403,7.880869,7.124635,84
"1975-08-01","b_2_39","00s",6.136761,7.249455,6.594996,84
"1975-09-01","b_2_39","00s",5.848692,6.890707,6.277059,84
"1975-10-01","b_2_39","00s",5.753191,6.747101,6.164271,84
"1975-11-01","b_2_39","00s",5.620616,6.63566,6.041017,84
"1975-12-01","b_2_39","00s",5.440009,6.430361,5.846687,84
"1976-01-01","b_2_39","00s",5.207179,6.167914,5.602694,84
"1976-02-01","b_2_39","00s",4.978528,5.96012,5.390345,84
"1976-03-01","b_2_39","00s",4.891295,5.885948,5.317668,84
"1976-04-01","b_2_39","00s",4.770844,5.758157,5.201152,84
"1976-05-01","b_2_39","00s",4.956247,5.910546,5.370586,84
"1976-06-01","b_2_39","00s",4.987946,5.855843,5.375638,84
"1976-07-01","b_2_39","00s",4.904015,5.649203,5.263497,84
"1976-08-01","b_2_39","00s",4.972095,5.707638,5.330792,84
"1976-09-01","b_2_39","00s",4.911522,5.64742,5.268751,84
"1976-10-01","b_2_39","00s",4.773294,5.548793,5.145555,84
"1976-11-01","b_2_39","00s",4.735613,5.466741,5.08821,84
"1976-12-01","b_2_39","00s",4.692888,5.439183,5.057124,84
"1977-01-01","b_2_39","00s",4.846392,5.603318,5.214631,84
"1977-02-01","b_2_39","00s",5.159344,5.910617,5.519025,84
"1977-03-01","b_2_39","00s",5.462285,6.205042,5.810922,84
"1977-04-01","b_2_39","00s",5.590137,6.355627,5.944391,84
"1977-05-01","b_2_39","00s",5.588909,6.368448,5.949028,84
"1977-06-01","b_2_39","00s",5.67596,6.440276,6.028711,84
"1977-07-01","b_2_39","00s",5.715396,6.495869,6.078456,84
"1977-08-01","b_2_39","00s",5.711785,6.497437,6.075617,84
"1977-09-01","b_2_39","00s",5.650446,6.433314,6.015727,84
"1977-10-01","b_2_39","00s",5.547642,6.330722,5.913916,84
"1977-11-01","b_2_39","00s",5.673077,6.443684,6.034948,84
"1977-12-01","b_2_39","00s",5.735154,6.508913,6.09317,84
"1978-01-01","b_2_39","00s",5.5691,6.393433,5.947,84
"1978-02-01","b_2_39","00s",5.423694,6.246343,5.798876,84
"1978-03-01","b_2_39","00s",5.414906,6.269153,5.795337,84
"1978-04-01","b_2_39","00s",5.587672,6.463305,5.969998,84
"1978-05-01","b_2_39","00s",5.767425,6.63414,6.14656,84
"1978-06-01","b_2_39","00s",5.796892,6.675828,6.183855,84
"1978-07-01","b_2_39","00s",5.899773,6.78159,6.283535,84
"1978-08-01","b_2_39","00s",5.997948,6.906288,6.394418,84
"1978-09-01","b_2_39","00s",6.175033,7.065714,6.566615,84
"1978-10-01","b_2_39","00s",6.522642,7.389427,6.904209,84
"1978-11-01","b_2_39","00s",6.598799,7.49612,6.995172,84
"1978-12-01","b_2_39","00s",6.643309,7.509068,7.028316,84
"1979-01-01","b_2_39","00s",6.979146,7.83267,7.365508,84
"1979-02-01","b_2_39","00s",7.194758,8.025279,7.571,84
"1979-03-01","b_2_39","00s",7.235998,8.067203,7.620135,84
"1979-04-01","b_2_39","00s",7.237939,8.087963,7.624201,84
"1979-05-01","b_2_39","00s",7.371344,8.233865,7.76146,84
"1979-06-01","b_2_39","00s",7.426103,8.287465,7.812633,84
"1979-07-01","b_2_39","00s",7.519532,8.385302,7.907531,84
"1979-08-01","b_2_39","00s",7.677614,8.545848,8.064208,84
"1979-09-01","b_2_39","00s",7.798819,8.740388,8.205262,84
"1979-10-01","b_2_39","00s",7.917874,8.903972,8.345731,84
"1979-11-01","b_2_39","00s",7.899746,8.931767,8.350694,84
"1979-12-01","b_2_39","00s",8.044601,9.189241,8.538879,84
"1980-01-01","b_2_39","00s",8.183829,9.385465,8.688616,84
"1980-02-01","b_2_39","00s",8.390302,9.781245,8.974298,84
"1980-03-01","b_2_39","00s",8.609174,10.113207,9.200123,84
"1980-04-01","b_2_39","00s",8.566754,10.046961,9.15766,84
"1980-05-01","b_2_39","00s",8.491814,9.9687,9.086881,84
"1980-06-01","b_2_39","00s",8.640492,10.137007,9.247035,84
"1980-07-01","b_2_39","00s",8.545855,10.087724,9.173591,84
"1980-08-01","b_2_39","00s",8.527008,10.093921,9.169183,84
"1980-09-01","b_2_39","00s",8.611868,10.116954,9.237638,84
"1980-10-01","b_2_39","00s",8.496466,9.964063,9.101219,84
"1980-11-01","b_2_39","00s",8.565091,9.996541,9.154023,84
"1980-12-01","b_2_39","00s",8.549789,9.858836,9.090122,84
"1981-01-01","b_2_39","00s",8.468191,9.761469,9.006261,84
"1981-02-01","b_2_39","00s",8.386115,9.518255,8.859143,84
"1981-03-01","b_2_39","00s",8.163921,9.173455,8.624091,84
"1981-04-01","b_2_39","00s",8.101133,9.128774,8.589862,84
"1981-05-01","b_2_39","00s",7.870253,8.94407,8.390455,84
"1981-06-01","b_2_39","00s",7.60818,8.657509,8.119764,84
"1981-07-01","b_2_39","00s",7.591407,8.627119,8.096175,84
"1981-08-01","b_2_39","00s",7.475606,8.549799,8.005307,84
"1981-09-01","b_2_39","00s",7.275634,8.356353,7.806434,84
"1981-10-01","b_2_39","00s",7.028911,8.10021,7.557513,84
"1981-11-01","b_2_39","00s",6.804337,7.892245,7.334212,84
"1981-12-01","b_2_39","00s",6.503594,7.581792,7.031994,84
"1982-01-01","b_2_39","00s",6.180418,7.236731,6.699062,84
"1982-02-01","b_2_39","00s",5.762131,6.792335,6.266842,84
"1982-03-01","b_2_39","00s",5.595277,6.597498,6.093964,84
"1982-04-01","b_2_39","00s",5.385731,6.346144,5.846927,84
"1982-05-01","b_2_39","00s",5.376696,6.280738,5.798304,84
"1982-06-01","b_2_39","00s",5.337705,6.299536,5.76603,84
"1982-07-01","b_2_39","00s",5.404794,6.352459,5.827937,84
"1982-08-01","b_2_39","00s",5.123433,6.002166,5.505631,84
"1982-09-01","b_2_39","00s",4.758299,5.625037,5.136574,84
"1982-10-01","b_2_39","00s",4.737778,5.609292,5.120173,84
"1982-11-01","b_2_39","00s",4.493819,5.342717,4.86332,84
"1982-12-01","b_2_39","00s",4.272979,5.168457,4.67544,84
"1983-01-01","b_2_39","00s",4.251637,5.10061,4.639219,84
"1983-02-01","b_2_39","00s",4.1751,5.02853,4.564382,84
"1983-03-01","b_2_39","00s",3.977045,4.81301,4.352919,84
"1983-04-01","b_2_39","00s",4.136369,5.006759,4.533435,84
"1983-05-01","b_2_39","00s",3.913302,4.822976,4.32259,84
"1983-06-01","b_2_39","00s",3.744061,4.573529,4.131995,84
"1983-07-01","b_2_39","00s",3.475985,4.321007,3.867232,84
"1983-08-01","b_2_39","00s",3.394469,4.251839,3.790224,84
"1983-09-01","b_2_39","00s",3.442484,4.306521,3.847002,84
"1983-10-01","b_2_39","00s",3.179964,4.052839,3.589437,84
"1983-11-01","b_2_39","00s",3.278654,4.135916,3.686485,84
"1983-12-01","b_2_39","00s",3.347655,4.162751,3.722211,84
"1984-01-01","b_2_39","00s",3.337849,4.125256,3.698301,84
"1984-02-01","b_2_39","00s",3.373062,4.132867,3.725161,84
"1984-03-01","b_2_39","00s",3.495485,4.257659,3.850521,84
"1984-04-01","b_2_39","00s",3.442257,4.147553,3.765345,84
"1984-05-01","b_2_39","00s",3.368594,4.035754,3.679216,84
"1984-06-01","b_2_39","00s",3.335472,4.054421,3.687554,84
"1984-07-01","b_2_39","00s",3.381383,4.086063,3.743486,84
"1984-08-01","b_2_39","00s",3.453024,4.135234,3.810882,84
"1984-09-01","b_2_39","00s",3.471012,4.141815,3.81639,84
"1984-10-01","b_2_39","00s",3.555376,4.202958,3.887378,84
"1984-11-01","b_2_39","00s",3.38612,4.021318,3.714056,84
"1984-12-01","b_2_39","00s",3.457851,4.104056,3.799802,84
"1985-01-01","b_2_39","00s",3.317261,3.985823,3.669078,84
"1985-02-01","b_2_39","00s",3.448892,4.129643,3.802258,84
"1985-03-01","b_2_39","00s",3.483922,4.180851,3.845042,84
"1985-04-01","b_2_39","00s",3.315424,4.00927,3.676,84
"1985-05-01","b_2_39","00s",3.403114,4.130786,3.777397,84
"1985-06-01","b_2_39","00s",3.492155,4.18073,3.836334,84
"1985-07-01","b_2_39","00s",3.313049,3.963343,3.627365,84
"1985-08-01","b_2_39","00s",3.271436,3.941926,3.60373,84
"1985-09-01","b_2_39","00s",3.210512,3.901137,3.555666,84
"1985-10-01","b_2_39","00s",3.172445,3.870458,3.521388,84
"1985-11-01","b_2_39","00s",3.35351,4.065183,3.708439,84
"1985-12-01","b_2_39","00s",3.401546,4.105525,3.744693,84
"1986-01-01","b_2_39","00s",3.486616,4.183172,3.830782,84
"1986-02-01","b_2_39","00s",3.166494,3.910854,3.551191,84
"1986-03-01","b_2_39","00s",2.976652,3.746014,3.371292,84
"1986-04-01","b_2_39","00s",2.943104,3.764686,3.378668,84
"1986-05-01","b_2_39","00s",2.845067,3.654909,3.278743,84
"1986-06-01","b_2_39","00s",2.859701,3.686693,3.294345,84
"1986-07-01","b_2_39","00s",2.891725,3.753706,3.350654,84
"1986-08-01","b_2_39","00s",2.850441,3.69396,3.292892,84
"1986-09-01","b_2_39","00s",2.937008,3.763157,3.366286,84
"1986-10-01","b_2_39","00s",2.950116,3.774188,3.381547,84
"1986-11-01","b_2_39","00s",2.866414,3.677653,3.288381,84
"1986-12-01","b_2_39","00s",2.812786,3.626884,3.234005,84
"1987-01-01","b_2_39","00s",2.87558,3.741436,3.303733,84
"1987-02-01","b_2_39","00s",2.969453,3.796759,3.36231,84
"1987-03-01","b_2_39","00s",3.129215,3.921972,3.505753,84
"1987-04-01","b_2_39","00s",3.349903,4.095851,3.695446,84
"1987-05-01","b_2_39","00s",3.478729,4.205583,3.813358,84
"1987-06-01","b_2_39","00s",3.432853,4.162081,3.765417,84
"1987-07-01","b_2_39","00s",3.427316,4.136639,3.745249,84
"1987-08-01","b_2_39","00s",3.568021,4.254999,3.870484,84
"1987-09-01","b_2_39","00s",3.546806,4.224607,3.846641,84
"1987-10-01","b_2_39","00s",3.612321,4.296615,3.914652,84
"1987-11-01","b_2_39","00s",3.626175,4.319188,3.933325,84
"1987-12-01","b_2_39","00s",3.53332,4.225212,3.844132,84
"1988-01-01","b_2_39","00s",3.479654,4.124796,3.78431,84
"1988-02-01","b_2_39","00s",3.457898,4.103679,3.763252,84
"1988-03-01","b_2_39","00s",3.47429,4.138647,3.789697,84
"1988-04-01","b_2_39","00s",3.464824,4.160811,3.792529,84
"1988-05-01","b_2_39","00s",3.429989,4.138528,3.762222,84
"1988-06-01","b_2_39","00s",3.512323,4.19359,3.839122,84
"1988-07-01","b_2_39","00s",3.720405,4.431835,4.062508,84
"1988-08-01","b_2_39","00s",3.66304,4.403008,4.021365,84
"1988-09-01","b_2_39","00s",3.815887,4.573583,4.18387,84
"1988-10-01","b_2_39","00s",3.791205,4.578739,4.175636,84
"1988-11-01","b_2_39","00s",3.814757,4.580203,4.192327,84
"1988-12-01","b_2_39","00s",3.926772,4.709728,4.30582,84
"1989-01-01","b_2_39","00s",4.023001,4.812767,4.40724,84
"1989-02-01","b_2_39","00s",4.141828,4.958631,4.536603,84
"1989-03-01","b_2_39","00s",4.117002,4.916718,4.502623,84
"1989-04-01","b_2_39","00s",4.119184,4.906477,4.495709,84
"1989-05-01","b_2_39","00s",4.185188,4.979949,4.56713,84
"1989-06-01","b_2_39","00s",4.088224,4.90027,4.472434,84
"1989-07-01","b_2_39","00s",3.961206,4.755512,4.335529,84
"1989-08-01","b_2_39","00s",3.829707,4.652079,4.230321,84
"1989-09-01","b_2_39","00s",3.675135,4.516711,4.081689,84
"1989-10-01","b_2_39","00s",3.782131,4.581195,4.164825,84
"1989-11-01","b_2_39","00s",3.768823,4.593371,4.158352,84
"1989-12-01","b_2_39","00s",3.78505,4.591684,4.174304,84
"1990-01-01","b_2_39","00s",3.680942,4.518841,4.078766,84
"1990-02-01","b_2_39","00s",3.655399,4.489522,4.052742,84
"1990-03-01","b_2_39","00s",3.806867,4.648871,4.207946,84
"1990-04-01","b_2_39","00s",3.749247,4.568093,4.134431,84
"1990-05-01","b_2_39","00s",3.683531,4.497673,4.064696,84
"1990-06-01","b_2_39","00s",3.869047,4.681454,4.253516,84
"1990-07-01","b_2_39","00s",3.917528,4.721699,4.293533,84
"1990-08-01","b_2_39","00s",4.158127,4.93603,4.502008,84
"1990-09-01","b_2_39","00s",4.183968,4.954908,4.528367,84
"1990-10-01","b_2_39","00s",4.087269,4.883434,4.444426,84
"1990-11-01","b_2_39","00s",3.98321,4.778198,4.340688,84
"1990-12-01","b_2_39","00s",3.96955,4.769277,4.324946,84
"1991-01-01","b_2_39","00s",3.941303,4.764693,4.302771,84
"1991-02-01","b_2_39","00s",3.858032,4.666671,4.214919,84
"1991-03-01","b_2_39","00s",3.53902,4.34164,3.892678,84
"1991-04-01","b_2_39","00s",3.465005,4.263478,3.818182,84
"1991-05-01","b_2_39","00s",3.550201,4.326098,3.894106,84
"1991-06-01","b_2_39","00s",3.287344,4.068945,3.632406,84
"1991-07-01","b_2_39","00s",3.166155,3.97162,3.530214,84
"1991-08-01","b_2_39","00s",3.009022,3.81826,3.383273,84
"1991-09-01","b_2_39","00s",2.986099,3.78014,3.352093,84
"1991-10-01","b_2_39","00s",2.891647,3.657794,3.245316,84
"1991-11-01","b_2_39","00s",3.023902,3.779781,3.374766,84
"1991-12-01","b_2_39","00s",3.041994,3.795564,3.391557,84
"1992-01-01","b_2_39","00s",2.902894,3.59416,3.2311,84
"1992-02-01","b_2_39","00s",2.933225,3.623461,3.261111,84
"1992-03-01","b_2_39","00s",3.078121,3.785234,3.417123,84
"1992-04-01","b_2_39","00s",3.005002,3.731032,3.352701,84
"1992-05-01","b_2_39","00s",2.896282,3.64606,3.256932,84
"1992-06-01","b_2_39","00s",2.915416,3.680007,3.288571,84
"1992-07-01","b_2_39","00s",2.927198,3.672873,3.289518,84
"1992-08-01","b_2_39","00s",2.86278,3.595617,3.217862,84
"1992-09-01","b_2_39","00s",2.704972,3.446935,3.065141,84
"1992-10-01","b_2_39","00s",2.768138,3.540692,3.142242,84
"1992-11-01","b_2_39","00s",2.724521,3.490314,3.096663,84
"1992-12-01","b_2_39","00s",2.635536,3.400198,3.00567,84
"1993-01-01","b_2_39","00s",2.641072,3.413075,3.011463,84
"1993-02-01","b_2_39","00s",2.594848,3.339425,2.951597,84
"1993-03-01","b_2_39","00s",2.476055,3.202061,2.819907,84
"1993-04-01","b_2_39","00s",2.551612,3.255332,2.885901,84
"1993-05-01","b_2_39","00s",2.561014,3.253495,2.889883,84
"1993-06-01","b_2_39","00s",2.482891,3.137322,2.790714,84
"1993-07-01","b_2_39","00s",2.437956,3.066788,2.729614,84
"1993-08-01","b_2_39","00s",2.38615,3.000823,2.666003,84
"1993-09-01","b_2_39","00s",2.382789,2.981649,2.65701,84
"1993-10-01","b_2_39","00s",2.329073,2.896446,2.584057,84
"1993-11-01","b_2_39","00s",2.258737,2.820056,2.509994,84
"1993-12-01","b_2_39","00s",2.132197,2.721592,2.405458,84
"1994-01-01","b_2_39","00s",2.046261,2.644302,2.330944,84
"1994-02-01","b_2_39","00s",2.019647,2.61824,2.309371,84
"1994-03-01","b_2_39","00s",2.069233,2.659579,2.355195,84
"1994-04-01","b_2_39","00s",1.960768,2.558313,2.248581,84
"1994-05-01","b_2_39","00s",1.908796,2.493857,2.194966,84
"1994-06-01","b_2_39","00s",1.993506,2.573233,2.276012,84
"1994-07-01","b_2_39","00s",2.02838,2.624381,2.318229,84
"1994-08-01","b_2_39","00s",2.008029,2.598907,2.298923,84
"1994-09-01","b_2_39","00s",1.985765,2.572711,2.278574,84
"1994-10-01","b_2_39","00s",1.906549,2.511656,2.208622,84
"1994-11-01","b_2_39","00s",1.911618,2.51481,2.2126,84
"1994-12-01","b_2_39","00s",1.912581,2.491886,2.203612,84
"1995-01-01","b_2_39","00s",2.062898,2.63511,2.34666,84
"1995-02-01","b_2_39","00s",2.008786,2.576243,2.288025,84
"1995-03-01","b_2_39","00s",1.954021,2.521315,2.240842,84
"1995-04-01","b_2_39","00s",2.012194,2.563488,2.292412,84
"1995-05-01","b_2_39","00s",1.986877,2.532481,2.261519,84
"1995-06-01","b_2_39","00s",1.889071,2.438378,2.165935,84
"1995-07-01","b_2_39","00s",1.784791,2.322772,2.059926,84
"1995-08-01","b_2_39","00s",1.855365,2.39449,2.12764,84
"1995-09-01","b_2_39","00s",1.848707,2.399352,2.125437,84
"1995-10-01","b_2_39","00s",1.953574,2.480952,2.221638,84
"1995-11-01","b_2_39","00s",1.881132,2.432524,2.168204,84
"1995-12-01","b_2_39","00s",1.96567,2.502237,2.235863,84
"1996-01-01","b_2_39","00s",1.898118,2.407652,2.155559,84
"1996-02-01","b_2_39","00s",1.931662,2.456283,2.190657,84
"1996-03-01","b_2_39","00s",1.956383,2.483735,2.206005,84
"1996-04-01","b_2_39","00s",1.918153,2.463847,2.174696,84
"1996-05-01","b_2_39","00s",1.940432,2.49501,2.196764,84
"1996-06-01","b_2_39","00s",1.931978,2.52512,2.217977,84
"1996-07-01","b_2_39","00s",1.972769,2.575029,2.258441,84
"1996-08-01","b_2_39","00s",1.910916,2.538791,2.221028,84
"1996-09-01","b_2_39","00s",2.020476,2.637658,2.319303,84
"1996-10-01","b_2_39","00s",2.000994,2.629281,2.303204,84
"1996-11-01","b_2_39","00s",2.088288,2.690962,2.37293,84
"1996-12-01","b_2_39","00s",2.047406,2.644838,2.334757,84
"1997-01-01","b_2_39","00s",1.983537,2.576495,2.268028,84
"1997-02-01","b_2_39","00s",1.974317,2.55388,2.252938,84
"1997-03-01","b_2_39","00s",1.929767,2.504604,2.213378,84
"1997-04-01","b_2_39","00s",1.900903,2.477474,2.188979,84
"1997-05-01","b_2_39","00s",1.808974,2.388055,2.107314,84
"1997-06-01","b_2_39","00s",1.795944,2.35773,2.083593,84
"1997-07-01","b_2_39","00s",1.664985,2.231987,1.960321,84
"1997-08-01","b_2_39","00s",1.612725,2.160555,1.894944,84
"1997-09-01","b_2_39","00s",1.579742,2.107642,1.855197,84
"1997-10-01","b_2_39","00s",1.346613,1.87075,1.625935,84
"1997-11-01","b_2_39","00s",1.219101,1.770261,1.511957,84
"1997-12-01","b_2_39","00s",1.126323,1.699815,1.431928,84
"1998-01-01","b_2_39","00s",1.074609,1.662192,1.392084,84
"1998-02-01","b_2_39","00s",0.948618,1.584152,1.298166,84
"1998-03-01","b_2_39","00s",0.936141,1.597124,1.298273,84
"1998-04-01","b_2_39","00s",0.934224,1.587865,1.292921,84
"1998-05-01","b_2_39","00s",0.960552,1.621627,1.31707,84
"1998-06-01","b_2_39","00s",0.940693,1.597744,1.296853,84
"1998-07-01","b_2_39","00s",1.053906,1.695021,1.398969,84
"1998-08-01","b_2_39","00s",1.131161,1.776726,1.472163,84
"1998-09-01","b_2_39","00s",0.993552,1.710792,1.373044,84
"1998-10-01","b_2_39","00s",1.138509,1.847463,1.510427,84
"1998-11-01","b_2_39","00s",1.14081,1.874826,1.537954,84
"1998-12-01","b_2_39","00s",1.151605,1.914,1.562584,84
"1999-01-01","b_2_39","00s",1.201939,1.949792,1.604325,84
"1999-02-01","b_2_39","00s",1.179437,1.895764,1.562925,84
"1999-03-01","b_2_39","00s",1.127305,1.818588,1.50204,84
"1999-04-01","b_2_39","00s",1.210188,1.916038,1.588816,84
"1999-05-01","b_2_39","00s",1.2047,1.906901,1.588362,84
"1999-06-01","b_2_39","00s",1.208241,1.913359,1.593169,84
"1999-07-01","b_2_39","00s",1.251848,1.956272,1.634083,84
"1999-08-01","b_2_39","00s",1.201406,1.8983,1.581395,84
"1999-09-01","b_2_39","00s",1.360564,2.014894,1.707975,84
"1999-10-01","b_2_39","00s",1.355965,2.011266,1.704927,84
"1999-11-01","b_2_39","00s",1.411349,2.023652,1.727692,84
"1999-12-01","b_2_39","00s",1.514425,2.081409,1.801463,84
"2000-01-01","b_2_39","00s",1.630125,2.214524,1.921203,84
"2000-02-01","b_2_39","00s",1.779862,2.36577,2.06456,84
"2000-03-01","b_2_39","00s",1.912693,2.495624,2.19059,84
"2000-04-01","b_2_39","00s",1.753238,2.360451,2.047032,84
"2000-05-01","b_2_39","00s",1.768346,2.389336,2.070703,84
"2000-06-01","b_2_39","00s",1.841112,2.442059,2.123022,84
"2000-07-01","b_2_39","00s",1.884745,2.523004,2.184859,84
"2000-08-01","b_2_39","00s",1.904005,2.535388,2.198395,84
"2000-09-01","b_2_39","00s",1.93014,2.544495,2.223852,84
"2000-10-01","b_2_39","00s",1.903457,2.541145,2.209936,84
"2000-11-01","b_2_39","00s",1.925814,2.577296,2.239594,84
"2000-12-01","b_2_39","00s",1.917099,2.594441,2.253549,84
"2001-01-01","b_2_39","00s",1.962617,2.701156,2.31747,84
"2001-02-01","b_2_39","00s",2.017225,2.735778,2.36847,84
"2001-03-01","b_2_39","00s",1.951993,2.68282,2.31818,84
"2001-04-01","b_2_39","00s",2.069927,2.797278,2.438739,84
"2001-05-01","b_2_39","00s",2.087983,2.794738,2.441244,84
"2001-06-01","b_2_39","00s",2.144705,2.85988,2.503912,84
"2001-07-01","b_2_39","00s",2.06685,2.748208,2.413728,84
"2001-08-01","b_2_39","00s",2.066526,2.791719,2.441327,84
"2001-09-01","b_2_39","00s",1.988951,2.72781,2.376073,84
"2001-10-01","b_2_39","00s",1.996611,2.735439,2.390466,84
"2001-11-01","b_2_39","00s",2.00634,2.725118,2.390769,84
"2001-12-01","b_2_39","00s",1.921699,2.643577,2.307613,84
"2002-01-01","b_2_39","00s",1.706573,2.373604,2.086786,84
"2002-02-01","b_2_39","00s",1.64481,2.323166,2.029347,84
"2002-03-01","b_2_39","00s",1.686047,2.350712,2.056571,84
"2002-04-01","b_2_39","00s",1.6972,2.338863,2.045597,84
"2002-05-01","b_2_39","00s",1.684277,2.322442,2.025215,84
"2002-06-01","b_2_39","00s",1.597691,2.234731,1.942558,84
"2002-07-01","b_2_39","00s",1.638691,2.296418,1.988851,84
"2002-08-01","b_2_39","00s",1.663951,2.291576,1.993447,84
"2002-09-01","b_2_39","00s",1.736983,2.352429,2.053088,84
"2002-10-01","b_2_39","00s",1.762989,2.361119,2.064776,84
"2002-11-01","b_2_39","00s",1.75625,2.360335,2.053927,84
"2002-12-01","b_2_39","00s",1.820607,2.40028,2.099484,84
"2003-01-01","b_2_39","00s",1.840223,2.414247,2.108933,84
"2003-02-01","b_2_39","00s",1.836108,2.430686,2.108535,84
"2003-03-01","b_2_39","00s",1.815257,2.432279,2.09481,84
"2003-04-01","b_2_39","00s",1.709061,2.309495,1.983658,84
"2003-05-01","b_2_39","00s",1.709359,2.330084,1.993968,84
"2003-06-01","b_2_39","00s",1.68211,2.308473,1.961561,84
"2003-07-01","b_2_39","00s",1.713913,2.319504,1.985659,84
"2003-08-01","b_2_39","00s",1.739006,2.342272,2.004271,84
"2003-09-01","b_2_39","00s",1.667928,2.276575,1.93515,84
"2003-10-01","b_2_39","00s",1.686726,2.306837,1.954549,84
"2003-11-01","b_2_39","00s",1.642474,2.266872,1.917998,84
"2003-12-01","b_2_39","00s",1.650035,2.291556,1.930591,84
"2004-01-01","b_2_39","00s",1.793234,2.482425,2.097547,84
"2004-02-01","b_2_39","00s",1.854123,2.508634,2.147039,84
"2004-03-01","b_2_39","00s",1.851748,2.482626,2.134836,84
"2004-04-01","b_2_39","00s",2.024757,2.652447,2.309558,84
"2004-05-01","b_2_39","00s",2.090014,2.688387,2.36254,84
"2004-06-01","b_2_39","00s",2.201014,2.785477,2.470051,84
"2004-07-01","b_2_39","00s",2.111846,2.704899,2.39215,84
"2004-08-01","b_2_39","00s",2.037094,2.639693,2.329329,84
"2004-09-01","b_2_39","00s",2.025458,2.631092,2.315466,84
"2004-10-01","b_2_39","00s",2.050322,2.649668,2.333917,84
"2004-11-01","b_2_39","00s",2.133794,2.75709,2.423017,84
"2004-12-01","b_2_39","00s",2.097939,2.728208,2.405331,84
"2005-01-01","b_2_39","00s",2.150719,2.737786,2.432974,84
"2005-02-01","b_2_39","00s",2.143928,2.743023,2.429714,84
"2005-03-01","b_2_39","00s",2.159635,2.777202,2.450894,84
"2005-04-01","b_2_39","00s",2.089704,2.726465,2.378586,84
"2005-05-01","b_2_39","00s",2.059988,2.708372,2.353799,84
"2005-06-01","b_2_39","00s",1.998265,2.652298,2.292209,84
"2005-07-01","b_2_39","00s",2.071843,2.707576,2.351541,84
"2005-08-01","b_2_39","00s",2.08938,2.714333,2.367367,84
"2005-09-01","b_2_39","00s",2.208945,2.833306,2.490898,84
"2005-10-01","b_2_39","00s",2.264816,2.891869,2.549787,84
"2005-11-01","b_2_39","00s",2.282589,2.883589,2.556092,84
"2005-12-01","b_2_39","00s",2.240446,2.839581,2.507294,84
"2006-01-01","b_2_39","00s",2.185403,2.779293,2.446062,84
"2006-02-01","b_2_39","00s",2.101795,2.712845,2.380664,84
"2006-03-01","b_2_39","00s",2.13738,2.730086,2.4125,84
"2006-04-01","b_2_39","00s",2.198337,2.776179,2.474468,84
"2006-05-01","b_2_39","00s",2.30968,2.885655,2.589127,84
"2006-06-01","b_2_39","00s",2.46131,3.025615,2.739899,84
"2006-07-01","b_2_39","00s",2.419343,3.017326,2.715474,84
"2006-08-01","b_2_39","00s",2.516561,3.107104,2.802274,84
"2006-09-01","b_2_39","00s",2.427828,3.019099,2.721149,84
"2006-10-01","b_2_39","00s",2.349739,2.929848,2.643899,84
"2006-11-01","b_2_39","00s",2.1922,2.765578,2.487905,84
"2006-12-01","b_2_39","00s",2.336125,2.891015,2.620355,84
"2007-01-01","b_2_39","00s",2.372894,2.958915,2.671915,84
"2007-02-01","b_2_39","00s",2.506094,3.068964,2.787289,84
"2007-03-01","b_2_39","00s",2.442745,3.026409,2.728492,84
"2007-04-01","b_2_39","00s",2.36013,2.941495,2.644098,84
"2007-05-01","b_2_39","00s",2.215028,2.788475,2.491031,84
"2007-06-01","b_2_39","00s",2.129394,2.705882,2.400409,84
"2007-07-01","b_2_39","00s",2.132766,2.678757,2.386007,84
"2007-08-01","b_2_39","00s",2.048167,2.60882,2.319223,84
"2007-09-01","b_2_39","00s",2.159525,2.743897,2.429519,84
"2007-10-01","b_2_39","00s",2.260234,2.891355,2.543052,84
"2007-11-01","b_2_39","00s",2.484326,3.114201,2.762014,84
"2007-12-01","b_2_39","00s",2.482116,3.132013,2.760299,84
"2008-01-01","b_2_39","00s",2.407021,3.030612,2.677457,84
"2008-02-01","b_2_39","00s",2.333248,2.972153,2.605541,84
"2008-03-01","b_2_39","00s",2.372994,3.014755,2.645096,84
"2008-04-01","b_2_39","00s",2.35592,3.016308,2.645078,84
"2008-05-01","b_2_39","00s",2.398418,3.077062,2.693535,84
"2008-06-01","b_2_39","00s",2.45138,3.163663,2.761907,84
"2008-07-01","b_2_39","00s",2.55153,3.331752,2.89268,84
"2008-08-01","b_2_39","00s",2.522866,3.311383,2.864317,84
"2008-09-01","b_2_39","00s",2.399209,3.159863,2.734476,84
"2008-10-01","b_2_39","00s",2.075141,2.955827,2.508177,84
"2008-11-01","b_2_39","00s",1.782768,2.821163,2.321765,84
"2008-12-01","b_2_39","00s",1.544899,2.623846,2.12168,84
"2009-01-01","b_2_39","00s",1.505255,2.600792,2.103133,84
"2009-02-01","b_2_39","00s",1.463333,2.543984,2.061875,84
"2009-03-01","b_2_39","00s",1.27923,2.433015,1.931159,84
"2009-04-01","b_2_39","00s",1.244857,2.374421,1.878484,84
"2009-05-01","b_2_39","00s",1.170687,2.291691,1.805809,84
"2009-06-01","b_2_39","00s",1.048332,2.153541,1.677413,84
"2009-07-01","b_2_39","00s",0.74988,1.794773,1.356879,84
"2009-08-01","b_2_39","00s",0.787744,1.859823,1.408775,84
"2009-09-01","b_2_39","00s",0.686202,1.816761,1.334903,84
"2009-10-01","b_2_39","00s",0.922025,2.014571,1.524642,84
"2009-11-01","b_2_39","00s",1.003184,1.981205,1.514949,84
"2009-12-01","b_2_39","00s",1.09619,1.999449,1.556746,84
"2010-01-01","b_2_39","00s",1.000927,1.894193,1.4405,84
"2010-02-01","b_2_39","00s",0.914607,1.800264,1.345408,84
"2010-03-01","b_2_39","00s",0.965188,1.756736,1.336334,84
"2010-04-01","b_2_39","00s",0.920905,1.720853,1.294442,84
"2010-05-01","b_2_39","00s",0.861395,1.661466,1.228321,84
"2010-06-01","b_2_39","00s",0.743151,1.542307,1.116548,84
"2010-07-01","b_2_39","00s",0.822954,1.614994,1.18907,84
"2010-08-01","b_2_39","00s",0.805338,1.553998,1.142768,84
"2010-09-01","b_2_39","00s",0.844847,1.529078,1.151936,84
"2010-10-01","b_2_39","00s",0.721199,1.311768,0.965127,84
"2010-11-01","b_2_39","00s",0.774223,1.325688,1.007929,84
"2010-12-01","b_2_39","00s",0.807745,1.363492,1.044871,84
"2011-01-01","b_2_39","00s",0.914338,1.517617,1.163457,84
"2011-02-01","b_2_39","00s",1.086487,1.703807,1.344115,84
"2011-03-01","b_2_39","00s",1.223925,1.856102,1.487402,84
"2011-04-01","b_2_39","00s",1.367695,2.045705,1.645455,84
"2011-05-01","b_2_39","00s",1.530454,2.274843,1.843451,84
"2011-06-01","b_2_39","00s",1.603162,2.330296,1.90692,84
"2011-07-01","b_2_39","00s",1.682374,2.413168,1.984315,84
"2011-08-01","b_2_39","00s",1.769747,2.515074,2.074373,84
"2011-09-01","b_2_39","00s",1.816404,2.579011,2.125948,84
"2011-10-01","b_2_39","00s",1.806121,2.593846,2.151528,84
"2011-11-01","b_2_39","00s",1.842469,2.654353,2.192103,84
"2011-12-01","b_2_39","00s",1.912398,2.717151,2.261524,84
"2012-01-01","b_2_39","00s",1.954932,2.740198,2.29946,84
"2012-02-01","b_2_39","00s",1.871975,2.683608,2.222166,84
"2012-03-01","b_2_39","00s",1.837642,2.633278,2.180019,84
"2012-04-01","b_2_39","00s",1.77325,2.507563,2.097027,84
"2012-05-01","b_2_39","00s",1.666164,2.340559,1.972777,84
"2012-06-01","b_2_39","00s",1.639858,2.315866,1.947561,84
"2012-07-01","b_2_39","00s",1.600199,2.285004,1.916655,84
"2012-08-01","b_2_39","00s",1.529196,2.191359,1.841407,84
"2012-09-01","b_2_39","00s",1.530904,2.167157,1.831022,84
"2012-10-01","b_2_39","00s",1.60789,2.261522,1.892881,84
"2012-11-01","b_2_39","00s",1.516486,2.13694,1.793214,84
"2012-12-01","b_2_39","00s",1.440863,2.074638,1.720897,84
"2013-01-01","b_2_39","00s",1.412965,1.988388,1.674842,84
"2013-02-01","b_2_39","00s",1.419619,1.950415,1.668349,84
"2013-03-01","b_2_39","00s",1.314215,1.859503,1.57869,84
"2013-04-01","b_2_39","00s",1.129503,1.694244,1.402749,84
"2013-05-01","b_2_39","00s",1.096376,1.659654,1.359434,84
"2013-06-01","b_2_39","00s",1.205845,1.767154,1.462931,84
"2013-07-01","b_2_39","00s",1.235577,1.774955,1.482235,84
"2013-08-01","b_2_39","00s",1.214087,1.76755,1.465934,84
"2013-09-01","b_2_39","00s",1.155888,1.742337,1.427689,84
"2013-10-01","b_2_39","00s",1.174722,1.689765,1.424842,84
"2013-11-01","b_2_39","00s",1.266016,1.781874,1.513997,84
"2013-12-01","b_2_39","00s",1.287399,1.797563,1.536746,84
"2014-01-01","b_2_39","00s",1.232709,1.780259,1.490831,84
"2014-02-01","b_2_39","00s",1.153179,1.725389,1.424564,84
"2014-03-01","b_2_39","00s",1.196299,1.766277,1.461491,84
"2014-04-01","b_2_39","00s",1.387585,1.963142,1.646528,84
"2014-05-01","b_2_39","00s",1.470315,2.034132,1.72122,84
"2014-06-01","b_2_39","00s",1.442694,2.000369,1.694615,84
"2014-07-01","b_2_39","00s",1.451002,2.021039,1.707089,84
"2014-08-01","b_2_39","00s",1.37639,1.94753,1.641588,84
"2014-09-01","b_2_39","00s",1.415104,1.95879,1.668346,84
"2014-10-01","b_2_39","00s",1.269515,1.871736,1.546352,84
"2014-11-01","b_2_39","00s",1.202961,1.822205,1.492902,84
"2014-12-01","b_2_39","00s",1.199641,1.824912,1.490952,84
"2015-01-01","b_2_39","00s",0.996687,1.636676,1.317036,84
"2015-02-01","b_2_39","00s",1.065511,1.701601,1.389346,84
"2015-03-01","b_2_39","00s",1.083125,1.704305,1.398675,84
"2015-04-01","b_2_39","00s",1.088063,1.69663,1.413375,84
"2015-05-01","b_2_39","00s",1.042424,1.647624,1.369014,84
"2015-06-01","b_2_39","00s",1.049442,1.665023,1.380338,84
"2015-07-01","b_2_39","00s",1.049245,1.65477,1.378722,84
"2015-08-01","b_2_39","00s",1.056892,1.669459,1.397205,84
"2015-09-01","b_2_39","00s",1.056178,1.681479,1.405182,84
"2015-10-01","b_2_39","00s",1.06125,1.642152,1.40297,84
"2015-11-01","b_2_39","00s",1.050481,1.613821,1.381195,84
"2015-12-01","b_2_39","00s",0.981082,1.556764,1.32456,84
"2016-01-01","b_2_39","00s",1.157462,1.692737,1.471749,84
"2016-02-01","b_2_39","00s",1.15953,1.687552,1.463919,84
"2016-03-01","b_2_39","00s",1.18835,1.719552,1.495248,84
"2016-04-01","b_2_39","00s",1.234326,1.800053,1.543372,84
"2016-05-01","b_2_39","00s",1.312511,1.89084,1.625582,84
"2016-06-01","b_2_39","00s",1.257599,1.843131,1.577495,84
"2016-07-01","b_2_39","00s",1.226581,1.830171,1.558044,84
"2016-08-01","b_2_39","00s",1.28182,1.868529,1.596057,84
"2016-09-01","b_2_39","00s",1.345108,1.92212,1.646962,84
"2016-10-01","b_2_39","00s",1.481061,2.039579,1.765962,84
"2016-11-01","b_2_39","00s",1.446693,2.019738,1.742971,84
"2016-12-01","b_2_39","00s",1.531459,2.077095,1.808553,84
"2017-01-01","b_2_39","00s",1.612773,2.169644,1.886186,84
"2017-02-01","b_2_39","00s",1.599017,2.151096,1.865817,84
"2017-03-01","b_2_39","00s",1.542396,2.092019,1.812526,84
"2017-04-01","b_2_39","00s",1.436933,1.957642,1.706458,84
"2017-05-01","b_2_39","00s",1.357749,1.87149,1.621736,84
"2017-06-01","b_2_39","00s",1.378654,1.890514,1.639595,84
"2017-07-01","b_2_39","00s",1.360824,1.871334,1.616302,84
"2017-08-01","b_2_39","00s",1.377823,1.89032,1.633198,84
"2017-09-01","b_2_39","00s",1.316197,1.82538,1.572573,84
"2017-10-01","b_2_39","00s",1.320867,1.878137,1.596794,84
"2017-11-01","b_2_39","00s",1.340495,1.907761,1.6196,84
"2017-12-01","b_2_39","00s",1.380402,1.956203,1.659227,84
"2018-01-01","b_2_39","00s",1.447519,2.048592,1.734669,84
"2018-02-01","b_2_39","00s",1.474515,2.096324,1.767931,84
"2018-03-01","b_2_39","00s",1.488385,2.123087,1.783155,84
"2018-04-01","b_2_39","00s",1.502524,2.148335,1.792243,84
"2018-05-01","b_2_39","00s",1.53792,2.182134,1.83548,84
"2018-06-01","b_2_39","00s",1.585804,2.211537,1.871837,84
"2018-07-01","b_2_39","00s",1.610351,2.227824,1.896646,84
"2018-08-01","b_2_39","00s",1.597647,2.219337,1.888841,84
"2018-09-01","b_2_39","00s",1.631404,2.263934,1.925386,84
"2018-10-01","b_2_39","00s",1.62427,2.221462,1.902709,84
"2018-11-01","b_2_39","00s",1.691974,2.290222,1.974652,84
"2018-12-01","b_2_39","00s",1.676374,2.281905,1.966968,84
"2019-01-01","b_2_39","00s",1.515434,2.095724,1.811709,84
"2019-02-01","b_2_39","00s",1.536326,2.102617,1.834179,84
"2019-03-01","b_2_39","00s",1.580627,2.14342,1.875942,84
"2019-04-01","b_2_39","00s",1.645192,2.213007,1.952488,84
"2019-05-01","b_2_39","00s",1.579891,2.149385,1.88036,84
"2019-06-01","b_2_39","00s",1.508928,2.097732,1.821501,84
"2019-07-01","b_2_39","00s",1.565995,2.154533,1.871382,84
"2019-08-01","b_2_39","00s",1.569719,2.159782,1.875876,84
"2019-09-01","b_2_39","00s",1.463893,2.064329,1.780975,84
"2019-10-01","b_2_39","00s",1.526605,2.145839,1.853791,84
"2019-11-01","b_2_39","00s",1.50846,2.101583,1.817988,84
"2019-12-01","b_2_39","00s",1.498008,2.095791,1.806175,84
"2020-01-01","b_2_39","00s",1.597772,2.175778,1.892046,84
"2020-02-01","b_2_39","00s",1.589837,2.16536,1.881683,84
"2020-03-01","b_2_39","00s",1.524198,2.098944,1.817654,84
"2020-04-01","b_2_39","00s",1.37169,2.015809,1.716374,84
"2020-05-01","b_2_39","00s",1.457338,2.104318,1.804119,84
"2020-06-01","b_2_39","00s",1.520899,2.196723,1.870622,84
"2020-07-01","b_2_39","00s",1.572531,2.296334,1.932089,84
"2020-08-01","b_2_39","00s",1.640993,2.388573,2.005829,84
"2020-09-01","b_2_39","00s",1.665329,2.434618,2.034227,84
"2020-10-01","b_2_39","00s",1.574083,2.309489,1.929059,84
"2020-11-01","b_2_39","00s",1.528145,2.295204,1.891899,84
"2020-12-01","b_2_39","00s",1.540069,2.349608,1.918344,84
"2021-01-01","b_2_39","00s",1.492277,2.400259,1.906235,84
"2021-02-01","b_2_39","00s",1.569381,2.517221,2.003097,84
"2021-03-01","b_2_39","00s",1.671033,2.684226,2.120571,84
"2021-04-01","b_2_39","00s",1.885918,2.885099,2.293033,84
"2021-05-01","b_2_39","00s",1.954168,3.042141,2.397617,84
"2021-06-01","b_2_39","00s",2.001798,3.149608,2.468099,84
"2021-07-01","b_2_39","00s",2.066163,3.241499,2.561177,84
"2021-08-01","b_2_39","00s",2.130626,3.351756,2.643953,84
"2021-09-01","b_2_39","00s",2.382301,3.597112,2.887448,84
"2021-10-01","b_2_39","00s",2.679782,4.02687,3.240983,84
"2021-11-01","b_2_39","00s",2.926363,4.354889,3.525021,84
"2021-12-01","b_2_39","00s",3.179198,4.620349,3.779947,84
"2022-01-01","b_2_39","00s",3.589612,5.000903,4.182937,84
"2022-02-01","b_2_39","00s",3.748606,5.246522,4.367751,84
"2022-03-01","b_2_39","00s",3.833604,5.39739,4.486384,84
"2022-04-01","b_2_39","00s",3.837928,5.356021,4.477704,84
"2022-05-01","b_2_39","00s",4.033046,5.527288,4.655768,84
"2022-06-01","b_2_39","00s",4.449811,5.940518,5.072579,84
"2022-07-01","b_2_39","00s",4.497989,5.950352,5.099926,84
"2022-08-01","b_2_39","00s",4.705628,6.090811,5.274197,84
"2022-09-01","b_2_39","00s",4.715578,6.094692,5.284264,84
"2022-10-01","b_2_39","00s",4.713636,5.984429,5.233954,84
"2022-11-01","b_2_39","00s",4.673573,5.85971,5.155605,84
"2022-12-01","b_2_39","00s",4.60702,5.745162,5.076989,84
"2023-01-01","b_2_39","00s",4.426158,5.533395,4.87835,84
"2023-02-01","b_2_39","00s",4.400563,5.38165,4.805133,84
"2023-03-01","b_2_39","00s",4.433774,5.288445,4.79325,84
"2023-04-01","b_2_39","00s",4.481346,5.335018,4.855853,84
"2023-05-01","b_2_39","00s",4.315292,5.134197,4.692287,84
"2023-06-01","b_2_39","00s",3.901476,4.633207,4.248701,84
"2023-07-01","b_2_39","00s",3.766774,4.474652,4.111047,84
"2023-08-01","b_2_39","00s",3.479914,4.183195,3.830758,84
"2023-09-01","b_2_39","00s",3.363372,4.076383,3.723106,84
"2023-10-01","b_2_39","00s",3.193534,3.90505,3.552599,84
"2023-11-01","b_2_39","00s",3.061272,3.780524,3.437761,84
"2023-12-01","b_2_39","00s",2.889516,3.595647,3.260366,84
"2024-01-01","b_2_39","00s",2.930402,3.630422,3.30104,84
"2024-02-01","b_2_39","00s",2.786927,3.518022,3.163845,84
"2024-03-01","b_2_39","00s",2.731865,3.493264,3.109236,84
"2024-04-01","b_2_39","00s",2.616266,3.348366,2.970944,84
"2024-05-01","b_2_39","00s",2.464249,3.226719,2.835831,84
"2024-06-01","b_2_39","00s",2.397988,3.176142,2.783687,84
"2024-07-01","b_2_39","00s",2.357186,3.114889,2.727251,84
"2024-08-01","b_2_39","00s",2.350072,3.099285,2.711547,84
"2024-09-01","b_2_39","00s",2.356583,3.076921,2.706437,84
"2024-10-01","b_2_39","00s",2.363726,3.083401,2.711134,84
"2024-11-01","b_2_39","00s",2.373695,3.069299,2.702143,84
"2024-12-01","b_2_39","00s",2.424703,3.128752,2.761819,84
"2025-01-01","b_2_39","00s",2.219344,2.957765,2.56618,84
"2025-02-01","b_2_39","00s",2.241274,2.957524,2.58282,84
"2025-03-01","b_2_39","00s",2.185057,2.893628,2.551025,84
"2025-04-01","b_2_39","00s",2.268004,2.981103,2.633266,84
"2025-05-01","b_2_39","00s",2.343581,2.996773,2.67194,84
"2025-06-01","b_2_39","00s",2.4883,3.11783,2.800354,84
"2025-07-01","b_2_39","00s",2.472472,3.116861,2.789908,84
"2025-08-01","b_2_39","00s",2.513543,3.164417,2.835782,84
"2025-09-01","b_2_39","00s",2.460084,3.140118,2.792741,84
"2025-10-01","b_2_39","00s",2.339794,3.037099,2.681089,84
"2025-11-01","b_2_39","00s",2.318177,3.014595,2.654203,84
"2025-12-01","b_2_39","00s",2.321066,3.043168,2.660309,84
"2026-01-01","b_2_39","00s",2.308794,3.067609,2.659861,84
"2026-02-01","b_2_39","00s",2.229959,3.053371,2.609553,84
"2026-03-01","b_2_39","00s",2.26813,3.08174,2.620438,84
"2026-04-01","b_2_39","00s",2.237833,3.102173,2.598544,84
"2026-05-01","b_2_39","00s",2.267795,3.151864,2.635298,84
"2026-06-01","b_2_39","00s",2.134433,3.047259,2.51247,84
"2026-07-01","b_2_39","00s",2.095256,3.014335,2.47934,84
"2026-08-01","b_2_39","00s",2.067276,3.008593,2.452531,84
