"date","target","sample","lo","hi","mean","n_trims"
"1960-01-01","c_0_37","long",1.145,1.788,1.483,76
"1960-02-01","c_0_37","long",1.157,1.791,1.491,76
"1960-03-01","c_0_37","long",1.121,1.765,1.46,76
"1960-04-01","c_0_37","long",1.078,1.749,1.426,76
"1960-05-01","c_0_37","long",1.036,1.709,1.386,76
"1960-06-01","c_0_37","long",0.868,1.534,1.216,76
"1960-07-01","c_0_37","long",0.902,1.559,1.246,76
"1960-08-01","c_0_37","long",0.871,1.528,1.215,76
"1960-09-01","c_0_37","long",0.784,1.423,1.12,76
"1960-10-01","c_0_37","long",0.69,1.356,1.039,76
"1960-11-01","c_0_37","long",0.777,1.425,1.116,76
"1960-12-01","c_0_37","long",0.745,1.396,1.083,76
"1961-01-01","c_0_37","long",0.739,1.382,1.068,76
"1961-02-01","c_0_37","long",0.71,1.33,1.024,76
"1961-03-01","c_0_37","long",0.674,1.254,0.965,76
"1961-04-01","c_0_37","long",0.564,1.126,0.849,76
"1961-05-01","c_0_37","long",0.528,1.089,0.812,76
"1961-06-01","c_0_37","long",0.54,1.115,0.831,76
"1961-07-01","c_0_37","long",0.485,1.065,0.782,76
"1961-08-01","c_0_37","long",0.446,0.983,0.725,76
"1961-09-01","c_0_37","long",0.45,1.017,0.748,76
"1961-10-01","c_0_37","long",0.419,0.949,0.692,76
"1961-11-01","c_0_37","long",0.327,0.866,0.605,76
"1961-12-01","c_0_37","long",0.27,0.785,0.535,76
"1962-01-01","c_0_37","long",0.467,0.975,0.732,76
"1962-02-01","c_0_37","long",0.543,1.074,0.82,76
"1962-03-01","c_0_37","long",0.707,1.246,0.987,76
"1962-04-01","c_0_37","long",0.638,1.169,0.913,76
"1962-05-01","c_0_37","long",0.678,1.191,0.94,76
"1962-06-01","c_0_37","long",0.699,1.22,0.968,76
"1962-07-01","c_0_37","long",0.627,1.146,0.894,76
"1962-08-01","c_0_37","long",0.692,1.208,0.955,76
"1962-09-01","c_0_37","long",0.725,1.295,1,76
"1962-10-01","c_0_37","long",0.681,1.252,0.959,76
"1962-11-01","c_0_37","long",0.669,1.249,0.955,76
"1962-12-01","c_0_37","long",0.625,1.207,0.918,76
"1963-01-01","c_0_37","long",0.577,1.157,0.869,76
"1963-02-01","c_0_37","long",0.519,1.089,0.803,76
"1963-03-01","c_0_37","long",0.38,0.937,0.653,76
"1963-04-01","c_0_37","long",0.393,0.975,0.679,76
"1963-05-01","c_0_37","long",0.509,1.085,0.793,76
"1963-06-01","c_0_37","long",0.506,1.098,0.797,76
"1963-07-01","c_0_37","long",0.525,1.142,0.829,76
"1963-08-01","c_0_37","long",0.483,1.153,0.808,76
"1963-09-01","c_0_37","long",0.407,1.006,0.714,76
"1963-10-01","c_0_37","long",0.61,1.212,0.92,76
"1963-11-01","c_0_37","long",0.613,1.239,0.934,76
"1963-12-01","c_0_37","long",0.694,1.345,1.023,76
"1964-01-01","c_0_37","long",0.646,1.327,0.989,76
"1964-02-01","c_0_37","long",0.678,1.363,1.031,76
"1964-03-01","c_0_37","long",0.656,1.349,1.019,76
"1964-04-01","c_0_37","long",0.664,1.37,1.031,76
"1964-05-01","c_0_37","long",0.514,1.223,0.88,76
"1964-06-01","c_0_37","long",0.468,1.144,0.81,76
"1964-07-01","c_0_37","long",0.43,1.097,0.758,76
"1964-08-01","c_0_37","long",0.46,1.073,0.767,76
"1964-09-01","c_0_37","long",0.44,1.065,0.747,76
"1964-10-01","c_0_37","long",0.301,0.948,0.622,76
"1964-11-01","c_0_37","long",0.333,0.969,0.646,76
"1964-12-01","c_0_37","long",0.341,0.958,0.649,76
"1965-01-01","c_0_37","long",0.359,0.975,0.665,76
"1965-02-01","c_0_37","long",0.292,0.894,0.585,76
"1965-03-01","c_0_37","long",0.34,0.98,0.654,76
"1965-04-01","c_0_37","long",0.439,1.06,0.748,76
"1965-05-01","c_0_37","long",0.518,1.134,0.824,76
"1965-06-01","c_0_37","long",0.615,1.244,0.936,76
"1965-07-01","c_0_37","long",0.668,1.296,0.997,76
"1965-08-01","c_0_37","long",0.699,1.339,1.035,76
"1965-09-01","c_0_37","long",0.798,1.414,1.124,76
"1965-10-01","c_0_37","long",0.87,1.465,1.182,76
"1965-11-01","c_0_37","long",0.946,1.516,1.245,76
"1965-12-01","c_0_37","long",1.083,1.655,1.373,76
"1966-01-01","c_0_37","long",1.134,1.679,1.411,76
"1966-02-01","c_0_37","long",1.314,1.873,1.591,76
"1966-03-01","c_0_37","long",1.391,1.955,1.663,76
"1966-04-01","c_0_37","long",1.555,2.11,1.82,76
"1966-05-01","c_0_37","long",1.562,2.153,1.844,76
"1966-06-01","c_0_37","long",1.599,2.229,1.893,76
"1966-07-01","c_0_37","long",1.711,2.34,1.996,76
"1966-08-01","c_0_37","long",1.757,2.377,2.036,76
"1966-09-01","c_0_37","long",1.929,2.553,2.208,76
"1966-10-01","c_0_37","long",2.121,2.75,2.396,76
"1966-11-01","c_0_37","long",2.116,2.766,2.396,76
"1966-12-01","c_0_37","long",2.084,2.737,2.369,76
"1967-01-01","c_0_37","long",2.072,2.73,2.36,76
"1967-02-01","c_0_37","long",2.091,2.713,2.369,76
"1967-03-01","c_0_37","long",2.05,2.637,2.315,76
"1967-04-01","c_0_37","long",1.922,2.518,2.19,76
"1967-05-01","c_0_37","long",1.953,2.514,2.206,76
"1967-06-01","c_0_37","long",2.043,2.543,2.27,76
"1967-07-01","c_0_37","long",2.096,2.58,2.317,76
"1967-08-01","c_0_37","long",2.143,2.654,2.372,76
"1967-09-01","c_0_37","long",2.191,2.684,2.416,76
"1967-10-01","c_0_37","long",2.181,2.662,2.406,76
"1967-11-01","c_0_37","long",2.282,2.757,2.506,76
"1967-12-01","c_0_37","long",2.343,2.822,2.569,76
"1968-01-01","c_0_37","long",2.518,2.995,2.743,76
"1968-02-01","c_0_37","long",2.609,3.093,2.84,76
"1968-03-01","c_0_37","long",2.756,3.251,2.992,76
"1968-04-01","c_0_37","long",2.89,3.368,3.118,76
"1968-05-01","c_0_37","long",3.112,3.579,3.335,76
"1968-06-01","c_0_37","long",3.175,3.658,3.404,76
"1968-07-01","c_0_37","long",3.172,3.651,3.398,76
"1968-08-01","c_0_37","long",3.364,3.808,3.581,76
"1968-09-01","c_0_37","long",3.394,3.846,3.611,76
"1968-10-01","c_0_37","long",3.496,3.943,3.709,76
"1968-11-01","c_0_37","long",3.591,4.012,3.794,76
"1968-12-01","c_0_37","long",3.676,4.07,3.867,76
"1969-01-01","c_0_37","long",3.672,4.069,3.864,76
"1969-02-01","c_0_37","long",3.582,3.988,3.773,76
"1969-03-01","c_0_37","long",3.755,4.146,3.936,76
"1969-04-01","c_0_37","long",3.838,4.23,4.023,76
"1969-05-01","c_0_37","long",3.826,4.236,4.02,76
"1969-06-01","c_0_37","long",3.873,4.274,4.065,76
"1969-07-01","c_0_37","long",4.098,4.49,4.288,76
"1969-08-01","c_0_37","long",3.973,4.374,4.166,76
"1969-09-01","c_0_37","long",4.003,4.416,4.201,76
"1969-10-01","c_0_37","long",3.986,4.401,4.186,76
"1969-11-01","c_0_37","long",4.04,4.446,4.234,76
"1969-12-01","c_0_37","long",4.118,4.522,4.313,76
"1970-01-01","c_0_37","long",4.115,4.514,4.308,76
"1970-02-01","c_0_37","long",4.259,4.654,4.453,76
"1970-03-01","c_0_37","long",4.22,4.629,4.423,76
"1970-04-01","c_0_37","long",4.232,4.673,4.442,76
"1970-05-01","c_0_37","long",4.17,4.609,4.376,76
"1970-06-01","c_0_37","long",4.115,4.553,4.32,76
"1970-07-01","c_0_37","long",4.023,4.454,4.227,76
"1970-08-01","c_0_37","long",4.095,4.514,4.29,76
"1970-09-01","c_0_37","long",4.095,4.515,4.293,76
"1970-10-01","c_0_37","long",4.153,4.628,4.369,76
"1970-11-01","c_0_37","long",4.137,4.616,4.355,76
"1970-12-01","c_0_37","long",4.228,4.723,4.453,76
"1971-01-01","c_0_37","long",4.198,4.688,4.421,76
"1971-02-01","c_0_37","long",4.069,4.569,4.297,76
"1971-03-01","c_0_37","long",3.939,4.425,4.161,76
"1971-04-01","c_0_37","long",3.87,4.336,4.086,76
"1971-05-01","c_0_37","long",3.973,4.427,4.184,76
"1971-06-01","c_0_37","long",4.063,4.526,4.276,76
"1971-07-01","c_0_37","long",3.977,4.457,4.195,76
"1971-08-01","c_0_37","long",3.953,4.44,4.178,76
"1971-09-01","c_0_37","long",3.81,4.289,4.026,76
"1971-10-01","c_0_37","long",3.494,3.92,3.693,76
"1971-11-01","c_0_37","long",3.292,3.714,3.49,76
"1971-12-01","c_0_37","long",3.08,3.493,3.27,76
"1972-01-01","c_0_37","long",3.049,3.479,3.243,76
"1972-02-01","c_0_37","long",3.062,3.48,3.25,76
"1972-03-01","c_0_37","long",3.072,3.492,3.258,76
"1972-04-01","c_0_37","long",2.89,3.299,3.074,76
"1972-05-01","c_0_37","long",2.68,3.08,2.859,76
"1972-06-01","c_0_37","long",2.449,2.843,2.628,76
"1972-07-01","c_0_37","long",2.435,2.845,2.616,76
"1972-08-01","c_0_37","long",2.373,2.781,2.551,76
"1972-09-01","c_0_37","long",2.429,2.843,2.609,76
"1972-10-01","c_0_37","long",2.501,2.911,2.677,76
"1972-11-01","c_0_37","long",2.608,3.028,2.791,76
"1972-12-01","c_0_37","long",2.648,3.061,2.829,76
"1973-01-01","c_0_37","long",2.607,3.036,2.804,76
"1973-02-01","c_0_37","long",2.72,3.166,2.922,76
"1973-03-01","c_0_37","long",2.891,3.371,3.11,76
"1973-04-01","c_0_37","long",3.3,3.811,3.531,76
"1973-05-01","c_0_37","long",3.522,4.082,3.769,76
"1973-06-01","c_0_37","long",3.701,4.298,3.961,76
"1973-07-01","c_0_37","long",3.653,4.246,3.915,76
"1973-08-01","c_0_37","long",3.832,4.512,4.124,76
"1973-09-01","c_0_37","long",3.859,4.595,4.166,76
"1973-10-01","c_0_37","long",4.104,4.948,4.447,76
"1973-11-01","c_0_37","long",4.26,5.217,4.643,76
"1973-12-01","c_0_37","long",4.461,5.453,4.858,76
"1974-01-01","c_0_37","long",4.725,5.771,5.13,76
"1974-02-01","c_0_37","long",5.013,6.209,5.463,76
"1974-03-01","c_0_37","long",5.3,6.584,5.777,76
"1974-04-01","c_0_37","long",5.385,6.731,5.898,76
"1974-05-01","c_0_37","long",5.832,7.211,6.368,76
"1974-06-01","c_0_37","long",6.302,7.723,6.859,76
"1974-07-01","c_0_37","long",6.757,8.273,7.356,76
"1974-08-01","c_0_37","long",7.251,8.765,7.848,76
"1974-09-01","c_0_37","long",7.75,9.265,8.364,76
"1974-10-01","c_0_37","long",8.084,9.519,8.679,76
"1974-11-01","c_0_37","long",8.281,9.622,8.843,76
"1974-12-01","c_0_37","long",8.445,9.787,9.007,76
"1975-01-01","c_0_37","long",8.616,9.895,9.159,76
"1975-02-01","c_0_37","long",8.518,9.635,9.015,76
"1975-03-01","c_0_37","long",8.155,9.147,8.608,76
"1975-04-01","c_0_37","long",7.938,8.85,8.348,76
"1975-05-01","c_0_37","long",7.402,8.26,7.792,76
"1975-06-01","c_0_37","long",6.995,7.83,7.366,76
"1975-07-01","c_0_37","long",6.844,7.583,7.18,76
"1975-08-01","c_0_37","long",6.361,7.019,6.673,76
"1975-09-01","c_0_37","long",6.091,6.695,6.377,76
"1975-10-01","c_0_37","long",5.992,6.578,6.268,76
"1975-11-01","c_0_37","long",5.854,6.457,6.133,76
"1975-12-01","c_0_37","long",5.679,6.254,5.949,76
"1976-01-01","c_0_37","long",5.436,5.997,5.702,76
"1976-02-01","c_0_37","long",5.227,5.84,5.526,76
"1976-03-01","c_0_37","long",5.159,5.814,5.483,76
"1976-04-01","c_0_37","long",5.057,5.694,5.376,76
"1976-05-01","c_0_37","long",5.234,5.857,5.541,76
"1976-06-01","c_0_37","long",5.262,5.844,5.558,76
"1976-07-01","c_0_37","long",5.176,5.735,5.457,76
"1976-08-01","c_0_37","long",5.254,5.814,5.536,76
"1976-09-01","c_0_37","long",5.186,5.742,5.467,76
"1976-10-01","c_0_37","long",5.054,5.614,5.339,76
"1976-11-01","c_0_37","long",5.028,5.557,5.307,76
"1976-12-01","c_0_37","long",4.971,5.528,5.258,76
"1977-01-01","c_0_37","long",5.123,5.686,5.414,76
"1977-02-01","c_0_37","long",5.422,5.944,5.687,76
"1977-03-01","c_0_37","long",5.716,6.213,5.965,76
"1977-04-01","c_0_37","long",5.821,6.341,6.081,76
"1977-05-01","c_0_37","long",5.823,6.34,6.084,76
"1977-06-01","c_0_37","long",5.912,6.428,6.176,76
"1977-07-01","c_0_37","long",5.959,6.483,6.231,76
"1977-08-01","c_0_37","long",5.956,6.479,6.228,76
"1977-09-01","c_0_37","long",5.903,6.437,6.177,76
"1977-10-01","c_0_37","long",5.791,6.334,6.066,76
"1977-11-01","c_0_37","long",5.909,6.443,6.178,76
"1977-12-01","c_0_37","long",5.977,6.5,6.24,76
"1978-01-01","c_0_37","long",5.807,6.358,6.076,76
"1978-02-01","c_0_37","long",5.647,6.209,5.919,76
"1978-03-01","c_0_37","long",5.62,6.18,5.883,76
"1978-04-01","c_0_37","long",5.785,6.357,6.047,76
"1978-05-01","c_0_37","long",5.961,6.536,6.223,76
"1978-06-01","c_0_37","long",5.984,6.57,6.246,76
"1978-07-01","c_0_37","long",6.081,6.666,6.337,76
"1978-08-01","c_0_37","long",6.163,6.767,6.429,76
"1978-09-01","c_0_37","long",6.334,6.935,6.601,76
"1978-10-01","c_0_37","long",6.672,7.267,6.941,76
"1978-11-01","c_0_37","long",6.755,7.361,7.033,76
"1978-12-01","c_0_37","long",6.796,7.392,7.073,76
"1979-01-01","c_0_37","long",7.121,7.721,7.402,76
"1979-02-01","c_0_37","long",7.332,7.917,7.608,76
"1979-03-01","c_0_37","long",7.37,7.969,7.658,76
"1979-04-01","c_0_37","long",7.364,7.965,7.658,76
"1979-05-01","c_0_37","long",7.5,8.105,7.796,76
"1979-06-01","c_0_37","long",7.566,8.155,7.856,76
"1979-07-01","c_0_37","long",7.66,8.249,7.952,76
"1979-08-01","c_0_37","long",7.841,8.418,8.126,76
"1979-09-01","c_0_37","long",7.961,8.553,8.249,76
"1979-10-01","c_0_37","long",8.087,8.709,8.393,76
"1979-11-01","c_0_37","long",8.055,8.721,8.375,76
"1979-12-01","c_0_37","long",8.196,8.927,8.535,76
"1980-01-01","c_0_37","long",8.339,9.084,8.679,76
"1980-02-01","c_0_37","long",8.536,9.398,8.92,76
"1980-03-01","c_0_37","long",8.76,9.624,9.14,76
"1980-04-01","c_0_37","long",8.722,9.597,9.11,76
"1980-05-01","c_0_37","long",8.649,9.545,9.051,76
"1980-06-01","c_0_37","long",8.796,9.733,9.219,76
"1980-07-01","c_0_37","long",8.696,9.673,9.128,76
"1980-08-01","c_0_37","long",8.66,9.667,9.096,76
"1980-09-01","c_0_37","long",8.749,9.745,9.183,76
"1980-10-01","c_0_37","long",8.63,9.599,9.049,76
"1980-11-01","c_0_37","long",8.705,9.648,9.114,76
"1980-12-01","c_0_37","long",8.703,9.571,9.091,76
"1981-01-01","c_0_37","long",8.627,9.495,9.011,76
"1981-02-01","c_0_37","long",8.573,9.327,8.911,76
"1981-03-01","c_0_37","long",8.372,9.108,8.706,76
"1981-04-01","c_0_37","long",8.378,9.12,8.719,76
"1981-05-01","c_0_37","long",8.191,8.947,8.537,76
"1981-06-01","c_0_37","long",7.94,8.661,8.269,76
"1981-07-01","c_0_37","long",7.932,8.634,8.26,76
"1981-08-01","c_0_37","long",7.82,8.545,8.174,76
"1981-09-01","c_0_37","long",7.616,8.331,7.966,76
"1981-10-01","c_0_37","long",7.38,8.088,7.726,76
"1981-11-01","c_0_37","long",7.167,7.866,7.513,76
"1981-12-01","c_0_37","long",6.867,7.587,7.222,76
"1982-01-01","c_0_37","long",6.555,7.244,6.901,76
"1982-02-01","c_0_37","long",6.131,6.813,6.473,76
"1982-03-01","c_0_37","long",5.963,6.636,6.305,76
"1982-04-01","c_0_37","long",5.693,6.337,6.014,76
"1982-05-01","c_0_37","long",5.637,6.244,5.939,76
"1982-06-01","c_0_37","long",5.582,6.197,5.884,76
"1982-07-01","c_0_37","long",5.649,6.259,5.948,76
"1982-08-01","c_0_37","long",5.377,5.935,5.644,76
"1982-09-01","c_0_37","long",5.014,5.575,5.281,76
"1982-10-01","c_0_37","long",4.993,5.559,5.262,76
"1982-11-01","c_0_37","long",4.743,5.306,5.008,76
"1982-12-01","c_0_37","long",4.554,5.136,4.832,76
"1983-01-01","c_0_37","long",4.54,5.102,4.818,76
"1983-02-01","c_0_37","long",4.465,5.017,4.742,76
"1983-03-01","c_0_37","long",4.247,4.793,4.519,76
"1983-04-01","c_0_37","long",4.4,4.973,4.689,76
"1983-05-01","c_0_37","long",4.171,4.755,4.458,76
"1983-06-01","c_0_37","long",3.998,4.562,4.281,76
"1983-07-01","c_0_37","long",3.719,4.296,3.999,76
"1983-08-01","c_0_37","long",3.637,4.209,3.917,76
"1983-09-01","c_0_37","long",3.694,4.297,3.99,76
"1983-10-01","c_0_37","long",3.434,4.038,3.733,76
"1983-11-01","c_0_37","long",3.532,4.131,3.825,76
"1983-12-01","c_0_37","long",3.569,4.122,3.836,76
"1984-01-01","c_0_37","long",3.531,4.081,3.794,76
"1984-02-01","c_0_37","long",3.564,4.115,3.829,76
"1984-03-01","c_0_37","long",3.696,4.26,3.968,76
"1984-04-01","c_0_37","long",3.654,4.171,3.899,76
"1984-05-01","c_0_37","long",3.588,4.086,3.829,76
"1984-06-01","c_0_37","long",3.602,4.127,3.862,76
"1984-07-01","c_0_37","long",3.688,4.186,3.943,76
"1984-08-01","c_0_37","long",3.769,4.253,4.014,76
"1984-09-01","c_0_37","long",3.774,4.225,4.002,76
"1984-10-01","c_0_37","long",3.851,4.283,4.066,76
"1984-11-01","c_0_37","long",3.681,4.105,3.896,76
"1984-12-01","c_0_37","long",3.769,4.211,3.994,76
"1985-01-01","c_0_37","long",3.635,4.08,3.86,76
"1985-02-01","c_0_37","long",3.761,4.199,3.982,76
"1985-03-01","c_0_37","long",3.776,4.216,4.001,76
"1985-04-01","c_0_37","long",3.62,4.056,3.844,76
"1985-05-01","c_0_37","long",3.712,4.162,3.942,76
"1985-06-01","c_0_37","long",3.766,4.2,3.986,76
"1985-07-01","c_0_37","long",3.554,3.983,3.773,76
"1985-08-01","c_0_37","long",3.531,3.982,3.765,76
"1985-09-01","c_0_37","long",3.479,3.968,3.738,76
"1985-10-01","c_0_37","long",3.434,3.933,3.696,76
"1985-11-01","c_0_37","long",3.599,4.127,3.875,76
"1985-12-01","c_0_37","long",3.631,4.153,3.903,76
"1986-01-01","c_0_37","long",3.728,4.256,4.004,76
"1986-02-01","c_0_37","long",3.457,4.021,3.758,76
"1986-03-01","c_0_37","long",3.291,3.863,3.592,76
"1986-04-01","c_0_37","long",3.294,3.903,3.619,76
"1986-05-01","c_0_37","long",3.197,3.799,3.524,76
"1986-06-01","c_0_37","long",3.201,3.806,3.524,76
"1986-07-01","c_0_37","long",3.255,3.867,3.58,76
"1986-08-01","c_0_37","long",3.196,3.788,3.508,76
"1986-09-01","c_0_37","long",3.269,3.82,3.553,76
"1986-10-01","c_0_37","long",3.298,3.866,3.597,76
"1986-11-01","c_0_37","long",3.228,3.764,3.509,76
"1986-12-01","c_0_37","long",3.167,3.703,3.446,76
"1987-01-01","c_0_37","long",3.207,3.76,3.49,76
"1987-02-01","c_0_37","long",3.263,3.787,3.526,76
"1987-03-01","c_0_37","long",3.417,3.928,3.672,76
"1987-04-01","c_0_37","long",3.61,4.092,3.847,76
"1987-05-01","c_0_37","long",3.72,4.203,3.954,76
"1987-06-01","c_0_37","long",3.664,4.158,3.905,76
"1987-07-01","c_0_37","long",3.629,4.129,3.875,76
"1987-08-01","c_0_37","long",3.75,4.247,3.997,76
"1987-09-01","c_0_37","long",3.726,4.219,3.972,76
"1987-10-01","c_0_37","long",3.778,4.26,4.014,76
"1987-11-01","c_0_37","long",3.787,4.281,4.027,76
"1987-12-01","c_0_37","long",3.708,4.21,3.955,76
"1988-01-01","c_0_37","long",3.686,4.166,3.928,76
"1988-02-01","c_0_37","long",3.662,4.147,3.906,76
"1988-03-01","c_0_37","long",3.669,4.159,3.915,76
"1988-04-01","c_0_37","long",3.623,4.145,3.879,76
"1988-05-01","c_0_37","long",3.599,4.118,3.851,76
"1988-06-01","c_0_37","long",3.69,4.19,3.936,76
"1988-07-01","c_0_37","long",3.896,4.417,4.15,76
"1988-08-01","c_0_37","long",3.859,4.393,4.116,76
"1988-09-01","c_0_37","long",4.006,4.561,4.271,76
"1988-10-01","c_0_37","long",3.969,4.559,4.248,76
"1988-11-01","c_0_37","long",3.999,4.583,4.278,76
"1988-12-01","c_0_37","long",4.101,4.669,4.369,76
"1989-01-01","c_0_37","long",4.173,4.754,4.448,76
"1989-02-01","c_0_37","long",4.27,4.886,4.561,76
"1989-03-01","c_0_37","long",4.25,4.851,4.535,76
"1989-04-01","c_0_37","long",4.251,4.843,4.536,76
"1989-05-01","c_0_37","long",4.313,4.917,4.601,76
"1989-06-01","c_0_37","long",4.219,4.825,4.506,76
"1989-07-01","c_0_37","long",4.119,4.695,4.392,76
"1989-08-01","c_0_37","long",4.01,4.622,4.307,76
"1989-09-01","c_0_37","long",3.871,4.477,4.167,76
"1989-10-01","c_0_37","long",3.999,4.554,4.275,76
"1989-11-01","c_0_37","long",3.982,4.542,4.259,76
"1989-12-01","c_0_37","long",4.006,4.582,4.297,76
"1990-01-01","c_0_37","long",3.895,4.49,4.191,76
"1990-02-01","c_0_37","long",3.873,4.453,4.16,76
"1990-03-01","c_0_37","long",4.035,4.628,4.33,76
"1990-04-01","c_0_37","long",3.998,4.559,4.274,76
"1990-05-01","c_0_37","long",3.945,4.5,4.222,76
"1990-06-01","c_0_37","long",4.113,4.697,4.407,76
"1990-07-01","c_0_37","long",4.14,4.728,4.436,76
"1990-08-01","c_0_37","long",4.337,4.882,4.607,76
"1990-09-01","c_0_37","long",4.346,4.905,4.624,76
"1990-10-01","c_0_37","long",4.237,4.823,4.525,76
"1990-11-01","c_0_37","long",4.127,4.715,4.416,76
"1990-12-01","c_0_37","long",4.108,4.689,4.385,76
"1991-01-01","c_0_37","long",4.079,4.676,4.364,76
"1991-02-01","c_0_37","long",3.989,4.588,4.28,76
"1991-03-01","c_0_37","long",3.673,4.263,3.956,76
"1991-04-01","c_0_37","long",3.59,4.189,3.878,76
"1991-05-01","c_0_37","long",3.66,4.247,3.943,76
"1991-06-01","c_0_37","long",3.415,3.985,3.684,76
"1991-07-01","c_0_37","long",3.292,3.89,3.574,76
"1991-08-01","c_0_37","long",3.121,3.749,3.419,76
"1991-09-01","c_0_37","long",3.096,3.713,3.388,76
"1991-10-01","c_0_37","long",3.012,3.608,3.3,76
"1991-11-01","c_0_37","long",3.152,3.744,3.439,76
"1991-12-01","c_0_37","long",3.174,3.76,3.462,76
"1992-01-01","c_0_37","long",3.062,3.604,3.332,76
"1992-02-01","c_0_37","long",3.097,3.636,3.361,76
"1992-03-01","c_0_37","long",3.221,3.775,3.493,76
"1992-04-01","c_0_37","long",3.145,3.705,3.421,76
"1992-05-01","c_0_37","long",3.031,3.618,3.321,76
"1992-06-01","c_0_37","long",3.029,3.641,3.332,76
"1992-07-01","c_0_37","long",3.035,3.633,3.333,76
"1992-08-01","c_0_37","long",2.979,3.563,3.271,76
"1992-09-01","c_0_37","long",2.822,3.416,3.118,76
"1992-10-01","c_0_37","long",2.88,3.488,3.176,76
"1992-11-01","c_0_37","long",2.841,3.439,3.131,76
"1992-12-01","c_0_37","long",2.739,3.339,3.026,76
"1993-01-01","c_0_37","long",2.731,3.327,3.016,76
"1993-02-01","c_0_37","long",2.699,3.261,2.97,76
"1993-03-01","c_0_37","long",2.594,3.129,2.854,76
"1993-04-01","c_0_37","long",2.681,3.195,2.93,76
"1993-05-01","c_0_37","long",2.708,3.201,2.95,76
"1993-06-01","c_0_37","long",2.651,3.111,2.88,76
"1993-07-01","c_0_37","long",2.612,3.05,2.828,76
"1993-08-01","c_0_37","long",2.564,2.976,2.768,76
"1993-09-01","c_0_37","long",2.58,2.969,2.775,76
"1993-10-01","c_0_37","long",2.521,2.889,2.706,76
"1993-11-01","c_0_37","long",2.446,2.808,2.631,76
"1993-12-01","c_0_37","long",2.349,2.742,2.557,76
"1994-01-01","c_0_37","long",2.289,2.71,2.515,76
"1994-02-01","c_0_37","long",2.267,2.704,2.498,76
"1994-03-01","c_0_37","long",2.308,2.745,2.541,76
"1994-04-01","c_0_37","long",2.196,2.638,2.434,76
"1994-05-01","c_0_37","long",2.147,2.587,2.382,76
"1994-06-01","c_0_37","long",2.217,2.648,2.446,76
"1994-07-01","c_0_37","long",2.246,2.691,2.48,76
"1994-08-01","c_0_37","long",2.231,2.674,2.465,76
"1994-09-01","c_0_37","long",2.21,2.658,2.451,76
"1994-10-01","c_0_37","long",2.142,2.599,2.389,76
"1994-11-01","c_0_37","long",2.145,2.609,2.394,76
"1994-12-01","c_0_37","long",2.14,2.579,2.375,76
"1995-01-01","c_0_37","long",2.269,2.693,2.49,76
"1995-02-01","c_0_37","long",2.209,2.611,2.421,76
"1995-03-01","c_0_37","long",2.161,2.583,2.385,76
"1995-04-01","c_0_37","long",2.211,2.627,2.433,76
"1995-05-01","c_0_37","long",2.176,2.585,2.395,76
"1995-06-01","c_0_37","long",2.092,2.509,2.315,76
"1995-07-01","c_0_37","long",2.001,2.428,2.232,76
"1995-08-01","c_0_37","long",2.063,2.492,2.291,76
"1995-09-01","c_0_37","long",2.06,2.51,2.296,76
"1995-10-01","c_0_37","long",2.161,2.594,2.39,76
"1995-11-01","c_0_37","long",2.108,2.568,2.355,76
"1995-12-01","c_0_37","long",2.172,2.608,2.406,76
"1996-01-01","c_0_37","long",2.102,2.511,2.324,76
"1996-02-01","c_0_37","long",2.123,2.549,2.345,76
"1996-03-01","c_0_37","long",2.139,2.538,2.342,76
"1996-04-01","c_0_37","long",2.106,2.51,2.309,76
"1996-05-01","c_0_37","long",2.13,2.529,2.329,76
"1996-06-01","c_0_37","long",2.153,2.565,2.364,76
"1996-07-01","c_0_37","long",2.192,2.593,2.394,76
"1996-08-01","c_0_37","long",2.164,2.574,2.378,76
"1996-09-01","c_0_37","long",2.254,2.643,2.452,76
"1996-10-01","c_0_37","long",2.235,2.63,2.433,76
"1996-11-01","c_0_37","long",2.308,2.672,2.487,76
"1996-12-01","c_0_37","long",2.274,2.643,2.457,76
"1997-01-01","c_0_37","long",2.209,2.598,2.398,76
"1997-02-01","c_0_37","long",2.2,2.582,2.39,76
"1997-03-01","c_0_37","long",2.163,2.55,2.361,76
"1997-04-01","c_0_37","long",2.139,2.542,2.352,76
"1997-05-01","c_0_37","long",2.054,2.477,2.281,76
"1997-06-01","c_0_37","long",2.021,2.459,2.253,76
"1997-07-01","c_0_37","long",1.901,2.377,2.152,76
"1997-08-01","c_0_37","long",1.833,2.315,2.083,76
"1997-09-01","c_0_37","long",1.806,2.274,2.051,76
"1997-10-01","c_0_37","long",1.58,2.082,1.842,76
"1997-11-01","c_0_37","long",1.459,2.003,1.747,76
"1997-12-01","c_0_37","long",1.379,1.97,1.685,76
"1998-01-01","c_0_37","long",1.341,1.932,1.654,76
"1998-02-01","c_0_37","long",1.251,1.884,1.594,76
"1998-03-01","c_0_37","long",1.25,1.925,1.615,76
"1998-04-01","c_0_37","long",1.256,1.908,1.605,76
"1998-05-01","c_0_37","long",1.283,1.971,1.64,76
"1998-06-01","c_0_37","long",1.272,1.929,1.612,76
"1998-07-01","c_0_37","long",1.367,1.97,1.687,76
"1998-08-01","c_0_37","long",1.436,2.032,1.752,76
"1998-09-01","c_0_37","long",1.328,2.015,1.689,76
"1998-10-01","c_0_37","long",1.466,2.125,1.817,76
"1998-11-01","c_0_37","long",1.499,2.138,1.842,76
"1998-12-01","c_0_37","long",1.517,2.169,1.871,76
"1999-01-01","c_0_37","long",1.561,2.195,1.904,76
"1999-02-01","c_0_37","long",1.527,2.148,1.852,76
"1999-03-01","c_0_37","long",1.47,2.057,1.776,76
"1999-04-01","c_0_37","long",1.532,2.144,1.842,76
"1999-05-01","c_0_37","long",1.537,2.1,1.83,76
"1999-06-01","c_0_37","long",1.542,2.103,1.836,76
"1999-07-01","c_0_37","long",1.587,2.147,1.877,76
"1999-08-01","c_0_37","long",1.537,2.089,1.825,76
"1999-09-01","c_0_37","long",1.658,2.13,1.902,76
"1999-10-01","c_0_37","long",1.654,2.117,1.894,76
"1999-11-01","c_0_37","long",1.676,2.14,1.911,76
"1999-12-01","c_0_37","long",1.75,2.153,1.952,76
"2000-01-01","c_0_37","long",1.86,2.272,2.068,76
"2000-02-01","c_0_37","long",1.998,2.386,2.197,76
"2000-03-01","c_0_37","long",2.123,2.502,2.314,76
"2000-04-01","c_0_37","long",1.998,2.417,2.22,76
"2000-05-01","c_0_37","long",2.02,2.451,2.249,76
"2000-06-01","c_0_37","long",2.067,2.5,2.295,76
"2000-07-01","c_0_37","long",2.111,2.569,2.352,76
"2000-08-01","c_0_37","long",2.125,2.587,2.366,76
"2000-09-01","c_0_37","long",2.16,2.621,2.407,76
"2000-10-01","c_0_37","long",2.141,2.648,2.414,76
"2000-11-01","c_0_37","long",2.168,2.67,2.444,76
"2000-12-01","c_0_37","long",2.19,2.714,2.48,76
"2001-01-01","c_0_37","long",2.234,2.782,2.524,76
"2001-02-01","c_0_37","long",2.289,2.829,2.579,76
"2001-03-01","c_0_37","long",2.242,2.798,2.54,76
"2001-04-01","c_0_37","long",2.359,2.905,2.654,76
"2001-05-01","c_0_37","long",2.363,2.907,2.653,76
"2001-06-01","c_0_37","long",2.425,3.002,2.728,76
"2001-07-01","c_0_37","long",2.354,2.924,2.653,76
"2001-08-01","c_0_37","long",2.38,3.009,2.708,76
"2001-09-01","c_0_37","long",2.32,2.963,2.654,76
"2001-10-01","c_0_37","long",2.346,2.958,2.663,76
"2001-11-01","c_0_37","long",2.353,2.953,2.657,76
"2001-12-01","c_0_37","long",2.267,2.875,2.576,76
"2002-01-01","c_0_37","long",2.076,2.681,2.393,76
"2002-02-01","c_0_37","long",2.019,2.642,2.342,76
"2002-03-01","c_0_37","long",2.046,2.662,2.365,76
"2002-04-01","c_0_37","long",2.032,2.601,2.319,76
"2002-05-01","c_0_37","long",2.006,2.563,2.286,76
"2002-06-01","c_0_37","long",1.924,2.462,2.201,76
"2002-07-01","c_0_37","long",1.96,2.495,2.23,76
"2002-08-01","c_0_37","long",1.957,2.439,2.199,76
"2002-09-01","c_0_37","long",2.014,2.483,2.246,76
"2002-10-01","c_0_37","long",2.021,2.485,2.251,76
"2002-11-01","c_0_37","long",2.005,2.466,2.233,76
"2002-12-01","c_0_37","long",2.048,2.509,2.269,76
"2003-01-01","c_0_37","long",2.055,2.518,2.279,76
"2003-02-01","c_0_37","long",2.034,2.493,2.257,76
"2003-03-01","c_0_37","long",2.017,2.478,2.243,76
"2003-04-01","c_0_37","long",1.915,2.375,2.141,76
"2003-05-01","c_0_37","long",1.924,2.389,2.152,76
"2003-06-01","c_0_37","long",1.884,2.335,2.098,76
"2003-07-01","c_0_37","long",1.914,2.355,2.127,76
"2003-08-01","c_0_37","long",1.935,2.364,2.143,76
"2003-09-01","c_0_37","long",1.861,2.285,2.068,76
"2003-10-01","c_0_37","long",1.88,2.302,2.084,76
"2003-11-01","c_0_37","long",1.845,2.288,2.062,76
"2003-12-01","c_0_37","long",1.836,2.266,2.048,76
"2004-01-01","c_0_37","long",1.956,2.413,2.175,76
"2004-02-01","c_0_37","long",2.025,2.464,2.234,76
"2004-03-01","c_0_37","long",2.016,2.44,2.217,76
"2004-04-01","c_0_37","long",2.194,2.612,2.395,76
"2004-05-01","c_0_37","long",2.251,2.655,2.448,76
"2004-06-01","c_0_37","long",2.364,2.758,2.558,76
"2004-07-01","c_0_37","long",2.295,2.702,2.5,76
"2004-08-01","c_0_37","long",2.237,2.691,2.467,76
"2004-09-01","c_0_37","long",2.226,2.674,2.454,76
"2004-10-01","c_0_37","long",2.238,2.678,2.458,76
"2004-11-01","c_0_37","long",2.3,2.742,2.515,76
"2004-12-01","c_0_37","long",2.304,2.744,2.526,76
"2005-01-01","c_0_37","long",2.372,2.762,2.572,76
"2005-02-01","c_0_37","long",2.366,2.763,2.572,76
"2005-03-01","c_0_37","long",2.371,2.783,2.582,76
"2005-04-01","c_0_37","long",2.285,2.702,2.495,76
"2005-05-01","c_0_37","long",2.261,2.678,2.47,76
"2005-06-01","c_0_37","long",2.2,2.622,2.412,76
"2005-07-01","c_0_37","long",2.258,2.66,2.459,76
"2005-08-01","c_0_37","long",2.275,2.641,2.46,76
"2005-09-01","c_0_37","long",2.389,2.771,2.583,76
"2005-10-01","c_0_37","long",2.44,2.84,2.643,76
"2005-11-01","c_0_37","long",2.475,2.846,2.666,76
"2005-12-01","c_0_37","long",2.427,2.81,2.623,76
"2006-01-01","c_0_37","long",2.369,2.739,2.559,76
"2006-02-01","c_0_37","long",2.309,2.689,2.506,76
"2006-03-01","c_0_37","long",2.355,2.731,2.553,76
"2006-04-01","c_0_37","long",2.423,2.801,2.623,76
"2006-05-01","c_0_37","long",2.536,2.932,2.746,76
"2006-06-01","c_0_37","long",2.69,3.09,2.903,76
"2006-07-01","c_0_37","long",2.661,3.11,2.9,76
"2006-08-01","c_0_37","long",2.748,3.185,2.979,76
"2006-09-01","c_0_37","long",2.679,3.123,2.916,76
"2006-10-01","c_0_37","long",2.616,3.069,2.856,76
"2006-11-01","c_0_37","long",2.461,2.947,2.716,76
"2006-12-01","c_0_37","long",2.594,3.065,2.842,76
"2007-01-01","c_0_37","long",2.637,3.131,2.892,76
"2007-02-01","c_0_37","long",2.747,3.234,2.999,76
"2007-03-01","c_0_37","long",2.677,3.161,2.929,76
"2007-04-01","c_0_37","long",2.594,3.071,2.844,76
"2007-05-01","c_0_37","long",2.442,2.901,2.683,76
"2007-06-01","c_0_37","long",2.347,2.796,2.583,76
"2007-07-01","c_0_37","long",2.332,2.738,2.542,76
"2007-08-01","c_0_37","long",2.265,2.682,2.485,76
"2007-09-01","c_0_37","long",2.361,2.772,2.572,76
"2007-10-01","c_0_37","long",2.455,2.861,2.659,76
"2007-11-01","c_0_37","long",2.672,3.045,2.861,76
"2007-12-01","c_0_37","long",2.661,3.029,2.839,76
"2008-01-01","c_0_37","long",2.579,2.938,2.754,76
"2008-02-01","c_0_37","long",2.494,2.855,2.664,76
"2008-03-01","c_0_37","long",2.54,2.897,2.708,76
"2008-04-01","c_0_37","long",2.542,2.922,2.727,76
"2008-05-01","c_0_37","long",2.581,2.972,2.769,76
"2008-06-01","c_0_37","long",2.631,3.055,2.831,76
"2008-07-01","c_0_37","long",2.723,3.192,2.946,76
"2008-08-01","c_0_37","long",2.69,3.168,2.918,76
"2008-09-01","c_0_37","long",2.577,3.047,2.803,76
"2008-10-01","c_0_37","long",2.351,2.903,2.652,76
"2008-11-01","c_0_37","long",2.158,2.796,2.524,76
"2008-12-01","c_0_37","long",1.966,2.644,2.366,76
"2009-01-01","c_0_37","long",1.96,2.661,2.377,76
"2009-02-01","c_0_37","long",1.933,2.626,2.351,76
"2009-03-01","c_0_37","long",1.794,2.555,2.263,76
"2009-04-01","c_0_37","long",1.744,2.482,2.196,76
"2009-05-01","c_0_37","long",1.681,2.42,2.135,76
"2009-06-01","c_0_37","long",1.555,2.282,2.003,76
"2009-07-01","c_0_37","long",1.276,1.969,1.712,76
"2009-08-01","c_0_37","long",1.277,2.014,1.732,76
"2009-09-01","c_0_37","long",1.153,1.94,1.628,76
"2009-10-01","c_0_37","long",1.278,2.071,1.722,76
"2009-11-01","c_0_37","long",1.26,1.984,1.643,76
"2009-12-01","c_0_37","long",1.3,1.976,1.646,76
"2010-01-01","c_0_37","long",1.158,1.82,1.492,76
"2010-02-01","c_0_37","long",1.06,1.719,1.389,76
"2010-03-01","c_0_37","long",1.057,1.647,1.333,76
"2010-04-01","c_0_37","long",1.004,1.601,1.281,76
"2010-05-01","c_0_37","long",0.932,1.525,1.203,76
"2010-06-01","c_0_37","long",0.842,1.431,1.119,76
"2010-07-01","c_0_37","long",0.91,1.484,1.175,76
"2010-08-01","c_0_37","long",0.911,1.431,1.144,76
"2010-09-01","c_0_37","long",0.965,1.429,1.176,76
"2010-10-01","c_0_37","long",0.851,1.205,1.012,76
"2010-11-01","c_0_37","long",0.888,1.241,1.054,76
"2010-12-01","c_0_37","long",0.926,1.276,1.092,76
"2011-01-01","c_0_37","long",1.044,1.4,1.206,76
"2011-02-01","c_0_37","long",1.207,1.577,1.378,76
"2011-03-01","c_0_37","long",1.345,1.725,1.518,76
"2011-04-01","c_0_37","long",1.482,1.881,1.661,76
"2011-05-01","c_0_37","long",1.624,2.088,1.833,76
"2011-06-01","c_0_37","long",1.684,2.143,1.891,76
"2011-07-01","c_0_37","long",1.763,2.218,1.97,76
"2011-08-01","c_0_37","long",1.848,2.306,2.053,76
"2011-09-01","c_0_37","long",1.896,2.36,2.105,76
"2011-10-01","c_0_37","long",1.928,2.435,2.172,76
"2011-11-01","c_0_37","long",1.978,2.48,2.213,76
"2011-12-01","c_0_37","long",2.051,2.553,2.287,76
"2012-01-01","c_0_37","long",2.093,2.592,2.325,76
"2012-02-01","c_0_37","long",2.014,2.517,2.244,76
"2012-03-01","c_0_37","long",1.978,2.468,2.208,76
"2012-04-01","c_0_37","long",1.925,2.386,2.144,76
"2012-05-01","c_0_37","long",1.864,2.254,2.055,76
"2012-06-01","c_0_37","long",1.841,2.228,2.027,76
"2012-07-01","c_0_37","long",1.805,2.216,2.007,76
"2012-08-01","c_0_37","long",1.744,2.141,1.943,76
"2012-09-01","c_0_37","long",1.737,2.124,1.929,76
"2012-10-01","c_0_37","long",1.766,2.146,1.936,76
"2012-11-01","c_0_37","long",1.679,2.058,1.855,76
"2012-12-01","c_0_37","long",1.596,1.984,1.779,76
"2013-01-01","c_0_37","long",1.566,1.93,1.746,76
"2013-02-01","c_0_37","long",1.583,1.927,1.757,76
"2013-03-01","c_0_37","long",1.5,1.872,1.687,76
"2013-04-01","c_0_37","long",1.324,1.756,1.538,76
"2013-05-01","c_0_37","long",1.276,1.745,1.508,76
"2013-06-01","c_0_37","long",1.376,1.836,1.605,76
"2013-07-01","c_0_37","long",1.404,1.844,1.621,76
"2013-08-01","c_0_37","long",1.384,1.833,1.603,76
"2013-09-01","c_0_37","long",1.345,1.828,1.59,76
"2013-10-01","c_0_37","long",1.379,1.828,1.613,76
"2013-11-01","c_0_37","long",1.468,1.904,1.696,76
"2013-12-01","c_0_37","long",1.498,1.936,1.729,76
"2014-01-01","c_0_37","long",1.452,1.889,1.683,76
"2014-02-01","c_0_37","long",1.384,1.846,1.63,76
"2014-03-01","c_0_37","long",1.42,1.865,1.657,76
"2014-04-01","c_0_37","long",1.599,1.983,1.808,76
"2014-05-01","c_0_37","long",1.675,2.02,1.865,76
"2014-06-01","c_0_37","long",1.651,1.995,1.838,76
"2014-07-01","c_0_37","long",1.662,2.003,1.846,76
"2014-08-01","c_0_37","long",1.6,1.956,1.796,76
"2014-09-01","c_0_37","long",1.629,1.961,1.808,76
"2014-10-01","c_0_37","long",1.501,1.929,1.733,76
"2014-11-01","c_0_37","long",1.447,1.907,1.696,76
"2014-12-01","c_0_37","long",1.446,1.9,1.69,76
"2015-01-01","c_0_37","long",1.283,1.802,1.555,76
"2015-02-01","c_0_37","long",1.358,1.859,1.622,76
"2015-03-01","c_0_37","long",1.364,1.855,1.625,76
"2015-04-01","c_0_37","long",1.388,1.892,1.657,76
"2015-05-01","c_0_37","long",1.349,1.852,1.617,76
"2015-06-01","c_0_37","long",1.36,1.867,1.63,76
"2015-07-01","c_0_37","long",1.363,1.867,1.632,76
"2015-08-01","c_0_37","long",1.383,1.873,1.644,76
"2015-09-01","c_0_37","long",1.395,1.883,1.655,76
"2015-10-01","c_0_37","long",1.402,1.819,1.622,76
"2015-11-01","c_0_37","long",1.379,1.784,1.591,76
"2015-12-01","c_0_37","long",1.325,1.745,1.545,76
"2016-01-01","c_0_37","long",1.469,1.852,1.677,76
"2016-02-01","c_0_37","long",1.459,1.849,1.669,76
"2016-03-01","c_0_37","long",1.49,1.894,1.704,76
"2016-04-01","c_0_37","long",1.516,1.929,1.73,76
"2016-05-01","c_0_37","long",1.593,2.016,1.813,76
"2016-06-01","c_0_37","long",1.543,1.976,1.771,76
"2016-07-01","c_0_37","long",1.521,1.982,1.761,76
"2016-08-01","c_0_37","long",1.558,2.03,1.801,76
"2016-09-01","c_0_37","long",1.603,2.071,1.843,76
"2016-10-01","c_0_37","long",1.719,2.159,1.949,76
"2016-11-01","c_0_37","long",1.697,2.143,1.933,76
"2016-12-01","c_0_37","long",1.762,2.187,1.985,76
"2017-01-01","c_0_37","long",1.836,2.238,2.047,76
"2017-02-01","c_0_37","long",1.813,2.199,2.013,76
"2017-03-01","c_0_37","long",1.766,2.141,1.961,76
"2017-04-01","c_0_37","long",1.678,2.047,1.879,76
"2017-05-01","c_0_37","long",1.592,1.954,1.787,76
"2017-06-01","c_0_37","long",1.607,1.983,1.811,76
"2017-07-01","c_0_37","long",1.582,1.941,1.782,76
"2017-08-01","c_0_37","long",1.602,1.941,1.791,76
"2017-09-01","c_0_37","long",1.544,1.899,1.74,76
"2017-10-01","c_0_37","long",1.548,1.932,1.752,76
"2017-11-01","c_0_37","long",1.571,1.965,1.78,76
"2017-12-01","c_0_37","long",1.606,2.001,1.816,76
"2018-01-01","c_0_37","long",1.668,2.072,1.876,76
"2018-02-01","c_0_37","long",1.698,2.111,1.913,76
"2018-03-01","c_0_37","long",1.705,2.127,1.927,76
"2018-04-01","c_0_37","long",1.708,2.128,1.927,76
"2018-05-01","c_0_37","long",1.756,2.175,1.977,76
"2018-06-01","c_0_37","long",1.794,2.185,1.997,76
"2018-07-01","c_0_37","long",1.822,2.215,2.025,76
"2018-08-01","c_0_37","long",1.815,2.208,2.018,76
"2018-09-01","c_0_37","long",1.848,2.228,2.046,76
"2018-10-01","c_0_37","long",1.844,2.203,2.036,76
"2018-11-01","c_0_37","long",1.913,2.263,2.104,76
"2018-12-01","c_0_37","long",1.908,2.264,2.101,76
"2019-01-01","c_0_37","long",1.773,2.135,1.975,76
"2019-02-01","c_0_37","long",1.799,2.177,2.009,76
"2019-03-01","c_0_37","long",1.846,2.219,2.051,76
"2019-04-01","c_0_37","long",1.929,2.333,2.149,76
"2019-05-01","c_0_37","long",1.854,2.263,2.074,76
"2019-06-01","c_0_37","long",1.796,2.224,2.028,76
"2019-07-01","c_0_37","long",1.845,2.258,2.068,76
"2019-08-01","c_0_37","long",1.845,2.278,2.078,76
"2019-09-01","c_0_37","long",1.752,2.209,2.002,76
"2019-10-01","c_0_37","long",1.801,2.287,2.061,76
"2019-11-01","c_0_37","long",1.765,2.231,2.013,76
"2019-12-01","c_0_37","long",1.755,2.22,2.001,76
"2020-01-01","c_0_37","long",1.834,2.298,2.078,76
"2020-02-01","c_0_37","long",1.828,2.282,2.068,76
"2020-03-01","c_0_37","long",1.759,2.238,2.013,76
"2020-04-01","c_0_37","long",1.665,2.133,1.918,76
"2020-05-01","c_0_37","long",1.758,2.226,2.008,76
"2020-06-01","c_0_37","long",1.802,2.284,2.053,76
"2020-07-01","c_0_37","long",1.848,2.347,2.104,76
"2020-08-01","c_0_37","long",1.889,2.406,2.153,76
"2020-09-01","c_0_37","long",1.908,2.419,2.163,76
"2020-10-01","c_0_37","long",1.832,2.315,2.076,76
"2020-11-01","c_0_37","long",1.782,2.278,2.027,76
"2020-12-01","c_0_37","long",1.77,2.297,2.03,76
"2021-01-01","c_0_37","long",1.723,2.289,1.991,76
"2021-02-01","c_0_37","long",1.789,2.384,2.066,76
"2021-03-01","c_0_37","long",1.879,2.481,2.149,76
"2021-04-01","c_0_37","long",2.004,2.621,2.266,76
"2021-05-01","c_0_37","long",2.051,2.733,2.336,76
"2021-06-01","c_0_37","long",2.105,2.814,2.403,76
"2021-07-01","c_0_37","long",2.167,2.919,2.484,76
"2021-08-01","c_0_37","long",2.227,3.008,2.557,76
"2021-09-01","c_0_37","long",2.47,3.245,2.795,76
"2021-10-01","c_0_37","long",2.758,3.614,3.11,76
"2021-11-01","c_0_37","long",2.998,3.912,3.373,76
"2021-12-01","c_0_37","long",3.256,4.18,3.63,76
"2022-01-01","c_0_37","long",3.68,4.578,4.05,76
"2022-02-01","c_0_37","long",3.841,4.775,4.213,76
"2022-03-01","c_0_37","long",3.935,4.919,4.321,76
"2022-04-01","c_0_37","long",3.96,4.934,4.349,76
"2022-05-01","c_0_37","long",4.174,5.105,4.546,76
"2022-06-01","c_0_37","long",4.602,5.522,4.97,76
"2022-07-01","c_0_37","long",4.672,5.567,5.035,76
"2022-08-01","c_0_37","long",4.898,5.743,5.239,76
"2022-09-01","c_0_37","long",4.901,5.762,5.255,76
"2022-10-01","c_0_37","long",4.913,5.704,5.243,76
"2022-11-01","c_0_37","long",4.877,5.617,5.194,76
"2022-12-01","c_0_37","long",4.815,5.541,5.134,76
"2023-01-01","c_0_37","long",4.626,5.345,4.939,76
"2023-02-01","c_0_37","long",4.599,5.256,4.901,76
"2023-03-01","c_0_37","long",4.649,5.218,4.929,76
"2023-04-01","c_0_37","long",4.72,5.287,5.005,76
"2023-05-01","c_0_37","long",4.572,5.142,4.874,76
"2023-06-01","c_0_37","long",4.154,4.693,4.443,76
"2023-07-01","c_0_37","long",4.024,4.552,4.308,76
"2023-08-01","c_0_37","long",3.747,4.274,4.033,76
"2023-09-01","c_0_37","long",3.643,4.164,3.928,76
"2023-10-01","c_0_37","long",3.474,3.982,3.751,76
"2023-11-01","c_0_37","long",3.381,3.89,3.657,76
"2023-12-01","c_0_37","long",3.218,3.711,3.487,76
"2024-01-01","c_0_37","long",3.266,3.741,3.531,76
"2024-02-01","c_0_37","long",3.125,3.592,3.382,76
"2024-03-01","c_0_37","long",3.054,3.53,3.319,76
"2024-04-01","c_0_37","long",2.91,3.39,3.175,76
"2024-05-01","c_0_37","long",2.773,3.295,3.055,76
"2024-06-01","c_0_37","long",2.721,3.26,3.015,76
"2024-07-01","c_0_37","long",2.663,3.182,2.945,76
"2024-08-01","c_0_37","long",2.646,3.167,2.928,76
"2024-09-01","c_0_37","long",2.651,3.175,2.934,76
"2024-10-01","c_0_37","long",2.65,3.176,2.938,76
"2024-11-01","c_0_37","long",2.634,3.165,2.923,76
"2024-12-01","c_0_37","long",2.694,3.244,2.99,76
"2025-01-01","c_0_37","long",2.468,3.051,2.766,76
"2025-02-01","c_0_37","long",2.482,3.067,2.784,76
"2025-03-01","c_0_37","long",2.467,3.057,2.767,76
"2025-04-01","c_0_37","long",2.553,3.109,2.833,76
"2025-05-01","c_0_37","long",2.593,3.076,2.835,76
"2025-06-01","c_0_37","long",2.719,3.182,2.95,76
"2025-07-01","c_0_37","long",2.709,3.172,2.941,76
"2025-08-01","c_0_37","long",2.754,3.224,2.987,76
"2025-09-01","c_0_37","long",2.682,3.162,2.91,76
"2025-10-01","c_0_37","long",2.561,3.053,2.784,76
"2025-11-01","c_0_37","long",2.523,2.998,2.738,76
"2025-12-01","c_0_37","long",2.512,2.978,2.72,76
"2026-01-01","c_0_37","long",2.492,2.98,2.709,76
"2026-02-01","c_0_37","long",2.419,2.945,2.646,76
"2026-03-01","c_0_37","long",2.42,2.937,2.642,76
"2026-04-01","c_0_37","long",2.389,2.912,2.616,76
"2026-05-01","c_0_37","long",2.425,2.957,2.653,76
"2026-06-01","c_0_37","long",2.287,2.839,2.518,76
"2026-07-01","c_0_37","long",2.257,2.833,2.498,76
"2026-08-01","c_0_37","long",2.211,2.786,2.452,76
"1960-01-01","c_0_37","80s",0.539,2.272,1.425,422
"1960-02-01","c_0_37","80s",0.534,2.277,1.431,422
"1960-03-01","c_0_37","80s",0.534,2.256,1.407,422
"1960-04-01","c_0_37","80s",0.455,2.225,1.354,422
"1960-05-01","c_0_37","80s",0.447,2.178,1.314,422
"1960-06-01","c_0_37","80s",0.275,1.971,1.114,422
"1960-07-01","c_0_37","80s",0.398,1.998,1.163,422
"1960-08-01","c_0_37","80s",0.402,1.961,1.133,422
"1960-09-01","c_0_37","80s",0.276,1.863,1.016,422
"1960-10-01","c_0_37","80s",0.273,1.797,0.926,422
"1960-11-01","c_0_37","80s",0.288,1.869,1.018,422
"1960-12-01","c_0_37","80s",0.287,1.85,0.986,422
"1961-01-01","c_0_37","80s",0.287,1.823,0.966,422
"1961-02-01","c_0_37","80s",0.287,1.763,0.936,422
"1961-03-01","c_0_37","80s",0.268,1.673,0.906,422
"1961-04-01","c_0_37","80s",0.134,1.51,0.756,422
"1961-05-01","c_0_37","80s",0.134,1.473,0.727,422
"1961-06-01","c_0_37","80s",0.134,1.494,0.739,422
"1961-07-01","c_0_37","80s",0.016,1.444,0.663,422
"1961-08-01","c_0_37","80s",0.012,1.349,0.624,422
"1961-09-01","c_0_37","80s",0.015,1.378,0.631,422
"1961-10-01","c_0_37","80s",0.015,1.309,0.598,422
"1961-11-01","c_0_37","80s",0.001,1.223,0.501,422
"1961-12-01","c_0_37","80s",-0.002,1.139,0.446,422
"1962-01-01","c_0_37","80s",0.181,1.374,0.667,422
"1962-02-01","c_0_37","80s",0.194,1.467,0.746,422
"1962-03-01","c_0_37","80s",0.298,1.664,0.909,422
"1962-04-01","c_0_37","80s",0.284,1.593,0.862,422
"1962-05-01","c_0_37","80s",0.284,1.617,0.895,422
"1962-06-01","c_0_37","80s",0.284,1.641,0.916,422
"1962-07-01","c_0_37","80s",0.277,1.562,0.841,422
"1962-08-01","c_0_37","80s",0.282,1.633,0.898,422
"1962-09-01","c_0_37","80s",0.279,1.805,0.942,422
"1962-10-01","c_0_37","80s",0.232,1.772,0.929,422
"1962-11-01","c_0_37","80s",0.231,1.771,0.922,422
"1962-12-01","c_0_37","80s",0.194,1.725,0.905,422
"1963-01-01","c_0_37","80s",0.067,1.679,0.843,422
"1963-02-01","c_0_37","80s",0.058,1.602,0.78,422
"1963-03-01","c_0_37","80s",-0.029,1.425,0.622,422
"1963-04-01","c_0_37","80s",-0.022,1.451,0.627,422
"1963-05-01","c_0_37","80s",0.098,1.608,0.765,422
"1963-06-01","c_0_37","80s",0.098,1.627,0.767,422
"1963-07-01","c_0_37","80s",0.098,1.672,0.791,422
"1963-08-01","c_0_37","80s",0.093,1.686,0.76,422
"1963-09-01","c_0_37","80s",0.092,1.455,0.677,422
"1963-10-01","c_0_37","80s",0.283,1.668,0.871,422
"1963-11-01","c_0_37","80s",0.283,1.693,0.879,422
"1963-12-01","c_0_37","80s",0.322,1.808,0.932,422
"1964-01-01","c_0_37","80s",0.285,1.739,0.874,422
"1964-02-01","c_0_37","80s",0.287,1.778,0.911,422
"1964-03-01","c_0_37","80s",0.275,1.776,0.913,422
"1964-04-01","c_0_37","80s",0.277,1.789,0.918,422
"1964-05-01","c_0_37","80s",0.156,1.594,0.744,422
"1964-06-01","c_0_37","80s",0.156,1.51,0.694,422
"1964-07-01","c_0_37","80s",0.156,1.454,0.655,422
"1964-08-01","c_0_37","80s",0.156,1.428,0.671,422
"1964-09-01","c_0_37","80s",0.156,1.413,0.655,422
"1964-10-01","c_0_37","80s",0.013,1.275,0.494,422
"1964-11-01","c_0_37","80s",0.015,1.289,0.522,422
"1964-12-01","c_0_37","80s",0.013,1.274,0.526,422
"1965-01-01","c_0_37","80s",0.049,1.282,0.548,422
"1965-02-01","c_0_37","80s",0.044,1.208,0.488,422
"1965-03-01","c_0_37","80s",0.058,1.291,0.521,422
"1965-04-01","c_0_37","80s",0.076,1.38,0.625,422
"1965-05-01","c_0_37","80s",0.084,1.457,0.702,422
"1965-06-01","c_0_37","80s",0.093,1.577,0.804,422
"1965-07-01","c_0_37","80s",0.093,1.629,0.852,422
"1965-08-01","c_0_37","80s",0.103,1.669,0.893,422
"1965-09-01","c_0_37","80s",0.105,1.759,0.989,422
"1965-10-01","c_0_37","80s",0.107,1.813,1.054,422
"1965-11-01","c_0_37","80s",0.233,1.875,1.155,422
"1965-12-01","c_0_37","80s",0.414,2.071,1.333,422
"1966-01-01","c_0_37","80s",0.505,2.157,1.401,422
"1966-02-01","c_0_37","80s",0.694,2.376,1.608,422
"1966-03-01","c_0_37","80s",0.698,2.458,1.685,422
"1966-04-01","c_0_37","80s",0.965,2.667,1.889,422
"1966-05-01","c_0_37","80s",0.964,2.711,1.91,422
"1966-06-01","c_0_37","80s",1.081,2.782,1.978,422
"1966-07-01","c_0_37","80s",1.253,2.918,2.131,422
"1966-08-01","c_0_37","80s",1.338,2.98,2.197,422
"1966-09-01","c_0_37","80s",1.625,3.183,2.419,422
"1966-10-01","c_0_37","80s",1.913,3.39,2.654,422
"1966-11-01","c_0_37","80s",1.905,3.398,2.649,422
"1966-12-01","c_0_37","80s",1.864,3.336,2.611,422
"1967-01-01","c_0_37","80s",1.877,3.362,2.62,422
"1967-02-01","c_0_37","80s",1.891,3.373,2.642,422
"1967-03-01","c_0_37","80s",1.888,3.297,2.59,422
"1967-04-01","c_0_37","80s",1.733,3.126,2.438,422
"1967-05-01","c_0_37","80s",1.852,3.139,2.482,422
"1967-06-01","c_0_37","80s",1.963,3.209,2.576,422
"1967-07-01","c_0_37","80s",2.023,3.257,2.63,422
"1967-08-01","c_0_37","80s",2.118,3.306,2.696,422
"1967-09-01","c_0_37","80s",2.161,3.295,2.707,422
"1967-10-01","c_0_37","80s",2.153,3.279,2.692,422
"1967-11-01","c_0_37","80s",2.274,3.394,2.807,422
"1967-12-01","c_0_37","80s",2.354,3.45,2.881,422
"1968-01-01","c_0_37","80s",2.533,3.536,3.035,422
"1968-02-01","c_0_37","80s",2.634,3.617,3.138,422
"1968-03-01","c_0_37","80s",2.849,3.813,3.338,422
"1968-04-01","c_0_37","80s",3.008,3.956,3.486,422
"1968-05-01","c_0_37","80s",3.238,4.149,3.703,422
"1968-06-01","c_0_37","80s",3.306,4.216,3.777,422
"1968-07-01","c_0_37","80s",3.305,4.189,3.768,422
"1968-08-01","c_0_37","80s",3.48,4.366,3.946,422
"1968-09-01","c_0_37","80s",3.509,4.408,3.979,422
"1968-10-01","c_0_37","80s",3.601,4.487,4.054,422
"1968-11-01","c_0_37","80s",3.699,4.582,4.151,422
"1968-12-01","c_0_37","80s",3.756,4.648,4.225,422
"1969-01-01","c_0_37","80s",3.754,4.664,4.232,422
"1969-02-01","c_0_37","80s",3.662,4.561,4.126,422
"1969-03-01","c_0_37","80s",3.814,4.688,4.262,422
"1969-04-01","c_0_37","80s",3.902,4.789,4.348,422
"1969-05-01","c_0_37","80s",3.874,4.809,4.344,422
"1969-06-01","c_0_37","80s",3.919,4.821,4.369,422
"1969-07-01","c_0_37","80s",4.136,5.045,4.587,422
"1969-08-01","c_0_37","80s",4.031,4.948,4.487,422
"1969-09-01","c_0_37","80s",4.033,5.001,4.511,422
"1969-10-01","c_0_37","80s",4.016,4.993,4.504,422
"1969-11-01","c_0_37","80s",4.042,4.989,4.517,422
"1969-12-01","c_0_37","80s",4.126,5.054,4.578,422
"1970-01-01","c_0_37","80s",4.121,5.036,4.565,422
"1970-02-01","c_0_37","80s",4.261,5.168,4.692,422
"1970-03-01","c_0_37","80s",4.237,5.154,4.689,422
"1970-04-01","c_0_37","80s",4.221,5.169,4.695,422
"1970-05-01","c_0_37","80s",4.178,5.11,4.644,422
"1970-06-01","c_0_37","80s",4.122,5.068,4.604,422
"1970-07-01","c_0_37","80s",4.03,4.956,4.501,422
"1970-08-01","c_0_37","80s",4.066,4.973,4.526,422
"1970-09-01","c_0_37","80s",4.058,4.971,4.531,422
"1970-10-01","c_0_37","80s",4.078,5.095,4.595,422
"1970-11-01","c_0_37","80s",4.058,5.097,4.578,422
"1970-12-01","c_0_37","80s",4.16,5.219,4.696,422
"1971-01-01","c_0_37","80s",4.131,5.208,4.673,422
"1971-02-01","c_0_37","80s",4.005,5.095,4.562,422
"1971-03-01","c_0_37","80s",3.887,4.969,4.437,422
"1971-04-01","c_0_37","80s",3.844,4.871,4.36,422
"1971-05-01","c_0_37","80s",3.913,4.954,4.443,422
"1971-06-01","c_0_37","80s",3.963,5.032,4.503,422
"1971-07-01","c_0_37","80s",3.881,4.961,4.429,422
"1971-08-01","c_0_37","80s",3.887,4.955,4.435,422
"1971-09-01","c_0_37","80s",3.776,4.812,4.307,422
"1971-10-01","c_0_37","80s",3.45,4.449,3.979,422
"1971-11-01","c_0_37","80s",3.275,4.254,3.803,422
"1971-12-01","c_0_37","80s",3.073,4.018,3.572,422
"1972-01-01","c_0_37","80s",3.042,3.983,3.53,422
"1972-02-01","c_0_37","80s",3.055,3.973,3.535,422
"1972-03-01","c_0_37","80s",3.046,3.948,3.523,422
"1972-04-01","c_0_37","80s",2.844,3.776,3.335,422
"1972-05-01","c_0_37","80s",2.658,3.565,3.123,422
"1972-06-01","c_0_37","80s",2.47,3.36,2.916,422
"1972-07-01","c_0_37","80s",2.463,3.376,2.902,422
"1972-08-01","c_0_37","80s",2.405,3.326,2.845,422
"1972-09-01","c_0_37","80s",2.459,3.381,2.884,422
"1972-10-01","c_0_37","80s",2.584,3.451,2.974,422
"1972-11-01","c_0_37","80s",2.696,3.559,3.081,422
"1972-12-01","c_0_37","80s",2.711,3.582,3.101,422
"1973-01-01","c_0_37","80s",2.654,3.551,3.076,422
"1973-02-01","c_0_37","80s",2.738,3.686,3.176,422
"1973-03-01","c_0_37","80s",2.848,3.905,3.333,422
"1973-04-01","c_0_37","80s",3.265,4.345,3.758,422
"1973-05-01","c_0_37","80s",3.448,4.62,3.99,422
"1973-06-01","c_0_37","80s",3.629,4.85,4.204,422
"1973-07-01","c_0_37","80s",3.577,4.8,4.168,422
"1973-08-01","c_0_37","80s",3.74,5.079,4.363,422
"1973-09-01","c_0_37","80s",3.752,5.211,4.41,422
"1973-10-01","c_0_37","80s",3.896,5.612,4.652,422
"1973-11-01","c_0_37","80s",4.009,5.965,4.825,422
"1973-12-01","c_0_37","80s",4.243,6.247,5.089,422
"1974-01-01","c_0_37","80s",4.53,6.634,5.403,422
"1974-02-01","c_0_37","80s",4.825,7.17,5.753,422
"1974-03-01","c_0_37","80s",5.212,7.637,6.134,422
"1974-04-01","c_0_37","80s",5.284,7.784,6.24,422
"1974-05-01","c_0_37","80s",5.803,8.332,6.782,422
"1974-06-01","c_0_37","80s",6.156,8.84,7.219,422
"1974-07-01","c_0_37","80s",6.598,9.414,7.72,422
"1974-08-01","c_0_37","80s",7.128,9.97,8.276,422
"1974-09-01","c_0_37","80s",7.593,10.462,8.787,422
"1974-10-01","c_0_37","80s",8.009,10.701,9.15,422
"1974-11-01","c_0_37","80s",8.216,10.731,9.332,422
"1974-12-01","c_0_37","80s",8.316,10.873,9.46,422
"1975-01-01","c_0_37","80s",8.476,10.956,9.601,422
"1975-02-01","c_0_37","80s",8.412,10.617,9.469,422
"1975-03-01","c_0_37","80s",7.993,10.034,9.01,422
"1975-04-01","c_0_37","80s",7.808,9.809,8.809,422
"1975-05-01","c_0_37","80s",7.253,9.205,8.217,422
"1975-06-01","c_0_37","80s",6.972,8.793,7.845,422
"1975-07-01","c_0_37","80s",6.848,8.58,7.669,422
"1975-08-01","c_0_37","80s",6.282,7.923,7.084,422
"1975-09-01","c_0_37","80s",6.075,7.572,6.806,422
"1975-10-01","c_0_37","80s",5.996,7.452,6.698,422
"1975-11-01","c_0_37","80s",5.886,7.329,6.573,422
"1975-12-01","c_0_37","80s",5.77,7.132,6.411,422
"1976-01-01","c_0_37","80s",5.51,6.874,6.144,422
"1976-02-01","c_0_37","80s",5.272,6.785,6.006,422
"1976-03-01","c_0_37","80s",5.222,6.791,6.008,422
"1976-04-01","c_0_37","80s",5.083,6.583,5.846,422
"1976-05-01","c_0_37","80s",5.25,6.706,5.998,422
"1976-06-01","c_0_37","80s",5.271,6.675,6.003,422
"1976-07-01","c_0_37","80s",5.169,6.547,5.899,422
"1976-08-01","c_0_37","80s",5.301,6.693,6.021,422
"1976-09-01","c_0_37","80s",5.23,6.613,5.954,422
"1976-10-01","c_0_37","80s",5.061,6.462,5.81,422
"1976-11-01","c_0_37","80s",5.037,6.405,5.787,422
"1976-12-01","c_0_37","80s",4.973,6.354,5.722,422
"1977-01-01","c_0_37","80s",5.147,6.529,5.902,422
"1977-02-01","c_0_37","80s",5.477,6.775,6.16,422
"1977-03-01","c_0_37","80s",5.785,7.061,6.437,422
"1977-04-01","c_0_37","80s",5.926,7.263,6.594,422
"1977-05-01","c_0_37","80s",5.934,7.238,6.581,422
"1977-06-01","c_0_37","80s",6.02,7.354,6.679,422
"1977-07-01","c_0_37","80s",6.067,7.362,6.708,422
"1977-08-01","c_0_37","80s",6.052,7.355,6.691,422
"1977-09-01","c_0_37","80s",5.995,7.317,6.639,422
"1977-10-01","c_0_37","80s",5.922,7.195,6.531,422
"1977-11-01","c_0_37","80s",6.045,7.365,6.652,422
"1977-12-01","c_0_37","80s",6.091,7.431,6.699,422
"1978-01-01","c_0_37","80s",5.927,7.249,6.528,422
"1978-02-01","c_0_37","80s",5.744,7.046,6.325,422
"1978-03-01","c_0_37","80s",5.68,6.97,6.247,422
"1978-04-01","c_0_37","80s",5.812,7.089,6.37,422
"1978-05-01","c_0_37","80s",5.984,7.28,6.557,422
"1978-06-01","c_0_37","80s",5.937,7.253,6.538,422
"1978-07-01","c_0_37","80s",5.989,7.358,6.623,422
"1978-08-01","c_0_37","80s",6.018,7.404,6.671,422
"1978-09-01","c_0_37","80s",6.185,7.602,6.86,422
"1978-10-01","c_0_37","80s",6.487,7.925,7.172,422
"1978-11-01","c_0_37","80s",6.575,7.967,7.244,422
"1978-12-01","c_0_37","80s",6.606,7.988,7.29,422
"1979-01-01","c_0_37","80s",6.872,8.303,7.583,422
"1979-02-01","c_0_37","80s",7.067,8.506,7.803,422
"1979-03-01","c_0_37","80s",7.131,8.55,7.862,422
"1979-04-01","c_0_37","80s",7.085,8.553,7.847,422
"1979-05-01","c_0_37","80s",7.221,8.759,8.005,422
"1979-06-01","c_0_37","80s",7.356,8.813,8.09,422
"1979-07-01","c_0_37","80s",7.485,8.905,8.192,422
"1979-08-01","c_0_37","80s",7.715,9.116,8.411,422
"1979-09-01","c_0_37","80s",7.793,9.236,8.516,422
"1979-10-01","c_0_37","80s",7.925,9.433,8.687,422
"1979-11-01","c_0_37","80s",7.882,9.438,8.673,422
"1979-12-01","c_0_37","80s",8.027,9.677,8.839,422
"1980-01-01","c_0_37","80s",8.193,9.87,9.002,422
"1980-02-01","c_0_37","80s",8.337,10.225,9.221,422
"1980-03-01","c_0_37","80s",8.578,10.527,9.448,422
"1980-04-01","c_0_37","80s",8.605,10.503,9.464,422
"1980-05-01","c_0_37","80s",8.532,10.419,9.402,422
"1980-06-01","c_0_37","80s",8.681,10.632,9.584,422
"1980-07-01","c_0_37","80s",8.58,10.58,9.494,422
"1980-08-01","c_0_37","80s",8.561,10.534,9.439,422
"1980-09-01","c_0_37","80s",8.7,10.607,9.528,422
"1980-10-01","c_0_37","80s",8.615,10.432,9.393,422
"1980-11-01","c_0_37","80s",8.705,10.504,9.474,422
"1980-12-01","c_0_37","80s",8.732,10.46,9.475,422
"1981-01-01","c_0_37","80s",8.647,10.382,9.376,422
"1981-02-01","c_0_37","80s",8.617,10.172,9.277,422
"1981-03-01","c_0_37","80s",8.418,9.932,9.105,422
"1981-04-01","c_0_37","80s",8.399,9.934,9.129,422
"1981-05-01","c_0_37","80s",8.184,9.769,8.942,422
"1981-06-01","c_0_37","80s",7.925,9.462,8.662,422
"1981-07-01","c_0_37","80s",7.942,9.493,8.693,422
"1981-08-01","c_0_37","80s",7.803,9.433,8.61,422
"1981-09-01","c_0_37","80s",7.584,9.25,8.408,422
"1981-10-01","c_0_37","80s",7.349,9.023,8.17,422
"1981-11-01","c_0_37","80s",7.132,8.784,7.946,422
"1981-12-01","c_0_37","80s",6.819,8.486,7.658,422
"1982-01-01","c_0_37","80s",6.528,8.143,7.354,422
"1982-02-01","c_0_37","80s",6.115,7.691,6.925,422
"1982-03-01","c_0_37","80s",5.935,7.51,6.735,422
"1982-04-01","c_0_37","80s",5.671,7.2,6.4,422
"1982-05-01","c_0_37","80s",5.631,7.057,6.3,422
"1982-06-01","c_0_37","80s",5.578,7.03,6.245,422
"1982-07-01","c_0_37","80s",5.636,7.069,6.294,422
"1982-08-01","c_0_37","80s",5.402,6.761,6.028,422
"1982-09-01","c_0_37","80s",5.053,6.44,5.692,422
"1982-10-01","c_0_37","80s",5.001,6.444,5.676,422
"1982-11-01","c_0_37","80s",4.748,6.219,5.428,422
"1982-12-01","c_0_37","80s",4.547,6.053,5.269,422
"1983-01-01","c_0_37","80s",4.53,6.015,5.261,422
"1983-02-01","c_0_37","80s",4.5,5.933,5.201,422
"1983-03-01","c_0_37","80s",4.263,5.659,4.956,422
"1983-04-01","c_0_37","80s",4.435,5.845,5.139,422
"1983-05-01","c_0_37","80s",4.189,5.628,4.892,422
"1983-06-01","c_0_37","80s",4.021,5.4,4.708,422
"1983-07-01","c_0_37","80s",3.739,5.099,4.409,422
"1983-08-01","c_0_37","80s",3.655,5.013,4.318,422
"1983-09-01","c_0_37","80s",3.701,5.031,4.379,422
"1983-10-01","c_0_37","80s",3.475,4.749,4.118,422
"1983-11-01","c_0_37","80s",3.569,4.809,4.198,422
"1983-12-01","c_0_37","80s",3.611,4.779,4.174,422
"1984-01-01","c_0_37","80s",3.548,4.696,4.105,422
"1984-02-01","c_0_37","80s",3.568,4.72,4.147,422
"1984-03-01","c_0_37","80s",3.713,4.903,4.315,422
"1984-04-01","c_0_37","80s",3.655,4.806,4.247,422
"1984-05-01","c_0_37","80s",3.616,4.719,4.197,422
"1984-06-01","c_0_37","80s",3.595,4.807,4.247,422
"1984-07-01","c_0_37","80s",3.635,4.862,4.321,422
"1984-08-01","c_0_37","80s",3.69,4.868,4.354,422
"1984-09-01","c_0_37","80s",3.704,4.88,4.34,422
"1984-10-01","c_0_37","80s",3.77,4.912,4.389,422
"1984-11-01","c_0_37","80s",3.605,4.772,4.239,422
"1984-12-01","c_0_37","80s",3.695,4.937,4.364,422
"1985-01-01","c_0_37","80s",3.605,4.811,4.244,422
"1985-02-01","c_0_37","80s",3.721,4.957,4.362,422
"1985-03-01","c_0_37","80s",3.728,4.931,4.345,422
"1985-04-01","c_0_37","80s",3.568,4.771,4.185,422
"1985-05-01","c_0_37","80s",3.667,4.898,4.301,422
"1985-06-01","c_0_37","80s",3.749,4.898,4.332,422
"1985-07-01","c_0_37","80s",3.548,4.676,4.113,422
"1985-08-01","c_0_37","80s",3.525,4.691,4.119,422
"1985-09-01","c_0_37","80s",3.459,4.618,4.073,422
"1985-10-01","c_0_37","80s",3.415,4.58,4.033,422
"1985-11-01","c_0_37","80s",3.503,4.726,4.158,422
"1985-12-01","c_0_37","80s",3.552,4.713,4.175,422
"1986-01-01","c_0_37","80s",3.648,4.843,4.297,422
"1986-02-01","c_0_37","80s",3.367,4.592,4.059,422
"1986-03-01","c_0_37","80s",3.222,4.475,3.929,422
"1986-04-01","c_0_37","80s",3.216,4.605,4.005,422
"1986-05-01","c_0_37","80s",3.119,4.489,3.895,422
"1986-06-01","c_0_37","80s",3.132,4.495,3.895,422
"1986-07-01","c_0_37","80s",3.159,4.555,3.94,422
"1986-08-01","c_0_37","80s",3.116,4.464,3.868,422
"1986-09-01","c_0_37","80s",3.195,4.489,3.903,422
"1986-10-01","c_0_37","80s",3.22,4.618,3.989,422
"1986-11-01","c_0_37","80s",3.226,4.524,3.934,422
"1986-12-01","c_0_37","80s",3.154,4.414,3.838,422
"1987-01-01","c_0_37","80s",3.171,4.478,3.843,422
"1987-02-01","c_0_37","80s",3.257,4.538,3.882,422
"1987-03-01","c_0_37","80s",3.411,4.655,4.022,422
"1987-04-01","c_0_37","80s",3.614,4.822,4.186,422
"1987-05-01","c_0_37","80s",3.697,4.916,4.269,422
"1987-06-01","c_0_37","80s",3.614,4.878,4.206,422
"1987-07-01","c_0_37","80s",3.64,4.874,4.209,422
"1987-08-01","c_0_37","80s",3.762,5.058,4.349,422
"1987-09-01","c_0_37","80s",3.731,5.026,4.317,422
"1987-10-01","c_0_37","80s",3.788,4.985,4.315,422
"1987-11-01","c_0_37","80s",3.771,4.999,4.312,422
"1987-12-01","c_0_37","80s",3.693,4.957,4.267,422
"1988-01-01","c_0_37","80s",3.686,4.898,4.275,422
"1988-02-01","c_0_37","80s",3.668,4.865,4.262,422
"1988-03-01","c_0_37","80s",3.663,4.865,4.251,422
"1988-04-01","c_0_37","80s",3.603,4.745,4.158,422
"1988-05-01","c_0_37","80s",3.585,4.719,4.134,422
"1988-06-01","c_0_37","80s",3.706,4.782,4.229,422
"1988-07-01","c_0_37","80s",3.85,4.987,4.415,422
"1988-08-01","c_0_37","80s",3.808,4.903,4.365,422
"1988-09-01","c_0_37","80s",3.937,5.073,4.504,422
"1988-10-01","c_0_37","80s",3.871,5.069,4.465,422
"1988-11-01","c_0_37","80s",3.907,5.085,4.498,422
"1988-12-01","c_0_37","80s",3.995,5.145,4.556,422
"1989-01-01","c_0_37","80s",4.045,5.219,4.616,422
"1989-02-01","c_0_37","80s",4.108,5.336,4.688,422
"1989-03-01","c_0_37","80s",4.087,5.299,4.657,422
"1989-04-01","c_0_37","80s",4.097,5.296,4.657,422
"1989-05-01","c_0_37","80s",4.175,5.368,4.74,422
"1989-06-01","c_0_37","80s",4.066,5.284,4.643,422
"1989-07-01","c_0_37","80s",4.02,5.153,4.557,422
"1989-08-01","c_0_37","80s",3.898,5.125,4.505,422
"1989-09-01","c_0_37","80s",3.8,5.001,4.393,422
"1989-10-01","c_0_37","80s",3.959,5.116,4.534,422
"1989-11-01","c_0_37","80s",3.957,5.117,4.525,422
"1989-12-01","c_0_37","80s",3.998,5.165,4.587,422
"1990-01-01","c_0_37","80s",3.897,5.083,4.475,422
"1990-02-01","c_0_37","80s",3.902,5.041,4.469,422
"1990-03-01","c_0_37","80s",4.076,5.252,4.664,422
"1990-04-01","c_0_37","80s",4.055,5.189,4.625,422
"1990-05-01","c_0_37","80s",3.987,5.146,4.572,422
"1990-06-01","c_0_37","80s",4.15,5.338,4.755,422
"1990-07-01","c_0_37","80s",4.185,5.401,4.785,422
"1990-08-01","c_0_37","80s",4.386,5.514,4.919,422
"1990-09-01","c_0_37","80s",4.354,5.517,4.924,422
"1990-10-01","c_0_37","80s",4.238,5.4,4.813,422
"1990-11-01","c_0_37","80s",4.131,5.296,4.717,422
"1990-12-01","c_0_37","80s",4.108,5.261,4.666,422
"1991-01-01","c_0_37","80s",4.057,5.259,4.628,422
"1991-02-01","c_0_37","80s",3.915,5.165,4.501,422
"1991-03-01","c_0_37","80s",3.584,4.814,4.156,422
"1991-04-01","c_0_37","80s",3.503,4.735,4.07,422
"1991-05-01","c_0_37","80s",3.567,4.773,4.118,422
"1991-06-01","c_0_37","80s",3.318,4.515,3.852,422
"1991-07-01","c_0_37","80s",3.164,4.39,3.723,422
"1991-08-01","c_0_37","80s",2.934,4.237,3.536,422
"1991-09-01","c_0_37","80s",2.904,4.198,3.49,422
"1991-10-01","c_0_37","80s",2.824,4.106,3.407,422
"1991-11-01","c_0_37","80s",2.945,4.23,3.516,422
"1991-12-01","c_0_37","80s",2.921,4.281,3.558,422
"1992-01-01","c_0_37","80s",2.834,4.11,3.45,422
"1992-02-01","c_0_37","80s",2.9,4.141,3.491,422
"1992-03-01","c_0_37","80s",2.998,4.268,3.606,422
"1992-04-01","c_0_37","80s",2.908,4.201,3.539,422
"1992-05-01","c_0_37","80s",2.753,4.128,3.424,422
"1992-06-01","c_0_37","80s",2.709,4.139,3.418,422
"1992-07-01","c_0_37","80s",2.683,4.124,3.404,422
"1992-08-01","c_0_37","80s",2.687,4.055,3.355,422
"1992-09-01","c_0_37","80s",2.567,3.917,3.229,422
"1992-10-01","c_0_37","80s",2.624,3.976,3.287,422
"1992-11-01","c_0_37","80s",2.591,3.918,3.258,422
"1992-12-01","c_0_37","80s",2.541,3.778,3.141,422
"1993-01-01","c_0_37","80s",2.554,3.762,3.143,422
"1993-02-01","c_0_37","80s",2.538,3.685,3.113,422
"1993-03-01","c_0_37","80s",2.471,3.559,3.025,422
"1993-04-01","c_0_37","80s",2.574,3.613,3.108,422
"1993-05-01","c_0_37","80s",2.658,3.618,3.145,422
"1993-06-01","c_0_37","80s",2.662,3.523,3.104,422
"1993-07-01","c_0_37","80s",2.651,3.455,3.06,422
"1993-08-01","c_0_37","80s",2.612,3.38,3.017,422
"1993-09-01","c_0_37","80s",2.605,3.363,2.994,422
"1993-10-01","c_0_37","80s",2.531,3.278,2.906,422
"1993-11-01","c_0_37","80s",2.461,3.192,2.818,422
"1993-12-01","c_0_37","80s",2.347,3.175,2.773,422
"1994-01-01","c_0_37","80s",2.262,3.145,2.742,422
"1994-02-01","c_0_37","80s",2.235,3.158,2.746,422
"1994-03-01","c_0_37","80s",2.275,3.201,2.787,422
"1994-04-01","c_0_37","80s",2.171,3.103,2.685,422
"1994-05-01","c_0_37","80s",2.109,3.082,2.656,422
"1994-06-01","c_0_37","80s",2.124,3.139,2.696,422
"1994-07-01","c_0_37","80s",2.156,3.187,2.722,422
"1994-08-01","c_0_37","80s",2.149,3.192,2.715,422
"1994-09-01","c_0_37","80s",2.138,3.181,2.722,422
"1994-10-01","c_0_37","80s",2.09,3.131,2.687,422
"1994-11-01","c_0_37","80s",2.096,3.147,2.709,422
"1994-12-01","c_0_37","80s",2.089,3.078,2.67,422
"1995-01-01","c_0_37","80s",2.242,3.193,2.769,422
"1995-02-01","c_0_37","80s",2.189,3.099,2.682,422
"1995-03-01","c_0_37","80s",2.136,3.078,2.654,422
"1995-04-01","c_0_37","80s",2.182,3.114,2.694,422
"1995-05-01","c_0_37","80s",2.14,3.028,2.633,422
"1995-06-01","c_0_37","80s",2.11,2.967,2.58,422
"1995-07-01","c_0_37","80s",2.05,2.884,2.527,422
"1995-08-01","c_0_37","80s",2.095,2.919,2.572,422
"1995-09-01","c_0_37","80s",2.09,2.956,2.594,422
"1995-10-01","c_0_37","80s",2.188,3.058,2.683,422
"1995-11-01","c_0_37","80s",2.115,3.042,2.65,422
"1995-12-01","c_0_37","80s",2.183,3.076,2.69,422
"1996-01-01","c_0_37","80s",2.103,2.962,2.593,422
"1996-02-01","c_0_37","80s",2.118,2.989,2.599,422
"1996-03-01","c_0_37","80s",2.133,2.964,2.579,422
"1996-04-01","c_0_37","80s",2.095,2.942,2.538,422
"1996-05-01","c_0_37","80s",2.138,2.991,2.58,422
"1996-06-01","c_0_37","80s",2.14,3.018,2.611,422
"1996-07-01","c_0_37","80s",2.183,3.065,2.657,422
"1996-08-01","c_0_37","80s",2.15,3.054,2.651,422
"1996-09-01","c_0_37","80s",2.238,3.099,2.693,422
"1996-10-01","c_0_37","80s",2.212,3.062,2.664,422
"1996-11-01","c_0_37","80s",2.294,3.084,2.701,422
"1996-12-01","c_0_37","80s",2.271,3.052,2.677,422
"1997-01-01","c_0_37","80s",2.21,3.03,2.653,422
"1997-02-01","c_0_37","80s",2.209,3.01,2.656,422
"1997-03-01","c_0_37","80s",2.177,2.985,2.638,422
"1997-04-01","c_0_37","80s",2.16,2.986,2.643,422
"1997-05-01","c_0_37","80s",2.065,2.91,2.57,422
"1997-06-01","c_0_37","80s",2.047,2.907,2.564,422
"1997-07-01","c_0_37","80s",1.908,2.872,2.489,422
"1997-08-01","c_0_37","80s",1.851,2.825,2.429,422
"1997-09-01","c_0_37","80s",1.833,2.785,2.411,422
"1997-10-01","c_0_37","80s",1.606,2.66,2.237,422
"1997-11-01","c_0_37","80s",1.484,2.597,2.164,422
"1997-12-01","c_0_37","80s",1.396,2.61,2.137,422
"1998-01-01","c_0_37","80s",1.351,2.575,2.099,422
"1998-02-01","c_0_37","80s",1.24,2.564,2.065,422
"1998-03-01","c_0_37","80s",1.223,2.628,2.103,422
"1998-04-01","c_0_37","80s",1.217,2.621,2.09,422
"1998-05-01","c_0_37","80s",1.245,2.696,2.15,422
"1998-06-01","c_0_37","80s",1.227,2.649,2.097,422
"1998-07-01","c_0_37","80s",1.337,2.662,2.129,422
"1998-08-01","c_0_37","80s",1.422,2.743,2.208,422
"1998-09-01","c_0_37","80s",1.308,2.773,2.193,422
"1998-10-01","c_0_37","80s",1.441,2.841,2.299,422
"1998-11-01","c_0_37","80s",1.455,2.84,2.311,422
"1998-12-01","c_0_37","80s",1.469,2.831,2.327,422
"1999-01-01","c_0_37","80s",1.51,2.848,2.353,422
"1999-02-01","c_0_37","80s",1.486,2.797,2.309,422
"1999-03-01","c_0_37","80s",1.43,2.689,2.218,422
"1999-04-01","c_0_37","80s",1.491,2.751,2.269,422
"1999-05-01","c_0_37","80s",1.485,2.682,2.23,422
"1999-06-01","c_0_37","80s",1.485,2.67,2.235,422
"1999-07-01","c_0_37","80s",1.53,2.673,2.262,422
"1999-08-01","c_0_37","80s",1.475,2.612,2.196,422
"1999-09-01","c_0_37","80s",1.605,2.606,2.217,422
"1999-10-01","c_0_37","80s",1.607,2.561,2.188,422
"1999-11-01","c_0_37","80s",1.649,2.612,2.223,422
"1999-12-01","c_0_37","80s",1.742,2.622,2.238,422
"2000-01-01","c_0_37","80s",1.865,2.752,2.352,422
"2000-02-01","c_0_37","80s",2.011,2.836,2.458,422
"2000-03-01","c_0_37","80s",2.134,2.94,2.556,422
"2000-04-01","c_0_37","80s",2.001,2.857,2.496,422
"2000-05-01","c_0_37","80s",2.028,2.898,2.525,422
"2000-06-01","c_0_37","80s",2.1,2.995,2.589,422
"2000-07-01","c_0_37","80s",2.137,3.086,2.645,422
"2000-08-01","c_0_37","80s",2.152,3.095,2.658,422
"2000-09-01","c_0_37","80s",2.193,3.126,2.712,422
"2000-10-01","c_0_37","80s",2.177,3.168,2.745,422
"2000-11-01","c_0_37","80s",2.202,3.164,2.755,422
"2000-12-01","c_0_37","80s",2.198,3.203,2.798,422
"2001-01-01","c_0_37","80s",2.233,3.272,2.829,422
"2001-02-01","c_0_37","80s",2.285,3.34,2.885,422
"2001-03-01","c_0_37","80s",2.242,3.36,2.883,422
"2001-04-01","c_0_37","80s",2.356,3.489,2.989,422
"2001-05-01","c_0_37","80s",2.363,3.511,2.999,422
"2001-06-01","c_0_37","80s",2.414,3.569,3.074,422
"2001-07-01","c_0_37","80s",2.353,3.525,3.039,422
"2001-08-01","c_0_37","80s",2.357,3.659,3.134,422
"2001-09-01","c_0_37","80s",2.284,3.68,3.103,422
"2001-10-01","c_0_37","80s",2.29,3.714,3.117,422
"2001-11-01","c_0_37","80s",2.296,3.724,3.114,422
"2001-12-01","c_0_37","80s",2.215,3.688,3.053,422
"2002-01-01","c_0_37","80s",2.009,3.525,2.905,422
"2002-02-01","c_0_37","80s",1.951,3.503,2.875,422
"2002-03-01","c_0_37","80s",1.98,3.521,2.901,422
"2002-04-01","c_0_37","80s",1.983,3.449,2.845,422
"2002-05-01","c_0_37","80s",1.971,3.39,2.801,422
"2002-06-01","c_0_37","80s",1.886,3.31,2.716,422
"2002-07-01","c_0_37","80s",1.921,3.293,2.712,422
"2002-08-01","c_0_37","80s",1.939,3.167,2.621,422
"2002-09-01","c_0_37","80s",2.007,3.144,2.645,422
"2002-10-01","c_0_37","80s",2.032,3.105,2.638,422
"2002-11-01","c_0_37","80s",2.032,3.075,2.625,422
"2002-12-01","c_0_37","80s",2.098,3.107,2.666,422
"2003-01-01","c_0_37","80s",2.125,3.122,2.688,422
"2003-02-01","c_0_37","80s",2.094,3.068,2.627,422
"2003-03-01","c_0_37","80s",2.089,3.018,2.585,422
"2003-04-01","c_0_37","80s",1.944,2.906,2.461,422
"2003-05-01","c_0_37","80s",1.926,2.926,2.458,422
"2003-06-01","c_0_37","80s",1.885,2.845,2.386,422
"2003-07-01","c_0_37","80s",1.907,2.861,2.405,422
"2003-08-01","c_0_37","80s",1.923,2.865,2.417,422
"2003-09-01","c_0_37","80s",1.848,2.802,2.345,422
"2003-10-01","c_0_37","80s",1.878,2.834,2.374,422
"2003-11-01","c_0_37","80s",1.826,2.826,2.359,422
"2003-12-01","c_0_37","80s",1.765,2.78,2.297,422
"2004-01-01","c_0_37","80s",1.825,2.876,2.351,422
"2004-02-01","c_0_37","80s",1.883,2.919,2.403,422
"2004-03-01","c_0_37","80s",1.865,2.882,2.389,422
"2004-04-01","c_0_37","80s",2.081,3.049,2.587,422
"2004-05-01","c_0_37","80s",2.151,3.072,2.638,422
"2004-06-01","c_0_37","80s",2.266,3.17,2.738,422
"2004-07-01","c_0_37","80s",2.187,3.13,2.7,422
"2004-08-01","c_0_37","80s",2.125,3.126,2.701,422
"2004-09-01","c_0_37","80s",2.095,3.099,2.676,422
"2004-10-01","c_0_37","80s",2.064,3.081,2.647,422
"2004-11-01","c_0_37","80s",2.082,3.139,2.665,422
"2004-12-01","c_0_37","80s",2.118,3.135,2.693,422
"2005-01-01","c_0_37","80s",2.218,3.147,2.755,422
"2005-02-01","c_0_37","80s",2.245,3.159,2.782,422
"2005-03-01","c_0_37","80s",2.242,3.183,2.773,422
"2005-04-01","c_0_37","80s",2.124,3.113,2.668,422
"2005-05-01","c_0_37","80s",2.106,3.094,2.65,422
"2005-06-01","c_0_37","80s",2.018,3.044,2.595,422
"2005-07-01","c_0_37","80s",2.088,3.066,2.63,422
"2005-08-01","c_0_37","80s",2.11,3.047,2.609,422
"2005-09-01","c_0_37","80s",2.196,3.177,2.723,422
"2005-10-01","c_0_37","80s",2.267,3.248,2.784,422
"2005-11-01","c_0_37","80s",2.359,3.252,2.83,422
"2005-12-01","c_0_37","80s",2.312,3.235,2.801,422
"2006-01-01","c_0_37","80s",2.285,3.166,2.767,422
"2006-02-01","c_0_37","80s",2.205,3.183,2.728,422
"2006-03-01","c_0_37","80s",2.263,3.239,2.8,422
"2006-04-01","c_0_37","80s",2.374,3.35,2.905,422
"2006-05-01","c_0_37","80s",2.484,3.503,3.043,422
"2006-06-01","c_0_37","80s",2.669,3.659,3.211,422
"2006-07-01","c_0_37","80s",2.631,3.696,3.23,422
"2006-08-01","c_0_37","80s",2.716,3.8,3.316,422
"2006-09-01","c_0_37","80s",2.686,3.761,3.285,422
"2006-10-01","c_0_37","80s",2.637,3.767,3.274,422
"2006-11-01","c_0_37","80s",2.473,3.684,3.162,422
"2006-12-01","c_0_37","80s",2.61,3.792,3.282,422
"2007-01-01","c_0_37","80s",2.641,3.873,3.314,422
"2007-02-01","c_0_37","80s",2.767,3.901,3.393,422
"2007-03-01","c_0_37","80s",2.702,3.828,3.321,422
"2007-04-01","c_0_37","80s",2.6,3.689,3.204,422
"2007-05-01","c_0_37","80s",2.452,3.515,3.03,422
"2007-06-01","c_0_37","80s",2.337,3.402,2.92,422
"2007-07-01","c_0_37","80s",2.328,3.325,2.851,422
"2007-08-01","c_0_37","80s",2.253,3.232,2.782,422
"2007-09-01","c_0_37","80s",2.335,3.305,2.836,422
"2007-10-01","c_0_37","80s",2.415,3.346,2.874,422
"2007-11-01","c_0_37","80s",2.64,3.489,3.05,422
"2007-12-01","c_0_37","80s",2.647,3.485,3.028,422
"2008-01-01","c_0_37","80s",2.567,3.366,2.947,422
"2008-02-01","c_0_37","80s",2.466,3.289,2.847,422
"2008-03-01","c_0_37","80s",2.508,3.324,2.883,422
"2008-04-01","c_0_37","80s",2.521,3.349,2.92,422
"2008-05-01","c_0_37","80s",2.502,3.39,2.945,422
"2008-06-01","c_0_37","80s",2.535,3.49,3.001,422
"2008-07-01","c_0_37","80s",2.6,3.652,3.103,422
"2008-08-01","c_0_37","80s",2.581,3.64,3.072,422
"2008-09-01","c_0_37","80s",2.484,3.523,2.987,422
"2008-10-01","c_0_37","80s",2.235,3.382,2.859,422
"2008-11-01","c_0_37","80s",1.98,3.3,2.755,422
"2008-12-01","c_0_37","80s",1.749,3.142,2.594,422
"2009-01-01","c_0_37","80s",1.735,3.153,2.614,422
"2009-02-01","c_0_37","80s",1.71,3.115,2.595,422
"2009-03-01","c_0_37","80s",1.541,3.031,2.517,422
"2009-04-01","c_0_37","80s",1.495,2.955,2.437,422
"2009-05-01","c_0_37","80s",1.487,2.883,2.392,422
"2009-06-01","c_0_37","80s",1.403,2.732,2.266,422
"2009-07-01","c_0_37","80s",1.153,2.397,1.988,422
"2009-08-01","c_0_37","80s",1.111,2.44,1.977,422
"2009-09-01","c_0_37","80s",0.979,2.359,1.847,422
"2009-10-01","c_0_37","80s",1.141,2.495,1.932,422
"2009-11-01","c_0_37","80s",1.186,2.417,1.85,422
"2009-12-01","c_0_37","80s",1.231,2.394,1.833,422
"2010-01-01","c_0_37","80s",1.094,2.245,1.664,422
"2010-02-01","c_0_37","80s",0.971,2.135,1.546,422
"2010-03-01","c_0_37","80s",0.979,2.105,1.481,422
"2010-04-01","c_0_37","80s",0.918,2.064,1.429,422
"2010-05-01","c_0_37","80s",0.85,1.989,1.341,422
"2010-06-01","c_0_37","80s",0.749,1.893,1.26,422
"2010-07-01","c_0_37","80s",0.791,1.944,1.303,422
"2010-08-01","c_0_37","80s",0.838,1.891,1.313,422
"2010-09-01","c_0_37","80s",0.905,1.875,1.351,422
"2010-10-01","c_0_37","80s",0.781,1.649,1.172,422
"2010-11-01","c_0_37","80s",0.794,1.641,1.168,422
"2010-12-01","c_0_37","80s",0.843,1.678,1.201,422
"2011-01-01","c_0_37","80s",0.908,1.835,1.305,422
"2011-02-01","c_0_37","80s",1.039,2.015,1.468,422
"2011-03-01","c_0_37","80s",1.17,2.146,1.605,422
"2011-04-01","c_0_37","80s",1.298,2.315,1.737,422
"2011-05-01","c_0_37","80s",1.417,2.531,1.896,422
"2011-06-01","c_0_37","80s",1.485,2.588,1.96,422
"2011-07-01","c_0_37","80s",1.591,2.662,2.055,422
"2011-08-01","c_0_37","80s",1.657,2.745,2.119,422
"2011-09-01","c_0_37","80s",1.682,2.815,2.169,422
"2011-10-01","c_0_37","80s",1.699,2.866,2.256,422
"2011-11-01","c_0_37","80s",1.742,2.922,2.301,422
"2011-12-01","c_0_37","80s",1.829,2.992,2.387,422
"2012-01-01","c_0_37","80s",1.898,3.015,2.43,422
"2012-02-01","c_0_37","80s",1.881,2.957,2.359,422
"2012-03-01","c_0_37","80s",1.873,2.877,2.32,422
"2012-04-01","c_0_37","80s",1.838,2.801,2.277,422
"2012-05-01","c_0_37","80s",1.785,2.652,2.199,422
"2012-06-01","c_0_37","80s",1.761,2.629,2.168,422
"2012-07-01","c_0_37","80s",1.733,2.627,2.159,422
"2012-08-01","c_0_37","80s",1.683,2.55,2.113,422
"2012-09-01","c_0_37","80s",1.696,2.516,2.101,422
"2012-10-01","c_0_37","80s",1.751,2.573,2.095,422
"2012-11-01","c_0_37","80s",1.69,2.487,2.038,422
"2012-12-01","c_0_37","80s",1.619,2.426,1.978,422
"2013-01-01","c_0_37","80s",1.6,2.35,1.936,422
"2013-02-01","c_0_37","80s",1.623,2.34,1.969,422
"2013-03-01","c_0_37","80s",1.518,2.291,1.917,422
"2013-04-01","c_0_37","80s",1.339,2.254,1.829,422
"2013-05-01","c_0_37","80s",1.299,2.266,1.834,422
"2013-06-01","c_0_37","80s",1.403,2.344,1.925,422
"2013-07-01","c_0_37","80s",1.418,2.339,1.931,422
"2013-08-01","c_0_37","80s",1.396,2.352,1.916,422
"2013-09-01","c_0_37","80s",1.345,2.354,1.915,422
"2013-10-01","c_0_37","80s",1.376,2.322,1.945,422
"2013-11-01","c_0_37","80s",1.468,2.389,2.023,422
"2013-12-01","c_0_37","80s",1.481,2.426,2.048,422
"2014-01-01","c_0_37","80s",1.46,2.395,2.03,422
"2014-02-01","c_0_37","80s",1.387,2.341,1.976,422
"2014-03-01","c_0_37","80s",1.427,2.373,1.997,422
"2014-04-01","c_0_37","80s",1.61,2.401,2.09,422
"2014-05-01","c_0_37","80s",1.697,2.419,2.12,422
"2014-06-01","c_0_37","80s",1.671,2.396,2.096,422
"2014-07-01","c_0_37","80s",1.691,2.446,2.12,422
"2014-08-01","c_0_37","80s",1.62,2.427,2.087,422
"2014-09-01","c_0_37","80s",1.657,2.44,2.1,422
"2014-10-01","c_0_37","80s",1.519,2.449,2.075,422
"2014-11-01","c_0_37","80s",1.46,2.469,2.066,422
"2014-12-01","c_0_37","80s",1.468,2.451,2.06,422
"2015-01-01","c_0_37","80s",1.28,2.42,1.981,422
"2015-02-01","c_0_37","80s",1.347,2.486,2.044,422
"2015-03-01","c_0_37","80s",1.364,2.472,2.034,422
"2015-04-01","c_0_37","80s",1.371,2.528,2.078,422
"2015-05-01","c_0_37","80s",1.322,2.534,2.053,422
"2015-06-01","c_0_37","80s",1.305,2.552,2.058,422
"2015-07-01","c_0_37","80s",1.295,2.533,2.048,422
"2015-08-01","c_0_37","80s",1.317,2.503,2.044,422
"2015-09-01","c_0_37","80s",1.324,2.528,2.052,422
"2015-10-01","c_0_37","80s",1.331,2.448,1.988,422
"2015-11-01","c_0_37","80s",1.311,2.382,1.94,422
"2015-12-01","c_0_37","80s",1.237,2.343,1.899,422
"2016-01-01","c_0_37","80s",1.398,2.448,2.008,422
"2016-02-01","c_0_37","80s",1.404,2.446,2.007,422
"2016-03-01","c_0_37","80s",1.442,2.502,2.06,422
"2016-04-01","c_0_37","80s",1.485,2.52,2.075,422
"2016-05-01","c_0_37","80s",1.573,2.577,2.155,422
"2016-06-01","c_0_37","80s",1.545,2.554,2.128,422
"2016-07-01","c_0_37","80s",1.53,2.577,2.143,422
"2016-08-01","c_0_37","80s",1.572,2.627,2.194,422
"2016-09-01","c_0_37","80s",1.596,2.641,2.218,422
"2016-10-01","c_0_37","80s",1.721,2.707,2.298,422
"2016-11-01","c_0_37","80s",1.694,2.691,2.276,422
"2016-12-01","c_0_37","80s",1.772,2.737,2.324,422
"2017-01-01","c_0_37","80s",1.853,2.725,2.353,422
"2017-02-01","c_0_37","80s",1.833,2.694,2.317,422
"2017-03-01","c_0_37","80s",1.773,2.645,2.263,422
"2017-04-01","c_0_37","80s",1.677,2.546,2.174,422
"2017-05-01","c_0_37","80s",1.593,2.465,2.079,422
"2017-06-01","c_0_37","80s",1.616,2.52,2.115,422
"2017-07-01","c_0_37","80s",1.587,2.47,2.062,422
"2017-08-01","c_0_37","80s",1.589,2.457,2.047,422
"2017-09-01","c_0_37","80s",1.553,2.438,2.016,422
"2017-10-01","c_0_37","80s",1.565,2.483,2.041,422
"2017-11-01","c_0_37","80s",1.582,2.52,2.076,422
"2017-12-01","c_0_37","80s",1.628,2.564,2.115,422
"2018-01-01","c_0_37","80s",1.682,2.637,2.162,422
"2018-02-01","c_0_37","80s",1.713,2.668,2.198,422
"2018-03-01","c_0_37","80s",1.734,2.671,2.207,422
"2018-04-01","c_0_37","80s",1.743,2.668,2.205,422
"2018-05-01","c_0_37","80s",1.775,2.687,2.245,422
"2018-06-01","c_0_37","80s",1.815,2.668,2.248,422
"2018-07-01","c_0_37","80s",1.84,2.683,2.277,422
"2018-08-01","c_0_37","80s",1.844,2.691,2.284,422
"2018-09-01","c_0_37","80s",1.892,2.693,2.307,422
"2018-10-01","c_0_37","80s",1.888,2.663,2.297,422
"2018-11-01","c_0_37","80s",1.963,2.731,2.361,422
"2018-12-01","c_0_37","80s",1.952,2.745,2.361,422
"2019-01-01","c_0_37","80s",1.808,2.639,2.266,422
"2019-02-01","c_0_37","80s",1.833,2.678,2.307,422
"2019-03-01","c_0_37","80s",1.877,2.728,2.349,422
"2019-04-01","c_0_37","80s",1.946,2.885,2.488,422
"2019-05-01","c_0_37","80s",1.884,2.878,2.442,422
"2019-06-01","c_0_37","80s",1.819,2.862,2.41,422
"2019-07-01","c_0_37","80s",1.873,2.91,2.451,422
"2019-08-01","c_0_37","80s",1.877,2.917,2.466,422
"2019-09-01","c_0_37","80s",1.765,2.88,2.412,422
"2019-10-01","c_0_37","80s",1.791,2.958,2.439,422
"2019-11-01","c_0_37","80s",1.76,2.887,2.38,422
"2019-12-01","c_0_37","80s",1.746,2.9,2.39,422
"2020-01-01","c_0_37","80s",1.843,2.992,2.468,422
"2020-02-01","c_0_37","80s",1.832,2.975,2.452,422
"2020-03-01","c_0_37","80s",1.767,2.927,2.406,422
"2020-04-01","c_0_37","80s",1.664,2.798,2.289,422
"2020-05-01","c_0_37","80s",1.755,2.845,2.365,422
"2020-06-01","c_0_37","80s",1.771,2.88,2.383,422
"2020-07-01","c_0_37","80s",1.807,2.955,2.417,422
"2020-08-01","c_0_37","80s",1.84,3.013,2.435,422
"2020-09-01","c_0_37","80s",1.85,3.016,2.404,422
"2020-10-01","c_0_37","80s",1.786,2.909,2.352,422
"2020-11-01","c_0_37","80s",1.694,2.877,2.284,422
"2020-12-01","c_0_37","80s",1.681,2.864,2.24,422
"2021-01-01","c_0_37","80s",1.614,2.838,2.169,422
"2021-02-01","c_0_37","80s",1.676,2.946,2.228,422
"2021-03-01","c_0_37","80s",1.758,3.056,2.292,422
"2021-04-01","c_0_37","80s",1.888,3.211,2.374,422
"2021-05-01","c_0_37","80s",1.93,3.339,2.429,422
"2021-06-01","c_0_37","80s",2.022,3.446,2.529,422
"2021-07-01","c_0_37","80s",2.084,3.534,2.606,422
"2021-08-01","c_0_37","80s",2.162,3.635,2.691,422
"2021-09-01","c_0_37","80s",2.427,3.864,2.948,422
"2021-10-01","c_0_37","80s",2.726,4.264,3.26,422
"2021-11-01","c_0_37","80s",3.015,4.582,3.552,422
"2021-12-01","c_0_37","80s",3.272,4.858,3.817,422
"2022-01-01","c_0_37","80s",3.663,5.263,4.248,422
"2022-02-01","c_0_37","80s",3.837,5.484,4.435,422
"2022-03-01","c_0_37","80s",3.876,5.643,4.546,422
"2022-04-01","c_0_37","80s",3.93,5.775,4.67,422
"2022-05-01","c_0_37","80s",4.158,5.99,4.902,422
"2022-06-01","c_0_37","80s",4.598,6.41,5.346,422
"2022-07-01","c_0_37","80s",4.637,6.512,5.452,422
"2022-08-01","c_0_37","80s",4.875,6.784,5.699,422
"2022-09-01","c_0_37","80s",4.853,6.828,5.72,422
"2022-10-01","c_0_37","80s",4.869,6.833,5.743,422
"2022-11-01","c_0_37","80s",4.783,6.771,5.693,422
"2022-12-01","c_0_37","80s",4.736,6.685,5.654,422
"2023-01-01","c_0_37","80s",4.608,6.601,5.517,422
"2023-02-01","c_0_37","80s",4.513,6.494,5.457,422
"2023-03-01","c_0_37","80s",4.606,6.455,5.5,422
"2023-04-01","c_0_37","80s",4.644,6.415,5.519,422
"2023-05-01","c_0_37","80s",4.473,6.269,5.378,422
"2023-06-01","c_0_37","80s",4.034,5.819,4.919,422
"2023-07-01","c_0_37","80s",3.937,5.622,4.765,422
"2023-08-01","c_0_37","80s",3.65,5.297,4.482,422
"2023-09-01","c_0_37","80s",3.584,5.201,4.399,422
"2023-10-01","c_0_37","80s",3.397,4.969,4.193,422
"2023-11-01","c_0_37","80s",3.327,4.908,4.133,422
"2023-12-01","c_0_37","80s",3.128,4.722,3.948,422
"2024-01-01","c_0_37","80s",3.173,4.619,3.951,422
"2024-02-01","c_0_37","80s",3.049,4.461,3.802,422
"2024-03-01","c_0_37","80s",2.995,4.38,3.731,422
"2024-04-01","c_0_37","80s",2.871,4.228,3.595,422
"2024-05-01","c_0_37","80s",2.733,4.114,3.503,422
"2024-06-01","c_0_37","80s",2.677,4.062,3.465,422
"2024-07-01","c_0_37","80s",2.614,3.976,3.386,422
"2024-08-01","c_0_37","80s",2.599,3.953,3.366,422
"2024-09-01","c_0_37","80s",2.595,3.916,3.36,422
"2024-10-01","c_0_37","80s",2.604,3.879,3.354,422
"2024-11-01","c_0_37","80s",2.607,3.811,3.324,422
"2024-12-01","c_0_37","80s",2.685,3.889,3.416,422
"2025-01-01","c_0_37","80s",2.457,3.695,3.186,422
"2025-02-01","c_0_37","80s",2.516,3.702,3.217,422
"2025-03-01","c_0_37","80s",2.471,3.682,3.202,422
"2025-04-01","c_0_37","80s",2.561,3.711,3.247,422
"2025-05-01","c_0_37","80s",2.622,3.638,3.208,422
"2025-06-01","c_0_37","80s",2.762,3.724,3.309,422
"2025-07-01","c_0_37","80s",2.769,3.748,3.311,422
"2025-08-01","c_0_37","80s",2.808,3.788,3.363,422
"2025-09-01","c_0_37","80s",2.708,3.715,3.249,422
"2025-10-01","c_0_37","80s",2.58,3.607,3.116,422
"2025-11-01","c_0_37","80s",2.546,3.522,3.038,422
"2025-12-01","c_0_37","80s",2.554,3.504,3.012,422
"2026-01-01","c_0_37","80s",2.525,3.528,2.977,422
"2026-02-01","c_0_37","80s",2.458,3.511,2.915,422
"2026-03-01","c_0_37","80s",2.488,3.502,2.897,422
"2026-04-01","c_0_37","80s",2.418,3.497,2.861,422
"2026-05-01","c_0_37","80s",2.456,3.547,2.902,422
"2026-06-01","c_0_37","80s",2.318,3.435,2.779,422
"2026-07-01","c_0_37","80s",2.275,3.436,2.774,422
"2026-08-01","c_0_37","80s",2.236,3.354,2.692,422
"1960-01-01","c_0_37","00s",0.573,1.641,1.173,112
"1960-02-01","c_0_37","00s",0.571,1.645,1.18,112
"1960-03-01","c_0_37","00s",0.569,1.616,1.152,112
"1960-04-01","c_0_37","00s",0.5,1.597,1.111,112
"1960-05-01","c_0_37","00s",0.475,1.556,1.07,112
"1960-06-01","c_0_37","00s",0.34,1.384,0.905,112
"1960-07-01","c_0_37","00s",0.374,1.411,0.936,112
"1960-08-01","c_0_37","00s",0.361,1.384,0.911,112
"1960-09-01","c_0_37","00s",0.277,1.28,0.814,112
"1960-10-01","c_0_37","00s",0.223,1.209,0.735,112
"1960-11-01","c_0_37","00s",0.284,1.28,0.811,112
"1960-12-01","c_0_37","00s",0.266,1.245,0.779,112
"1961-01-01","c_0_37","00s",0.277,1.235,0.779,112
"1961-02-01","c_0_37","00s",0.276,1.188,0.744,112
"1961-03-01","c_0_37","00s",0.236,1.125,0.7,112
"1961-04-01","c_0_37","00s",0.134,0.999,0.585,112
"1961-05-01","c_0_37","00s",0.133,0.962,0.559,112
"1961-06-01","c_0_37","00s",0.141,0.987,0.575,112
"1961-07-01","c_0_37","00s",0.087,0.938,0.523,112
"1961-08-01","c_0_37","00s",0.083,0.862,0.478,112
"1961-09-01","c_0_37","00s",0.077,0.894,0.498,112
"1961-10-01","c_0_37","00s",0.056,0.83,0.456,112
"1961-11-01","c_0_37","00s",-0.004,0.746,0.373,112
"1961-12-01","c_0_37","00s",-0.032,0.667,0.313,112
"1962-01-01","c_0_37","00s",0.128,0.863,0.499,112
"1962-02-01","c_0_37","00s",0.165,0.96,0.579,112
"1962-03-01","c_0_37","00s",0.283,1.125,0.729,112
"1962-04-01","c_0_37","00s",0.226,1.046,0.658,112
"1962-05-01","c_0_37","00s",0.231,1.068,0.676,112
"1962-06-01","c_0_37","00s",0.236,1.098,0.704,112
"1962-07-01","c_0_37","00s",0.195,1.026,0.638,112
"1962-08-01","c_0_37","00s",0.214,1.086,0.685,112
"1962-09-01","c_0_37","00s",0.238,1.156,0.724,112
"1962-10-01","c_0_37","00s",0.185,1.115,0.678,112
"1962-11-01","c_0_37","00s",0.183,1.113,0.674,112
"1962-12-01","c_0_37","00s",0.139,1.08,0.646,112
"1963-01-01","c_0_37","00s",0.085,1.032,0.596,112
"1963-02-01","c_0_37","00s",0.055,0.966,0.539,112
"1963-03-01","c_0_37","00s",-0.031,0.814,0.408,112
"1963-04-01","c_0_37","00s",0.006,0.852,0.439,112
"1963-05-01","c_0_37","00s",0.104,0.963,0.555,112
"1963-06-01","c_0_37","00s",0.104,0.974,0.556,112
"1963-07-01","c_0_37","00s",0.111,1.016,0.585,112
"1963-08-01","c_0_37","00s",0.096,1.022,0.567,112
"1963-09-01","c_0_37","00s",0.066,0.897,0.488,112
"1963-10-01","c_0_37","00s",0.247,1.102,0.689,112
"1963-11-01","c_0_37","00s",0.247,1.127,0.701,112
"1963-12-01","c_0_37","00s",0.309,1.222,0.772,112
"1964-01-01","c_0_37","00s",0.269,1.198,0.736,112
"1964-02-01","c_0_37","00s",0.283,1.235,0.769,112
"1964-03-01","c_0_37","00s",0.248,1.22,0.748,112
"1964-04-01","c_0_37","00s",0.261,1.243,0.762,112
"1964-05-01","c_0_37","00s",0.152,1.096,0.618,112
"1964-06-01","c_0_37","00s",0.138,1.018,0.563,112
"1964-07-01","c_0_37","00s",0.132,0.973,0.523,112
"1964-08-01","c_0_37","00s",0.135,0.954,0.53,112
"1964-09-01","c_0_37","00s",0.132,0.945,0.516,112
"1964-10-01","c_0_37","00s",0.027,0.827,0.393,112
"1964-11-01","c_0_37","00s",0.044,0.848,0.418,112
"1964-12-01","c_0_37","00s",0.043,0.841,0.421,112
"1965-01-01","c_0_37","00s",0.055,0.858,0.438,112
"1965-02-01","c_0_37","00s",0.013,0.775,0.364,112
"1965-03-01","c_0_37","00s",0.055,0.857,0.423,112
"1965-04-01","c_0_37","00s",0.112,0.937,0.51,112
"1965-05-01","c_0_37","00s",0.158,1.012,0.58,112
"1965-06-01","c_0_37","00s",0.21,1.121,0.675,112
"1965-07-01","c_0_37","00s",0.222,1.174,0.725,112
"1965-08-01","c_0_37","00s",0.257,1.216,0.765,112
"1965-09-01","c_0_37","00s",0.307,1.289,0.844,112
"1965-10-01","c_0_37","00s",0.341,1.341,0.897,112
"1965-11-01","c_0_37","00s",0.419,1.394,0.962,112
"1965-12-01","c_0_37","00s",0.55,1.527,1.088,112
"1966-01-01","c_0_37","00s",0.606,1.554,1.13,112
"1966-02-01","c_0_37","00s",0.779,1.743,1.307,112
"1966-03-01","c_0_37","00s",0.825,1.823,1.375,112
"1966-04-01","c_0_37","00s",1.004,1.977,1.532,112
"1966-05-01","c_0_37","00s",1.012,2.014,1.55,112
"1966-06-01","c_0_37","00s",1.06,2.086,1.594,112
"1966-07-01","c_0_37","00s",1.176,2.191,1.697,112
"1966-08-01","c_0_37","00s",1.22,2.228,1.736,112
"1966-09-01","c_0_37","00s",1.419,2.404,1.914,112
"1966-10-01","c_0_37","00s",1.649,2.595,2.115,112
"1966-11-01","c_0_37","00s",1.643,2.606,2.112,112
"1966-12-01","c_0_37","00s",1.613,2.579,2.085,112
"1967-01-01","c_0_37","00s",1.619,2.565,2.075,112
"1967-02-01","c_0_37","00s",1.641,2.556,2.089,112
"1967-03-01","c_0_37","00s",1.608,2.484,2.04,112
"1967-04-01","c_0_37","00s",1.468,2.364,1.915,112
"1967-05-01","c_0_37","00s",1.514,2.368,1.942,112
"1967-06-01","c_0_37","00s",1.627,2.4,2.021,112
"1967-07-01","c_0_37","00s",1.679,2.442,2.068,112
"1967-08-01","c_0_37","00s",1.738,2.512,2.12,112
"1967-09-01","c_0_37","00s",1.802,2.547,2.175,112
"1967-10-01","c_0_37","00s",1.785,2.529,2.16,112
"1967-11-01","c_0_37","00s",1.878,2.623,2.256,112
"1967-12-01","c_0_37","00s",1.944,2.689,2.316,112
"1968-01-01","c_0_37","00s",2.126,2.864,2.495,112
"1968-02-01","c_0_37","00s",2.219,2.96,2.589,112
"1968-03-01","c_0_37","00s",2.369,3.119,2.737,112
"1968-04-01","c_0_37","00s",2.532,3.236,2.874,112
"1968-05-01","c_0_37","00s",2.764,3.444,3.095,112
"1968-06-01","c_0_37","00s",2.808,3.521,3.154,112
"1968-07-01","c_0_37","00s",2.823,3.512,3.154,112
"1968-08-01","c_0_37","00s",3.015,3.674,3.338,112
"1968-09-01","c_0_37","00s",3.031,3.705,3.359,112
"1968-10-01","c_0_37","00s",3.132,3.805,3.456,112
"1968-11-01","c_0_37","00s",3.238,3.876,3.547,112
"1968-12-01","c_0_37","00s",3.345,3.933,3.635,112
"1969-01-01","c_0_37","00s",3.332,3.931,3.626,112
"1969-02-01","c_0_37","00s",3.242,3.849,3.535,112
"1969-03-01","c_0_37","00s",3.43,4.001,3.703,112
"1969-04-01","c_0_37","00s",3.495,4.084,3.778,112
"1969-05-01","c_0_37","00s",3.46,4.089,3.759,112
"1969-06-01","c_0_37","00s",3.524,4.124,3.812,112
"1969-07-01","c_0_37","00s",3.735,4.343,4.03,112
"1969-08-01","c_0_37","00s",3.609,4.228,3.907,112
"1969-09-01","c_0_37","00s",3.632,4.27,3.936,112
"1969-10-01","c_0_37","00s",3.605,4.253,3.916,112
"1969-11-01","c_0_37","00s",3.671,4.304,3.972,112
"1969-12-01","c_0_37","00s",3.738,4.382,4.042,112
"1970-01-01","c_0_37","00s",3.736,4.376,4.038,112
"1970-02-01","c_0_37","00s",3.884,4.514,4.183,112
"1970-03-01","c_0_37","00s",3.857,4.479,4.155,112
"1970-04-01","c_0_37","00s",3.874,4.519,4.171,112
"1970-05-01","c_0_37","00s",3.813,4.455,4.108,112
"1970-06-01","c_0_37","00s",3.756,4.402,4.051,112
"1970-07-01","c_0_37","00s",3.683,4.305,3.966,112
"1970-08-01","c_0_37","00s",3.766,4.364,4.036,112
"1970-09-01","c_0_37","00s",3.765,4.367,4.039,112
"1970-10-01","c_0_37","00s",3.817,4.471,4.107,112
"1970-11-01","c_0_37","00s",3.798,4.455,4.09,112
"1970-12-01","c_0_37","00s",3.902,4.555,4.192,112
"1971-01-01","c_0_37","00s",3.871,4.521,4.161,112
"1971-02-01","c_0_37","00s",3.73,4.403,4.032,112
"1971-03-01","c_0_37","00s",3.591,4.269,3.894,112
"1971-04-01","c_0_37","00s",3.517,4.185,3.823,112
"1971-05-01","c_0_37","00s",3.628,4.278,3.926,112
"1971-06-01","c_0_37","00s",3.71,4.376,4.016,112
"1971-07-01","c_0_37","00s",3.616,4.303,3.93,112
"1971-08-01","c_0_37","00s",3.598,4.284,3.914,112
"1971-09-01","c_0_37","00s",3.471,4.134,3.774,112
"1971-10-01","c_0_37","00s",3.156,3.779,3.453,112
"1971-11-01","c_0_37","00s",2.961,3.574,3.253,112
"1971-12-01","c_0_37","00s",2.748,3.358,3.037,112
"1972-01-01","c_0_37","00s",2.727,3.34,3.013,112
"1972-02-01","c_0_37","00s",2.759,3.342,3.031,112
"1972-03-01","c_0_37","00s",2.789,3.357,3.052,112
"1972-04-01","c_0_37","00s",2.607,3.167,2.873,112
"1972-05-01","c_0_37","00s",2.396,2.949,2.662,112
"1972-06-01","c_0_37","00s",2.174,2.712,2.431,112
"1972-07-01","c_0_37","00s",2.167,2.706,2.421,112
"1972-08-01","c_0_37","00s",2.088,2.646,2.351,112
"1972-09-01","c_0_37","00s",2.139,2.7,2.403,112
"1972-10-01","c_0_37","00s",2.22,2.766,2.471,112
"1972-11-01","c_0_37","00s",2.317,2.881,2.578,112
"1972-12-01","c_0_37","00s",2.347,2.917,2.613,112
"1973-01-01","c_0_37","00s",2.273,2.896,2.572,112
"1973-02-01","c_0_37","00s",2.365,3.021,2.678,112
"1973-03-01","c_0_37","00s",2.486,3.222,2.841,112
"1973-04-01","c_0_37","00s",2.884,3.654,3.25,112
"1973-05-01","c_0_37","00s",3.085,3.91,3.475,112
"1973-06-01","c_0_37","00s",3.239,4.118,3.652,112
"1973-07-01","c_0_37","00s",3.181,4.073,3.602,112
"1973-08-01","c_0_37","00s",3.364,4.318,3.793,112
"1973-09-01","c_0_37","00s",3.365,4.38,3.818,112
"1973-10-01","c_0_37","00s",3.573,4.706,4.067,112
"1973-11-01","c_0_37","00s",3.703,4.945,4.236,112
"1973-12-01","c_0_37","00s",3.9,5.168,4.441,112
"1974-01-01","c_0_37","00s",4.143,5.465,4.694,112
"1974-02-01","c_0_37","00s",4.38,5.864,4.99,112
"1974-03-01","c_0_37","00s",4.662,6.214,5.278,112
"1974-04-01","c_0_37","00s",4.722,6.357,5.374,112
"1974-05-01","c_0_37","00s",5.145,6.823,5.814,112
"1974-06-01","c_0_37","00s",5.583,7.325,6.288,112
"1974-07-01","c_0_37","00s",5.98,7.855,6.749,112
"1974-08-01","c_0_37","00s",6.418,8.338,7.22,112
"1974-09-01","c_0_37","00s",6.875,8.85,7.72,112
"1974-10-01","c_0_37","00s",7.231,9.12,8.047,112
"1974-11-01","c_0_37","00s",7.445,9.245,8.229,112
"1974-12-01","c_0_37","00s",7.576,9.411,8.381,112
"1975-01-01","c_0_37","00s",7.754,9.537,8.543,112
"1975-02-01","c_0_37","00s",7.702,9.317,8.433,112
"1975-03-01","c_0_37","00s",7.379,8.86,8.067,112
"1975-04-01","c_0_37","00s",7.209,8.559,7.842,112
"1975-05-01","c_0_37","00s",6.725,7.988,7.32,112
"1975-06-01","c_0_37","00s",6.364,7.555,6.912,112
"1975-07-01","c_0_37","00s",6.267,7.324,6.756,112
"1975-08-01","c_0_37","00s",5.814,6.79,6.28,112
"1975-09-01","c_0_37","00s",5.599,6.478,6.01,112
"1975-10-01","c_0_37","00s",5.519,6.362,5.916,112
"1975-11-01","c_0_37","00s",5.383,6.239,5.781,112
"1975-12-01","c_0_37","00s",5.231,6.043,5.609,112
"1976-01-01","c_0_37","00s",5.037,5.79,5.385,112
"1976-02-01","c_0_37","00s",4.862,5.616,5.217,112
"1976-03-01","c_0_37","00s",4.808,5.57,5.174,112
"1976-04-01","c_0_37","00s",4.711,5.468,5.068,112
"1976-05-01","c_0_37","00s",4.887,5.632,5.24,112
"1976-06-01","c_0_37","00s",4.93,5.633,5.27,112
"1976-07-01","c_0_37","00s",4.856,5.532,5.181,112
"1976-08-01","c_0_37","00s",4.964,5.608,5.265,112
"1976-09-01","c_0_37","00s",4.899,5.536,5.2,112
"1976-10-01","c_0_37","00s",4.743,5.407,5.062,112
"1976-11-01","c_0_37","00s",4.723,5.359,5.037,112
"1976-12-01","c_0_37","00s",4.672,5.327,4.989,112
"1977-01-01","c_0_37","00s",4.83,5.478,5.145,112
"1977-02-01","c_0_37","00s",5.084,5.742,5.401,112
"1977-03-01","c_0_37","00s",5.359,6.017,5.673,112
"1977-04-01","c_0_37","00s",5.43,6.137,5.771,112
"1977-05-01","c_0_37","00s",5.432,6.14,5.775,112
"1977-06-01","c_0_37","00s",5.523,6.228,5.866,112
"1977-07-01","c_0_37","00s",5.58,6.283,5.921,112
"1977-08-01","c_0_37","00s",5.581,6.279,5.919,112
"1977-09-01","c_0_37","00s",5.514,6.232,5.86,112
"1977-10-01","c_0_37","00s",5.417,6.133,5.751,112
"1977-11-01","c_0_37","00s",5.537,6.244,5.865,112
"1977-12-01","c_0_37","00s",5.597,6.3,5.925,112
"1978-01-01","c_0_37","00s",5.404,6.156,5.749,112
"1978-02-01","c_0_37","00s",5.245,6.013,5.592,112
"1978-03-01","c_0_37","00s",5.208,5.99,5.557,112
"1978-04-01","c_0_37","00s",5.391,6.165,5.728,112
"1978-05-01","c_0_37","00s",5.566,6.34,5.904,112
"1978-06-01","c_0_37","00s",5.574,6.375,5.921,112
"1978-07-01","c_0_37","00s",5.635,6.467,6.002,112
"1978-08-01","c_0_37","00s",5.68,6.57,6.083,112
"1978-09-01","c_0_37","00s",5.863,6.74,6.263,112
"1978-10-01","c_0_37","00s",6.2,7.077,6.604,112
"1978-11-01","c_0_37","00s",6.29,7.167,6.695,112
"1978-12-01","c_0_37","00s",6.33,7.203,6.738,112
"1979-01-01","c_0_37","00s",6.655,7.535,7.068,112
"1979-02-01","c_0_37","00s",6.845,7.738,7.276,112
"1979-03-01","c_0_37","00s",6.889,7.794,7.323,112
"1979-04-01","c_0_37","00s",6.865,7.793,7.32,112
"1979-05-01","c_0_37","00s",6.975,7.938,7.447,112
"1979-06-01","c_0_37","00s",7.044,7.987,7.511,112
"1979-07-01","c_0_37","00s",7.164,8.081,7.614,112
"1979-08-01","c_0_37","00s",7.358,8.249,7.79,112
"1979-09-01","c_0_37","00s",7.433,8.375,7.897,112
"1979-10-01","c_0_37","00s",7.502,8.525,8.011,112
"1979-11-01","c_0_37","00s",7.445,8.53,7.977,112
"1979-12-01","c_0_37","00s",7.574,8.722,8.124,112
"1980-01-01","c_0_37","00s",7.685,8.87,8.259,112
"1980-02-01","c_0_37","00s",7.847,9.161,8.474,112
"1980-03-01","c_0_37","00s",8.079,9.376,8.698,112
"1980-04-01","c_0_37","00s",8.023,9.343,8.654,112
"1980-05-01","c_0_37","00s",7.987,9.286,8.602,112
"1980-06-01","c_0_37","00s",8.112,9.467,8.749,112
"1980-07-01","c_0_37","00s",7.99,9.397,8.644,112
"1980-08-01","c_0_37","00s",7.977,9.384,8.618,112
"1980-09-01","c_0_37","00s",8.093,9.468,8.711,112
"1980-10-01","c_0_37","00s",8.021,9.328,8.6,112
"1980-11-01","c_0_37","00s",8.101,9.381,8.67,112
"1980-12-01","c_0_37","00s",8.11,9.318,8.659,112
"1981-01-01","c_0_37","00s",8.065,9.24,8.585,112
"1981-02-01","c_0_37","00s",8.062,9.09,8.51,112
"1981-03-01","c_0_37","00s",7.848,8.877,8.302,112
"1981-04-01","c_0_37","00s",7.917,8.891,8.351,112
"1981-05-01","c_0_37","00s",7.697,8.713,8.15,112
"1981-06-01","c_0_37","00s",7.468,8.435,7.903,112
"1981-07-01","c_0_37","00s",7.473,8.407,7.9,112
"1981-08-01","c_0_37","00s",7.309,8.318,7.783,112
"1981-09-01","c_0_37","00s",7.11,8.105,7.579,112
"1981-10-01","c_0_37","00s",6.872,7.86,7.34,112
"1981-11-01","c_0_37","00s",6.673,7.634,7.138,112
"1981-12-01","c_0_37","00s",6.391,7.344,6.848,112
"1982-01-01","c_0_37","00s",6.064,7.002,6.527,112
"1982-02-01","c_0_37","00s",5.659,6.575,6.107,112
"1982-03-01","c_0_37","00s",5.506,6.404,5.945,112
"1982-04-01","c_0_37","00s",5.213,6.11,5.636,112
"1982-05-01","c_0_37","00s",5.177,6.027,5.58,112
"1982-06-01","c_0_37","00s",5.129,5.971,5.525,112
"1982-07-01","c_0_37","00s",5.174,6.042,5.581,112
"1982-08-01","c_0_37","00s",4.955,5.715,5.313,112
"1982-09-01","c_0_37","00s",4.604,5.357,4.954,112
"1982-10-01","c_0_37","00s",4.555,5.342,4.923,112
"1982-11-01","c_0_37","00s",4.297,5.092,4.663,112
"1982-12-01","c_0_37","00s",4.125,4.921,4.497,112
"1983-01-01","c_0_37","00s",4.14,4.902,4.496,112
"1983-02-01","c_0_37","00s",4.075,4.82,4.424,112
"1983-03-01","c_0_37","00s",3.837,4.599,4.2,112
"1983-04-01","c_0_37","00s",3.979,4.778,4.359,112
"1983-05-01","c_0_37","00s",3.757,4.556,4.132,112
"1983-06-01","c_0_37","00s",3.592,4.377,3.962,112
"1983-07-01","c_0_37","00s",3.333,4.103,3.691,112
"1983-08-01","c_0_37","00s",3.247,4.025,3.607,112
"1983-09-01","c_0_37","00s",3.321,4.101,3.685,112
"1983-10-01","c_0_37","00s",3.097,3.839,3.44,112
"1983-11-01","c_0_37","00s",3.2,3.935,3.537,112
"1983-12-01","c_0_37","00s",3.215,3.941,3.543,112
"1984-01-01","c_0_37","00s",3.162,3.903,3.501,112
"1984-02-01","c_0_37","00s",3.207,3.938,3.546,112
"1984-03-01","c_0_37","00s",3.364,4.07,3.69,112
"1984-04-01","c_0_37","00s",3.33,3.984,3.634,112
"1984-05-01","c_0_37","00s",3.251,3.906,3.562,112
"1984-06-01","c_0_37","00s",3.272,3.942,3.59,112
"1984-07-01","c_0_37","00s",3.345,4.012,3.67,112
"1984-08-01","c_0_37","00s",3.435,4.086,3.749,112
"1984-09-01","c_0_37","00s",3.429,4.065,3.736,112
"1984-10-01","c_0_37","00s",3.513,4.129,3.81,112
"1984-11-01","c_0_37","00s",3.352,3.953,3.644,112
"1984-12-01","c_0_37","00s",3.456,4.05,3.744,112
"1985-01-01","c_0_37","00s",3.342,3.917,3.614,112
"1985-02-01","c_0_37","00s",3.442,4.038,3.723,112
"1985-03-01","c_0_37","00s",3.448,4.066,3.736,112
"1985-04-01","c_0_37","00s",3.303,3.907,3.584,112
"1985-05-01","c_0_37","00s",3.386,4.008,3.674,112
"1985-06-01","c_0_37","00s",3.443,4.05,3.722,112
"1985-07-01","c_0_37","00s",3.236,3.834,3.513,112
"1985-08-01","c_0_37","00s",3.211,3.826,3.496,112
"1985-09-01","c_0_37","00s",3.177,3.81,3.475,112
"1985-10-01","c_0_37","00s",3.135,3.774,3.433,112
"1985-11-01","c_0_37","00s",3.248,3.965,3.593,112
"1985-12-01","c_0_37","00s",3.274,3.99,3.624,112
"1986-01-01","c_0_37","00s",3.37,4.083,3.726,112
"1986-02-01","c_0_37","00s",3.126,3.841,3.485,112
"1986-03-01","c_0_37","00s",2.922,3.673,3.301,112
"1986-04-01","c_0_37","00s",2.946,3.701,3.329,112
"1986-05-01","c_0_37","00s",2.863,3.598,3.24,112
"1986-06-01","c_0_37","00s",2.845,3.602,3.233,112
"1986-07-01","c_0_37","00s",2.888,3.661,3.283,112
"1986-08-01","c_0_37","00s",2.828,3.587,3.217,112
"1986-09-01","c_0_37","00s",2.876,3.625,3.255,112
"1986-10-01","c_0_37","00s",2.915,3.664,3.301,112
"1986-11-01","c_0_37","00s",2.89,3.565,3.229,112
"1986-12-01","c_0_37","00s",2.814,3.511,3.158,112
"1987-01-01","c_0_37","00s",2.847,3.571,3.196,112
"1987-02-01","c_0_37","00s",2.896,3.6,3.23,112
"1987-03-01","c_0_37","00s",3.086,3.74,3.401,112
"1987-04-01","c_0_37","00s",3.26,3.912,3.575,112
"1987-05-01","c_0_37","00s",3.373,4.027,3.685,112
"1987-06-01","c_0_37","00s",3.315,3.983,3.633,112
"1987-07-01","c_0_37","00s",3.284,3.954,3.602,112
"1987-08-01","c_0_37","00s",3.402,4.072,3.723,112
"1987-09-01","c_0_37","00s",3.387,4.05,3.703,112
"1987-10-01","c_0_37","00s",3.431,4.097,3.74,112
"1987-11-01","c_0_37","00s",3.435,4.115,3.75,112
"1987-12-01","c_0_37","00s",3.359,4.041,3.675,112
"1988-01-01","c_0_37","00s",3.335,4.004,3.649,112
"1988-02-01","c_0_37","00s",3.305,3.985,3.627,112
"1988-03-01","c_0_37","00s",3.309,4.006,3.63,112
"1988-04-01","c_0_37","00s",3.233,3.992,3.587,112
"1988-05-01","c_0_37","00s",3.212,3.965,3.56,112
"1988-06-01","c_0_37","00s",3.326,4.04,3.659,112
"1988-07-01","c_0_37","00s",3.526,4.264,3.87,112
"1988-08-01","c_0_37","00s",3.496,4.236,3.84,112
"1988-09-01","c_0_37","00s",3.642,4.402,3.991,112
"1988-10-01","c_0_37","00s",3.582,4.397,3.958,112
"1988-11-01","c_0_37","00s",3.623,4.422,3.994,112
"1988-12-01","c_0_37","00s",3.72,4.51,4.088,112
"1989-01-01","c_0_37","00s",3.763,4.596,4.157,112
"1989-02-01","c_0_37","00s",3.853,4.724,4.257,112
"1989-03-01","c_0_37","00s",3.84,4.691,4.236,112
"1989-04-01","c_0_37","00s",3.866,4.682,4.238,112
"1989-05-01","c_0_37","00s",3.932,4.753,4.304,112
"1989-06-01","c_0_37","00s",3.827,4.658,4.201,112
"1989-07-01","c_0_37","00s",3.75,4.529,4.098,112
"1989-08-01","c_0_37","00s",3.65,4.443,4.012,112
"1989-09-01","c_0_37","00s",3.508,4.293,3.868,112
"1989-10-01","c_0_37","00s",3.659,4.374,3.99,112
"1989-11-01","c_0_37","00s",3.637,4.363,3.97,112
"1989-12-01","c_0_37","00s",3.684,4.404,4.017,112
"1990-01-01","c_0_37","00s",3.583,4.303,3.914,112
"1990-02-01","c_0_37","00s",3.547,4.267,3.884,112
"1990-03-01","c_0_37","00s",3.692,4.437,4.042,112
"1990-04-01","c_0_37","00s",3.654,4.369,3.994,112
"1990-05-01","c_0_37","00s",3.583,4.309,3.932,112
"1990-06-01","c_0_37","00s",3.722,4.506,4.102,112
"1990-07-01","c_0_37","00s",3.752,4.535,4.13,112
"1990-08-01","c_0_37","00s",3.919,4.705,4.294,112
"1990-09-01","c_0_37","00s",3.903,4.731,4.304,112
"1990-10-01","c_0_37","00s",3.769,4.644,4.194,112
"1990-11-01","c_0_37","00s",3.641,4.537,4.08,112
"1990-12-01","c_0_37","00s",3.601,4.512,4.041,112
"1991-01-01","c_0_37","00s",3.581,4.494,4.014,112
"1991-02-01","c_0_37","00s",3.494,4.412,3.93,112
"1991-03-01","c_0_37","00s",3.186,4.09,3.616,112
"1991-04-01","c_0_37","00s",3.114,4.015,3.539,112
"1991-05-01","c_0_37","00s",3.189,4.082,3.614,112
"1991-06-01","c_0_37","00s",2.959,3.818,3.364,112
"1991-07-01","c_0_37","00s",2.817,3.722,3.244,112
"1991-08-01","c_0_37","00s",2.64,3.581,3.085,112
"1991-09-01","c_0_37","00s",2.627,3.546,3.062,112
"1991-10-01","c_0_37","00s",2.577,3.447,2.988,112
"1991-11-01","c_0_37","00s",2.736,3.582,3.132,112
"1991-12-01","c_0_37","00s",2.767,3.6,3.158,112
"1992-01-01","c_0_37","00s",2.673,3.454,3.041,112
"1992-02-01","c_0_37","00s",2.717,3.486,3.075,112
"1992-03-01","c_0_37","00s",2.843,3.624,3.203,112
"1992-04-01","c_0_37","00s",2.742,3.554,3.122,112
"1992-05-01","c_0_37","00s",2.62,3.459,3.012,112
"1992-06-01","c_0_37","00s",2.607,3.484,3.022,112
"1992-07-01","c_0_37","00s",2.619,3.479,3.028,112
"1992-08-01","c_0_37","00s",2.584,3.41,2.97,112
"1992-09-01","c_0_37","00s",2.43,3.259,2.812,112
"1992-10-01","c_0_37","00s",2.471,3.329,2.861,112
"1992-11-01","c_0_37","00s",2.432,3.284,2.821,112
"1992-12-01","c_0_37","00s",2.331,3.184,2.717,112
"1993-01-01","c_0_37","00s",2.322,3.172,2.71,112
"1993-02-01","c_0_37","00s",2.313,3.112,2.681,112
"1993-03-01","c_0_37","00s",2.223,2.985,2.579,112
"1993-04-01","c_0_37","00s",2.339,3.055,2.67,112
"1993-05-01","c_0_37","00s",2.389,3.067,2.702,112
"1993-06-01","c_0_37","00s",2.367,2.977,2.645,112
"1993-07-01","c_0_37","00s",2.344,2.918,2.603,112
"1993-08-01","c_0_37","00s",2.304,2.848,2.553,112
"1993-09-01","c_0_37","00s",2.34,2.848,2.571,112
"1993-10-01","c_0_37","00s",2.285,2.77,2.511,112
"1993-11-01","c_0_37","00s",2.223,2.69,2.442,112
"1993-12-01","c_0_37","00s",2.146,2.616,2.378,112
"1994-01-01","c_0_37","00s",2.097,2.582,2.345,112
"1994-02-01","c_0_37","00s",2.079,2.567,2.33,112
"1994-03-01","c_0_37","00s",2.129,2.609,2.378,112
"1994-04-01","c_0_37","00s",2.015,2.502,2.273,112
"1994-05-01","c_0_37","00s",1.971,2.448,2.226,112
"1994-06-01","c_0_37","00s",2.014,2.515,2.286,112
"1994-07-01","c_0_37","00s",2.039,2.555,2.317,112
"1994-08-01","c_0_37","00s",2.029,2.538,2.305,112
"1994-09-01","c_0_37","00s",2.018,2.522,2.298,112
"1994-10-01","c_0_37","00s",1.959,2.46,2.24,112
"1994-11-01","c_0_37","00s",1.964,2.465,2.248,112
"1994-12-01","c_0_37","00s",1.953,2.439,2.227,112
"1995-01-01","c_0_37","00s",2.069,2.551,2.329,112
"1995-02-01","c_0_37","00s",2.006,2.48,2.259,112
"1995-03-01","c_0_37","00s",1.968,2.453,2.222,112
"1995-04-01","c_0_37","00s",2.026,2.497,2.27,112
"1995-05-01","c_0_37","00s",1.978,2.461,2.228,112
"1995-06-01","c_0_37","00s",1.921,2.376,2.151,112
"1995-07-01","c_0_37","00s",1.845,2.289,2.078,112
"1995-08-01","c_0_37","00s",1.91,2.352,2.137,112
"1995-09-01","c_0_37","00s",1.91,2.361,2.14,112
"1995-10-01","c_0_37","00s",2.009,2.451,2.232,112
"1995-11-01","c_0_37","00s",1.961,2.423,2.195,112
"1995-12-01","c_0_37","00s",2.018,2.47,2.244,112
"1996-01-01","c_0_37","00s",1.962,2.382,2.174,112
"1996-02-01","c_0_37","00s",1.981,2.415,2.194,112
"1996-03-01","c_0_37","00s",1.983,2.401,2.189,112
"1996-04-01","c_0_37","00s",1.938,2.371,2.15,112
"1996-05-01","c_0_37","00s",1.97,2.388,2.173,112
"1996-06-01","c_0_37","00s",1.996,2.428,2.209,112
"1996-07-01","c_0_37","00s",2.028,2.458,2.236,112
"1996-08-01","c_0_37","00s",2,2.441,2.221,112
"1996-09-01","c_0_37","00s",2.074,2.515,2.289,112
"1996-10-01","c_0_37","00s",2.045,2.499,2.265,112
"1996-11-01","c_0_37","00s",2.112,2.547,2.318,112
"1996-12-01","c_0_37","00s",2.084,2.52,2.293,112
"1997-01-01","c_0_37","00s",2.014,2.47,2.237,112
"1997-02-01","c_0_37","00s",2.002,2.456,2.227,112
"1997-03-01","c_0_37","00s",1.971,2.429,2.198,112
"1997-04-01","c_0_37","00s",1.961,2.42,2.193,112
"1997-05-01","c_0_37","00s",1.881,2.351,2.124,112
"1997-06-01","c_0_37","00s",1.86,2.337,2.101,112
"1997-07-01","c_0_37","00s",1.75,2.241,1.997,112
"1997-08-01","c_0_37","00s",1.685,2.172,1.925,112
"1997-09-01","c_0_37","00s",1.664,2.133,1.898,112
"1997-10-01","c_0_37","00s",1.453,1.929,1.693,112
"1997-11-01","c_0_37","00s",1.339,1.839,1.596,112
"1997-12-01","c_0_37","00s",1.256,1.798,1.529,112
"1998-01-01","c_0_37","00s",1.223,1.758,1.493,112
"1998-02-01","c_0_37","00s",1.147,1.705,1.44,112
"1998-03-01","c_0_37","00s",1.151,1.731,1.461,112
"1998-04-01","c_0_37","00s",1.15,1.718,1.45,112
"1998-05-01","c_0_37","00s",1.176,1.78,1.487,112
"1998-06-01","c_0_37","00s",1.144,1.735,1.45,112
"1998-07-01","c_0_37","00s",1.236,1.798,1.529,112
"1998-08-01","c_0_37","00s",1.297,1.858,1.592,112
"1998-09-01","c_0_37","00s",1.199,1.829,1.528,112
"1998-10-01","c_0_37","00s",1.34,1.952,1.657,112
"1998-11-01","c_0_37","00s",1.374,1.973,1.687,112
"1998-12-01","c_0_37","00s",1.402,2.013,1.724,112
"1999-01-01","c_0_37","00s",1.441,2.047,1.757,112
"1999-02-01","c_0_37","00s",1.393,2.001,1.699,112
"1999-03-01","c_0_37","00s",1.331,1.919,1.627,112
"1999-04-01","c_0_37","00s",1.386,2.001,1.688,112
"1999-05-01","c_0_37","00s",1.39,1.962,1.676,112
"1999-06-01","c_0_37","00s",1.408,1.968,1.687,112
"1999-07-01","c_0_37","00s",1.45,2.01,1.729,112
"1999-08-01","c_0_37","00s",1.406,1.959,1.68,112
"1999-09-01","c_0_37","00s",1.517,2.008,1.758,112
"1999-10-01","c_0_37","00s",1.514,2.001,1.752,112
"1999-11-01","c_0_37","00s",1.528,2.02,1.766,112
"1999-12-01","c_0_37","00s",1.585,2.032,1.797,112
"2000-01-01","c_0_37","00s",1.694,2.147,1.909,112
"2000-02-01","c_0_37","00s",1.833,2.265,2.039,112
"2000-03-01","c_0_37","00s",1.945,2.385,2.147,112
"2000-04-01","c_0_37","00s",1.833,2.303,2.063,112
"2000-05-01","c_0_37","00s",1.855,2.336,2.091,112
"2000-06-01","c_0_37","00s",1.899,2.381,2.136,112
"2000-07-01","c_0_37","00s",1.93,2.446,2.183,112
"2000-08-01","c_0_37","00s",1.938,2.458,2.194,112
"2000-09-01","c_0_37","00s",1.976,2.496,2.238,112
"2000-10-01","c_0_37","00s",1.965,2.511,2.244,112
"2000-11-01","c_0_37","00s",1.995,2.54,2.276,112
"2000-12-01","c_0_37","00s",2.028,2.579,2.317,112
"2001-01-01","c_0_37","00s",2.058,2.634,2.355,112
"2001-02-01","c_0_37","00s",2.114,2.682,2.406,112
"2001-03-01","c_0_37","00s",2.071,2.639,2.367,112
"2001-04-01","c_0_37","00s",2.197,2.743,2.483,112
"2001-05-01","c_0_37","00s",2.19,2.736,2.472,112
"2001-06-01","c_0_37","00s",2.257,2.82,2.549,112
"2001-07-01","c_0_37","00s",2.198,2.736,2.481,112
"2001-08-01","c_0_37","00s",2.235,2.809,2.534,112
"2001-09-01","c_0_37","00s",2.169,2.755,2.471,112
"2001-10-01","c_0_37","00s",2.181,2.756,2.473,112
"2001-11-01","c_0_37","00s",2.179,2.747,2.46,112
"2001-12-01","c_0_37","00s",2.092,2.666,2.372,112
"2002-01-01","c_0_37","00s",1.922,2.47,2.196,112
"2002-02-01","c_0_37","00s",1.865,2.424,2.146,112
"2002-03-01","c_0_37","00s",1.895,2.447,2.174,112
"2002-04-01","c_0_37","00s",1.861,2.387,2.118,112
"2002-05-01","c_0_37","00s",1.834,2.359,2.089,112
"2002-06-01","c_0_37","00s",1.753,2.266,2.003,112
"2002-07-01","c_0_37","00s",1.79,2.304,2.035,112
"2002-08-01","c_0_37","00s",1.773,2.263,2.004,112
"2002-09-01","c_0_37","00s",1.823,2.314,2.051,112
"2002-10-01","c_0_37","00s",1.835,2.318,2.063,112
"2002-11-01","c_0_37","00s",1.813,2.299,2.043,112
"2002-12-01","c_0_37","00s",1.848,2.335,2.081,112
"2003-01-01","c_0_37","00s",1.842,2.346,2.084,112
"2003-02-01","c_0_37","00s",1.807,2.323,2.052,112
"2003-03-01","c_0_37","00s",1.786,2.313,2.035,112
"2003-04-01","c_0_37","00s",1.67,2.213,1.927,112
"2003-05-01","c_0_37","00s",1.665,2.222,1.929,112
"2003-06-01","c_0_37","00s",1.603,2.169,1.868,112
"2003-07-01","c_0_37","00s",1.624,2.195,1.894,112
"2003-08-01","c_0_37","00s",1.653,2.207,1.915,112
"2003-09-01","c_0_37","00s",1.584,2.129,1.843,112
"2003-10-01","c_0_37","00s",1.588,2.143,1.853,112
"2003-11-01","c_0_37","00s",1.569,2.129,1.839,112
"2003-12-01","c_0_37","00s",1.543,2.12,1.822,112
"2004-01-01","c_0_37","00s",1.646,2.27,1.939,112
"2004-02-01","c_0_37","00s",1.723,2.326,2.005,112
"2004-03-01","c_0_37","00s",1.71,2.306,1.991,112
"2004-04-01","c_0_37","00s",1.909,2.479,2.179,112
"2004-05-01","c_0_37","00s",1.987,2.529,2.245,112
"2004-06-01","c_0_37","00s",2.112,2.638,2.361,112
"2004-07-01","c_0_37","00s",2.053,2.577,2.304,112
"2004-08-01","c_0_37","00s",1.999,2.562,2.271,112
"2004-09-01","c_0_37","00s",1.99,2.547,2.26,112
"2004-10-01","c_0_37","00s",2.003,2.553,2.267,112
"2004-11-01","c_0_37","00s",2.04,2.616,2.312,112
"2004-12-01","c_0_37","00s",2.073,2.619,2.335,112
"2005-01-01","c_0_37","00s",2.155,2.642,2.395,112
"2005-02-01","c_0_37","00s",2.147,2.638,2.395,112
"2005-03-01","c_0_37","00s",2.158,2.656,2.403,112
"2005-04-01","c_0_37","00s",2.06,2.573,2.312,112
"2005-05-01","c_0_37","00s",2.035,2.548,2.288,112
"2005-06-01","c_0_37","00s",1.97,2.491,2.226,112
"2005-07-01","c_0_37","00s",2.029,2.537,2.276,112
"2005-08-01","c_0_37","00s",2.045,2.522,2.273,112
"2005-09-01","c_0_37","00s",2.139,2.649,2.386,112
"2005-10-01","c_0_37","00s",2.187,2.715,2.44,112
"2005-11-01","c_0_37","00s",2.232,2.724,2.469,112
"2005-12-01","c_0_37","00s",2.184,2.685,2.424,112
"2006-01-01","c_0_37","00s",2.13,2.621,2.366,112
"2006-02-01","c_0_37","00s",2.08,2.569,2.315,112
"2006-03-01","c_0_37","00s",2.132,2.608,2.367,112
"2006-04-01","c_0_37","00s",2.213,2.672,2.439,112
"2006-05-01","c_0_37","00s",2.332,2.795,2.56,112
"2006-06-01","c_0_37","00s",2.497,2.952,2.723,112
"2006-07-01","c_0_37","00s",2.475,2.957,2.721,112
"2006-08-01","c_0_37","00s",2.559,3.033,2.803,112
"2006-09-01","c_0_37","00s",2.518,2.966,2.751,112
"2006-10-01","c_0_37","00s",2.474,2.9,2.698,112
"2006-11-01","c_0_37","00s",2.328,2.76,2.557,112
"2006-12-01","c_0_37","00s",2.46,2.882,2.683,112
"2007-01-01","c_0_37","00s",2.491,2.94,2.722,112
"2007-02-01","c_0_37","00s",2.601,3.047,2.831,112
"2007-03-01","c_0_37","00s",2.527,2.978,2.757,112
"2007-04-01","c_0_37","00s",2.443,2.897,2.671,112
"2007-05-01","c_0_37","00s",2.286,2.734,2.512,112
"2007-06-01","c_0_37","00s",2.186,2.632,2.411,112
"2007-07-01","c_0_37","00s",2.153,2.588,2.364,112
"2007-08-01","c_0_37","00s",2.092,2.533,2.308,112
"2007-09-01","c_0_37","00s",2.17,2.623,2.388,112
"2007-10-01","c_0_37","00s",2.252,2.72,2.469,112
"2007-11-01","c_0_37","00s",2.458,2.921,2.673,112
"2007-12-01","c_0_37","00s",2.431,2.897,2.643,112
"2008-01-01","c_0_37","00s",2.361,2.808,2.566,112
"2008-02-01","c_0_37","00s",2.266,2.725,2.47,112
"2008-03-01","c_0_37","00s",2.311,2.767,2.515,112
"2008-04-01","c_0_37","00s",2.314,2.789,2.537,112
"2008-05-01","c_0_37","00s",2.323,2.836,2.572,112
"2008-06-01","c_0_37","00s",2.355,2.908,2.621,112
"2008-07-01","c_0_37","00s",2.425,3.036,2.723,112
"2008-08-01","c_0_37","00s",2.387,3.008,2.689,112
"2008-09-01","c_0_37","00s",2.276,2.891,2.575,112
"2008-10-01","c_0_37","00s",2.091,2.744,2.424,112
"2008-11-01","c_0_37","00s",1.927,2.629,2.3,112
"2008-12-01","c_0_37","00s",1.753,2.477,2.143,112
"2009-01-01","c_0_37","00s",1.757,2.491,2.162,112
"2009-02-01","c_0_37","00s",1.743,2.463,2.142,112
"2009-03-01","c_0_37","00s",1.623,2.39,2.061,112
"2009-04-01","c_0_37","00s",1.571,2.319,1.993,112
"2009-05-01","c_0_37","00s",1.534,2.259,1.936,112
"2009-06-01","c_0_37","00s",1.423,2.127,1.813,112
"2009-07-01","c_0_37","00s",1.175,1.821,1.536,112
"2009-08-01","c_0_37","00s",1.153,1.863,1.541,112
"2009-09-01","c_0_37","00s",1.022,1.781,1.428,112
"2009-10-01","c_0_37","00s",1.081,1.911,1.497,112
"2009-11-01","c_0_37","00s",1.033,1.825,1.41,112
"2009-12-01","c_0_37","00s",1.05,1.826,1.416,112
"2010-01-01","c_0_37","00s",0.898,1.675,1.255,112
"2010-02-01","c_0_37","00s",0.773,1.572,1.148,112
"2010-03-01","c_0_37","00s",0.733,1.503,1.08,112
"2010-04-01","c_0_37","00s",0.674,1.454,1.025,112
"2010-05-01","c_0_37","00s",0.605,1.375,0.952,112
"2010-06-01","c_0_37","00s",0.523,1.283,0.871,112
"2010-07-01","c_0_37","00s",0.589,1.339,0.93,112
"2010-08-01","c_0_37","00s",0.603,1.288,0.914,112
"2010-09-01","c_0_37","00s",0.674,1.297,0.963,112
"2010-10-01","c_0_37","00s",0.59,1.086,0.831,112
"2010-11-01","c_0_37","00s",0.629,1.13,0.877,112
"2010-12-01","c_0_37","00s",0.675,1.167,0.916,112
"2011-01-01","c_0_37","00s",0.784,1.283,1.027,112
"2011-02-01","c_0_37","00s",0.943,1.459,1.196,112
"2011-03-01","c_0_37","00s",1.085,1.604,1.335,112
"2011-04-01","c_0_37","00s",1.221,1.762,1.476,112
"2011-05-01","c_0_37","00s",1.355,1.962,1.635,112
"2011-06-01","c_0_37","00s",1.416,2.02,1.694,112
"2011-07-01","c_0_37","00s",1.501,2.096,1.775,112
"2011-08-01","c_0_37","00s",1.591,2.182,1.861,112
"2011-09-01","c_0_37","00s",1.641,2.23,1.909,112
"2011-10-01","c_0_37","00s",1.691,2.301,1.98,112
"2011-11-01","c_0_37","00s",1.747,2.339,2.022,112
"2011-12-01","c_0_37","00s",1.822,2.412,2.096,112
"2012-01-01","c_0_37","00s",1.875,2.453,2.138,112
"2012-02-01","c_0_37","00s",1.822,2.375,2.06,112
"2012-03-01","c_0_37","00s",1.805,2.333,2.033,112
"2012-04-01","c_0_37","00s",1.756,2.254,1.973,112
"2012-05-01","c_0_37","00s",1.701,2.134,1.897,112
"2012-06-01","c_0_37","00s",1.676,2.108,1.867,112
"2012-07-01","c_0_37","00s",1.635,2.094,1.838,112
"2012-08-01","c_0_37","00s",1.58,2.024,1.781,112
"2012-09-01","c_0_37","00s",1.575,2.011,1.772,112
"2012-10-01","c_0_37","00s",1.582,2.03,1.768,112
"2012-11-01","c_0_37","00s",1.502,1.944,1.692,112
"2012-12-01","c_0_37","00s",1.417,1.866,1.615,112
"2013-01-01","c_0_37","00s",1.381,1.821,1.585,112
"2013-02-01","c_0_37","00s",1.405,1.82,1.604,112
"2013-03-01","c_0_37","00s",1.328,1.765,1.537,112
"2013-04-01","c_0_37","00s",1.154,1.627,1.383,112
"2013-05-01","c_0_37","00s",1.116,1.612,1.358,112
"2013-06-01","c_0_37","00s",1.222,1.704,1.462,112
"2013-07-01","c_0_37","00s",1.257,1.713,1.488,112
"2013-08-01","c_0_37","00s",1.225,1.699,1.46,112
"2013-09-01","c_0_37","00s",1.195,1.693,1.448,112
"2013-10-01","c_0_37","00s",1.232,1.702,1.476,112
"2013-11-01","c_0_37","00s",1.319,1.782,1.558,112
"2013-12-01","c_0_37","00s",1.361,1.818,1.593,112
"2014-01-01","c_0_37","00s",1.328,1.766,1.55,112
"2014-02-01","c_0_37","00s",1.261,1.72,1.497,112
"2014-03-01","c_0_37","00s",1.293,1.73,1.518,112
"2014-04-01","c_0_37","00s",1.471,1.869,1.677,112
"2014-05-01","c_0_37","00s",1.542,1.908,1.733,112
"2014-06-01","c_0_37","00s",1.512,1.883,1.702,112
"2014-07-01","c_0_37","00s",1.51,1.892,1.704,112
"2014-08-01","c_0_37","00s",1.466,1.84,1.659,112
"2014-09-01","c_0_37","00s",1.49,1.844,1.672,112
"2014-10-01","c_0_37","00s",1.372,1.807,1.6,112
"2014-11-01","c_0_37","00s",1.317,1.776,1.559,112
"2014-12-01","c_0_37","00s",1.306,1.768,1.554,112
"2015-01-01","c_0_37","00s",1.144,1.652,1.411,112
"2015-02-01","c_0_37","00s",1.222,1.715,1.477,112
"2015-03-01","c_0_37","00s",1.224,1.72,1.479,112
"2015-04-01","c_0_37","00s",1.259,1.752,1.516,112
"2015-05-01","c_0_37","00s",1.216,1.712,1.472,112
"2015-06-01","c_0_37","00s",1.203,1.728,1.48,112
"2015-07-01","c_0_37","00s",1.21,1.729,1.483,112
"2015-08-01","c_0_37","00s",1.232,1.741,1.499,112
"2015-09-01","c_0_37","00s",1.237,1.754,1.504,112
"2015-10-01","c_0_37","00s",1.245,1.68,1.47,112
"2015-11-01","c_0_37","00s",1.228,1.646,1.443,112
"2015-12-01","c_0_37","00s",1.185,1.6,1.396,112
"2016-01-01","c_0_37","00s",1.326,1.721,1.531,112
"2016-02-01","c_0_37","00s",1.308,1.71,1.519,112
"2016-03-01","c_0_37","00s",1.343,1.751,1.558,112
"2016-04-01","c_0_37","00s",1.361,1.786,1.576,112
"2016-05-01","c_0_37","00s",1.437,1.869,1.657,112
"2016-06-01","c_0_37","00s",1.409,1.824,1.613,112
"2016-07-01","c_0_37","00s",1.391,1.814,1.603,112
"2016-08-01","c_0_37","00s",1.425,1.853,1.641,112
"2016-09-01","c_0_37","00s",1.458,1.895,1.681,112
"2016-10-01","c_0_37","00s",1.573,2.001,1.789,112
"2016-11-01","c_0_37","00s",1.547,1.986,1.768,112
"2016-12-01","c_0_37","00s",1.604,2.036,1.82,112
"2017-01-01","c_0_37","00s",1.675,2.095,1.882,112
"2017-02-01","c_0_37","00s",1.639,2.061,1.845,112
"2017-03-01","c_0_37","00s",1.593,2,1.793,112
"2017-04-01","c_0_37","00s",1.512,1.912,1.718,112
"2017-05-01","c_0_37","00s",1.426,1.824,1.627,112
"2017-06-01","c_0_37","00s",1.448,1.85,1.656,112
"2017-07-01","c_0_37","00s",1.421,1.82,1.625,112
"2017-08-01","c_0_37","00s",1.409,1.831,1.628,112
"2017-09-01","c_0_37","00s",1.366,1.779,1.579,112
"2017-10-01","c_0_37","00s",1.366,1.799,1.584,112
"2017-11-01","c_0_37","00s",1.392,1.83,1.614,112
"2017-12-01","c_0_37","00s",1.417,1.865,1.646,112
"2018-01-01","c_0_37","00s",1.475,1.93,1.705,112
"2018-02-01","c_0_37","00s",1.52,1.965,1.745,112
"2018-03-01","c_0_37","00s",1.522,1.979,1.752,112
"2018-04-01","c_0_37","00s",1.521,1.975,1.744,112
"2018-05-01","c_0_37","00s",1.576,2.024,1.798,112
"2018-06-01","c_0_37","00s",1.615,2.042,1.822,112
"2018-07-01","c_0_37","00s",1.648,2.07,1.852,112
"2018-08-01","c_0_37","00s",1.659,2.063,1.85,112
"2018-09-01","c_0_37","00s",1.686,2.093,1.881,112
"2018-10-01","c_0_37","00s",1.68,2.075,1.879,112
"2018-11-01","c_0_37","00s",1.754,2.139,1.948,112
"2018-12-01","c_0_37","00s",1.758,2.141,1.948,112
"2019-01-01","c_0_37","00s",1.627,2.011,1.826,112
"2019-02-01","c_0_37","00s",1.653,2.052,1.861,112
"2019-03-01","c_0_37","00s",1.693,2.097,1.901,112
"2019-04-01","c_0_37","00s",1.782,2.205,2.003,112
"2019-05-01","c_0_37","00s",1.697,2.128,1.921,112
"2019-06-01","c_0_37","00s",1.635,2.081,1.867,112
"2019-07-01","c_0_37","00s",1.678,2.12,1.908,112
"2019-08-01","c_0_37","00s",1.696,2.133,1.925,112
"2019-09-01","c_0_37","00s",1.615,2.058,1.843,112
"2019-10-01","c_0_37","00s",1.651,2.132,1.888,112
"2019-11-01","c_0_37","00s",1.613,2.082,1.84,112
"2019-12-01","c_0_37","00s",1.594,2.068,1.825,112
"2020-01-01","c_0_37","00s",1.683,2.146,1.907,112
"2020-02-01","c_0_37","00s",1.669,2.138,1.895,112
"2020-03-01","c_0_37","00s",1.611,2.088,1.846,112
"2020-04-01","c_0_37","00s",1.503,1.987,1.742,112
"2020-05-01","c_0_37","00s",1.572,2.081,1.824,112
"2020-06-01","c_0_37","00s",1.592,2.137,1.864,112
"2020-07-01","c_0_37","00s",1.621,2.193,1.906,112
"2020-08-01","c_0_37","00s",1.642,2.252,1.938,112
"2020-09-01","c_0_37","00s",1.641,2.261,1.94,112
"2020-10-01","c_0_37","00s",1.582,2.161,1.869,112
"2020-11-01","c_0_37","00s",1.51,2.116,1.812,112
"2020-12-01","c_0_37","00s",1.502,2.135,1.811,112
"2021-01-01","c_0_37","00s",1.428,2.117,1.748,112
"2021-02-01","c_0_37","00s",1.476,2.2,1.804,112
"2021-03-01","c_0_37","00s",1.559,2.294,1.882,112
"2021-04-01","c_0_37","00s",1.678,2.427,1.997,112
"2021-05-01","c_0_37","00s",1.735,2.521,2.061,112
"2021-06-01","c_0_37","00s",1.783,2.593,2.113,112
"2021-07-01","c_0_37","00s",1.842,2.696,2.184,112
"2021-08-01","c_0_37","00s",1.891,2.78,2.248,112
"2021-09-01","c_0_37","00s",2.13,3.017,2.487,112
"2021-10-01","c_0_37","00s",2.365,3.368,2.764,112
"2021-11-01","c_0_37","00s",2.605,3.659,3.012,112
"2021-12-01","c_0_37","00s",2.848,3.917,3.262,112
"2022-01-01","c_0_37","00s",3.234,4.322,3.67,112
"2022-02-01","c_0_37","00s",3.398,4.505,3.831,112
"2022-03-01","c_0_37","00s",3.476,4.636,3.922,112
"2022-04-01","c_0_37","00s",3.493,4.637,3.941,112
"2022-05-01","c_0_37","00s",3.695,4.813,4.138,112
"2022-06-01","c_0_37","00s",4.133,5.228,4.571,112
"2022-07-01","c_0_37","00s",4.204,5.266,4.634,112
"2022-08-01","c_0_37","00s",4.429,5.446,4.846,112
"2022-09-01","c_0_37","00s",4.392,5.467,4.844,112
"2022-10-01","c_0_37","00s",4.433,5.418,4.854,112
"2022-11-01","c_0_37","00s",4.358,5.341,4.801,112
"2022-12-01","c_0_37","00s",4.287,5.274,4.737,112
"2023-01-01","c_0_37","00s",4.137,5.068,4.563,112
"2023-02-01","c_0_37","00s",4.077,5,4.527,112
"2023-03-01","c_0_37","00s",4.14,4.988,4.574,112
"2023-04-01","c_0_37","00s",4.239,5.073,4.662,112
"2023-05-01","c_0_37","00s",4.127,4.941,4.543,112
"2023-06-01","c_0_37","00s",3.701,4.51,4.117,112
"2023-07-01","c_0_37","00s",3.585,4.379,3.992,112
"2023-08-01","c_0_37","00s",3.331,4.104,3.725,112
"2023-09-01","c_0_37","00s",3.265,3.993,3.632,112
"2023-10-01","c_0_37","00s",3.103,3.816,3.46,112
"2023-11-01","c_0_37","00s",3.051,3.718,3.378,112
"2023-12-01","c_0_37","00s",2.9,3.543,3.216,112
"2024-01-01","c_0_37","00s",2.96,3.59,3.269,112
"2024-02-01","c_0_37","00s",2.833,3.436,3.128,112
"2024-03-01","c_0_37","00s",2.773,3.372,3.066,112
"2024-04-01","c_0_37","00s",2.625,3.229,2.927,112
"2024-05-01","c_0_37","00s",2.49,3.118,2.81,112
"2024-06-01","c_0_37","00s",2.471,3.074,2.782,112
"2024-07-01","c_0_37","00s",2.406,3,2.717,112
"2024-08-01","c_0_37","00s",2.38,2.984,2.697,112
"2024-09-01","c_0_37","00s",2.401,2.992,2.716,112
"2024-10-01","c_0_37","00s",2.412,2.995,2.725,112
"2024-11-01","c_0_37","00s",2.41,2.982,2.721,112
"2024-12-01","c_0_37","00s",2.495,3.062,2.805,112
"2025-01-01","c_0_37","00s",2.268,2.862,2.577,112
"2025-02-01","c_0_37","00s",2.311,2.884,2.599,112
"2025-03-01","c_0_37","00s",2.297,2.866,2.586,112
"2025-04-01","c_0_37","00s",2.376,2.929,2.65,112
"2025-05-01","c_0_37","00s",2.409,2.915,2.656,112
"2025-06-01","c_0_37","00s",2.533,3.03,2.769,112
"2025-07-01","c_0_37","00s",2.53,3.02,2.762,112
"2025-08-01","c_0_37","00s",2.585,3.066,2.815,112
"2025-09-01","c_0_37","00s",2.501,3.006,2.731,112
"2025-10-01","c_0_37","00s",2.372,2.894,2.603,112
"2025-11-01","c_0_37","00s",2.326,2.85,2.552,112
"2025-12-01","c_0_37","00s",2.29,2.824,2.516,112
"2026-01-01","c_0_37","00s",2.274,2.819,2.503,112
"2026-02-01","c_0_37","00s",2.199,2.773,2.433,112
"2026-03-01","c_0_37","00s",2.183,2.772,2.422,112
"2026-04-01","c_0_37","00s",2.116,2.745,2.381,112
"2026-05-01","c_0_37","00s",2.143,2.785,2.412,112
"2026-06-01","c_0_37","00s",1.99,2.661,2.269,112
"2026-07-01","c_0_37","00s",1.961,2.646,2.249,112
"2026-08-01","c_0_37","00s",1.909,2.606,2.198,112
"1960-01-01","f_0_24","long",0.573,1.91,1.319,156
"1960-02-01","f_0_24","long",0.571,1.907,1.325,156
"1960-03-01","f_0_24","long",0.57,1.883,1.299,156
"1960-04-01","f_0_24","long",0.497,1.872,1.259,156
"1960-05-01","f_0_24","long",0.485,1.834,1.221,156
"1960-06-01","f_0_24","long",0.335,1.658,1.052,156
"1960-07-01","f_0_24","long",0.392,1.682,1.084,156
"1960-08-01","f_0_24","long",0.393,1.651,1.058,156
"1960-09-01","f_0_24","long",0.29,1.533,0.956,156
"1960-10-01","f_0_24","long",0.248,1.463,0.878,156
"1960-11-01","f_0_24","long",0.3,1.525,0.952,156
"1960-12-01","f_0_24","long",0.281,1.494,0.92,156
"1961-01-01","f_0_24","long",0.288,1.505,0.917,156
"1961-02-01","f_0_24","long",0.287,1.451,0.881,156
"1961-03-01","f_0_24","long",0.25,1.371,0.833,156
"1961-04-01","f_0_24","long",0.135,1.225,0.709,156
"1961-05-01","f_0_24","long",0.134,1.191,0.679,156
"1961-06-01","f_0_24","long",0.135,1.212,0.696,156
"1961-07-01","f_0_24","long",0.057,1.162,0.642,156
"1961-08-01","f_0_24","long",0.054,1.068,0.591,156
"1961-09-01","f_0_24","long",0.054,1.113,0.612,156
"1961-10-01","f_0_24","long",0.043,1.041,0.566,156
"1961-11-01","f_0_24","long",-0.008,0.956,0.481,156
"1961-12-01","f_0_24","long",-0.015,0.873,0.418,156
"1962-01-01","f_0_24","long",0.157,1.05,0.607,156
"1962-02-01","f_0_24","long",0.183,1.148,0.689,156
"1962-03-01","f_0_24","long",0.3,1.315,0.842,156
"1962-04-01","f_0_24","long",0.265,1.259,0.78,156
"1962-05-01","f_0_24","long",0.27,1.278,0.803,156
"1962-06-01","f_0_24","long",0.27,1.305,0.828,156
"1962-07-01","f_0_24","long",0.238,1.224,0.756,156
"1962-08-01","f_0_24","long",0.244,1.289,0.809,156
"1962-09-01","f_0_24","long",0.253,1.462,0.861,156
"1962-10-01","f_0_24","long",0.196,1.429,0.823,156
"1962-11-01","f_0_24","long",0.194,1.43,0.82,156
"1962-12-01","f_0_24","long",0.142,1.383,0.787,156
"1963-01-01","f_0_24","long",0.07,1.332,0.734,156
"1963-02-01","f_0_24","long",0.047,1.259,0.674,156
"1963-03-01","f_0_24","long",-0.041,1.115,0.538,156
"1963-04-01","f_0_24","long",-0.017,1.138,0.562,156
"1963-05-01","f_0_24","long",0.087,1.252,0.678,156
"1963-06-01","f_0_24","long",0.088,1.273,0.683,156
"1963-07-01","f_0_24","long",0.092,1.325,0.715,156
"1963-08-01","f_0_24","long",0.088,1.348,0.701,156
"1963-09-01","f_0_24","long",0.075,1.107,0.604,156
"1963-10-01","f_0_24","long",0.267,1.303,0.803,156
"1963-11-01","f_0_24","long",0.268,1.335,0.817,156
"1963-12-01","f_0_24","long",0.327,1.45,0.896,156
"1964-01-01","f_0_24","long",0.278,1.436,0.862,156
"1964-02-01","f_0_24","long",0.293,1.468,0.896,156
"1964-03-01","f_0_24","long",0.265,1.455,0.884,156
"1964-04-01","f_0_24","long",0.269,1.48,0.898,156
"1964-05-01","f_0_24","long",0.16,1.33,0.751,156
"1964-06-01","f_0_24","long",0.157,1.25,0.693,156
"1964-07-01","f_0_24","long",0.153,1.204,0.652,156
"1964-08-01","f_0_24","long",0.151,1.153,0.652,156
"1964-09-01","f_0_24","long",0.15,1.155,0.64,156
"1964-10-01","f_0_24","long",0.026,1.039,0.513,156
"1964-11-01","f_0_24","long",0.032,1.056,0.538,156
"1964-12-01","f_0_24","long",0.03,1.041,0.538,156
"1965-01-01","f_0_24","long",0.052,1.06,0.556,156
"1965-02-01","f_0_24","long",0.025,0.979,0.484,156
"1965-03-01","f_0_24","long",0.061,1.072,0.542,156
"1965-04-01","f_0_24","long",0.12,1.148,0.629,156
"1965-05-01","f_0_24","long",0.152,1.215,0.697,156
"1965-06-01","f_0_24","long",0.189,1.325,0.796,156
"1965-07-01","f_0_24","long",0.19,1.376,0.846,156
"1965-08-01","f_0_24","long",0.218,1.427,0.886,156
"1965-09-01","f_0_24","long",0.26,1.493,0.964,156
"1965-10-01","f_0_24","long",0.285,1.543,1.019,156
"1965-11-01","f_0_24","long",0.393,1.598,1.087,156
"1965-12-01","f_0_24","long",0.549,1.749,1.223,156
"1966-01-01","f_0_24","long",0.618,1.766,1.263,156
"1966-02-01","f_0_24","long",0.797,1.993,1.45,156
"1966-03-01","f_0_24","long",0.832,2.08,1.522,156
"1966-04-01","f_0_24","long",1.029,2.242,1.69,156
"1966-05-01","f_0_24","long",1.042,2.299,1.715,156
"1966-06-01","f_0_24","long",1.114,2.377,1.769,156
"1966-07-01","f_0_24","long",1.266,2.492,1.88,156
"1966-08-01","f_0_24","long",1.324,2.529,1.922,156
"1966-09-01","f_0_24","long",1.546,2.723,2.113,156
"1966-10-01","f_0_24","long",1.791,2.93,2.318,156
"1966-11-01","f_0_24","long",1.781,2.949,2.319,156
"1966-12-01","f_0_24","long",1.742,2.909,2.288,156
"1967-01-01","f_0_24","long",1.752,2.89,2.28,156
"1967-02-01","f_0_24","long",1.772,2.857,2.285,156
"1967-03-01","f_0_24","long",1.743,2.761,2.228,156
"1967-04-01","f_0_24","long",1.598,2.636,2.095,156
"1967-05-01","f_0_24","long",1.665,2.628,2.118,156
"1967-06-01","f_0_24","long",1.777,2.662,2.193,156
"1967-07-01","f_0_24","long",1.83,2.695,2.242,156
"1967-08-01","f_0_24","long",1.91,2.786,2.304,156
"1967-09-01","f_0_24","long",1.96,2.804,2.344,156
"1967-10-01","f_0_24","long",1.949,2.783,2.331,156
"1967-11-01","f_0_24","long",2.058,2.882,2.432,156
"1967-12-01","f_0_24","long",2.133,2.954,2.499,156
"1968-01-01","f_0_24","long",2.309,3.151,2.681,156
"1968-02-01","f_0_24","long",2.401,3.264,2.784,156
"1968-03-01","f_0_24","long",2.586,3.432,2.944,156
"1968-04-01","f_0_24","long",2.741,3.565,3.08,156
"1968-05-01","f_0_24","long",2.965,3.771,3.3,156
"1968-06-01","f_0_24","long",3.018,3.843,3.366,156
"1968-07-01","f_0_24","long",3.024,3.839,3.365,156
"1968-08-01","f_0_24","long",3.21,3.979,3.544,156
"1968-09-01","f_0_24","long",3.236,4,3.568,156
"1968-10-01","f_0_24","long",3.336,4.081,3.659,156
"1968-11-01","f_0_24","long",3.434,4.142,3.747,156
"1968-12-01","f_0_24","long",3.495,4.197,3.822,156
"1969-01-01","f_0_24","long",3.491,4.19,3.818,156
"1969-02-01","f_0_24","long",3.402,4.083,3.725,156
"1969-03-01","f_0_24","long",3.572,4.246,3.888,156
"1969-04-01","f_0_24","long",3.652,4.327,3.971,156
"1969-05-01","f_0_24","long",3.633,4.342,3.962,156
"1969-06-01","f_0_24","long",3.686,4.367,4.005,156
"1969-07-01","f_0_24","long",3.901,4.57,4.22,156
"1969-08-01","f_0_24","long",3.778,4.458,4.1,156
"1969-09-01","f_0_24","long",3.803,4.512,4.133,156
"1969-10-01","f_0_24","long",3.786,4.504,4.118,156
"1969-11-01","f_0_24","long",3.841,4.544,4.162,156
"1969-12-01","f_0_24","long",3.945,4.613,4.237,156
"1970-01-01","f_0_24","long",3.943,4.604,4.229,156
"1970-02-01","f_0_24","long",4.085,4.744,4.37,156
"1970-03-01","f_0_24","long",4.047,4.703,4.342,156
"1970-04-01","f_0_24","long",4.059,4.751,4.361,156
"1970-05-01","f_0_24","long",3.996,4.688,4.3,156
"1970-06-01","f_0_24","long",3.94,4.65,4.246,156
"1970-07-01","f_0_24","long",3.856,4.553,4.155,156
"1970-08-01","f_0_24","long",3.928,4.611,4.218,156
"1970-09-01","f_0_24","long",3.928,4.616,4.221,156
"1970-10-01","f_0_24","long",3.972,4.75,4.297,156
"1970-11-01","f_0_24","long",3.95,4.756,4.283,156
"1970-12-01","f_0_24","long",4.041,4.855,4.382,156
"1971-01-01","f_0_24","long",4.011,4.814,4.352,156
"1971-02-01","f_0_24","long",3.878,4.691,4.227,156
"1971-03-01","f_0_24","long",3.753,4.576,4.096,156
"1971-04-01","f_0_24","long",3.679,4.483,4.021,156
"1971-05-01","f_0_24","long",3.785,4.561,4.115,156
"1971-06-01","f_0_24","long",3.863,4.656,4.202,156
"1971-07-01","f_0_24","long",3.774,4.589,4.123,156
"1971-08-01","f_0_24","long",3.75,4.57,4.108,156
"1971-09-01","f_0_24","long",3.614,4.419,3.965,156
"1971-10-01","f_0_24","long",3.288,4.023,3.63,156
"1971-11-01","f_0_24","long",3.095,3.818,3.432,156
"1971-12-01","f_0_24","long",2.887,3.616,3.218,156
"1972-01-01","f_0_24","long",2.857,3.617,3.193,156
"1972-02-01","f_0_24","long",2.877,3.625,3.207,156
"1972-03-01","f_0_24","long",2.885,3.61,3.214,156
"1972-04-01","f_0_24","long",2.698,3.405,3.025,156
"1972-05-01","f_0_24","long",2.491,3.192,2.813,156
"1972-06-01","f_0_24","long",2.275,2.947,2.583,156
"1972-07-01","f_0_24","long",2.265,2.966,2.574,156
"1972-08-01","f_0_24","long",2.203,2.904,2.51,156
"1972-09-01","f_0_24","long",2.26,2.979,2.564,156
"1972-10-01","f_0_24","long",2.357,3.05,2.637,156
"1972-11-01","f_0_24","long",2.463,3.153,2.748,156
"1972-12-01","f_0_24","long",2.495,3.175,2.779,156
"1973-01-01","f_0_24","long",2.438,3.141,2.742,156
"1973-02-01","f_0_24","long",2.541,3.27,2.85,156
"1973-03-01","f_0_24","long",2.673,3.493,3.026,156
"1973-04-01","f_0_24","long",3.089,3.958,3.447,156
"1973-05-01","f_0_24","long",3.287,4.257,3.682,156
"1973-06-01","f_0_24","long",3.453,4.505,3.877,156
"1973-07-01","f_0_24","long",3.401,4.438,3.828,156
"1973-08-01","f_0_24","long",3.58,4.734,4.035,156
"1973-09-01","f_0_24","long",3.595,4.852,4.077,156
"1973-10-01","f_0_24","long",3.785,5.27,4.349,156
"1973-11-01","f_0_24","long",3.908,5.624,4.538,156
"1973-12-01","f_0_24","long",4.108,5.9,4.76,156
"1974-01-01","f_0_24","long",4.365,6.283,5.039,156
"1974-02-01","f_0_24","long",4.628,6.809,5.373,156
"1974-03-01","f_0_24","long",4.946,7.262,5.698,156
"1974-04-01","f_0_24","long",5.012,7.407,5.807,156
"1974-05-01","f_0_24","long",5.463,7.892,6.279,156
"1974-06-01","f_0_24","long",5.86,8.388,6.751,156
"1974-07-01","f_0_24","long",6.289,8.972,7.235,156
"1974-08-01","f_0_24","long",6.764,9.487,7.725,156
"1974-09-01","f_0_24","long",7.211,9.958,8.222,156
"1974-10-01","f_0_24","long",7.588,10.156,8.537,156
"1974-11-01","f_0_24","long",7.813,10.18,8.704,156
"1974-12-01","f_0_24","long",7.97,10.316,8.856,156
"1975-01-01","f_0_24","long",8.145,10.346,8.999,156
"1975-02-01","f_0_24","long",8.071,9.99,8.857,156
"1975-03-01","f_0_24","long",7.719,9.409,8.445,156
"1975-04-01","f_0_24","long",7.521,9.11,8.207,156
"1975-05-01","f_0_24","long",6.996,8.484,7.651,156
"1975-06-01","f_0_24","long",6.67,8.078,7.247,156
"1975-07-01","f_0_24","long",6.54,7.861,7.078,156
"1975-08-01","f_0_24","long",6.037,7.242,6.562,156
"1975-09-01","f_0_24","long",5.819,6.891,6.281,156
"1975-10-01","f_0_24","long",5.731,6.758,6.178,156
"1975-11-01","f_0_24","long",5.595,6.644,6.046,156
"1975-12-01","f_0_24","long",5.426,6.44,5.868,156
"1976-01-01","f_0_24","long",5.199,6.181,5.629,156
"1976-02-01","f_0_24","long",4.977,6.049,5.452,156
"1976-03-01","f_0_24","long",4.898,6.02,5.411,156
"1976-04-01","f_0_24","long",4.787,5.871,5.291,156
"1976-05-01","f_0_24","long",4.971,6.052,5.459,156
"1976-06-01","f_0_24","long",5.003,6.004,5.476,156
"1976-07-01","f_0_24","long",4.922,5.847,5.371,156
"1976-08-01","f_0_24","long",5.042,5.933,5.459,156
"1976-09-01","f_0_24","long",4.979,5.868,5.395,156
"1976-10-01","f_0_24","long",4.83,5.755,5.262,156
"1976-11-01","f_0_24","long",4.801,5.692,5.229,156
"1976-12-01","f_0_24","long",4.746,5.66,5.18,156
"1977-01-01","f_0_24","long",4.899,5.834,5.342,156
"1977-02-01","f_0_24","long",5.209,6.065,5.614,156
"1977-03-01","f_0_24","long",5.508,6.337,5.894,156
"1977-04-01","f_0_24","long",5.621,6.48,6.012,156
"1977-05-01","f_0_24","long",5.62,6.465,6.014,156
"1977-06-01","f_0_24","long",5.708,6.551,6.103,156
"1977-07-01","f_0_24","long",5.752,6.586,6.153,156
"1977-08-01","f_0_24","long",5.749,6.569,6.148,156
"1977-09-01","f_0_24","long",5.689,6.516,6.088,156
"1977-10-01","f_0_24","long",5.594,6.412,5.981,156
"1977-11-01","f_0_24","long",5.717,6.515,6.096,156
"1977-12-01","f_0_24","long",5.783,6.58,6.154,156
"1978-01-01","f_0_24","long",5.609,6.447,5.991,156
"1978-02-01","f_0_24","long",5.448,6.303,5.827,156
"1978-03-01","f_0_24","long",5.414,6.296,5.791,156
"1978-04-01","f_0_24","long",5.57,6.486,5.954,156
"1978-05-01","f_0_24","long",5.749,6.679,6.133,156
"1978-06-01","f_0_24","long",5.752,6.709,6.148,156
"1978-07-01","f_0_24","long",5.819,6.813,6.234,156
"1978-08-01","f_0_24","long",5.849,6.927,6.316,156
"1978-09-01","f_0_24","long",6.024,7.104,6.495,156
"1978-10-01","f_0_24","long",6.347,7.43,6.829,156
"1978-11-01","f_0_24","long",6.425,7.531,6.921,156
"1978-12-01","f_0_24","long",6.456,7.548,6.959,156
"1979-01-01","f_0_24","long",6.781,7.875,7.281,156
"1979-02-01","f_0_24","long",6.97,8.067,7.485,156
"1979-03-01","f_0_24","long",7.021,8.104,7.532,156
"1979-04-01","f_0_24","long",6.987,8.115,7.528,156
"1979-05-01","f_0_24","long",7.12,8.24,7.66,156
"1979-06-01","f_0_24","long",7.205,8.29,7.724,156
"1979-07-01","f_0_24","long",7.331,8.383,7.828,156
"1979-08-01","f_0_24","long",7.551,8.544,8.007,156
"1979-09-01","f_0_24","long",7.63,8.702,8.122,156
"1979-10-01","f_0_24","long",7.742,8.864,8.254,156
"1979-11-01","f_0_24","long",7.708,8.887,8.231,156
"1979-12-01","f_0_24","long",7.851,9.13,8.394,156
"1980-01-01","f_0_24","long",7.973,9.316,8.536,156
"1980-02-01","f_0_24","long",8.125,9.691,8.773,156
"1980-03-01","f_0_24","long",8.35,9.987,9.003,156
"1980-04-01","f_0_24","long",8.335,9.935,8.969,156
"1980-05-01","f_0_24","long",8.263,9.885,8.912,156
"1980-06-01","f_0_24","long",8.403,10.066,9.07,156
"1980-07-01","f_0_24","long",8.296,10.019,8.976,156
"1980-08-01","f_0_24","long",8.276,10.024,8.952,156
"1980-09-01","f_0_24","long",8.404,10.062,9.041,156
"1980-10-01","f_0_24","long",8.31,9.912,8.919,156
"1980-11-01","f_0_24","long",8.388,9.947,8.989,156
"1980-12-01","f_0_24","long",8.395,9.825,8.964,156
"1981-01-01","f_0_24","long",8.339,9.735,8.887,156
"1981-02-01","f_0_24","long",8.33,9.509,8.792,156
"1981-03-01","f_0_24","long",8.118,9.223,8.581,156
"1981-04-01","f_0_24","long",8.1,9.244,8.607,156
"1981-05-01","f_0_24","long",7.878,9.053,8.41,156
"1981-06-01","f_0_24","long",7.628,8.77,8.151,156
"1981-07-01","f_0_24","long",7.622,8.739,8.149,156
"1981-08-01","f_0_24","long",7.477,8.657,8.048,156
"1981-09-01","f_0_24","long",7.268,8.458,7.842,156
"1981-10-01","f_0_24","long",7.036,8.204,7.602,156
"1981-11-01","f_0_24","long",6.818,7.994,7.391,156
"1981-12-01","f_0_24","long",6.517,7.71,7.099,156
"1982-01-01","f_0_24","long",6.2,7.365,6.775,156
"1982-02-01","f_0_24","long",5.793,6.928,6.35,156
"1982-03-01","f_0_24","long",5.629,6.733,6.178,156
"1982-04-01","f_0_24","long",5.399,6.418,5.88,156
"1982-05-01","f_0_24","long",5.381,6.33,5.817,156
"1982-06-01","f_0_24","long",5.337,6.323,5.765,156
"1982-07-01","f_0_24","long",5.396,6.377,5.821,156
"1982-08-01","f_0_24","long",5.151,6.05,5.537,156
"1982-09-01","f_0_24","long",4.794,5.705,5.179,156
"1982-10-01","f_0_24","long",4.746,5.694,5.153,156
"1982-11-01","f_0_24","long",4.502,5.426,4.894,156
"1982-12-01","f_0_24","long",4.288,5.31,4.725,156
"1983-01-01","f_0_24","long",4.281,5.252,4.713,156
"1983-02-01","f_0_24","long",4.215,5.172,4.643,156
"1983-03-01","f_0_24","long",3.993,4.946,4.416,156
"1983-04-01","f_0_24","long",4.141,5.133,4.584,156
"1983-05-01","f_0_24","long",3.912,4.943,4.358,156
"1983-06-01","f_0_24","long",3.743,4.707,4.18,156
"1983-07-01","f_0_24","long",3.473,4.454,3.906,156
"1983-08-01","f_0_24","long",3.391,4.363,3.823,156
"1983-09-01","f_0_24","long",3.443,4.452,3.897,156
"1983-10-01","f_0_24","long",3.207,4.196,3.65,156
"1983-11-01","f_0_24","long",3.304,4.285,3.744,156
"1983-12-01","f_0_24","long",3.369,4.231,3.751,156
"1984-01-01","f_0_24","long",3.313,4.188,3.706,156
"1984-02-01","f_0_24","long",3.347,4.226,3.745,156
"1984-03-01","f_0_24","long",3.486,4.379,3.89,156
"1984-04-01","f_0_24","long",3.445,4.279,3.824,156
"1984-05-01","f_0_24","long",3.377,4.175,3.751,156
"1984-06-01","f_0_24","long",3.352,4.215,3.778,156
"1984-07-01","f_0_24","long",3.418,4.256,3.847,156
"1984-08-01","f_0_24","long",3.492,4.314,3.912,156
"1984-09-01","f_0_24","long",3.508,4.273,3.899,156
"1984-10-01","f_0_24","long",3.591,4.333,3.964,156
"1984-11-01","f_0_24","long",3.423,4.176,3.799,156
"1984-12-01","f_0_24","long",3.496,4.298,3.898,156
"1985-01-01","f_0_24","long",3.388,4.175,3.772,156
"1985-02-01","f_0_24","long",3.511,4.289,3.888,156
"1985-03-01","f_0_24","long",3.528,4.31,3.903,156
"1985-04-01","f_0_24","long",3.371,4.145,3.746,156
"1985-05-01","f_0_24","long",3.458,4.262,3.844,156
"1985-06-01","f_0_24","long",3.544,4.297,3.892,156
"1985-07-01","f_0_24","long",3.339,4.074,3.682,156
"1985-08-01","f_0_24","long",3.302,4.062,3.669,156
"1985-09-01","f_0_24","long",3.24,4.03,3.636,156
"1985-10-01","f_0_24","long",3.195,3.996,3.596,156
"1985-11-01","f_0_24","long",3.313,4.17,3.756,156
"1985-12-01","f_0_24","long",3.357,4.201,3.788,156
"1986-01-01","f_0_24","long",3.447,4.298,3.891,156
"1986-02-01","f_0_24","long",3.145,4.059,3.643,156
"1986-03-01","f_0_24","long",2.967,3.899,3.472,156
"1986-04-01","f_0_24","long",2.943,3.97,3.502,156
"1986-05-01","f_0_24","long",2.847,3.862,3.41,156
"1986-06-01","f_0_24","long",2.851,3.883,3.413,156
"1986-07-01","f_0_24","long",2.882,3.949,3.465,156
"1986-08-01","f_0_24","long",2.841,3.88,3.399,156
"1986-09-01","f_0_24","long",2.925,3.923,3.446,156
"1986-10-01","f_0_24","long",2.95,3.982,3.49,156
"1986-11-01","f_0_24","long",2.928,3.881,3.417,156
"1986-12-01","f_0_24","long",2.867,3.799,3.345,156
"1987-01-01","f_0_24","long",2.909,3.889,3.384,156
"1987-02-01","f_0_24","long",2.998,3.914,3.424,156
"1987-03-01","f_0_24","long",3.161,4.051,3.582,156
"1987-04-01","f_0_24","long",3.375,4.193,3.756,156
"1987-05-01","f_0_24","long",3.488,4.304,3.858,156
"1987-06-01","f_0_24","long",3.428,4.26,3.803,156
"1987-07-01","f_0_24","long",3.422,4.234,3.779,156
"1987-08-01","f_0_24","long",3.553,4.349,3.902,156
"1987-09-01","f_0_24","long",3.53,4.32,3.88,156
"1987-10-01","f_0_24","long",3.588,4.345,3.919,156
"1987-11-01","f_0_24","long",3.592,4.368,3.928,156
"1987-12-01","f_0_24","long",3.51,4.296,3.857,156
"1988-01-01","f_0_24","long",3.48,4.216,3.829,156
"1988-02-01","f_0_24","long",3.455,4.216,3.811,156
"1988-03-01","f_0_24","long",3.462,4.236,3.814,156
"1988-04-01","f_0_24","long",3.408,4.225,3.776,156
"1988-05-01","f_0_24","long",3.385,4.199,3.751,156
"1988-06-01","f_0_24","long",3.487,4.262,3.844,156
"1988-07-01","f_0_24","long",3.667,4.498,4.054,156
"1988-08-01","f_0_24","long",3.615,4.479,4.02,156
"1988-09-01","f_0_24","long",3.748,4.649,4.171,156
"1988-10-01","f_0_24","long",3.69,4.652,4.143,156
"1988-11-01","f_0_24","long",3.725,4.663,4.172,156
"1988-12-01","f_0_24","long",3.83,4.764,4.265,156
"1989-01-01","f_0_24","long",3.89,4.856,4.337,156
"1989-02-01","f_0_24","long",3.987,4.978,4.439,156
"1989-03-01","f_0_24","long",3.971,4.937,4.414,156
"1989-04-01","f_0_24","long",3.99,4.926,4.414,156
"1989-05-01","f_0_24","long",4.054,5.002,4.484,156
"1989-06-01","f_0_24","long",3.958,4.919,4.386,156
"1989-07-01","f_0_24","long",3.883,4.777,4.28,156
"1989-08-01","f_0_24","long",3.756,4.717,4.197,156
"1989-09-01","f_0_24","long",3.626,4.582,4.06,156
"1989-10-01","f_0_24","long",3.772,4.65,4.175,156
"1989-11-01","f_0_24","long",3.753,4.652,4.162,156
"1989-12-01","f_0_24","long",3.776,4.673,4.201,156
"1990-01-01","f_0_24","long",3.677,4.595,4.1,156
"1990-02-01","f_0_24","long",3.651,4.562,4.073,156
"1990-03-01","f_0_24","long",3.807,4.726,4.24,156
"1990-04-01","f_0_24","long",3.773,4.651,4.189,156
"1990-05-01","f_0_24","long",3.713,4.587,4.127,156
"1990-06-01","f_0_24","long",3.867,4.776,4.3,156
"1990-07-01","f_0_24","long",3.906,4.813,4.332,156
"1990-08-01","f_0_24","long",4.122,4.971,4.5,156
"1990-09-01","f_0_24","long",4.122,4.987,4.511,156
"1990-10-01","f_0_24","long",4.009,4.912,4.407,156
"1990-11-01","f_0_24","long",3.894,4.805,4.299,156
"1990-12-01","f_0_24","long",3.877,4.782,4.265,156
"1991-01-01","f_0_24","long",3.851,4.768,4.24,156
"1991-02-01","f_0_24","long",3.74,4.674,4.148,156
"1991-03-01","f_0_24","long",3.422,4.352,3.823,156
"1991-04-01","f_0_24","long",3.347,4.277,3.743,156
"1991-05-01","f_0_24","long",3.418,4.335,3.81,156
"1991-06-01","f_0_24","long",3.179,4.077,3.556,156
"1991-07-01","f_0_24","long",3.048,3.98,3.437,156
"1991-08-01","f_0_24","long",2.85,3.827,3.276,156
"1991-09-01","f_0_24","long",2.816,3.79,3.246,156
"1991-10-01","f_0_24","long",2.737,3.672,3.161,156
"1991-11-01","f_0_24","long",2.881,3.801,3.295,156
"1991-12-01","f_0_24","long",2.9,3.815,3.321,156
"1992-01-01","f_0_24","long",2.79,3.634,3.192,156
"1992-02-01","f_0_24","long",2.846,3.666,3.227,156
"1992-03-01","f_0_24","long",2.962,3.818,3.36,156
"1992-04-01","f_0_24","long",2.871,3.755,3.287,156
"1992-05-01","f_0_24","long",2.738,3.671,3.18,156
"1992-06-01","f_0_24","long",2.71,3.7,3.192,156
"1992-07-01","f_0_24","long",2.7,3.692,3.193,156
"1992-08-01","f_0_24","long",2.678,3.616,3.133,156
"1992-09-01","f_0_24","long",2.538,3.468,2.983,156
"1992-10-01","f_0_24","long",2.595,3.555,3.045,156
"1992-11-01","f_0_24","long",2.557,3.505,3.004,156
"1992-12-01","f_0_24","long",2.46,3.412,2.901,156
"1993-01-01","f_0_24","long",2.459,3.416,2.901,156
"1993-02-01","f_0_24","long",2.436,3.344,2.863,156
"1993-03-01","f_0_24","long",2.343,3.214,2.756,156
"1993-04-01","f_0_24","long",2.441,3.269,2.838,156
"1993-05-01","f_0_24","long",2.486,3.269,2.864,156
"1993-06-01","f_0_24","long",2.463,3.167,2.801,156
"1993-07-01","f_0_24","long",2.449,3.101,2.753,156
"1993-08-01","f_0_24","long",2.405,3.031,2.7,156
"1993-09-01","f_0_24","long",2.423,3.015,2.705,156
"1993-10-01","f_0_24","long",2.365,2.933,2.634,156
"1993-11-01","f_0_24","long",2.295,2.853,2.56,156
"1993-12-01","f_0_24","long",2.178,2.791,2.488,156
"1994-01-01","f_0_24","long",2.099,2.758,2.443,156
"1994-02-01","f_0_24","long",2.072,2.766,2.43,156
"1994-03-01","f_0_24","long",2.119,2.804,2.475,156
"1994-04-01","f_0_24","long",2.007,2.705,2.372,156
"1994-05-01","f_0_24","long",1.957,2.661,2.324,156
"1994-06-01","f_0_24","long",1.988,2.728,2.384,156
"1994-07-01","f_0_24","long",2.007,2.775,2.418,156
"1994-08-01","f_0_24","long",1.993,2.759,2.405,156
"1994-09-01","f_0_24","long",1.968,2.74,2.395,156
"1994-10-01","f_0_24","long",1.901,2.678,2.34,156
"1994-11-01","f_0_24","long",1.904,2.702,2.35,156
"1994-12-01","f_0_24","long",1.903,2.663,2.33,156
"1995-01-01","f_0_24","long",2.051,2.768,2.442,156
"1995-02-01","f_0_24","long",1.997,2.674,2.37,156
"1995-03-01","f_0_24","long",1.947,2.649,2.332,156
"1995-04-01","f_0_24","long",2,2.687,2.378,156
"1995-05-01","f_0_24","long",1.973,2.636,2.336,156
"1995-06-01","f_0_24","long",1.929,2.553,2.261,156
"1995-07-01","f_0_24","long",1.847,2.468,2.184,156
"1995-08-01","f_0_24","long",1.912,2.532,2.243,156
"1995-09-01","f_0_24","long",1.903,2.558,2.249,156
"1995-10-01","f_0_24","long",2.006,2.642,2.339,156
"1995-11-01","f_0_24","long",1.936,2.596,2.298,156
"1995-12-01","f_0_24","long",2.018,2.642,2.349,156
"1996-01-01","f_0_24","long",1.945,2.545,2.271,156
"1996-02-01","f_0_24","long",1.972,2.589,2.293,156
"1996-03-01","f_0_24","long",1.992,2.581,2.29,156
"1996-04-01","f_0_24","long",1.957,2.561,2.254,156
"1996-05-01","f_0_24","long",1.978,2.6,2.281,156
"1996-06-01","f_0_24","long",1.977,2.636,2.313,156
"1996-07-01","f_0_24","long",2.017,2.692,2.348,156
"1996-08-01","f_0_24","long",1.961,2.67,2.329,156
"1996-09-01","f_0_24","long",2.064,2.738,2.401,156
"1996-10-01","f_0_24","long",2.043,2.729,2.38,156
"1996-11-01","f_0_24","long",2.127,2.771,2.434,156
"1996-12-01","f_0_24","long",2.088,2.743,2.406,156
"1997-01-01","f_0_24","long",2.027,2.717,2.355,156
"1997-02-01","f_0_24","long",2.017,2.697,2.346,156
"1997-03-01","f_0_24","long",1.978,2.657,2.315,156
"1997-04-01","f_0_24","long",1.948,2.635,2.306,156
"1997-05-01","f_0_24","long",1.859,2.561,2.233,156
"1997-06-01","f_0_24","long",1.843,2.575,2.213,156
"1997-07-01","f_0_24","long",1.713,2.499,2.108,156
"1997-08-01","f_0_24","long",1.66,2.433,2.041,156
"1997-09-01","f_0_24","long",1.635,2.391,2.013,156
"1997-10-01","f_0_24","long",1.408,2.206,1.807,156
"1997-11-01","f_0_24","long",1.282,2.132,1.712,156
"1997-12-01","f_0_24","long",1.191,2.116,1.652,156
"1998-01-01","f_0_24","long",1.146,2.061,1.613,156
"1998-02-01","f_0_24","long",1.031,2.019,1.552,156
"1998-03-01","f_0_24","long",1.016,2.06,1.571,156
"1998-04-01","f_0_24","long",1.02,2.048,1.56,156
"1998-05-01","f_0_24","long",1.047,2.127,1.601,156
"1998-06-01","f_0_24","long",1.03,2.05,1.564,156
"1998-07-01","f_0_24","long",1.138,2.061,1.637,156
"1998-08-01","f_0_24","long",1.213,2.158,1.708,156
"1998-09-01","f_0_24","long",1.086,2.153,1.647,156
"1998-10-01","f_0_24","long",1.226,2.256,1.772,156
"1998-11-01","f_0_24","long",1.233,2.268,1.796,156
"1998-12-01","f_0_24","long",1.248,2.29,1.825,156
"1999-01-01","f_0_24","long",1.295,2.315,1.857,156
"1999-02-01","f_0_24","long",1.272,2.283,1.811,156
"1999-03-01","f_0_24","long",1.222,2.199,1.738,156
"1999-04-01","f_0_24","long",1.293,2.295,1.806,156
"1999-05-01","f_0_24","long",1.287,2.246,1.789,156
"1999-06-01","f_0_24","long",1.287,2.252,1.796,156
"1999-07-01","f_0_24","long",1.334,2.296,1.836,156
"1999-08-01","f_0_24","long",1.286,2.217,1.781,156
"1999-09-01","f_0_24","long",1.43,2.259,1.859,156
"1999-10-01","f_0_24","long",1.429,2.243,1.849,156
"1999-11-01","f_0_24","long",1.48,2.282,1.87,156
"1999-12-01","f_0_24","long",1.574,2.285,1.908,156
"2000-01-01","f_0_24","long",1.692,2.401,2.024,156
"2000-02-01","f_0_24","long",1.84,2.498,2.152,156
"2000-03-01","f_0_24","long",1.968,2.604,2.264,156
"2000-04-01","f_0_24","long",1.824,2.522,2.169,156
"2000-05-01","f_0_24","long",1.845,2.546,2.197,156
"2000-06-01","f_0_24","long",1.914,2.604,2.248,156
"2000-07-01","f_0_24","long",1.955,2.684,2.301,156
"2000-08-01","f_0_24","long",1.971,2.701,2.315,156
"2000-09-01","f_0_24","long",1.998,2.722,2.355,156
"2000-10-01","f_0_24","long",1.971,2.748,2.363,156
"2000-11-01","f_0_24","long",1.994,2.745,2.388,156
"2000-12-01","f_0_24","long",1.99,2.785,2.423,156
"2001-01-01","f_0_24","long",2.028,2.887,2.471,156
"2001-02-01","f_0_24","long",2.083,2.934,2.52,156
"2001-03-01","f_0_24","long",2.025,2.915,2.485,156
"2001-04-01","f_0_24","long",2.138,3.009,2.598,156
"2001-05-01","f_0_24","long",2.149,3.001,2.593,156
"2001-06-01","f_0_24","long",2.208,3.089,2.669,156
"2001-07-01","f_0_24","long",2.135,3.022,2.599,156
"2001-08-01","f_0_24","long",2.14,3.122,2.654,156
"2001-09-01","f_0_24","long",2.075,3.084,2.596,156
"2001-10-01","f_0_24","long",2.083,3.086,2.601,156
"2001-11-01","f_0_24","long",2.093,3.078,2.595,156
"2001-12-01","f_0_24","long",2.01,3.007,2.513,156
"2002-01-01","f_0_24","long",1.803,2.785,2.326,156
"2002-02-01","f_0_24","long",1.74,2.779,2.28,156
"2002-03-01","f_0_24","long",1.775,2.819,2.307,156
"2002-04-01","f_0_24","long",1.784,2.77,2.264,156
"2002-05-01","f_0_24","long",1.765,2.737,2.235,156
"2002-06-01","f_0_24","long",1.678,2.647,2.148,156
"2002-07-01","f_0_24","long",1.717,2.665,2.179,156
"2002-08-01","f_0_24","long",1.734,2.587,2.145,156
"2002-09-01","f_0_24","long",1.799,2.616,2.191,156
"2002-10-01","f_0_24","long",1.824,2.616,2.2,156
"2002-11-01","f_0_24","long",1.813,2.607,2.185,156
"2002-12-01","f_0_24","long",1.873,2.662,2.228,156
"2003-01-01","f_0_24","long",1.891,2.692,2.238,156
"2003-02-01","f_0_24","long",1.877,2.641,2.21,156
"2003-03-01","f_0_24","long",1.859,2.596,2.189,156
"2003-04-01","f_0_24","long",1.735,2.476,2.076,156
"2003-05-01","f_0_24","long",1.741,2.494,2.082,156
"2003-06-01","f_0_24","long",1.705,2.437,2.025,156
"2003-07-01","f_0_24","long",1.734,2.446,2.049,156
"2003-08-01","f_0_24","long",1.759,2.463,2.067,156
"2003-09-01","f_0_24","long",1.687,2.393,1.995,156
"2003-10-01","f_0_24","long",1.704,2.427,2.013,156
"2003-11-01","f_0_24","long",1.664,2.432,1.994,156
"2003-12-01","f_0_24","long",1.64,2.407,1.972,156
"2004-01-01","f_0_24","long",1.738,2.536,2.089,156
"2004-02-01","f_0_24","long",1.797,2.571,2.146,156
"2004-03-01","f_0_24","long",1.793,2.547,2.133,156
"2004-04-01","f_0_24","long",1.987,2.73,2.319,156
"2004-05-01","f_0_24","long",2.049,2.769,2.376,156
"2004-06-01","f_0_24","long",2.169,2.867,2.488,156
"2004-07-01","f_0_24","long",2.086,2.808,2.429,156
"2004-08-01","f_0_24","long",2.016,2.805,2.397,156
"2004-09-01","f_0_24","long",2.003,2.793,2.384,156
"2004-10-01","f_0_24","long",2.004,2.782,2.384,156
"2004-11-01","f_0_24","long",2.05,2.841,2.434,156
"2004-12-01","f_0_24","long",2.05,2.829,2.448,156
"2005-01-01","f_0_24","long",2.139,2.842,2.499,156
"2005-02-01","f_0_24","long",2.141,2.859,2.506,156
"2005-03-01","f_0_24","long",2.15,2.886,2.514,156
"2005-04-01","f_0_24","long",2.054,2.815,2.425,156
"2005-05-01","f_0_24","long",2.026,2.8,2.403,156
"2005-06-01","f_0_24","long",1.963,2.744,2.344,156
"2005-07-01","f_0_24","long",2.035,2.784,2.393,156
"2005-08-01","f_0_24","long",2.055,2.74,2.39,156
"2005-09-01","f_0_24","long",2.155,2.864,2.505,156
"2005-10-01","f_0_24","long",2.214,2.93,2.562,156
"2005-11-01","f_0_24","long",2.27,2.925,2.589,156
"2005-12-01","f_0_24","long",2.228,2.897,2.547,156
"2006-01-01","f_0_24","long",2.18,2.833,2.492,156
"2006-02-01","f_0_24","long",2.101,2.789,2.437,156
"2006-03-01","f_0_24","long",2.143,2.827,2.487,156
"2006-04-01","f_0_24","long",2.227,2.893,2.564,156
"2006-05-01","f_0_24","long",2.34,3.027,2.685,156
"2006-06-01","f_0_24","long",2.493,3.176,2.844,156
"2006-07-01","f_0_24","long",2.453,3.199,2.84,156
"2006-08-01","f_0_24","long",2.547,3.288,2.923,156
"2006-09-01","f_0_24","long",2.486,3.239,2.868,156
"2006-10-01","f_0_24","long",2.43,3.207,2.818,156
"2006-11-01","f_0_24","long",2.274,3.086,2.678,156
"2006-12-01","f_0_24","long",2.413,3.207,2.804,156
"2007-01-01","f_0_24","long",2.451,3.275,2.847,156
"2007-02-01","f_0_24","long",2.58,3.356,2.954,156
"2007-03-01","f_0_24","long",2.511,3.293,2.884,156
"2007-04-01","f_0_24","long",2.428,3.192,2.793,156
"2007-05-01","f_0_24","long",2.279,3.011,2.631,156
"2007-06-01","f_0_24","long",2.189,2.917,2.532,156
"2007-07-01","f_0_24","long",2.187,2.855,2.489,156
"2007-08-01","f_0_24","long",2.104,2.788,2.427,156
"2007-09-01","f_0_24","long",2.198,2.877,2.51,156
"2007-10-01","f_0_24","long",2.29,2.963,2.593,156
"2007-11-01","f_0_24","long",2.508,3.142,2.796,156
"2007-12-01","f_0_24","long",2.505,3.133,2.776,156
"2008-01-01","f_0_24","long",2.428,3.033,2.696,156
"2008-02-01","f_0_24","long",2.344,2.965,2.605,156
"2008-03-01","f_0_24","long",2.39,3.009,2.649,156
"2008-04-01","f_0_24","long",2.381,3.036,2.669,156
"2008-05-01","f_0_24","long",2.387,3.093,2.705,156
"2008-06-01","f_0_24","long",2.422,3.181,2.762,156
"2008-07-01","f_0_24","long",2.489,3.34,2.87,156
"2008-08-01","f_0_24","long",2.463,3.32,2.84,156
"2008-09-01","f_0_24","long",2.354,3.192,2.728,156
"2008-10-01","f_0_24","long",2.06,3.017,2.562,156
"2008-11-01","f_0_24","long",1.789,2.92,2.423,156
"2008-12-01","f_0_24","long",1.561,2.746,2.254,156
"2009-01-01","f_0_24","long",1.532,2.754,2.262,156
"2009-02-01","f_0_24","long",1.503,2.703,2.236,156
"2009-03-01","f_0_24","long",1.328,2.617,2.14,156
"2009-04-01","f_0_24","long",1.287,2.538,2.072,156
"2009-05-01","f_0_24","long",1.253,2.464,2.015,156
"2009-06-01","f_0_24","long",1.14,2.325,1.888,156
"2009-07-01","f_0_24","long",0.881,1.985,1.601,156
"2009-08-01","f_0_24","long",0.864,2.043,1.615,156
"2009-09-01","f_0_24","long",0.743,1.977,1.508,156
"2009-10-01","f_0_24","long",0.93,2.142,1.61,156
"2009-11-01","f_0_24","long",0.99,2.065,1.545,156
"2009-12-01","f_0_24","long",1.051,2.065,1.553,156
"2010-01-01","f_0_24","long",0.932,1.922,1.4,156
"2010-02-01","f_0_24","long",0.814,1.826,1.293,156
"2010-03-01","f_0_24","long",0.84,1.758,1.24,156
"2010-04-01","f_0_24","long",0.787,1.719,1.188,156
"2010-05-01","f_0_24","long",0.723,1.652,1.115,156
"2010-06-01","f_0_24","long",0.618,1.544,1.026,156
"2010-07-01","f_0_24","long",0.684,1.606,1.085,156
"2010-08-01","f_0_24","long",0.712,1.546,1.065,156
"2010-09-01","f_0_24","long",0.767,1.526,1.1,156
"2010-10-01","f_0_24","long",0.664,1.308,0.945,156
"2010-11-01","f_0_24","long",0.695,1.327,0.98,156
"2010-12-01","f_0_24","long",0.748,1.361,1.019,156
"2011-01-01","f_0_24","long",0.844,1.515,1.132,156
"2011-02-01","f_0_24","long",0.984,1.696,1.303,156
"2011-03-01","f_0_24","long",1.119,1.849,1.443,156
"2011-04-01","f_0_24","long",1.253,2.029,1.588,156
"2011-05-01","f_0_24","long",1.385,2.253,1.756,156
"2011-06-01","f_0_24","long",1.458,2.314,1.817,156
"2011-07-01","f_0_24","long",1.546,2.393,1.899,156
"2011-08-01","f_0_24","long",1.631,2.49,1.983,156
"2011-09-01","f_0_24","long",1.678,2.552,2.033,156
"2011-10-01","f_0_24","long",1.677,2.595,2.095,156
"2011-11-01","f_0_24","long",1.725,2.653,2.138,156
"2011-12-01","f_0_24","long",1.797,2.72,2.214,156
"2012-01-01","f_0_24","long",1.858,2.745,2.256,156
"2012-02-01","f_0_24","long",1.829,2.686,2.182,156
"2012-03-01","f_0_24","long",1.806,2.634,2.15,156
"2012-04-01","f_0_24","long",1.76,2.52,2.086,156
"2012-05-01","f_0_24","long",1.69,2.363,1.996,156
"2012-06-01","f_0_24","long",1.663,2.332,1.968,156
"2012-07-01","f_0_24","long",1.625,2.31,1.944,156
"2012-08-01","f_0_24","long",1.556,2.226,1.884,156
"2012-09-01","f_0_24","long",1.557,2.202,1.873,156
"2012-10-01","f_0_24","long",1.617,2.269,1.887,156
"2012-11-01","f_0_24","long",1.541,2.163,1.807,156
"2012-12-01","f_0_24","long",1.461,2.098,1.734,156
"2013-01-01","f_0_24","long",1.425,2.019,1.696,156
"2013-02-01","f_0_24","long",1.44,2.003,1.71,156
"2013-03-01","f_0_24","long",1.344,1.965,1.64,156
"2013-04-01","f_0_24","long",1.162,1.898,1.498,156
"2013-05-01","f_0_24","long",1.123,1.916,1.474,156
"2013-06-01","f_0_24","long",1.232,2.011,1.575,156
"2013-07-01","f_0_24","long",1.261,2.023,1.595,156
"2013-08-01","f_0_24","long",1.245,2.008,1.572,156
"2013-09-01","f_0_24","long",1.19,2.005,1.555,156
"2013-10-01","f_0_24","long",1.221,1.963,1.575,156
"2013-11-01","f_0_24","long",1.309,2.042,1.658,156
"2013-12-01","f_0_24","long",1.334,2.065,1.686,156
"2014-01-01","f_0_24","long",1.296,2.037,1.648,156
"2014-02-01","f_0_24","long",1.219,1.982,1.592,156
"2014-03-01","f_0_24","long",1.261,1.985,1.617,156
"2014-04-01","f_0_24","long",1.448,2.074,1.767,156
"2014-05-01","f_0_24","long",1.529,2.089,1.822,156
"2014-06-01","f_0_24","long",1.5,2.061,1.793,156
"2014-07-01","f_0_24","long",1.51,2.083,1.801,156
"2014-08-01","f_0_24","long",1.437,2.048,1.753,156
"2014-09-01","f_0_24","long",1.475,2.062,1.77,156
"2014-10-01","f_0_24","long",1.332,2.061,1.697,156
"2014-11-01","f_0_24","long",1.269,2.056,1.659,156
"2014-12-01","f_0_24","long",1.269,2.053,1.657,156
"2015-01-01","f_0_24","long",1.073,1.972,1.52,156
"2015-02-01","f_0_24","long",1.14,2.031,1.586,156
"2015-03-01","f_0_24","long",1.149,2.02,1.588,156
"2015-04-01","f_0_24","long",1.159,2.068,1.62,156
"2015-05-01","f_0_24","long",1.115,2.029,1.577,156
"2015-06-01","f_0_24","long",1.107,2.044,1.585,156
"2015-07-01","f_0_24","long",1.105,2.028,1.583,156
"2015-08-01","f_0_24","long",1.123,2.024,1.596,156
"2015-09-01","f_0_24","long",1.127,2.018,1.601,156
"2015-10-01","f_0_24","long",1.134,1.926,1.567,156
"2015-11-01","f_0_24","long",1.121,1.876,1.537,156
"2015-12-01","f_0_24","long",1.054,1.84,1.489,156
"2016-01-01","f_0_24","long",1.225,1.933,1.62,156
"2016-02-01","f_0_24","long",1.228,1.932,1.613,156
"2016-03-01","f_0_24","long",1.26,1.99,1.653,156
"2016-04-01","f_0_24","long",1.3,2.018,1.681,156
"2016-05-01","f_0_24","long",1.378,2.102,1.764,156
"2016-06-01","f_0_24","long",1.346,2.057,1.725,156
"2016-07-01","f_0_24","long",1.319,2.088,1.72,156
"2016-08-01","f_0_24","long",1.362,2.152,1.763,156
"2016-09-01","f_0_24","long",1.406,2.197,1.803,156
"2016-10-01","f_0_24","long",1.535,2.278,1.908,156
"2016-11-01","f_0_24","long",1.504,2.255,1.887,156
"2016-12-01","f_0_24","long",1.585,2.291,1.94,156
"2017-01-01","f_0_24","long",1.664,2.319,2.001,156
"2017-02-01","f_0_24","long",1.647,2.285,1.967,156
"2017-03-01","f_0_24","long",1.593,2.231,1.913,156
"2017-04-01","f_0_24","long",1.497,2.111,1.825,156
"2017-05-01","f_0_24","long",1.417,2.021,1.733,156
"2017-06-01","f_0_24","long",1.433,2.061,1.76,156
"2017-07-01","f_0_24","long",1.414,1.995,1.725,156
"2017-08-01","f_0_24","long",1.426,1.975,1.726,156
"2017-09-01","f_0_24","long",1.38,1.928,1.679,156
"2017-10-01","f_0_24","long",1.383,1.978,1.694,156
"2017-11-01","f_0_24","long",1.4,2.013,1.722,156
"2017-12-01","f_0_24","long",1.438,2.058,1.759,156
"2018-01-01","f_0_24","long",1.502,2.153,1.821,156
"2018-02-01","f_0_24","long",1.53,2.195,1.86,156
"2018-03-01","f_0_24","long",1.543,2.194,1.871,156
"2018-04-01","f_0_24","long",1.548,2.204,1.871,156
"2018-05-01","f_0_24","long",1.58,2.243,1.918,156
"2018-06-01","f_0_24","long",1.626,2.249,1.94,156
"2018-07-01","f_0_24","long",1.649,2.281,1.969,156
"2018-08-01","f_0_24","long",1.643,2.274,1.967,156
"2018-09-01","f_0_24","long",1.675,2.301,1.998,156
"2018-10-01","f_0_24","long",1.672,2.26,1.988,156
"2018-11-01","f_0_24","long",1.741,2.321,2.056,156
"2018-12-01","f_0_24","long",1.732,2.317,2.053,156
"2019-01-01","f_0_24","long",1.578,2.182,1.927,156
"2019-02-01","f_0_24","long",1.601,2.222,1.961,156
"2019-03-01","f_0_24","long",1.645,2.264,1.999,156
"2019-04-01","f_0_24","long",1.716,2.411,2.102,156
"2019-05-01","f_0_24","long",1.653,2.354,2.029,156
"2019-06-01","f_0_24","long",1.581,2.312,1.979,156
"2019-07-01","f_0_24","long",1.639,2.358,2.022,156
"2019-08-01","f_0_24","long",1.639,2.385,2.037,156
"2019-09-01","f_0_24","long",1.535,2.333,1.956,156
"2019-10-01","f_0_24","long",1.584,2.417,2.005,156
"2019-11-01","f_0_24","long",1.563,2.359,1.959,156
"2019-12-01","f_0_24","long",1.555,2.37,1.949,156
"2020-01-01","f_0_24","long",1.653,2.443,2.03,156
"2020-02-01","f_0_24","long",1.645,2.428,2.018,156
"2020-03-01","f_0_24","long",1.577,2.387,1.968,156
"2020-04-01","f_0_24","long",1.444,2.246,1.863,156
"2020-05-01","f_0_24","long",1.527,2.328,1.948,156
"2020-06-01","f_0_24","long",1.558,2.401,1.99,156
"2020-07-01","f_0_24","long",1.599,2.485,2.037,156
"2020-08-01","f_0_24","long",1.651,2.549,2.079,156
"2020-09-01","f_0_24","long",1.674,2.55,2.084,156
"2020-10-01","f_0_24","long",1.599,2.455,2.007,156
"2020-11-01","f_0_24","long",1.527,2.436,1.954,156
"2020-12-01","f_0_24","long",1.518,2.46,1.953,156
"2021-01-01","f_0_24","long",1.464,2.467,1.907,156
"2021-02-01","f_0_24","long",1.529,2.562,1.975,156
"2021-03-01","f_0_24","long",1.621,2.688,2.06,156
"2021-04-01","f_0_24","long",1.798,2.865,2.184,156
"2021-05-01","f_0_24","long",1.848,3.011,2.257,156
"2021-06-01","f_0_24","long",1.914,3.115,2.325,156
"2021-07-01","f_0_24","long",1.975,3.21,2.403,156
"2021-08-01","f_0_24","long",2.035,3.316,2.476,156
"2021-09-01","f_0_24","long",2.283,3.56,2.719,156
"2021-10-01","f_0_24","long",2.555,3.95,3.026,156
"2021-11-01","f_0_24","long",2.812,4.272,3.293,156
"2021-12-01","f_0_24","long",3.064,4.538,3.549,156
"2022-01-01","f_0_24","long",3.45,4.925,3.958,156
"2022-02-01","f_0_24","long",3.612,5.16,4.132,156
"2022-03-01","f_0_24","long",3.69,5.312,4.237,156
"2022-04-01","f_0_24","long",3.713,5.337,4.269,156
"2022-05-01","f_0_24","long",3.925,5.502,4.467,156
"2022-06-01","f_0_24","long",4.355,5.919,4.902,156
"2022-07-01","f_0_24","long",4.419,5.937,4.966,156
"2022-08-01","f_0_24","long",4.648,6.085,5.172,156
"2022-09-01","f_0_24","long",4.615,6.091,5.175,156
"2022-10-01","f_0_24","long",4.636,6.009,5.168,156
"2022-11-01","f_0_24","long",4.575,5.891,5.107,156
"2022-12-01","f_0_24","long",4.507,5.791,5.042,156
"2023-01-01","f_0_24","long",4.355,5.591,4.866,156
"2023-02-01","f_0_24","long",4.276,5.457,4.809,156
"2023-03-01","f_0_24","long",4.328,5.389,4.835,156
"2023-04-01","f_0_24","long",4.382,5.403,4.902,156
"2023-05-01","f_0_24","long",4.224,5.227,4.765,156
"2023-06-01","f_0_24","long",3.813,4.737,4.32,156
"2023-07-01","f_0_24","long",3.679,4.592,4.184,156
"2023-08-01","f_0_24","long",3.397,4.326,3.91,156
"2023-09-01","f_0_24","long",3.333,4.219,3.817,156
"2023-10-01","f_0_24","long",3.163,4.03,3.638,156
"2023-11-01","f_0_24","long",3.071,3.941,3.551,156
"2023-12-01","f_0_24","long",2.901,3.753,3.379,156
"2024-01-01","f_0_24","long",2.95,3.79,3.422,156
"2024-02-01","f_0_24","long",2.831,3.665,3.281,156
"2024-03-01","f_0_24","long",2.773,3.619,3.221,156
"2024-04-01","f_0_24","long",2.653,3.507,3.085,156
"2024-05-01","f_0_24","long",2.509,3.443,2.971,156
"2024-06-01","f_0_24","long",2.446,3.415,2.936,156
"2024-07-01","f_0_24","long",2.4,3.341,2.871,156
"2024-08-01","f_0_24","long",2.391,3.321,2.853,156
"2024-09-01","f_0_24","long",2.39,3.326,2.863,156
"2024-10-01","f_0_24","long",2.397,3.33,2.868,156
"2024-11-01","f_0_24","long",2.406,3.336,2.861,156
"2024-12-01","f_0_24","long",2.475,3.446,2.941,156
"2025-01-01","f_0_24","long",2.256,3.255,2.721,156
"2025-02-01","f_0_24","long",2.303,3.26,2.744,156
"2025-03-01","f_0_24","long",2.264,3.238,2.726,156
"2025-04-01","f_0_24","long",2.346,3.268,2.79,156
"2025-05-01","f_0_24","long",2.41,3.214,2.795,156
"2025-06-01","f_0_24","long",2.549,3.316,2.909,156
"2025-07-01","f_0_24","long",2.537,3.312,2.901,156
"2025-08-01","f_0_24","long",2.582,3.388,2.954,156
"2025-09-01","f_0_24","long",2.507,3.333,2.874,156
"2025-10-01","f_0_24","long",2.386,3.229,2.75,156
"2025-11-01","f_0_24","long",2.352,3.151,2.698,156
"2025-12-01","f_0_24","long",2.346,3.123,2.675,156
"2026-01-01","f_0_24","long",2.328,3.143,2.661,156
"2026-02-01","f_0_24","long",2.254,3.123,2.601,156
"2026-03-01","f_0_24","long",2.276,3.111,2.594,156
"2026-04-01","f_0_24","long",2.225,3.119,2.561,156
"2026-05-01","f_0_24","long",2.258,3.167,2.596,156
"2026-06-01","f_0_24","long",2.117,3.057,2.463,156
"2026-07-01","f_0_24","long",2.079,3.058,2.445,156
"2026-08-01","f_0_24","long",2.035,2.996,2.393,156
"1960-01-01","f_0_24","80s",0.415,2.269,1.294,441
"1960-02-01","f_0_24","80s",0.412,2.266,1.297,441
"1960-03-01","f_0_24","80s",0.412,2.245,1.277,441
"1960-04-01","f_0_24","80s",0.321,2.223,1.227,441
"1960-05-01","f_0_24","80s",0.316,2.177,1.193,441
"1960-06-01","f_0_24","80s",0.166,1.992,1.007,441
"1960-07-01","f_0_24","80s",0.273,2.014,1.055,441
"1960-08-01","f_0_24","80s",0.275,1.983,1.031,441
"1960-09-01","f_0_24","80s",0.173,1.874,0.916,441
"1960-10-01","f_0_24","80s",0.172,1.791,0.839,441
"1960-11-01","f_0_24","80s",0.184,1.875,0.917,441
"1960-12-01","f_0_24","80s",0.184,1.849,0.888,441
"1961-01-01","f_0_24","80s",0.216,1.849,0.883,441
"1961-02-01","f_0_24","80s",0.216,1.791,0.855,441
"1961-03-01","f_0_24","80s",0.162,1.698,0.819,441
"1961-04-01","f_0_24","80s",0.064,1.54,0.674,441
"1961-05-01","f_0_24","80s",0.064,1.507,0.65,441
"1961-06-01","f_0_24","80s",0.064,1.525,0.662,441
"1961-07-01","f_0_24","80s",-0.038,1.475,0.589,441
"1961-08-01","f_0_24","80s",-0.04,1.378,0.549,441
"1961-09-01","f_0_24","80s",-0.039,1.412,0.563,441
"1961-10-01","f_0_24","80s",-0.05,1.336,0.528,441
"1961-11-01","f_0_24","80s",-0.062,1.232,0.443,441
"1961-12-01","f_0_24","80s",-0.065,1.144,0.392,441
"1962-01-01","f_0_24","80s",0.098,1.35,0.593,441
"1962-02-01","f_0_24","80s",0.11,1.457,0.666,441
"1962-03-01","f_0_24","80s",0.217,1.64,0.816,441
"1962-04-01","f_0_24","80s",0.193,1.593,0.773,441
"1962-05-01","f_0_24","80s",0.193,1.611,0.795,441
"1962-06-01","f_0_24","80s",0.193,1.637,0.814,441
"1962-07-01","f_0_24","80s",0.188,1.554,0.746,441
"1962-08-01","f_0_24","80s",0.191,1.616,0.793,441
"1962-09-01","f_0_24","80s",0.19,1.858,0.844,441
"1962-10-01","f_0_24","80s",0.108,1.818,0.82,441
"1962-11-01","f_0_24","80s",0.107,1.821,0.817,441
"1962-12-01","f_0_24","80s",0.049,1.771,0.794,441
"1963-01-01","f_0_24","80s",-0.068,1.727,0.732,441
"1963-02-01","f_0_24","80s",-0.077,1.636,0.676,441
"1963-03-01","f_0_24","80s",-0.171,1.479,0.535,441
"1963-04-01","f_0_24","80s",-0.153,1.491,0.547,441
"1963-05-01","f_0_24","80s",-0.067,1.628,0.676,441
"1963-06-01","f_0_24","80s",-0.067,1.657,0.681,441
"1963-07-01","f_0_24","80s",-0.067,1.714,0.708,441
"1963-08-01","f_0_24","80s",-0.071,1.734,0.691,441
"1963-09-01","f_0_24","80s",-0.071,1.429,0.603,441
"1963-10-01","f_0_24","80s",0.146,1.64,0.796,441
"1963-11-01","f_0_24","80s",0.146,1.668,0.807,441
"1963-12-01","f_0_24","80s",0.207,1.791,0.866,441
"1964-01-01","f_0_24","80s",0.185,1.746,0.819,441
"1964-02-01","f_0_24","80s",0.186,1.777,0.85,441
"1964-03-01","f_0_24","80s",0.194,1.768,0.847,441
"1964-04-01","f_0_24","80s",0.196,1.785,0.856,441
"1964-05-01","f_0_24","80s",0.11,1.61,0.699,441
"1964-06-01","f_0_24","80s",0.11,1.521,0.652,441
"1964-07-01","f_0_24","80s",0.11,1.466,0.619,441
"1964-08-01","f_0_24","80s",0.11,1.419,0.62,441
"1964-09-01","f_0_24","80s",0.11,1.412,0.611,441
"1964-10-01","f_0_24","80s",-0.015,1.285,0.465,441
"1964-11-01","f_0_24","80s",-0.013,1.299,0.488,441
"1964-12-01","f_0_24","80s",-0.014,1.277,0.488,441
"1965-01-01","f_0_24","80s",0.013,1.287,0.51,441
"1965-02-01","f_0_24","80s",0.006,1.212,0.452,441
"1965-03-01","f_0_24","80s",0.038,1.3,0.491,441
"1965-04-01","f_0_24","80s",0.052,1.382,0.58,441
"1965-05-01","f_0_24","80s",0.059,1.457,0.646,441
"1965-06-01","f_0_24","80s",0.066,1.575,0.734,441
"1965-07-01","f_0_24","80s",0.066,1.624,0.775,441
"1965-08-01","f_0_24","80s",0.073,1.673,0.814,441
"1965-09-01","f_0_24","80s",0.074,1.749,0.889,441
"1965-10-01","f_0_24","80s",0.075,1.802,0.941,441
"1965-11-01","f_0_24","80s",0.188,1.859,1.034,441
"1965-12-01","f_0_24","80s",0.337,2.04,1.2,441
"1966-01-01","f_0_24","80s",0.407,2.099,1.259,441
"1966-02-01","f_0_24","80s",0.587,2.339,1.462,441
"1966-03-01","f_0_24","80s",0.59,2.433,1.531,441
"1966-04-01","f_0_24","80s",0.841,2.64,1.73,441
"1966-05-01","f_0_24","80s",0.838,2.692,1.755,441
"1966-06-01","f_0_24","80s",0.94,2.766,1.826,441
"1966-07-01","f_0_24","80s",1.093,2.887,1.969,441
"1966-08-01","f_0_24","80s",1.148,2.932,2.029,441
"1966-09-01","f_0_24","80s",1.416,3.135,2.254,441
"1966-10-01","f_0_24","80s",1.688,3.339,2.49,441
"1966-11-01","f_0_24","80s",1.676,3.355,2.486,441
"1966-12-01","f_0_24","80s",1.639,3.297,2.449,441
"1967-01-01","f_0_24","80s",1.654,3.329,2.452,441
"1967-02-01","f_0_24","80s",1.653,3.312,2.464,441
"1967-03-01","f_0_24","80s",1.651,3.217,2.41,441
"1967-04-01","f_0_24","80s",1.498,3.051,2.261,441
"1967-05-01","f_0_24","80s",1.606,3.06,2.304,441
"1967-06-01","f_0_24","80s",1.721,3.114,2.391,441
"1967-07-01","f_0_24","80s",1.784,3.15,2.444,441
"1967-08-01","f_0_24","80s",1.893,3.23,2.515,441
"1967-09-01","f_0_24","80s",1.938,3.234,2.535,441
"1967-10-01","f_0_24","80s",1.929,3.216,2.52,441
"1967-11-01","f_0_24","80s",2.045,3.324,2.629,441
"1967-12-01","f_0_24","80s",2.136,3.386,2.704,441
"1968-01-01","f_0_24","80s",2.332,3.497,2.876,441
"1968-02-01","f_0_24","80s",2.442,3.588,2.982,441
"1968-03-01","f_0_24","80s",2.635,3.786,3.174,441
"1968-04-01","f_0_24","80s",2.787,3.923,3.322,441
"1968-05-01","f_0_24","80s",3.013,4.11,3.54,441
"1968-06-01","f_0_24","80s",3.075,4.175,3.614,441
"1968-07-01","f_0_24","80s",3.074,4.167,3.609,441
"1968-08-01","f_0_24","80s",3.257,4.307,3.781,441
"1968-09-01","f_0_24","80s",3.286,4.326,3.808,441
"1968-10-01","f_0_24","80s",3.384,4.409,3.888,441
"1968-11-01","f_0_24","80s",3.486,4.491,3.983,441
"1968-12-01","f_0_24","80s",3.505,4.566,4.055,441
"1969-01-01","f_0_24","80s",3.501,4.56,4.056,441
"1969-02-01","f_0_24","80s",3.413,4.445,3.953,441
"1969-03-01","f_0_24","80s",3.58,4.58,4.098,441
"1969-04-01","f_0_24","80s",3.669,4.659,4.179,441
"1969-05-01","f_0_24","80s",3.649,4.677,4.169,441
"1969-06-01","f_0_24","80s",3.695,4.688,4.197,441
"1969-07-01","f_0_24","80s",3.912,4.901,4.409,441
"1969-08-01","f_0_24","80s",3.801,4.819,4.308,441
"1969-09-01","f_0_24","80s",3.818,4.878,4.333,441
"1969-10-01","f_0_24","80s",3.8,4.867,4.322,441
"1969-11-01","f_0_24","80s",3.845,4.877,4.344,441
"1969-12-01","f_0_24","80s",3.982,4.935,4.409,441
"1970-01-01","f_0_24","80s",3.979,4.928,4.397,441
"1970-02-01","f_0_24","80s",4.121,5.069,4.528,441
"1970-03-01","f_0_24","80s",4.058,5.031,4.512,441
"1970-04-01","f_0_24","80s",4.064,5.086,4.524,441
"1970-05-01","f_0_24","80s",4.013,5.026,4.474,441
"1970-06-01","f_0_24","80s",3.937,4.995,4.43,441
"1970-07-01","f_0_24","80s",3.847,4.89,4.334,441
"1970-08-01","f_0_24","80s",3.897,4.914,4.37,441
"1970-09-01","f_0_24","80s",3.889,4.914,4.375,441
"1970-10-01","f_0_24","80s",3.909,5.058,4.444,441
"1970-11-01","f_0_24","80s",3.889,5.069,4.43,441
"1970-12-01","f_0_24","80s",3.97,5.179,4.541,441
"1971-01-01","f_0_24","80s",3.94,5.145,4.515,441
"1971-02-01","f_0_24","80s",3.811,5.027,4.398,441
"1971-03-01","f_0_24","80s",3.714,4.911,4.277,441
"1971-04-01","f_0_24","80s",3.651,4.81,4.203,441
"1971-05-01","f_0_24","80s",3.733,4.888,4.285,441
"1971-06-01","f_0_24","80s",3.818,4.973,4.351,441
"1971-07-01","f_0_24","80s",3.736,4.909,4.276,441
"1971-08-01","f_0_24","80s",3.711,4.899,4.275,441
"1971-09-01","f_0_24","80s",3.564,4.754,4.144,441
"1971-10-01","f_0_24","80s",3.225,4.364,3.81,441
"1971-11-01","f_0_24","80s",3.032,4.16,3.629,441
"1971-12-01","f_0_24","80s",2.838,3.939,3.409,441
"1972-01-01","f_0_24","80s",2.809,3.932,3.375,441
"1972-02-01","f_0_24","80s",2.824,3.942,3.386,441
"1972-03-01","f_0_24","80s",2.813,3.915,3.378,441
"1972-04-01","f_0_24","80s",2.606,3.728,3.187,441
"1972-05-01","f_0_24","80s",2.413,3.513,2.978,441
"1972-06-01","f_0_24","80s",2.211,3.296,2.764,441
"1972-07-01","f_0_24","80s",2.198,3.315,2.755,441
"1972-08-01","f_0_24","80s",2.158,3.271,2.698,441
"1972-09-01","f_0_24","80s",2.244,3.349,2.745,441
"1972-10-01","f_0_24","80s",2.372,3.424,2.835,441
"1972-11-01","f_0_24","80s",2.485,3.526,2.941,441
"1972-12-01","f_0_24","80s",2.507,3.548,2.962,441
"1973-01-01","f_0_24","80s",2.445,3.52,2.927,441
"1973-02-01","f_0_24","80s",2.541,3.651,3.027,441
"1973-03-01","f_0_24","80s",2.673,3.888,3.185,441
"1973-04-01","f_0_24","80s",3.097,4.356,3.611,441
"1973-05-01","f_0_24","80s",3.277,4.662,3.843,441
"1973-06-01","f_0_24","80s",3.453,4.914,4.054,441
"1973-07-01","f_0_24","80s",3.406,4.85,4.011,441
"1973-08-01","f_0_24","80s",3.566,5.165,4.21,441
"1973-09-01","f_0_24","80s",3.584,5.302,4.254,441
"1973-10-01","f_0_24","80s",3.745,5.785,4.503,441
"1973-11-01","f_0_24","80s",3.859,6.218,4.685,441
"1973-12-01","f_0_24","80s",4.074,6.553,4.943,441
"1974-01-01","f_0_24","80s",4.348,7,5.25,441
"1974-02-01","f_0_24","80s",4.614,7.637,5.601,441
"1974-03-01","f_0_24","80s",4.96,8.216,5.971,441
"1974-04-01","f_0_24","80s",5.029,8.353,6.073,441
"1974-05-01","f_0_24","80s",5.511,8.874,6.59,441
"1974-06-01","f_0_24","80s",5.86,9.374,7.024,441
"1974-07-01","f_0_24","80s",6.28,9.982,7.516,441
"1974-08-01","f_0_24","80s",6.786,10.512,8.048,441
"1974-09-01","f_0_24","80s",7.222,11.01,8.544,441
"1974-10-01","f_0_24","80s",7.601,11.154,8.884,441
"1974-11-01","f_0_24","80s",7.825,11.117,9.053,441
"1974-12-01","f_0_24","80s",7.95,11.213,9.175,441
"1975-01-01","f_0_24","80s",8.104,11.199,9.308,441
"1975-02-01","f_0_24","80s",8.04,10.735,9.167,441
"1975-03-01","f_0_24","80s",7.664,10.03,8.72,441
"1975-04-01","f_0_24","80s",7.471,9.792,8.512,441
"1975-05-01","f_0_24","80s",6.934,9.178,7.929,441
"1975-06-01","f_0_24","80s",6.649,8.777,7.561,441
"1975-07-01","f_0_24","80s",6.528,8.609,7.397,441
"1975-08-01","f_0_24","80s",5.985,7.937,6.827,441
"1975-09-01","f_0_24","80s",5.766,7.551,6.552,441
"1975-10-01","f_0_24","80s",5.7,7.438,6.45,441
"1975-11-01","f_0_24","80s",5.577,7.313,6.329,441
"1975-12-01","f_0_24","80s",5.431,7.104,6.17,441
"1976-01-01","f_0_24","80s",5.193,6.85,5.915,441
"1976-02-01","f_0_24","80s",4.932,6.773,5.76,441
"1976-03-01","f_0_24","80s",4.846,6.752,5.743,441
"1976-04-01","f_0_24","80s",4.692,6.535,5.587,441
"1976-05-01","f_0_24","80s",4.868,6.668,5.75,441
"1976-06-01","f_0_24","80s",4.899,6.613,5.758,441
"1976-07-01","f_0_24","80s",4.808,6.411,5.648,441
"1976-08-01","f_0_24","80s",4.933,6.548,5.763,441
"1976-09-01","f_0_24","80s",4.878,6.472,5.702,441
"1976-10-01","f_0_24","80s",4.711,6.325,5.559,441
"1976-11-01","f_0_24","80s",4.664,6.254,5.53,441
"1976-12-01","f_0_24","80s",4.617,6.218,5.471,441
"1977-01-01","f_0_24","80s",4.781,6.412,5.649,441
"1977-02-01","f_0_24","80s",5.128,6.627,5.91,441
"1977-03-01","f_0_24","80s",5.434,6.913,6.187,441
"1977-04-01","f_0_24","80s",5.585,7.09,6.33,441
"1977-05-01","f_0_24","80s",5.593,7.075,6.322,441
"1977-06-01","f_0_24","80s",5.673,7.187,6.413,441
"1977-07-01","f_0_24","80s",5.706,7.204,6.447,441
"1977-08-01","f_0_24","80s",5.699,7.193,6.432,441
"1977-09-01","f_0_24","80s",5.632,7.151,6.37,441
"1977-10-01","f_0_24","80s",5.566,7.044,6.273,441
"1977-11-01","f_0_24","80s",5.7,7.213,6.39,441
"1977-12-01","f_0_24","80s",5.756,7.277,6.438,441
"1978-01-01","f_0_24","80s",5.593,7.103,6.275,441
"1978-02-01","f_0_24","80s",5.432,6.926,6.087,441
"1978-03-01","f_0_24","80s",5.399,6.896,6.029,441
"1978-04-01","f_0_24","80s",5.551,7.062,6.173,441
"1978-05-01","f_0_24","80s",5.729,7.241,6.358,441
"1978-06-01","f_0_24","80s",5.707,7.224,6.349,441
"1978-07-01","f_0_24","80s",5.778,7.326,6.429,441
"1978-08-01","f_0_24","80s",5.813,7.39,6.488,441
"1978-09-01","f_0_24","80s",5.99,7.588,6.677,441
"1978-10-01","f_0_24","80s",6.302,7.909,6.991,441
"1978-11-01","f_0_24","80s",6.381,7.959,7.07,441
"1978-12-01","f_0_24","80s",6.397,7.977,7.109,441
"1979-01-01","f_0_24","80s",6.691,8.292,7.405,441
"1979-02-01","f_0_24","80s",6.873,8.482,7.616,441
"1979-03-01","f_0_24","80s",6.935,8.552,7.673,441
"1979-04-01","f_0_24","80s",6.886,8.594,7.659,441
"1979-05-01","f_0_24","80s",7.016,8.784,7.802,441
"1979-06-01","f_0_24","80s",7.127,8.897,7.886,441
"1979-07-01","f_0_24","80s",7.263,9.012,7.993,441
"1979-08-01","f_0_24","80s",7.489,9.189,8.198,441
"1979-09-01","f_0_24","80s",7.548,9.368,8.302,441
"1979-10-01","f_0_24","80s",7.656,9.545,8.452,441
"1979-11-01","f_0_24","80s",7.628,9.561,8.435,441
"1979-12-01","f_0_24","80s",7.777,9.832,8.606,441
"1980-01-01","f_0_24","80s",7.918,10.1,8.766,441
"1980-02-01","f_0_24","80s",8.039,10.528,8.992,441
"1980-03-01","f_0_24","80s",8.27,10.92,9.228,441
"1980-04-01","f_0_24","80s",8.278,10.842,9.226,441
"1980-05-01","f_0_24","80s",8.2,10.779,9.165,441
"1980-06-01","f_0_24","80s",8.352,10.919,9.33,441
"1980-07-01","f_0_24","80s",8.244,10.852,9.241,441
"1980-08-01","f_0_24","80s",8.234,10.845,9.206,441
"1980-09-01","f_0_24","80s",8.385,10.842,9.298,441
"1980-10-01","f_0_24","80s",8.308,10.686,9.175,441
"1980-11-01","f_0_24","80s",8.389,10.723,9.253,441
"1980-12-01","f_0_24","80s",8.398,10.612,9.242,441
"1981-01-01","f_0_24","80s",8.336,10.486,9.151,441
"1981-02-01","f_0_24","80s",8.348,10.26,9.052,441
"1981-03-01","f_0_24","80s",8.128,9.877,8.86,441
"1981-04-01","f_0_24","80s",8.053,9.875,8.886,441
"1981-05-01","f_0_24","80s",7.805,9.673,8.685,441
"1981-06-01","f_0_24","80s",7.514,9.373,8.42,441
"1981-07-01","f_0_24","80s",7.514,9.385,8.441,441
"1981-08-01","f_0_24","80s",7.373,9.314,8.341,441
"1981-09-01","f_0_24","80s",7.147,9.137,8.136,441
"1981-10-01","f_0_24","80s",6.898,8.878,7.896,441
"1981-11-01","f_0_24","80s",6.679,8.679,7.676,441
"1981-12-01","f_0_24","80s",6.373,8.408,7.384,441
"1982-01-01","f_0_24","80s",6.067,8.036,7.07,441
"1982-02-01","f_0_24","80s",5.655,7.546,6.642,441
"1982-03-01","f_0_24","80s",5.443,7.345,6.452,441
"1982-04-01","f_0_24","80s",5.248,7.04,6.13,441
"1982-05-01","f_0_24","80s",5.26,6.93,6.054,441
"1982-06-01","f_0_24","80s",5.237,6.96,6.003,441
"1982-07-01","f_0_24","80s",5.293,6.993,6.048,441
"1982-08-01","f_0_24","80s",5.04,6.678,5.782,441
"1982-09-01","f_0_24","80s",4.7,6.376,5.444,441
"1982-10-01","f_0_24","80s",4.655,6.366,5.417,441
"1982-11-01","f_0_24","80s",4.404,6.094,5.162,441
"1982-12-01","f_0_24","80s",4.163,5.931,5.004,441
"1983-01-01","f_0_24","80s",4.115,5.861,4.989,441
"1983-02-01","f_0_24","80s",4.027,5.786,4.929,441
"1983-03-01","f_0_24","80s",3.852,5.527,4.691,441
"1983-04-01","f_0_24","80s",4.021,5.725,4.871,441
"1983-05-01","f_0_24","80s",3.79,5.547,4.636,441
"1983-06-01","f_0_24","80s",3.623,5.271,4.452,441
"1983-07-01","f_0_24","80s",3.36,4.992,4.168,441
"1983-08-01","f_0_24","80s",3.282,4.92,4.08,441
"1983-09-01","f_0_24","80s",3.322,4.921,4.145,441
"1983-10-01","f_0_24","80s",3.099,4.665,3.895,441
"1983-11-01","f_0_24","80s",3.171,4.757,3.982,441
"1983-12-01","f_0_24","80s",3.255,4.707,3.965,441
"1984-01-01","f_0_24","80s",3.224,4.653,3.907,441
"1984-02-01","f_0_24","80s",3.283,4.676,3.95,441
"1984-03-01","f_0_24","80s",3.414,4.855,4.111,441
"1984-04-01","f_0_24","80s",3.352,4.742,4.041,441
"1984-05-01","f_0_24","80s",3.287,4.617,3.98,441
"1984-06-01","f_0_24","80s",3.232,4.696,4.016,441
"1984-07-01","f_0_24","80s",3.237,4.735,4.079,441
"1984-08-01","f_0_24","80s",3.281,4.74,4.122,441
"1984-09-01","f_0_24","80s",3.286,4.759,4.108,441
"1984-10-01","f_0_24","80s",3.363,4.804,4.165,441
"1984-11-01","f_0_24","80s",3.222,4.658,4.012,441
"1984-12-01","f_0_24","80s",3.288,4.842,4.13,441
"1985-01-01","f_0_24","80s",3.196,4.727,4.015,441
"1985-02-01","f_0_24","80s",3.329,4.846,4.127,441
"1985-03-01","f_0_24","80s",3.352,4.838,4.123,441
"1985-04-01","f_0_24","80s",3.175,4.676,3.962,441
"1985-05-01","f_0_24","80s",3.27,4.805,4.073,441
"1985-06-01","f_0_24","80s",3.373,4.81,4.114,441
"1985-07-01","f_0_24","80s",3.219,4.586,3.9,441
"1985-08-01","f_0_24","80s",3.173,4.593,3.895,441
"1985-09-01","f_0_24","80s",3.12,4.51,3.849,441
"1985-10-01","f_0_24","80s",3.079,4.478,3.812,441
"1985-11-01","f_0_24","80s",3.188,4.628,3.939,441
"1985-12-01","f_0_24","80s",3.257,4.605,3.965,441
"1986-01-01","f_0_24","80s",3.347,4.712,4.075,441
"1986-02-01","f_0_24","80s",3.002,4.472,3.834,441
"1986-03-01","f_0_24","80s",2.844,4.332,3.685,441
"1986-04-01","f_0_24","80s",2.806,4.463,3.744,441
"1986-05-01","f_0_24","80s",2.707,4.35,3.64,441
"1986-06-01","f_0_24","80s",2.739,4.365,3.644,441
"1986-07-01","f_0_24","80s",2.734,4.432,3.688,441
"1986-08-01","f_0_24","80s",2.686,4.349,3.623,441
"1986-09-01","f_0_24","80s",2.783,4.391,3.666,441
"1986-10-01","f_0_24","80s",2.763,4.514,3.733,441
"1986-11-01","f_0_24","80s",2.742,4.413,3.68,441
"1986-12-01","f_0_24","80s",2.67,4.31,3.589,441
"1987-01-01","f_0_24","80s",2.707,4.417,3.61,441
"1987-02-01","f_0_24","80s",2.826,4.492,3.65,441
"1987-03-01","f_0_24","80s",2.975,4.617,3.801,441
"1987-04-01","f_0_24","80s",3.206,4.79,3.969,441
"1987-05-01","f_0_24","80s",3.316,4.887,4.061,441
"1987-06-01","f_0_24","80s",3.235,4.854,3.996,441
"1987-07-01","f_0_24","80s",3.277,4.836,3.996,441
"1987-08-01","f_0_24","80s",3.444,5.014,4.13,441
"1987-09-01","f_0_24","80s",3.425,4.981,4.102,441
"1987-10-01","f_0_24","80s",3.526,4.941,4.116,441
"1987-11-01","f_0_24","80s",3.531,4.964,4.116,441
"1987-12-01","f_0_24","80s",3.447,4.905,4.061,441
"1988-01-01","f_0_24","80s",3.399,4.806,4.052,441
"1988-02-01","f_0_24","80s",3.391,4.764,4.041,441
"1988-03-01","f_0_24","80s",3.4,4.783,4.038,441
"1988-04-01","f_0_24","80s",3.373,4.671,3.966,441
"1988-05-01","f_0_24","80s",3.357,4.654,3.943,441
"1988-06-01","f_0_24","80s",3.469,4.707,4.041,441
"1988-07-01","f_0_24","80s",3.613,4.934,4.232,441
"1988-08-01","f_0_24","80s",3.55,4.856,4.19,441
"1988-09-01","f_0_24","80s",3.676,5.028,4.333,441
"1988-10-01","f_0_24","80s",3.613,5.032,4.297,441
"1988-11-01","f_0_24","80s",3.634,5.037,4.327,441
"1988-12-01","f_0_24","80s",3.757,5.127,4.4,441
"1989-01-01","f_0_24","80s",3.832,5.203,4.461,441
"1989-02-01","f_0_24","80s",3.916,5.332,4.54,441
"1989-03-01","f_0_24","80s",3.902,5.291,4.51,441
"1989-04-01","f_0_24","80s",3.917,5.284,4.511,441
"1989-05-01","f_0_24","80s",3.979,5.354,4.59,441
"1989-06-01","f_0_24","80s",3.875,5.277,4.489,441
"1989-07-01","f_0_24","80s",3.793,5.136,4.401,441
"1989-08-01","f_0_24","80s",3.632,5.107,4.334,441
"1989-09-01","f_0_24","80s",3.509,4.981,4.215,441
"1989-10-01","f_0_24","80s",3.656,5.088,4.347,441
"1989-11-01","f_0_24","80s",3.659,5.101,4.341,441
"1989-12-01","f_0_24","80s",3.668,5.139,4.394,441
"1990-01-01","f_0_24","80s",3.569,5.072,4.289,441
"1990-02-01","f_0_24","80s",3.562,5.043,4.277,441
"1990-03-01","f_0_24","80s",3.705,5.22,4.458,441
"1990-04-01","f_0_24","80s",3.662,5.149,4.414,441
"1990-05-01","f_0_24","80s",3.589,5.096,4.352,441
"1990-06-01","f_0_24","80s",3.752,5.281,4.528,441
"1990-07-01","f_0_24","80s",3.828,5.329,4.558,441
"1990-08-01","f_0_24","80s",4.096,5.449,4.706,441
"1990-09-01","f_0_24","80s",4.083,5.458,4.71,441
"1990-10-01","f_0_24","80s",3.969,5.348,4.6,441
"1990-11-01","f_0_24","80s",3.864,5.24,4.5,441
"1990-12-01","f_0_24","80s",3.836,5.203,4.456,441
"1991-01-01","f_0_24","80s",3.8,5.22,4.422,441
"1991-02-01","f_0_24","80s",3.68,5.112,4.305,441
"1991-03-01","f_0_24","80s",3.347,4.785,3.969,441
"1991-04-01","f_0_24","80s",3.268,4.707,3.886,441
"1991-05-01","f_0_24","80s",3.345,4.753,3.945,441
"1991-06-01","f_0_24","80s",3.105,4.495,3.684,441
"1991-07-01","f_0_24","80s",2.952,4.389,3.557,441
"1991-08-01","f_0_24","80s",2.735,4.234,3.376,441
"1991-09-01","f_0_24","80s",2.701,4.19,3.337,441
"1991-10-01","f_0_24","80s",2.621,4.08,3.252,441
"1991-11-01","f_0_24","80s",2.749,4.206,3.368,441
"1991-12-01","f_0_24","80s",2.761,4.263,3.401,441
"1992-01-01","f_0_24","80s",2.648,4.052,3.282,441
"1992-02-01","f_0_24","80s",2.708,4.077,3.325,441
"1992-03-01","f_0_24","80s",2.841,4.215,3.447,441
"1992-04-01","f_0_24","80s",2.769,4.156,3.379,441
"1992-05-01","f_0_24","80s",2.619,4.078,3.263,441
"1992-06-01","f_0_24","80s",2.579,4.099,3.262,441
"1992-07-01","f_0_24","80s",2.562,4.087,3.253,441
"1992-08-01","f_0_24","80s",2.56,4.013,3.204,441
"1992-09-01","f_0_24","80s",2.437,3.871,3.073,441
"1992-10-01","f_0_24","80s",2.503,3.949,3.138,441
"1992-11-01","f_0_24","80s",2.445,3.899,3.105,441
"1992-12-01","f_0_24","80s",2.383,3.755,2.999,441
"1993-01-01","f_0_24","80s",2.401,3.752,3.007,441
"1993-02-01","f_0_24","80s",2.349,3.676,2.976,441
"1993-03-01","f_0_24","80s",2.254,3.551,2.886,441
"1993-04-01","f_0_24","80s",2.338,3.605,2.969,441
"1993-05-01","f_0_24","80s",2.391,3.609,3.005,441
"1993-06-01","f_0_24","80s",2.36,3.504,2.959,441
"1993-07-01","f_0_24","80s",2.351,3.431,2.916,441
"1993-08-01","f_0_24","80s",2.302,3.364,2.87,441
"1993-09-01","f_0_24","80s",2.29,3.346,2.855,441
"1993-10-01","f_0_24","80s",2.227,3.26,2.77,441
"1993-11-01","f_0_24","80s",2.168,3.172,2.689,441
"1993-12-01","f_0_24","80s",2.022,3.15,2.63,441
"1994-01-01","f_0_24","80s",1.92,3.109,2.591,441
"1994-02-01","f_0_24","80s",1.908,3.122,2.59,441
"1994-03-01","f_0_24","80s",1.966,3.16,2.632,441
"1994-04-01","f_0_24","80s",1.864,3.06,2.532,441
"1994-05-01","f_0_24","80s",1.802,3.043,2.497,441
"1994-06-01","f_0_24","80s",1.848,3.108,2.541,441
"1994-07-01","f_0_24","80s",1.88,3.159,2.571,441
"1994-08-01","f_0_24","80s",1.847,3.156,2.563,441
"1994-09-01","f_0_24","80s",1.832,3.144,2.565,441
"1994-10-01","f_0_24","80s",1.762,3.084,2.524,441
"1994-11-01","f_0_24","80s",1.768,3.099,2.544,441
"1994-12-01","f_0_24","80s",1.77,3.024,2.511,441
"1995-01-01","f_0_24","80s",1.941,3.138,2.617,441
"1995-02-01","f_0_24","80s",1.892,3.037,2.536,441
"1995-03-01","f_0_24","80s",1.826,3.018,2.501,441
"1995-04-01","f_0_24","80s",1.885,3.048,2.542,441
"1995-05-01","f_0_24","80s",1.873,2.954,2.485,441
"1995-06-01","f_0_24","80s",1.827,2.877,2.428,441
"1995-07-01","f_0_24","80s",1.738,2.786,2.366,441
"1995-08-01","f_0_24","80s",1.816,2.83,2.416,441
"1995-09-01","f_0_24","80s",1.799,2.863,2.431,441
"1995-10-01","f_0_24","80s",1.902,2.961,2.519,441
"1995-11-01","f_0_24","80s",1.799,2.945,2.477,441
"1995-12-01","f_0_24","80s",1.894,2.992,2.523,441
"1996-01-01","f_0_24","80s",1.816,2.888,2.432,441
"1996-02-01","f_0_24","80s",1.852,2.936,2.446,441
"1996-03-01","f_0_24","80s",1.886,2.927,2.433,441
"1996-04-01","f_0_24","80s",1.851,2.916,2.394,441
"1996-05-01","f_0_24","80s",1.874,2.97,2.435,441
"1996-06-01","f_0_24","80s",1.843,3.004,2.464,441
"1996-07-01","f_0_24","80s",1.897,3.054,2.511,441
"1996-08-01","f_0_24","80s",1.83,3.035,2.499,441
"1996-09-01","f_0_24","80s",1.951,3.087,2.554,441
"1996-10-01","f_0_24","80s",1.934,3.06,2.528,441
"1996-11-01","f_0_24","80s",2.051,3.082,2.573,441
"1996-12-01","f_0_24","80s",2.006,3.048,2.55,441
"1997-01-01","f_0_24","80s",1.937,3.024,2.519,441
"1997-02-01","f_0_24","80s",1.928,2.996,2.516,441
"1997-03-01","f_0_24","80s",1.88,2.952,2.494,441
"1997-04-01","f_0_24","80s",1.832,2.934,2.491,441
"1997-05-01","f_0_24","80s",1.724,2.859,2.414,441
"1997-06-01","f_0_24","80s",1.722,2.863,2.408,441
"1997-07-01","f_0_24","80s",1.575,2.825,2.317,441
"1997-08-01","f_0_24","80s",1.518,2.773,2.254,441
"1997-09-01","f_0_24","80s",1.482,2.723,2.232,441
"1997-10-01","f_0_24","80s",1.244,2.581,2.045,441
"1997-11-01","f_0_24","80s",1.108,2.511,1.961,441
"1997-12-01","f_0_24","80s",1.007,2.522,1.92,441
"1998-01-01","f_0_24","80s",0.944,2.485,1.876,441
"1998-02-01","f_0_24","80s",0.797,2.472,1.831,441
"1998-03-01","f_0_24","80s",0.769,2.534,1.857,441
"1998-04-01","f_0_24","80s",0.759,2.531,1.847,441
"1998-05-01","f_0_24","80s",0.799,2.605,1.902,441
"1998-06-01","f_0_24","80s",0.765,2.541,1.848,441
"1998-07-01","f_0_24","80s",0.894,2.56,1.897,441
"1998-08-01","f_0_24","80s",0.993,2.649,1.979,441
"1998-09-01","f_0_24","80s",0.828,2.692,1.943,441
"1998-10-01","f_0_24","80s",0.97,2.76,2.056,441
"1998-11-01","f_0_24","80s",0.959,2.771,2.074,441
"1998-12-01","f_0_24","80s",0.967,2.766,2.095,441
"1999-01-01","f_0_24","80s",1.028,2.778,2.126,441
"1999-02-01","f_0_24","80s",1.001,2.727,2.084,441
"1999-03-01","f_0_24","80s",0.961,2.619,2.002,441
"1999-04-01","f_0_24","80s",1.061,2.695,2.062,441
"1999-05-01","f_0_24","80s",1.036,2.63,2.031,441
"1999-06-01","f_0_24","80s",1.048,2.632,2.04,441
"1999-07-01","f_0_24","80s",1.088,2.642,2.071,441
"1999-08-01","f_0_24","80s",1.021,2.582,2.008,441
"1999-09-01","f_0_24","80s",1.219,2.589,2.055,441
"1999-10-01","f_0_24","80s",1.215,2.558,2.034,441
"1999-11-01","f_0_24","80s",1.278,2.607,2.066,441
"1999-12-01","f_0_24","80s",1.4,2.621,2.092,441
"2000-01-01","f_0_24","80s",1.521,2.739,2.203,441
"2000-02-01","f_0_24","80s",1.695,2.833,2.319,441
"2000-03-01","f_0_24","80s",1.838,2.937,2.42,441
"2000-04-01","f_0_24","80s",1.623,2.844,2.345,441
"2000-05-01","f_0_24","80s",1.634,2.882,2.371,441
"2000-06-01","f_0_24","80s",1.703,2.967,2.431,441
"2000-07-01","f_0_24","80s",1.75,3.058,2.485,441
"2000-08-01","f_0_24","80s",1.764,3.063,2.497,441
"2000-09-01","f_0_24","80s",1.788,3.074,2.544,441
"2000-10-01","f_0_24","80s",1.751,3.108,2.565,441
"2000-11-01","f_0_24","80s",1.783,3.105,2.578,441
"2000-12-01","f_0_24","80s",1.764,3.131,2.615,441
"2001-01-01","f_0_24","80s",1.816,3.236,2.657,441
"2001-02-01","f_0_24","80s",1.853,3.296,2.709,441
"2001-03-01","f_0_24","80s",1.759,3.299,2.694,441
"2001-04-01","f_0_24","80s",1.92,3.423,2.8,441
"2001-05-01","f_0_24","80s",1.941,3.437,2.803,441
"2001-06-01","f_0_24","80s",2.009,3.498,2.878,441
"2001-07-01","f_0_24","80s",1.923,3.45,2.834,441
"2001-08-01","f_0_24","80s",1.916,3.586,2.912,441
"2001-09-01","f_0_24","80s",1.817,3.597,2.867,441
"2001-10-01","f_0_24","80s",1.822,3.622,2.878,441
"2001-11-01","f_0_24","80s",1.824,3.63,2.871,441
"2001-12-01","f_0_24","80s",1.731,3.59,2.802,441
"2002-01-01","f_0_24","80s",1.498,3.407,2.633,441
"2002-02-01","f_0_24","80s",1.44,3.383,2.6,441
"2002-03-01","f_0_24","80s",1.499,3.418,2.63,441
"2002-04-01","f_0_24","80s",1.529,3.357,2.581,441
"2002-05-01","f_0_24","80s",1.531,3.301,2.547,441
"2002-06-01","f_0_24","80s",1.445,3.228,2.462,441
"2002-07-01","f_0_24","80s",1.498,3.214,2.47,441
"2002-08-01","f_0_24","80s",1.555,3.088,2.403,441
"2002-09-01","f_0_24","80s",1.638,3.077,2.438,441
"2002-10-01","f_0_24","80s",1.672,3.052,2.44,441
"2002-11-01","f_0_24","80s",1.68,3.025,2.43,441
"2002-12-01","f_0_24","80s",1.769,3.055,2.477,441
"2003-01-01","f_0_24","80s",1.797,3.071,2.498,441
"2003-02-01","f_0_24","80s",1.803,3.04,2.445,441
"2003-03-01","f_0_24","80s",1.787,2.988,2.408,441
"2003-04-01","f_0_24","80s",1.65,2.869,2.283,441
"2003-05-01","f_0_24","80s",1.665,2.896,2.28,441
"2003-06-01","f_0_24","80s",1.645,2.826,2.215,441
"2003-07-01","f_0_24","80s",1.672,2.837,2.234,441
"2003-08-01","f_0_24","80s",1.695,2.856,2.249,441
"2003-09-01","f_0_24","80s",1.635,2.796,2.18,441
"2003-10-01","f_0_24","80s",1.654,2.833,2.207,441
"2003-11-01","f_0_24","80s",1.602,2.823,2.19,441
"2003-12-01","f_0_24","80s",1.568,2.801,2.14,441
"2004-01-01","f_0_24","80s",1.663,2.902,2.214,441
"2004-02-01","f_0_24","80s",1.715,2.917,2.266,441
"2004-03-01","f_0_24","80s",1.715,2.882,2.254,441
"2004-04-01","f_0_24","80s",1.898,3.05,2.454,441
"2004-05-01","f_0_24","80s",1.955,3.071,2.509,441
"2004-06-01","f_0_24","80s",2.074,3.165,2.614,441
"2004-07-01","f_0_24","80s",1.969,3.109,2.564,441
"2004-08-01","f_0_24","80s",1.882,3.09,2.552,441
"2004-09-01","f_0_24","80s",1.863,3.075,2.529,441
"2004-10-01","f_0_24","80s",1.864,3.072,2.507,441
"2004-11-01","f_0_24","80s",1.904,3.141,2.534,441
"2004-12-01","f_0_24","80s",1.88,3.116,2.557,441
"2005-01-01","f_0_24","80s",1.975,3.126,2.616,441
"2005-02-01","f_0_24","80s",1.979,3.137,2.639,441
"2005-03-01","f_0_24","80s",1.999,3.169,2.637,441
"2005-04-01","f_0_24","80s",1.909,3.12,2.536,441
"2005-05-01","f_0_24","80s",1.878,3.104,2.52,441
"2005-06-01","f_0_24","80s",1.796,3.051,2.459,441
"2005-07-01","f_0_24","80s",1.871,3.082,2.502,441
"2005-08-01","f_0_24","80s",1.893,3.051,2.486,441
"2005-09-01","f_0_24","80s",1.985,3.169,2.596,441
"2005-10-01","f_0_24","80s",2.053,3.225,2.655,441
"2005-11-01","f_0_24","80s",2.113,3.22,2.698,441
"2005-12-01","f_0_24","80s",2.078,3.205,2.664,441
"2006-01-01","f_0_24","80s",2.037,3.15,2.629,441
"2006-02-01","f_0_24","80s",1.937,3.168,2.58,441
"2006-03-01","f_0_24","80s",1.958,3.217,2.643,441
"2006-04-01","f_0_24","80s",2.058,3.298,2.74,441
"2006-05-01","f_0_24","80s",2.174,3.442,2.87,441
"2006-06-01","f_0_24","80s",2.329,3.598,3.037,441
"2006-07-01","f_0_24","80s",2.283,3.628,3.046,441
"2006-08-01","f_0_24","80s",2.382,3.733,3.133,441
"2006-09-01","f_0_24","80s",2.296,3.692,3.096,441
"2006-10-01","f_0_24","80s",2.224,3.695,3.072,441
"2006-11-01","f_0_24","80s",2.073,3.61,2.948,441
"2006-12-01","f_0_24","80s",2.229,3.725,3.073,441
"2007-01-01","f_0_24","80s",2.268,3.802,3.105,441
"2007-02-01","f_0_24","80s",2.417,3.829,3.195,441
"2007-03-01","f_0_24","80s",2.373,3.76,3.127,441
"2007-04-01","f_0_24","80s",2.282,3.635,3.018,441
"2007-05-01","f_0_24","80s",2.138,3.466,2.848,441
"2007-06-01","f_0_24","80s",2.051,3.363,2.741,441
"2007-07-01","f_0_24","80s",2.062,3.297,2.684,441
"2007-08-01","f_0_24","80s",1.958,3.212,2.615,441
"2007-09-01","f_0_24","80s",2.092,3.302,2.68,441
"2007-10-01","f_0_24","80s",2.2,3.355,2.736,441
"2007-11-01","f_0_24","80s",2.421,3.493,2.924,441
"2007-12-01","f_0_24","80s",2.435,3.493,2.907,441
"2008-01-01","f_0_24","80s",2.36,3.368,2.825,441
"2008-02-01","f_0_24","80s",2.282,3.305,2.73,441
"2008-03-01","f_0_24","80s",2.317,3.346,2.768,441
"2008-04-01","f_0_24","80s",2.298,3.366,2.799,441
"2008-05-01","f_0_24","80s",2.285,3.429,2.824,441
"2008-06-01","f_0_24","80s",2.32,3.544,2.879,441
"2008-07-01","f_0_24","80s",2.394,3.734,2.983,441
"2008-08-01","f_0_24","80s",2.345,3.721,2.952,441
"2008-09-01","f_0_24","80s",2.208,3.58,2.857,441
"2008-10-01","f_0_24","80s",1.798,3.404,2.7,441
"2008-11-01","f_0_24","80s",1.423,3.327,2.575,441
"2008-12-01","f_0_24","80s",1.148,3.143,2.401,441
"2009-01-01","f_0_24","80s",1.069,3.143,2.413,441
"2009-02-01","f_0_24","80s",1.03,3.09,2.388,441
"2009-03-01","f_0_24","80s",0.816,2.995,2.297,441
"2009-04-01","f_0_24","80s",0.778,2.919,2.223,441
"2009-05-01","f_0_24","80s",0.754,2.823,2.178,441
"2009-06-01","f_0_24","80s",0.661,2.657,2.055,441
"2009-07-01","f_0_24","80s",0.392,2.292,1.773,441
"2009-08-01","f_0_24","80s",0.423,2.343,1.77,441
"2009-09-01","f_0_24","80s",0.323,2.285,1.649,441
"2009-10-01","f_0_24","80s",0.623,2.464,1.755,441
"2009-11-01","f_0_24","80s",0.798,2.394,1.691,441
"2009-12-01","f_0_24","80s",0.902,2.392,1.688,441
"2010-01-01","f_0_24","80s",0.825,2.285,1.531,441
"2010-02-01","f_0_24","80s",0.712,2.18,1.415,441
"2010-03-01","f_0_24","80s",0.767,2.141,1.357,441
"2010-04-01","f_0_24","80s",0.726,2.106,1.304,441
"2010-05-01","f_0_24","80s",0.661,2.039,1.222,441
"2010-06-01","f_0_24","80s",0.529,1.934,1.134,441
"2010-07-01","f_0_24","80s",0.603,1.993,1.184,441
"2010-08-01","f_0_24","80s",0.64,1.932,1.188,441
"2010-09-01","f_0_24","80s",0.701,1.905,1.225,441
"2010-10-01","f_0_24","80s",0.602,1.705,1.058,441
"2010-11-01","f_0_24","80s",0.629,1.693,1.062,441
"2010-12-01","f_0_24","80s",0.658,1.731,1.099,441
"2011-01-01","f_0_24","80s",0.734,1.876,1.206,441
"2011-02-01","f_0_24","80s",0.871,2.061,1.371,441
"2011-03-01","f_0_24","80s",1.011,2.189,1.509,441
"2011-04-01","f_0_24","80s",1.144,2.386,1.648,441
"2011-05-01","f_0_24","80s",1.28,2.612,1.811,441
"2011-06-01","f_0_24","80s",1.36,2.668,1.877,441
"2011-07-01","f_0_24","80s",1.448,2.745,1.969,441
"2011-08-01","f_0_24","80s",1.524,2.842,2.041,441
"2011-09-01","f_0_24","80s",1.563,2.914,2.088,441
"2011-10-01","f_0_24","80s",1.536,2.92,2.16,441
"2011-11-01","f_0_24","80s",1.581,2.982,2.205,441
"2011-12-01","f_0_24","80s",1.661,3.047,2.288,441
"2012-01-01","f_0_24","80s",1.73,3.064,2.333,441
"2012-02-01","f_0_24","80s",1.711,3.015,2.268,441
"2012-03-01","f_0_24","80s",1.703,2.957,2.236,441
"2012-04-01","f_0_24","80s",1.656,2.851,2.184,441
"2012-05-01","f_0_24","80s",1.559,2.682,2.096,441
"2012-06-01","f_0_24","80s",1.532,2.652,2.065,441
"2012-07-01","f_0_24","80s",1.484,2.637,2.05,441
"2012-08-01","f_0_24","80s",1.41,2.552,1.999,441
"2012-09-01","f_0_24","80s",1.417,2.521,1.989,441
"2012-10-01","f_0_24","80s",1.509,2.602,2,441
"2012-11-01","f_0_24","80s",1.418,2.5,1.933,441
"2012-12-01","f_0_24","80s",1.355,2.444,1.871,441
"2013-01-01","f_0_24","80s",1.333,2.356,1.828,441
"2013-02-01","f_0_24","80s",1.339,2.327,1.853,441
"2013-03-01","f_0_24","80s",1.208,2.272,1.793,441
"2013-04-01","f_0_24","80s",1.011,2.226,1.685,441
"2013-05-01","f_0_24","80s",1,2.247,1.685,441
"2013-06-01","f_0_24","80s",1.118,2.347,1.783,441
"2013-07-01","f_0_24","80s",1.15,2.344,1.794,441
"2013-08-01","f_0_24","80s",1.138,2.343,1.773,441
"2013-09-01","f_0_24","80s",1.059,2.335,1.764,441
"2013-10-01","f_0_24","80s",1.081,2.282,1.787,441
"2013-11-01","f_0_24","80s",1.18,2.354,1.868,441
"2013-12-01","f_0_24","80s",1.196,2.374,1.888,441
"2014-01-01","f_0_24","80s",1.158,2.366,1.867,441
"2014-02-01","f_0_24","80s",1.069,2.308,1.808,441
"2014-03-01","f_0_24","80s",1.127,2.33,1.83,441
"2014-04-01","f_0_24","80s",1.333,2.381,1.947,441
"2014-05-01","f_0_24","80s",1.413,2.398,1.987,441
"2014-06-01","f_0_24","80s",1.382,2.366,1.959,441
"2014-07-01","f_0_24","80s",1.392,2.419,1.98,441
"2014-08-01","f_0_24","80s",1.296,2.408,1.941,441
"2014-09-01","f_0_24","80s",1.34,2.422,1.957,441
"2014-10-01","f_0_24","80s",1.181,2.432,1.912,441
"2014-11-01","f_0_24","80s",1.105,2.454,1.892,441
"2014-12-01","f_0_24","80s",1.094,2.449,1.89,441
"2015-01-01","f_0_24","80s",0.867,2.391,1.784,441
"2015-02-01","f_0_24","80s",0.942,2.457,1.849,441
"2015-03-01","f_0_24","80s",0.967,2.447,1.842,441
"2015-04-01","f_0_24","80s",0.956,2.485,1.879,441
"2015-05-01","f_0_24","80s",0.913,2.49,1.847,441
"2015-06-01","f_0_24","80s",0.908,2.505,1.847,441
"2015-07-01","f_0_24","80s",0.904,2.487,1.837,441
"2015-08-01","f_0_24","80s",0.927,2.455,1.84,441
"2015-09-01","f_0_24","80s",0.915,2.468,1.842,441
"2015-10-01","f_0_24","80s",0.918,2.379,1.788,441
"2015-11-01","f_0_24","80s",0.91,2.302,1.747,441
"2015-12-01","f_0_24","80s",0.833,2.256,1.702,441
"2016-01-01","f_0_24","80s",1.023,2.361,1.82,441
"2016-02-01","f_0_24","80s",1.018,2.361,1.818,441
"2016-03-01","f_0_24","80s",1.049,2.423,1.869,441
"2016-04-01","f_0_24","80s",1.111,2.455,1.891,441
"2016-05-01","f_0_24","80s",1.191,2.503,1.972,441
"2016-06-01","f_0_24","80s",1.151,2.462,1.944,441
"2016-07-01","f_0_24","80s",1.12,2.479,1.954,441
"2016-08-01","f_0_24","80s",1.176,2.525,2.003,441
"2016-09-01","f_0_24","80s",1.245,2.556,2.033,441
"2016-10-01","f_0_24","80s",1.395,2.623,2.122,441
"2016-11-01","f_0_24","80s",1.369,2.595,2.1,441
"2016-12-01","f_0_24","80s",1.466,2.649,2.15,441
"2017-01-01","f_0_24","80s",1.554,2.646,2.193,441
"2017-02-01","f_0_24","80s",1.554,2.618,2.158,441
"2017-03-01","f_0_24","80s",1.479,2.566,2.103,441
"2017-04-01","f_0_24","80s",1.367,2.449,2.01,441
"2017-05-01","f_0_24","80s",1.285,2.376,1.916,441
"2017-06-01","f_0_24","80s",1.302,2.443,1.948,441
"2017-07-01","f_0_24","80s",1.282,2.381,1.898,441
"2017-08-01","f_0_24","80s",1.291,2.362,1.883,441
"2017-09-01","f_0_24","80s",1.232,2.326,1.846,441
"2017-10-01","f_0_24","80s",1.239,2.38,1.871,441
"2017-11-01","f_0_24","80s",1.251,2.427,1.901,441
"2017-12-01","f_0_24","80s",1.297,2.466,1.939,441
"2018-01-01","f_0_24","80s",1.365,2.555,1.992,441
"2018-02-01","f_0_24","80s",1.395,2.606,2.03,441
"2018-03-01","f_0_24","80s",1.432,2.598,2.039,441
"2018-04-01","f_0_24","80s",1.449,2.607,2.038,441
"2018-05-01","f_0_24","80s",1.48,2.621,2.079,441
"2018-06-01","f_0_24","80s",1.518,2.61,2.091,441
"2018-07-01","f_0_24","80s",1.544,2.643,2.123,441
"2018-08-01","f_0_24","80s",1.526,2.655,2.13,441
"2018-09-01","f_0_24","80s",1.578,2.677,2.162,441
"2018-10-01","f_0_24","80s",1.574,2.645,2.151,441
"2018-11-01","f_0_24","80s",1.642,2.712,2.217,441
"2018-12-01","f_0_24","80s",1.623,2.735,2.217,441
"2019-01-01","f_0_24","80s",1.441,2.596,2.108,441
"2019-02-01","f_0_24","80s",1.455,2.614,2.145,441
"2019-03-01","f_0_24","80s",1.495,2.665,2.184,441
"2019-04-01","f_0_24","80s",1.539,2.815,2.312,441
"2019-05-01","f_0_24","80s",1.484,2.811,2.259,441
"2019-06-01","f_0_24","80s",1.414,2.776,2.216,441
"2019-07-01","f_0_24","80s",1.471,2.824,2.261,441
"2019-08-01","f_0_24","80s",1.477,2.843,2.277,441
"2019-09-01","f_0_24","80s",1.349,2.791,2.209,441
"2019-10-01","f_0_24","80s",1.398,2.869,2.242,441
"2019-11-01","f_0_24","80s",1.386,2.798,2.191,441
"2019-12-01","f_0_24","80s",1.38,2.809,2.197,441
"2020-01-01","f_0_24","80s",1.494,2.91,2.278,441
"2020-02-01","f_0_24","80s",1.486,2.896,2.264,441
"2020-03-01","f_0_24","80s",1.409,2.848,2.218,441
"2020-04-01","f_0_24","80s",1.191,2.717,2.101,441
"2020-05-01","f_0_24","80s",1.271,2.754,2.18,441
"2020-06-01","f_0_24","80s",1.314,2.83,2.209,441
"2020-07-01","f_0_24","80s",1.37,2.927,2.247,441
"2020-08-01","f_0_24","80s",1.444,2.996,2.273,441
"2020-09-01","f_0_24","80s",1.491,3.01,2.255,441
"2020-10-01","f_0_24","80s",1.408,2.899,2.196,441
"2020-11-01","f_0_24","80s",1.334,2.886,2.132,441
"2020-12-01","f_0_24","80s",1.346,2.915,2.104,441
"2021-01-01","f_0_24","80s",1.303,2.907,2.041,441
"2021-02-01","f_0_24","80s",1.386,3.017,2.102,441
"2021-03-01","f_0_24","80s",1.499,3.193,2.18,441
"2021-04-01","f_0_24","80s",1.787,3.378,2.284,441
"2021-05-01","f_0_24","80s",1.85,3.538,2.349,441
"2021-06-01","f_0_24","80s",1.932,3.664,2.442,441
"2021-07-01","f_0_24","80s",1.996,3.746,2.52,441
"2021-08-01","f_0_24","80s",2.062,3.857,2.604,441
"2021-09-01","f_0_24","80s",2.317,4.093,2.858,441
"2021-10-01","f_0_24","80s",2.61,4.511,3.17,441
"2021-11-01","f_0_24","80s",2.886,4.864,3.459,441
"2021-12-01","f_0_24","80s",3.14,5.133,3.72,441
"2022-01-01","f_0_24","80s",3.504,5.518,4.133,441
"2022-02-01","f_0_24","80s",3.666,5.775,4.324,441
"2022-03-01","f_0_24","80s",3.706,5.913,4.426,441
"2022-04-01","f_0_24","80s",3.732,6.019,4.515,441
"2022-05-01","f_0_24","80s",3.945,6.215,4.733,441
"2022-06-01","f_0_24","80s",4.372,6.619,5.176,441
"2022-07-01","f_0_24","80s",4.406,6.66,5.254,441
"2022-08-01","f_0_24","80s",4.623,6.873,5.479,441
"2022-09-01","f_0_24","80s",4.576,6.883,5.483,441
"2022-10-01","f_0_24","80s",4.583,6.842,5.488,441
"2022-11-01","f_0_24","80s",4.48,6.7,5.42,441
"2022-12-01","f_0_24","80s",4.416,6.57,5.367,441
"2023-01-01","f_0_24","80s",4.291,6.475,5.225,441
"2023-02-01","f_0_24","80s",4.204,6.31,5.147,441
"2023-03-01","f_0_24","80s",4.269,6.223,5.185,441
"2023-04-01","f_0_24","80s",4.285,6.157,5.212,441
"2023-05-01","f_0_24","80s",4.094,5.994,5.064,441
"2023-06-01","f_0_24","80s",3.663,5.497,4.6,441
"2023-07-01","f_0_24","80s",3.529,5.327,4.457,441
"2023-08-01","f_0_24","80s",3.24,5.029,4.182,441
"2023-09-01","f_0_24","80s",3.181,4.954,4.103,441
"2023-10-01","f_0_24","80s",3.008,4.726,3.905,441
"2023-11-01","f_0_24","80s",2.919,4.702,3.843,441
"2023-12-01","f_0_24","80s",2.731,4.516,3.657,441
"2024-01-01","f_0_24","80s",2.757,4.425,3.677,441
"2024-02-01","f_0_24","80s",2.634,4.305,3.537,441
"2024-03-01","f_0_24","80s",2.589,4.255,3.472,441
"2024-04-01","f_0_24","80s",2.491,4.12,3.342,441
"2024-05-01","f_0_24","80s",2.318,4.018,3.245,441
"2024-06-01","f_0_24","80s",2.24,3.979,3.21,441
"2024-07-01","f_0_24","80s",2.22,3.893,3.139,441
"2024-08-01","f_0_24","80s",2.209,3.865,3.119,441
"2024-09-01","f_0_24","80s",2.205,3.828,3.12,441
"2024-10-01","f_0_24","80s",2.215,3.819,3.12,441
"2024-11-01","f_0_24","80s",2.245,3.743,3.104,441
"2024-12-01","f_0_24","80s",2.305,3.833,3.2,441
"2025-01-01","f_0_24","80s",2.11,3.651,2.977,441
"2025-02-01","f_0_24","80s",2.168,3.651,3.011,441
"2025-03-01","f_0_24","80s",2.076,3.606,2.993,441
"2025-04-01","f_0_24","80s",2.166,3.643,3.047,441
"2025-05-01","f_0_24","80s",2.284,3.574,3.029,441
"2025-06-01","f_0_24","80s",2.443,3.655,3.136,441
"2025-07-01","f_0_24","80s",2.419,3.687,3.136,441
"2025-08-01","f_0_24","80s",2.461,3.74,3.192,441
"2025-09-01","f_0_24","80s",2.391,3.681,3.091,441
"2025-10-01","f_0_24","80s",2.275,3.577,2.966,441
"2025-11-01","f_0_24","80s",2.255,3.507,2.896,441
"2025-12-01","f_0_24","80s",2.271,3.51,2.872,441
"2026-01-01","f_0_24","80s",2.251,3.543,2.847,441
"2026-02-01","f_0_24","80s",2.176,3.54,2.788,441
"2026-03-01","f_0_24","80s",2.253,3.55,2.777,441
"2026-04-01","f_0_24","80s",2.204,3.577,2.736,441
"2026-05-01","f_0_24","80s",2.236,3.633,2.776,441
"2026-06-01","f_0_24","80s",2.109,3.53,2.651,441
"2026-07-01","f_0_24","80s",2.052,3.537,2.641,441
"2026-08-01","f_0_24","80s",2.035,3.473,2.571,441
"1960-01-01","f_0_24","00s",0.32,2.049,1.174,266
"1960-02-01","f_0_24","00s",0.318,2.046,1.179,266
"1960-03-01","f_0_24","00s",0.319,2.025,1.158,266
"1960-04-01","f_0_24","00s",0.201,2.012,1.106,266
"1960-05-01","f_0_24","00s",0.198,1.969,1.074,266
"1960-06-01","f_0_24","00s",0.095,1.789,0.915,266
"1960-07-01","f_0_24","00s",0.165,1.812,0.952,266
"1960-08-01","f_0_24","00s",0.166,1.782,0.929,266
"1960-09-01","f_0_24","00s",0.105,1.671,0.834,266
"1960-10-01","f_0_24","00s",0.104,1.606,0.769,266
"1960-11-01","f_0_24","00s",0.112,1.669,0.834,266
"1960-12-01","f_0_24","00s",0.111,1.643,0.808,266
"1961-01-01","f_0_24","00s",0.116,1.642,0.804,266
"1961-02-01","f_0_24","00s",0.116,1.587,0.775,266
"1961-03-01","f_0_24","00s",0.077,1.498,0.734,266
"1961-04-01","f_0_24","00s",0.026,1.355,0.62,266
"1961-05-01","f_0_24","00s",0.025,1.321,0.597,266
"1961-06-01","f_0_24","00s",0.025,1.343,0.61,266
"1961-07-01","f_0_24","00s",-0.043,1.293,0.553,266
"1961-08-01","f_0_24","00s",-0.044,1.196,0.513,266
"1961-09-01","f_0_24","00s",-0.043,1.235,0.529,266
"1961-10-01","f_0_24","00s",-0.059,1.161,0.492,266
"1961-11-01","f_0_24","00s",-0.065,1.078,0.419,266
"1961-12-01","f_0_24","00s",-0.074,0.992,0.368,266
"1962-01-01","f_0_24","00s",0.046,1.169,0.544,266
"1962-02-01","f_0_24","00s",0.052,1.265,0.612,266
"1962-03-01","f_0_24","00s",0.119,1.441,0.746,266
"1962-04-01","f_0_24","00s",0.079,1.383,0.692,266
"1962-05-01","f_0_24","00s",0.079,1.403,0.71,266
"1962-06-01","f_0_24","00s",0.079,1.43,0.73,266
"1962-07-01","f_0_24","00s",0.076,1.35,0.67,266
"1962-08-01","f_0_24","00s",0.078,1.416,0.713,266
"1962-09-01","f_0_24","00s",0.077,1.593,0.755,266
"1962-10-01","f_0_24","00s",0.026,1.548,0.722,266
"1962-11-01","f_0_24","00s",0.026,1.55,0.72,266
"1962-12-01","f_0_24","00s",-0.022,1.5,0.693,266
"1963-01-01","f_0_24","00s",-0.106,1.452,0.638,266
"1963-02-01","f_0_24","00s",-0.111,1.377,0.587,266
"1963-03-01","f_0_24","00s",-0.147,1.229,0.466,266
"1963-04-01","f_0_24","00s",-0.115,1.252,0.488,266
"1963-05-01","f_0_24","00s",-0.069,1.365,0.596,266
"1963-06-01","f_0_24","00s",-0.069,1.387,0.599,266
"1963-07-01","f_0_24","00s",-0.068,1.438,0.625,266
"1963-08-01","f_0_24","00s",-0.07,1.461,0.612,266
"1963-09-01","f_0_24","00s",-0.071,1.22,0.534,266
"1963-10-01","f_0_24","00s",0.075,1.423,0.714,266
"1963-11-01","f_0_24","00s",0.075,1.452,0.725,266
"1963-12-01","f_0_24","00s",0.132,1.571,0.788,266
"1964-01-01","f_0_24","00s",0.12,1.558,0.754,266
"1964-02-01","f_0_24","00s",0.121,1.592,0.784,266
"1964-03-01","f_0_24","00s",0.088,1.58,0.773,266
"1964-04-01","f_0_24","00s",0.094,1.599,0.784,266
"1964-05-01","f_0_24","00s",0.046,1.447,0.652,266
"1964-06-01","f_0_24","00s",0.043,1.364,0.604,266
"1964-07-01","f_0_24","00s",0.043,1.315,0.57,266
"1964-08-01","f_0_24","00s",0.042,1.27,0.572,266
"1964-09-01","f_0_24","00s",0.042,1.265,0.561,266
"1964-10-01","f_0_24","00s",-0.038,1.15,0.441,266
"1964-11-01","f_0_24","00s",-0.037,1.166,0.461,266
"1964-12-01","f_0_24","00s",-0.038,1.149,0.461,266
"1965-01-01","f_0_24","00s",-0.023,1.163,0.477,266
"1965-02-01","f_0_24","00s",-0.041,1.085,0.418,266
"1965-03-01","f_0_24","00s",-0.002,1.175,0.466,266
"1965-04-01","f_0_24","00s",0.006,1.257,0.542,266
"1965-05-01","f_0_24","00s",0.012,1.329,0.601,266
"1965-06-01","f_0_24","00s",0.02,1.444,0.684,266
"1965-07-01","f_0_24","00s",0.02,1.494,0.725,266
"1965-08-01","f_0_24","00s",0.024,1.542,0.76,266
"1965-09-01","f_0_24","00s",0.024,1.616,0.828,266
"1965-10-01","f_0_24","00s",0.025,1.668,0.874,266
"1965-11-01","f_0_24","00s",0.106,1.719,0.946,266
"1965-12-01","f_0_24","00s",0.199,1.871,1.077,266
"1966-01-01","f_0_24","00s",0.245,1.892,1.121,266
"1966-02-01","f_0_24","00s",0.412,2.119,1.303,266
"1966-03-01","f_0_24","00s",0.415,2.205,1.363,266
"1966-04-01","f_0_24","00s",0.654,2.364,1.544,266
"1966-05-01","f_0_24","00s",0.651,2.415,1.565,266
"1966-06-01","f_0_24","00s",0.715,2.492,1.621,266
"1966-07-01","f_0_24","00s",0.818,2.609,1.734,266
"1966-08-01","f_0_24","00s",0.846,2.647,1.777,266
"1966-09-01","f_0_24","00s",1.099,2.823,1.983,266
"1966-10-01","f_0_24","00s",1.366,3.014,2.205,266
"1966-11-01","f_0_24","00s",1.351,3.034,2.203,266
"1966-12-01","f_0_24","00s",1.322,2.998,2.173,266
"1967-01-01","f_0_24","00s",1.326,2.983,2.168,266
"1967-02-01","f_0_24","00s",1.348,2.935,2.177,266
"1967-03-01","f_0_24","00s",1.347,2.846,2.13,266
"1967-04-01","f_0_24","00s",1.169,2.726,1.989,266
"1967-05-01","f_0_24","00s",1.241,2.715,2.019,266
"1967-06-01","f_0_24","00s",1.385,2.736,2.106,266
"1967-07-01","f_0_24","00s",1.462,2.768,2.159,266
"1967-08-01","f_0_24","00s",1.562,2.853,2.225,266
"1967-09-01","f_0_24","00s",1.621,2.883,2.263,266
"1967-10-01","f_0_24","00s",1.608,2.875,2.246,266
"1967-11-01","f_0_24","00s",1.72,2.976,2.349,266
"1967-12-01","f_0_24","00s",1.824,3.043,2.421,266
"1968-01-01","f_0_24","00s",2.062,3.235,2.612,266
"1968-02-01","f_0_24","00s",2.161,3.349,2.72,266
"1968-03-01","f_0_24","00s",2.309,3.513,2.88,266
"1968-04-01","f_0_24","00s",2.505,3.628,3.031,266
"1968-05-01","f_0_24","00s",2.764,3.839,3.261,266
"1968-06-01","f_0_24","00s",2.813,3.92,3.329,266
"1968-07-01","f_0_24","00s",2.834,3.916,3.332,266
"1968-08-01","f_0_24","00s",3.029,4.059,3.512,266
"1968-09-01","f_0_24","00s",3.05,4.085,3.535,266
"1968-10-01","f_0_24","00s",3.15,4.171,3.627,266
"1968-11-01","f_0_24","00s",3.273,4.226,3.723,266
"1968-12-01","f_0_24","00s",3.378,4.271,3.81,266
"1969-01-01","f_0_24","00s",3.369,4.266,3.805,266
"1969-02-01","f_0_24","00s",3.275,4.167,3.705,266
"1969-03-01","f_0_24","00s",3.477,4.33,3.874,266
"1969-04-01","f_0_24","00s",3.55,4.425,3.948,266
"1969-05-01","f_0_24","00s",3.515,4.438,3.93,266
"1969-06-01","f_0_24","00s",3.575,4.465,3.973,266
"1969-07-01","f_0_24","00s",3.778,4.676,4.185,266
"1969-08-01","f_0_24","00s",3.665,4.559,4.07,266
"1969-09-01","f_0_24","00s",3.684,4.612,4.1,266
"1969-10-01","f_0_24","00s",3.651,4.602,4.081,266
"1969-11-01","f_0_24","00s",3.707,4.647,4.126,266
"1969-12-01","f_0_24","00s",3.777,4.733,4.192,266
"1970-01-01","f_0_24","00s",3.772,4.722,4.182,266
"1970-02-01","f_0_24","00s",3.923,4.864,4.326,266
"1970-03-01","f_0_24","00s",3.896,4.819,4.304,266
"1970-04-01","f_0_24","00s",3.904,4.869,4.321,266
"1970-05-01","f_0_24","00s",3.846,4.805,4.263,266
"1970-06-01","f_0_24","00s",3.79,4.758,4.214,266
"1970-07-01","f_0_24","00s",3.72,4.657,4.127,266
"1970-08-01","f_0_24","00s",3.793,4.719,4.188,266
"1970-09-01","f_0_24","00s",3.778,4.721,4.189,266
"1970-10-01","f_0_24","00s",3.814,4.858,4.256,266
"1970-11-01","f_0_24","00s",3.794,4.862,4.241,266
"1970-12-01","f_0_24","00s",3.902,4.956,4.345,266
"1971-01-01","f_0_24","00s",3.874,4.913,4.316,266
"1971-02-01","f_0_24","00s",3.733,4.794,4.187,266
"1971-03-01","f_0_24","00s",3.601,4.675,4.056,266
"1971-04-01","f_0_24","00s",3.532,4.581,3.985,266
"1971-05-01","f_0_24","00s",3.621,4.665,4.077,266
"1971-06-01","f_0_24","00s",3.689,4.765,4.152,266
"1971-07-01","f_0_24","00s",3.599,4.701,4.073,266
"1971-08-01","f_0_24","00s",3.59,4.684,4.068,266
"1971-09-01","f_0_24","00s",3.48,4.519,3.935,266
"1971-10-01","f_0_24","00s",3.134,4.119,3.601,266
"1971-11-01","f_0_24","00s",2.945,3.903,3.408,266
"1971-12-01","f_0_24","00s",2.733,3.701,3.191,266
"1972-01-01","f_0_24","00s",2.708,3.704,3.166,266
"1972-02-01","f_0_24","00s",2.737,3.71,3.184,266
"1972-03-01","f_0_24","00s",2.759,3.689,3.192,266
"1972-04-01","f_0_24","00s",2.533,3.484,2.995,266
"1972-05-01","f_0_24","00s",2.334,3.266,2.784,266
"1972-06-01","f_0_24","00s",2.107,3.026,2.557,266
"1972-07-01","f_0_24","00s",2.099,3.042,2.548,266
"1972-08-01","f_0_24","00s",2.028,2.975,2.477,266
"1972-09-01","f_0_24","00s",2.079,3.063,2.526,266
"1972-10-01","f_0_24","00s",2.208,3.135,2.608,266
"1972-11-01","f_0_24","00s",2.309,3.251,2.715,266
"1972-12-01","f_0_24","00s",2.328,3.275,2.744,266
"1973-01-01","f_0_24","00s",2.24,3.241,2.696,266
"1973-02-01","f_0_24","00s",2.327,3.37,2.798,266
"1973-03-01","f_0_24","00s",2.431,3.609,2.957,266
"1973-04-01","f_0_24","00s",2.859,4.079,3.378,266
"1973-05-01","f_0_24","00s",3.033,4.381,3.604,266
"1973-06-01","f_0_24","00s",3.203,4.628,3.796,266
"1973-07-01","f_0_24","00s",3.144,4.563,3.745,266
"1973-08-01","f_0_24","00s",3.289,4.873,3.939,266
"1973-09-01","f_0_24","00s",3.298,5.002,3.975,266
"1973-10-01","f_0_24","00s",3.47,5.435,4.229,266
"1973-11-01","f_0_24","00s",3.57,5.799,4.402,266
"1973-12-01","f_0_24","00s",3.78,6.085,4.629,266
"1974-01-01","f_0_24","00s",4.035,6.479,4.904,266
"1974-02-01","f_0_24","00s",4.257,7.017,5.219,266
"1974-03-01","f_0_24","00s",4.565,7.485,5.543,266
"1974-04-01","f_0_24","00s",4.63,7.629,5.644,266
"1974-05-01","f_0_24","00s",5.105,8.122,6.125,266
"1974-06-01","f_0_24","00s",5.471,8.627,6.579,266
"1974-07-01","f_0_24","00s",5.846,9.217,7.045,266
"1974-08-01","f_0_24","00s",6.312,9.742,7.533,266
"1974-09-01","f_0_24","00s",6.721,10.216,8.018,266
"1974-10-01","f_0_24","00s",7.062,10.415,8.342,266
"1974-11-01","f_0_24","00s",7.297,10.438,8.52,266
"1974-12-01","f_0_24","00s",7.434,10.574,8.663,266
"1975-01-01","f_0_24","00s",7.616,10.609,8.814,266
"1975-02-01","f_0_24","00s",7.592,10.247,8.701,266
"1975-03-01","f_0_24","00s",7.25,9.658,8.301,266
"1975-04-01","f_0_24","00s",7.085,9.334,8.084,266
"1975-05-01","f_0_24","00s",6.578,8.708,7.528,266
"1975-06-01","f_0_24","00s",6.286,8.304,7.143,266
"1975-07-01","f_0_24","00s",6.215,8.093,7,266
"1975-08-01","f_0_24","00s",5.721,7.457,6.486,266
"1975-09-01","f_0_24","00s",5.548,7.104,6.224,266
"1975-10-01","f_0_24","00s",5.5,6.953,6.127,266
"1975-11-01","f_0_24","00s",5.373,6.832,5.997,266
"1975-12-01","f_0_24","00s",5.22,6.622,5.831,266
"1976-01-01","f_0_24","00s",4.987,6.357,5.594,266
"1976-02-01","f_0_24","00s",4.792,6.198,5.423,266
"1976-03-01","f_0_24","00s",4.743,6.146,5.39,266
"1976-04-01","f_0_24","00s",4.632,6.024,5.265,266
"1976-05-01","f_0_24","00s",4.821,6.187,5.44,266
"1976-06-01","f_0_24","00s",4.867,6.129,5.462,266
"1976-07-01","f_0_24","00s",4.79,5.952,5.354,266
"1976-08-01","f_0_24","00s",4.937,6.027,5.452,266
"1976-09-01","f_0_24","00s",4.875,5.954,5.392,266
"1976-10-01","f_0_24","00s",4.7,5.851,5.252,266
"1976-11-01","f_0_24","00s",4.68,5.787,5.229,266
"1976-12-01","f_0_24","00s",4.628,5.753,5.173,266
"1977-01-01","f_0_24","00s",4.815,5.907,5.338,266
"1977-02-01","f_0_24","00s",5.096,6.168,5.596,266
"1977-03-01","f_0_24","00s",5.383,6.451,5.87,266
"1977-04-01","f_0_24","00s",5.446,6.595,5.978,266
"1977-05-01","f_0_24","00s",5.446,6.591,5.979,266
"1977-06-01","f_0_24","00s",5.538,6.672,6.068,266
"1977-07-01","f_0_24","00s",5.589,6.72,6.119,266
"1977-08-01","f_0_24","00s",5.557,6.718,6.111,266
"1977-09-01","f_0_24","00s",5.489,6.673,6.045,266
"1977-10-01","f_0_24","00s",5.434,6.567,5.947,266
"1977-11-01","f_0_24","00s",5.541,6.666,6.053,266
"1977-12-01","f_0_24","00s",5.596,6.731,6.111,266
"1978-01-01","f_0_24","00s",5.412,6.614,5.953,266
"1978-02-01","f_0_24","00s",5.241,6.471,5.789,266
"1978-03-01","f_0_24","00s",5.187,6.469,5.745,266
"1978-04-01","f_0_24","00s",5.374,6.657,5.912,266
"1978-05-01","f_0_24","00s",5.551,6.831,6.093,266
"1978-06-01","f_0_24","00s",5.525,6.871,6.101,266
"1978-07-01","f_0_24","00s",5.561,6.972,6.175,266
"1978-08-01","f_0_24","00s",5.607,7.086,6.249,266
"1978-09-01","f_0_24","00s",5.793,7.246,6.432,266
"1978-10-01","f_0_24","00s",6.115,7.57,6.762,266
"1978-11-01","f_0_24","00s",6.213,7.68,6.858,266
"1978-12-01","f_0_24","00s",6.228,7.701,6.892,266
"1979-01-01","f_0_24","00s",6.535,8.022,7.2,266
"1979-02-01","f_0_24","00s",6.686,8.209,7.393,266
"1979-03-01","f_0_24","00s",6.724,8.25,7.442,266
"1979-04-01","f_0_24","00s",6.68,8.26,7.43,266
"1979-05-01","f_0_24","00s",6.779,8.404,7.552,266
"1979-06-01","f_0_24","00s",6.88,8.455,7.624,266
"1979-07-01","f_0_24","00s",7.031,8.549,7.735,266
"1979-08-01","f_0_24","00s",7.237,8.716,7.92,266
"1979-09-01","f_0_24","00s",7.246,8.891,8.015,266
"1979-10-01","f_0_24","00s",7.308,9.061,8.137,266
"1979-11-01","f_0_24","00s",7.24,9.078,8.102,266
"1979-12-01","f_0_24","00s",7.364,9.324,8.259,266
"1980-01-01","f_0_24","00s",7.474,9.519,8.397,266
"1980-02-01","f_0_24","00s",7.603,9.907,8.616,266
"1980-03-01","f_0_24","00s",7.857,10.206,8.854,266
"1980-04-01","f_0_24","00s",7.827,10.162,8.824,266
"1980-05-01","f_0_24","00s",7.794,10.101,8.773,266
"1980-06-01","f_0_24","00s",7.906,10.293,8.924,266
"1980-07-01","f_0_24","00s",7.78,10.245,8.824,266
"1980-08-01","f_0_24","00s",7.792,10.246,8.805,266
"1980-09-01","f_0_24","00s",7.979,10.287,8.912,266
"1980-10-01","f_0_24","00s",7.933,10.136,8.803,266
"1980-11-01","f_0_24","00s",8.031,10.173,8.88,266
"1980-12-01","f_0_24","00s",8.064,10.049,8.866,266
"1981-01-01","f_0_24","00s",8.036,9.957,8.799,266
"1981-02-01","f_0_24","00s",8.092,9.728,8.727,266
"1981-03-01","f_0_24","00s",7.876,9.431,8.52,266
"1981-04-01","f_0_24","00s",7.936,9.427,8.572,266
"1981-05-01","f_0_24","00s",7.715,9.271,8.37,266
"1981-06-01","f_0_24","00s",7.501,8.977,8.124,266
"1981-07-01","f_0_24","00s",7.514,8.952,8.129,266
"1981-08-01","f_0_24","00s",7.357,8.871,8.019,266
"1981-09-01","f_0_24","00s",7.093,8.666,7.802,266
"1981-10-01","f_0_24","00s",6.856,8.413,7.564,266
"1981-11-01","f_0_24","00s",6.654,8.205,7.357,266
"1981-12-01","f_0_24","00s",6.372,7.916,7.066,266
"1982-01-01","f_0_24","00s",6.042,7.573,6.741,266
"1982-02-01","f_0_24","00s",5.639,7.131,6.319,266
"1982-03-01","f_0_24","00s",5.478,6.946,6.144,266
"1982-04-01","f_0_24","00s",5.21,6.648,5.83,266
"1982-05-01","f_0_24","00s",5.175,6.544,5.768,266
"1982-06-01","f_0_24","00s",5.094,6.538,5.706,266
"1982-07-01","f_0_24","00s",5.122,6.59,5.754,266
"1982-08-01","f_0_24","00s",4.896,6.241,5.482,266
"1982-09-01","f_0_24","00s",4.603,5.869,5.135,266
"1982-10-01","f_0_24","00s",4.518,5.857,5.097,266
"1982-11-01","f_0_24","00s",4.254,5.587,4.833,266
"1982-12-01","f_0_24","00s",4.07,5.466,4.678,266
"1983-01-01","f_0_24","00s",4.071,5.405,4.669,266
"1983-02-01","f_0_24","00s",4.017,5.324,4.602,266
"1983-03-01","f_0_24","00s",3.771,5.096,4.37,266
"1983-04-01","f_0_24","00s",3.906,5.285,4.533,266
"1983-05-01","f_0_24","00s",3.68,5.086,4.306,266
"1983-06-01","f_0_24","00s",3.546,4.847,4.135,266
"1983-07-01","f_0_24","00s",3.298,4.588,3.863,266
"1983-08-01","f_0_24","00s",3.214,4.518,3.78,266
"1983-09-01","f_0_24","00s",3.279,4.616,3.863,266
"1983-10-01","f_0_24","00s",3.088,4.358,3.631,266
"1983-11-01","f_0_24","00s",3.198,4.448,3.728,266
"1983-12-01","f_0_24","00s",3.221,4.402,3.72,266
"1984-01-01","f_0_24","00s",3.153,4.352,3.67,266
"1984-02-01","f_0_24","00s",3.195,4.372,3.715,266
"1984-03-01","f_0_24","00s",3.364,4.51,3.868,266
"1984-04-01","f_0_24","00s",3.307,4.407,3.803,266
"1984-05-01","f_0_24","00s",3.239,4.305,3.733,266
"1984-06-01","f_0_24","00s",3.236,4.348,3.761,266
"1984-07-01","f_0_24","00s",3.28,4.39,3.829,266
"1984-08-01","f_0_24","00s",3.364,4.442,3.893,266
"1984-09-01","f_0_24","00s",3.369,4.397,3.871,266
"1984-10-01","f_0_24","00s",3.452,4.451,3.935,266
"1984-11-01","f_0_24","00s",3.29,4.272,3.773,266
"1984-12-01","f_0_24","00s",3.4,4.368,3.876,266
"1985-01-01","f_0_24","00s",3.315,4.244,3.757,266
"1985-02-01","f_0_24","00s",3.401,4.372,3.861,266
"1985-03-01","f_0_24","00s",3.405,4.403,3.869,266
"1985-04-01","f_0_24","00s",3.288,4.241,3.719,266
"1985-05-01","f_0_24","00s",3.373,4.361,3.814,266
"1985-06-01","f_0_24","00s",3.446,4.395,3.862,266
"1985-07-01","f_0_24","00s",3.256,4.176,3.653,266
"1985-08-01","f_0_24","00s",3.228,4.18,3.639,266
"1985-09-01","f_0_24","00s",3.18,4.153,3.609,266
"1985-10-01","f_0_24","00s",3.137,4.12,3.569,266
"1985-11-01","f_0_24","00s",3.226,4.316,3.713,266
"1985-12-01","f_0_24","00s",3.255,4.352,3.748,266
"1986-01-01","f_0_24","00s",3.35,4.44,3.853,266
"1986-02-01","f_0_24","00s",3.105,4.201,3.622,266
"1986-03-01","f_0_24","00s",2.906,4.052,3.448,266
"1986-04-01","f_0_24","00s",2.902,4.094,3.483,266
"1986-05-01","f_0_24","00s",2.819,3.987,3.396,266
"1986-06-01","f_0_24","00s",2.812,4.005,3.399,266
"1986-07-01","f_0_24","00s",2.851,4.069,3.449,266
"1986-08-01","f_0_24","00s",2.793,3.984,3.384,266
"1986-09-01","f_0_24","00s",2.841,4.041,3.424,266
"1986-10-01","f_0_24","00s",2.874,4.078,3.471,266
"1986-11-01","f_0_24","00s",2.871,3.975,3.413,266
"1986-12-01","f_0_24","00s",2.793,3.916,3.335,266
"1987-01-01","f_0_24","00s",2.82,4.023,3.368,266
"1987-02-01","f_0_24","00s",2.878,4.051,3.396,266
"1987-03-01","f_0_24","00s",3.07,4.171,3.564,266
"1987-04-01","f_0_24","00s",3.255,4.329,3.731,266
"1987-05-01","f_0_24","00s",3.356,4.432,3.828,266
"1987-06-01","f_0_24","00s",3.272,4.394,3.763,266
"1987-07-01","f_0_24","00s",3.25,4.365,3.739,266
"1987-08-01","f_0_24","00s",3.34,4.478,3.857,266
"1987-09-01","f_0_24","00s",3.335,4.445,3.838,266
"1987-10-01","f_0_24","00s",3.382,4.494,3.871,266
"1987-11-01","f_0_24","00s",3.376,4.518,3.876,266
"1987-12-01","f_0_24","00s",3.313,4.446,3.811,266
"1988-01-01","f_0_24","00s",3.297,4.366,3.791,266
"1988-02-01","f_0_24","00s",3.278,4.35,3.779,266
"1988-03-01","f_0_24","00s",3.263,4.377,3.776,266
"1988-04-01","f_0_24","00s",3.195,4.372,3.728,266
"1988-05-01","f_0_24","00s",3.184,4.346,3.707,266
"1988-06-01","f_0_24","00s",3.315,4.403,3.809,266
"1988-07-01","f_0_24","00s",3.477,4.639,4.013,266
"1988-08-01","f_0_24","00s",3.472,4.627,3.987,266
"1988-09-01","f_0_24","00s",3.601,4.798,4.134,266
"1988-10-01","f_0_24","00s",3.534,4.801,4.099,266
"1988-11-01","f_0_24","00s",3.571,4.811,4.128,266
"1988-12-01","f_0_24","00s",3.665,4.909,4.216,266
"1989-01-01","f_0_24","00s",3.68,4.995,4.273,266
"1989-02-01","f_0_24","00s",3.756,5.139,4.364,266
"1989-03-01","f_0_24","00s",3.76,5.1,4.343,266
"1989-04-01","f_0_24","00s",3.779,5.091,4.349,266
"1989-05-01","f_0_24","00s",3.845,5.168,4.416,266
"1989-06-01","f_0_24","00s",3.746,5.093,4.316,266
"1989-07-01","f_0_24","00s",3.72,4.955,4.228,266
"1989-08-01","f_0_24","00s",3.611,4.866,4.148,266
"1989-09-01","f_0_24","00s",3.488,4.735,4.016,266
"1989-10-01","f_0_24","00s",3.644,4.805,4.141,266
"1989-11-01","f_0_24","00s",3.637,4.81,4.131,266
"1989-12-01","f_0_24","00s",3.673,4.827,4.175,266
"1990-01-01","f_0_24","00s",3.589,4.749,4.075,266
"1990-02-01","f_0_24","00s",3.55,4.709,4.045,266
"1990-03-01","f_0_24","00s",3.702,4.886,4.214,266
"1990-04-01","f_0_24","00s",3.68,4.817,4.17,266
"1990-05-01","f_0_24","00s",3.612,4.758,4.109,266
"1990-06-01","f_0_24","00s",3.729,4.945,4.272,266
"1990-07-01","f_0_24","00s",3.754,4.984,4.298,266
"1990-08-01","f_0_24","00s",3.916,5.162,4.452,266
"1990-09-01","f_0_24","00s",3.89,5.169,4.453,266
"1990-10-01","f_0_24","00s",3.749,5.096,4.342,266
"1990-11-01","f_0_24","00s",3.622,4.985,4.231,266
"1990-12-01","f_0_24","00s",3.594,4.973,4.195,266
"1991-01-01","f_0_24","00s",3.581,4.971,4.173,266
"1991-02-01","f_0_24","00s",3.503,4.876,4.082,266
"1991-03-01","f_0_24","00s",3.192,4.55,3.757,266
"1991-04-01","f_0_24","00s",3.115,4.472,3.676,266
"1991-05-01","f_0_24","00s",3.182,4.523,3.742,266
"1991-06-01","f_0_24","00s",2.965,4.263,3.494,266
"1991-07-01","f_0_24","00s",2.799,4.165,3.368,266
"1991-08-01","f_0_24","00s",2.614,4.015,3.202,266
"1991-09-01","f_0_24","00s",2.587,3.977,3.173,266
"1991-10-01","f_0_24","00s",2.534,3.858,3.093,266
"1991-11-01","f_0_24","00s",2.686,3.989,3.23,266
"1991-12-01","f_0_24","00s",2.699,4.004,3.254,266
"1992-01-01","f_0_24","00s",2.596,3.819,3.131,266
"1992-02-01","f_0_24","00s",2.643,3.851,3.17,266
"1992-03-01","f_0_24","00s",2.749,3.993,3.294,266
"1992-04-01","f_0_24","00s",2.65,3.93,3.218,266
"1992-05-01","f_0_24","00s",2.51,3.851,3.107,266
"1992-06-01","f_0_24","00s",2.474,3.875,3.108,266
"1992-07-01","f_0_24","00s",2.485,3.865,3.109,266
"1992-08-01","f_0_24","00s",2.476,3.792,3.059,266
"1992-09-01","f_0_24","00s",2.342,3.647,2.913,266
"1992-10-01","f_0_24","00s",2.4,3.731,2.977,266
"1992-11-01","f_0_24","00s",2.365,3.677,2.937,266
"1992-12-01","f_0_24","00s",2.277,3.576,2.836,266
"1993-01-01","f_0_24","00s",2.279,3.573,2.839,266
"1993-02-01","f_0_24","00s",2.271,3.499,2.808,266
"1993-03-01","f_0_24","00s",2.192,3.366,2.713,266
"1993-04-01","f_0_24","00s",2.307,3.422,2.801,266
"1993-05-01","f_0_24","00s",2.376,3.423,2.837,266
"1993-06-01","f_0_24","00s",2.378,3.32,2.79,266
"1993-07-01","f_0_24","00s",2.369,3.251,2.748,266
"1993-08-01","f_0_24","00s",2.316,3.178,2.695,266
"1993-09-01","f_0_24","00s",2.352,3.162,2.705,266
"1993-10-01","f_0_24","00s",2.294,3.081,2.632,266
"1993-11-01","f_0_24","00s",2.231,2.999,2.56,266
"1993-12-01","f_0_24","00s",2.135,2.918,2.493,266
"1994-01-01","f_0_24","00s",2.076,2.865,2.455,266
"1994-02-01","f_0_24","00s",2.056,2.857,2.445,266
"1994-03-01","f_0_24","00s",2.104,2.888,2.488,266
"1994-04-01","f_0_24","00s",1.99,2.788,2.387,266
"1994-05-01","f_0_24","00s",1.946,2.723,2.34,266
"1994-06-01","f_0_24","00s",1.964,2.79,2.387,266
"1994-07-01","f_0_24","00s",1.996,2.838,2.42,266
"1994-08-01","f_0_24","00s",2,2.815,2.411,266
"1994-09-01","f_0_24","00s",1.985,2.794,2.404,266
"1994-10-01","f_0_24","00s",1.922,2.733,2.352,266
"1994-11-01","f_0_24","00s",1.924,2.746,2.365,266
"1994-12-01","f_0_24","00s",1.919,2.715,2.343,266
"1995-01-01","f_0_24","00s",2.043,2.844,2.446,266
"1995-02-01","f_0_24","00s",1.982,2.763,2.369,266
"1995-03-01","f_0_24","00s",1.934,2.731,2.334,266
"1995-04-01","f_0_24","00s",1.99,2.766,2.376,266
"1995-05-01","f_0_24","00s",1.936,2.73,2.328,266
"1995-06-01","f_0_24","00s",1.904,2.644,2.265,266
"1995-07-01","f_0_24","00s",1.83,2.544,2.197,266
"1995-08-01","f_0_24","00s",1.875,2.614,2.252,266
"1995-09-01","f_0_24","00s",1.866,2.622,2.259,266
"1995-10-01","f_0_24","00s",1.966,2.702,2.346,266
"1995-11-01","f_0_24","00s",1.91,2.661,2.304,266
"1995-12-01","f_0_24","00s",1.96,2.717,2.349,266
"1996-01-01","f_0_24","00s",1.901,2.615,2.27,266
"1996-02-01","f_0_24","00s",1.922,2.659,2.291,266
"1996-03-01","f_0_24","00s",1.931,2.664,2.281,266
"1996-04-01","f_0_24","00s",1.891,2.647,2.245,266
"1996-05-01","f_0_24","00s",1.931,2.677,2.278,266
"1996-06-01","f_0_24","00s",1.947,2.716,2.314,266
"1996-07-01","f_0_24","00s",1.983,2.78,2.351,266
"1996-08-01","f_0_24","00s",1.963,2.755,2.34,266
"1996-09-01","f_0_24","00s",2.045,2.842,2.406,266
"1996-10-01","f_0_24","00s",2.022,2.836,2.386,266
"1996-11-01","f_0_24","00s",2.098,2.887,2.438,266
"1996-12-01","f_0_24","00s",2.084,2.851,2.417,266
"1997-01-01","f_0_24","00s",2.018,2.811,2.372,266
"1997-02-01","f_0_24","00s",2.002,2.789,2.362,266
"1997-03-01","f_0_24","00s",1.973,2.748,2.337,266
"1997-04-01","f_0_24","00s",1.955,2.726,2.327,266
"1997-05-01","f_0_24","00s",1.873,2.645,2.254,266
"1997-06-01","f_0_24","00s",1.849,2.648,2.239,266
"1997-07-01","f_0_24","00s",1.732,2.559,2.135,266
"1997-08-01","f_0_24","00s",1.675,2.49,2.065,266
"1997-09-01","f_0_24","00s",1.661,2.439,2.04,266
"1997-10-01","f_0_24","00s",1.442,2.231,1.837,266
"1997-11-01","f_0_24","00s",1.322,2.143,1.746,266
"1997-12-01","f_0_24","00s",1.239,2.119,1.692,266
"1998-01-01","f_0_24","00s",1.2,2.064,1.649,266
"1998-02-01","f_0_24","00s",1.11,2.008,1.597,266
"1998-03-01","f_0_24","00s",1.105,2.035,1.618,266
"1998-04-01","f_0_24","00s",1.106,2.021,1.608,266
"1998-05-01","f_0_24","00s",1.13,2.099,1.656,266
"1998-06-01","f_0_24","00s",1.11,2.036,1.607,266
"1998-07-01","f_0_24","00s",1.201,2.064,1.671,266
"1998-08-01","f_0_24","00s",1.265,2.155,1.746,266
"1998-09-01","f_0_24","00s",1.155,2.142,1.694,266
"1998-10-01","f_0_24","00s",1.295,2.252,1.816,266
"1998-11-01","f_0_24","00s",1.311,2.269,1.841,266
"1998-12-01","f_0_24","00s",1.329,2.296,1.872,266
"1999-01-01","f_0_24","00s",1.374,2.33,1.904,266
"1999-02-01","f_0_24","00s",1.342,2.3,1.859,266
"1999-03-01","f_0_24","00s",1.289,2.217,1.785,266
"1999-04-01","f_0_24","00s",1.347,2.31,1.85,266
"1999-05-01","f_0_24","00s",1.352,2.271,1.83,266
"1999-06-01","f_0_24","00s",1.359,2.277,1.841,266
"1999-07-01","f_0_24","00s",1.409,2.323,1.884,266
"1999-08-01","f_0_24","00s",1.362,2.247,1.825,266
"1999-09-01","f_0_24","00s",1.484,2.305,1.892,266
"1999-10-01","f_0_24","00s",1.483,2.301,1.883,266
"1999-11-01","f_0_24","00s",1.52,2.337,1.904,266
"1999-12-01","f_0_24","00s",1.595,2.357,1.931,266
"2000-01-01","f_0_24","00s",1.689,2.478,2.042,266
"2000-02-01","f_0_24","00s",1.831,2.582,2.166,266
"2000-03-01","f_0_24","00s",1.943,2.706,2.274,266
"2000-04-01","f_0_24","00s",1.821,2.621,2.194,266
"2000-05-01","f_0_24","00s",1.843,2.638,2.221,266
"2000-06-01","f_0_24","00s",1.899,2.683,2.269,266
"2000-07-01","f_0_24","00s",1.934,2.768,2.318,266
"2000-08-01","f_0_24","00s",1.946,2.778,2.331,266
"2000-09-01","f_0_24","00s",1.978,2.795,2.375,266
"2000-10-01","f_0_24","00s",1.956,2.806,2.387,266
"2000-11-01","f_0_24","00s",1.981,2.819,2.409,266
"2000-12-01","f_0_24","00s",1.99,2.845,2.448,266
"2001-01-01","f_0_24","00s",2.037,2.949,2.498,266
"2001-02-01","f_0_24","00s",2.094,2.994,2.544,266
"2001-03-01","f_0_24","00s",2.057,2.968,2.511,266
"2001-04-01","f_0_24","00s",2.171,3.052,2.618,266
"2001-05-01","f_0_24","00s",2.174,3.051,2.608,266
"2001-06-01","f_0_24","00s",2.239,3.133,2.688,266
"2001-07-01","f_0_24","00s",2.172,3.053,2.625,266
"2001-08-01","f_0_24","00s",2.195,3.155,2.686,266
"2001-09-01","f_0_24","00s",2.132,3.108,2.626,266
"2001-10-01","f_0_24","00s",2.149,3.119,2.628,266
"2001-11-01","f_0_24","00s",2.154,3.114,2.617,266
"2001-12-01","f_0_24","00s",2.079,3.042,2.533,266
"2002-01-01","f_0_24","00s",1.894,2.796,2.351,266
"2002-02-01","f_0_24","00s",1.832,2.799,2.311,266
"2002-03-01","f_0_24","00s",1.86,2.829,2.341,266
"2002-04-01","f_0_24","00s",1.842,2.795,2.288,266
"2002-05-01","f_0_24","00s",1.813,2.767,2.261,266
"2002-06-01","f_0_24","00s",1.73,2.682,2.172,266
"2002-07-01","f_0_24","00s",1.77,2.707,2.2,266
"2002-08-01","f_0_24","00s",1.769,2.646,2.159,266
"2002-09-01","f_0_24","00s",1.824,2.692,2.203,266
"2002-10-01","f_0_24","00s",1.838,2.692,2.216,266
"2002-11-01","f_0_24","00s",1.819,2.678,2.203,266
"2002-12-01","f_0_24","00s",1.864,2.737,2.251,266
"2003-01-01","f_0_24","00s",1.868,2.768,2.264,266
"2003-02-01","f_0_24","00s",1.839,2.718,2.223,266
"2003-03-01","f_0_24","00s",1.813,2.695,2.198,266
"2003-04-01","f_0_24","00s",1.69,2.581,2.084,266
"2003-05-01","f_0_24","00s",1.69,2.605,2.086,266
"2003-06-01","f_0_24","00s",1.612,2.562,2.021,266
"2003-07-01","f_0_24","00s",1.636,2.572,2.044,266
"2003-08-01","f_0_24","00s",1.664,2.587,2.063,266
"2003-09-01","f_0_24","00s",1.593,2.517,1.99,266
"2003-10-01","f_0_24","00s",1.604,2.551,2.011,266
"2003-11-01","f_0_24","00s",1.578,2.543,1.997,266
"2003-12-01","f_0_24","00s",1.541,2.523,1.96,266
"2004-01-01","f_0_24","00s",1.627,2.677,2.061,266
"2004-02-01","f_0_24","00s",1.687,2.712,2.119,266
"2004-03-01","f_0_24","00s",1.683,2.677,2.108,266
"2004-04-01","f_0_24","00s",1.894,2.846,2.304,266
"2004-05-01","f_0_24","00s",1.954,2.876,2.361,266
"2004-06-01","f_0_24","00s",2.099,2.972,2.477,266
"2004-07-01","f_0_24","00s",2.033,2.91,2.421,266
"2004-08-01","f_0_24","00s",1.973,2.895,2.399,266
"2004-09-01","f_0_24","00s",1.962,2.882,2.385,266
"2004-10-01","f_0_24","00s",1.944,2.88,2.373,266
"2004-11-01","f_0_24","00s",1.955,2.95,2.406,266
"2004-12-01","f_0_24","00s",1.987,2.932,2.433,266
"2005-01-01","f_0_24","00s",2.078,2.945,2.492,266
"2005-02-01","f_0_24","00s",2.088,2.957,2.506,266
"2005-03-01","f_0_24","00s",2.096,2.99,2.512,266
"2005-04-01","f_0_24","00s",1.975,2.932,2.412,266
"2005-05-01","f_0_24","00s",1.962,2.913,2.396,266
"2005-06-01","f_0_24","00s",1.892,2.859,2.335,266
"2005-07-01","f_0_24","00s",1.954,2.901,2.382,266
"2005-08-01","f_0_24","00s",1.97,2.872,2.371,266
"2005-09-01","f_0_24","00s",2.054,2.997,2.481,266
"2005-10-01","f_0_24","00s",2.111,3.063,2.539,266
"2005-11-01","f_0_24","00s",2.19,3.061,2.578,266
"2005-12-01","f_0_24","00s",2.143,3.023,2.535,266
"2006-01-01","f_0_24","00s",2.099,2.95,2.487,266
"2006-02-01","f_0_24","00s",2.04,2.89,2.429,266
"2006-03-01","f_0_24","00s",2.087,2.909,2.481,266
"2006-04-01","f_0_24","00s",2.19,2.958,2.564,266
"2006-05-01","f_0_24","00s",2.304,3.079,2.684,266
"2006-06-01","f_0_24","00s",2.476,3.226,2.846,266
"2006-07-01","f_0_24","00s",2.447,3.233,2.847,266
"2006-08-01","f_0_24","00s",2.535,3.307,2.927,266
"2006-09-01","f_0_24","00s",2.499,3.241,2.882,266
"2006-10-01","f_0_24","00s",2.471,3.189,2.841,266
"2006-11-01","f_0_24","00s",2.319,3.046,2.702,266
"2006-12-01","f_0_24","00s",2.451,3.17,2.829,266
"2007-01-01","f_0_24","00s",2.486,3.253,2.868,266
"2007-02-01","f_0_24","00s",2.598,3.355,2.975,266
"2007-03-01","f_0_24","00s",2.529,3.306,2.904,266
"2007-04-01","f_0_24","00s",2.444,3.222,2.811,266
"2007-05-01","f_0_24","00s",2.276,3.056,2.646,266
"2007-06-01","f_0_24","00s",2.166,2.961,2.543,266
"2007-07-01","f_0_24","00s",2.14,2.916,2.494,266
"2007-08-01","f_0_24","00s",2.073,2.86,2.434,266
"2007-09-01","f_0_24","00s",2.152,2.967,2.509,266
"2007-10-01","f_0_24","00s",2.228,3.071,2.584,266
"2007-11-01","f_0_24","00s",2.439,3.269,2.787,266
"2007-12-01","f_0_24","00s",2.428,3.275,2.762,266
"2008-01-01","f_0_24","00s",2.356,3.164,2.681,266
"2008-02-01","f_0_24","00s",2.262,3.095,2.585,266
"2008-03-01","f_0_24","00s",2.307,3.144,2.63,266
"2008-04-01","f_0_24","00s",2.302,3.161,2.657,266
"2008-05-01","f_0_24","00s",2.293,3.225,2.686,266
"2008-06-01","f_0_24","00s",2.329,3.321,2.739,266
"2008-07-01","f_0_24","00s",2.387,3.488,2.837,266
"2008-08-01","f_0_24","00s",2.348,3.471,2.809,266
"2008-09-01","f_0_24","00s",2.245,3.34,2.704,266
"2008-10-01","f_0_24","00s",2.004,3.172,2.551,266
"2008-11-01","f_0_24","00s",1.769,3.06,2.424,266
"2008-12-01","f_0_24","00s",1.556,2.885,2.261,266
"2009-01-01","f_0_24","00s",1.548,2.885,2.276,266
"2009-02-01","f_0_24","00s",1.526,2.839,2.251,266
"2009-03-01","f_0_24","00s",1.371,2.735,2.164,266
"2009-04-01","f_0_24","00s",1.326,2.665,2.092,266
"2009-05-01","f_0_24","00s",1.324,2.589,2.047,266
"2009-06-01","f_0_24","00s",1.216,2.443,1.924,266
"2009-07-01","f_0_24","00s",0.979,2.1,1.648,266
"2009-08-01","f_0_24","00s",0.953,2.153,1.649,266
"2009-09-01","f_0_24","00s",0.813,2.088,1.53,266
"2009-10-01","f_0_24","00s",0.896,2.251,1.605,266
"2009-11-01","f_0_24","00s",0.92,2.193,1.525,266
"2009-12-01","f_0_24","00s",0.956,2.19,1.522,266
"2010-01-01","f_0_24","00s",0.805,2.057,1.359,266
"2010-02-01","f_0_24","00s",0.672,1.956,1.246,266
"2010-03-01","f_0_24","00s",0.63,1.903,1.176,266
"2010-04-01","f_0_24","00s",0.554,1.865,1.116,266
"2010-05-01","f_0_24","00s",0.485,1.798,1.042,266
"2010-06-01","f_0_24","00s",0.4,1.693,0.959,266
"2010-07-01","f_0_24","00s",0.46,1.751,1.014,266
"2010-08-01","f_0_24","00s",0.48,1.692,1.002,266
"2010-09-01","f_0_24","00s",0.557,1.672,1.047,266
"2010-10-01","f_0_24","00s",0.513,1.451,0.908,266
"2010-11-01","f_0_24","00s",0.541,1.464,0.939,266
"2010-12-01","f_0_24","00s",0.603,1.5,0.982,266
"2011-01-01","f_0_24","00s",0.688,1.655,1.092,266
"2011-02-01","f_0_24","00s",0.834,1.837,1.258,266
"2011-03-01","f_0_24","00s",0.975,1.99,1.399,266
"2011-04-01","f_0_24","00s",1.122,2.167,1.541,266
"2011-05-01","f_0_24","00s",1.234,2.388,1.698,266
"2011-06-01","f_0_24","00s",1.298,2.446,1.759,266
"2011-07-01","f_0_24","00s",1.383,2.521,1.842,266
"2011-08-01","f_0_24","00s",1.475,2.616,1.926,266
"2011-09-01","f_0_24","00s",1.509,2.683,1.972,266
"2011-10-01","f_0_24","00s",1.529,2.715,2.042,266
"2011-11-01","f_0_24","00s",1.58,2.773,2.088,266
"2011-12-01","f_0_24","00s",1.66,2.841,2.167,266
"2012-01-01","f_0_24","00s",1.733,2.866,2.213,266
"2012-02-01","f_0_24","00s",1.709,2.809,2.148,266
"2012-03-01","f_0_24","00s",1.73,2.753,2.126,266
"2012-04-01","f_0_24","00s",1.678,2.639,2.067,266
"2012-05-01","f_0_24","00s",1.643,2.479,1.987,266
"2012-06-01","f_0_24","00s",1.62,2.451,1.957,266
"2012-07-01","f_0_24","00s",1.586,2.437,1.938,266
"2012-08-01","f_0_24","00s",1.533,2.348,1.882,266
"2012-09-01","f_0_24","00s",1.536,2.318,1.873,266
"2012-10-01","f_0_24","00s",1.572,2.394,1.874,266
"2012-11-01","f_0_24","00s",1.499,2.28,1.8,266
"2012-12-01","f_0_24","00s",1.416,2.215,1.727,266
"2013-01-01","f_0_24","00s",1.388,2.134,1.69,266
"2013-02-01","f_0_24","00s",1.411,2.11,1.709,266
"2013-03-01","f_0_24","00s",1.32,2.067,1.646,266
"2013-04-01","f_0_24","00s",1.153,1.98,1.514,266
"2013-05-01","f_0_24","00s",1.109,1.993,1.5,266
"2013-06-01","f_0_24","00s",1.214,2.087,1.602,266
"2013-07-01","f_0_24","00s",1.249,2.087,1.62,266
"2013-08-01","f_0_24","00s",1.192,2.081,1.59,266
"2013-09-01","f_0_24","00s",1.158,2.069,1.581,266
"2013-10-01","f_0_24","00s",1.197,2.026,1.608,266
"2013-11-01","f_0_24","00s",1.285,2.114,1.69,266
"2013-12-01","f_0_24","00s",1.317,2.136,1.715,266
"2014-01-01","f_0_24","00s",1.282,2.108,1.681,266
"2014-02-01","f_0_24","00s",1.215,2.051,1.625,266
"2014-03-01","f_0_24","00s",1.252,2.047,1.643,266
"2014-04-01","f_0_24","00s",1.436,2.159,1.784,266
"2014-05-01","f_0_24","00s",1.51,2.181,1.833,266
"2014-06-01","f_0_24","00s",1.484,2.152,1.802,266
"2014-07-01","f_0_24","00s",1.488,2.169,1.808,266
"2014-08-01","f_0_24","00s",1.458,2.112,1.768,266
"2014-09-01","f_0_24","00s",1.491,2.127,1.782,266
"2014-10-01","f_0_24","00s",1.362,2.113,1.723,266
"2014-11-01","f_0_24","00s",1.305,2.093,1.69,266
"2014-12-01","f_0_24","00s",1.301,2.091,1.691,266
"2015-01-01","f_0_24","00s",1.128,1.995,1.563,266
"2015-02-01","f_0_24","00s",1.196,2.057,1.629,266
"2015-03-01","f_0_24","00s",1.203,2.062,1.627,266
"2015-04-01","f_0_24","00s",1.226,2.098,1.663,266
"2015-05-01","f_0_24","00s",1.177,2.052,1.619,266
"2015-06-01","f_0_24","00s",1.148,2.071,1.619,266
"2015-07-01","f_0_24","00s",1.137,2.064,1.614,266
"2015-08-01","f_0_24","00s",1.159,2.066,1.626,266
"2015-09-01","f_0_24","00s",1.155,2.07,1.626,266
"2015-10-01","f_0_24","00s",1.164,1.974,1.58,266
"2015-11-01","f_0_24","00s",1.147,1.926,1.548,266
"2015-12-01","f_0_24","00s",1.085,1.877,1.502,266
"2016-01-01","f_0_24","00s",1.238,1.965,1.626,266
"2016-02-01","f_0_24","00s",1.231,1.96,1.62,266
"2016-03-01","f_0_24","00s",1.266,2.004,1.666,266
"2016-04-01","f_0_24","00s",1.293,2.041,1.687,266
"2016-05-01","f_0_24","00s",1.376,2.134,1.773,266
"2016-06-01","f_0_24","00s",1.364,2.09,1.741,266
"2016-07-01","f_0_24","00s",1.359,2.117,1.744,266
"2016-08-01","f_0_24","00s",1.397,2.184,1.79,266
"2016-09-01","f_0_24","00s",1.425,2.229,1.827,266
"2016-10-01","f_0_24","00s",1.541,2.33,1.927,266
"2016-11-01","f_0_24","00s",1.518,2.319,1.908,266
"2016-12-01","f_0_24","00s",1.586,2.365,1.955,266
"2017-01-01","f_0_24","00s",1.662,2.418,2.012,266
"2017-02-01","f_0_24","00s",1.63,2.392,1.973,266
"2017-03-01","f_0_24","00s",1.586,2.337,1.918,266
"2017-04-01","f_0_24","00s",1.498,2.213,1.834,266
"2017-05-01","f_0_24","00s",1.408,2.123,1.739,266
"2017-06-01","f_0_24","00s",1.425,2.148,1.766,266
"2017-07-01","f_0_24","00s",1.38,2.09,1.723,266
"2017-08-01","f_0_24","00s",1.361,2.078,1.713,266
"2017-09-01","f_0_24","00s",1.334,2.022,1.671,266
"2017-10-01","f_0_24","00s",1.336,2.072,1.683,266
"2017-11-01","f_0_24","00s",1.356,2.099,1.708,266
"2017-12-01","f_0_24","00s",1.392,2.148,1.745,266
"2018-01-01","f_0_24","00s",1.444,2.24,1.802,266
"2018-02-01","f_0_24","00s",1.485,2.284,1.846,266
"2018-03-01","f_0_24","00s",1.489,2.291,1.855,266
"2018-04-01","f_0_24","00s",1.489,2.306,1.85,266
"2018-05-01","f_0_24","00s",1.54,2.342,1.898,266
"2018-06-01","f_0_24","00s",1.575,2.358,1.919,266
"2018-07-01","f_0_24","00s",1.625,2.378,1.953,266
"2018-08-01","f_0_24","00s",1.639,2.371,1.954,266
"2018-09-01","f_0_24","00s",1.669,2.41,1.989,266
"2018-10-01","f_0_24","00s",1.665,2.368,1.984,266
"2018-11-01","f_0_24","00s",1.737,2.431,2.051,266
"2018-12-01","f_0_24","00s",1.737,2.424,2.051,266
"2019-01-01","f_0_24","00s",1.611,2.272,1.934,266
"2019-02-01","f_0_24","00s",1.636,2.296,1.971,266
"2019-03-01","f_0_24","00s",1.667,2.349,2.006,266
"2019-04-01","f_0_24","00s",1.751,2.498,2.12,266
"2019-05-01","f_0_24","00s",1.668,2.43,2.046,266
"2019-06-01","f_0_24","00s",1.61,2.39,1.995,266
"2019-07-01","f_0_24","00s",1.657,2.437,2.038,266
"2019-08-01","f_0_24","00s",1.675,2.452,2.058,266
"2019-09-01","f_0_24","00s",1.582,2.394,1.978,266
"2019-10-01","f_0_24","00s",1.621,2.48,2.024,266
"2019-11-01","f_0_24","00s",1.589,2.427,1.976,266
"2019-12-01","f_0_24","00s",1.575,2.43,1.968,266
"2020-01-01","f_0_24","00s",1.659,2.499,2.047,266
"2020-02-01","f_0_24","00s",1.648,2.49,2.036,266
"2020-03-01","f_0_24","00s",1.594,2.44,1.992,266
"2020-04-01","f_0_24","00s",1.481,2.301,1.887,266
"2020-05-01","f_0_24","00s",1.564,2.4,1.976,266
"2020-06-01","f_0_24","00s",1.573,2.482,2.011,266
"2020-07-01","f_0_24","00s",1.599,2.582,2.054,266
"2020-08-01","f_0_24","00s",1.625,2.662,2.087,266
"2020-09-01","f_0_24","00s",1.634,2.677,2.085,266
"2020-10-01","f_0_24","00s",1.57,2.564,2.016,266
"2020-11-01","f_0_24","00s",1.486,2.548,1.957,266
"2020-12-01","f_0_24","00s",1.476,2.583,1.95,266
"2021-01-01","f_0_24","00s",1.404,2.618,1.896,266
"2021-02-01","f_0_24","00s",1.459,2.726,1.954,266
"2021-03-01","f_0_24","00s",1.548,2.863,2.033,266
"2021-04-01","f_0_24","00s",1.681,3.041,2.141,266
"2021-05-01","f_0_24","00s",1.734,3.185,2.206,266
"2021-06-01","f_0_24","00s",1.802,3.289,2.276,266
"2021-07-01","f_0_24","00s",1.866,3.379,2.351,266
"2021-08-01","f_0_24","00s",1.921,3.485,2.422,266
"2021-09-01","f_0_24","00s",2.163,3.722,2.664,266
"2021-10-01","f_0_24","00s",2.408,4.133,2.959,266
"2021-11-01","f_0_24","00s",2.658,4.457,3.224,266
"2021-12-01","f_0_24","00s",2.903,4.729,3.48,266
"2022-01-01","f_0_24","00s",3.249,5.121,3.88,266
"2022-02-01","f_0_24","00s",3.413,5.354,4.055,266
"2022-03-01","f_0_24","00s",3.439,5.511,4.146,266
"2022-04-01","f_0_24","00s",3.466,5.504,4.186,266
"2022-05-01","f_0_24","00s",3.645,5.674,4.384,266
"2022-06-01","f_0_24","00s",4.084,6.09,4.83,266
"2022-07-01","f_0_24","00s",4.12,6.114,4.892,266
"2022-08-01","f_0_24","00s",4.306,6.265,5.096,266
"2022-09-01","f_0_24","00s",4.216,6.279,5.085,266
"2022-10-01","f_0_24","00s",4.253,6.181,5.082,266
"2022-11-01","f_0_24","00s",4.143,6.066,5.014,266
"2022-12-01","f_0_24","00s",4.074,5.962,4.95,266
"2023-01-01","f_0_24","00s",3.952,5.743,4.785,266
"2023-02-01","f_0_24","00s",3.856,5.606,4.716,266
"2023-03-01","f_0_24","00s",3.967,5.523,4.757,266
"2023-04-01","f_0_24","00s",4.042,5.555,4.822,266
"2023-05-01","f_0_24","00s",3.925,5.373,4.689,266
"2023-06-01","f_0_24","00s",3.478,4.882,4.233,266
"2023-07-01","f_0_24","00s",3.397,4.733,4.105,266
"2023-08-01","f_0_24","00s",3.164,4.45,3.838,266
"2023-09-01","f_0_24","00s",3.151,4.343,3.757,266
"2023-10-01","f_0_24","00s",2.957,4.17,3.574,266
"2023-11-01","f_0_24","00s",2.946,4.065,3.502,266
"2023-12-01","f_0_24","00s",2.761,3.88,3.326,266
"2024-01-01","f_0_24","00s",2.837,3.919,3.378,266
"2024-02-01","f_0_24","00s",2.717,3.793,3.241,266
"2024-03-01","f_0_24","00s",2.656,3.757,3.179,266
"2024-04-01","f_0_24","00s",2.52,3.634,3.05,266
"2024-05-01","f_0_24","00s",2.395,3.558,2.948,266
"2024-06-01","f_0_24","00s",2.386,3.513,2.923,266
"2024-07-01","f_0_24","00s",2.323,3.433,2.857,266
"2024-08-01","f_0_24","00s",2.313,3.417,2.839,266
"2024-09-01","f_0_24","00s",2.33,3.406,2.858,266
"2024-10-01","f_0_24","00s",2.352,3.407,2.865,266
"2024-11-01","f_0_24","00s",2.346,3.423,2.865,266
"2024-12-01","f_0_24","00s",2.452,3.516,2.961,266
"2025-01-01","f_0_24","00s",2.228,3.332,2.733,266
"2025-02-01","f_0_24","00s",2.294,3.334,2.765,266
"2025-03-01","f_0_24","00s",2.265,3.297,2.754,266
"2025-04-01","f_0_24","00s",2.346,3.351,2.813,266
"2025-05-01","f_0_24","00s",2.39,3.309,2.809,266
"2025-06-01","f_0_24","00s",2.517,3.421,2.921,266
"2025-07-01","f_0_24","00s",2.485,3.421,2.911,266
"2025-08-01","f_0_24","00s",2.538,3.486,2.971,266
"2025-09-01","f_0_24","00s",2.452,3.438,2.88,266
"2025-10-01","f_0_24","00s",2.339,3.335,2.757,266
"2025-11-01","f_0_24","00s",2.294,3.256,2.697,266
"2025-12-01","f_0_24","00s",2.269,3.238,2.663,266
"2026-01-01","f_0_24","00s",2.248,3.264,2.647,266
"2026-02-01","f_0_24","00s",2.174,3.249,2.587,266
"2026-03-01","f_0_24","00s",2.181,3.253,2.575,266
"2026-04-01","f_0_24","00s",2.111,3.261,2.532,266
"2026-05-01","f_0_24","00s",2.141,3.315,2.569,266
"2026-06-01","f_0_24","00s",1.995,3.207,2.434,266
"2026-07-01","f_0_24","00s",1.987,3.187,2.423,266
"2026-08-01","f_0_24","00s",1.937,3.146,2.366,266
"1960-01-01","f_12_24","long",0.32,1.94,1.065,448
"1960-02-01","f_12_24","long",0.319,1.943,1.069,448
"1960-03-01","f_12_24","long",0.319,1.917,1.051,448
"1960-04-01","f_12_24","long",0.201,1.885,0.988,448
"1960-05-01","f_12_24","long",0.198,1.844,0.956,448
"1960-06-01","f_12_24","long",0.094,1.654,0.782,448
"1960-07-01","f_12_24","long",0.164,1.677,0.833,448
"1960-08-01","f_12_24","long",0.165,1.645,0.813,448
"1960-09-01","f_12_24","long",0.105,1.542,0.709,448
"1960-10-01","f_12_24","long",0.104,1.477,0.64,448
"1960-11-01","f_12_24","long",0.111,1.55,0.711,448
"1960-12-01","f_12_24","long",0.111,1.523,0.686,448
"1961-01-01","f_12_24","long",0.116,1.498,0.677,448
"1961-02-01","f_12_24","long",0.116,1.445,0.656,448
"1961-03-01","f_12_24","long",0.08,1.367,0.633,448
"1961-04-01","f_12_24","long",0.028,1.214,0.507,448
"1961-05-01","f_12_24","long",0.027,1.178,0.487,448
"1961-06-01","f_12_24","long",0.028,1.199,0.496,448
"1961-07-01","f_12_24","long",-0.04,1.149,0.424,448
"1961-08-01","f_12_24","long",-0.041,1.062,0.396,448
"1961-09-01","f_12_24","long",-0.04,1.094,0.403,448
"1961-10-01","f_12_24","long",-0.056,1.024,0.379,448
"1961-11-01","f_12_24","long",-0.063,0.936,0.304,448
"1961-12-01","f_12_24","long",-0.071,0.853,0.263,448
"1962-01-01","f_12_24","long",0.047,1.076,0.452,448
"1962-02-01","f_12_24","long",0.053,1.174,0.514,448
"1962-03-01","f_12_24","long",0.119,1.365,0.644,448
"1962-04-01","f_12_24","long",0.075,1.288,0.6,448
"1962-05-01","f_12_24","long",0.076,1.31,0.621,448
"1962-06-01","f_12_24","long",0.076,1.338,0.637,448
"1962-07-01","f_12_24","long",0.072,1.264,0.581,448
"1962-08-01","f_12_24","long",0.074,1.33,0.621,448
"1962-09-01","f_12_24","long",0.073,1.455,0.651,448
"1962-10-01","f_12_24","long",0.023,1.427,0.632,448
"1962-11-01","f_12_24","long",0.023,1.424,0.627,448
"1962-12-01","f_12_24","long",-0.024,1.38,0.613,448
"1963-01-01","f_12_24","long",-0.108,1.318,0.549,448
"1963-02-01","f_12_24","long",-0.113,1.248,0.502,448
"1963-03-01","f_12_24","long",-0.149,1.078,0.378,448
"1963-04-01","f_12_24","long",-0.115,1.113,0.391,448
"1963-05-01","f_12_24","long",-0.068,1.246,0.51,448
"1963-06-01","f_12_24","long",-0.068,1.26,0.511,448
"1963-07-01","f_12_24","long",-0.067,1.305,0.529,448
"1963-08-01","f_12_24","long",-0.069,1.319,0.508,448
"1963-09-01","f_12_24","long",-0.069,1.133,0.449,448
"1963-10-01","f_12_24","long",0.076,1.341,0.624,448
"1963-11-01","f_12_24","long",0.076,1.369,0.631,448
"1963-12-01","f_12_24","long",0.131,1.479,0.671,448
"1964-01-01","f_12_24","long",0.12,1.439,0.624,448
"1964-02-01","f_12_24","long",0.12,1.475,0.651,448
"1964-03-01","f_12_24","long",0.089,1.462,0.645,448
"1964-04-01","f_12_24","long",0.096,1.482,0.652,448
"1964-05-01","f_12_24","long",0.048,1.312,0.51,448
"1964-06-01","f_12_24","long",0.045,1.233,0.474,448
"1964-07-01","f_12_24","long",0.045,1.184,0.447,448
"1964-08-01","f_12_24","long",0.045,1.161,0.457,448
"1964-09-01","f_12_24","long",0.044,1.154,0.446,448
"1964-10-01","f_12_24","long",-0.036,1.019,0.308,448
"1964-11-01","f_12_24","long",-0.035,1.038,0.329,448
"1964-12-01","f_12_24","long",-0.036,1.026,0.332,448
"1965-01-01","f_12_24","long",-0.021,1.042,0.352,448
"1965-02-01","f_12_24","long",-0.04,0.962,0.303,448
"1965-03-01","f_12_24","long",-0.003,1.049,0.332,448
"1965-04-01","f_12_24","long",0.005,1.13,0.412,448
"1965-05-01","f_12_24","long",0.012,1.208,0.471,448
"1965-06-01","f_12_24","long",0.019,1.319,0.547,448
"1965-07-01","f_12_24","long",0.019,1.37,0.582,448
"1965-08-01","f_12_24","long",0.023,1.408,0.615,448
"1965-09-01","f_12_24","long",0.024,1.485,0.685,448
"1965-10-01","f_12_24","long",0.024,1.538,0.733,448
"1965-11-01","f_12_24","long",0.105,1.607,0.826,448
"1965-12-01","f_12_24","long",0.199,1.782,0.98,448
"1966-01-01","f_12_24","long",0.244,1.838,1.041,448
"1966-02-01","f_12_24","long",0.408,2.041,1.233,448
"1966-03-01","f_12_24","long",0.41,2.125,1.291,448
"1966-04-01","f_12_24","long",0.646,2.35,1.495,448
"1966-05-01","f_12_24","long",0.644,2.392,1.51,448
"1966-06-01","f_12_24","long",0.707,2.468,1.574,448
"1966-07-01","f_12_24","long",0.811,2.592,1.71,448
"1966-08-01","f_12_24","long",0.838,2.646,1.765,448
"1966-09-01","f_12_24","long",1.091,2.866,1.996,448
"1966-10-01","f_12_24","long",1.361,3.085,2.244,448
"1966-11-01","f_12_24","long",1.346,3.084,2.236,448
"1966-12-01","f_12_24","long",1.317,3.032,2.201,448
"1967-01-01","f_12_24","long",1.321,3.071,2.207,448
"1967-02-01","f_12_24","long",1.343,3.101,2.229,448
"1967-03-01","f_12_24","long",1.343,3.022,2.188,448
"1967-04-01","f_12_24","long",1.167,2.841,2.034,448
"1967-05-01","f_12_24","long",1.238,2.87,2.085,448
"1967-06-01","f_12_24","long",1.379,2.935,2.19,448
"1967-07-01","f_12_24","long",1.452,2.981,2.248,448
"1967-08-01","f_12_24","long",1.553,3.042,2.317,448
"1967-09-01","f_12_24","long",1.614,3.03,2.343,448
"1967-10-01","f_12_24","long",1.597,3.011,2.322,448
"1967-11-01","f_12_24","long",1.706,3.108,2.431,448
"1967-12-01","f_12_24","long",1.808,3.175,2.508,448
"1968-01-01","f_12_24","long",2.046,3.285,2.688,448
"1968-02-01","f_12_24","long",2.149,3.385,2.796,448
"1968-03-01","f_12_24","long",2.297,3.587,2.977,448
"1968-04-01","f_12_24","long",2.493,3.739,3.142,448
"1968-05-01","f_12_24","long",2.753,3.924,3.373,448
"1968-06-01","f_12_24","long",2.801,4.003,3.442,448
"1968-07-01","f_12_24","long",2.822,3.99,3.442,448
"1968-08-01","f_12_24","long",3.017,4.153,3.624,448
"1968-09-01","f_12_24","long",3.035,4.193,3.649,448
"1968-10-01","f_12_24","long",3.135,4.265,3.732,448
"1968-11-01","f_12_24","long",3.258,4.373,3.837,448
"1968-12-01","f_12_24","long",3.373,4.459,3.93,448
"1969-01-01","f_12_24","long",3.362,4.459,3.929,448
"1969-02-01","f_12_24","long",3.267,4.337,3.821,448
"1969-03-01","f_12_24","long",3.467,4.452,3.976,448
"1969-04-01","f_12_24","long",3.535,4.522,4.046,448
"1969-05-01","f_12_24","long",3.495,4.522,4.023,448
"1969-06-01","f_12_24","long",3.559,4.529,4.059,448
"1969-07-01","f_12_24","long",3.765,4.737,4.269,448
"1969-08-01","f_12_24","long",3.647,4.664,4.166,448
"1969-09-01","f_12_24","long",3.664,4.702,4.186,448
"1969-10-01","f_12_24","long",3.629,4.686,4.17,448
"1969-11-01","f_12_24","long",3.686,4.69,4.199,448
"1969-12-01","f_12_24","long",3.743,4.73,4.253,448
"1970-01-01","f_12_24","long",3.739,4.711,4.241,448
"1970-02-01","f_12_24","long",3.892,4.834,4.376,448
"1970-03-01","f_12_24","long",3.866,4.825,4.369,448
"1970-04-01","f_12_24","long",3.878,4.845,4.375,448
"1970-05-01","f_12_24","long",3.817,4.811,4.326,448
"1970-06-01","f_12_24","long",3.76,4.785,4.284,448
"1970-07-01","f_12_24","long",3.689,4.685,4.193,448
"1970-08-01","f_12_24","long",3.767,4.693,4.235,448
"1970-09-01","f_12_24","long",3.755,4.694,4.236,448
"1970-10-01","f_12_24","long",3.793,4.81,4.29,448
"1970-11-01","f_12_24","long",3.774,4.8,4.272,448
"1970-12-01","f_12_24","long",3.889,4.925,4.389,448
"1971-01-01","f_12_24","long",3.857,4.91,4.366,448
"1971-02-01","f_12_24","long",3.711,4.8,4.242,448
"1971-03-01","f_12_24","long",3.58,4.685,4.113,448
"1971-04-01","f_12_24","long",3.51,4.593,4.047,448
"1971-05-01","f_12_24","long",3.606,4.654,4.131,448
"1971-06-01","f_12_24","long",3.676,4.715,4.189,448
"1971-07-01","f_12_24","long",3.586,4.649,4.111,448
"1971-08-01","f_12_24","long",3.581,4.643,4.118,448
"1971-09-01","f_12_24","long",3.471,4.513,4.001,448
"1971-10-01","f_12_24","long",3.125,4.158,3.676,448
"1971-11-01","f_12_24","long",2.935,3.987,3.498,448
"1971-12-01","f_12_24","long",2.721,3.75,3.272,448
"1972-01-01","f_12_24","long",2.7,3.714,3.235,448
"1972-02-01","f_12_24","long",2.735,3.717,3.254,448
"1972-03-01","f_12_24","long",2.756,3.691,3.257,448
"1972-04-01","f_12_24","long",2.532,3.525,3.062,448
"1972-05-01","f_12_24","long",2.333,3.318,2.854,448
"1972-06-01","f_12_24","long",2.107,3.119,2.64,448
"1972-07-01","f_12_24","long",2.1,3.118,2.627,448
"1972-08-01","f_12_24","long",2.021,3.089,2.56,448
"1972-09-01","f_12_24","long",2.068,3.133,2.596,448
"1972-10-01","f_12_24","long",2.194,3.223,2.691,448
"1972-11-01","f_12_24","long",2.294,3.316,2.794,448
"1972-12-01","f_12_24","long",2.314,3.339,2.816,448
"1973-01-01","f_12_24","long",2.226,3.311,2.769,448
"1973-02-01","f_12_24","long",2.31,3.431,2.859,448
"1973-03-01","f_12_24","long",2.415,3.633,2.994,448
"1973-04-01","f_12_24","long",2.842,4.049,3.412,448
"1973-05-01","f_12_24","long",3.017,4.314,3.627,448
"1973-06-01","f_12_24","long",3.183,4.546,3.823,448
"1973-07-01","f_12_24","long",3.12,4.499,3.778,448
"1973-08-01","f_12_24","long",3.271,4.729,3.953,448
"1973-09-01","f_12_24","long",3.279,4.829,3.981,448
"1973-10-01","f_12_24","long",3.455,5.153,4.197,448
"1973-11-01","f_12_24","long",3.557,5.43,4.344,448
"1973-12-01","f_12_24","long",3.77,5.726,4.589,448
"1974-01-01","f_12_24","long",4.02,6.064,4.872,448
"1974-02-01","f_12_24","long",4.243,6.534,5.176,448
"1974-03-01","f_12_24","long",4.548,6.929,5.517,448
"1974-04-01","f_12_24","long",4.607,7.078,5.605,448
"1974-05-01","f_12_24","long",5.078,7.614,6.115,448
"1974-06-01","f_12_24","long",5.448,8.076,6.535,448
"1974-07-01","f_12_24","long",5.825,8.629,6.993,448
"1974-08-01","f_12_24","long",6.278,9.161,7.513,448
"1974-09-01","f_12_24","long",6.69,9.652,7.997,448
"1974-10-01","f_12_24","long",7.031,9.911,8.355,448
"1974-11-01","f_12_24","long",7.264,9.999,8.553,448
"1974-12-01","f_12_24","long",7.397,10.11,8.676,448
"1975-01-01","f_12_24","long",7.58,10.231,8.833,448
"1975-02-01","f_12_24","long",7.555,9.951,8.747,448
"1975-03-01","f_12_24","long",7.217,9.44,8.342,448
"1975-04-01","f_12_24","long",7.061,9.252,8.162,448
"1975-05-01","f_12_24","long",6.558,8.65,7.599,448
"1975-06-01","f_12_24","long",6.266,8.241,7.24,448
"1975-07-01","f_12_24","long",6.197,8.007,7.11,448
"1975-08-01","f_12_24","long",5.715,7.395,6.57,448
"1975-09-01","f_12_24","long",5.539,7.074,6.324,448
"1975-10-01","f_12_24","long",5.492,6.987,6.234,448
"1975-11-01","f_12_24","long",5.367,6.866,6.108,448
"1975-12-01","f_12_24","long",5.212,6.691,5.959,448
"1976-01-01","f_12_24","long",4.985,6.424,5.715,448
"1976-02-01","f_12_24","long",4.786,6.35,5.569,448
"1976-03-01","f_12_24","long",4.732,6.354,5.562,448
"1976-04-01","f_12_24","long",4.618,6.129,5.413,448
"1976-05-01","f_12_24","long",4.804,6.275,5.587,448
"1976-06-01","f_12_24","long",4.85,6.271,5.611,448
"1976-07-01","f_12_24","long",4.774,6.195,5.509,448
"1976-08-01","f_12_24","long",4.918,6.35,5.631,448
"1976-09-01","f_12_24","long",4.859,6.277,5.572,448
"1976-10-01","f_12_24","long",4.684,6.11,5.419,448
"1976-11-01","f_12_24","long",4.664,6.074,5.407,448
"1976-12-01","f_12_24","long",4.609,6.013,5.339,448
"1977-01-01","f_12_24","long",4.801,6.228,5.518,448
"1977-02-01","f_12_24","long",5.08,6.441,5.76,448
"1977-03-01","f_12_24","long",5.375,6.721,6.028,448
"1977-04-01","f_12_24","long",5.439,6.884,6.15,448
"1977-05-01","f_12_24","long",5.443,6.861,6.142,448
"1977-06-01","f_12_24","long",5.533,6.954,6.234,448
"1977-07-01","f_12_24","long",5.579,6.958,6.273,448
"1977-08-01","f_12_24","long",5.551,6.913,6.256,448
"1977-09-01","f_12_24","long",5.481,6.863,6.189,448
"1977-10-01","f_12_24","long",5.423,6.773,6.094,448
"1977-11-01","f_12_24","long",5.53,6.927,6.204,448
"1977-12-01","f_12_24","long",5.587,6.986,6.254,448
"1978-01-01","f_12_24","long",5.397,6.774,6.086,448
"1978-02-01","f_12_24","long",5.229,6.576,5.901,448
"1978-03-01","f_12_24","long",5.172,6.51,5.834,448
"1978-04-01","f_12_24","long",5.358,6.649,5.981,448
"1978-05-01","f_12_24","long",5.533,6.839,6.167,448
"1978-06-01","f_12_24","long",5.51,6.828,6.153,448
"1978-07-01","f_12_24","long",5.548,6.924,6.221,448
"1978-08-01","f_12_24","long",5.594,6.992,6.271,448
"1978-09-01","f_12_24","long",5.78,7.204,6.463,448
"1978-10-01","f_12_24","long",6.105,7.517,6.781,448
"1978-11-01","f_12_24","long",6.207,7.548,6.865,448
"1978-12-01","f_12_24","long",6.224,7.576,6.904,448
"1979-01-01","f_12_24","long",6.532,7.901,7.193,448
"1979-02-01","f_12_24","long",6.687,8.106,7.397,448
"1979-03-01","f_12_24","long",6.725,8.153,7.451,448
"1979-04-01","f_12_24","long",6.681,8.149,7.431,448
"1979-05-01","f_12_24","long",6.774,8.324,7.56,448
"1979-06-01","f_12_24","long",6.874,8.396,7.648,448
"1979-07-01","f_12_24","long",7.025,8.488,7.762,448
"1979-08-01","f_12_24","long",7.231,8.676,7.969,448
"1979-09-01","f_12_24","long",7.242,8.765,8.049,448
"1979-10-01","f_12_24","long",7.304,8.93,8.179,448
"1979-11-01","f_12_24","long",7.232,8.938,8.143,448
"1979-12-01","f_12_24","long",7.356,9.154,8.293,448
"1980-01-01","f_12_24","long",7.466,9.317,8.44,448
"1980-02-01","f_12_24","long",7.595,9.638,8.631,448
"1980-03-01","f_12_24","long",7.849,9.873,8.868,448
"1980-04-01","f_12_24","long",7.815,9.863,8.861,448
"1980-05-01","f_12_24","long",7.788,9.8,8.81,448
"1980-06-01","f_12_24","long",7.902,9.975,8.964,448
"1980-07-01","f_12_24","long",7.772,9.917,8.86,448
"1980-08-01","f_12_24","long",7.782,9.894,8.827,448
"1980-09-01","f_12_24","long",7.966,9.983,8.941,448
"1980-10-01","f_12_24","long",7.916,9.834,8.835,448
"1980-11-01","f_12_24","long",8.009,9.908,8.923,448
"1980-12-01","f_12_24","long",8.036,9.873,8.933,448
"1981-01-01","f_12_24","long",8.005,9.8,8.853,448
"1981-02-01","f_12_24","long",8.06,9.615,8.795,448
"1981-03-01","f_12_24","long",7.852,9.455,8.609,448
"1981-04-01","f_12_24","long",7.914,9.482,8.675,448
"1981-05-01","f_12_24","long",7.682,9.284,8.471,448
"1981-06-01","f_12_24","long",7.469,8.999,8.224,448
"1981-07-01","f_12_24","long",7.487,9.033,8.249,448
"1981-08-01","f_12_24","long",7.332,8.947,8.136,448
"1981-09-01","f_12_24","long",7.07,8.756,7.921,448
"1981-10-01","f_12_24","long",6.832,8.523,7.686,448
"1981-11-01","f_12_24","long",6.636,8.287,7.474,448
"1981-12-01","f_12_24","long",6.359,8.021,7.186,448
"1982-01-01","f_12_24","long",6.031,7.675,6.873,448
"1982-02-01","f_12_24","long",5.628,7.241,6.454,448
"1982-03-01","f_12_24","long",5.461,7.031,6.27,448
"1982-04-01","f_12_24","long",5.193,6.699,5.928,448
"1982-05-01","f_12_24","long",5.168,6.597,5.856,448
"1982-06-01","f_12_24","long",5.087,6.573,5.788,448
"1982-07-01","f_12_24","long",5.114,6.594,5.829,448
"1982-08-01","f_12_24","long",4.891,6.318,5.584,448
"1982-09-01","f_12_24","long",4.595,6.038,5.251,448
"1982-10-01","f_12_24","long",4.515,6.024,5.213,448
"1982-11-01","f_12_24","long",4.245,5.782,4.954,448
"1982-12-01","f_12_24","long",4.062,5.621,4.809,448
"1983-01-01","f_12_24","long",4.065,5.597,4.808,448
"1983-02-01","f_12_24","long",4.008,5.515,4.749,448
"1983-03-01","f_12_24","long",3.762,5.257,4.507,448
"1983-04-01","f_12_24","long",3.893,5.44,4.673,448
"1983-05-01","f_12_24","long",3.669,5.213,4.435,448
"1983-06-01","f_12_24","long",3.533,5.006,4.267,448
"1983-07-01","f_12_24","long",3.286,4.72,3.986,448
"1983-08-01","f_12_24","long",3.199,4.652,3.895,448
"1983-09-01","f_12_24","long",3.263,4.656,3.975,448
"1983-10-01","f_12_24","long",3.073,4.401,3.74,448
"1983-11-01","f_12_24","long",3.186,4.489,3.831,448
"1983-12-01","f_12_24","long",3.21,4.434,3.802,448
"1984-01-01","f_12_24","long",3.142,4.371,3.74,448
"1984-02-01","f_12_24","long",3.189,4.43,3.792,448
"1984-03-01","f_12_24","long",3.361,4.616,3.96,448
"1984-04-01","f_12_24","long",3.309,4.525,3.9,448
"1984-05-01","f_12_24","long",3.239,4.443,3.845,448
"1984-06-01","f_12_24","long",3.245,4.513,3.883,448
"1984-07-01","f_12_24","long",3.288,4.57,3.952,448
"1984-08-01","f_12_24","long",3.372,4.563,4.005,448
"1984-09-01","f_12_24","long",3.378,4.58,3.98,448
"1984-10-01","f_12_24","long",3.457,4.618,4.04,448
"1984-11-01","f_12_24","long",3.297,4.487,3.888,448
"1984-12-01","f_12_24","long",3.405,4.671,4.008,448
"1985-01-01","f_12_24","long",3.317,4.542,3.896,448
"1985-02-01","f_12_24","long",3.399,4.646,3.994,448
"1985-03-01","f_12_24","long",3.4,4.62,3.982,448
"1985-04-01","f_12_24","long",3.282,4.463,3.831,448
"1985-05-01","f_12_24","long",3.364,4.601,3.931,448
"1985-06-01","f_12_24","long",3.425,4.615,3.973,448
"1985-07-01","f_12_24","long",3.236,4.401,3.761,448
"1985-08-01","f_12_24","long",3.208,4.41,3.754,448
"1985-09-01","f_12_24","long",3.159,4.323,3.719,448
"1985-10-01","f_12_24","long",3.117,4.287,3.679,448
"1985-11-01","f_12_24","long",3.206,4.413,3.794,448
"1985-12-01","f_12_24","long",3.238,4.388,3.821,448
"1986-01-01","f_12_24","long",3.335,4.523,3.936,448
"1986-02-01","f_12_24","long",3.097,4.294,3.713,448
"1986-03-01","f_12_24","long",2.898,4.157,3.554,448
"1986-04-01","f_12_24","long",2.9,4.281,3.616,448
"1986-05-01","f_12_24","long",2.822,4.156,3.522,448
"1986-06-01","f_12_24","long",2.816,4.14,3.521,448
"1986-07-01","f_12_24","long",2.855,4.197,3.564,448
"1986-08-01","f_12_24","long",2.795,4.116,3.498,448
"1986-09-01","f_12_24","long",2.847,4.142,3.528,448
"1986-10-01","f_12_24","long",2.881,4.286,3.599,448
"1986-11-01","f_12_24","long",2.875,4.199,3.558,448
"1986-12-01","f_12_24","long",2.795,4.085,3.463,448
"1987-01-01","f_12_24","long",2.819,4.115,3.474,448
"1987-02-01","f_12_24","long",2.872,4.17,3.501,448
"1987-03-01","f_12_24","long",3.064,4.31,3.669,448
"1987-04-01","f_12_24","long",3.245,4.498,3.829,448
"1987-05-01","f_12_24","long",3.344,4.591,3.917,448
"1987-06-01","f_12_24","long",3.263,4.544,3.844,448
"1987-07-01","f_12_24","long",3.238,4.534,3.836,448
"1987-08-01","f_12_24","long",3.33,4.714,3.964,448
"1987-09-01","f_12_24","long",3.326,4.684,3.941,448
"1987-10-01","f_12_24","long",3.373,4.626,3.949,448
"1987-11-01","f_12_24","long",3.37,4.633,3.946,448
"1987-12-01","f_12_24","long",3.305,4.587,3.894,448
"1988-01-01","f_12_24","long",3.294,4.577,3.896,448
"1988-02-01","f_12_24","long",3.276,4.552,3.888,448
"1988-03-01","f_12_24","long",3.261,4.546,3.874,448
"1988-04-01","f_12_24","long",3.192,4.419,3.792,448
"1988-05-01","f_12_24","long",3.181,4.391,3.772,448
"1988-06-01","f_12_24","long",3.316,4.481,3.883,448
"1988-07-01","f_12_24","long",3.481,4.689,4.068,448
"1988-08-01","f_12_24","long",3.478,4.6,4.033,448
"1988-09-01","f_12_24","long",3.606,4.767,4.172,448
"1988-10-01","f_12_24","long",3.539,4.766,4.126,448
"1988-11-01","f_12_24","long",3.575,4.795,4.161,448
"1988-12-01","f_12_24","long",3.667,4.857,4.231,448
"1989-01-01","f_12_24","long",3.681,4.903,4.276,448
"1989-02-01","f_12_24","long",3.754,4.997,4.343,448
"1989-03-01","f_12_24","long",3.759,4.962,4.322,448
"1989-04-01","f_12_24","long",3.779,4.953,4.327,448
"1989-05-01","f_12_24","long",3.845,5.029,4.402,448
"1989-06-01","f_12_24","long",3.742,4.925,4.298,448
"1989-07-01","f_12_24","long",3.716,4.817,4.229,448
"1989-08-01","f_12_24","long",3.607,4.789,4.166,448
"1989-09-01","f_12_24","long",3.483,4.649,4.048,448
"1989-10-01","f_12_24","long",3.64,4.767,4.193,448
"1989-11-01","f_12_24","long",3.629,4.752,4.183,448
"1989-12-01","f_12_24","long",3.669,4.818,4.243,448
"1990-01-01","f_12_24","long",3.585,4.729,4.137,448
"1990-02-01","f_12_24","long",3.545,4.692,4.12,448
"1990-03-01","f_12_24","long",3.695,4.89,4.3,448
"1990-04-01","f_12_24","long",3.673,4.822,4.267,448
"1990-05-01","f_12_24","long",3.6,4.768,4.206,448
"1990-06-01","f_12_24","long",3.718,4.961,4.369,448
"1990-07-01","f_12_24","long",3.742,4.99,4.391,448
"1990-08-01","f_12_24","long",3.903,5.098,4.524,448
"1990-09-01","f_12_24","long",3.874,5.115,4.519,448
"1990-10-01","f_12_24","long",3.731,4.993,4.399,448
"1990-11-01","f_12_24","long",3.604,4.916,4.294,448
"1990-12-01","f_12_24","long",3.571,4.864,4.246,448
"1991-01-01","f_12_24","long",3.556,4.852,4.213,448
"1991-02-01","f_12_24","long",3.475,4.763,4.103,448
"1991-03-01","f_12_24","long",3.166,4.421,3.769,448
"1991-04-01","f_12_24","long",3.087,4.346,3.685,448
"1991-05-01","f_12_24","long",3.157,4.397,3.746,448
"1991-06-01","f_12_24","long",2.939,4.135,3.494,448
"1991-07-01","f_12_24","long",2.773,4.019,3.357,448
"1991-08-01","f_12_24","long",2.588,3.876,3.174,448
"1991-09-01","f_12_24","long",2.564,3.84,3.14,448
"1991-10-01","f_12_24","long",2.51,3.747,3.067,448
"1991-11-01","f_12_24","long",2.666,3.852,3.191,448
"1991-12-01","f_12_24","long",2.669,3.883,3.223,448
"1992-01-01","f_12_24","long",2.569,3.724,3.118,448
"1992-02-01","f_12_24","long",2.617,3.756,3.162,448
"1992-03-01","f_12_24","long",2.722,3.889,3.276,448
"1992-04-01","f_12_24","long",2.626,3.82,3.201,448
"1992-05-01","f_12_24","long",2.487,3.736,3.078,448
"1992-06-01","f_12_24","long",2.453,3.758,3.068,448
"1992-07-01","f_12_24","long",2.463,3.749,3.063,448
"1992-08-01","f_12_24","long",2.453,3.679,3.023,448
"1992-09-01","f_12_24","long",2.315,3.556,2.889,448
"1992-10-01","f_12_24","long",2.374,3.615,2.949,448
"1992-11-01","f_12_24","long",2.337,3.588,2.918,448
"1992-12-01","f_12_24","long",2.264,3.473,2.812,448
"1993-01-01","f_12_24","long",2.265,3.466,2.819,448
"1993-02-01","f_12_24","long",2.261,3.405,2.8,448
"1993-03-01","f_12_24","long",2.186,3.289,2.721,448
"1993-04-01","f_12_24","long",2.301,3.362,2.815,448
"1993-05-01","f_12_24","long",2.371,3.371,2.862,448
"1993-06-01","f_12_24","long",2.374,3.286,2.836,448
"1993-07-01","f_12_24","long",2.365,3.224,2.801,448
"1993-08-01","f_12_24","long",2.313,3.165,2.757,448
"1993-09-01","f_12_24","long",2.353,3.134,2.757,448
"1993-10-01","f_12_24","long",2.295,3.053,2.676,448
"1993-11-01","f_12_24","long",2.237,2.946,2.6,448
"1993-12-01","f_12_24","long",2.144,2.942,2.551,448
"1994-01-01","f_12_24","long",2.082,2.932,2.525,448
"1994-02-01","f_12_24","long",2.059,2.953,2.526,448
"1994-03-01","f_12_24","long",2.107,3.005,2.57,448
"1994-04-01","f_12_24","long",1.995,2.906,2.47,448
"1994-05-01","f_12_24","long",1.948,2.909,2.436,448
"1994-06-01","f_12_24","long",1.966,2.963,2.47,448
"1994-07-01","f_12_24","long",1.998,3.007,2.497,448
"1994-08-01","f_12_24","long",2.002,3.008,2.493,448
"1994-09-01","f_12_24","long",1.987,3.009,2.499,448
"1994-10-01","f_12_24","long",1.929,2.969,2.46,448
"1994-11-01","f_12_24","long",1.931,3.001,2.481,448
"1994-12-01","f_12_24","long",1.928,2.924,2.448,448
"1995-01-01","f_12_24","long",2.055,3.017,2.538,448
"1995-02-01","f_12_24","long",1.992,2.917,2.452,448
"1995-03-01","f_12_24","long",1.942,2.9,2.422,448
"1995-04-01","f_12_24","long",1.995,2.936,2.461,448
"1995-05-01","f_12_24","long",1.942,2.838,2.402,448
"1995-06-01","f_12_24","long",1.912,2.773,2.354,448
"1995-07-01","f_12_24","long",1.839,2.704,2.304,448
"1995-08-01","f_12_24","long",1.883,2.737,2.351,448
"1995-09-01","f_12_24","long",1.879,2.767,2.367,448
"1995-10-01","f_12_24","long",1.976,2.858,2.452,448
"1995-11-01","f_12_24","long",1.921,2.83,2.413,448
"1995-12-01","f_12_24","long",1.966,2.862,2.45,448
"1996-01-01","f_12_24","long",1.903,2.752,2.366,448
"1996-02-01","f_12_24","long",1.926,2.775,2.377,448
"1996-03-01","f_12_24","long",1.932,2.726,2.355,448
"1996-04-01","f_12_24","long",1.892,2.691,2.314,448
"1996-05-01","f_12_24","long",1.935,2.748,2.357,448
"1996-06-01","f_12_24","long",1.952,2.78,2.392,448
"1996-07-01","f_12_24","long",1.991,2.829,2.435,448
"1996-08-01","f_12_24","long",1.971,2.827,2.432,448
"1996-09-01","f_12_24","long",2.05,2.864,2.478,448
"1996-10-01","f_12_24","long",2.024,2.826,2.452,448
"1996-11-01","f_12_24","long",2.097,2.848,2.493,448
"1996-12-01","f_12_24","long",2.083,2.831,2.478,448
"1997-01-01","f_12_24","long",2.022,2.834,2.451,448
"1997-02-01","f_12_24","long",2.005,2.816,2.447,448
"1997-03-01","f_12_24","long",1.979,2.812,2.429,448
"1997-04-01","f_12_24","long",1.953,2.819,2.429,448
"1997-05-01","f_12_24","long",1.872,2.745,2.357,448
"1997-06-01","f_12_24","long",1.845,2.755,2.351,448
"1997-07-01","f_12_24","long",1.722,2.711,2.264,448
"1997-08-01","f_12_24","long",1.663,2.657,2.198,448
"1997-09-01","f_12_24","long",1.648,2.625,2.183,448
"1997-10-01","f_12_24","long",1.433,2.477,1.999,448
"1997-11-01","f_12_24","long",1.309,2.413,1.92,448
"1997-12-01","f_12_24","long",1.224,2.406,1.882,448
"1998-01-01","f_12_24","long",1.183,2.361,1.836,448
"1998-02-01","f_12_24","long",1.097,2.364,1.802,448
"1998-03-01","f_12_24","long",1.091,2.421,1.834,448
"1998-04-01","f_12_24","long",1.099,2.423,1.823,448
"1998-05-01","f_12_24","long",1.118,2.492,1.884,448
"1998-06-01","f_12_24","long",1.099,2.426,1.822,448
"1998-07-01","f_12_24","long",1.193,2.436,1.862,448
"1998-08-01","f_12_24","long",1.261,2.531,1.941,448
"1998-09-01","f_12_24","long",1.15,2.563,1.913,448
"1998-10-01","f_12_24","long",1.291,2.654,2.025,448
"1998-11-01","f_12_24","long",1.318,2.672,2.045,448
"1998-12-01","f_12_24","long",1.34,2.683,2.073,448
"1999-01-01","f_12_24","long",1.384,2.702,2.103,448
"1999-02-01","f_12_24","long",1.354,2.649,2.058,448
"1999-03-01","f_12_24","long",1.301,2.54,1.975,448
"1999-04-01","f_12_24","long",1.357,2.592,2.029,448
"1999-05-01","f_12_24","long",1.363,2.538,1.996,448
"1999-06-01","f_12_24","long",1.372,2.54,2.007,448
"1999-07-01","f_12_24","long",1.422,2.543,2.043,448
"1999-08-01","f_12_24","long",1.373,2.479,1.98,448
"1999-09-01","f_12_24","long",1.496,2.463,2.015,448
"1999-10-01","f_12_24","long",1.494,2.424,1.996,448
"1999-11-01","f_12_24","long",1.524,2.471,2.025,448
"1999-12-01","f_12_24","long",1.597,2.461,2.033,448
"2000-01-01","f_12_24","long",1.692,2.563,2.138,448
"2000-02-01","f_12_24","long",1.833,2.645,2.251,448
"2000-03-01","f_12_24","long",1.945,2.736,2.345,448
"2000-04-01","f_12_24","long",1.822,2.672,2.29,448
"2000-05-01","f_12_24","long",1.843,2.693,2.316,448
"2000-06-01","f_12_24","long",1.897,2.769,2.371,448
"2000-07-01","f_12_24","long",1.932,2.843,2.416,448
"2000-08-01","f_12_24","long",1.945,2.839,2.427,448
"2000-09-01","f_12_24","long",1.982,2.884,2.479,448
"2000-10-01","f_12_24","long",1.959,2.924,2.505,448
"2000-11-01","f_12_24","long",1.981,2.924,2.517,448
"2000-12-01","f_12_24","long",1.99,2.974,2.563,448
"2001-01-01","f_12_24","long",2.037,3.035,2.601,448
"2001-02-01","f_12_24","long",2.092,3.111,2.651,448
"2001-03-01","f_12_24","long",2.053,3.123,2.639,448
"2001-04-01","f_12_24","long",2.17,3.23,2.741,448
"2001-05-01","f_12_24","long",2.175,3.255,2.736,448
"2001-06-01","f_12_24","long",2.237,3.323,2.82,448
"2001-07-01","f_12_24","long",2.175,3.319,2.781,448
"2001-08-01","f_12_24","long",2.197,3.463,2.866,448
"2001-09-01","f_12_24","long",2.132,3.455,2.817,448
"2001-10-01","f_12_24","long",2.15,3.481,2.821,448
"2001-11-01","f_12_24","long",2.158,3.467,2.81,448
"2001-12-01","f_12_24","long",2.084,3.425,2.736,448
"2002-01-01","f_12_24","long",1.903,3.277,2.579,448
"2002-02-01","f_12_24","long",1.841,3.252,2.55,448
"2002-03-01","f_12_24","long",1.873,3.29,2.58,448
"2002-04-01","f_12_24","long",1.851,3.222,2.515,448
"2002-05-01","f_12_24","long",1.822,3.168,2.481,448
"2002-06-01","f_12_24","long",1.738,3.092,2.393,448
"2002-07-01","f_12_24","long",1.776,3.05,2.4,448
"2002-08-01","f_12_24","long",1.773,2.905,2.324,448
"2002-09-01","f_12_24","long",1.825,2.908,2.357,448
"2002-10-01","f_12_24","long",1.839,2.892,2.363,448
"2002-11-01","f_12_24","long",1.819,2.887,2.351,448
"2002-12-01","f_12_24","long",1.866,2.92,2.4,448
"2003-01-01","f_12_24","long",1.869,2.94,2.417,448
"2003-02-01","f_12_24","long",1.837,2.862,2.352,448
"2003-03-01","f_12_24","long",1.811,2.788,2.311,448
"2003-04-01","f_12_24","long",1.69,2.674,2.187,448
"2003-05-01","f_12_24","long",1.689,2.669,2.18,448
"2003-06-01","f_12_24","long",1.614,2.592,2.103,448
"2003-07-01","f_12_24","long",1.635,2.61,2.123,448
"2003-08-01","f_12_24","long",1.662,2.618,2.141,448
"2003-09-01","f_12_24","long",1.592,2.56,2.069,448
"2003-10-01","f_12_24","long",1.606,2.594,2.094,448
"2003-11-01","f_12_24","long",1.576,2.582,2.086,448
"2003-12-01","f_12_24","long",1.535,2.527,2.022,448
"2004-01-01","f_12_24","long",1.62,2.61,2.08,448
"2004-02-01","f_12_24","long",1.684,2.66,2.138,448
"2004-03-01","f_12_24","long",1.677,2.653,2.131,448
"2004-04-01","f_12_24","long",1.889,2.841,2.339,448
"2004-05-01","f_12_24","long",1.949,2.888,2.399,448
"2004-06-01","f_12_24","long",2.093,2.976,2.512,448
"2004-07-01","f_12_24","long",2.027,2.938,2.467,448
"2004-08-01","f_12_24","long",1.964,2.954,2.465,448
"2004-09-01","f_12_24","long",1.954,2.909,2.445,448
"2004-10-01","f_12_24","long",1.933,2.873,2.416,448
"2004-11-01","f_12_24","long",1.949,2.907,2.423,448
"2004-12-01","f_12_24","long",1.979,2.918,2.465,448
"2005-01-01","f_12_24","long",2.07,2.935,2.537,448
"2005-02-01","f_12_24","long",2.08,2.958,2.563,448
"2005-03-01","f_12_24","long",2.088,2.958,2.556,448
"2005-04-01","f_12_24","long",1.967,2.856,2.443,448
"2005-05-01","f_12_24","long",1.955,2.834,2.431,448
"2005-06-01","f_12_24","long",1.886,2.782,2.369,448
"2005-07-01","f_12_24","long",1.949,2.809,2.411,448
"2005-08-01","f_12_24","long",1.967,2.773,2.387,448
"2005-09-01","f_12_24","long",2.051,2.902,2.491,448
"2005-10-01","f_12_24","long",2.108,2.97,2.55,448
"2005-11-01","f_12_24","long",2.185,2.98,2.604,448
"2005-12-01","f_12_24","long",2.139,2.96,2.569,448
"2006-01-01","f_12_24","long",2.094,2.917,2.536,448
"2006-02-01","f_12_24","long",2.033,2.905,2.486,448
"2006-03-01","f_12_24","long",2.084,2.976,2.554,448
"2006-04-01","f_12_24","long",2.189,3.097,2.656,448
"2006-05-01","f_12_24","long",2.3,3.252,2.784,448
"2006-06-01","f_12_24","long",2.471,3.425,2.955,448
"2006-07-01","f_12_24","long",2.439,3.458,2.97,448
"2006-08-01","f_12_24","long",2.528,3.555,3.052,448
"2006-09-01","f_12_24","long",2.49,3.528,3.028,448
"2006-10-01","f_12_24","long",2.461,3.54,3.013,448
"2006-11-01","f_12_24","long",2.31,3.477,2.89,448
"2006-12-01","f_12_24","long",2.442,3.598,3.013,448
"2007-01-01","f_12_24","long",2.474,3.639,3.038,448
"2007-02-01","f_12_24","long",2.591,3.688,3.131,448
"2007-03-01","f_12_24","long",2.519,3.627,3.057,448
"2007-04-01","f_12_24","long",2.433,3.487,2.95,448
"2007-05-01","f_12_24","long",2.266,3.32,2.776,448
"2007-06-01","f_12_24","long",2.157,3.198,2.666,448
"2007-07-01","f_12_24","long",2.133,3.121,2.6,448
"2007-08-01","f_12_24","long",2.065,3.039,2.536,448
"2007-09-01","f_12_24","long",2.145,3.095,2.59,448
"2007-10-01","f_12_24","long",2.222,3.123,2.636,448
"2007-11-01","f_12_24","long",2.435,3.249,2.824,448
"2007-12-01","f_12_24","long",2.422,3.223,2.794,448
"2008-01-01","f_12_24","long",2.353,3.128,2.717,448
"2008-02-01","f_12_24","long",2.252,3.041,2.613,448
"2008-03-01","f_12_24","long",2.299,3.049,2.655,448
"2008-04-01","f_12_24","long",2.293,3.085,2.692,448
"2008-05-01","f_12_24","long",2.284,3.101,2.709,448
"2008-06-01","f_12_24","long",2.319,3.185,2.754,448
"2008-07-01","f_12_24","long",2.379,3.326,2.841,448
"2008-08-01","f_12_24","long",2.347,3.3,2.81,448
"2008-09-01","f_12_24","long",2.243,3.199,2.723,448
"2008-10-01","f_12_24","long",2.024,3.067,2.591,448
"2008-11-01","f_12_24","long",1.809,3.002,2.482,448
"2008-12-01","f_12_24","long",1.596,2.845,2.324,448
"2009-01-01","f_12_24","long",1.584,2.869,2.347,448
"2009-02-01","f_12_24","long",1.565,2.832,2.328,448
"2009-03-01","f_12_24","long",1.414,2.768,2.253,448
"2009-04-01","f_12_24","long",1.373,2.685,2.177,448
"2009-05-01","f_12_24","long",1.369,2.627,2.143,448
"2009-06-01","f_12_24","long",1.261,2.486,2.025,448
"2009-07-01","f_12_24","long",1.024,2.173,1.763,448
"2009-08-01","f_12_24","long",0.993,2.216,1.743,448
"2009-09-01","f_12_24","long",0.854,2.123,1.604,448
"2009-10-01","f_12_24","long",0.916,2.244,1.658,448
"2009-11-01","f_12_24","long",0.919,2.161,1.566,448
"2009-12-01","f_12_24","long",0.955,2.14,1.55,448
"2010-01-01","f_12_24","long",0.805,1.976,1.376,448
"2010-02-01","f_12_24","long",0.673,1.873,1.256,448
"2010-03-01","f_12_24","long",0.625,1.809,1.173,448
"2010-04-01","f_12_24","long",0.547,1.763,1.112,448
"2010-05-01","f_12_24","long",0.481,1.682,1.029,448
"2010-06-01","f_12_24","long",0.394,1.591,0.952,448
"2010-07-01","f_12_24","long",0.452,1.639,0.999,448
"2010-08-01","f_12_24","long",0.472,1.596,1.012,448
"2010-09-01","f_12_24","long",0.549,1.591,1.067,448
"2010-10-01","f_12_24","long",0.504,1.368,0.931,448
"2010-11-01","f_12_24","long",0.535,1.35,0.942,448
"2010-12-01","f_12_24","long",0.596,1.385,0.983,448
"2011-01-01","f_12_24","long",0.683,1.514,1.084,448
"2011-02-01","f_12_24","long",0.83,1.692,1.243,448
"2011-03-01","f_12_24","long",0.97,1.82,1.381,448
"2011-04-01","f_12_24","long",1.117,1.977,1.516,448
"2011-05-01","f_12_24","long",1.23,2.186,1.66,448
"2011-06-01","f_12_24","long",1.296,2.254,1.725,448
"2011-07-01","f_12_24","long",1.38,2.338,1.816,448
"2011-08-01","f_12_24","long",1.473,2.415,1.89,448
"2011-09-01","f_12_24","long",1.507,2.469,1.932,448
"2011-10-01","f_12_24","long",1.533,2.555,2.019,448
"2011-11-01","f_12_24","long",1.584,2.603,2.065,448
"2011-12-01","f_12_24","long",1.664,2.678,2.151,448
"2012-01-01","f_12_24","long",1.736,2.717,2.2,448
"2012-02-01","f_12_24","long",1.711,2.646,2.139,448
"2012-03-01","f_12_24","long",1.733,2.601,2.119,448
"2012-04-01","f_12_24","long",1.681,2.563,2.074,448
"2012-05-01","f_12_24","long",1.646,2.43,2.008,448
"2012-06-01","f_12_24","long",1.622,2.395,1.976,448
"2012-07-01","f_12_24","long",1.593,2.38,1.962,448
"2012-08-01","f_12_24","long",1.542,2.327,1.918,448
"2012-09-01","f_12_24","long",1.545,2.319,1.912,448
"2012-10-01","f_12_24","long",1.575,2.338,1.897,448
"2012-11-01","f_12_24","long",1.503,2.264,1.839,448
"2012-12-01","f_12_24","long",1.42,2.22,1.771,448
"2013-01-01","f_12_24","long",1.391,2.16,1.736,448
"2013-02-01","f_12_24","long",1.415,2.173,1.771,448
"2013-03-01","f_12_24","long",1.328,2.135,1.72,448
"2013-04-01","f_12_24","long",1.164,2.072,1.618,448
"2013-05-01","f_12_24","long",1.119,2.099,1.623,448
"2013-06-01","f_12_24","long",1.225,2.187,1.722,448
"2013-07-01","f_12_24","long",1.254,2.199,1.737,448
"2013-08-01","f_12_24","long",1.2,2.184,1.706,448
"2013-09-01","f_12_24","long",1.166,2.187,1.707,448
"2013-10-01","f_12_24","long",1.207,2.186,1.743,448
"2013-11-01","f_12_24","long",1.296,2.261,1.821,448
"2013-12-01","f_12_24","long",1.327,2.271,1.845,448
"2014-01-01","f_12_24","long",1.297,2.256,1.823,448
"2014-02-01","f_12_24","long",1.226,2.197,1.766,448
"2014-03-01","f_12_24","long",1.259,2.214,1.78,448
"2014-04-01","f_12_24","long",1.438,2.265,1.891,448
"2014-05-01","f_12_24","long",1.517,2.271,1.923,448
"2014-06-01","f_12_24","long",1.49,2.257,1.894,448
"2014-07-01","f_12_24","long",1.492,2.299,1.907,448
"2014-08-01","f_12_24","long",1.46,2.285,1.879,448
"2014-09-01","f_12_24","long",1.493,2.298,1.891,448
"2014-10-01","f_12_24","long",1.36,2.319,1.862,448
"2014-11-01","f_12_24","long",1.299,2.344,1.843,448
"2014-12-01","f_12_24","long",1.299,2.334,1.842,448
"2015-01-01","f_12_24","long",1.116,2.306,1.746,448
"2015-02-01","f_12_24","long",1.191,2.37,1.809,448
"2015-03-01","f_12_24","long",1.195,2.354,1.799,448
"2015-04-01","f_12_24","long",1.221,2.402,1.846,448
"2015-05-01","f_12_24","long",1.17,2.413,1.81,448
"2015-06-01","f_12_24","long",1.141,2.412,1.805,448
"2015-07-01","f_12_24","long",1.132,2.404,1.796,448
"2015-08-01","f_12_24","long",1.155,2.381,1.8,448
"2015-09-01","f_12_24","long",1.151,2.384,1.798,448
"2015-10-01","f_12_24","long",1.162,2.291,1.733,448
"2015-11-01","f_12_24","long",1.146,2.212,1.693,448
"2015-12-01","f_12_24","long",1.081,2.177,1.653,448
"2016-01-01","f_12_24","long",1.242,2.279,1.765,448
"2016-02-01","f_12_24","long",1.233,2.279,1.762,448
"2016-03-01","f_12_24","long",1.271,2.353,1.817,448
"2016-04-01","f_12_24","long",1.297,2.354,1.826,448
"2016-05-01","f_12_24","long",1.383,2.399,1.909,448
"2016-06-01","f_12_24","long",1.368,2.372,1.884,448
"2016-07-01","f_12_24","long",1.362,2.384,1.899,448
"2016-08-01","f_12_24","long",1.396,2.435,1.949,448
"2016-09-01","f_12_24","long",1.423,2.455,1.976,448
"2016-10-01","f_12_24","long",1.543,2.517,2.062,448
"2016-11-01","f_12_24","long",1.518,2.495,2.04,448
"2016-12-01","f_12_24","long",1.587,2.546,2.084,448
"2017-01-01","f_12_24","long",1.661,2.518,2.124,448
"2017-02-01","f_12_24","long",1.625,2.495,2.083,448
"2017-03-01","f_12_24","long",1.579,2.437,2.028,448
"2017-04-01","f_12_24","long",1.486,2.339,1.945,448
"2017-05-01","f_12_24","long",1.394,2.261,1.848,448
"2017-06-01","f_12_24","long",1.411,2.316,1.881,448
"2017-07-01","f_12_24","long",1.367,2.243,1.823,448
"2017-08-01","f_12_24","long",1.351,2.218,1.801,448
"2017-09-01","f_12_24","long",1.324,2.187,1.768,448
"2017-10-01","f_12_24","long",1.323,2.216,1.782,448
"2017-11-01","f_12_24","long",1.344,2.251,1.811,448
"2017-12-01","f_12_24","long",1.38,2.283,1.846,448
"2018-01-01","f_12_24","long",1.431,2.342,1.893,448
"2018-02-01","f_12_24","long",1.479,2.367,1.936,448
"2018-03-01","f_12_24","long",1.484,2.359,1.941,448
"2018-04-01","f_12_24","long",1.493,2.361,1.933,448
"2018-05-01","f_12_24","long",1.544,2.379,1.979,448
"2018-06-01","f_12_24","long",1.581,2.371,1.991,448
"2018-07-01","f_12_24","long",1.629,2.411,2.029,448
"2018-08-01","f_12_24","long",1.638,2.426,2.038,448
"2018-09-01","f_12_24","long",1.67,2.447,2.07,448
"2018-10-01","f_12_24","long",1.667,2.448,2.069,448
"2018-11-01","f_12_24","long",1.737,2.512,2.133,448
"2018-12-01","f_12_24","long",1.738,2.542,2.136,448
"2019-01-01","f_12_24","long",1.612,2.455,2.038,448
"2019-02-01","f_12_24","long",1.632,2.496,2.08,448
"2019-03-01","f_12_24","long",1.663,2.543,2.115,448
"2019-04-01","f_12_24","long",1.74,2.717,2.253,448
"2019-05-01","f_12_24","long",1.657,2.713,2.193,448
"2019-06-01","f_12_24","long",1.594,2.679,2.149,448
"2019-07-01","f_12_24","long",1.644,2.727,2.19,448
"2019-08-01","f_12_24","long",1.667,2.746,2.213,448
"2019-09-01","f_12_24","long",1.573,2.712,2.149,448
"2019-10-01","f_12_24","long",1.609,2.761,2.176,448
"2019-11-01","f_12_24","long",1.578,2.695,2.123,448
"2019-12-01","f_12_24","long",1.563,2.712,2.126,448
"2020-01-01","f_12_24","long",1.648,2.822,2.204,448
"2020-02-01","f_12_24","long",1.641,2.8,2.191,448
"2020-03-01","f_12_24","long",1.589,2.756,2.154,448
"2020-04-01","f_12_24","long",1.479,2.611,2.034,448
"2020-05-01","f_12_24","long",1.562,2.655,2.116,448
"2020-06-01","f_12_24","long",1.576,2.691,2.133,448
"2020-07-01","f_12_24","long",1.601,2.725,2.163,448
"2020-08-01","f_12_24","long",1.624,2.763,2.174,448
"2020-09-01","f_12_24","long",1.632,2.732,2.145,448
"2020-10-01","f_12_24","long",1.57,2.648,2.098,448
"2020-11-01","f_12_24","long",1.487,2.606,2.025,448
"2020-12-01","f_12_24","long",1.476,2.558,1.991,448
"2021-01-01","f_12_24","long",1.402,2.481,1.909,448
"2021-02-01","f_12_24","long",1.454,2.57,1.954,448
"2021-03-01","f_12_24","long",1.539,2.653,2.017,448
"2021-04-01","f_12_24","long",1.669,2.776,2.102,448
"2021-05-01","f_12_24","long",1.721,2.878,2.15,448
"2021-06-01","f_12_24","long",1.787,2.964,2.231,448
"2021-07-01","f_12_24","long",1.847,3.068,2.302,448
"2021-08-01","f_12_24","long",1.902,3.161,2.376,448
"2021-09-01","f_12_24","long",2.144,3.402,2.629,448
"2021-10-01","f_12_24","long",2.383,3.759,2.909,448
"2021-11-01","f_12_24","long",2.633,4.064,3.181,448
"2021-12-01","f_12_24","long",2.877,4.335,3.439,448
"2022-01-01","f_12_24","long",3.226,4.734,3.846,448
"2022-02-01","f_12_24","long",3.389,4.941,4.027,448
"2022-03-01","f_12_24","long",3.416,5.09,4.11,448
"2022-04-01","f_12_24","long",3.444,5.273,4.2,448
"2022-05-01","f_12_24","long",3.626,5.489,4.417,448
"2022-06-01","f_12_24","long",4.068,5.931,4.874,448
"2022-07-01","f_12_24","long",4.107,6.006,4.955,448
"2022-08-01","f_12_24","long",4.296,6.248,5.183,448
"2022-09-01","f_12_24","long",4.206,6.263,5.174,448
"2022-10-01","f_12_24","long",4.249,6.267,5.196,448
"2022-11-01","f_12_24","long",4.139,6.177,5.132,448
"2022-12-01","f_12_24","long",4.072,6.111,5.082,448
"2023-01-01","f_12_24","long",3.949,6.045,4.949,448
"2023-02-01","f_12_24","long",3.855,5.947,4.879,448
"2023-03-01","f_12_24","long",3.964,5.947,4.945,448
"2023-04-01","f_12_24","long",4.042,5.866,4.987,448
"2023-05-01","f_12_24","long",3.925,5.706,4.857,448
"2023-06-01","f_12_24","long",3.477,5.244,4.394,448
"2023-07-01","f_12_24","long",3.392,5.089,4.264,448
"2023-08-01","f_12_24","long",3.162,4.802,3.998,448
"2023-09-01","f_12_24","long",3.146,4.752,3.928,448
"2023-10-01","f_12_24","long",2.953,4.525,3.732,448
"2023-11-01","f_12_24","long",2.945,4.527,3.684,448
"2023-12-01","f_12_24","long",2.761,4.339,3.502,448
"2024-01-01","f_12_24","long",2.837,4.275,3.537,448
"2024-02-01","f_12_24","long",2.717,4.124,3.397,448
"2024-03-01","f_12_24","long",2.659,4.036,3.328,448
"2024-04-01","f_12_24","long",2.523,3.91,3.202,448
"2024-05-01","f_12_24","long",2.396,3.835,3.117,448
"2024-06-01","f_12_24","long",2.384,3.8,3.095,448
"2024-07-01","f_12_24","long",2.322,3.714,3.024,448
"2024-08-01","f_12_24","long",2.31,3.69,3.005,448
"2024-09-01","f_12_24","long",2.329,3.661,3.02,448
"2024-10-01","f_12_24","long",2.351,3.641,3.024,448
"2024-11-01","f_12_24","long",2.342,3.568,3.017,448
"2024-12-01","f_12_24","long",2.443,3.668,3.128,448
"2025-01-01","f_12_24","long",2.218,3.438,2.891,448
"2025-02-01","f_12_24","long",2.282,3.465,2.932,448
"2025-03-01","f_12_24","long",2.267,3.455,2.926,448
"2025-04-01","f_12_24","long",2.348,3.494,2.973,448
"2025-05-01","f_12_24","long",2.397,3.428,2.945,448
"2025-06-01","f_12_24","long",2.53,3.519,3.049,448
"2025-07-01","f_12_24","long",2.501,3.545,3.044,448
"2025-08-01","f_12_24","long",2.553,3.595,3.106,448
"2025-09-01","f_12_24","long",2.466,3.507,2.993,448
"2025-10-01","f_12_24","long",2.351,3.395,2.864,448
"2025-11-01","f_12_24","long",2.303,3.303,2.786,448
"2025-12-01","f_12_24","long",2.283,3.273,2.742,448
"2026-01-01","f_12_24","long",2.262,3.28,2.713,448
"2026-02-01","f_12_24","long",2.19,3.235,2.647,448
"2026-03-01","f_12_24","long",2.182,3.211,2.624,448
"2026-04-01","f_12_24","long",2.105,3.171,2.573,448
"2026-05-01","f_12_24","long",2.135,3.219,2.609,448
"2026-06-01","f_12_24","long",1.983,3.112,2.476,448
"2026-07-01","f_12_24","long",1.974,3.112,2.473,448
"2026-08-01","f_12_24","long",1.923,3.015,2.396,448
"1960-01-01","f_12_24","80s",0.279,2.311,1.246,763
"1960-02-01","f_12_24","80s",0.277,2.312,1.251,763
"1960-03-01","f_12_24","80s",0.277,2.289,1.229,763
"1960-04-01","f_12_24","80s",0.164,2.257,1.174,763
"1960-05-01","f_12_24","80s",0.16,2.207,1.138,763
"1960-06-01","f_12_24","80s",0.057,1.996,0.955,763
"1960-07-01","f_12_24","80s",0.122,2.025,1.001,763
"1960-08-01","f_12_24","80s",0.123,1.99,0.977,763
"1960-09-01","f_12_24","80s",0.066,1.889,0.867,763
"1960-10-01","f_12_24","80s",0.065,1.822,0.787,763
"1960-11-01","f_12_24","80s",0.072,1.897,0.867,763
"1960-12-01","f_12_24","80s",0.072,1.874,0.838,763
"1961-01-01","f_12_24","80s",0.091,1.848,0.828,763
"1961-02-01","f_12_24","80s",0.091,1.789,0.801,763
"1961-03-01","f_12_24","80s",0.042,1.699,0.771,763
"1961-04-01","f_12_24","80s",-0.006,1.53,0.634,763
"1961-05-01","f_12_24","80s",-0.006,1.494,0.609,763
"1961-06-01","f_12_24","80s",0.002,1.515,0.621,763
"1961-07-01","f_12_24","80s",-0.062,1.463,0.551,763
"1961-08-01","f_12_24","80s",-0.064,1.365,0.514,763
"1961-09-01","f_12_24","80s",-0.063,1.393,0.524,763
"1961-10-01","f_12_24","80s",-0.088,1.325,0.493,763
"1961-11-01","f_12_24","80s",-0.095,1.234,0.406,763
"1961-12-01","f_12_24","80s",-0.11,1.151,0.356,763
"1962-01-01","f_12_24","80s",0.01,1.394,0.557,763
"1962-02-01","f_12_24","80s",0.016,1.488,0.629,763
"1962-03-01","f_12_24","80s",0.092,1.693,0.776,763
"1962-04-01","f_12_24","80s",0.042,1.627,0.729,763
"1962-05-01","f_12_24","80s",0.041,1.655,0.755,763
"1962-06-01","f_12_24","80s",0.041,1.679,0.774,763
"1962-07-01","f_12_24","80s",0.038,1.599,0.707,763
"1962-08-01","f_12_24","80s",0.041,1.668,0.755,763
"1962-09-01","f_12_24","80s",0.04,1.874,0.798,763
"1962-10-01","f_12_24","80s",-0.027,1.845,0.777,763
"1962-11-01","f_12_24","80s",-0.027,1.846,0.772,763
"1962-12-01","f_12_24","80s",-0.081,1.798,0.754,763
"1963-01-01","f_12_24","80s",-0.16,1.75,0.693,763
"1963-02-01","f_12_24","80s",-0.165,1.673,0.637,763
"1963-03-01","f_12_24","80s",-0.228,1.49,0.498,763
"1963-04-01","f_12_24","80s",-0.193,1.51,0.509,763
"1963-05-01","f_12_24","80s",-0.148,1.672,0.635,763
"1963-06-01","f_12_24","80s",-0.148,1.693,0.638,763
"1963-07-01","f_12_24","80s",-0.147,1.741,0.661,763
"1963-08-01","f_12_24","80s",-0.149,1.759,0.639,763
"1963-09-01","f_12_24","80s",-0.149,1.496,0.56,763
"1963-10-01","f_12_24","80s",0.017,1.71,0.747,763
"1963-11-01","f_12_24","80s",0.017,1.734,0.756,763
"1963-12-01","f_12_24","80s",0.087,1.848,0.809,763
"1964-01-01","f_12_24","80s",0.076,1.773,0.76,763
"1964-02-01","f_12_24","80s",0.076,1.81,0.792,763
"1964-03-01","f_12_24","80s",0.064,1.806,0.788,763
"1964-04-01","f_12_24","80s",0.077,1.822,0.796,763
"1964-05-01","f_12_24","80s",0.024,1.619,0.641,763
"1964-06-01","f_12_24","80s",0.017,1.533,0.596,763
"1964-07-01","f_12_24","80s",0.017,1.479,0.562,763
"1964-08-01","f_12_24","80s",0.017,1.446,0.572,763
"1964-09-01","f_12_24","80s",0.016,1.432,0.559,763
"1964-10-01","f_12_24","80s",-0.059,1.289,0.415,763
"1964-11-01","f_12_24","80s",-0.058,1.304,0.439,763
"1964-12-01","f_12_24","80s",-0.059,1.289,0.441,763
"1965-01-01","f_12_24","80s",-0.045,1.298,0.462,763
"1965-02-01","f_12_24","80s",-0.068,1.224,0.405,763
"1965-03-01","f_12_24","80s",-0.021,1.307,0.44,763
"1965-04-01","f_12_24","80s",-0.014,1.395,0.531,763
"1965-05-01","f_12_24","80s",0,1.472,0.599,763
"1965-06-01","f_12_24","80s",0.011,1.591,0.688,763
"1965-07-01","f_12_24","80s",0.011,1.642,0.731,763
"1965-08-01","f_12_24","80s",0.015,1.683,0.768,763
"1965-09-01","f_12_24","80s",0.016,1.77,0.849,763
"1965-10-01","f_12_24","80s",0.016,1.825,0.905,763
"1965-11-01","f_12_24","80s",0.092,1.891,0.996,763
"1965-12-01","f_12_24","80s",0.179,2.091,1.157,763
"1966-01-01","f_12_24","80s",0.222,2.18,1.216,763
"1966-02-01","f_12_24","80s",0.385,2.407,1.414,763
"1966-03-01","f_12_24","80s",0.388,2.494,1.483,763
"1966-04-01","f_12_24","80s",0.616,2.701,1.681,763
"1966-05-01","f_12_24","80s",0.614,2.747,1.7,763
"1966-06-01","f_12_24","80s",0.673,2.82,1.765,763
"1966-07-01","f_12_24","80s",0.77,2.958,1.903,763
"1966-08-01","f_12_24","80s",0.796,3.023,1.96,763
"1966-09-01","f_12_24","80s",1.041,3.227,2.181,763
"1966-10-01","f_12_24","80s",1.301,3.436,2.417,763
"1966-11-01","f_12_24","80s",1.287,3.442,2.413,763
"1966-12-01","f_12_24","80s",1.261,3.381,2.377,763
"1967-01-01","f_12_24","80s",1.264,3.403,2.38,763
"1967-02-01","f_12_24","80s",1.285,3.408,2.398,763
"1967-03-01","f_12_24","80s",1.284,3.327,2.348,763
"1967-04-01","f_12_24","80s",1.113,3.16,2.198,763
"1967-05-01","f_12_24","80s",1.179,3.173,2.241,763
"1967-06-01","f_12_24","80s",1.316,3.246,2.336,763
"1967-07-01","f_12_24","80s",1.389,3.29,2.391,763
"1967-08-01","f_12_24","80s",1.484,3.34,2.459,763
"1967-09-01","f_12_24","80s",1.544,3.332,2.481,763
"1967-10-01","f_12_24","80s",1.529,3.317,2.464,763
"1967-11-01","f_12_24","80s",1.636,3.431,2.574,763
"1967-12-01","f_12_24","80s",1.736,3.484,2.649,763
"1968-01-01","f_12_24","80s",1.969,3.572,2.82,763
"1968-02-01","f_12_24","80s",2.069,3.651,2.926,763
"1968-03-01","f_12_24","80s",2.207,3.852,3.112,763
"1968-04-01","f_12_24","80s",2.4,3.991,3.265,763
"1968-05-01","f_12_24","80s",2.654,4.183,3.489,763
"1968-06-01","f_12_24","80s",2.701,4.248,3.559,763
"1968-07-01","f_12_24","80s",2.723,4.221,3.556,763
"1968-08-01","f_12_24","80s",2.92,4.392,3.735,763
"1968-09-01","f_12_24","80s",2.94,4.431,3.762,763
"1968-10-01","f_12_24","80s",3.039,4.508,3.842,763
"1968-11-01","f_12_24","80s",3.158,4.604,3.941,763
"1968-12-01","f_12_24","80s",3.226,4.668,4.022,763
"1969-01-01","f_12_24","80s",3.215,4.681,4.023,763
"1969-02-01","f_12_24","80s",3.122,4.576,3.919,763
"1969-03-01","f_12_24","80s",3.328,4.7,4.068,763
"1969-04-01","f_12_24","80s",3.392,4.8,4.147,763
"1969-05-01","f_12_24","80s",3.356,4.825,4.135,763
"1969-06-01","f_12_24","80s",3.42,4.838,4.167,763
"1969-07-01","f_12_24","80s",3.627,5.065,4.38,763
"1969-08-01","f_12_24","80s",3.505,4.971,4.275,763
"1969-09-01","f_12_24","80s",3.525,5.022,4.299,763
"1969-10-01","f_12_24","80s",3.495,5.017,4.287,763
"1969-11-01","f_12_24","80s",3.557,5.013,4.312,763
"1969-12-01","f_12_24","80s",3.663,5.081,4.374,763
"1970-01-01","f_12_24","80s",3.661,5.064,4.361,763
"1970-02-01","f_12_24","80s",3.812,5.196,4.495,763
"1970-03-01","f_12_24","80s",3.766,5.184,4.484,763
"1970-04-01","f_12_24","80s",3.784,5.201,4.493,763
"1970-05-01","f_12_24","80s",3.722,5.137,4.441,763
"1970-06-01","f_12_24","80s",3.662,5.093,4.397,763
"1970-07-01","f_12_24","80s",3.593,4.979,4.302,763
"1970-08-01","f_12_24","80s",3.677,4.993,4.341,763
"1970-09-01","f_12_24","80s",3.667,4.992,4.345,763
"1970-10-01","f_12_24","80s",3.708,5.119,4.408,763
"1970-11-01","f_12_24","80s",3.69,5.121,4.391,763
"1970-12-01","f_12_24","80s",3.793,5.241,4.505,763
"1971-01-01","f_12_24","80s",3.76,5.227,4.48,763
"1971-02-01","f_12_24","80s",3.618,5.12,4.361,763
"1971-03-01","f_12_24","80s",3.498,4.994,4.235,763
"1971-04-01","f_12_24","80s",3.425,4.899,4.162,763
"1971-05-01","f_12_24","80s",3.524,4.986,4.247,763
"1971-06-01","f_12_24","80s",3.603,5.064,4.312,763
"1971-07-01","f_12_24","80s",3.51,4.994,4.235,763
"1971-08-01","f_12_24","80s",3.481,4.988,4.237,763
"1971-09-01","f_12_24","80s",3.361,4.846,4.111,763
"1971-10-01","f_12_24","80s",3.016,4.482,3.782,763
"1971-11-01","f_12_24","80s",2.823,4.288,3.601,763
"1971-12-01","f_12_24","80s",2.619,4.051,3.377,763
"1972-01-01","f_12_24","80s",2.599,4.016,3.34,763
"1972-02-01","f_12_24","80s",2.633,4.005,3.354,763
"1972-03-01","f_12_24","80s",2.646,3.977,3.351,763
"1972-04-01","f_12_24","80s",2.427,3.803,3.159,763
"1972-05-01","f_12_24","80s",2.227,3.586,2.949,763
"1972-06-01","f_12_24","80s",1.999,3.381,2.734,763
"1972-07-01","f_12_24","80s",1.992,3.396,2.722,763
"1972-08-01","f_12_24","80s",1.932,3.346,2.66,763
"1972-09-01","f_12_24","80s",1.989,3.404,2.701,763
"1972-10-01","f_12_24","80s",2.11,3.47,2.79,763
"1972-11-01","f_12_24","80s",2.208,3.579,2.895,763
"1972-12-01","f_12_24","80s",2.234,3.6,2.918,763
"1973-01-01","f_12_24","80s",2.146,3.574,2.88,763
"1973-02-01","f_12_24","80s",2.235,3.707,2.977,763
"1973-03-01","f_12_24","80s",2.36,3.927,3.128,763
"1973-04-01","f_12_24","80s",2.784,4.371,3.551,763
"1973-05-01","f_12_24","80s",2.959,4.651,3.777,763
"1973-06-01","f_12_24","80s",3.118,4.88,3.981,763
"1973-07-01","f_12_24","80s",3.056,4.83,3.938,763
"1973-08-01","f_12_24","80s",3.208,5.121,4.128,763
"1973-09-01","f_12_24","80s",3.209,5.259,4.168,763
"1973-10-01","f_12_24","80s",3.39,5.688,4.407,763
"1973-11-01","f_12_24","80s",3.498,6.066,4.573,763
"1973-12-01","f_12_24","80s",3.696,6.363,4.823,763
"1974-01-01","f_12_24","80s",3.94,6.774,5.119,763
"1974-02-01","f_12_24","80s",4.157,7.358,5.449,763
"1974-03-01","f_12_24","80s",4.452,7.873,5.806,763
"1974-04-01","f_12_24","80s",4.509,8.018,5.904,763
"1974-05-01","f_12_24","80s",4.96,8.565,6.42,763
"1974-06-01","f_12_24","80s",5.339,9.077,6.855,763
"1974-07-01","f_12_24","80s",5.712,9.659,7.335,763
"1974-08-01","f_12_24","80s",6.151,10.204,7.863,763
"1974-09-01","f_12_24","80s",6.567,10.686,8.358,763
"1974-10-01","f_12_24","80s",6.905,10.907,8.707,763
"1974-11-01","f_12_24","80s",7.135,10.909,8.891,763
"1974-12-01","f_12_24","80s",7.273,11.038,9.021,763
"1975-01-01","f_12_24","80s",7.457,11.098,9.166,763
"1975-02-01","f_12_24","80s",7.426,10.716,9.048,763
"1975-03-01","f_12_24","80s",7.098,10.086,8.618,763
"1975-04-01","f_12_24","80s",6.934,9.856,8.419,763
"1975-05-01","f_12_24","80s",6.443,9.258,7.844,763
"1975-06-01","f_12_24","80s",6.145,8.844,7.474,763
"1975-07-01","f_12_24","80s",6.071,8.653,7.319,763
"1975-08-01","f_12_24","80s",5.606,7.996,6.765,763
"1975-09-01","f_12_24","80s",5.423,7.647,6.499,763
"1975-10-01","f_12_24","80s",5.373,7.526,6.4,763
"1975-11-01","f_12_24","80s",5.244,7.401,6.274,763
"1975-12-01","f_12_24","80s",5.088,7.206,6.114,763
"1976-01-01","f_12_24","80s",4.869,6.944,5.863,763
"1976-02-01","f_12_24","80s",4.651,6.849,5.713,763
"1976-03-01","f_12_24","80s",4.566,6.852,5.702,763
"1976-04-01","f_12_24","80s",4.443,6.647,5.552,763
"1976-05-01","f_12_24","80s",4.632,6.764,5.717,763
"1976-06-01","f_12_24","80s",4.676,6.732,5.731,763
"1976-07-01","f_12_24","80s",4.604,6.576,5.626,763
"1976-08-01","f_12_24","80s",4.741,6.725,5.742,763
"1976-09-01","f_12_24","80s",4.683,6.647,5.679,763
"1976-10-01","f_12_24","80s",4.509,6.49,5.534,763
"1976-11-01","f_12_24","80s",4.479,6.439,5.513,763
"1976-12-01","f_12_24","80s",4.432,6.385,5.45,763
"1977-01-01","f_12_24","80s",4.609,6.558,5.626,763
"1977-02-01","f_12_24","80s",4.907,6.804,5.882,763
"1977-03-01","f_12_24","80s",5.209,7.098,6.156,763
"1977-04-01","f_12_24","80s",5.288,7.307,6.293,763
"1977-05-01","f_12_24","80s",5.285,7.285,6.284,763
"1977-06-01","f_12_24","80s",5.374,7.402,6.378,763
"1977-07-01","f_12_24","80s",5.409,7.411,6.414,763
"1977-08-01","f_12_24","80s",5.386,7.407,6.4,763
"1977-09-01","f_12_24","80s",5.321,7.367,6.339,763
"1977-10-01","f_12_24","80s",5.261,7.244,6.237,763
"1977-11-01","f_12_24","80s",5.382,7.41,6.352,763
"1977-12-01","f_12_24","80s",5.438,7.474,6.403,763
"1978-01-01","f_12_24","80s",5.254,7.293,6.235,763
"1978-02-01","f_12_24","80s",5.096,7.09,6.046,763
"1978-03-01","f_12_24","80s",5.061,7.012,5.982,763
"1978-04-01","f_12_24","80s",5.254,7.128,6.122,763
"1978-05-01","f_12_24","80s",5.432,7.319,6.308,763
"1978-06-01","f_12_24","80s",5.421,7.29,6.298,763
"1978-07-01","f_12_24","80s",5.48,7.392,6.376,763
"1978-08-01","f_12_24","80s",5.528,7.431,6.43,763
"1978-09-01","f_12_24","80s",5.71,7.63,6.619,763
"1978-10-01","f_12_24","80s",6.041,7.952,6.938,763
"1978-11-01","f_12_24","80s",6.128,7.994,7.019,763
"1978-12-01","f_12_24","80s",6.15,8.016,7.059,763
"1979-01-01","f_12_24","80s",6.463,8.33,7.356,763
"1979-02-01","f_12_24","80s",6.616,8.539,7.566,763
"1979-03-01","f_12_24","80s",6.651,8.592,7.62,763
"1979-04-01","f_12_24","80s",6.608,8.608,7.606,763
"1979-05-01","f_12_24","80s",6.704,8.811,7.746,763
"1979-06-01","f_12_24","80s",6.794,8.866,7.829,763
"1979-07-01","f_12_24","80s",6.935,8.959,7.937,763
"1979-08-01","f_12_24","80s",7.136,9.168,8.143,763
"1979-09-01","f_12_24","80s",7.155,9.298,8.24,763
"1979-10-01","f_12_24","80s",7.21,9.502,8.386,763
"1979-11-01","f_12_24","80s",7.149,9.507,8.361,763
"1979-12-01","f_12_24","80s",7.269,9.759,8.522,763
"1980-01-01","f_12_24","80s",7.379,9.966,8.674,763
"1980-02-01","f_12_24","80s",7.511,10.336,8.887,763
"1980-03-01","f_12_24","80s",7.76,10.699,9.121,763
"1980-04-01","f_12_24","80s",7.719,10.655,9.116,763
"1980-05-01","f_12_24","80s",7.681,10.57,9.059,763
"1980-06-01","f_12_24","80s",7.798,10.79,9.224,763
"1980-07-01","f_12_24","80s",7.676,10.738,9.127,763
"1980-08-01","f_12_24","80s",7.688,10.693,9.088,763
"1980-09-01","f_12_24","80s",7.862,10.761,9.186,763
"1980-10-01","f_12_24","80s",7.81,10.584,9.067,763
"1980-11-01","f_12_24","80s",7.902,10.654,9.148,763
"1980-12-01","f_12_24","80s",7.927,10.595,9.147,763
"1981-01-01","f_12_24","80s",7.895,10.502,9.06,763
"1981-02-01","f_12_24","80s",7.956,10.272,8.977,763
"1981-03-01","f_12_24","80s",7.733,9.958,8.789,763
"1981-04-01","f_12_24","80s",7.735,9.959,8.831,763
"1981-05-01","f_12_24","80s",7.495,9.8,8.632,763
"1981-06-01","f_12_24","80s",7.262,9.489,8.37,763
"1981-07-01","f_12_24","80s",7.268,9.52,8.393,763
"1981-08-01","f_12_24","80s",7.102,9.468,8.294,763
"1981-09-01","f_12_24","80s",6.85,9.285,8.086,763
"1981-10-01","f_12_24","80s",6.613,9.058,7.849,763
"1981-11-01","f_12_24","80s",6.411,8.824,7.633,763
"1981-12-01","f_12_24","80s",6.133,8.528,7.343,763
"1982-01-01","f_12_24","80s",5.803,8.185,7.032,763
"1982-02-01","f_12_24","80s",5.4,7.733,6.607,763
"1982-03-01","f_12_24","80s",5.22,7.554,6.422,763
"1982-04-01","f_12_24","80s",5.013,7.244,6.092,763
"1982-05-01","f_12_24","80s",5.012,7.101,6.013,763
"1982-06-01","f_12_24","80s",4.955,7.085,5.955,763
"1982-07-01","f_12_24","80s",4.989,7.129,6.002,763
"1982-08-01","f_12_24","80s",4.765,6.816,5.742,763
"1982-09-01","f_12_24","80s",4.462,6.491,5.403,763
"1982-10-01","f_12_24","80s",4.385,6.493,5.375,763
"1982-11-01","f_12_24","80s",4.121,6.263,5.12,763
"1982-12-01","f_12_24","80s",3.894,6.094,4.965,763
"1983-01-01","f_12_24","80s",3.887,6.066,4.958,763
"1983-02-01","f_12_24","80s",3.812,5.985,4.896,763
"1983-03-01","f_12_24","80s",3.595,5.707,4.656,763
"1983-04-01","f_12_24","80s",3.728,5.895,4.83,763
"1983-05-01","f_12_24","80s",3.505,5.676,4.592,763
"1983-06-01","f_12_24","80s",3.363,5.434,4.414,763
"1983-07-01","f_12_24","80s",3.12,5.125,4.128,763
"1983-08-01","f_12_24","80s",3.032,5.037,4.039,763
"1983-09-01","f_12_24","80s",3.083,5.055,4.11,763
"1983-10-01","f_12_24","80s",2.881,4.778,3.864,763
"1983-11-01","f_12_24","80s",2.99,4.839,3.95,763
"1983-12-01","f_12_24","80s",3.058,4.814,3.931,763
"1984-01-01","f_12_24","80s",3.008,4.723,3.869,763
"1984-02-01","f_12_24","80s",3.055,4.745,3.915,763
"1984-03-01","f_12_24","80s",3.213,4.934,4.079,763
"1984-04-01","f_12_24","80s",3.166,4.843,4.015,763
"1984-05-01","f_12_24","80s",3.091,4.756,3.957,763
"1984-06-01","f_12_24","80s",3.05,4.844,3.996,763
"1984-07-01","f_12_24","80s",3.094,4.906,4.065,763
"1984-08-01","f_12_24","80s",3.168,4.912,4.111,763
"1984-09-01","f_12_24","80s",3.183,4.924,4.092,763
"1984-10-01","f_12_24","80s",3.274,4.948,4.149,763
"1984-11-01","f_12_24","80s",3.114,4.81,3.996,763
"1984-12-01","f_12_24","80s",3.193,4.972,4.113,763
"1985-01-01","f_12_24","80s",3.1,4.847,3.996,763
"1985-02-01","f_12_24","80s",3.196,4.994,4.106,763
"1985-03-01","f_12_24","80s",3.21,4.963,4.098,763
"1985-04-01","f_12_24","80s",3.07,4.798,3.942,763
"1985-05-01","f_12_24","80s",3.151,4.923,4.048,763
"1985-06-01","f_12_24","80s",3.245,4.925,4.087,763
"1985-07-01","f_12_24","80s",3.055,4.699,3.874,763
"1985-08-01","f_12_24","80s",3.011,4.718,3.87,763
"1985-09-01","f_12_24","80s",2.954,4.646,3.831,763
"1985-10-01","f_12_24","80s",2.912,4.61,3.791,763
"1985-11-01","f_12_24","80s",3.012,4.753,3.917,763
"1985-12-01","f_12_24","80s",3.064,4.74,3.942,763
"1986-01-01","f_12_24","80s",3.155,4.873,4.057,763
"1986-02-01","f_12_24","80s",2.86,4.625,3.822,763
"1986-03-01","f_12_24","80s",2.656,4.509,3.671,763
"1986-04-01","f_12_24","80s",2.616,4.639,3.732,763
"1986-05-01","f_12_24","80s",2.531,4.523,3.633,763
"1986-06-01","f_12_24","80s",2.538,4.527,3.633,763
"1986-07-01","f_12_24","80s",2.574,4.586,3.678,763
"1986-08-01","f_12_24","80s",2.527,4.492,3.611,763
"1986-09-01","f_12_24","80s",2.598,4.514,3.647,763
"1986-10-01","f_12_24","80s",2.616,4.642,3.717,763
"1986-11-01","f_12_24","80s",2.606,4.55,3.666,763
"1986-12-01","f_12_24","80s",2.539,4.437,3.574,763
"1987-01-01","f_12_24","80s",2.574,4.51,3.588,763
"1987-02-01","f_12_24","80s",2.673,4.569,3.624,763
"1987-03-01","f_12_24","80s",2.861,4.688,3.779,763
"1987-04-01","f_12_24","80s",3.091,4.856,3.944,763
"1987-05-01","f_12_24","80s",3.205,4.948,4.033,763
"1987-06-01","f_12_24","80s",3.131,4.909,3.967,763
"1987-07-01","f_12_24","80s",3.107,4.909,3.961,763
"1987-08-01","f_12_24","80s",3.225,5.098,4.093,763
"1987-09-01","f_12_24","80s",3.216,5.064,4.067,763
"1987-10-01","f_12_24","80s",3.281,5.022,4.078,763
"1987-11-01","f_12_24","80s",3.283,5.036,4.077,763
"1987-12-01","f_12_24","80s",3.203,4.998,4.024,763
"1988-01-01","f_12_24","80s",3.17,4.929,4.021,763
"1988-02-01","f_12_24","80s",3.15,4.898,4.01,763
"1988-03-01","f_12_24","80s",3.147,4.895,4,763
"1988-04-01","f_12_24","80s",3.092,4.774,3.923,763
"1988-05-01","f_12_24","80s",3.071,4.749,3.902,763
"1988-06-01","f_12_24","80s",3.194,4.813,4.003,763
"1988-07-01","f_12_24","80s",3.365,5.012,4.193,763
"1988-08-01","f_12_24","80s",3.339,4.923,4.152,763
"1988-09-01","f_12_24","80s",3.474,5.092,4.293,763
"1988-10-01","f_12_24","80s",3.409,5.088,4.253,763
"1988-11-01","f_12_24","80s",3.445,5.106,4.286,763
"1988-12-01","f_12_24","80s",3.549,5.166,4.356,763
"1989-01-01","f_12_24","80s",3.58,5.234,4.413,763
"1989-02-01","f_12_24","80s",3.673,5.35,4.488,763
"1989-03-01","f_12_24","80s",3.67,5.313,4.462,763
"1989-04-01","f_12_24","80s",3.692,5.31,4.464,763
"1989-05-01","f_12_24","80s",3.761,5.382,4.541,763
"1989-06-01","f_12_24","80s",3.653,5.298,4.44,763
"1989-07-01","f_12_24","80s",3.599,5.169,4.357,763
"1989-08-01","f_12_24","80s",3.456,5.144,4.294,763
"1989-09-01","f_12_24","80s",3.321,5.02,4.175,763
"1989-10-01","f_12_24","80s",3.474,5.137,4.313,763
"1989-11-01","f_12_24","80s",3.459,5.138,4.303,763
"1989-12-01","f_12_24","80s",3.483,5.187,4.359,763
"1990-01-01","f_12_24","80s",3.401,5.109,4.252,763
"1990-02-01","f_12_24","80s",3.357,5.072,4.239,763
"1990-03-01","f_12_24","80s",3.5,5.288,4.422,763
"1990-04-01","f_12_24","80s",3.47,5.224,4.383,763
"1990-05-01","f_12_24","80s",3.397,5.183,4.323,763
"1990-06-01","f_12_24","80s",3.525,5.375,4.495,763
"1990-07-01","f_12_24","80s",3.574,5.44,4.524,763
"1990-08-01","f_12_24","80s",3.793,5.549,4.665,763
"1990-09-01","f_12_24","80s",3.77,5.552,4.667,763
"1990-10-01","f_12_24","80s",3.628,5.434,4.553,763
"1990-11-01","f_12_24","80s",3.499,5.332,4.452,763
"1990-12-01","f_12_24","80s",3.479,5.293,4.405,763
"1991-01-01","f_12_24","80s",3.464,5.302,4.371,763
"1991-02-01","f_12_24","80s",3.387,5.199,4.258,763
"1991-03-01","f_12_24","80s",3.076,4.842,3.921,763
"1991-04-01","f_12_24","80s",3.003,4.763,3.836,763
"1991-05-01","f_12_24","80s",3.079,4.8,3.894,763
"1991-06-01","f_12_24","80s",2.866,4.541,3.636,763
"1991-07-01","f_12_24","80s",2.7,4.414,3.505,763
"1991-08-01","f_12_24","80s",2.519,4.261,3.324,763
"1991-09-01","f_12_24","80s",2.499,4.223,3.285,763
"1991-10-01","f_12_24","80s",2.449,4.135,3.206,763
"1991-11-01","f_12_24","80s",2.606,4.256,3.326,763
"1991-12-01","f_12_24","80s",2.617,4.306,3.361,763
"1992-01-01","f_12_24","80s",2.508,4.121,3.249,763
"1992-02-01","f_12_24","80s",2.555,4.151,3.291,763
"1992-03-01","f_12_24","80s",2.678,4.279,3.409,763
"1992-04-01","f_12_24","80s",2.576,4.213,3.338,763
"1992-05-01","f_12_24","80s",2.44,4.14,3.222,763
"1992-06-01","f_12_24","80s",2.407,4.151,3.218,763
"1992-07-01","f_12_24","80s",2.422,4.135,3.211,763
"1992-08-01","f_12_24","80s",2.407,4.065,3.163,763
"1992-09-01","f_12_24","80s",2.265,3.928,3.03,763
"1992-10-01","f_12_24","80s",2.321,3.982,3.09,763
"1992-11-01","f_12_24","80s",2.281,3.927,3.057,763
"1992-12-01","f_12_24","80s",2.201,3.787,2.948,763
"1993-01-01","f_12_24","80s",2.205,3.772,2.953,763
"1993-02-01","f_12_24","80s",2.179,3.695,2.927,763
"1993-03-01","f_12_24","80s",2.084,3.569,2.839,763
"1993-04-01","f_12_24","80s",2.19,3.624,2.926,763
"1993-05-01","f_12_24","80s",2.237,3.63,2.965,763
"1993-06-01","f_12_24","80s",2.222,3.538,2.926,763
"1993-07-01","f_12_24","80s",2.21,3.469,2.885,763
"1993-08-01","f_12_24","80s",2.163,3.395,2.84,763
"1993-09-01","f_12_24","80s",2.187,3.377,2.831,763
"1993-10-01","f_12_24","80s",2.133,3.291,2.749,763
"1993-11-01","f_12_24","80s",2.066,3.203,2.669,763
"1993-12-01","f_12_24","80s",1.942,3.187,2.617,763
"1994-01-01","f_12_24","80s",1.861,3.158,2.584,763
"1994-02-01","f_12_24","80s",1.838,3.172,2.583,763
"1994-03-01","f_12_24","80s",1.896,3.215,2.627,763
"1994-04-01","f_12_24","80s",1.788,3.117,2.526,763
"1994-05-01","f_12_24","80s",1.74,3.095,2.491,763
"1994-06-01","f_12_24","80s",1.777,3.15,2.533,763
"1994-07-01","f_12_24","80s",1.81,3.199,2.561,763
"1994-08-01","f_12_24","80s",1.791,3.204,2.554,763
"1994-09-01","f_12_24","80s",1.774,3.194,2.557,763
"1994-10-01","f_12_24","80s",1.707,3.146,2.517,763
"1994-11-01","f_12_24","80s",1.712,3.163,2.538,763
"1994-12-01","f_12_24","80s",1.714,3.092,2.505,763
"1995-01-01","f_12_24","80s",1.862,3.206,2.603,763
"1995-02-01","f_12_24","80s",1.813,3.111,2.52,763
"1995-03-01","f_12_24","80s",1.753,3.09,2.488,763
"1995-04-01","f_12_24","80s",1.811,3.126,2.529,763
"1995-05-01","f_12_24","80s",1.781,3.041,2.472,763
"1995-06-01","f_12_24","80s",1.734,2.979,2.417,763
"1995-07-01","f_12_24","80s",1.645,2.895,2.361,763
"1995-08-01","f_12_24","80s",1.71,2.93,2.409,763
"1995-09-01","f_12_24","80s",1.697,2.969,2.426,763
"1995-10-01","f_12_24","80s",1.801,3.074,2.513,763
"1995-11-01","f_12_24","80s",1.72,3.058,2.475,763
"1995-12-01","f_12_24","80s",1.797,3.096,2.517,763
"1996-01-01","f_12_24","80s",1.729,2.984,2.429,763
"1996-02-01","f_12_24","80s",1.759,3.014,2.441,763
"1996-03-01","f_12_24","80s",1.783,2.992,2.424,763
"1996-04-01","f_12_24","80s",1.743,2.968,2.384,763
"1996-05-01","f_12_24","80s",1.772,3.017,2.424,763
"1996-06-01","f_12_24","80s",1.757,3.046,2.456,763
"1996-07-01","f_12_24","80s",1.801,3.092,2.499,763
"1996-08-01","f_12_24","80s",1.746,3.082,2.49,763
"1996-09-01","f_12_24","80s",1.856,3.124,2.54,763
"1996-10-01","f_12_24","80s",1.828,3.084,2.514,763
"1996-11-01","f_12_24","80s",1.926,3.106,2.556,763
"1996-12-01","f_12_24","80s",1.894,3.071,2.534,763
"1997-01-01","f_12_24","80s",1.837,3.047,2.505,763
"1997-02-01","f_12_24","80s",1.82,3.025,2.502,763
"1997-03-01","f_12_24","80s",1.776,2.999,2.481,763
"1997-04-01","f_12_24","80s",1.74,3.004,2.481,763
"1997-05-01","f_12_24","80s",1.647,2.932,2.408,763
"1997-06-01","f_12_24","80s",1.638,2.927,2.4,763
"1997-07-01","f_12_24","80s",1.506,2.894,2.314,763
"1997-08-01","f_12_24","80s",1.455,2.847,2.25,763
"1997-09-01","f_12_24","80s",1.43,2.807,2.232,763
"1997-10-01","f_12_24","80s",1.205,2.683,2.047,763
"1997-11-01","f_12_24","80s",1.076,2.624,1.968,763
"1997-12-01","f_12_24","80s",0.98,2.637,1.93,763
"1998-01-01","f_12_24","80s",0.921,2.606,1.887,763
"1998-02-01","f_12_24","80s",0.798,2.594,1.847,763
"1998-03-01","f_12_24","80s",0.781,2.657,1.878,763
"1998-04-01","f_12_24","80s",0.783,2.645,1.867,763
"1998-05-01","f_12_24","80s",0.811,2.717,1.923,763
"1998-06-01","f_12_24","80s",0.787,2.673,1.869,763
"1998-07-01","f_12_24","80s",0.899,2.686,1.913,763
"1998-08-01","f_12_24","80s",0.98,2.766,1.992,763
"1998-09-01","f_12_24","80s",0.827,2.796,1.962,763
"1998-10-01","f_12_24","80s",0.972,2.866,2.073,763
"1998-11-01","f_12_24","80s",0.968,2.861,2.09,763
"1998-12-01","f_12_24","80s",0.977,2.851,2.113,763
"1999-01-01","f_12_24","80s",1.034,2.864,2.142,763
"1999-02-01","f_12_24","80s",1.011,2.813,2.098,763
"1999-03-01","f_12_24","80s",0.962,2.707,2.014,763
"1999-04-01","f_12_24","80s",1.041,2.77,2.071,763
"1999-05-01","f_12_24","80s",1.031,2.7,2.038,763
"1999-06-01","f_12_24","80s",1.04,2.686,2.046,763
"1999-07-01","f_12_24","80s",1.086,2.688,2.079,763
"1999-08-01","f_12_24","80s",1.031,2.626,2.016,763
"1999-09-01","f_12_24","80s",1.202,2.625,2.054,763
"1999-10-01","f_12_24","80s",1.197,2.576,2.033,763
"1999-11-01","f_12_24","80s",1.255,2.627,2.063,763
"1999-12-01","f_12_24","80s",1.362,2.637,2.081,763
"2000-01-01","f_12_24","80s",1.471,2.774,2.192,763
"2000-02-01","f_12_24","80s",1.628,2.859,2.306,763
"2000-03-01","f_12_24","80s",1.762,2.961,2.405,763
"2000-04-01","f_12_24","80s",1.594,2.875,2.34,763
"2000-05-01","f_12_24","80s",1.604,2.917,2.367,763
"2000-06-01","f_12_24","80s",1.676,3.016,2.425,763
"2000-07-01","f_12_24","80s",1.711,3.106,2.476,763
"2000-08-01","f_12_24","80s",1.734,3.119,2.489,763
"2000-09-01","f_12_24","80s",1.762,3.146,2.539,763
"2000-10-01","f_12_24","80s",1.729,3.191,2.564,763
"2000-11-01","f_12_24","80s",1.755,3.186,2.577,763
"2000-12-01","f_12_24","80s",1.744,3.227,2.619,763
"2001-01-01","f_12_24","80s",1.786,3.298,2.657,763
"2001-02-01","f_12_24","80s",1.835,3.363,2.709,763
"2001-03-01","f_12_24","80s",1.764,3.383,2.696,763
"2001-04-01","f_12_24","80s",1.896,3.513,2.801,763
"2001-05-01","f_12_24","80s",1.918,3.538,2.802,763
"2001-06-01","f_12_24","80s",1.978,3.591,2.881,763
"2001-07-01","f_12_24","80s",1.908,3.548,2.838,763
"2001-08-01","f_12_24","80s",1.902,3.679,2.919,763
"2001-09-01","f_12_24","80s",1.822,3.703,2.876,763
"2001-10-01","f_12_24","80s",1.832,3.737,2.883,763
"2001-11-01","f_12_24","80s",1.841,3.748,2.877,763
"2001-12-01","f_12_24","80s",1.754,3.714,2.806,763
"2002-01-01","f_12_24","80s",1.548,3.546,2.645,763
"2002-02-01","f_12_24","80s",1.486,3.524,2.613,763
"2002-03-01","f_12_24","80s",1.533,3.544,2.641,763
"2002-04-01","f_12_24","80s",1.54,3.473,2.585,763
"2002-05-01","f_12_24","80s",1.531,3.413,2.549,763
"2002-06-01","f_12_24","80s",1.445,3.337,2.462,763
"2002-07-01","f_12_24","80s",1.488,3.319,2.469,763
"2002-08-01","f_12_24","80s",1.516,3.194,2.397,763
"2002-09-01","f_12_24","80s",1.588,3.171,2.429,763
"2002-10-01","f_12_24","80s",1.615,3.128,2.431,763
"2002-11-01","f_12_24","80s",1.607,3.098,2.418,763
"2002-12-01","f_12_24","80s",1.677,3.126,2.464,763
"2003-01-01","f_12_24","80s",1.693,3.14,2.482,763
"2003-02-01","f_12_24","80s",1.675,3.091,2.426,763
"2003-03-01","f_12_24","80s",1.648,3.04,2.388,763
"2003-04-01","f_12_24","80s",1.53,2.929,2.265,763
"2003-05-01","f_12_24","80s",1.528,2.947,2.262,763
"2003-06-01","f_12_24","80s",1.473,2.865,2.191,763
"2003-07-01","f_12_24","80s",1.495,2.881,2.211,763
"2003-08-01","f_12_24","80s",1.525,2.891,2.227,763
"2003-09-01","f_12_24","80s",1.456,2.823,2.156,763
"2003-10-01","f_12_24","80s",1.473,2.855,2.181,763
"2003-11-01","f_12_24","80s",1.433,2.847,2.168,763
"2003-12-01","f_12_24","80s",1.407,2.806,2.114,763
"2004-01-01","f_12_24","80s",1.512,2.904,2.181,763
"2004-02-01","f_12_24","80s",1.582,2.94,2.236,763
"2004-03-01","f_12_24","80s",1.588,2.906,2.225,763
"2004-04-01","f_12_24","80s",1.777,3.071,2.425,763
"2004-05-01","f_12_24","80s",1.848,3.093,2.482,763
"2004-06-01","f_12_24","80s",1.993,3.191,2.589,763
"2004-07-01","f_12_24","80s",1.908,3.152,2.544,763
"2004-08-01","f_12_24","80s",1.83,3.143,2.537,763
"2004-09-01","f_12_24","80s",1.814,3.121,2.516,763
"2004-10-01","f_12_24","80s",1.808,3.108,2.493,763
"2004-11-01","f_12_24","80s",1.842,3.17,2.513,763
"2004-12-01","f_12_24","80s",1.83,3.162,2.543,763
"2005-01-01","f_12_24","80s",1.922,3.174,2.606,763
"2005-02-01","f_12_24","80s",1.922,3.189,2.63,763
"2005-03-01","f_12_24","80s",1.933,3.21,2.625,763
"2005-04-01","f_12_24","80s",1.837,3.147,2.521,763
"2005-05-01","f_12_24","80s",1.801,3.128,2.504,763
"2005-06-01","f_12_24","80s",1.729,3.078,2.446,763
"2005-07-01","f_12_24","80s",1.805,3.098,2.487,763
"2005-08-01","f_12_24","80s",1.823,3.08,2.468,763
"2005-09-01","f_12_24","80s",1.917,3.207,2.577,763
"2005-10-01","f_12_24","80s",1.973,3.275,2.635,763
"2005-11-01","f_12_24","80s",2.035,3.275,2.681,763
"2005-12-01","f_12_24","80s",1.997,3.26,2.647,763
"2006-01-01","f_12_24","80s",1.945,3.192,2.611,763
"2006-02-01","f_12_24","80s",1.856,3.206,2.563,763
"2006-03-01","f_12_24","80s",1.89,3.264,2.629,763
"2006-04-01","f_12_24","80s",1.984,3.37,2.728,763
"2006-05-01","f_12_24","80s",2.102,3.523,2.858,763
"2006-06-01","f_12_24","80s",2.258,3.682,3.025,763
"2006-07-01","f_12_24","80s",2.213,3.718,3.038,763
"2006-08-01","f_12_24","80s",2.314,3.823,3.123,763
"2006-09-01","f_12_24","80s",2.248,3.783,3.09,763
"2006-10-01","f_12_24","80s",2.203,3.791,3.07,763
"2006-11-01","f_12_24","80s",2.05,3.708,2.948,763
"2006-12-01","f_12_24","80s",2.201,3.811,3.071,763
"2007-01-01","f_12_24","80s",2.232,3.892,3.102,763
"2007-02-01","f_12_24","80s",2.371,3.92,3.192,763
"2007-03-01","f_12_24","80s",2.31,3.845,3.12,763
"2007-04-01","f_12_24","80s",2.224,3.705,3.012,763
"2007-05-01","f_12_24","80s",2.074,3.532,2.84,763
"2007-06-01","f_12_24","80s",1.983,3.419,2.733,763
"2007-07-01","f_12_24","80s",1.984,3.342,2.671,763
"2007-08-01","f_12_24","80s",1.89,3.247,2.604,763
"2007-09-01","f_12_24","80s",2,3.325,2.664,763
"2007-10-01","f_12_24","80s",2.094,3.365,2.715,763
"2007-11-01","f_12_24","80s",2.314,3.511,2.901,763
"2007-12-01","f_12_24","80s",2.312,3.507,2.877,763
"2008-01-01","f_12_24","80s",2.242,3.386,2.798,763
"2008-02-01","f_12_24","80s",2.154,3.312,2.699,763
"2008-03-01","f_12_24","80s",2.195,3.348,2.739,763
"2008-04-01","f_12_24","80s",2.174,3.373,2.772,763
"2008-05-01","f_12_24","80s",2.166,3.412,2.795,763
"2008-06-01","f_12_24","80s",2.198,3.51,2.847,763
"2008-07-01","f_12_24","80s",2.257,3.683,2.945,763
"2008-08-01","f_12_24","80s",2.221,3.669,2.913,763
"2008-09-01","f_12_24","80s",2.101,3.548,2.822,763
"2008-10-01","f_12_24","80s",1.749,3.41,2.68,763
"2008-11-01","f_12_24","80s",1.442,3.324,2.564,763
"2008-12-01","f_12_24","80s",1.193,3.171,2.401,763
"2009-01-01","f_12_24","80s",1.142,3.184,2.418,763
"2009-02-01","f_12_24","80s",1.113,3.147,2.397,763
"2009-03-01","f_12_24","80s",0.917,3.063,2.314,763
"2009-04-01","f_12_24","80s",0.889,2.987,2.238,763
"2009-05-01","f_12_24","80s",0.866,2.917,2.195,763
"2009-06-01","f_12_24","80s",0.759,2.766,2.072,763
"2009-07-01","f_12_24","80s",0.506,2.421,1.799,763
"2009-08-01","f_12_24","80s",0.512,2.463,1.789,763
"2009-09-01","f_12_24","80s",0.389,2.386,1.661,763
"2009-10-01","f_12_24","80s",0.574,2.524,1.741,763
"2009-11-01","f_12_24","80s",0.671,2.447,1.662,763
"2009-12-01","f_12_24","80s",0.75,2.423,1.652,763
"2010-01-01","f_12_24","80s",0.647,2.284,1.485,763
"2010-02-01","f_12_24","80s",0.526,2.171,1.369,763
"2010-03-01","f_12_24","80s",0.536,2.143,1.301,763
"2010-04-01","f_12_24","80s",0.47,2.102,1.245,763
"2010-05-01","f_12_24","80s",0.412,2.024,1.163,763
"2010-06-01","f_12_24","80s",0.303,1.928,1.081,763
"2010-07-01","f_12_24","80s",0.382,1.978,1.128,763
"2010-08-01","f_12_24","80s",0.398,1.925,1.134,763
"2010-09-01","f_12_24","80s",0.47,1.905,1.178,763
"2010-10-01","f_12_24","80s",0.429,1.682,1.022,763
"2010-11-01","f_12_24","80s",0.466,1.674,1.031,763
"2010-12-01","f_12_24","80s",0.52,1.712,1.068,763
"2011-01-01","f_12_24","80s",0.61,1.865,1.173,763
"2011-02-01","f_12_24","80s",0.757,2.045,1.337,763
"2011-03-01","f_12_24","80s",0.898,2.176,1.475,763
"2011-04-01","f_12_24","80s",1.046,2.356,1.611,763
"2011-05-01","f_12_24","80s",1.168,2.578,1.767,763
"2011-06-01","f_12_24","80s",1.245,2.634,1.831,763
"2011-07-01","f_12_24","80s",1.328,2.71,1.923,763
"2011-08-01","f_12_24","80s",1.423,2.798,1.995,763
"2011-09-01","f_12_24","80s",1.465,2.867,2.042,763
"2011-10-01","f_12_24","80s",1.45,2.908,2.122,763
"2011-11-01","f_12_24","80s",1.503,2.968,2.167,763
"2011-12-01","f_12_24","80s",1.574,3.038,2.252,763
"2012-01-01","f_12_24","80s",1.646,3.059,2.297,763
"2012-02-01","f_12_24","80s",1.62,3.006,2.23,763
"2012-03-01","f_12_24","80s",1.636,2.924,2.201,763
"2012-04-01","f_12_24","80s",1.582,2.836,2.152,763
"2012-05-01","f_12_24","80s",1.511,2.683,2.075,763
"2012-06-01","f_12_24","80s",1.483,2.661,2.044,763
"2012-07-01","f_12_24","80s",1.44,2.662,2.029,763
"2012-08-01","f_12_24","80s",1.372,2.582,1.981,763
"2012-09-01","f_12_24","80s",1.373,2.55,1.972,763
"2012-10-01","f_12_24","80s",1.443,2.616,1.969,763
"2012-11-01","f_12_24","80s",1.356,2.526,1.906,763
"2012-12-01","f_12_24","80s",1.283,2.463,1.841,763
"2013-01-01","f_12_24","80s",1.254,2.38,1.801,763
"2013-02-01","f_12_24","80s",1.267,2.364,1.831,763
"2013-03-01","f_12_24","80s",1.153,2.313,1.775,763
"2013-04-01","f_12_24","80s",0.975,2.278,1.671,763
"2013-05-01","f_12_24","80s",0.948,2.289,1.671,763
"2013-06-01","f_12_24","80s",1.062,2.37,1.768,763
"2013-07-01","f_12_24","80s",1.095,2.361,1.781,763
"2013-08-01","f_12_24","80s",1.052,2.378,1.758,763
"2013-09-01","f_12_24","80s",0.993,2.377,1.753,763
"2013-10-01","f_12_24","80s",1.026,2.336,1.783,763
"2013-11-01","f_12_24","80s",1.115,2.403,1.862,763
"2013-12-01","f_12_24","80s",1.137,2.44,1.886,763
"2014-01-01","f_12_24","80s",1.096,2.417,1.864,763
"2014-02-01","f_12_24","80s",1.011,2.365,1.808,763
"2014-03-01","f_12_24","80s",1.062,2.397,1.827,763
"2014-04-01","f_12_24","80s",1.257,2.429,1.939,763
"2014-05-01","f_12_24","80s",1.339,2.448,1.975,763
"2014-06-01","f_12_24","80s",1.311,2.422,1.947,763
"2014-07-01","f_12_24","80s",1.315,2.471,1.964,763
"2014-08-01","f_12_24","80s",1.258,2.449,1.93,763
"2014-09-01","f_12_24","80s",1.3,2.463,1.943,763
"2014-10-01","f_12_24","80s",1.15,2.471,1.907,763
"2014-11-01","f_12_24","80s",1.08,2.491,1.888,763
"2014-12-01","f_12_24","80s",1.072,2.473,1.885,763
"2015-01-01","f_12_24","80s",0.856,2.433,1.785,763
"2015-02-01","f_12_24","80s",0.927,2.499,1.849,763
"2015-03-01","f_12_24","80s",0.939,2.486,1.841,763
"2015-04-01","f_12_24","80s",0.941,2.537,1.883,763
"2015-05-01","f_12_24","80s",0.896,2.544,1.85,763
"2015-06-01","f_12_24","80s",0.878,2.562,1.851,763
"2015-07-01","f_12_24","80s",0.875,2.543,1.842,763
"2015-08-01","f_12_24","80s",0.89,2.515,1.845,763
"2015-09-01","f_12_24","80s",0.882,2.544,1.848,763
"2015-10-01","f_12_24","80s",0.884,2.466,1.79,763
"2015-11-01","f_12_24","80s",0.877,2.4,1.749,763
"2015-12-01","f_12_24","80s",0.807,2.364,1.707,763
"2016-01-01","f_12_24","80s",0.992,2.469,1.821,763
"2016-02-01","f_12_24","80s",0.991,2.467,1.819,763
"2016-03-01","f_12_24","80s",1.025,2.523,1.87,763
"2016-04-01","f_12_24","80s",1.073,2.545,1.886,763
"2016-05-01","f_12_24","80s",1.148,2.599,1.968,763
"2016-06-01","f_12_24","80s",1.112,2.577,1.94,763
"2016-07-01","f_12_24","80s",1.08,2.599,1.952,763
"2016-08-01","f_12_24","80s",1.131,2.647,2.001,763
"2016-09-01","f_12_24","80s",1.182,2.656,2.03,763
"2016-10-01","f_12_24","80s",1.322,2.72,2.117,763
"2016-11-01","f_12_24","80s",1.287,2.707,2.095,763
"2016-12-01","f_12_24","80s",1.378,2.754,2.143,763
"2017-01-01","f_12_24","80s",1.462,2.742,2.184,763
"2017-02-01","f_12_24","80s",1.442,2.711,2.146,763
"2017-03-01","f_12_24","80s",1.383,2.662,2.092,763
"2017-04-01","f_12_24","80s",1.276,2.558,2.004,763
"2017-05-01","f_12_24","80s",1.198,2.478,1.909,763
"2017-06-01","f_12_24","80s",1.222,2.533,1.941,763
"2017-07-01","f_12_24","80s",1.196,2.488,1.89,763
"2017-08-01","f_12_24","80s",1.2,2.475,1.875,763
"2017-09-01","f_12_24","80s",1.158,2.461,1.84,763
"2017-10-01","f_12_24","80s",1.167,2.506,1.86,763
"2017-11-01","f_12_24","80s",1.183,2.544,1.89,763
"2017-12-01","f_12_24","80s",1.221,2.588,1.928,763
"2018-01-01","f_12_24","80s",1.281,2.671,1.978,763
"2018-02-01","f_12_24","80s",1.32,2.702,2.018,763
"2018-03-01","f_12_24","80s",1.34,2.708,2.026,763
"2018-04-01","f_12_24","80s",1.359,2.706,2.023,763
"2018-05-01","f_12_24","80s",1.394,2.727,2.066,763
"2018-06-01","f_12_24","80s",1.434,2.707,2.077,763
"2018-07-01","f_12_24","80s",1.471,2.717,2.11,763
"2018-08-01","f_12_24","80s",1.466,2.728,2.116,763
"2018-09-01","f_12_24","80s",1.502,2.728,2.144,763
"2018-10-01","f_12_24","80s",1.492,2.701,2.137,763
"2018-11-01","f_12_24","80s",1.557,2.768,2.202,763
"2018-12-01","f_12_24","80s",1.541,2.779,2.202,763
"2019-01-01","f_12_24","80s",1.381,2.665,2.099,763
"2019-02-01","f_12_24","80s",1.395,2.703,2.138,763
"2019-03-01","f_12_24","80s",1.433,2.753,2.176,763
"2019-04-01","f_12_24","80s",1.491,2.908,2.307,763
"2019-05-01","f_12_24","80s",1.42,2.9,2.25,763
"2019-06-01","f_12_24","80s",1.356,2.884,2.209,763
"2019-07-01","f_12_24","80s",1.412,2.933,2.252,763
"2019-08-01","f_12_24","80s",1.423,2.937,2.27,763
"2019-09-01","f_12_24","80s",1.316,2.898,2.205,763
"2019-10-01","f_12_24","80s",1.362,2.973,2.236,763
"2019-11-01","f_12_24","80s",1.352,2.898,2.183,763
"2019-12-01","f_12_24","80s",1.34,2.913,2.186,763
"2020-01-01","f_12_24","80s",1.444,3.002,2.265,763
"2020-02-01","f_12_24","80s",1.437,2.986,2.251,763
"2020-03-01","f_12_24","80s",1.372,2.934,2.208,763
"2020-04-01","f_12_24","80s",1.182,2.804,2.09,763
"2020-05-01","f_12_24","80s",1.263,2.851,2.17,763
"2020-06-01","f_12_24","80s",1.293,2.899,2.193,763
"2020-07-01","f_12_24","80s",1.328,2.982,2.228,763
"2020-08-01","f_12_24","80s",1.377,3.042,2.249,763
"2020-09-01","f_12_24","80s",1.397,3.047,2.226,763
"2020-10-01","f_12_24","80s",1.323,2.94,2.172,763
"2020-11-01","f_12_24","80s",1.253,2.909,2.104,763
"2020-12-01","f_12_24","80s",1.258,2.907,2.073,763
"2021-01-01","f_12_24","80s",1.198,2.889,2.004,763
"2021-02-01","f_12_24","80s",1.258,2.999,2.058,763
"2021-03-01","f_12_24","80s",1.356,3.122,2.127,763
"2021-04-01","f_12_24","80s",1.595,3.29,2.222,763
"2021-05-01","f_12_24","80s",1.652,3.421,2.279,763
"2021-06-01","f_12_24","80s",1.711,3.529,2.365,763
"2021-07-01","f_12_24","80s",1.772,3.615,2.44,763
"2021-08-01","f_12_24","80s",1.824,3.721,2.519,763
"2021-09-01","f_12_24","80s",2.073,3.951,2.771,763
"2021-10-01","f_12_24","80s",2.319,4.356,3.07,763
"2021-11-01","f_12_24","80s",2.561,4.686,3.35,763
"2021-12-01","f_12_24","80s",2.803,4.96,3.61,763
"2022-01-01","f_12_24","80s",3.153,5.36,4.025,763
"2022-02-01","f_12_24","80s",3.318,5.591,4.209,763
"2022-03-01","f_12_24","80s",3.346,5.746,4.309,763
"2022-04-01","f_12_24","80s",3.361,5.866,4.4,763
"2022-05-01","f_12_24","80s",3.54,6.076,4.619,763
"2022-06-01","f_12_24","80s",3.974,6.489,5.067,763
"2022-07-01","f_12_24","80s",4.016,6.601,5.154,763
"2022-08-01","f_12_24","80s",4.199,6.877,5.385,763
"2022-09-01","f_12_24","80s",4.111,6.927,5.389,763
"2022-10-01","f_12_24","80s",4.153,6.935,5.406,763
"2022-11-01","f_12_24","80s",4.047,6.872,5.346,763
"2022-12-01","f_12_24","80s",3.976,6.782,5.296,763
"2023-01-01","f_12_24","80s",3.848,6.698,5.154,763
"2023-02-01","f_12_24","80s",3.759,6.579,5.088,763
"2023-03-01","f_12_24","80s",3.849,6.53,5.135,763
"2023-04-01","f_12_24","80s",3.895,6.49,5.172,763
"2023-05-01","f_12_24","80s",3.763,6.349,5.034,763
"2023-06-01","f_12_24","80s",3.325,5.896,4.574,763
"2023-07-01","f_12_24","80s",3.209,5.684,4.432,763
"2023-08-01","f_12_24","80s",2.973,5.354,4.158,763
"2023-09-01","f_12_24","80s",2.955,5.25,4.079,763
"2023-10-01","f_12_24","80s",2.767,5.017,3.881,763
"2023-11-01","f_12_24","80s",2.718,4.945,3.82,763
"2023-12-01","f_12_24","80s",2.543,4.755,3.639,763
"2024-01-01","f_12_24","80s",2.595,4.65,3.662,763
"2024-02-01","f_12_24","80s",2.476,4.498,3.52,763
"2024-03-01","f_12_24","80s",2.423,4.424,3.454,763
"2024-04-01","f_12_24","80s",2.315,4.273,3.323,763
"2024-05-01","f_12_24","80s",2.151,4.155,3.229,763
"2024-06-01","f_12_24","80s",2.113,4.102,3.198,763
"2024-07-01","f_12_24","80s",2.077,4.015,3.126,763
"2024-08-01","f_12_24","80s",2.072,3.99,3.107,763
"2024-09-01","f_12_24","80s",2.08,3.954,3.113,763
"2024-10-01","f_12_24","80s",2.104,3.911,3.114,763
"2024-11-01","f_12_24","80s",2.122,3.842,3.1,763
"2024-12-01","f_12_24","80s",2.199,3.917,3.198,763
"2025-01-01","f_12_24","80s",1.999,3.726,2.969,763
"2025-02-01","f_12_24","80s",2.061,3.728,3.001,763
"2025-03-01","f_12_24","80s",1.989,3.702,2.989,763
"2025-04-01","f_12_24","80s",2.074,3.729,3.038,763
"2025-05-01","f_12_24","80s",2.169,3.657,3.013,763
"2025-06-01","f_12_24","80s",2.32,3.741,3.118,763
"2025-07-01","f_12_24","80s",2.295,3.766,3.115,763
"2025-08-01","f_12_24","80s",2.336,3.803,3.172,763
"2025-09-01","f_12_24","80s",2.266,3.734,3.065,763
"2025-10-01","f_12_24","80s",2.15,3.624,2.936,763
"2025-11-01","f_12_24","80s",2.117,3.54,2.863,763
"2025-12-01","f_12_24","80s",2.111,3.525,2.83,763
"2026-01-01","f_12_24","80s",2.094,3.557,2.802,763
"2026-02-01","f_12_24","80s",2.019,3.547,2.74,763
"2026-03-01","f_12_24","80s",2.072,3.542,2.723,763
"2026-04-01","f_12_24","80s",2.005,3.552,2.682,763
"2026-05-01","f_12_24","80s",2.03,3.602,2.72,763
"2026-06-01","f_12_24","80s",1.886,3.49,2.59,763
"2026-07-01","f_12_24","80s",1.854,3.49,2.583,763
"2026-08-01","f_12_24","80s",1.818,3.412,2.509,763
"1960-01-01","f_12_24","00s",0.256,2.071,1.109,561
"1960-02-01","f_12_24","00s",0.255,2.08,1.114,561
"1960-03-01","f_12_24","00s",0.256,2.055,1.095,561
"1960-04-01","f_12_24","00s",0.151,2.019,1.032,561
"1960-05-01","f_12_24","00s",0.147,1.976,0.999,561
"1960-06-01","f_12_24","00s",0.057,1.804,0.83,561
"1960-07-01","f_12_24","00s",0.115,1.827,0.877,561
"1960-08-01","f_12_24","00s",0.115,1.792,0.855,561
"1960-09-01","f_12_24","00s",0.065,1.703,0.755,561
"1960-10-01","f_12_24","00s",0.065,1.634,0.685,561
"1960-11-01","f_12_24","00s",0.071,1.711,0.757,561
"1960-12-01","f_12_24","00s",0.07,1.69,0.731,561
"1961-01-01","f_12_24","00s",0.082,1.652,0.72,561
"1961-02-01","f_12_24","00s",0.082,1.592,0.696,561
"1961-03-01","f_12_24","00s",0.042,1.511,0.671,561
"1961-04-01","f_12_24","00s",0,1.378,0.55,561
"1961-05-01","f_12_24","00s",0,1.338,0.528,561
"1961-06-01","f_12_24","00s",0.005,1.358,0.538,561
"1961-07-01","f_12_24","00s",-0.051,1.314,0.471,561
"1961-08-01","f_12_24","00s",-0.053,1.23,0.441,561
"1961-09-01","f_12_24","00s",-0.052,1.253,0.448,561
"1961-10-01","f_12_24","00s",-0.072,1.188,0.422,561
"1961-11-01","f_12_24","00s",-0.078,1.099,0.346,561
"1961-12-01","f_12_24","00s",-0.09,1.019,0.302,561
"1962-01-01","f_12_24","00s",0.016,1.232,0.49,561
"1962-02-01","f_12_24","00s",0.021,1.327,0.553,561
"1962-03-01","f_12_24","00s",0.085,1.507,0.684,561
"1962-04-01","f_12_24","00s",0.034,1.428,0.636,561
"1962-05-01","f_12_24","00s",0.029,1.457,0.659,561
"1962-06-01","f_12_24","00s",0.029,1.48,0.676,561
"1962-07-01","f_12_24","00s",0.025,1.404,0.619,561
"1962-08-01","f_12_24","00s",0.028,1.478,0.661,561
"1962-09-01","f_12_24","00s",0.027,1.597,0.692,561
"1962-10-01","f_12_24","00s",-0.026,1.567,0.672,561
"1962-11-01","f_12_24","00s",-0.026,1.564,0.667,561
"1962-12-01","f_12_24","00s",-0.071,1.521,0.652,561
"1963-01-01","f_12_24","00s",-0.141,1.459,0.59,561
"1963-02-01","f_12_24","00s",-0.145,1.386,0.541,561
"1963-03-01","f_12_24","00s",-0.177,1.222,0.417,561
"1963-04-01","f_12_24","00s",-0.14,1.247,0.43,561
"1963-05-01","f_12_24","00s",-0.095,1.351,0.545,561
"1963-06-01","f_12_24","00s",-0.095,1.363,0.546,561
"1963-07-01","f_12_24","00s",-0.093,1.405,0.565,561
"1963-08-01","f_12_24","00s",-0.095,1.402,0.542,561
"1963-09-01","f_12_24","00s",-0.095,1.224,0.481,561
"1963-10-01","f_12_24","00s",0.044,1.415,0.654,561
"1963-11-01","f_12_24","00s",0.044,1.438,0.66,561
"1963-12-01","f_12_24","00s",0.101,1.543,0.704,561
"1964-01-01","f_12_24","00s",0.091,1.519,0.659,561
"1964-02-01","f_12_24","00s",0.092,1.562,0.687,561
"1964-03-01","f_12_24","00s",0.057,1.562,0.683,561
"1964-04-01","f_12_24","00s",0.068,1.578,0.689,561
"1964-05-01","f_12_24","00s",0.024,1.433,0.549,561
"1964-06-01","f_12_24","00s",0.018,1.351,0.51,561
"1964-07-01","f_12_24","00s",0.018,1.296,0.48,561
"1964-08-01","f_12_24","00s",0.017,1.289,0.492,561
"1964-09-01","f_12_24","00s",0.017,1.274,0.479,561
"1964-10-01","f_12_24","00s",-0.05,1.156,0.345,561
"1964-11-01","f_12_24","00s",-0.049,1.173,0.367,561
"1964-12-01","f_12_24","00s",-0.05,1.163,0.37,561
"1965-01-01","f_12_24","00s",-0.037,1.17,0.389,561
"1965-02-01","f_12_24","00s",-0.06,1.094,0.338,561
"1965-03-01","f_12_24","00s",-0.018,1.171,0.368,561
"1965-04-01","f_12_24","00s",-0.012,1.256,0.45,561
"1965-05-01","f_12_24","00s",-0.002,1.337,0.51,561
"1965-06-01","f_12_24","00s",0.007,1.457,0.59,561
"1965-07-01","f_12_24","00s",0.007,1.509,0.628,561
"1965-08-01","f_12_24","00s",0.011,1.542,0.66,561
"1965-09-01","f_12_24","00s",0.012,1.632,0.734,561
"1965-10-01","f_12_24","00s",0.012,1.69,0.783,561
"1965-11-01","f_12_24","00s",0.079,1.75,0.871,561
"1965-12-01","f_12_24","00s",0.156,1.905,1.019,561
"1966-01-01","f_12_24","00s",0.194,1.946,1.077,561
"1966-02-01","f_12_24","00s",0.349,2.142,1.265,561
"1966-03-01","f_12_24","00s",0.352,2.223,1.324,561
"1966-04-01","f_12_24","00s",0.576,2.441,1.523,561
"1966-05-01","f_12_24","00s",0.574,2.478,1.537,561
"1966-06-01","f_12_24","00s",0.627,2.546,1.598,561
"1966-07-01","f_12_24","00s",0.713,2.664,1.728,561
"1966-08-01","f_12_24","00s",0.735,2.703,1.78,561
"1966-09-01","f_12_24","00s",0.983,2.903,2.003,561
"1966-10-01","f_12_24","00s",1.248,3.105,2.245,561
"1966-11-01","f_12_24","00s",1.236,3.112,2.238,561
"1966-12-01","f_12_24","00s",1.213,3.067,2.205,561
"1967-01-01","f_12_24","00s",1.215,3.1,2.209,561
"1967-02-01","f_12_24","00s",1.232,3.121,2.23,561
"1967-03-01","f_12_24","00s",1.231,3.052,2.19,561
"1967-04-01","f_12_24","00s",1.057,2.874,2.038,561
"1967-05-01","f_12_24","00s",1.116,2.888,2.083,561
"1967-06-01","f_12_24","00s",1.254,2.948,2.185,561
"1967-07-01","f_12_24","00s",1.327,2.996,2.244,561
"1967-08-01","f_12_24","00s",1.413,3.061,2.311,561
"1967-09-01","f_12_24","00s",1.477,3.054,2.339,561
"1967-10-01","f_12_24","00s",1.459,3.035,2.318,561
"1967-11-01","f_12_24","00s",1.56,3.133,2.427,561
"1967-12-01","f_12_24","00s",1.653,3.199,2.503,561
"1968-01-01","f_12_24","00s",1.898,3.327,2.684,561
"1968-02-01","f_12_24","00s",2.012,3.429,2.793,561
"1968-03-01","f_12_24","00s",2.133,3.616,2.968,561
"1968-04-01","f_12_24","00s",2.337,3.763,3.131,561
"1968-05-01","f_12_24","00s",2.603,3.964,3.364,561
"1968-06-01","f_12_24","00s",2.652,4.039,3.433,561
"1968-07-01","f_12_24","00s",2.68,4.025,3.434,561
"1968-08-01","f_12_24","00s",2.881,4.204,3.618,561
"1968-09-01","f_12_24","00s",2.894,4.253,3.644,561
"1968-10-01","f_12_24","00s",2.994,4.341,3.728,561
"1968-11-01","f_12_24","00s",3.121,4.442,3.833,561
"1968-12-01","f_12_24","00s",3.252,4.53,3.927,561
"1969-01-01","f_12_24","00s",3.234,4.538,3.926,561
"1969-02-01","f_12_24","00s",3.133,4.42,3.819,561
"1969-03-01","f_12_24","00s",3.353,4.55,3.978,561
"1969-04-01","f_12_24","00s",3.407,4.633,4.05,561
"1969-05-01","f_12_24","00s",3.359,4.65,4.028,561
"1969-06-01","f_12_24","00s",3.432,4.674,4.066,561
"1969-07-01","f_12_24","00s",3.634,4.903,4.279,561
"1969-08-01","f_12_24","00s",3.511,4.803,4.171,561
"1969-09-01","f_12_24","00s",3.526,4.848,4.193,561
"1969-10-01","f_12_24","00s",3.488,4.835,4.177,561
"1969-11-01","f_12_24","00s",3.553,4.851,4.209,561
"1969-12-01","f_12_24","00s",3.604,4.909,4.266,561
"1970-01-01","f_12_24","00s",3.602,4.895,4.254,561
"1970-02-01","f_12_24","00s",3.762,5.033,4.392,561
"1970-03-01","f_12_24","00s",3.741,5.021,4.383,561
"1970-04-01","f_12_24","00s",3.756,5.04,4.391,561
"1970-05-01","f_12_24","00s",3.695,4.977,4.339,561
"1970-06-01","f_12_24","00s",3.639,4.935,4.295,561
"1970-07-01","f_12_24","00s",3.575,4.828,4.205,561
"1970-08-01","f_12_24","00s",3.669,4.855,4.251,561
"1970-09-01","f_12_24","00s",3.656,4.852,4.252,561
"1970-10-01","f_12_24","00s",3.698,4.959,4.307,561
"1970-11-01","f_12_24","00s",3.68,4.951,4.289,561
"1970-12-01","f_12_24","00s",3.797,5.062,4.404,561
"1971-01-01","f_12_24","00s",3.761,5.044,4.38,561
"1971-02-01","f_12_24","00s",3.607,4.919,4.254,561
"1971-03-01","f_12_24","00s",3.469,4.793,4.123,561
"1971-04-01","f_12_24","00s",3.403,4.705,4.055,561
"1971-05-01","f_12_24","00s",3.502,4.784,4.143,561
"1971-06-01","f_12_24","00s",3.569,4.852,4.203,561
"1971-07-01","f_12_24","00s",3.48,4.781,4.125,561
"1971-08-01","f_12_24","00s",3.473,4.775,4.131,561
"1971-09-01","f_12_24","00s",3.368,4.626,4.011,561
"1971-10-01","f_12_24","00s",3.025,4.261,3.685,561
"1971-11-01","f_12_24","00s",2.83,4.075,3.503,561
"1971-12-01","f_12_24","00s",2.618,3.834,3.276,561
"1972-01-01","f_12_24","00s",2.607,3.798,3.241,561
"1972-02-01","f_12_24","00s",2.652,3.799,3.26,561
"1972-03-01","f_12_24","00s",2.684,3.775,3.265,561
"1972-04-01","f_12_24","00s",2.463,3.59,3.068,561
"1972-05-01","f_12_24","00s",2.26,3.366,2.858,561
"1972-06-01","f_12_24","00s",2.026,3.158,2.642,561
"1972-07-01","f_12_24","00s",2.021,3.16,2.629,561
"1972-08-01","f_12_24","00s",1.935,3.115,2.559,561
"1972-09-01","f_12_24","00s",1.982,3.169,2.596,561
"1972-10-01","f_12_24","00s",2.098,3.259,2.688,561
"1972-11-01","f_12_24","00s",2.196,3.364,2.793,561
"1972-12-01","f_12_24","00s",2.217,3.401,2.816,561
"1973-01-01","f_12_24","00s",2.114,3.379,2.769,561
"1973-02-01","f_12_24","00s",2.193,3.511,2.862,561
"1973-03-01","f_12_24","00s",2.294,3.723,3.001,561
"1973-04-01","f_12_24","00s",2.711,4.157,3.42,561
"1973-05-01","f_12_24","00s",2.888,4.433,3.637,561
"1973-06-01","f_12_24","00s",3.048,4.663,3.832,561
"1973-07-01","f_12_24","00s",2.974,4.605,3.785,561
"1973-08-01","f_12_24","00s",3.122,4.851,3.964,561
"1973-09-01","f_12_24","00s",3.121,4.959,3.994,561
"1973-10-01","f_12_24","00s",3.307,5.303,4.219,561
"1973-11-01","f_12_24","00s",3.414,5.588,4.37,561
"1973-12-01","f_12_24","00s",3.622,5.869,4.611,561
"1974-01-01","f_12_24","00s",3.859,6.201,4.892,561
"1974-02-01","f_12_24","00s",4.065,6.677,5.195,561
"1974-03-01","f_12_24","00s",4.342,7.081,5.533,561
"1974-04-01","f_12_24","00s",4.403,7.231,5.624,561
"1974-05-01","f_12_24","00s",4.864,7.758,6.132,561
"1974-06-01","f_12_24","00s",5.25,8.258,6.563,561
"1974-07-01","f_12_24","00s",5.61,8.827,7.022,561
"1974-08-01","f_12_24","00s",6.041,9.345,7.536,561
"1974-09-01","f_12_24","00s",6.453,9.844,8.023,561
"1974-10-01","f_12_24","00s",6.786,10.107,8.376,561
"1974-11-01","f_12_24","00s",7.014,10.196,8.572,561
"1974-12-01","f_12_24","00s",7.135,10.329,8.702,561
"1975-01-01","f_12_24","00s",7.326,10.46,8.861,561
"1975-02-01","f_12_24","00s",7.32,10.189,8.774,561
"1975-03-01","f_12_24","00s",7.01,9.678,8.37,561
"1975-04-01","f_12_24","00s",6.865,9.473,8.183,561
"1975-05-01","f_12_24","00s",6.361,8.869,7.62,561
"1975-06-01","f_12_24","00s",6.048,8.425,7.254,561
"1975-07-01","f_12_24","00s",6.003,8.19,7.123,561
"1975-08-01","f_12_24","00s",5.548,7.598,6.589,561
"1975-09-01","f_12_24","00s",5.374,7.267,6.34,561
"1975-10-01","f_12_24","00s",5.318,7.149,6.248,561
"1975-11-01","f_12_24","00s",5.188,7.023,6.119,561
"1975-12-01","f_12_24","00s",5.043,6.833,5.965,561
"1976-01-01","f_12_24","00s",4.833,6.547,5.721,561
"1976-02-01","f_12_24","00s",4.653,6.436,5.572,561
"1976-03-01","f_12_24","00s",4.608,6.427,5.563,561
"1976-04-01","f_12_24","00s",4.499,6.222,5.42,561
"1976-05-01","f_12_24","00s",4.695,6.373,5.593,561
"1976-06-01","f_12_24","00s",4.761,6.367,5.617,561
"1976-07-01","f_12_24","00s",4.684,6.276,5.513,561
"1976-08-01","f_12_24","00s",4.813,6.408,5.63,561
"1976-09-01","f_12_24","00s",4.759,6.335,5.57,561
"1976-10-01","f_12_24","00s",4.588,6.198,5.421,561
"1976-11-01","f_12_24","00s",4.578,6.156,5.408,561
"1976-12-01","f_12_24","00s",4.523,6.102,5.341,561
"1977-01-01","f_12_24","00s",4.706,6.313,5.516,561
"1977-02-01","f_12_24","00s",4.946,6.552,5.761,561
"1977-03-01","f_12_24","00s",5.219,6.829,6.03,561
"1977-04-01","f_12_24","00s",5.258,6.982,6.149,561
"1977-05-01","f_12_24","00s",5.265,6.969,6.142,561
"1977-06-01","f_12_24","00s",5.342,7.066,6.235,561
"1977-07-01","f_12_24","00s",5.401,7.086,6.277,561
"1977-08-01","f_12_24","00s",5.382,7.044,6.262,561
"1977-09-01","f_12_24","00s",5.307,7.008,6.197,561
"1977-10-01","f_12_24","00s",5.247,6.899,6.1,561
"1977-11-01","f_12_24","00s",5.347,7.039,6.207,561
"1977-12-01","f_12_24","00s",5.403,7.099,6.261,561
"1978-01-01","f_12_24","00s",5.221,6.906,6.094,561
"1978-02-01","f_12_24","00s",5.07,6.721,5.912,561
"1978-03-01","f_12_24","00s",5.019,6.656,5.846,561
"1978-04-01","f_12_24","00s",5.224,6.802,5.996,561
"1978-05-01","f_12_24","00s",5.4,6.985,6.18,561
"1978-06-01","f_12_24","00s",5.395,6.994,6.171,561
"1978-07-01","f_12_24","00s",5.426,7.094,6.24,561
"1978-08-01","f_12_24","00s",5.481,7.183,6.294,561
"1978-09-01","f_12_24","00s",5.672,7.363,6.484,561
"1978-10-01","f_12_24","00s",6.007,7.692,6.806,561
"1978-11-01","f_12_24","00s",6.117,7.751,6.893,561
"1978-12-01","f_12_24","00s",6.139,7.78,6.931,561
"1979-01-01","f_12_24","00s",6.438,8.098,7.224,561
"1979-02-01","f_12_24","00s",6.583,8.289,7.425,561
"1979-03-01","f_12_24","00s",6.615,8.344,7.477,561
"1979-04-01","f_12_24","00s",6.573,8.336,7.459,561
"1979-05-01","f_12_24","00s",6.647,8.513,7.587,561
"1979-06-01","f_12_24","00s",6.737,8.567,7.671,561
"1979-07-01","f_12_24","00s",6.883,8.659,7.785,561
"1979-08-01","f_12_24","00s",7.075,8.847,7.988,561
"1979-09-01","f_12_24","00s",7.083,8.961,8.071,561
"1979-10-01","f_12_24","00s",7.128,9.151,8.201,561
"1979-11-01","f_12_24","00s",7.039,9.153,8.163,561
"1979-12-01","f_12_24","00s",7.152,9.366,8.313,561
"1980-01-01","f_12_24","00s",7.256,9.531,8.457,561
"1980-02-01","f_12_24","00s",7.393,9.859,8.653,561
"1980-03-01","f_12_24","00s",7.654,10.092,8.89,561
"1980-04-01","f_12_24","00s",7.599,10.082,8.879,561
"1980-05-01","f_12_24","00s",7.583,10.013,8.828,561
"1980-06-01","f_12_24","00s",7.691,10.229,8.984,561
"1980-07-01","f_12_24","00s",7.559,10.165,8.879,561
"1980-08-01","f_12_24","00s",7.576,10.135,8.846,561
"1980-09-01","f_12_24","00s",7.755,10.229,8.959,561
"1980-10-01","f_12_24","00s",7.714,10.061,8.851,561
"1980-11-01","f_12_24","00s",7.812,10.12,8.938,561
"1980-12-01","f_12_24","00s",7.836,10.07,8.946,561
"1981-01-01","f_12_24","00s",7.818,10.004,8.869,561
"1981-02-01","f_12_24","00s",7.885,9.831,8.812,561
"1981-03-01","f_12_24","00s",7.671,9.656,8.623,561
"1981-04-01","f_12_24","00s",7.779,9.67,8.689,561
"1981-05-01","f_12_24","00s",7.539,9.502,8.489,561
"1981-06-01","f_12_24","00s",7.334,9.2,8.241,561
"1981-07-01","f_12_24","00s",7.349,9.219,8.262,561
"1981-08-01","f_12_24","00s",7.181,9.166,8.154,561
"1981-09-01","f_12_24","00s",6.921,8.942,7.938,561
"1981-10-01","f_12_24","00s",6.683,8.709,7.703,561
"1981-11-01","f_12_24","00s",6.5,8.484,7.493,561
"1981-12-01","f_12_24","00s",6.22,8.21,7.205,561
"1982-01-01","f_12_24","00s",5.886,7.866,6.891,561
"1982-02-01","f_12_24","00s",5.48,7.427,6.47,561
"1982-03-01","f_12_24","00s",5.308,7.219,6.289,561
"1982-04-01","f_12_24","00s",5.016,6.91,5.95,561
"1982-05-01","f_12_24","00s",5.008,6.792,5.876,561
"1982-06-01","f_12_24","00s",4.93,6.745,5.808,561
"1982-07-01","f_12_24","00s",4.948,6.782,5.852,561
"1982-08-01","f_12_24","00s",4.735,6.458,5.6,561
"1982-09-01","f_12_24","00s",4.427,6.18,5.264,561
"1982-10-01","f_12_24","00s",4.344,6.176,5.226,561
"1982-11-01","f_12_24","00s",4.063,5.938,4.966,561
"1982-12-01","f_12_24","00s",3.91,5.783,4.819,561
"1983-01-01","f_12_24","00s",3.918,5.75,4.818,561
"1983-02-01","f_12_24","00s",3.858,5.663,4.757,561
"1983-03-01","f_12_24","00s",3.612,5.422,4.516,561
"1983-04-01","f_12_24","00s",3.737,5.604,4.681,561
"1983-05-01","f_12_24","00s",3.512,5.369,4.442,561
"1983-06-01","f_12_24","00s",3.377,5.162,4.274,561
"1983-07-01","f_12_24","00s",3.139,4.873,3.993,561
"1983-08-01","f_12_24","00s",3.058,4.803,3.903,561
"1983-09-01","f_12_24","00s",3.151,4.813,3.986,561
"1983-10-01","f_12_24","00s",2.966,4.547,3.752,561
"1983-11-01","f_12_24","00s",3.087,4.618,3.843,561
"1983-12-01","f_12_24","00s",3.085,4.575,3.817,561
"1984-01-01","f_12_24","00s",3.024,4.515,3.755,561
"1984-02-01","f_12_24","00s",3.076,4.55,3.806,561
"1984-03-01","f_12_24","00s",3.257,4.718,3.972,561
"1984-04-01","f_12_24","00s",3.214,4.63,3.912,561
"1984-05-01","f_12_24","00s",3.138,4.555,3.855,561
"1984-06-01","f_12_24","00s",3.15,4.622,3.893,561
"1984-07-01","f_12_24","00s",3.196,4.689,3.964,561
"1984-08-01","f_12_24","00s",3.283,4.698,4.018,561
"1984-09-01","f_12_24","00s",3.266,4.712,3.992,561
"1984-10-01","f_12_24","00s",3.348,4.744,4.05,561
"1984-11-01","f_12_24","00s",3.188,4.612,3.896,561
"1984-12-01","f_12_24","00s",3.293,4.786,4.013,561
"1985-01-01","f_12_24","00s",3.203,4.658,3.898,561
"1985-02-01","f_12_24","00s",3.273,4.782,3.998,561
"1985-03-01","f_12_24","00s",3.27,4.776,3.989,561
"1985-04-01","f_12_24","00s",3.145,4.615,3.839,561
"1985-05-01","f_12_24","00s",3.222,4.733,3.938,561
"1985-06-01","f_12_24","00s",3.285,4.751,3.979,561
"1985-07-01","f_12_24","00s",3.098,4.533,3.769,561
"1985-08-01","f_12_24","00s",3.07,4.552,3.762,561
"1985-09-01","f_12_24","00s",3.046,4.474,3.731,561
"1985-10-01","f_12_24","00s",3.007,4.433,3.689,561
"1985-11-01","f_12_24","00s",3.095,4.584,3.812,561
"1985-12-01","f_12_24","00s",3.144,4.559,3.84,561
"1986-01-01","f_12_24","00s",3.243,4.677,3.955,561
"1986-02-01","f_12_24","00s",3.027,4.445,3.733,561
"1986-03-01","f_12_24","00s",2.818,4.316,3.573,561
"1986-04-01","f_12_24","00s",2.846,4.415,3.63,561
"1986-05-01","f_12_24","00s",2.777,4.308,3.539,561
"1986-06-01","f_12_24","00s",2.761,4.313,3.537,561
"1986-07-01","f_12_24","00s",2.806,4.374,3.582,561
"1986-08-01","f_12_24","00s",2.739,4.282,3.515,561
"1986-09-01","f_12_24","00s",2.774,4.313,3.545,561
"1986-10-01","f_12_24","00s",2.816,4.443,3.612,561
"1986-11-01","f_12_24","00s",2.807,4.339,3.567,561
"1986-12-01","f_12_24","00s",2.725,4.247,3.475,561
"1987-01-01","f_12_24","00s",2.748,4.292,3.488,561
"1987-02-01","f_12_24","00s",2.78,4.312,3.513,561
"1987-03-01","f_12_24","00s",2.985,4.434,3.681,561
"1987-04-01","f_12_24","00s",3.124,4.624,3.841,561
"1987-05-01","f_12_24","00s",3.226,4.717,3.928,561
"1987-06-01","f_12_24","00s",3.146,4.67,3.857,561
"1987-07-01","f_12_24","00s",3.106,4.637,3.844,561
"1987-08-01","f_12_24","00s",3.195,4.787,3.969,561
"1987-09-01","f_12_24","00s",3.193,4.762,3.947,561
"1987-10-01","f_12_24","00s",3.23,4.723,3.959,561
"1987-11-01","f_12_24","00s",3.234,4.742,3.957,561
"1987-12-01","f_12_24","00s",3.164,4.691,3.905,561
"1988-01-01","f_12_24","00s",3.148,4.666,3.905,561
"1988-02-01","f_12_24","00s",3.138,4.661,3.896,561
"1988-03-01","f_12_24","00s",3.123,4.662,3.882,561
"1988-04-01","f_12_24","00s",3.075,4.545,3.806,561
"1988-05-01","f_12_24","00s",3.061,4.521,3.786,561
"1988-06-01","f_12_24","00s",3.197,4.589,3.895,561
"1988-07-01","f_12_24","00s",3.377,4.812,4.084,561
"1988-08-01","f_12_24","00s",3.389,4.756,4.052,561
"1988-09-01","f_12_24","00s",3.523,4.919,4.191,561
"1988-10-01","f_12_24","00s",3.456,4.909,4.146,561
"1988-11-01","f_12_24","00s",3.491,4.933,4.181,561
"1988-12-01","f_12_24","00s",3.589,4.998,4.253,561
"1989-01-01","f_12_24","00s",3.594,5.069,4.298,561
"1989-02-01","f_12_24","00s",3.672,5.185,4.37,561
"1989-03-01","f_12_24","00s",3.678,5.155,4.35,561
"1989-04-01","f_12_24","00s",3.703,5.155,4.356,561
"1989-05-01","f_12_24","00s",3.767,5.222,4.428,561
"1989-06-01","f_12_24","00s",3.657,5.136,4.326,561
"1989-07-01","f_12_24","00s",3.628,5.013,4.254,561
"1989-08-01","f_12_24","00s",3.522,4.965,4.19,561
"1989-09-01","f_12_24","00s",3.388,4.832,4.069,561
"1989-10-01","f_12_24","00s",3.547,4.929,4.212,561
"1989-11-01","f_12_24","00s",3.533,4.921,4.201,561
"1989-12-01","f_12_24","00s",3.578,4.962,4.258,561
"1990-01-01","f_12_24","00s",3.498,4.864,4.153,561
"1990-02-01","f_12_24","00s",3.442,4.819,4.132,561
"1990-03-01","f_12_24","00s",3.579,5.025,4.312,561
"1990-04-01","f_12_24","00s",3.556,4.963,4.279,561
"1990-05-01","f_12_24","00s",3.478,4.925,4.22,561
"1990-06-01","f_12_24","00s",3.587,5.128,4.383,561
"1990-07-01","f_12_24","00s",3.605,5.155,4.405,561
"1990-08-01","f_12_24","00s",3.752,5.282,4.54,561
"1990-09-01","f_12_24","00s",3.721,5.295,4.536,561
"1990-10-01","f_12_24","00s",3.568,5.195,4.416,561
"1990-11-01","f_12_24","00s",3.436,5.094,4.309,561
"1990-12-01","f_12_24","00s",3.398,5.068,4.263,561
"1991-01-01","f_12_24","00s",3.39,5.057,4.233,561
"1991-02-01","f_12_24","00s",3.323,4.976,4.129,561
"1991-03-01","f_12_24","00s",3.023,4.629,3.795,561
"1991-04-01","f_12_24","00s",2.943,4.549,3.711,561
"1991-05-01","f_12_24","00s",3.021,4.587,3.771,561
"1991-06-01","f_12_24","00s",2.814,4.327,3.52,561
"1991-07-01","f_12_24","00s",2.645,4.231,3.385,561
"1991-08-01","f_12_24","00s",2.473,4.084,3.205,561
"1991-09-01","f_12_24","00s",2.457,4.046,3.171,561
"1991-10-01","f_12_24","00s",2.413,3.944,3.098,561
"1991-11-01","f_12_24","00s",2.573,4.071,3.226,561
"1991-12-01","f_12_24","00s",2.582,4.094,3.256,561
"1992-01-01","f_12_24","00s",2.482,3.943,3.15,561
"1992-02-01","f_12_24","00s",2.531,3.971,3.192,561
"1992-03-01","f_12_24","00s",2.644,4.091,3.306,561
"1992-04-01","f_12_24","00s",2.547,4.025,3.23,561
"1992-05-01","f_12_24","00s",2.412,3.948,3.111,561
"1992-06-01","f_12_24","00s",2.381,3.954,3.102,561
"1992-07-01","f_12_24","00s",2.406,3.941,3.099,561
"1992-08-01","f_12_24","00s",2.387,3.873,3.057,561
"1992-09-01","f_12_24","00s",2.24,3.736,2.919,561
"1992-10-01","f_12_24","00s",2.298,3.808,2.979,561
"1992-11-01","f_12_24","00s",2.263,3.761,2.945,561
"1992-12-01","f_12_24","00s",2.183,3.648,2.838,561
"1993-01-01","f_12_24","00s",2.187,3.63,2.843,561
"1993-02-01","f_12_24","00s",2.185,3.559,2.822,561
"1993-03-01","f_12_24","00s",2.106,3.434,2.74,561
"1993-04-01","f_12_24","00s",2.225,3.492,2.832,561
"1993-05-01","f_12_24","00s",2.297,3.496,2.878,561
"1993-06-01","f_12_24","00s",2.305,3.413,2.849,561
"1993-07-01","f_12_24","00s",2.289,3.347,2.813,561
"1993-08-01","f_12_24","00s",2.242,3.275,2.767,561
"1993-09-01","f_12_24","00s",2.296,3.258,2.77,561
"1993-10-01","f_12_24","00s",2.241,3.172,2.691,561
"1993-11-01","f_12_24","00s",2.185,3.078,2.615,561
"1993-12-01","f_12_24","00s",2.107,3.059,2.565,561
"1994-01-01","f_12_24","00s",2.055,3.037,2.539,561
"1994-02-01","f_12_24","00s",2.036,3.042,2.538,561
"1994-03-01","f_12_24","00s",2.085,3.092,2.581,561
"1994-04-01","f_12_24","00s",1.974,2.991,2.481,561
"1994-05-01","f_12_24","00s",1.923,2.976,2.443,561
"1994-06-01","f_12_24","00s",1.94,3.029,2.479,561
"1994-07-01","f_12_24","00s",1.974,3.074,2.507,561
"1994-08-01","f_12_24","00s",1.974,3.068,2.502,561
"1994-09-01","f_12_24","00s",1.963,3.053,2.504,561
"1994-10-01","f_12_24","00s",1.907,3.003,2.464,561
"1994-11-01","f_12_24","00s",1.911,3.021,2.484,561
"1994-12-01","f_12_24","00s",1.904,2.951,2.453,561
"1995-01-01","f_12_24","00s",2.023,3.058,2.543,561
"1995-02-01","f_12_24","00s",1.951,2.965,2.458,561
"1995-03-01","f_12_24","00s",1.91,2.949,2.428,561
"1995-04-01","f_12_24","00s",1.968,2.986,2.467,561
"1995-05-01","f_12_24","00s",1.912,2.901,2.41,561
"1995-06-01","f_12_24","00s",1.882,2.833,2.36,561
"1995-07-01","f_12_24","00s",1.813,2.754,2.309,561
"1995-08-01","f_12_24","00s",1.859,2.796,2.356,561
"1995-09-01","f_12_24","00s",1.856,2.828,2.372,561
"1995-10-01","f_12_24","00s",1.943,2.919,2.457,561
"1995-11-01","f_12_24","00s",1.894,2.889,2.419,561
"1995-12-01","f_12_24","00s",1.931,2.923,2.456,561
"1996-01-01","f_12_24","00s",1.872,2.814,2.373,561
"1996-02-01","f_12_24","00s",1.898,2.841,2.385,561
"1996-03-01","f_12_24","00s",1.892,2.802,2.364,561
"1996-04-01","f_12_24","00s",1.848,2.778,2.325,561
"1996-05-01","f_12_24","00s",1.895,2.823,2.364,561
"1996-06-01","f_12_24","00s",1.92,2.86,2.401,561
"1996-07-01","f_12_24","00s",1.953,2.906,2.442,561
"1996-08-01","f_12_24","00s",1.946,2.898,2.438,561
"1996-09-01","f_12_24","00s",2.019,2.95,2.487,561
"1996-10-01","f_12_24","00s",1.997,2.926,2.462,561
"1996-11-01","f_12_24","00s",2.065,2.964,2.505,561
"1996-12-01","f_12_24","00s",2.056,2.938,2.488,561
"1997-01-01","f_12_24","00s",1.99,2.926,2.458,561
"1997-02-01","f_12_24","00s",1.968,2.91,2.454,561
"1997-03-01","f_12_24","00s",1.947,2.897,2.435,561
"1997-04-01","f_12_24","00s",1.934,2.887,2.433,561
"1997-05-01","f_12_24","00s",1.855,2.811,2.362,561
"1997-06-01","f_12_24","00s",1.833,2.808,2.354,561
"1997-07-01","f_12_24","00s",1.72,2.76,2.265,561
"1997-08-01","f_12_24","00s",1.654,2.706,2.198,561
"1997-09-01","f_12_24","00s",1.634,2.666,2.182,561
"1997-10-01","f_12_24","00s",1.428,2.503,1.996,561
"1997-11-01","f_12_24","00s",1.311,2.435,1.917,561
"1997-12-01","f_12_24","00s",1.227,2.428,1.878,561
"1998-01-01","f_12_24","00s",1.194,2.377,1.833,561
"1998-02-01","f_12_24","00s",1.127,2.368,1.798,561
"1998-03-01","f_12_24","00s",1.128,2.425,1.83,561
"1998-04-01","f_12_24","00s",1.118,2.426,1.818,561
"1998-05-01","f_12_24","00s",1.142,2.496,1.877,561
"1998-06-01","f_12_24","00s",1.099,2.444,1.818,561
"1998-07-01","f_12_24","00s",1.181,2.448,1.86,561
"1998-08-01","f_12_24","00s",1.243,2.543,1.937,561
"1998-09-01","f_12_24","00s",1.145,2.56,1.908,561
"1998-10-01","f_12_24","00s",1.269,2.654,2.021,561
"1998-11-01","f_12_24","00s",1.302,2.661,2.041,561
"1998-12-01","f_12_24","00s",1.329,2.67,2.069,561
"1999-01-01","f_12_24","00s",1.364,2.696,2.099,561
"1999-02-01","f_12_24","00s",1.319,2.643,2.053,561
"1999-03-01","f_12_24","00s",1.26,2.531,1.97,561
"1999-04-01","f_12_24","00s",1.322,2.591,2.026,561
"1999-05-01","f_12_24","00s",1.329,2.538,1.994,561
"1999-06-01","f_12_24","00s",1.357,2.531,2.004,561
"1999-07-01","f_12_24","00s",1.412,2.553,2.042,561
"1999-08-01","f_12_24","00s",1.367,2.489,1.98,561
"1999-09-01","f_12_24","00s",1.481,2.487,2.016,561
"1999-10-01","f_12_24","00s",1.495,2.458,1.999,561
"1999-11-01","f_12_24","00s",1.512,2.504,2.026,561
"1999-12-01","f_12_24","00s",1.568,2.511,2.035,561
"2000-01-01","f_12_24","00s",1.659,2.621,2.142,561
"2000-02-01","f_12_24","00s",1.799,2.709,2.256,561
"2000-03-01","f_12_24","00s",1.903,2.82,2.353,561
"2000-04-01","f_12_24","00s",1.792,2.747,2.297,561
"2000-05-01","f_12_24","00s",1.812,2.77,2.324,561
"2000-06-01","f_12_24","00s",1.843,2.84,2.377,561
"2000-07-01","f_12_24","00s",1.875,2.922,2.424,561
"2000-08-01","f_12_24","00s",1.883,2.917,2.436,561
"2000-09-01","f_12_24","00s",1.919,2.959,2.487,561
"2000-10-01","f_12_24","00s",1.905,2.994,2.513,561
"2000-11-01","f_12_24","00s",1.93,2.995,2.527,561
"2000-12-01","f_12_24","00s",1.965,3.042,2.573,561
"2001-01-01","f_12_24","00s",2.017,3.11,2.613,561
"2001-02-01","f_12_24","00s",2.071,3.182,2.662,561
"2001-03-01","f_12_24","00s",2.021,3.182,2.646,561
"2001-04-01","f_12_24","00s",2.146,3.288,2.748,561
"2001-05-01","f_12_24","00s",2.134,3.312,2.742,561
"2001-06-01","f_12_24","00s",2.214,3.388,2.827,561
"2001-07-01","f_12_24","00s",2.155,3.365,2.784,561
"2001-08-01","f_12_24","00s",2.189,3.509,2.866,561
"2001-09-01","f_12_24","00s",2.119,3.498,2.816,561
"2001-10-01","f_12_24","00s",2.118,3.516,2.818,561
"2001-11-01","f_12_24","00s",2.111,3.509,2.808,561
"2001-12-01","f_12_24","00s",2.025,3.457,2.732,561
"2002-01-01","f_12_24","00s",1.855,3.284,2.572,561
"2002-02-01","f_12_24","00s",1.8,3.259,2.541,561
"2002-03-01","f_12_24","00s",1.844,3.29,2.57,561
"2002-04-01","f_12_24","00s",1.793,3.228,2.505,561
"2002-05-01","f_12_24","00s",1.774,3.174,2.471,561
"2002-06-01","f_12_24","00s",1.692,3.091,2.382,561
"2002-07-01","f_12_24","00s",1.729,3.059,2.392,561
"2002-08-01","f_12_24","00s",1.715,2.933,2.32,561
"2002-09-01","f_12_24","00s",1.766,2.946,2.355,561
"2002-10-01","f_12_24","00s",1.793,2.93,2.362,561
"2002-11-01","f_12_24","00s",1.78,2.918,2.349,561
"2002-12-01","f_12_24","00s",1.816,2.953,2.396,561
"2003-01-01","f_12_24","00s",1.812,2.981,2.413,561
"2003-02-01","f_12_24","00s",1.767,2.919,2.353,561
"2003-03-01","f_12_24","00s",1.74,2.867,2.315,561
"2003-04-01","f_12_24","00s",1.627,2.768,2.195,561
"2003-05-01","f_12_24","00s",1.622,2.787,2.191,561
"2003-06-01","f_12_24","00s",1.534,2.709,2.115,561
"2003-07-01","f_12_24","00s",1.556,2.736,2.136,561
"2003-08-01","f_12_24","00s",1.584,2.735,2.153,561
"2003-09-01","f_12_24","00s",1.513,2.662,2.081,561
"2003-10-01","f_12_24","00s",1.519,2.696,2.104,561
"2003-11-01","f_12_24","00s",1.498,2.683,2.097,561
"2003-12-01","f_12_24","00s",1.455,2.637,2.036,561
"2004-01-01","f_12_24","00s",1.54,2.744,2.101,561
"2004-02-01","f_12_24","00s",1.616,2.794,2.159,561
"2004-03-01","f_12_24","00s",1.609,2.769,2.15,561
"2004-04-01","f_12_24","00s",1.822,2.937,2.355,561
"2004-05-01","f_12_24","00s",1.891,2.966,2.413,561
"2004-06-01","f_12_24","00s",2.041,3.069,2.527,561
"2004-07-01","f_12_24","00s",1.981,3.022,2.481,561
"2004-08-01","f_12_24","00s",1.924,3.03,2.478,561
"2004-09-01","f_12_24","00s",1.921,3.002,2.46,561
"2004-10-01","f_12_24","00s",1.905,2.976,2.434,561
"2004-11-01","f_12_24","00s",1.915,3.019,2.444,561
"2004-12-01","f_12_24","00s",1.962,3.025,2.484,561
"2005-01-01","f_12_24","00s",2.054,3.041,2.554,561
"2005-02-01","f_12_24","00s",2.059,3.051,2.578,561
"2005-03-01","f_12_24","00s",2.068,3.065,2.573,561
"2005-04-01","f_12_24","00s",1.949,2.974,2.462,561
"2005-05-01","f_12_24","00s",1.935,2.951,2.449,561
"2005-06-01","f_12_24","00s",1.859,2.9,2.388,561
"2005-07-01","f_12_24","00s",1.916,2.926,2.43,561
"2005-08-01","f_12_24","00s",1.928,2.9,2.408,561
"2005-09-01","f_12_24","00s",2.008,3.035,2.513,561
"2005-10-01","f_12_24","00s",2.062,3.11,2.571,561
"2005-11-01","f_12_24","00s",2.134,3.122,2.623,561
"2005-12-01","f_12_24","00s",2.086,3.096,2.587,561
"2006-01-01","f_12_24","00s",2.04,3.032,2.551,561
"2006-02-01","f_12_24","00s",1.977,3.014,2.499,561
"2006-03-01","f_12_24","00s",2.031,3.069,2.565,561
"2006-04-01","f_12_24","00s",2.128,3.172,2.663,561
"2006-05-01","f_12_24","00s",2.244,3.322,2.79,561
"2006-06-01","f_12_24","00s",2.421,3.481,2.958,561
"2006-07-01","f_12_24","00s",2.399,3.51,2.972,561
"2006-08-01","f_12_24","00s",2.479,3.595,3.053,561
"2006-09-01","f_12_24","00s",2.452,3.547,3.025,561
"2006-10-01","f_12_24","00s",2.43,3.538,3.006,561
"2006-11-01","f_12_24","00s",2.286,3.464,2.881,561
"2006-12-01","f_12_24","00s",2.419,3.586,3.004,561
"2007-01-01","f_12_24","00s",2.447,3.652,3.033,561
"2007-02-01","f_12_24","00s",2.569,3.716,3.13,561
"2007-03-01","f_12_24","00s",2.491,3.654,3.055,561
"2007-04-01","f_12_24","00s",2.407,3.536,2.951,561
"2007-05-01","f_12_24","00s",2.235,3.368,2.778,561
"2007-06-01","f_12_24","00s",2.127,3.257,2.67,561
"2007-07-01","f_12_24","00s",2.09,3.189,2.605,561
"2007-08-01","f_12_24","00s",2.036,3.115,2.542,561
"2007-09-01","f_12_24","00s",2.11,3.189,2.599,561
"2007-10-01","f_12_24","00s",2.184,3.234,2.65,561
"2007-11-01","f_12_24","00s",2.39,3.375,2.84,561
"2007-12-01","f_12_24","00s",2.365,3.35,2.809,561
"2008-01-01","f_12_24","00s",2.295,3.243,2.731,561
"2008-02-01","f_12_24","00s",2.191,3.155,2.627,561
"2008-03-01","f_12_24","00s",2.24,3.173,2.671,561
"2008-04-01","f_12_24","00s",2.243,3.199,2.707,561
"2008-05-01","f_12_24","00s",2.235,3.231,2.726,561
"2008-06-01","f_12_24","00s",2.264,3.317,2.774,561
"2008-07-01","f_12_24","00s",2.322,3.456,2.862,561
"2008-08-01","f_12_24","00s",2.283,3.441,2.832,561
"2008-09-01","f_12_24","00s",2.174,3.33,2.743,561
"2008-10-01","f_12_24","00s",1.973,3.206,2.613,561
"2008-11-01","f_12_24","00s",1.798,3.126,2.504,561
"2008-12-01","f_12_24","00s",1.619,2.985,2.35,561
"2009-01-01","f_12_24","00s",1.622,3.003,2.374,561
"2009-02-01","f_12_24","00s",1.607,2.967,2.354,561
"2009-03-01","f_12_24","00s",1.481,2.892,2.28,561
"2009-04-01","f_12_24","00s",1.434,2.823,2.203,561
"2009-05-01","f_12_24","00s",1.431,2.763,2.167,561
"2009-06-01","f_12_24","00s",1.322,2.618,2.047,561
"2009-07-01","f_12_24","00s",1.093,2.307,1.784,561
"2009-08-01","f_12_24","00s",1.067,2.346,1.766,561
"2009-09-01","f_12_24","00s",0.927,2.26,1.629,561
"2009-10-01","f_12_24","00s",0.953,2.375,1.679,561
"2009-11-01","f_12_24","00s",0.908,2.291,1.585,561
"2009-12-01","f_12_24","00s",0.91,2.266,1.567,561
"2010-01-01","f_12_24","00s",0.745,2.103,1.391,561
"2010-02-01","f_12_24","00s",0.612,2,1.273,561
"2010-03-01","f_12_24","00s",0.534,1.935,1.188,561
"2010-04-01","f_12_24","00s",0.453,1.884,1.126,561
"2010-05-01","f_12_24","00s",0.384,1.8,1.045,561
"2010-06-01","f_12_24","00s",0.31,1.712,0.969,561
"2010-07-01","f_12_24","00s",0.367,1.756,1.015,561
"2010-08-01","f_12_24","00s",0.376,1.702,1.023,561
"2010-09-01","f_12_24","00s",0.46,1.696,1.077,561
"2010-10-01","f_12_24","00s",0.43,1.468,0.941,561
"2010-11-01","f_12_24","00s",0.471,1.457,0.957,561
"2010-12-01","f_12_24","00s",0.535,1.492,0.998,561
"2011-01-01","f_12_24","00s",0.632,1.627,1.101,561
"2011-02-01","f_12_24","00s",0.781,1.802,1.262,561
"2011-03-01","f_12_24","00s",0.924,1.939,1.4,561
"2011-04-01","f_12_24","00s",1.072,2.09,1.536,561
"2011-05-01","f_12_24","00s",1.184,2.297,1.681,561
"2011-06-01","f_12_24","00s",1.248,2.353,1.744,561
"2011-07-01","f_12_24","00s",1.328,2.427,1.833,561
"2011-08-01","f_12_24","00s",1.432,2.511,1.909,561
"2011-09-01","f_12_24","00s",1.467,2.572,1.953,561
"2011-10-01","f_12_24","00s",1.515,2.649,2.04,561
"2011-11-01","f_12_24","00s",1.569,2.698,2.085,561
"2011-12-01","f_12_24","00s",1.647,2.773,2.171,561
"2012-01-01","f_12_24","00s",1.72,2.807,2.22,561
"2012-02-01","f_12_24","00s",1.692,2.74,2.157,561
"2012-03-01","f_12_24","00s",1.718,2.692,2.137,561
"2012-04-01","f_12_24","00s",1.66,2.648,2.089,561
"2012-05-01","f_12_24","00s",1.622,2.516,2.022,561
"2012-06-01","f_12_24","00s",1.591,2.488,1.991,561
"2012-07-01","f_12_24","00s",1.562,2.492,1.978,561
"2012-08-01","f_12_24","00s",1.508,2.43,1.932,561
"2012-09-01","f_12_24","00s",1.504,2.406,1.923,561
"2012-10-01","f_12_24","00s",1.51,2.435,1.908,561
"2012-11-01","f_12_24","00s",1.438,2.352,1.847,561
"2012-12-01","f_12_24","00s",1.354,2.295,1.778,561
"2013-01-01","f_12_24","00s",1.323,2.237,1.743,561
"2013-02-01","f_12_24","00s",1.351,2.238,1.775,561
"2013-03-01","f_12_24","00s",1.271,2.195,1.723,561
"2013-04-01","f_12_24","00s",1.116,2.125,1.618,561
"2013-05-01","f_12_24","00s",1.082,2.141,1.62,561
"2013-06-01","f_12_24","00s",1.194,2.226,1.718,561
"2013-07-01","f_12_24","00s",1.229,2.222,1.734,561
"2013-08-01","f_12_24","00s",1.165,2.205,1.703,561
"2013-09-01","f_12_24","00s",1.145,2.207,1.704,561
"2013-10-01","f_12_24","00s",1.188,2.2,1.74,561
"2013-11-01","f_12_24","00s",1.275,2.275,1.819,561
"2013-12-01","f_12_24","00s",1.303,2.294,1.844,561
"2014-01-01","f_12_24","00s",1.273,2.262,1.819,561
"2014-02-01","f_12_24","00s",1.206,2.208,1.764,561
"2014-03-01","f_12_24","00s",1.24,2.23,1.778,561
"2014-04-01","f_12_24","00s",1.417,2.288,1.893,561
"2014-05-01","f_12_24","00s",1.489,2.298,1.927,561
"2014-06-01","f_12_24","00s",1.458,2.281,1.897,561
"2014-07-01","f_12_24","00s",1.455,2.318,1.908,561
"2014-08-01","f_12_24","00s",1.442,2.306,1.878,561
"2014-09-01","f_12_24","00s",1.469,2.32,1.889,561
"2014-10-01","f_12_24","00s",1.346,2.336,1.858,561
"2014-11-01","f_12_24","00s",1.29,2.362,1.839,561
"2014-12-01","f_12_24","00s",1.292,2.353,1.837,561
"2015-01-01","f_12_24","00s",1.128,2.329,1.738,561
"2015-02-01","f_12_24","00s",1.205,2.391,1.801,561
"2015-03-01","f_12_24","00s",1.197,2.378,1.792,561
"2015-04-01","f_12_24","00s",1.233,2.426,1.838,561
"2015-05-01","f_12_24","00s",1.174,2.433,1.8,561
"2015-06-01","f_12_24","00s",1.143,2.442,1.797,561
"2015-07-01","f_12_24","00s",1.13,2.437,1.789,561
"2015-08-01","f_12_24","00s",1.15,2.413,1.794,561
"2015-09-01","f_12_24","00s",1.141,2.415,1.793,561
"2015-10-01","f_12_24","00s",1.15,2.322,1.729,561
"2015-11-01","f_12_24","00s",1.133,2.244,1.691,561
"2015-12-01","f_12_24","00s",1.09,2.207,1.65,561
"2016-01-01","f_12_24","00s",1.233,2.304,1.763,561
"2016-02-01","f_12_24","00s",1.217,2.301,1.759,561
"2016-03-01","f_12_24","00s",1.262,2.368,1.812,561
"2016-04-01","f_12_24","00s",1.28,2.373,1.823,561
"2016-05-01","f_12_24","00s",1.372,2.423,1.907,561
"2016-06-01","f_12_24","00s",1.357,2.396,1.882,561
"2016-07-01","f_12_24","00s",1.361,2.408,1.895,561
"2016-08-01","f_12_24","00s",1.396,2.463,1.945,561
"2016-09-01","f_12_24","00s",1.426,2.494,1.974,561
"2016-10-01","f_12_24","00s",1.536,2.564,2.062,561
"2016-11-01","f_12_24","00s",1.511,2.556,2.041,561
"2016-12-01","f_12_24","00s",1.556,2.598,2.084,561
"2017-01-01","f_12_24","00s",1.622,2.58,2.128,561
"2017-02-01","f_12_24","00s",1.577,2.556,2.085,561
"2017-03-01","f_12_24","00s",1.532,2.497,2.03,561
"2017-04-01","f_12_24","00s",1.447,2.398,1.949,561
"2017-05-01","f_12_24","00s",1.345,2.305,1.851,561
"2017-06-01","f_12_24","00s",1.371,2.35,1.883,561
"2017-07-01","f_12_24","00s",1.319,2.286,1.828,561
"2017-08-01","f_12_24","00s",1.291,2.272,1.808,561
"2017-09-01","f_12_24","00s",1.264,2.237,1.774,561
"2017-10-01","f_12_24","00s",1.256,2.272,1.787,561
"2017-11-01","f_12_24","00s",1.281,2.296,1.815,561
"2017-12-01","f_12_24","00s",1.316,2.338,1.851,561
"2018-01-01","f_12_24","00s",1.37,2.402,1.899,561
"2018-02-01","f_12_24","00s",1.424,2.432,1.943,561
"2018-03-01","f_12_24","00s",1.426,2.434,1.95,561
"2018-04-01","f_12_24","00s",1.421,2.444,1.942,561
"2018-05-01","f_12_24","00s",1.48,2.478,1.989,561
"2018-06-01","f_12_24","00s",1.51,2.47,2.001,561
"2018-07-01","f_12_24","00s",1.567,2.498,2.039,561
"2018-08-01","f_12_24","00s",1.578,2.499,2.046,561
"2018-09-01","f_12_24","00s",1.608,2.517,2.077,561
"2018-10-01","f_12_24","00s",1.616,2.504,2.075,561
"2018-11-01","f_12_24","00s",1.688,2.566,2.139,561
"2018-12-01","f_12_24","00s",1.691,2.587,2.141,561
"2019-01-01","f_12_24","00s",1.569,2.489,2.041,561
"2019-02-01","f_12_24","00s",1.594,2.529,2.083,561
"2019-03-01","f_12_24","00s",1.615,2.568,2.118,561
"2019-04-01","f_12_24","00s",1.707,2.73,2.252,561
"2019-05-01","f_12_24","00s",1.607,2.718,2.188,561
"2019-06-01","f_12_24","00s",1.54,2.692,2.145,561
"2019-07-01","f_12_24","00s",1.581,2.739,2.185,561
"2019-08-01","f_12_24","00s",1.615,2.758,2.209,561
"2019-09-01","f_12_24","00s",1.533,2.72,2.142,561
"2019-10-01","f_12_24","00s",1.564,2.787,2.173,561
"2019-11-01","f_12_24","00s",1.52,2.725,2.12,561
"2019-12-01","f_12_24","00s",1.502,2.742,2.121,561
"2020-01-01","f_12_24","00s",1.59,2.852,2.198,561
"2020-02-01","f_12_24","00s",1.577,2.839,2.186,561
"2020-03-01","f_12_24","00s",1.536,2.797,2.147,561
"2020-04-01","f_12_24","00s",1.433,2.664,2.031,561
"2020-05-01","f_12_24","00s",1.529,2.721,2.116,561
"2020-06-01","f_12_24","00s",1.553,2.762,2.135,561
"2020-07-01","f_12_24","00s",1.575,2.813,2.169,561
"2020-08-01","f_12_24","00s",1.59,2.864,2.183,561
"2020-09-01","f_12_24","00s",1.59,2.859,2.16,561
"2020-10-01","f_12_24","00s",1.534,2.758,2.109,561
"2020-11-01","f_12_24","00s",1.456,2.722,2.038,561
"2020-12-01","f_12_24","00s",1.449,2.683,2.009,561
"2021-01-01","f_12_24","00s",1.366,2.627,1.933,561
"2021-02-01","f_12_24","00s",1.414,2.725,1.98,561
"2021-03-01","f_12_24","00s",1.498,2.817,2.043,561
"2021-04-01","f_12_24","00s",1.611,2.938,2.128,561
"2021-05-01","f_12_24","00s",1.66,3.045,2.177,561
"2021-06-01","f_12_24","00s",1.705,3.137,2.256,561
"2021-07-01","f_12_24","00s",1.766,3.238,2.326,561
"2021-08-01","f_12_24","00s",1.816,3.332,2.4,561
"2021-09-01","f_12_24","00s",2.049,3.556,2.649,561
"2021-10-01","f_12_24","00s",2.273,3.932,2.93,561
"2021-11-01","f_12_24","00s",2.502,4.235,3.2,561
"2021-12-01","f_12_24","00s",2.744,4.51,3.457,561
"2022-01-01","f_12_24","00s",3.093,4.929,3.865,561
"2022-02-01","f_12_24","00s",3.252,5.127,4.043,561
"2022-03-01","f_12_24","00s",3.276,5.281,4.129,561
"2022-04-01","f_12_24","00s",3.291,5.454,4.211,561
"2022-05-01","f_12_24","00s",3.463,5.646,4.426,561
"2022-06-01","f_12_24","00s",3.919,6.071,4.882,561
"2022-07-01","f_12_24","00s",3.958,6.155,4.963,561
"2022-08-01","f_12_24","00s",4.128,6.384,5.189,561
"2022-09-01","f_12_24","00s",4.032,6.418,5.18,561
"2022-10-01","f_12_24","00s",4.07,6.403,5.2,561
"2022-11-01","f_12_24","00s",3.965,6.328,5.139,561
"2022-12-01","f_12_24","00s",3.895,6.266,5.087,561
"2023-01-01","f_12_24","00s",3.758,6.159,4.946,561
"2023-02-01","f_12_24","00s",3.666,6.071,4.88,561
"2023-03-01","f_12_24","00s",3.769,6.055,4.941,561
"2023-04-01","f_12_24","00s",3.858,5.983,4.989,561
"2023-05-01","f_12_24","00s",3.745,5.834,4.861,561
"2023-06-01","f_12_24","00s",3.287,5.378,4.399,561
"2023-07-01","f_12_24","00s",3.199,5.215,4.268,561
"2023-08-01","f_12_24","00s",2.974,4.928,4.002,561
"2023-09-01","f_12_24","00s",2.954,4.847,3.929,561
"2023-10-01","f_12_24","00s",2.767,4.619,3.734,561
"2023-11-01","f_12_24","00s",2.75,4.594,3.681,561
"2023-12-01","f_12_24","00s",2.573,4.409,3.501,561
"2024-01-01","f_12_24","00s",2.667,4.344,3.54,561
"2024-02-01","f_12_24","00s",2.549,4.181,3.399,561
"2024-03-01","f_12_24","00s",2.492,4.1,3.332,561
"2024-04-01","f_12_24","00s",2.361,3.965,3.204,561
"2024-05-01","f_12_24","00s",2.26,3.889,3.117,561
"2024-06-01","f_12_24","00s",2.272,3.843,3.095,561
"2024-07-01","f_12_24","00s",2.212,3.758,3.024,561
"2024-08-01","f_12_24","00s",2.205,3.734,3.006,561
"2024-09-01","f_12_24","00s",2.245,3.706,3.023,561
"2024-10-01","f_12_24","00s",2.271,3.7,3.027,561
"2024-11-01","f_12_24","00s",2.288,3.628,3.021,561
"2024-12-01","f_12_24","00s",2.401,3.71,3.129,561
"2025-01-01","f_12_24","00s",2.17,3.493,2.891,561
"2025-02-01","f_12_24","00s",2.234,3.509,2.929,561
"2025-03-01","f_12_24","00s",2.232,3.495,2.923,561
"2025-04-01","f_12_24","00s",2.311,3.534,2.97,561
"2025-05-01","f_12_24","00s",2.347,3.467,2.944,561
"2025-06-01","f_12_24","00s",2.467,3.571,3.048,561
"2025-07-01","f_12_24","00s",2.439,3.583,3.042,561
"2025-08-01","f_12_24","00s",2.507,3.631,3.103,561
"2025-09-01","f_12_24","00s",2.414,3.549,2.991,561
"2025-10-01","f_12_24","00s",2.3,3.439,2.862,561
"2025-11-01","f_12_24","00s",2.246,3.358,2.786,561
"2025-12-01","f_12_24","00s",2.211,3.332,2.743,561
"2026-01-01","f_12_24","00s",2.194,3.343,2.716,561
"2026-02-01","f_12_24","00s",2.123,3.31,2.651,561
"2026-03-01","f_12_24","00s",2.107,3.296,2.63,561
"2026-04-01","f_12_24","00s",2.023,3.277,2.582,561
"2026-05-01","f_12_24","00s",2.051,3.325,2.619,561
"2026-06-01","f_12_24","00s",1.899,3.21,2.484,561
"2026-07-01","f_12_24","00s",1.9,3.211,2.481,561
"2026-08-01","f_12_24","00s",1.848,3.135,2.406,561
"1960-01-01","b_2_39","long",1.547,1.94,1.738,26
"1960-02-01","b_2_39","long",1.552,1.934,1.738,26
"1960-03-01","b_2_39","long",1.522,1.913,1.713,26
"1960-04-01","b_2_39","long",1.517,1.906,1.706,26
"1960-05-01","b_2_39","long",1.485,1.868,1.672,26
"1960-06-01","b_2_39","long",1.312,1.697,1.498,26
"1960-07-01","b_2_39","long",1.339,1.72,1.522,26
"1960-08-01","b_2_39","long",1.311,1.699,1.495,26
"1960-09-01","b_2_39","long",1.19,1.574,1.375,26
"1960-10-01","b_2_39","long",1.12,1.495,1.304,26
"1960-11-01","b_2_39","long",1.18,1.564,1.365,26
"1960-12-01","b_2_39","long",1.146,1.529,1.332,26
"1961-01-01","b_2_39","long",1.182,1.558,1.358,26
"1961-02-01","b_2_39","long",1.134,1.503,1.307,26
"1961-03-01","b_2_39","long",1.05,1.418,1.223,26
"1961-04-01","b_2_39","long",0.886,1.253,1.066,26
"1961-05-01","b_2_39","long",0.85,1.221,1.031,26
"1961-06-01","b_2_39","long",0.878,1.235,1.055,26
"1961-07-01","b_2_39","long",0.828,1.186,1.005,26
"1961-08-01","b_2_39","long",0.753,1.089,0.917,26
"1961-09-01","b_2_39","long",0.802,1.138,0.966,26
"1961-10-01","b_2_39","long",0.728,1.061,0.891,26
"1961-11-01","b_2_39","long",0.636,0.966,0.802,26
"1961-12-01","b_2_39","long",0.553,0.881,0.718,26
"1962-01-01","b_2_39","long",0.732,1.052,0.896,26
"1962-02-01","b_2_39","long",0.828,1.152,0.995,26
"1962-03-01","b_2_39","long",1.005,1.322,1.166,26
"1962-04-01","b_2_39","long",0.963,1.283,1.118,26
"1962-05-01","b_2_39","long",0.979,1.298,1.134,26
"1962-06-01","b_2_39","long",1.003,1.324,1.159,26
"1962-07-01","b_2_39","long",0.902,1.233,1.069,26
"1962-08-01","b_2_39","long",0.962,1.293,1.13,26
"1962-09-01","b_2_39","long",1.026,1.49,1.254,26
"1962-10-01","b_2_39","long",0.948,1.438,1.194,26
"1962-11-01","b_2_39","long",0.961,1.443,1.201,26
"1962-12-01","b_2_39","long",0.892,1.381,1.136,26
"1963-01-01","b_2_39","long",0.839,1.33,1.083,26
"1963-02-01","b_2_39","long",0.773,1.251,1.013,26
"1963-03-01","b_2_39","long",0.616,1.11,0.87,26
"1963-04-01","b_2_39","long",0.649,1.121,0.897,26
"1963-05-01","b_2_39","long",0.764,1.24,1.014,26
"1963-06-01","b_2_39","long",0.781,1.269,1.034,26
"1963-07-01","b_2_39","long",0.853,1.333,1.096,26
"1963-08-01","b_2_39","long",0.856,1.361,1.114,26
"1963-09-01","b_2_39","long",0.728,1.094,0.924,26
"1963-10-01","b_2_39","long",0.981,1.313,1.154,26
"1963-11-01","b_2_39","long",1.008,1.344,1.182,26
"1963-12-01","b_2_39","long",1.144,1.48,1.317,26
"1964-01-01","b_2_39","long",1.143,1.472,1.309,26
"1964-02-01","b_2_39","long",1.178,1.5,1.341,26
"1964-03-01","b_2_39","long",1.184,1.49,1.331,26
"1964-04-01","b_2_39","long",1.212,1.519,1.359,26
"1964-05-01","b_2_39","long",1.059,1.365,1.207,26
"1964-06-01","b_2_39","long",0.98,1.283,1.129,26
"1964-07-01","b_2_39","long",0.933,1.235,1.083,26
"1964-08-01","b_2_39","long",0.908,1.172,1.038,26
"1964-09-01","b_2_39","long",0.906,1.181,1.04,26
"1964-10-01","b_2_39","long",0.786,1.065,0.922,26
"1964-11-01","b_2_39","long",0.81,1.082,0.943,26
"1964-12-01","b_2_39","long",0.799,1.06,0.928,26
"1965-01-01","b_2_39","long",0.815,1.079,0.947,26
"1965-02-01","b_2_39","long",0.729,0.996,0.862,26
"1965-03-01","b_2_39","long",0.812,1.09,0.952,26
"1965-04-01","b_2_39","long",0.894,1.163,1.029,26
"1965-05-01","b_2_39","long",0.959,1.225,1.092,26
"1965-06-01","b_2_39","long",1.068,1.331,1.199,26
"1965-07-01","b_2_39","long",1.122,1.379,1.251,26
"1965-08-01","b_2_39","long",1.173,1.432,1.303,26
"1965-09-01","b_2_39","long",1.227,1.487,1.36,26
"1965-10-01","b_2_39","long",1.26,1.537,1.405,26
"1965-11-01","b_2_39","long",1.313,1.592,1.457,26
"1965-12-01","b_2_39","long",1.447,1.749,1.604,26
"1966-01-01","b_2_39","long",1.466,1.759,1.618,26
"1966-02-01","b_2_39","long",1.657,2.003,1.833,26
"1966-03-01","b_2_39","long",1.734,2.093,1.917,26
"1966-04-01","b_2_39","long",1.887,2.26,2.077,26
"1966-05-01","b_2_39","long",1.939,2.324,2.136,26
"1966-06-01","b_2_39","long",2.008,2.405,2.213,26
"1966-07-01","b_2_39","long",2.112,2.521,2.324,26
"1966-08-01","b_2_39","long",2.149,2.563,2.363,26
"1966-09-01","b_2_39","long",2.343,2.751,2.553,26
"1966-10-01","b_2_39","long",2.539,2.928,2.736,26
"1966-11-01","b_2_39","long",2.548,2.947,2.752,26
"1966-12-01","b_2_39","long",2.523,2.903,2.716,26
"1967-01-01","b_2_39","long",2.497,2.883,2.694,26
"1967-02-01","b_2_39","long",2.468,2.812,2.649,26
"1967-03-01","b_2_39","long",2.385,2.705,2.553,26
"1967-04-01","b_2_39","long",2.266,2.575,2.429,26
"1967-05-01","b_2_39","long",2.272,2.566,2.425,26
"1967-06-01","b_2_39","long",2.307,2.586,2.452,26
"1967-07-01","b_2_39","long",2.349,2.622,2.49,26
"1967-08-01","b_2_39","long",2.42,2.718,2.574,26
"1967-09-01","b_2_39","long",2.45,2.756,2.603,26
"1967-10-01","b_2_39","long",2.447,2.771,2.608,26
"1967-11-01","b_2_39","long",2.543,2.875,2.705,26
"1967-12-01","b_2_39","long",2.608,2.951,2.776,26
"1968-01-01","b_2_39","long",2.804,3.159,2.976,26
"1968-02-01","b_2_39","long",2.923,3.27,3.089,26
"1968-03-01","b_2_39","long",3.097,3.448,3.262,26
"1968-04-01","b_2_39","long",3.193,3.549,3.363,26
"1968-05-01","b_2_39","long",3.393,3.747,3.563,26
"1968-06-01","b_2_39","long",3.47,3.832,3.643,26
"1968-07-01","b_2_39","long",3.461,3.829,3.637,26
"1968-08-01","b_2_39","long",3.622,3.966,3.786,26
"1968-09-01","b_2_39","long",3.649,3.972,3.806,26
"1968-10-01","b_2_39","long",3.741,4.05,3.891,26
"1968-11-01","b_2_39","long",3.809,4.103,3.952,26
"1968-12-01","b_2_39","long",3.803,4.131,3.973,26
"1969-01-01","b_2_39","long",3.802,4.119,3.968,26
"1969-02-01","b_2_39","long",3.718,4.042,3.888,26
"1969-03-01","b_2_39","long",3.87,4.207,4.048,26
"1969-04-01","b_2_39","long",3.972,4.326,4.155,26
"1969-05-01","b_2_39","long",3.985,4.353,4.173,26
"1969-06-01","b_2_39","long",4.017,4.379,4.202,26
"1969-07-01","b_2_39","long",4.229,4.578,4.407,26
"1969-08-01","b_2_39","long",4.107,4.449,4.284,26
"1969-09-01","b_2_39","long",4.155,4.505,4.335,26
"1969-10-01","b_2_39","long",4.144,4.496,4.326,26
"1969-11-01","b_2_39","long",4.187,4.532,4.366,26
"1969-12-01","b_2_39","long",4.326,4.63,4.474,26
"1970-01-01","b_2_39","long",4.32,4.621,4.464,26
"1970-02-01","b_2_39","long",4.459,4.762,4.604,26
"1970-03-01","b_2_39","long",4.389,4.694,4.538,26
"1970-04-01","b_2_39","long",4.428,4.745,4.584,26
"1970-05-01","b_2_39","long",4.363,4.678,4.52,26
"1970-06-01","b_2_39","long",4.289,4.621,4.458,26
"1970-07-01","b_2_39","long",4.196,4.524,4.363,26
"1970-08-01","b_2_39","long",4.264,4.594,4.431,26
"1970-09-01","b_2_39","long",4.271,4.604,4.441,26
"1970-10-01","b_2_39","long",4.372,4.748,4.564,26
"1970-11-01","b_2_39","long",4.364,4.763,4.566,26
"1970-12-01","b_2_39","long",4.43,4.833,4.637,26
"1971-01-01","b_2_39","long",4.391,4.79,4.597,26
"1971-02-01","b_2_39","long",4.273,4.665,4.475,26
"1971-03-01","b_2_39","long",4.172,4.56,4.37,26
"1971-04-01","b_2_39","long",4.091,4.463,4.28,26
"1971-05-01","b_2_39","long",4.175,4.537,4.359,26
"1971-06-01","b_2_39","long",4.298,4.653,4.475,26
"1971-07-01","b_2_39","long",4.219,4.583,4.403,26
"1971-08-01","b_2_39","long",4.17,4.55,4.362,26
"1971-09-01","b_2_39","long",3.994,4.369,4.184,26
"1971-10-01","b_2_39","long",3.639,3.961,3.803,26
"1971-11-01","b_2_39","long",3.432,3.734,3.588,26
"1971-12-01","b_2_39","long",3.25,3.561,3.409,26
"1972-01-01","b_2_39","long",3.238,3.567,3.405,26
"1972-02-01","b_2_39","long",3.241,3.581,3.41,26
"1972-03-01","b_2_39","long",3.218,3.552,3.388,26
"1972-04-01","b_2_39","long",3.03,3.339,3.189,26
"1972-05-01","b_2_39","long",2.819,3.131,2.979,26
"1972-06-01","b_2_39","long",2.577,2.883,2.734,26
"1972-07-01","b_2_39","long",2.579,2.908,2.746,26
"1972-08-01","b_2_39","long",2.541,2.852,2.699,26
"1972-09-01","b_2_39","long",2.621,2.965,2.794,26
"1972-10-01","b_2_39","long",2.681,3.036,2.86,26
"1972-11-01","b_2_39","long",2.8,3.155,2.979,26
"1972-12-01","b_2_39","long",2.839,3.173,3.007,26
"1973-01-01","b_2_39","long",2.816,3.144,2.979,26
"1973-02-01","b_2_39","long",2.941,3.268,3.107,26
"1973-03-01","b_2_39","long",3.178,3.526,3.35,26
"1973-04-01","b_2_39","long",3.609,4.005,3.801,26
"1973-05-01","b_2_39","long",3.864,4.313,4.083,26
"1973-06-01","b_2_39","long",4.074,4.582,4.316,26
"1973-07-01","b_2_39","long",4.032,4.507,4.256,26
"1973-08-01","b_2_39","long",4.277,4.832,4.54,26
"1973-09-01","b_2_39","long",4.335,4.959,4.633,26
"1973-10-01","b_2_39","long",4.663,5.416,5.013,26
"1973-11-01","b_2_39","long",4.9,5.805,5.314,26
"1973-12-01","b_2_39","long",5.12,6.106,5.564,26
"1974-01-01","b_2_39","long",5.412,6.514,5.906,26
"1974-02-01","b_2_39","long",5.798,7.078,6.376,26
"1974-03-01","b_2_39","long",6.141,7.568,6.777,26
"1974-04-01","b_2_39","long",6.282,7.708,6.921,26
"1974-05-01","b_2_39","long",6.745,8.201,7.398,26
"1974-06-01","b_2_39","long",7.249,8.692,7.898,26
"1974-07-01","b_2_39","long",7.774,9.292,8.461,26
"1974-08-01","b_2_39","long",8.257,9.805,8.956,26
"1974-09-01","b_2_39","long",8.773,10.277,9.443,26
"1974-10-01","b_2_39","long",9.034,10.436,9.667,26
"1974-11-01","b_2_39","long",9.164,10.424,9.738,26
"1974-12-01","b_2_39","long",9.332,10.534,9.888,26
"1975-01-01","b_2_39","long",9.433,10.527,9.949,26
"1975-02-01","b_2_39","long",9.221,10.129,9.648,26
"1975-03-01","b_2_39","long",8.763,9.501,9.122,26
"1975-04-01","b_2_39","long",8.462,9.163,8.804,26
"1975-05-01","b_2_39","long",7.88,8.518,8.191,26
"1975-06-01","b_2_39","long",7.443,8.121,7.773,26
"1975-07-01","b_2_39","long",7.218,7.928,7.541,26
"1975-08-01","b_2_39","long",6.668,7.286,6.953,26
"1975-09-01","b_2_39","long",6.337,6.916,6.608,26
"1975-10-01","b_2_39","long",6.221,6.772,6.476,26
"1975-11-01","b_2_39","long",6.096,6.663,6.362,26
"1975-12-01","b_2_39","long",5.891,6.46,6.157,26
"1976-01-01","b_2_39","long",5.644,6.197,5.902,26
"1976-02-01","b_2_39","long",5.384,5.977,5.664,26
"1976-03-01","b_2_39","long",5.283,5.895,5.573,26
"1976-04-01","b_2_39","long",5.129,5.767,5.439,26
"1976-05-01","b_2_39","long",5.289,5.919,5.597,26
"1976-06-01","b_2_39","long",5.296,5.855,5.572,26
"1976-07-01","b_2_39","long",5.176,5.637,5.426,26
"1976-08-01","b_2_39","long",5.241,5.696,5.487,26
"1976-09-01","b_2_39","long",5.182,5.638,5.428,26
"1976-10-01","b_2_39","long",5.068,5.542,5.321,26
"1976-11-01","b_2_39","long",4.995,5.457,5.241,26
"1976-12-01","b_2_39","long",4.972,5.431,5.216,26
"1977-01-01","b_2_39","long",5.136,5.601,5.379,26
"1977-02-01","b_2_39","long",5.49,5.921,5.714,26
"1977-03-01","b_2_39","long",5.8,6.222,6.019,26
"1977-04-01","b_2_39","long",5.975,6.373,6.176,26
"1977-05-01","b_2_39","long",5.982,6.386,6.185,26
"1977-06-01","b_2_39","long",6.056,6.456,6.258,26
"1977-07-01","b_2_39","long",6.101,6.511,6.308,26
"1977-08-01","b_2_39","long",6.1,6.513,6.309,26
"1977-09-01","b_2_39","long",6.033,6.446,6.244,26
"1977-10-01","b_2_39","long",5.936,6.346,6.143,26
"1977-11-01","b_2_39","long",6.066,6.459,6.263,26
"1977-12-01","b_2_39","long",6.122,6.523,6.324,26
"1978-01-01","b_2_39","long",5.984,6.405,6.199,26
"1978-02-01","b_2_39","long",5.832,6.258,6.049,26
"1978-03-01","b_2_39","long",5.839,6.286,6.064,26
"1978-04-01","b_2_39","long",6.012,6.484,6.247,26
"1978-05-01","b_2_39","long",6.193,6.656,6.422,26
"1978-06-01","b_2_39","long",6.24,6.698,6.466,26
"1978-07-01","b_2_39","long",6.353,6.803,6.574,26
"1978-08-01","b_2_39","long",6.481,6.928,6.697,26
"1978-09-01","b_2_39","long",6.654,7.088,6.864,26
"1978-10-01","b_2_39","long",6.985,7.413,7.193,26
"1978-11-01","b_2_39","long",7.079,7.521,7.295,26
"1978-12-01","b_2_39","long",7.099,7.53,7.315,26
"1979-01-01","b_2_39","long",7.431,7.857,7.645,26
"1979-02-01","b_2_39","long",7.635,8.05,7.844,26
"1979-03-01","b_2_39","long",7.694,8.095,7.889,26
"1979-04-01","b_2_39","long",7.694,8.118,7.893,26
"1979-05-01","b_2_39","long",7.83,8.268,8.033,26
"1979-06-01","b_2_39","long",7.874,8.333,8.082,26
"1979-07-01","b_2_39","long",7.966,8.439,8.178,26
"1979-08-01","b_2_39","long",8.116,8.599,8.333,26
"1979-09-01","b_2_39","long",8.267,8.806,8.502,26
"1979-10-01","b_2_39","long",8.409,8.966,8.656,26
"1979-11-01","b_2_39","long",8.42,8.997,8.674,26
"1979-12-01","b_2_39","long",8.619,9.263,8.9,26
"1980-01-01","b_2_39","long",8.765,9.463,9.069,26
"1980-02-01","b_2_39","long",9.059,9.872,9.414,26
"1980-03-01","b_2_39","long",9.272,10.206,9.664,26
"1980-04-01","b_2_39","long",9.232,10.133,9.617,26
"1980-05-01","b_2_39","long",9.156,10.049,9.54,26
"1980-06-01","b_2_39","long",9.306,10.206,9.702,26
"1980-07-01","b_2_39","long",9.242,10.152,9.648,26
"1980-08-01","b_2_39","long",9.251,10.158,9.658,26
"1980-09-01","b_2_39","long",9.316,10.168,9.704,26
"1980-10-01","b_2_39","long",9.173,10.013,9.557,26
"1980-11-01","b_2_39","long",9.228,10.044,9.6,26
"1980-12-01","b_2_39","long",9.155,9.898,9.493,26
"1981-01-01","b_2_39","long",9.08,9.796,9.409,26
"1981-02-01","b_2_39","long",8.931,9.548,9.213,26
"1981-03-01","b_2_39","long",8.698,9.205,8.952,26
"1981-04-01","b_2_39","long",8.592,9.15,8.883,26
"1981-05-01","b_2_39","long",8.349,8.965,8.678,26
"1981-06-01","b_2_39","long",8.061,8.679,8.396,26
"1981-07-01","b_2_39","long",8.029,8.652,8.366,26
"1981-08-01","b_2_39","long",7.94,8.579,8.281,26
"1981-09-01","b_2_39","long",7.745,8.388,8.088,26
"1981-10-01","b_2_39","long",7.497,8.133,7.835,26
"1981-11-01","b_2_39","long",7.268,7.926,7.614,26
"1981-12-01","b_2_39","long",6.956,7.615,7.304,26
"1982-01-01","b_2_39","long",6.616,7.267,6.96,26
"1982-02-01","b_2_39","long",6.164,6.814,6.514,26
"1982-03-01","b_2_39","long",5.967,6.608,6.324,26
"1982-04-01","b_2_39","long",5.776,6.367,6.102,26
"1982-05-01","b_2_39","long",5.775,6.308,6.059,26
"1982-06-01","b_2_39","long",5.766,6.335,6.052,26
"1982-07-01","b_2_39","long",5.828,6.385,6.108,26
"1982-08-01","b_2_39","long",5.496,6.031,5.765,26
"1982-09-01","b_2_39","long",5.12,5.651,5.39,26
"1982-10-01","b_2_39","long",5.105,5.635,5.374,26
"1982-11-01","b_2_39","long",4.84,5.368,5.108,26
"1982-12-01","b_2_39","long",4.614,5.188,4.91,26
"1983-01-01","b_2_39","long",4.55,5.117,4.849,26
"1983-02-01","b_2_39","long",4.479,5.047,4.778,26
"1983-03-01","b_2_39","long",4.289,4.831,4.569,26
"1983-04-01","b_2_39","long",4.487,5.031,4.76,26
"1983-05-01","b_2_39","long",4.285,4.848,4.566,26
"1983-06-01","b_2_39","long",4.092,4.59,4.349,26
"1983-07-01","b_2_39","long",3.83,4.334,4.094,26
"1983-08-01","b_2_39","long",3.754,4.269,4.022,26
"1983-09-01","b_2_39","long",3.798,4.319,4.068,26
"1983-10-01","b_2_39","long",3.545,4.065,3.816,26
"1983-11-01","b_2_39","long",3.621,4.145,3.905,26
"1983-12-01","b_2_39","long",3.689,4.177,3.954,26
"1984-01-01","b_2_39","long",3.691,4.141,3.93,26
"1984-02-01","b_2_39","long",3.709,4.148,3.942,26
"1984-03-01","b_2_39","long",3.82,4.272,4.062,26
"1984-04-01","b_2_39","long",3.723,4.156,3.959,26
"1984-05-01","b_2_39","long",3.626,4.037,3.855,26
"1984-06-01","b_2_39","long",3.583,4.053,3.85,26
"1984-07-01","b_2_39","long",3.589,4.084,3.877,26
"1984-08-01","b_2_39","long",3.627,4.13,3.926,26
"1984-09-01","b_2_39","long",3.631,4.14,3.938,26
"1984-10-01","b_2_39","long",3.697,4.201,4,26
"1984-11-01","b_2_39","long",3.548,4.02,3.828,26
"1984-12-01","b_2_39","long",3.619,4.103,3.906,26
"1985-01-01","b_2_39","long",3.495,3.988,3.783,26
"1985-02-01","b_2_39","long",3.647,4.132,3.928,26
"1985-03-01","b_2_39","long",3.712,4.185,3.983,26
"1985-04-01","b_2_39","long",3.522,4.013,3.806,26
"1985-05-01","b_2_39","long",3.628,4.135,3.921,26
"1985-06-01","b_2_39","long",3.724,4.188,3.989,26
"1985-07-01","b_2_39","long",3.552,3.971,3.784,26
"1985-08-01","b_2_39","long",3.511,3.949,3.757,26
"1985-09-01","b_2_39","long",3.451,3.893,3.696,26
"1985-10-01","b_2_39","long",3.426,3.862,3.666,26
"1985-11-01","b_2_39","long",3.61,4.057,3.857,26
"1985-12-01","b_2_39","long",3.677,4.098,3.904,26
"1986-01-01","b_2_39","long",3.756,4.17,3.984,26
"1986-02-01","b_2_39","long",3.417,3.893,3.686,26
"1986-03-01","b_2_39","long",3.23,3.726,3.512,26
"1986-04-01","b_2_39","long",3.2,3.737,3.509,26
"1986-05-01","b_2_39","long",3.106,3.627,3.405,26
"1986-06-01","b_2_39","long",3.144,3.662,3.436,26
"1986-07-01","b_2_39","long",3.17,3.729,3.493,26
"1986-08-01","b_2_39","long",3.131,3.669,3.442,26
"1986-09-01","b_2_39","long",3.231,3.754,3.534,26
"1986-10-01","b_2_39","long",3.219,3.764,3.536,26
"1986-11-01","b_2_39","long",3.121,3.668,3.439,26
"1986-12-01","b_2_39","long",3.055,3.617,3.385,26
"1987-01-01","b_2_39","long",3.117,3.743,3.474,26
"1987-02-01","b_2_39","long",3.218,3.803,3.547,26
"1987-03-01","b_2_39","long",3.358,3.928,3.679,26
"1987-04-01","b_2_39","long",3.575,4.11,3.875,26
"1987-05-01","b_2_39","long",3.687,4.219,3.986,26
"1987-06-01","b_2_39","long",3.632,4.179,3.939,26
"1987-07-01","b_2_39","long",3.653,4.153,3.926,26
"1987-08-01","b_2_39","long",3.797,4.273,4.051,26
"1987-09-01","b_2_39","long",3.776,4.243,4.024,26
"1987-10-01","b_2_39","long",3.865,4.316,4.104,26
"1987-11-01","b_2_39","long",3.884,4.338,4.127,26
"1987-12-01","b_2_39","long",3.789,4.244,4.031,26
"1988-01-01","b_2_39","long",3.724,4.132,3.949,26
"1988-02-01","b_2_39","long",3.716,4.111,3.931,26
"1988-03-01","b_2_39","long",3.752,4.153,3.967,26
"1988-04-01","b_2_39","long",3.796,4.18,3.996,26
"1988-05-01","b_2_39","long",3.768,4.16,3.969,26
"1988-06-01","b_2_39","long",3.846,4.21,4.036,26
"1988-07-01","b_2_39","long",4.078,4.449,4.269,26
"1988-08-01","b_2_39","long",4.023,4.418,4.229,26
"1988-09-01","b_2_39","long",4.19,4.589,4.398,26
"1988-10-01","b_2_39","long",4.193,4.594,4.4,26
"1988-11-01","b_2_39","long",4.199,4.596,4.404,26
"1988-12-01","b_2_39","long",4.335,4.726,4.533,26
"1989-01-01","b_2_39","long",4.451,4.829,4.642,26
"1989-02-01","b_2_39","long",4.584,4.975,4.782,26
"1989-03-01","b_2_39","long",4.548,4.925,4.742,26
"1989-04-01","b_2_39","long",4.541,4.914,4.732,26
"1989-05-01","b_2_39","long",4.618,4.985,4.81,26
"1989-06-01","b_2_39","long",4.524,4.904,4.721,26
"1989-07-01","b_2_39","long",4.348,4.759,4.568,26
"1989-08-01","b_2_39","long",4.207,4.653,4.451,26
"1989-09-01","b_2_39","long",4.057,4.518,4.308,26
"1989-10-01","b_2_39","long",4.128,4.582,4.376,26
"1989-11-01","b_2_39","long",4.137,4.594,4.382,26
"1989-12-01","b_2_39","long",4.133,4.588,4.381,26
"1990-01-01","b_2_39","long",4.041,4.522,4.297,26
"1990-02-01","b_2_39","long",4.02,4.497,4.273,26
"1990-03-01","b_2_39","long",4.16,4.656,4.425,26
"1990-04-01","b_2_39","long",4.065,4.573,4.341,26
"1990-05-01","b_2_39","long",3.979,4.502,4.262,26
"1990-06-01","b_2_39","long",4.158,4.686,4.448,26
"1990-07-01","b_2_39","long",4.232,4.726,4.498,26
"1990-08-01","b_2_39","long",4.495,4.943,4.729,26
"1990-09-01","b_2_39","long",4.521,4.966,4.752,26
"1990-10-01","b_2_39","long",4.446,4.894,4.679,26
"1990-11-01","b_2_39","long",4.341,4.79,4.576,26
"1990-12-01","b_2_39","long",4.322,4.784,4.569,26
"1991-01-01","b_2_39","long",4.305,4.786,4.552,26
"1991-02-01","b_2_39","long",4.205,4.684,4.457,26
"1991-03-01","b_2_39","long",3.877,4.359,4.129,26
"1991-04-01","b_2_39","long",3.802,4.281,4.054,26
"1991-05-01","b_2_39","long",3.886,4.346,4.125,26
"1991-06-01","b_2_39","long",3.62,4.088,3.865,26
"1991-07-01","b_2_39","long",3.512,3.991,3.766,26
"1991-08-01","b_2_39","long",3.373,3.838,3.62,26
"1991-09-01","b_2_39","long",3.343,3.797,3.585,26
"1991-10-01","b_2_39","long",3.223,3.675,3.464,26
"1991-11-01","b_2_39","long",3.349,3.796,3.586,26
"1991-12-01","b_2_39","long",3.367,3.812,3.601,26
"1992-01-01","b_2_39","long",3.185,3.597,3.415,26
"1992-02-01","b_2_39","long",3.217,3.627,3.445,26
"1992-03-01","b_2_39","long",3.399,3.789,3.614,26
"1992-04-01","b_2_39","long",3.353,3.737,3.56,26
"1992-05-01","b_2_39","long",3.262,3.65,3.472,26
"1992-06-01","b_2_39","long",3.315,3.687,3.512,26
"1992-07-01","b_2_39","long",3.323,3.679,3.509,26
"1992-08-01","b_2_39","long",3.242,3.602,3.43,26
"1992-09-01","b_2_39","long",3.091,3.453,3.281,26
"1992-10-01","b_2_39","long",3.181,3.55,3.373,26
"1992-11-01","b_2_39","long",3.124,3.5,3.322,26
"1992-12-01","b_2_39","long",3.046,3.41,3.235,26
"1993-01-01","b_2_39","long",3.067,3.425,3.252,26
"1993-02-01","b_2_39","long",2.997,3.351,3.179,26
"1993-03-01","b_2_39","long",2.855,3.214,3.04,26
"1993-04-01","b_2_39","long",2.909,3.265,3.094,26
"1993-05-01","b_2_39","long",2.899,3.263,3.089,26
"1993-06-01","b_2_39","long",2.776,3.144,2.973,26
"1993-07-01","b_2_39","long",2.703,3.073,2.903,26
"1993-08-01","b_2_39","long",2.638,3.011,2.837,26
"1993-09-01","b_2_39","long",2.602,2.991,2.814,26
"1993-10-01","b_2_39","long",2.52,2.903,2.731,26
"1993-11-01","b_2_39","long",2.456,2.826,2.659,26
"1993-12-01","b_2_39","long",2.315,2.709,2.533,26
"1994-01-01","b_2_39","long",2.203,2.615,2.435,26
"1994-02-01","b_2_39","long",2.178,2.589,2.41,26
"1994-03-01","b_2_39","long",2.226,2.631,2.453,26
"1994-04-01","b_2_39","long",2.127,2.53,2.353,26
"1994-05-01","b_2_39","long",2.062,2.465,2.291,26
"1994-06-01","b_2_39","long",2.16,2.545,2.376,26
"1994-07-01","b_2_39","long",2.21,2.596,2.427,26
"1994-08-01","b_2_39","long",2.176,2.567,2.402,26
"1994-09-01","b_2_39","long",2.152,2.54,2.373,26
"1994-10-01","b_2_39","long",2.084,2.479,2.308,26
"1994-11-01","b_2_39","long",2.093,2.482,2.314,26
"1994-12-01","b_2_39","long",2.093,2.472,2.307,26
"1995-01-01","b_2_39","long",2.273,2.63,2.471,26
"1995-02-01","b_2_39","long",2.228,2.572,2.416,26
"1995-03-01","b_2_39","long",2.16,2.516,2.358,26
"1995-04-01","b_2_39","long",2.212,2.559,2.404,26
"1995-05-01","b_2_39","long",2.195,2.528,2.377,26
"1995-06-01","b_2_39","long",2.088,2.434,2.277,26
"1995-07-01","b_2_39","long",1.966,2.318,2.159,26
"1995-08-01","b_2_39","long",2.046,2.391,2.232,26
"1995-09-01","b_2_39","long",2.042,2.388,2.229,26
"1995-10-01","b_2_39","long",2.135,2.469,2.317,26
"1995-11-01","b_2_39","long",2.051,2.411,2.25,26
"1995-12-01","b_2_39","long",2.151,2.488,2.334,26
"1996-01-01","b_2_39","long",2.067,2.394,2.245,26
"1996-02-01","b_2_39","long",2.111,2.442,2.29,26
"1996-03-01","b_2_39","long",2.143,2.473,2.319,26
"1996-04-01","b_2_39","long",2.115,2.455,2.294,26
"1996-05-01","b_2_39","long",2.14,2.486,2.323,26
"1996-06-01","b_2_39","long",2.125,2.509,2.334,26
"1996-07-01","b_2_39","long",2.181,2.561,2.384,26
"1996-08-01","b_2_39","long",2.11,2.524,2.334,26
"1996-09-01","b_2_39","long",2.236,2.632,2.449,26
"1996-10-01","b_2_39","long",2.225,2.623,2.437,26
"1996-11-01","b_2_39","long",2.317,2.694,2.515,26
"1996-12-01","b_2_39","long",2.262,2.646,2.468,26
"1997-01-01","b_2_39","long",2.191,2.578,2.4,26
"1997-02-01","b_2_39","long",2.166,2.554,2.379,26
"1997-03-01","b_2_39","long",2.125,2.504,2.333,26
"1997-04-01","b_2_39","long",2.089,2.475,2.302,26
"1997-05-01","b_2_39","long",1.985,2.386,2.208,26
"1997-06-01","b_2_39","long",1.973,2.361,2.186,26
"1997-07-01","b_2_39","long",1.823,2.226,2.046,26
"1997-08-01","b_2_39","long",1.769,2.152,1.982,26
"1997-09-01","b_2_39","long",1.718,2.1,1.932,26
"1997-10-01","b_2_39","long",1.473,1.865,1.694,26
"1997-11-01","b_2_39","long",1.345,1.75,1.573,26
"1997-12-01","b_2_39","long",1.253,1.676,1.491,26
"1998-01-01","b_2_39","long",1.194,1.634,1.445,26
"1998-02-01","b_2_39","long",1.06,1.537,1.332,26
"1998-03-01","b_2_39","long",1.033,1.532,1.319,26
"1998-04-01","b_2_39","long",1.016,1.523,1.31,26
"1998-05-01","b_2_39","long",1.049,1.547,1.337,26
"1998-06-01","b_2_39","long",1.029,1.525,1.318,26
"1998-07-01","b_2_39","long",1.158,1.631,1.433,26
"1998-08-01","b_2_39","long",1.254,1.718,1.519,26
"1998-09-01","b_2_39","long",1.118,1.626,1.411,26
"1998-10-01","b_2_39","long",1.262,1.761,1.549,26
"1998-11-01","b_2_39","long",1.262,1.794,1.572,26
"1998-12-01","b_2_39","long",1.271,1.812,1.587,26
"1999-01-01","b_2_39","long",1.322,1.852,1.629,26
"1999-02-01","b_2_39","long",1.3,1.818,1.601,26
"1999-03-01","b_2_39","long",1.252,1.753,1.545,26
"1999-04-01","b_2_39","long",1.364,1.85,1.647,26
"1999-05-01","b_2_39","long",1.351,1.85,1.644,26
"1999-06-01","b_2_39","long",1.355,1.857,1.648,26
"1999-07-01","b_2_39","long",1.392,1.898,1.688,26
"1999-08-01","b_2_39","long",1.326,1.837,1.629,26
"1999-09-01","b_2_39","long",1.495,1.982,1.778,26
"1999-10-01","b_2_39","long",1.487,1.977,1.774,26
"1999-11-01","b_2_39","long",1.541,1.996,1.806,26
"1999-12-01","b_2_39","long",1.658,2.079,1.901,26
"2000-01-01","b_2_39","long",1.787,2.213,2.03,26
"2000-02-01","b_2_39","long",1.947,2.369,2.182,26
"2000-03-01","b_2_39","long",2.089,2.502,2.318,26
"2000-04-01","b_2_39","long",1.901,2.343,2.148,26
"2000-05-01","b_2_39","long",1.919,2.365,2.172,26
"2000-06-01","b_2_39","long",1.995,2.418,2.234,26
"2000-07-01","b_2_39","long",2.063,2.499,2.308,26
"2000-08-01","b_2_39","long",2.084,2.512,2.323,26
"2000-09-01","b_2_39","long",2.109,2.518,2.34,26
"2000-10-01","b_2_39","long",2.081,2.502,2.32,26
"2000-11-01","b_2_39","long",2.105,2.533,2.346,26
"2000-12-01","b_2_39","long",2.085,2.543,2.345,26
"2001-01-01","b_2_39","long",2.152,2.655,2.435,26
"2001-02-01","b_2_39","long",2.197,2.684,2.476,26
"2001-03-01","b_2_39","long",2.118,2.631,2.416,26
"2001-04-01","b_2_39","long",2.237,2.751,2.532,26
"2001-05-01","b_2_39","long",2.254,2.755,2.539,26
"2001-06-01","b_2_39","long",2.311,2.81,2.593,26
"2001-07-01","b_2_39","long",2.215,2.698,2.49,26
"2001-08-01","b_2_39","long",2.21,2.727,2.503,26
"2001-09-01","b_2_39","long",2.122,2.664,2.433,26
"2001-10-01","b_2_39","long",2.128,2.683,2.446,26
"2001-11-01","b_2_39","long",2.135,2.681,2.45,26
"2001-12-01","b_2_39","long",2.048,2.598,2.366,26
"2002-01-01","b_2_39","long",1.795,2.319,2.104,26
"2002-02-01","b_2_39","long",1.733,2.268,2.049,26
"2002-03-01","b_2_39","long",1.775,2.296,2.078,26
"2002-04-01","b_2_39","long",1.806,2.305,2.095,26
"2002-05-01","b_2_39","long",1.797,2.289,2.081,26
"2002-06-01","b_2_39","long",1.709,2.21,1.998,26
"2002-07-01","b_2_39","long",1.758,2.271,2.054,26
"2002-08-01","b_2_39","long",1.804,2.28,2.079,26
"2002-09-01","b_2_39","long",1.879,2.341,2.144,26
"2002-10-01","b_2_39","long",1.908,2.35,2.161,26
"2002-11-01","b_2_39","long",1.911,2.35,2.159,26
"2002-12-01","b_2_39","long",1.989,2.397,2.217,26
"2003-01-01","b_2_39","long",2.026,2.416,2.239,26
"2003-02-01","b_2_39","long",2.049,2.439,2.255,26
"2003-03-01","b_2_39","long",2.038,2.441,2.25,26
"2003-04-01","b_2_39","long",1.924,2.315,2.132,26
"2003-05-01","b_2_39","long",1.946,2.335,2.151,26
"2003-06-01","b_2_39","long",1.939,2.317,2.136,26
"2003-07-01","b_2_39","long",1.962,2.33,2.151,26
"2003-08-01","b_2_39","long",1.98,2.357,2.168,26
"2003-09-01","b_2_39","long",1.924,2.291,2.104,26
"2003-10-01","b_2_39","long",1.955,2.322,2.134,26
"2003-11-01","b_2_39","long",1.903,2.275,2.085,26
"2003-12-01","b_2_39","long",1.926,2.301,2.107,26
"2004-01-01","b_2_39","long",2.113,2.495,2.297,26
"2004-02-01","b_2_39","long",2.155,2.514,2.332,26
"2004-03-01","b_2_39","long",2.146,2.488,2.314,26
"2004-04-01","b_2_39","long",2.305,2.657,2.481,26
"2004-05-01","b_2_39","long",2.351,2.694,2.523,26
"2004-06-01","b_2_39","long",2.457,2.791,2.624,26
"2004-07-01","b_2_39","long",2.35,2.709,2.534,26
"2004-08-01","b_2_39","long",2.265,2.629,2.459,26
"2004-09-01","b_2_39","long",2.246,2.624,2.445,26
"2004-10-01","b_2_39","long",2.272,2.65,2.465,26
"2004-11-01","b_2_39","long",2.388,2.767,2.577,26
"2004-12-01","b_2_39","long",2.324,2.731,2.536,26
"2005-01-01","b_2_39","long",2.335,2.738,2.546,26
"2005-02-01","b_2_39","long",2.329,2.743,2.547,26
"2005-03-01","b_2_39","long",2.365,2.78,2.581,26
"2005-04-01","b_2_39","long",2.31,2.735,2.521,26
"2005-05-01","b_2_39","long",2.282,2.717,2.499,26
"2005-06-01","b_2_39","long",2.211,2.659,2.438,26
"2005-07-01","b_2_39","long",2.286,2.714,2.502,26
"2005-08-01","b_2_39","long",2.307,2.731,2.521,26
"2005-09-01","b_2_39","long",2.437,2.847,2.646,26
"2005-10-01","b_2_39","long",2.486,2.898,2.704,26
"2005-11-01","b_2_39","long",2.473,2.887,2.699,26
"2005-12-01","b_2_39","long",2.431,2.837,2.651,26
"2006-01-01","b_2_39","long",2.374,2.784,2.589,26
"2006-02-01","b_2_39","long",2.282,2.718,2.515,26
"2006-03-01","b_2_39","long",2.296,2.732,2.534,26
"2006-04-01","b_2_39","long",2.357,2.776,2.592,26
"2006-05-01","b_2_39","long",2.469,2.892,2.703,26
"2006-06-01","b_2_39","long",2.612,3.032,2.844,26
"2006-07-01","b_2_39","long",2.563,3.005,2.81,26
"2006-08-01","b_2_39","long",2.661,3.1,2.9,26
"2006-09-01","b_2_39","long",2.553,3.009,2.805,26
"2006-10-01","b_2_39","long",2.469,2.92,2.718,26
"2006-11-01","b_2_39","long",2.316,2.755,2.555,26
"2006-12-01","b_2_39","long",2.46,2.887,2.69,26
"2007-01-01","b_2_39","long",2.515,2.947,2.754,26
"2007-02-01","b_2_39","long",2.657,3.057,2.875,26
"2007-03-01","b_2_39","long",2.616,3.017,2.829,26
"2007-04-01","b_2_39","long",2.529,2.93,2.743,26
"2007-05-01","b_2_39","long",2.381,2.773,2.593,26
"2007-06-01","b_2_39","long",2.306,2.691,2.509,26
"2007-07-01","b_2_39","long",2.321,2.682,2.509,26
"2007-08-01","b_2_39","long",2.231,2.604,2.433,26
"2007-09-01","b_2_39","long",2.368,2.748,2.565,26
"2007-10-01","b_2_39","long",2.497,2.898,2.703,26
"2007-11-01","b_2_39","long",2.727,3.121,2.929,26
"2007-12-01","b_2_39","long",2.749,3.147,2.951,26
"2008-01-01","b_2_39","long",2.667,3.047,2.861,26
"2008-02-01","b_2_39","long",2.606,2.991,2.799,26
"2008-03-01","b_2_39","long",2.634,3.032,2.838,26
"2008-04-01","b_2_39","long",2.626,3.032,2.833,26
"2008-05-01","b_2_39","long",2.68,3.091,2.889,26
"2008-06-01","b_2_39","long",2.755,3.187,2.971,26
"2008-07-01","b_2_39","long",2.898,3.364,3.122,26
"2008-08-01","b_2_39","long",2.872,3.346,3.102,26
"2008-09-01","b_2_39","long",2.721,3.188,2.956,26
"2008-10-01","b_2_39","long",2.369,2.955,2.678,26
"2008-11-01","b_2_39","long",2.065,2.786,2.454,26
"2008-12-01","b_2_39","long",1.802,2.571,2.221,26
"2009-01-01","b_2_39","long",1.736,2.544,2.182,26
"2009-02-01","b_2_39","long",1.68,2.485,2.129,26
"2009-03-01","b_2_39","long",1.485,2.343,1.962,26
"2009-04-01","b_2_39","long",1.434,2.284,1.909,26
"2009-05-01","b_2_39","long",1.348,2.202,1.826,26
"2009-06-01","b_2_39","long",1.217,2.055,1.691,26
"2009-07-01","b_2_39","long",0.879,1.688,1.347,26
"2009-08-01","b_2_39","long",0.967,1.753,1.417,26
"2009-09-01","b_2_39","long",0.918,1.716,1.368,26
"2009-10-01","b_2_39","long",1.249,1.947,1.632,26
"2009-11-01","b_2_39","long",1.36,1.955,1.673,26
"2009-12-01","b_2_39","long",1.455,1.989,1.733,26
"2010-01-01","b_2_39","long",1.385,1.895,1.635,26
"2010-02-01","b_2_39","long",1.29,1.801,1.541,26
"2010-03-01","b_2_39","long",1.357,1.788,1.564,26
"2010-04-01","b_2_39","long",1.328,1.752,1.53,26
"2010-05-01","b_2_39","long",1.268,1.693,1.472,26
"2010-06-01","b_2_39","long",1.129,1.572,1.346,26
"2010-07-01","b_2_39","long",1.208,1.645,1.422,26
"2010-08-01","b_2_39","long",1.153,1.584,1.364,26
"2010-09-01","b_2_39","long",1.153,1.553,1.35,26
"2010-10-01","b_2_39","long",0.941,1.337,1.133,26
"2010-11-01","b_2_39","long",0.984,1.343,1.162,26
"2010-12-01","b_2_39","long",1.012,1.38,1.199,26
"2011-01-01","b_2_39","long",1.128,1.533,1.334,26
"2011-02-01","b_2_39","long",1.321,1.72,1.521,26
"2011-03-01","b_2_39","long",1.466,1.873,1.67,26
"2011-04-01","b_2_39","long",1.622,2.068,1.838,26
"2011-05-01","b_2_39","long",1.832,2.301,2.058,26
"2011-06-01","b_2_39","long",1.911,2.355,2.122,26
"2011-07-01","b_2_39","long",1.994,2.441,2.201,26
"2011-08-01","b_2_39","long",2.082,2.546,2.297,26
"2011-09-01","b_2_39","long",2.139,2.61,2.356,26
"2011-10-01","b_2_39","long",2.119,2.601,2.35,26
"2011-11-01","b_2_39","long",2.157,2.664,2.4,26
"2011-12-01","b_2_39","long",2.231,2.727,2.466,26
"2012-01-01","b_2_39","long",2.269,2.749,2.501,26
"2012-02-01","b_2_39","long",2.186,2.694,2.432,26
"2012-03-01","b_2_39","long",2.138,2.644,2.383,26
"2012-04-01","b_2_39","long",2.05,2.513,2.281,26
"2012-05-01","b_2_39","long",1.888,2.342,2.121,26
"2012-06-01","b_2_39","long",1.857,2.319,2.096,26
"2012-07-01","b_2_39","long",1.814,2.285,2.061,26
"2012-08-01","b_2_39","long",1.728,2.188,1.973,26
"2012-09-01","b_2_39","long",1.711,2.167,1.955,26
"2012-10-01","b_2_39","long",1.824,2.283,2.064,26
"2012-11-01","b_2_39","long",1.714,2.156,1.948,26
"2012-12-01","b_2_39","long",1.654,2.094,1.885,26
"2013-01-01","b_2_39","long",1.606,2.001,1.817,26
"2013-02-01","b_2_39","long",1.59,1.96,1.792,26
"2013-03-01","b_2_39","long",1.473,1.861,1.69,26
"2013-04-01","b_2_39","long",1.287,1.689,1.512,26
"2013-05-01","b_2_39","long",1.259,1.643,1.468,26
"2013-06-01","b_2_39","long",1.372,1.754,1.575,26
"2013-07-01","b_2_39","long",1.388,1.762,1.591,26
"2013-08-01","b_2_39","long",1.383,1.756,1.581,26
"2013-09-01","b_2_39","long",1.319,1.711,1.528,26
"2013-10-01","b_2_39","long",1.309,1.653,1.499,26
"2013-11-01","b_2_39","long",1.403,1.745,1.591,26
"2013-12-01","b_2_39","long",1.408,1.756,1.599,26
"2014-01-01","b_2_39","long",1.361,1.745,1.563,26
"2014-02-01","b_2_39","long",1.282,1.679,1.492,26
"2014-03-01","b_2_39","long",1.34,1.732,1.539,26
"2014-04-01","b_2_39","long",1.539,1.94,1.735,26
"2014-05-01","b_2_39","long",1.618,2.022,1.82,26
"2014-06-01","b_2_39","long",1.587,1.984,1.79,26
"2014-07-01","b_2_39","long",1.605,2.005,1.808,26
"2014-08-01","b_2_39","long",1.509,1.928,1.725,26
"2014-09-01","b_2_39","long",1.548,1.956,1.759,26
"2014-10-01","b_2_39","long",1.397,1.833,1.622,26
"2014-11-01","b_2_39","long",1.33,1.783,1.566,26
"2014-12-01","b_2_39","long",1.328,1.79,1.572,26
"2015-01-01","b_2_39","long",1.109,1.587,1.376,26
"2015-02-01","b_2_39","long",1.179,1.66,1.446,26
"2015-03-01","b_2_39","long",1.193,1.661,1.456,26
"2015-04-01","b_2_39","long",1.183,1.645,1.453,26
"2015-05-01","b_2_39","long",1.14,1.596,1.405,26
"2015-06-01","b_2_39","long",1.146,1.614,1.417,26
"2015-07-01","b_2_39","long",1.139,1.603,1.409,26
"2015-08-01","b_2_39","long",1.147,1.616,1.427,26
"2015-09-01","b_2_39","long",1.148,1.628,1.436,26
"2015-10-01","b_2_39","long",1.15,1.624,1.44,26
"2015-11-01","b_2_39","long",1.136,1.595,1.417,26
"2015-12-01","b_2_39","long",1.063,1.532,1.35,26
"2016-01-01","b_2_39","long",1.24,1.671,1.502,26
"2016-02-01","b_2_39","long",1.246,1.669,1.503,26
"2016-03-01","b_2_39","long",1.278,1.698,1.535,26
"2016-04-01","b_2_39","long",1.353,1.785,1.611,26
"2016-05-01","b_2_39","long",1.445,1.876,1.7,26
"2016-06-01","b_2_39","long",1.395,1.828,1.654,26
"2016-07-01","b_2_39","long",1.373,1.815,1.638,26
"2016-08-01","b_2_39","long",1.432,1.857,1.681,26
"2016-09-01","b_2_39","long",1.503,1.912,1.738,26
"2016-10-01","b_2_39","long",1.647,2.031,1.865,26
"2016-11-01","b_2_39","long",1.621,2.009,1.84,26
"2016-12-01","b_2_39","long",1.706,2.073,1.912,26
"2017-01-01","b_2_39","long",1.796,2.18,2,26
"2017-02-01","b_2_39","long",1.788,2.161,1.984,26
"2017-03-01","b_2_39","long",1.716,2.102,1.923,26
"2017-04-01","b_2_39","long",1.596,1.961,1.795,26
"2017-05-01","b_2_39","long",1.509,1.875,1.709,26
"2017-06-01","b_2_39","long",1.534,1.891,1.725,26
"2017-07-01","b_2_39","long",1.519,1.872,1.706,26
"2017-08-01","b_2_39","long",1.533,1.892,1.723,26
"2017-09-01","b_2_39","long",1.463,1.825,1.659,26
"2017-10-01","b_2_39","long",1.501,1.879,1.706,26
"2017-11-01","b_2_39","long",1.514,1.903,1.727,26
"2017-12-01","b_2_39","long",1.56,1.951,1.775,26
"2018-01-01","b_2_39","long",1.64,2.042,1.864,26
"2018-02-01","b_2_39","long",1.673,2.097,1.901,26
"2018-03-01","b_2_39","long",1.708,2.127,1.926,26
"2018-04-01","b_2_39","long",1.726,2.16,1.948,26
"2018-05-01","b_2_39","long",1.759,2.194,1.983,26
"2018-06-01","b_2_39","long",1.795,2.226,2.02,26
"2018-07-01","b_2_39","long",1.811,2.241,2.036,26
"2018-08-01","b_2_39","long",1.799,2.233,2.027,26
"2018-09-01","b_2_39","long",1.849,2.281,2.072,26
"2018-10-01","b_2_39","long",1.82,2.237,2.033,26
"2018-11-01","b_2_39","long",1.891,2.307,2.105,26
"2018-12-01","b_2_39","long",1.88,2.298,2.093,26
"2019-01-01","b_2_39","long",1.695,2.104,1.914,26
"2019-02-01","b_2_39","long",1.714,2.104,1.93,26
"2019-03-01","b_2_39","long",1.752,2.141,1.971,26
"2019-04-01","b_2_39","long",1.8,2.196,2.028,26
"2019-05-01","b_2_39","long",1.743,2.133,1.964,26
"2019-06-01","b_2_39","long",1.673,2.081,1.904,26
"2019-07-01","b_2_39","long",1.738,2.139,1.962,26
"2019-08-01","b_2_39","long",1.743,2.137,1.963,26
"2019-09-01","b_2_39","long",1.615,2.029,1.849,26
"2019-10-01","b_2_39","long",1.684,2.111,1.929,26
"2019-11-01","b_2_39","long",1.668,2.077,1.898,26
"2019-12-01","b_2_39","long",1.655,2.08,1.89,26
"2020-01-01","b_2_39","long",1.762,2.16,1.979,26
"2020-02-01","b_2_39","long",1.749,2.15,1.968,26
"2020-03-01","b_2_39","long",1.684,2.083,1.902,26
"2020-04-01","b_2_39","long",1.542,2.011,1.809,26
"2020-05-01","b_2_39","long",1.622,2.1,1.896,26
"2020-06-01","b_2_39","long",1.715,2.202,1.983,26
"2020-07-01","b_2_39","long",1.782,2.308,2.061,26
"2020-08-01","b_2_39","long",1.888,2.411,2.159,26
"2020-09-01","b_2_39","long",1.955,2.468,2.217,26
"2020-10-01","b_2_39","long",1.843,2.341,2.095,26
"2020-11-01","b_2_39","long",1.817,2.325,2.074,26
"2020-12-01","b_2_39","long",1.86,2.378,2.116,26
"2021-01-01","b_2_39","long",1.867,2.438,2.144,26
"2021-02-01","b_2_39","long",1.983,2.555,2.261,26
"2021-03-01","b_2_39","long",2.107,2.731,2.403,26
"2021-04-01","b_2_39","long",2.35,2.942,2.608,26
"2021-05-01","b_2_39","long",2.464,3.106,2.747,26
"2021-06-01","b_2_39","long",2.533,3.213,2.836,26
"2021-07-01","b_2_39","long",2.634,3.303,2.937,26
"2021-08-01","b_2_39","long",2.715,3.412,3.033,26
"2021-09-01","b_2_39","long",2.957,3.659,3.275,26
"2021-10-01","b_2_39","long",3.335,4.099,3.681,26
"2021-11-01","b_2_39","long",3.621,4.429,3.99,26
"2021-12-01","b_2_39","long",3.873,4.695,4.254,26
"2022-01-01","b_2_39","long",4.275,5.067,4.646,26
"2022-02-01","b_2_39","long",4.452,5.321,4.861,26
"2022-03-01","b_2_39","long",4.579,5.472,5.006,26
"2022-04-01","b_2_39","long",4.576,5.42,4.983,26
"2022-05-01","b_2_39","long",4.756,5.594,5.154,26
"2022-06-01","b_2_39","long",5.171,6.006,5.571,26
"2022-07-01","b_2_39","long",5.19,6.012,5.585,26
"2022-08-01","b_2_39","long",5.358,6.15,5.739,26
"2022-09-01","b_2_39","long",5.364,6.15,5.745,26
"2022-10-01","b_2_39","long",5.29,6.032,5.654,26
"2022-11-01","b_2_39","long",5.199,5.904,5.548,26
"2022-12-01","b_2_39","long",5.112,5.781,5.448,26
"2023-01-01","b_2_39","long",4.908,5.569,5.239,26
"2023-02-01","b_2_39","long",4.824,5.409,5.119,26
"2023-03-01","b_2_39","long",4.781,5.307,5.05,26
"2023-04-01","b_2_39","long",4.796,5.345,5.084,26
"2023-05-01","b_2_39","long",4.594,5.127,4.882,26
"2023-06-01","b_2_39","long",4.142,4.617,4.404,26
"2023-07-01","b_2_39","long",3.978,4.458,4.248,26
"2023-08-01","b_2_39","long",3.681,4.166,3.959,26
"2023-09-01","b_2_39","long",3.578,4.059,3.853,26
"2023-10-01","b_2_39","long",3.411,3.888,3.682,26
"2023-11-01","b_2_39","long",3.265,3.764,3.55,26
"2023-12-01","b_2_39","long",3.081,3.579,3.368,26
"2024-01-01","b_2_39","long",3.107,3.614,3.399,26
"2024-02-01","b_2_39","long",2.976,3.506,3.275,26
"2024-03-01","b_2_39","long",2.935,3.487,3.238,26
"2024-04-01","b_2_39","long",2.822,3.345,3.105,26
"2024-05-01","b_2_39","long",2.669,3.209,2.965,26
"2024-06-01","b_2_39","long",2.592,3.154,2.903,26
"2024-07-01","b_2_39","long",2.56,3.093,2.851,26
"2024-08-01","b_2_39","long",2.549,3.078,2.836,26
"2024-09-01","b_2_39","long",2.535,3.055,2.819,26
"2024-10-01","b_2_39","long",2.546,3.062,2.826,26
"2024-11-01","b_2_39","long",2.564,3.05,2.824,26
"2024-12-01","b_2_39","long",2.615,3.1,2.873,26
"2025-01-01","b_2_39","long",2.436,2.935,2.7,26
"2025-02-01","b_2_39","long",2.456,2.93,2.709,26
"2025-03-01","b_2_39","long",2.386,2.86,2.656,26
"2025-04-01","b_2_39","long",2.483,2.955,2.75,26
"2025-05-01","b_2_39","long",2.575,2.993,2.808,26
"2025-06-01","b_2_39","long",2.725,3.118,2.943,26
"2025-07-01","b_2_39","long",2.71,3.118,2.936,26
"2025-08-01","b_2_39","long",2.764,3.17,2.986,26
"2025-09-01","b_2_39","long",2.733,3.148,2.959,26
"2025-10-01","b_2_39","long",2.631,3.045,2.856,26
"2025-11-01","b_2_39","long",2.615,3.025,2.836,26
"2025-12-01","b_2_39","long",2.652,3.07,2.869,26
"2026-01-01","b_2_39","long",2.647,3.097,2.878,26
"2026-02-01","b_2_39","long",2.601,3.091,2.85,26
"2026-03-01","b_2_39","long",2.661,3.124,2.879,26
"2026-04-01","b_2_39","long",2.638,3.151,2.872,26
"2026-05-01","b_2_39","long",2.678,3.203,2.916,26
"2026-06-01","b_2_39","long",2.562,3.099,2.807,26
"2026-07-01","b_2_39","long",2.512,3.066,2.768,26
"2026-08-01","b_2_39","long",2.493,3.062,2.751,26
"1960-01-01","b_2_39","80s",1.519,2.184,1.812,87
"1960-02-01","b_2_39","80s",1.527,2.184,1.816,87
"1960-03-01","b_2_39","80s",1.497,2.163,1.79,87
"1960-04-01","b_2_39","80s",1.483,2.153,1.775,87
"1960-05-01","b_2_39","80s",1.452,2.109,1.737,87
"1960-06-01","b_2_39","80s",1.28,1.929,1.566,87
"1960-07-01","b_2_39","80s",1.307,1.948,1.59,87
"1960-08-01","b_2_39","80s",1.272,1.913,1.556,87
"1960-09-01","b_2_39","80s",1.157,1.802,1.45,87
"1960-10-01","b_2_39","80s",1.085,1.727,1.377,87
"1960-11-01","b_2_39","80s",1.145,1.799,1.445,87
"1960-12-01","b_2_39","80s",1.112,1.771,1.415,87
"1961-01-01","b_2_39","80s",1.147,1.772,1.421,87
"1961-02-01","b_2_39","80s",1.1,1.713,1.368,87
"1961-03-01","b_2_39","80s",1.016,1.622,1.286,87
"1961-04-01","b_2_39","80s",0.859,1.469,1.146,87
"1961-05-01","b_2_39","80s",0.821,1.438,1.109,87
"1961-06-01","b_2_39","80s",0.849,1.455,1.132,87
"1961-07-01","b_2_39","80s",0.799,1.407,1.085,87
"1961-08-01","b_2_39","80s",0.738,1.311,1.008,87
"1961-09-01","b_2_39","80s",0.784,1.349,1.045,87
"1961-10-01","b_2_39","80s",0.71,1.273,0.976,87
"1961-11-01","b_2_39","80s",0.619,1.177,0.888,87
"1961-12-01","b_2_39","80s",0.542,1.089,0.808,87
"1962-01-01","b_2_39","80s",0.72,1.259,0.992,87
"1962-02-01","b_2_39","80s",0.809,1.359,1.086,87
"1962-03-01","b_2_39","80s",0.984,1.537,1.261,87
"1962-04-01","b_2_39","80s",0.944,1.483,1.201,87
"1962-05-01","b_2_39","80s",0.963,1.5,1.222,87
"1962-06-01","b_2_39","80s",0.987,1.527,1.248,87
"1962-07-01","b_2_39","80s",0.883,1.442,1.164,87
"1962-08-01","b_2_39","80s",0.943,1.509,1.228,87
"1962-09-01","b_2_39","80s",0.986,1.722,1.325,87
"1962-10-01","b_2_39","80s",0.909,1.681,1.274,87
"1962-11-01","b_2_39","80s",0.922,1.684,1.277,87
"1962-12-01","b_2_39","80s",0.851,1.635,1.22,87
"1963-01-01","b_2_39","80s",0.8,1.589,1.171,87
"1963-02-01","b_2_39","80s",0.73,1.507,1.1,87
"1963-03-01","b_2_39","80s",0.57,1.359,0.948,87
"1963-04-01","b_2_39","80s",0.604,1.378,0.975,87
"1963-05-01","b_2_39","80s",0.718,1.497,1.088,87
"1963-06-01","b_2_39","80s",0.727,1.525,1.103,87
"1963-07-01","b_2_39","80s",0.796,1.582,1.154,87
"1963-08-01","b_2_39","80s",0.779,1.601,1.156,87
"1963-09-01","b_2_39","80s",0.675,1.322,0.998,87
"1963-10-01","b_2_39","80s",0.927,1.521,1.212,87
"1963-11-01","b_2_39","80s",0.946,1.551,1.235,87
"1963-12-01","b_2_39","80s",1.073,1.675,1.356,87
"1964-01-01","b_2_39","80s",1.068,1.667,1.342,87
"1964-02-01","b_2_39","80s",1.114,1.697,1.38,87
"1964-03-01","b_2_39","80s",1.124,1.686,1.375,87
"1964-04-01","b_2_39","80s",1.133,1.703,1.393,87
"1964-05-01","b_2_39","80s",0.982,1.546,1.243,87
"1964-06-01","b_2_39","80s",0.906,1.461,1.163,87
"1964-07-01","b_2_39","80s",0.847,1.407,1.11,87
"1964-08-01","b_2_39","80s",0.843,1.359,1.087,87
"1964-09-01","b_2_39","80s",0.83,1.354,1.078,87
"1964-10-01","b_2_39","80s",0.71,1.24,0.962,87
"1964-11-01","b_2_39","80s",0.733,1.253,0.982,87
"1964-12-01","b_2_39","80s",0.732,1.23,0.972,87
"1965-01-01","b_2_39","80s",0.746,1.242,0.985,87
"1965-02-01","b_2_39","80s",0.657,1.165,0.904,87
"1965-03-01","b_2_39","80s",0.737,1.255,0.988,87
"1965-04-01","b_2_39","80s",0.833,1.336,1.072,87
"1965-05-01","b_2_39","80s",0.895,1.411,1.141,87
"1965-06-01","b_2_39","80s",1.009,1.527,1.255,87
"1965-07-01","b_2_39","80s",1.074,1.578,1.311,87
"1965-08-01","b_2_39","80s",1.124,1.625,1.359,87
"1965-09-01","b_2_39","80s",1.19,1.698,1.432,87
"1965-10-01","b_2_39","80s",1.218,1.75,1.482,87
"1965-11-01","b_2_39","80s",1.28,1.804,1.535,87
"1965-12-01","b_2_39","80s",1.406,1.962,1.673,87
"1966-01-01","b_2_39","80s",1.43,1.981,1.698,87
"1966-02-01","b_2_39","80s",1.614,2.218,1.898,87
"1966-03-01","b_2_39","80s",1.68,2.308,1.976,87
"1966-04-01","b_2_39","80s",1.836,2.47,2.136,87
"1966-05-01","b_2_39","80s",1.884,2.523,2.184,87
"1966-06-01","b_2_39","80s",1.936,2.599,2.252,87
"1966-07-01","b_2_39","80s",2.036,2.72,2.362,87
"1966-08-01","b_2_39","80s",2.074,2.761,2.401,87
"1966-09-01","b_2_39","80s",2.265,2.938,2.58,87
"1966-10-01","b_2_39","80s",2.466,3.112,2.759,87
"1966-11-01","b_2_39","80s",2.463,3.134,2.771,87
"1966-12-01","b_2_39","80s",2.44,3.092,2.742,87
"1967-01-01","b_2_39","80s",2.414,3.077,2.724,87
"1967-02-01","b_2_39","80s",2.396,3.013,2.697,87
"1967-03-01","b_2_39","80s",2.327,2.921,2.619,87
"1967-04-01","b_2_39","80s",2.203,2.798,2.495,87
"1967-05-01","b_2_39","80s",2.213,2.784,2.491,87
"1967-06-01","b_2_39","80s",2.264,2.803,2.524,87
"1967-07-01","b_2_39","80s",2.312,2.832,2.564,87
"1967-08-01","b_2_39","80s",2.372,2.919,2.635,87
"1967-09-01","b_2_39","80s",2.405,2.949,2.666,87
"1967-10-01","b_2_39","80s",2.401,2.961,2.667,87
"1967-11-01","b_2_39","80s",2.505,3.066,2.768,87
"1967-12-01","b_2_39","80s",2.57,3.136,2.835,87
"1968-01-01","b_2_39","80s",2.763,3.331,3.024,87
"1968-02-01","b_2_39","80s",2.882,3.432,3.13,87
"1968-03-01","b_2_39","80s",3.053,3.6,3.295,87
"1968-04-01","b_2_39","80s",3.156,3.7,3.401,87
"1968-05-01","b_2_39","80s",3.357,3.909,3.609,87
"1968-06-01","b_2_39","80s",3.433,3.992,3.689,87
"1968-07-01","b_2_39","80s",3.424,3.988,3.682,87
"1968-08-01","b_2_39","80s",3.597,4.128,3.842,87
"1968-09-01","b_2_39","80s",3.623,4.151,3.868,87
"1968-10-01","b_2_39","80s",3.716,4.237,3.96,87
"1968-11-01","b_2_39","80s",3.788,4.286,4.027,87
"1968-12-01","b_2_39","80s",3.785,4.325,4.065,87
"1969-01-01","b_2_39","80s",3.785,4.32,4.063,87
"1969-02-01","b_2_39","80s",3.697,4.244,3.978,87
"1969-03-01","b_2_39","80s",3.851,4.407,4.139,87
"1969-04-01","b_2_39","80s",3.953,4.522,4.242,87
"1969-05-01","b_2_39","80s",3.966,4.54,4.257,87
"1969-06-01","b_2_39","80s",4.001,4.565,4.289,87
"1969-07-01","b_2_39","80s",4.216,4.776,4.505,87
"1969-08-01","b_2_39","80s",4.092,4.656,4.384,87
"1969-09-01","b_2_39","80s",4.139,4.71,4.436,87
"1969-10-01","b_2_39","80s",4.129,4.699,4.425,87
"1969-11-01","b_2_39","80s",4.171,4.741,4.468,87
"1969-12-01","b_2_39","80s",4.313,4.835,4.565,87
"1970-01-01","b_2_39","80s",4.307,4.829,4.558,87
"1970-02-01","b_2_39","80s",4.447,4.972,4.701,87
"1970-03-01","b_2_39","80s",4.379,4.922,4.65,87
"1970-04-01","b_2_39","80s",4.408,4.974,4.691,87
"1970-05-01","b_2_39","80s",4.341,4.909,4.624,87
"1970-06-01","b_2_39","80s",4.267,4.86,4.568,87
"1970-07-01","b_2_39","80s",4.174,4.757,4.47,87
"1970-08-01","b_2_39","80s",4.242,4.819,4.534,87
"1970-09-01","b_2_39","80s",4.251,4.821,4.538,87
"1970-10-01","b_2_39","80s",4.335,4.963,4.648,87
"1970-11-01","b_2_39","80s",4.328,4.975,4.645,87
"1970-12-01","b_2_39","80s",4.396,5.064,4.725,87
"1971-01-01","b_2_39","80s",4.357,5.014,4.685,87
"1971-02-01","b_2_39","80s",4.241,4.894,4.565,87
"1971-03-01","b_2_39","80s",4.14,4.779,4.447,87
"1971-04-01","b_2_39","80s",4.065,4.682,4.359,87
"1971-05-01","b_2_39","80s",4.151,4.766,4.445,87
"1971-06-01","b_2_39","80s",4.272,4.871,4.549,87
"1971-07-01","b_2_39","80s",4.193,4.807,4.477,87
"1971-08-01","b_2_39","80s",4.145,4.795,4.45,87
"1971-09-01","b_2_39","80s",3.967,4.614,4.275,87
"1971-10-01","b_2_39","80s",3.629,4.205,3.906,87
"1971-11-01","b_2_39","80s",3.421,3.981,3.694,87
"1971-12-01","b_2_39","80s",3.233,3.781,3.499,87
"1972-01-01","b_2_39","80s",3.22,3.787,3.49,87
"1972-02-01","b_2_39","80s",3.22,3.796,3.492,87
"1972-03-01","b_2_39","80s",3.197,3.763,3.472,87
"1972-04-01","b_2_39","80s",3.011,3.552,3.276,87
"1972-05-01","b_2_39","80s",2.801,3.332,3.061,87
"1972-06-01","b_2_39","80s",2.561,3.089,2.824,87
"1972-07-01","b_2_39","80s",2.556,3.111,2.828,87
"1972-08-01","b_2_39","80s",2.515,3.04,2.771,87
"1972-09-01","b_2_39","80s",2.595,3.148,2.856,87
"1972-10-01","b_2_39","80s",2.656,3.222,2.923,87
"1972-11-01","b_2_39","80s",2.775,3.342,3.041,87
"1972-12-01","b_2_39","80s",2.818,3.362,3.075,87
"1973-01-01","b_2_39","80s",2.798,3.331,3.051,87
"1973-02-01","b_2_39","80s",2.922,3.46,3.181,87
"1973-03-01","b_2_39","80s",3.156,3.714,3.416,87
"1973-04-01","b_2_39","80s",3.584,4.197,3.862,87
"1973-05-01","b_2_39","80s",3.83,4.506,4.135,87
"1973-06-01","b_2_39","80s",4.034,4.774,4.357,87
"1973-07-01","b_2_39","80s",3.993,4.704,4.303,87
"1973-08-01","b_2_39","80s",4.221,5.037,4.572,87
"1973-09-01","b_2_39","80s",4.27,5.173,4.656,87
"1973-10-01","b_2_39","80s",4.572,5.654,5.02,87
"1973-11-01","b_2_39","80s",4.792,6.064,5.302,87
"1973-12-01","b_2_39","80s",5.007,6.379,5.549,87
"1974-01-01","b_2_39","80s",5.286,6.808,5.876,87
"1974-02-01","b_2_39","80s",5.621,7.407,6.315,87
"1974-03-01","b_2_39","80s",5.94,7.938,6.704,87
"1974-04-01","b_2_39","80s",6.07,8.08,6.849,87
"1974-05-01","b_2_39","80s",6.535,8.588,7.338,87
"1974-06-01","b_2_39","80s",7.042,9.09,7.85,87
"1974-07-01","b_2_39","80s",7.551,9.694,8.404,87
"1974-08-01","b_2_39","80s",8.041,10.224,8.904,87
"1974-09-01","b_2_39","80s",8.567,10.71,9.411,87
"1974-10-01","b_2_39","80s",8.855,10.871,9.663,87
"1974-11-01","b_2_39","80s",8.999,10.857,9.755,87
"1974-12-01","b_2_39","80s",9.169,10.971,9.912,87
"1975-01-01","b_2_39","80s",9.283,10.973,10.004,87
"1975-02-01","b_2_39","80s",9.126,10.549,9.744,87
"1975-03-01","b_2_39","80s",8.694,9.893,9.24,87
"1975-04-01","b_2_39","80s",8.408,9.558,8.932,87
"1975-05-01","b_2_39","80s",7.834,8.919,8.327,87
"1975-06-01","b_2_39","80s",7.392,8.516,7.897,87
"1975-07-01","b_2_39","80s",7.187,8.335,7.673,87
"1975-08-01","b_2_39","80s",6.649,7.673,7.098,87
"1975-09-01","b_2_39","80s",6.318,7.299,6.76,87
"1975-10-01","b_2_39","80s",6.2,7.14,6.624,87
"1975-11-01","b_2_39","80s",6.069,7.016,6.501,87
"1975-12-01","b_2_39","80s",5.869,6.806,6.3,87
"1976-01-01","b_2_39","80s",5.623,6.533,6.038,87
"1976-02-01","b_2_39","80s",5.363,6.35,5.825,87
"1976-03-01","b_2_39","80s",5.264,6.294,5.751,87
"1976-04-01","b_2_39","80s",5.107,6.174,5.626,87
"1976-05-01","b_2_39","80s",5.267,6.318,5.78,87
"1976-06-01","b_2_39","80s",5.281,6.249,5.763,87
"1976-07-01","b_2_39","80s",5.162,6.019,5.625,87
"1976-08-01","b_2_39","80s",5.227,6.093,5.69,87
"1976-09-01","b_2_39","80s",5.168,6.023,5.623,87
"1976-10-01","b_2_39","80s",5.054,5.932,5.513,87
"1976-11-01","b_2_39","80s",4.99,5.858,5.451,87
"1976-12-01","b_2_39","80s",4.958,5.823,5.417,87
"1977-01-01","b_2_39","80s",5.121,5.98,5.576,87
"1977-02-01","b_2_39","80s",5.475,6.268,5.888,87
"1977-03-01","b_2_39","80s",5.785,6.555,6.186,87
"1977-04-01","b_2_39","80s",5.962,6.698,6.331,87
"1977-05-01","b_2_39","80s",5.969,6.711,6.34,87
"1977-06-01","b_2_39","80s",6.043,6.791,6.419,87
"1977-07-01","b_2_39","80s",6.088,6.851,6.475,87
"1977-08-01","b_2_39","80s",6.087,6.849,6.474,87
"1977-09-01","b_2_39","80s",6.02,6.803,6.421,87
"1977-10-01","b_2_39","80s",5.922,6.697,6.318,87
"1977-11-01","b_2_39","80s",6.05,6.798,6.431,87
"1977-12-01","b_2_39","80s",6.112,6.865,6.491,87
"1978-01-01","b_2_39","80s",5.969,6.755,6.36,87
"1978-02-01","b_2_39","80s",5.817,6.607,6.213,87
"1978-03-01","b_2_39","80s",5.816,6.607,6.203,87
"1978-04-01","b_2_39","80s",5.986,6.806,6.379,87
"1978-05-01","b_2_39","80s",6.166,6.974,6.553,87
"1978-06-01","b_2_39","80s",6.213,7.009,6.592,87
"1978-07-01","b_2_39","80s",6.325,7.112,6.695,87
"1978-08-01","b_2_39","80s",6.451,7.227,6.812,87
"1978-09-01","b_2_39","80s",6.623,7.382,6.975,87
"1978-10-01","b_2_39","80s",6.954,7.701,7.305,87
"1978-11-01","b_2_39","80s",7.049,7.816,7.408,87
"1978-12-01","b_2_39","80s",7.073,7.832,7.434,87
"1979-01-01","b_2_39","80s",7.406,8.147,7.76,87
"1979-02-01","b_2_39","80s",7.61,8.332,7.954,87
"1979-03-01","b_2_39","80s",7.671,8.391,8.008,87
"1979-04-01","b_2_39","80s",7.67,8.415,8.008,87
"1979-05-01","b_2_39","80s",7.802,8.567,8.154,87
"1979-06-01","b_2_39","80s",7.846,8.64,8.207,87
"1979-07-01","b_2_39","80s",7.939,8.74,8.302,87
"1979-08-01","b_2_39","80s",8.089,8.911,8.467,87
"1979-09-01","b_2_39","80s",8.24,9.116,8.626,87
"1979-10-01","b_2_39","80s",8.384,9.292,8.785,87
"1979-11-01","b_2_39","80s",8.39,9.313,8.795,87
"1979-12-01","b_2_39","80s",8.564,9.577,9.002,87
"1980-01-01","b_2_39","80s",8.707,9.795,9.166,87
"1980-02-01","b_2_39","80s",8.972,10.211,9.489,87
"1980-03-01","b_2_39","80s",9.185,10.575,9.729,87
"1980-04-01","b_2_39","80s",9.151,10.515,9.697,87
"1980-05-01","b_2_39","80s",9.077,10.45,9.625,87
"1980-06-01","b_2_39","80s",9.229,10.628,9.801,87
"1980-07-01","b_2_39","80s",9.156,10.58,9.738,87
"1980-08-01","b_2_39","80s",9.157,10.579,9.732,87
"1980-09-01","b_2_39","80s",9.22,10.594,9.79,87
"1980-10-01","b_2_39","80s",9.077,10.438,9.641,87
"1980-11-01","b_2_39","80s",9.135,10.472,9.69,87
"1980-12-01","b_2_39","80s",9.086,10.327,9.606,87
"1981-01-01","b_2_39","80s",9.007,10.23,9.528,87
"1981-02-01","b_2_39","80s",8.886,9.977,9.357,87
"1981-03-01","b_2_39","80s",8.656,9.607,9.12,87
"1981-04-01","b_2_39","80s",8.55,9.559,9.073,87
"1981-05-01","b_2_39","80s",8.307,9.407,8.888,87
"1981-06-01","b_2_39","80s",8.02,9.11,8.602,87
"1981-07-01","b_2_39","80s",7.996,9.085,8.579,87
"1981-08-01","b_2_39","80s",7.918,9.014,8.503,87
"1981-09-01","b_2_39","80s",7.726,8.807,8.3,87
"1981-10-01","b_2_39","80s",7.476,8.551,8.05,87
"1981-11-01","b_2_39","80s",7.24,8.354,7.83,87
"1981-12-01","b_2_39","80s",6.928,8.066,7.526,87
"1982-01-01","b_2_39","80s",6.6,7.716,7.186,87
"1982-02-01","b_2_39","80s",6.148,7.269,6.743,87
"1982-03-01","b_2_39","80s",5.949,7.071,6.555,87
"1982-04-01","b_2_39","80s",5.759,6.811,6.31,87
"1982-05-01","b_2_39","80s",5.756,6.701,6.241,87
"1982-06-01","b_2_39","80s",5.747,6.715,6.215,87
"1982-07-01","b_2_39","80s",5.81,6.762,6.275,87
"1982-08-01","b_2_39","80s",5.475,6.41,5.932,87
"1982-09-01","b_2_39","80s",5.099,6.039,5.563,87
"1982-10-01","b_2_39","80s",5.087,6.028,5.548,87
"1982-11-01","b_2_39","80s",4.829,5.753,5.285,87
"1982-12-01","b_2_39","80s",4.602,5.572,5.098,87
"1983-01-01","b_2_39","80s",4.538,5.499,5.051,87
"1983-02-01","b_2_39","80s",4.468,5.423,4.976,87
"1983-03-01","b_2_39","80s",4.281,5.193,4.757,87
"1983-04-01","b_2_39","80s",4.479,5.389,4.944,87
"1983-05-01","b_2_39","80s",4.273,5.203,4.739,87
"1983-06-01","b_2_39","80s",4.081,4.938,4.531,87
"1983-07-01","b_2_39","80s",3.81,4.681,4.26,87
"1983-08-01","b_2_39","80s",3.735,4.612,4.187,87
"1983-09-01","b_2_39","80s",3.778,4.678,4.241,87
"1983-10-01","b_2_39","80s",3.523,4.421,3.987,87
"1983-11-01","b_2_39","80s",3.595,4.5,4.079,87
"1983-12-01","b_2_39","80s",3.667,4.512,4.111,87
"1984-01-01","b_2_39","80s",3.668,4.46,4.075,87
"1984-02-01","b_2_39","80s",3.686,4.474,4.091,87
"1984-03-01","b_2_39","80s",3.797,4.613,4.218,87
"1984-04-01","b_2_39","80s",3.701,4.501,4.12,87
"1984-05-01","b_2_39","80s",3.608,4.388,4.027,87
"1984-06-01","b_2_39","80s",3.56,4.431,4.042,87
"1984-07-01","b_2_39","80s",3.567,4.469,4.091,87
"1984-08-01","b_2_39","80s",3.605,4.51,4.145,87
"1984-09-01","b_2_39","80s",3.608,4.492,4.144,87
"1984-10-01","b_2_39","80s",3.675,4.539,4.202,87
"1984-11-01","b_2_39","80s",3.53,4.36,4.027,87
"1984-12-01","b_2_39","80s",3.599,4.451,4.111,87
"1985-01-01","b_2_39","80s",3.473,4.335,3.985,87
"1985-02-01","b_2_39","80s",3.626,4.465,4.121,87
"1985-03-01","b_2_39","80s",3.69,4.499,4.164,87
"1985-04-01","b_2_39","80s",3.496,4.337,3.994,87
"1985-05-01","b_2_39","80s",3.601,4.462,4.109,87
"1985-06-01","b_2_39","80s",3.702,4.496,4.164,87
"1985-07-01","b_2_39","80s",3.539,4.273,3.951,87
"1985-08-01","b_2_39","80s",3.496,4.28,3.936,87
"1985-09-01","b_2_39","80s",3.439,4.254,3.888,87
"1985-10-01","b_2_39","80s",3.408,4.222,3.854,87
"1985-11-01","b_2_39","80s",3.593,4.418,4.047,87
"1985-12-01","b_2_39","80s",3.66,4.45,4.087,87
"1986-01-01","b_2_39","80s",3.74,4.534,4.175,87
"1986-02-01","b_2_39","80s",3.401,4.295,3.904,87
"1986-03-01","b_2_39","80s",3.215,4.148,3.742,87
"1986-04-01","b_2_39","80s",3.185,4.173,3.751,87
"1986-05-01","b_2_39","80s",3.091,4.062,3.647,87
"1986-06-01","b_2_39","80s",3.129,4.089,3.67,87
"1986-07-01","b_2_39","80s",3.14,4.156,3.73,87
"1986-08-01","b_2_39","80s",3.099,4.073,3.667,87
"1986-09-01","b_2_39","80s",3.199,4.13,3.742,87
"1986-10-01","b_2_39","80s",3.189,4.165,3.761,87
"1986-11-01","b_2_39","80s",3.091,4.062,3.662,87
"1986-12-01","b_2_39","80s",3.024,4.011,3.608,87
"1987-01-01","b_2_39","80s",3.088,4.139,3.684,87
"1987-02-01","b_2_39","80s",3.189,4.167,3.738,87
"1987-03-01","b_2_39","80s",3.329,4.283,3.866,87
"1987-04-01","b_2_39","80s",3.548,4.453,4.05,87
"1987-05-01","b_2_39","80s",3.661,4.553,4.158,87
"1987-06-01","b_2_39","80s",3.605,4.518,4.113,87
"1987-07-01","b_2_39","80s",3.639,4.488,4.092,87
"1987-08-01","b_2_39","80s",3.787,4.597,4.211,87
"1987-09-01","b_2_39","80s",3.766,4.565,4.184,87
"1987-10-01","b_2_39","80s",3.858,4.614,4.251,87
"1987-11-01","b_2_39","80s",3.876,4.638,4.272,87
"1987-12-01","b_2_39","80s",3.783,4.568,4.186,87
"1988-01-01","b_2_39","80s",3.718,4.47,4.128,87
"1988-02-01","b_2_39","80s",3.71,4.455,4.111,87
"1988-03-01","b_2_39","80s",3.746,4.484,4.139,87
"1988-04-01","b_2_39","80s",3.778,4.483,4.145,87
"1988-05-01","b_2_39","80s",3.748,4.467,4.119,87
"1988-06-01","b_2_39","80s",3.828,4.511,4.184,87
"1988-07-01","b_2_39","80s",4.055,4.752,4.413,87
"1988-08-01","b_2_39","80s",4.001,4.741,4.385,87
"1988-09-01","b_2_39","80s",4.165,4.914,4.552,87
"1988-10-01","b_2_39","80s",4.154,4.92,4.547,87
"1988-11-01","b_2_39","80s",4.161,4.93,4.555,87
"1988-12-01","b_2_39","80s",4.297,5.033,4.666,87
"1989-01-01","b_2_39","80s",4.412,5.116,4.761,87
"1989-02-01","b_2_39","80s",4.545,5.261,4.898,87
"1989-03-01","b_2_39","80s",4.506,5.222,4.862,87
"1989-04-01","b_2_39","80s",4.51,5.216,4.857,87
"1989-05-01","b_2_39","80s",4.582,5.285,4.928,87
"1989-06-01","b_2_39","80s",4.487,5.213,4.841,87
"1989-07-01","b_2_39","80s",4.313,5.071,4.701,87
"1989-08-01","b_2_39","80s",4.163,4.974,4.593,87
"1989-09-01","b_2_39","80s",4.016,4.848,4.455,87
"1989-10-01","b_2_39","80s",4.099,4.916,4.532,87
"1989-11-01","b_2_39","80s",4.108,4.922,4.537,87
"1989-12-01","b_2_39","80s",4.105,4.932,4.549,87
"1990-01-01","b_2_39","80s",4.01,4.862,4.458,87
"1990-02-01","b_2_39","80s",3.979,4.824,4.424,87
"1990-03-01","b_2_39","80s",4.122,5,4.587,87
"1990-04-01","b_2_39","80s",4.029,4.926,4.513,87
"1990-05-01","b_2_39","80s",3.95,4.87,4.451,87
"1990-06-01","b_2_39","80s",4.131,5.058,4.641,87
"1990-07-01","b_2_39","80s",4.207,5.097,4.682,87
"1990-08-01","b_2_39","80s",4.479,5.288,4.886,87
"1990-09-01","b_2_39","80s",4.506,5.294,4.905,87
"1990-10-01","b_2_39","80s",4.43,5.219,4.825,87
"1990-11-01","b_2_39","80s",4.325,5.112,4.719,87
"1990-12-01","b_2_39","80s",4.307,5.101,4.708,87
"1991-01-01","b_2_39","80s",4.288,5.112,4.696,87
"1991-02-01","b_2_39","80s",4.197,5.016,4.608,87
"1991-03-01","b_2_39","80s",3.869,4.69,4.281,87
"1991-04-01","b_2_39","80s",3.793,4.613,4.206,87
"1991-05-01","b_2_39","80s",3.875,4.663,4.268,87
"1991-06-01","b_2_39","80s",3.609,4.404,4.007,87
"1991-07-01","b_2_39","80s",3.499,4.306,3.91,87
"1991-08-01","b_2_39","80s",3.356,4.149,3.763,87
"1991-09-01","b_2_39","80s",3.326,4.111,3.726,87
"1991-10-01","b_2_39","80s",3.208,3.993,3.613,87
"1991-11-01","b_2_39","80s",3.334,4.121,3.742,87
"1991-12-01","b_2_39","80s",3.352,4.137,3.758,87
"1992-01-01","b_2_39","80s",3.174,3.934,3.587,87
"1992-02-01","b_2_39","80s",3.206,3.959,3.616,87
"1992-03-01","b_2_39","80s",3.386,4.098,3.766,87
"1992-04-01","b_2_39","80s",3.341,4.04,3.706,87
"1992-05-01","b_2_39","80s",3.252,3.958,3.62,87
"1992-06-01","b_2_39","80s",3.298,3.982,3.647,87
"1992-07-01","b_2_39","80s",3.309,3.974,3.641,87
"1992-08-01","b_2_39","80s",3.232,3.899,3.568,87
"1992-09-01","b_2_39","80s",3.073,3.754,3.42,87
"1992-10-01","b_2_39","80s",3.162,3.842,3.504,87
"1992-11-01","b_2_39","80s",3.103,3.784,3.452,87
"1992-12-01","b_2_39","80s",3.025,3.681,3.356,87
"1993-01-01","b_2_39","80s",3.046,3.681,3.359,87
"1993-02-01","b_2_39","80s",2.975,3.607,3.288,87
"1993-03-01","b_2_39","80s",2.833,3.482,3.158,87
"1993-04-01","b_2_39","80s",2.886,3.533,3.216,87
"1993-05-01","b_2_39","80s",2.876,3.535,3.217,87
"1993-06-01","b_2_39","80s",2.76,3.428,3.113,87
"1993-07-01","b_2_39","80s",2.687,3.355,3.046,87
"1993-08-01","b_2_39","80s",2.622,3.286,2.977,87
"1993-09-01","b_2_39","80s",2.595,3.267,2.963,87
"1993-10-01","b_2_39","80s",2.514,3.183,2.88,87
"1993-11-01","b_2_39","80s",2.452,3.101,2.804,87
"1993-12-01","b_2_39","80s",2.309,3.012,2.694,87
"1994-01-01","b_2_39","80s",2.197,2.944,2.617,87
"1994-02-01","b_2_39","80s",2.173,2.92,2.592,87
"1994-03-01","b_2_39","80s",2.224,2.947,2.629,87
"1994-04-01","b_2_39","80s",2.124,2.847,2.526,87
"1994-05-01","b_2_39","80s",2.059,2.779,2.462,87
"1994-06-01","b_2_39","80s",2.157,2.844,2.537,87
"1994-07-01","b_2_39","80s",2.207,2.895,2.584,87
"1994-08-01","b_2_39","80s",2.174,2.867,2.561,87
"1994-09-01","b_2_39","80s",2.149,2.845,2.536,87
"1994-10-01","b_2_39","80s",2.08,2.786,2.471,87
"1994-11-01","b_2_39","80s",2.089,2.792,2.475,87
"1994-12-01","b_2_39","80s",2.087,2.769,2.462,87
"1995-01-01","b_2_39","80s",2.265,2.906,2.613,87
"1995-02-01","b_2_39","80s",2.219,2.842,2.553,87
"1995-03-01","b_2_39","80s",2.152,2.796,2.505,87
"1995-04-01","b_2_39","80s",2.204,2.831,2.548,87
"1995-05-01","b_2_39","80s",2.186,2.795,2.517,87
"1995-06-01","b_2_39","80s",2.079,2.711,2.426,87
"1995-07-01","b_2_39","80s",1.957,2.603,2.317,87
"1995-08-01","b_2_39","80s",2.038,2.674,2.384,87
"1995-09-01","b_2_39","80s",2.031,2.682,2.383,87
"1995-10-01","b_2_39","80s",2.125,2.757,2.473,87
"1995-11-01","b_2_39","80s",2.033,2.723,2.419,87
"1995-12-01","b_2_39","80s",2.134,2.788,2.491,87
"1996-01-01","b_2_39","80s",2.05,2.687,2.396,87
"1996-02-01","b_2_39","80s",2.087,2.735,2.433,87
"1996-03-01","b_2_39","80s",2.119,2.755,2.449,87
"1996-04-01","b_2_39","80s",2.09,2.743,2.425,87
"1996-05-01","b_2_39","80s",2.116,2.776,2.451,87
"1996-06-01","b_2_39","80s",2.094,2.817,2.474,87
"1996-07-01","b_2_39","80s",2.15,2.861,2.518,87
"1996-08-01","b_2_39","80s",2.079,2.836,2.485,87
"1996-09-01","b_2_39","80s",2.207,2.924,2.587,87
"1996-10-01","b_2_39","80s",2.195,2.919,2.575,87
"1996-11-01","b_2_39","80s",2.296,2.97,2.645,87
"1996-12-01","b_2_39","80s",2.243,2.927,2.605,87
"1997-01-01","b_2_39","80s",2.173,2.852,2.537,87
"1997-02-01","b_2_39","80s",2.157,2.825,2.521,87
"1997-03-01","b_2_39","80s",2.112,2.784,2.484,87
"1997-04-01","b_2_39","80s",2.077,2.764,2.46,87
"1997-05-01","b_2_39","80s",1.971,2.68,2.374,87
"1997-06-01","b_2_39","80s",1.966,2.64,2.347,87
"1997-07-01","b_2_39","80s",1.816,2.532,2.221,87
"1997-08-01","b_2_39","80s",1.762,2.461,2.153,87
"1997-09-01","b_2_39","80s",1.711,2.406,2.103,87
"1997-10-01","b_2_39","80s",1.468,2.185,1.875,87
"1997-11-01","b_2_39","80s",1.34,2.097,1.764,87
"1997-12-01","b_2_39","80s",1.247,2.046,1.693,87
"1998-01-01","b_2_39","80s",1.188,2.02,1.656,87
"1998-02-01","b_2_39","80s",1.051,1.952,1.563,87
"1998-03-01","b_2_39","80s",1.025,1.969,1.562,87
"1998-04-01","b_2_39","80s",1.008,1.947,1.552,87
"1998-05-01","b_2_39","80s",1.042,1.985,1.581,87
"1998-06-01","b_2_39","80s",1.015,1.961,1.56,87
"1998-07-01","b_2_39","80s",1.144,2.037,1.657,87
"1998-08-01","b_2_39","80s",1.239,2.113,1.738,87
"1998-09-01","b_2_39","80s",1.094,2.073,1.652,87
"1998-10-01","b_2_39","80s",1.237,2.194,1.785,87
"1998-11-01","b_2_39","80s",1.233,2.211,1.809,87
"1998-12-01","b_2_39","80s",1.239,2.23,1.826,87
"1999-01-01","b_2_39","80s",1.29,2.26,1.863,87
"1999-02-01","b_2_39","80s",1.268,2.218,1.828,87
"1999-03-01","b_2_39","80s",1.223,2.13,1.762,87
"1999-04-01","b_2_39","80s",1.329,2.228,1.852,87
"1999-05-01","b_2_39","80s",1.31,2.214,1.846,87
"1999-06-01","b_2_39","80s",1.319,2.22,1.852,87
"1999-07-01","b_2_39","80s",1.358,2.266,1.893,87
"1999-08-01","b_2_39","80s",1.293,2.205,1.834,87
"1999-09-01","b_2_39","80s",1.469,2.298,1.953,87
"1999-10-01","b_2_39","80s",1.462,2.293,1.949,87
"1999-11-01","b_2_39","80s",1.519,2.314,1.974,87
"1999-12-01","b_2_39","80s",1.637,2.374,2.051,87
"2000-01-01","b_2_39","80s",1.767,2.509,2.177,87
"2000-02-01","b_2_39","80s",1.929,2.648,2.319,87
"2000-03-01","b_2_39","80s",2.069,2.782,2.453,87
"2000-04-01","b_2_39","80s",1.876,2.664,2.312,87
"2000-05-01","b_2_39","80s",1.895,2.698,2.339,87
"2000-06-01","b_2_39","80s",1.971,2.745,2.393,87
"2000-07-01","b_2_39","80s",2.039,2.834,2.468,87
"2000-08-01","b_2_39","80s",2.059,2.845,2.481,87
"2000-09-01","b_2_39","80s",2.084,2.859,2.509,87
"2000-10-01","b_2_39","80s",2.055,2.869,2.5,87
"2000-11-01","b_2_39","80s",2.081,2.899,2.529,87
"2000-12-01","b_2_39","80s",2.064,2.918,2.542,87
"2001-01-01","b_2_39","80s",2.128,3.024,2.619,87
"2001-02-01","b_2_39","80s",2.171,3.059,2.664,87
"2001-03-01","b_2_39","80s",2.086,3.013,2.609,87
"2001-04-01","b_2_39","80s",2.217,3.113,2.723,87
"2001-05-01","b_2_39","80s",2.238,3.113,2.726,87
"2001-06-01","b_2_39","80s",2.295,3.185,2.787,87
"2001-07-01","b_2_39","80s",2.197,3.071,2.689,87
"2001-08-01","b_2_39","80s",2.189,3.139,2.72,87
"2001-09-01","b_2_39","80s",2.101,3.092,2.658,87
"2001-10-01","b_2_39","80s",2.107,3.105,2.672,87
"2001-11-01","b_2_39","80s",2.112,3.099,2.67,87
"2001-12-01","b_2_39","80s",2.019,3.028,2.589,87
"2002-01-01","b_2_39","80s",1.77,2.769,2.354,87
"2002-02-01","b_2_39","80s",1.71,2.724,2.302,87
"2002-03-01","b_2_39","80s",1.759,2.744,2.329,87
"2002-04-01","b_2_39","80s",1.788,2.727,2.323,87
"2002-05-01","b_2_39","80s",1.779,2.699,2.303,87
"2002-06-01","b_2_39","80s",1.69,2.613,2.221,87
"2002-07-01","b_2_39","80s",1.738,2.666,2.267,87
"2002-08-01","b_2_39","80s",1.789,2.638,2.273,87
"2002-09-01","b_2_39","80s",1.864,2.685,2.331,87
"2002-10-01","b_2_39","80s",1.893,2.685,2.343,87
"2002-11-01","b_2_39","80s",1.898,2.673,2.336,87
"2002-12-01","b_2_39","80s",1.981,2.706,2.384,87
"2003-01-01","b_2_39","80s",2.016,2.733,2.406,87
"2003-02-01","b_2_39","80s",2.038,2.743,2.409,87
"2003-03-01","b_2_39","80s",2.027,2.75,2.407,87
"2003-04-01","b_2_39","80s",1.912,2.637,2.298,87
"2003-05-01","b_2_39","80s",1.935,2.666,2.318,87
"2003-06-01","b_2_39","80s",1.928,2.635,2.29,87
"2003-07-01","b_2_39","80s",1.95,2.65,2.312,87
"2003-08-01","b_2_39","80s",1.968,2.67,2.324,87
"2003-09-01","b_2_39","80s",1.91,2.6,2.254,87
"2003-10-01","b_2_39","80s",1.94,2.63,2.282,87
"2003-11-01","b_2_39","80s",1.888,2.596,2.24,87
"2003-12-01","b_2_39","80s",1.908,2.607,2.25,87
"2004-01-01","b_2_39","80s",2.092,2.776,2.422,87
"2004-02-01","b_2_39","80s",2.136,2.799,2.464,87
"2004-03-01","b_2_39","80s",2.127,2.761,2.439,87
"2004-04-01","b_2_39","80s",2.287,2.924,2.606,87
"2004-05-01","b_2_39","80s",2.333,2.948,2.645,87
"2004-06-01","b_2_39","80s",2.44,3.041,2.747,87
"2004-07-01","b_2_39","80s",2.338,2.976,2.67,87
"2004-08-01","b_2_39","80s",2.252,2.93,2.612,87
"2004-09-01","b_2_39","80s",2.235,2.924,2.596,87
"2004-10-01","b_2_39","80s",2.261,2.936,2.606,87
"2004-11-01","b_2_39","80s",2.371,3.037,2.7,87
"2004-12-01","b_2_39","80s",2.303,3.012,2.678,87
"2005-01-01","b_2_39","80s",2.319,3.019,2.693,87
"2005-02-01","b_2_39","80s",2.313,3.027,2.696,87
"2005-03-01","b_2_39","80s",2.348,3.066,2.725,87
"2005-04-01","b_2_39","80s",2.292,3.019,2.656,87
"2005-05-01","b_2_39","80s",2.263,3.001,2.634,87
"2005-06-01","b_2_39","80s",2.192,2.947,2.577,87
"2005-07-01","b_2_39","80s",2.261,2.985,2.63,87
"2005-08-01","b_2_39","80s",2.282,2.983,2.645,87
"2005-09-01","b_2_39","80s",2.41,3.1,2.773,87
"2005-10-01","b_2_39","80s",2.46,3.156,2.836,87
"2005-11-01","b_2_39","80s",2.453,3.149,2.841,87
"2005-12-01","b_2_39","80s",2.416,3.11,2.793,87
"2006-01-01","b_2_39","80s",2.358,3.051,2.726,87
"2006-02-01","b_2_39","80s",2.267,2.992,2.66,87
"2006-03-01","b_2_39","80s",2.281,3.006,2.684,87
"2006-04-01","b_2_39","80s",2.343,3.05,2.745,87
"2006-05-01","b_2_39","80s",2.458,3.163,2.86,87
"2006-06-01","b_2_39","80s",2.601,3.308,3.003,87
"2006-07-01","b_2_39","80s",2.559,3.309,2.981,87
"2006-08-01","b_2_39","80s",2.654,3.39,3.064,87
"2006-09-01","b_2_39","80s",2.544,3.308,2.977,87
"2006-10-01","b_2_39","80s",2.46,3.229,2.894,87
"2006-11-01","b_2_39","80s",2.307,3.081,2.738,87
"2006-12-01","b_2_39","80s",2.454,3.206,2.87,87
"2007-01-01","b_2_39","80s",2.507,3.289,2.94,87
"2007-02-01","b_2_39","80s",2.649,3.395,3.054,87
"2007-03-01","b_2_39","80s",2.608,3.352,3.001,87
"2007-04-01","b_2_39","80s",2.521,3.269,2.917,87
"2007-05-01","b_2_39","80s",2.373,3.111,2.763,87
"2007-06-01","b_2_39","80s",2.298,3.022,2.673,87
"2007-07-01","b_2_39","80s",2.313,2.986,2.659,87
"2007-08-01","b_2_39","80s",2.225,2.922,2.593,87
"2007-09-01","b_2_39","80s",2.366,3.051,2.712,87
"2007-10-01","b_2_39","80s",2.493,3.189,2.836,87
"2007-11-01","b_2_39","80s",2.715,3.393,3.053,87
"2007-12-01","b_2_39","80s",2.738,3.407,3.061,87
"2008-01-01","b_2_39","80s",2.646,3.284,2.962,87
"2008-02-01","b_2_39","80s",2.584,3.222,2.891,87
"2008-03-01","b_2_39","80s",2.613,3.273,2.931,87
"2008-04-01","b_2_39","80s",2.6,3.287,2.939,87
"2008-05-01","b_2_39","80s",2.653,3.356,2.994,87
"2008-06-01","b_2_39","80s",2.725,3.456,3.077,87
"2008-07-01","b_2_39","80s",2.866,3.637,3.221,87
"2008-08-01","b_2_39","80s",2.839,3.623,3.203,87
"2008-09-01","b_2_39","80s",2.686,3.477,3.068,87
"2008-10-01","b_2_39","80s",2.314,3.305,2.847,87
"2008-11-01","b_2_39","80s",2.001,3.184,2.669,87
"2008-12-01","b_2_39","80s",1.731,3.004,2.468,87
"2009-01-01","b_2_39","80s",1.67,3.002,2.453,87
"2009-02-01","b_2_39","80s",1.615,2.947,2.409,87
"2009-03-01","b_2_39","80s",1.413,2.83,2.274,87
"2009-04-01","b_2_39","80s",1.367,2.759,2.213,87
"2009-05-01","b_2_39","80s",1.281,2.677,2.137,87
"2009-06-01","b_2_39","80s",1.148,2.526,1.998,87
"2009-07-01","b_2_39","80s",0.812,2.171,1.667,87
"2009-08-01","b_2_39","80s",0.892,2.224,1.721,87
"2009-09-01","b_2_39","80s",0.831,2.172,1.654,87
"2009-10-01","b_2_39","80s",1.159,2.344,1.858,87
"2009-11-01","b_2_39","80s",1.277,2.307,1.849,87
"2009-12-01","b_2_39","80s",1.38,2.301,1.881,87
"2010-01-01","b_2_39","80s",1.316,2.186,1.76,87
"2010-02-01","b_2_39","80s",1.221,2.084,1.661,87
"2010-03-01","b_2_39","80s",1.294,2.037,1.65,87
"2010-04-01","b_2_39","80s",1.265,2,1.61,87
"2010-05-01","b_2_39","80s",1.205,1.932,1.542,87
"2010-06-01","b_2_39","80s",1.072,1.825,1.433,87
"2010-07-01","b_2_39","80s",1.151,1.885,1.499,87
"2010-08-01","b_2_39","80s",1.105,1.821,1.446,87
"2010-09-01","b_2_39","80s",1.117,1.796,1.442,87
"2010-10-01","b_2_39","80s",0.931,1.58,1.227,87
"2010-11-01","b_2_39","80s",0.981,1.582,1.257,87
"2010-12-01","b_2_39","80s",1.009,1.619,1.294,87
"2011-01-01","b_2_39","80s",1.118,1.767,1.424,87
"2011-02-01","b_2_39","80s",1.31,1.955,1.606,87
"2011-03-01","b_2_39","80s",1.454,2.109,1.752,87
"2011-04-01","b_2_39","80s",1.596,2.299,1.911,87
"2011-05-01","b_2_39","80s",1.788,2.525,2.116,87
"2011-06-01","b_2_39","80s",1.866,2.58,2.176,87
"2011-07-01","b_2_39","80s",1.944,2.657,2.254,87
"2011-08-01","b_2_39","80s",2.03,2.757,2.343,87
"2011-09-01","b_2_39","80s",2.087,2.828,2.401,87
"2011-10-01","b_2_39","80s",2.065,2.84,2.425,87
"2011-11-01","b_2_39","80s",2.1,2.901,2.472,87
"2011-12-01","b_2_39","80s",2.174,2.969,2.54,87
"2012-01-01","b_2_39","80s",2.212,2.988,2.573,87
"2012-02-01","b_2_39","80s",2.13,2.935,2.502,87
"2012-03-01","b_2_39","80s",2.084,2.882,2.455,87
"2012-04-01","b_2_39","80s",2.011,2.753,2.367,87
"2012-05-01","b_2_39","80s",1.86,2.587,2.227,87
"2012-06-01","b_2_39","80s",1.829,2.56,2.201,87
"2012-07-01","b_2_39","80s",1.792,2.543,2.179,87
"2012-08-01","b_2_39","80s",1.709,2.455,2.099,87
"2012-09-01","b_2_39","80s",1.691,2.422,2.078,87
"2012-10-01","b_2_39","80s",1.795,2.51,2.147,87
"2012-11-01","b_2_39","80s",1.689,2.391,2.042,87
"2012-12-01","b_2_39","80s",1.628,2.327,1.976,87
"2013-01-01","b_2_39","80s",1.584,2.239,1.918,87
"2013-02-01","b_2_39","80s",1.568,2.195,1.901,87
"2013-03-01","b_2_39","80s",1.447,2.111,1.811,87
"2013-04-01","b_2_39","80s",1.26,1.979,1.647,87
"2013-05-01","b_2_39","80s",1.238,1.954,1.608,87
"2013-06-01","b_2_39","80s",1.351,2.053,1.707,87
"2013-07-01","b_2_39","80s",1.368,2.05,1.715,87
"2013-08-01","b_2_39","80s",1.362,2.041,1.708,87
"2013-09-01","b_2_39","80s",1.297,2.026,1.672,87
"2013-10-01","b_2_39","80s",1.298,1.971,1.662,87
"2013-11-01","b_2_39","80s",1.392,2.059,1.751,87
"2013-12-01","b_2_39","80s",1.398,2.078,1.767,87
"2014-01-01","b_2_39","80s",1.353,2.065,1.727,87
"2014-02-01","b_2_39","80s",1.274,2.02,1.665,87
"2014-03-01","b_2_39","80s",1.326,2.059,1.705,87
"2014-04-01","b_2_39","80s",1.522,2.224,1.88,87
"2014-05-01","b_2_39","80s",1.601,2.284,1.955,87
"2014-06-01","b_2_39","80s",1.57,2.246,1.927,87
"2014-07-01","b_2_39","80s",1.589,2.266,1.943,87
"2014-08-01","b_2_39","80s",1.488,2.201,1.87,87
"2014-09-01","b_2_39","80s",1.527,2.203,1.894,87
"2014-10-01","b_2_39","80s",1.377,2.137,1.781,87
"2014-11-01","b_2_39","80s",1.309,2.108,1.737,87
"2014-12-01","b_2_39","80s",1.308,2.108,1.74,87
"2015-01-01","b_2_39","80s",1.088,1.942,1.571,87
"2015-02-01","b_2_39","80s",1.158,2.004,1.64,87
"2015-03-01","b_2_39","80s",1.181,2.005,1.648,87
"2015-04-01","b_2_39","80s",1.174,1.998,1.656,87
"2015-05-01","b_2_39","80s",1.131,1.952,1.611,87
"2015-06-01","b_2_39","80s",1.137,1.971,1.625,87
"2015-07-01","b_2_39","80s",1.13,1.962,1.619,87
"2015-08-01","b_2_39","80s",1.143,1.966,1.632,87
"2015-09-01","b_2_39","80s",1.139,1.986,1.646,87
"2015-10-01","b_2_39","80s",1.141,1.935,1.632,87
"2015-11-01","b_2_39","80s",1.126,1.89,1.601,87
"2015-12-01","b_2_39","80s",1.049,1.839,1.539,87
"2016-01-01","b_2_39","80s",1.227,1.97,1.683,87
"2016-02-01","b_2_39","80s",1.233,1.969,1.682,87
"2016-03-01","b_2_39","80s",1.265,2.001,1.715,87
"2016-04-01","b_2_39","80s",1.332,2.08,1.776,87
"2016-05-01","b_2_39","80s",1.421,2.177,1.865,87
"2016-06-01","b_2_39","80s",1.371,2.134,1.821,87
"2016-07-01","b_2_39","80s",1.349,2.129,1.81,87
"2016-08-01","b_2_39","80s",1.408,2.172,1.853,87
"2016-09-01","b_2_39","80s",1.486,2.222,1.904,87
"2016-10-01","b_2_39","80s",1.63,2.33,2.021,87
"2016-11-01","b_2_39","80s",1.604,2.327,2.003,87
"2016-12-01","b_2_39","80s",1.692,2.373,2.066,87
"2017-01-01","b_2_39","80s",1.782,2.454,2.143,87
"2017-02-01","b_2_39","80s",1.774,2.427,2.119,87
"2017-03-01","b_2_39","80s",1.704,2.364,2.06,87
"2017-04-01","b_2_39","80s",1.589,2.234,1.948,87
"2017-05-01","b_2_39","80s",1.503,2.144,1.859,87
"2017-06-01","b_2_39","80s",1.527,2.168,1.878,87
"2017-07-01","b_2_39","80s",1.512,2.149,1.857,87
"2017-08-01","b_2_39","80s",1.525,2.162,1.872,87
"2017-09-01","b_2_39","80s",1.456,2.101,1.812,87
"2017-10-01","b_2_39","80s",1.477,2.155,1.851,87
"2017-11-01","b_2_39","80s",1.49,2.181,1.874,87
"2017-12-01","b_2_39","80s",1.537,2.234,1.92,87
"2018-01-01","b_2_39","80s",1.616,2.323,1.998,87
"2018-02-01","b_2_39","80s",1.644,2.373,2.035,87
"2018-03-01","b_2_39","80s",1.678,2.402,2.058,87
"2018-04-01","b_2_39","80s",1.699,2.426,2.071,87
"2018-05-01","b_2_39","80s",1.732,2.46,2.11,87
"2018-06-01","b_2_39","80s",1.763,2.476,2.138,87
"2018-07-01","b_2_39","80s",1.779,2.49,2.155,87
"2018-08-01","b_2_39","80s",1.763,2.482,2.147,87
"2018-09-01","b_2_39","80s",1.813,2.525,2.187,87
"2018-10-01","b_2_39","80s",1.799,2.486,2.157,87
"2018-11-01","b_2_39","80s",1.87,2.547,2.227,87
"2018-12-01","b_2_39","80s",1.859,2.54,2.22,87
"2019-01-01","b_2_39","80s",1.676,2.365,2.062,87
"2019-02-01","b_2_39","80s",1.697,2.378,2.085,87
"2019-03-01","b_2_39","80s",1.736,2.424,2.131,87
"2019-04-01","b_2_39","80s",1.784,2.501,2.204,87
"2019-05-01","b_2_39","80s",1.727,2.438,2.136,87
"2019-06-01","b_2_39","80s",1.664,2.398,2.086,87
"2019-07-01","b_2_39","80s",1.725,2.449,2.137,87
"2019-08-01","b_2_39","80s",1.732,2.455,2.138,87
"2019-09-01","b_2_39","80s",1.604,2.366,2.037,87
"2019-10-01","b_2_39","80s",1.675,2.451,2.118,87
"2019-11-01","b_2_39","80s",1.657,2.401,2.078,87
"2019-12-01","b_2_39","80s",1.644,2.403,2.069,87
"2020-01-01","b_2_39","80s",1.752,2.472,2.15,87
"2020-02-01","b_2_39","80s",1.74,2.469,2.142,87
"2020-03-01","b_2_39","80s",1.675,2.404,2.077,87
"2020-04-01","b_2_39","80s",1.528,2.333,1.997,87
"2020-05-01","b_2_39","80s",1.608,2.429,2.09,87
"2020-06-01","b_2_39","80s",1.698,2.524,2.165,87
"2020-07-01","b_2_39","80s",1.769,2.635,2.238,87
"2020-08-01","b_2_39","80s",1.877,2.734,2.328,87
"2020-09-01","b_2_39","80s",1.943,2.785,2.377,87
"2020-10-01","b_2_39","80s",1.831,2.661,2.259,87
"2020-11-01","b_2_39","80s",1.805,2.65,2.232,87
"2020-12-01","b_2_39","80s",1.841,2.703,2.262,87
"2021-01-01","b_2_39","80s",1.84,2.765,2.281,87
"2021-02-01","b_2_39","80s",1.955,2.872,2.389,87
"2021-03-01","b_2_39","80s",2.069,3.048,2.514,87
"2021-04-01","b_2_39","80s",2.305,3.24,2.675,87
"2021-05-01","b_2_39","80s",2.409,3.394,2.792,87
"2021-06-01","b_2_39","80s",2.478,3.51,2.881,87
"2021-07-01","b_2_39","80s",2.568,3.596,2.979,87
"2021-08-01","b_2_39","80s",2.644,3.702,3.069,87
"2021-09-01","b_2_39","80s",2.887,3.941,3.305,87
"2021-10-01","b_2_39","80s",3.242,4.37,3.694,87
"2021-11-01","b_2_39","80s",3.512,4.709,3.993,87
"2021-12-01","b_2_39","80s",3.769,4.979,4.258,87
"2022-01-01","b_2_39","80s",4.178,5.368,4.66,87
"2022-02-01","b_2_39","80s",4.333,5.619,4.855,87
"2022-03-01","b_2_39","80s",4.444,5.764,4.996,87
"2022-04-01","b_2_39","80s",4.453,5.731,4.995,87
"2022-05-01","b_2_39","80s",4.638,5.908,5.176,87
"2022-06-01","b_2_39","80s",5.051,6.317,5.591,87
"2022-07-01","b_2_39","80s",5.078,6.347,5.626,87
"2022-08-01","b_2_39","80s",5.25,6.495,5.794,87
"2022-09-01","b_2_39","80s",5.256,6.498,5.809,87
"2022-10-01","b_2_39","80s",5.204,6.393,5.738,87
"2022-11-01","b_2_39","80s",5.131,6.265,5.651,87
"2022-12-01","b_2_39","80s",5.046,6.146,5.566,87
"2023-01-01","b_2_39","80s",4.842,5.923,5.352,87
"2023-02-01","b_2_39","80s",4.781,5.768,5.258,87
"2023-03-01","b_2_39","80s",4.764,5.665,5.212,87
"2023-04-01","b_2_39","80s",4.777,5.707,5.258,87
"2023-05-01","b_2_39","80s",4.582,5.506,5.08,87
"2023-06-01","b_2_39","80s",4.133,4.999,4.614,87
"2023-07-01","b_2_39","80s",3.972,4.837,4.459,87
"2023-08-01","b_2_39","80s",3.678,4.549,4.174,87
"2023-09-01","b_2_39","80s",3.571,4.447,4.065,87
"2023-10-01","b_2_39","80s",3.404,4.268,3.889,87
"2023-11-01","b_2_39","80s",3.258,4.156,3.769,87
"2023-12-01","b_2_39","80s",3.074,3.971,3.587,87
"2024-01-01","b_2_39","80s",3.1,4.003,3.623,87
"2024-02-01","b_2_39","80s",2.969,3.882,3.486,87
"2024-03-01","b_2_39","80s",2.927,3.862,3.438,87
"2024-04-01","b_2_39","80s",2.817,3.717,3.3,87
"2024-05-01","b_2_39","80s",2.656,3.604,3.166,87
"2024-06-01","b_2_39","80s",2.579,3.557,3.11,87
"2024-07-01","b_2_39","80s",2.546,3.478,3.048,87
"2024-08-01","b_2_39","80s",2.535,3.461,3.031,87
"2024-09-01","b_2_39","80s",2.521,3.444,3.019,87
"2024-10-01","b_2_39","80s",2.532,3.451,3.021,87
"2024-11-01","b_2_39","80s",2.55,3.422,3.009,87
"2024-12-01","b_2_39","80s",2.601,3.474,3.06,87
"2025-01-01","b_2_39","80s",2.406,3.294,2.868,87
"2025-02-01","b_2_39","80s",2.427,3.297,2.881,87
"2025-03-01","b_2_39","80s",2.348,3.227,2.839,87
"2025-04-01","b_2_39","80s",2.443,3.308,2.925,87
"2025-05-01","b_2_39","80s",2.542,3.304,2.959,87
"2025-06-01","b_2_39","80s",2.692,3.416,3.084,87
"2025-07-01","b_2_39","80s",2.678,3.42,3.08,87
"2025-08-01","b_2_39","80s",2.721,3.466,3.128,87
"2025-09-01","b_2_39","80s",2.679,3.423,3.08,87
"2025-10-01","b_2_39","80s",2.571,3.318,2.973,87
"2025-11-01","b_2_39","80s",2.552,3.288,2.946,87
"2025-12-01","b_2_39","80s",2.587,3.322,2.967,87
"2026-01-01","b_2_39","80s",2.582,3.354,2.973,87
"2026-02-01","b_2_39","80s",2.524,3.345,2.937,87
"2026-03-01","b_2_39","80s",2.592,3.384,2.959,87
"2026-04-01","b_2_39","80s",2.572,3.406,2.946,87
"2026-05-01","b_2_39","80s",2.612,3.465,2.994,87
"2026-06-01","b_2_39","80s",2.495,3.358,2.883,87
"2026-07-01","b_2_39","80s",2.444,3.329,2.85,87
"2026-08-01","b_2_39","80s",2.436,3.317,2.827,87
"1960-01-01","b_2_39","00s",1.163,1.917,1.506,84
"1960-02-01","b_2_39","00s",1.174,1.912,1.509,84
"1960-03-01","b_2_39","00s",1.142,1.891,1.481,84
"1960-04-01","b_2_39","00s",1.113,1.882,1.466,84
"1960-05-01","b_2_39","00s",1.066,1.844,1.429,84
"1960-06-01","b_2_39","00s",0.893,1.671,1.257,84
"1960-07-01","b_2_39","00s",0.923,1.692,1.284,84
"1960-08-01","b_2_39","00s",0.895,1.667,1.26,84
"1960-09-01","b_2_39","00s",0.792,1.545,1.147,84
"1960-10-01","b_2_39","00s",0.708,1.472,1.073,84
"1960-11-01","b_2_39","00s",0.785,1.535,1.139,84
"1960-12-01","b_2_39","00s",0.752,1.503,1.102,84
"1961-01-01","b_2_39","00s",0.766,1.529,1.115,84
"1961-02-01","b_2_39","00s",0.723,1.473,1.067,84
"1961-03-01","b_2_39","00s",0.662,1.388,0.993,84
"1961-04-01","b_2_39","00s",0.539,1.229,0.855,84
"1961-05-01","b_2_39","00s",0.511,1.197,0.821,84
"1961-06-01","b_2_39","00s",0.53,1.215,0.845,84
"1961-07-01","b_2_39","00s",0.478,1.167,0.794,84
"1961-08-01","b_2_39","00s",0.43,1.071,0.72,84
"1961-09-01","b_2_39","00s",0.458,1.118,0.76,84
"1961-10-01","b_2_39","00s",0.403,1.041,0.692,84
"1961-11-01","b_2_39","00s",0.319,0.952,0.607,84
"1961-12-01","b_2_39","00s",0.254,0.867,0.529,84
"1962-01-01","b_2_39","00s",0.454,1.04,0.719,84
"1962-02-01","b_2_39","00s",0.54,1.139,0.815,84
"1962-03-01","b_2_39","00s",0.708,1.309,0.986,84
"1962-04-01","b_2_39","00s",0.638,1.264,0.922,84
"1962-05-01","b_2_39","00s",0.657,1.28,0.94,84
"1962-06-01","b_2_39","00s",0.689,1.305,0.969,84
"1962-07-01","b_2_39","00s",0.613,1.217,0.888,84
"1962-08-01","b_2_39","00s",0.664,1.28,0.945,84
"1962-09-01","b_2_39","00s",0.698,1.47,1.025,84
"1962-10-01","b_2_39","00s",0.636,1.419,0.971,84
"1962-11-01","b_2_39","00s",0.634,1.423,0.974,84
"1962-12-01","b_2_39","00s",0.574,1.359,0.915,84
"1963-01-01","b_2_39","00s",0.52,1.308,0.862,84
"1963-02-01","b_2_39","00s",0.46,1.232,0.796,84
"1963-03-01","b_2_39","00s",0.312,1.092,0.653,84
"1963-04-01","b_2_39","00s",0.346,1.108,0.686,84
"1963-05-01","b_2_39","00s",0.467,1.226,0.801,84
"1963-06-01","b_2_39","00s",0.465,1.252,0.813,84
"1963-07-01","b_2_39","00s",0.499,1.312,0.863,84
"1963-08-01","b_2_39","00s",0.478,1.339,0.868,84
"1963-09-01","b_2_39","00s",0.401,1.079,0.73,84
"1963-10-01","b_2_39","00s",0.632,1.297,0.956,84
"1963-11-01","b_2_39","00s",0.641,1.329,0.981,84
"1963-12-01","b_2_39","00s",0.749,1.465,1.102,84
"1964-01-01","b_2_39","00s",0.717,1.455,1.082,84
"1964-02-01","b_2_39","00s",0.753,1.484,1.118,84
"1964-03-01","b_2_39","00s",0.734,1.473,1.101,84
"1964-04-01","b_2_39","00s",0.746,1.499,1.125,84
"1964-05-01","b_2_39","00s",0.593,1.347,0.974,84
"1964-06-01","b_2_39","00s",0.534,1.266,0.899,84
"1964-07-01","b_2_39","00s",0.485,1.219,0.853,84
"1964-08-01","b_2_39","00s",0.492,1.159,0.829,84
"1964-09-01","b_2_39","00s",0.471,1.164,0.824,84
"1964-10-01","b_2_39","00s",0.346,1.048,0.703,84
"1964-11-01","b_2_39","00s",0.371,1.064,0.725,84
"1964-12-01","b_2_39","00s",0.377,1.045,0.719,84
"1965-01-01","b_2_39","00s",0.394,1.065,0.739,84
"1965-02-01","b_2_39","00s",0.312,0.982,0.653,84
"1965-03-01","b_2_39","00s",0.387,1.075,0.738,84
"1965-04-01","b_2_39","00s",0.481,1.15,0.821,84
"1965-05-01","b_2_39","00s",0.553,1.212,0.888,84
"1965-06-01","b_2_39","00s",0.659,1.319,0.995,84
"1965-07-01","b_2_39","00s",0.718,1.37,1.05,84
"1965-08-01","b_2_39","00s",0.763,1.423,1.097,84
"1965-09-01","b_2_39","00s",0.841,1.482,1.162,84
"1965-10-01","b_2_39","00s",0.895,1.532,1.211,84
"1965-11-01","b_2_39","00s",0.962,1.587,1.267,84
"1965-12-01","b_2_39","00s",1.085,1.743,1.401,84
"1966-01-01","b_2_39","00s",1.124,1.755,1.424,84
"1966-02-01","b_2_39","00s",1.303,1.991,1.619,84
"1966-03-01","b_2_39","00s",1.372,2.079,1.696,84
"1966-04-01","b_2_39","00s",1.521,2.245,1.85,84
"1966-05-01","b_2_39","00s",1.543,2.309,1.893,84
"1966-06-01","b_2_39","00s",1.578,2.388,1.957,84
"1966-07-01","b_2_39","00s",1.679,2.503,2.061,84
"1966-08-01","b_2_39","00s",1.713,2.543,2.098,84
"1966-09-01","b_2_39","00s",1.891,2.73,2.28,84
"1966-10-01","b_2_39","00s",2.075,2.907,2.463,84
"1966-11-01","b_2_39","00s",2.071,2.926,2.47,84
"1966-12-01","b_2_39","00s",2.043,2.883,2.44,84
"1967-01-01","b_2_39","00s",2.021,2.864,2.419,84
"1967-02-01","b_2_39","00s",2.03,2.8,2.402,84
"1967-03-01","b_2_39","00s",1.977,2.696,2.324,84
"1967-04-01","b_2_39","00s",1.859,2.568,2.201,84
"1967-05-01","b_2_39","00s",1.885,2.559,2.211,84
"1967-06-01","b_2_39","00s",1.963,2.582,2.255,84
"1967-07-01","b_2_39","00s",2.009,2.616,2.297,84
"1967-08-01","b_2_39","00s",2.059,2.711,2.368,84
"1967-09-01","b_2_39","00s",2.106,2.745,2.406,84
"1967-10-01","b_2_39","00s",2.098,2.758,2.404,84
"1967-11-01","b_2_39","00s",2.193,2.859,2.5,84
"1967-12-01","b_2_39","00s",2.249,2.933,2.567,84
"1968-01-01","b_2_39","00s",2.428,3.139,2.755,84
"1968-02-01","b_2_39","00s",2.524,3.248,2.858,84
"1968-03-01","b_2_39","00s",2.673,3.423,3.022,84
"1968-04-01","b_2_39","00s",2.796,3.524,3.133,84
"1968-05-01","b_2_39","00s",3.004,3.722,3.336,84
"1968-06-01","b_2_39","00s",3.065,3.806,3.409,84
"1968-07-01","b_2_39","00s",3.063,3.802,3.403,84
"1968-08-01","b_2_39","00s",3.244,3.94,3.564,84
"1968-09-01","b_2_39","00s",3.271,3.95,3.588,84
"1968-10-01","b_2_39","00s",3.368,4.026,3.681,84
"1968-11-01","b_2_39","00s",3.456,4.08,3.752,84
"1968-12-01","b_2_39","00s",3.495,4.109,3.795,84
"1969-01-01","b_2_39","00s",3.493,4.098,3.792,84
"1969-02-01","b_2_39","00s",3.407,4.021,3.708,84
"1969-03-01","b_2_39","00s",3.569,4.184,3.865,84
"1969-04-01","b_2_39","00s",3.649,4.3,3.959,84
"1969-05-01","b_2_39","00s",3.639,4.324,3.966,84
"1969-06-01","b_2_39","00s",3.683,4.349,4.001,84
"1969-07-01","b_2_39","00s",3.9,4.55,4.213,84
"1969-08-01","b_2_39","00s",3.782,4.424,4.093,84
"1969-09-01","b_2_39","00s",3.813,4.481,4.135,84
"1969-10-01","b_2_39","00s",3.796,4.476,4.122,84
"1969-11-01","b_2_39","00s",3.85,4.515,4.169,84
"1969-12-01","b_2_39","00s",3.965,4.611,4.262,84
"1970-01-01","b_2_39","00s",3.961,4.602,4.255,84
"1970-02-01","b_2_39","00s",4.098,4.743,4.394,84
"1970-03-01","b_2_39","00s",4.047,4.679,4.343,84
"1970-04-01","b_2_39","00s",4.058,4.728,4.373,84
"1970-05-01","b_2_39","00s",3.999,4.664,4.309,84
"1970-06-01","b_2_39","00s",3.94,4.608,4.249,84
"1970-07-01","b_2_39","00s",3.85,4.511,4.157,84
"1970-08-01","b_2_39","00s",3.915,4.58,4.222,84
"1970-09-01","b_2_39","00s",3.925,4.589,4.231,84
"1970-10-01","b_2_39","00s",3.997,4.729,4.33,84
"1970-11-01","b_2_39","00s",3.978,4.742,4.321,84
"1970-12-01","b_2_39","00s",4.065,4.817,4.404,84
"1971-01-01","b_2_39","00s",4.037,4.774,4.37,84
"1971-02-01","b_2_39","00s",3.918,4.65,4.25,84
"1971-03-01","b_2_39","00s",3.798,4.543,4.131,84
"1971-04-01","b_2_39","00s",3.732,4.449,4.052,84
"1971-05-01","b_2_39","00s",3.831,4.524,4.141,84
"1971-06-01","b_2_39","00s",3.933,4.637,4.249,84
"1971-07-01","b_2_39","00s",3.851,4.569,4.173,84
"1971-08-01","b_2_39","00s",3.815,4.537,4.137,84
"1971-09-01","b_2_39","00s",3.662,4.357,3.972,84
"1971-10-01","b_2_39","00s",3.343,3.954,3.621,84
"1971-11-01","b_2_39","00s",3.143,3.728,3.413,84
"1971-12-01","b_2_39","00s",2.94,3.551,3.216,84
"1972-01-01","b_2_39","00s",2.911,3.554,3.2,84
"1972-02-01","b_2_39","00s",2.92,3.566,3.204,84
"1972-03-01","b_2_39","00s",2.927,3.538,3.203,84
"1972-04-01","b_2_39","00s",2.756,3.329,3.015,84
"1972-05-01","b_2_39","00s",2.549,3.12,2.804,84
"1972-06-01","b_2_39","00s",2.312,2.873,2.564,84
"1972-07-01","b_2_39","00s",2.3,2.895,2.562,84
"1972-08-01","b_2_39","00s",2.254,2.838,2.512,84
"1972-09-01","b_2_39","00s",2.314,2.946,2.588,84
"1972-10-01","b_2_39","00s",2.382,3.016,2.653,84
"1972-11-01","b_2_39","00s",2.491,3.136,2.768,84
"1972-12-01","b_2_39","00s",2.531,3.155,2.804,84
"1973-01-01","b_2_39","00s",2.501,3.122,2.78,84
"1973-02-01","b_2_39","00s",2.613,3.248,2.902,84
"1973-03-01","b_2_39","00s",2.804,3.5,3.115,84
"1973-04-01","b_2_39","00s",3.208,3.972,3.546,84
"1973-05-01","b_2_39","00s",3.434,4.276,3.801,84
"1973-06-01","b_2_39","00s",3.617,4.539,4.01,84
"1973-07-01","b_2_39","00s",3.571,4.467,3.962,84
"1973-08-01","b_2_39","00s",3.742,4.783,4.198,84
"1973-09-01","b_2_39","00s",3.768,4.907,4.258,84
"1973-10-01","b_2_39","00s",4.01,5.35,4.573,84
"1973-11-01","b_2_39","00s",4.176,5.727,4.811,84
"1973-12-01","b_2_39","00s",4.366,6.018,5.029,84
"1974-01-01","b_2_39","00s",4.609,6.422,5.323,84
"1974-02-01","b_2_39","00s",4.899,6.976,5.711,84
"1974-03-01","b_2_39","00s",5.163,7.457,6.046,84
"1974-04-01","b_2_39","00s",5.26,7.599,6.178,84
"1974-05-01","b_2_39","00s",5.682,8.086,6.631,84
"1974-06-01","b_2_39","00s",6.154,8.575,7.122,84
"1974-07-01","b_2_39","00s",6.614,9.167,7.642,84
"1974-08-01","b_2_39","00s",7.101,9.678,8.125,84
"1974-09-01","b_2_39","00s",7.606,10.146,8.626,84
"1974-10-01","b_2_39","00s",7.928,10.32,8.898,84
"1974-11-01","b_2_39","00s",8.11,10.321,9.02,84
"1974-12-01","b_2_39","00s",8.278,10.441,9.181,84
"1975-01-01","b_2_39","00s",8.437,10.445,9.289,84
"1975-02-01","b_2_39","00s",8.325,10.059,9.076,84
"1975-03-01","b_2_39","00s",7.968,9.445,8.629,84
"1975-04-01","b_2_39","00s",7.724,9.113,8.336,84
"1975-05-01","b_2_39","00s",7.193,8.478,7.764,84
"1975-06-01","b_2_39","00s",6.774,8.078,7.339,84
"1975-07-01","b_2_39","00s",6.606,7.881,7.125,84
"1975-08-01","b_2_39","00s",6.137,7.249,6.595,84
"1975-09-01","b_2_39","00s",5.849,6.891,6.277,84
"1975-10-01","b_2_39","00s",5.753,6.747,6.164,84
"1975-11-01","b_2_39","00s",5.621,6.636,6.041,84
"1975-12-01","b_2_39","00s",5.44,6.43,5.847,84
"1976-01-01","b_2_39","00s",5.207,6.168,5.603,84
"1976-02-01","b_2_39","00s",4.979,5.96,5.39,84
"1976-03-01","b_2_39","00s",4.891,5.886,5.318,84
"1976-04-01","b_2_39","00s",4.771,5.758,5.201,84
"1976-05-01","b_2_39","00s",4.956,5.911,5.371,84
"1976-06-01","b_2_39","00s",4.988,5.856,5.376,84
"1976-07-01","b_2_39","00s",4.904,5.649,5.263,84
"1976-08-01","b_2_39","00s",4.972,5.708,5.331,84
"1976-09-01","b_2_39","00s",4.912,5.647,5.269,84
"1976-10-01","b_2_39","00s",4.773,5.549,5.146,84
"1976-11-01","b_2_39","00s",4.736,5.467,5.088,84
"1976-12-01","b_2_39","00s",4.693,5.439,5.057,84
"1977-01-01","b_2_39","00s",4.846,5.603,5.215,84
"1977-02-01","b_2_39","00s",5.159,5.911,5.519,84
"1977-03-01","b_2_39","00s",5.462,6.205,5.811,84
"1977-04-01","b_2_39","00s",5.59,6.356,5.944,84
"1977-05-01","b_2_39","00s",5.589,6.368,5.949,84
"1977-06-01","b_2_39","00s",5.676,6.44,6.029,84
"1977-07-01","b_2_39","00s",5.715,6.496,6.078,84
"1977-08-01","b_2_39","00s",5.712,6.497,6.076,84
"1977-09-01","b_2_39","00s",5.65,6.433,6.016,84
"1977-10-01","b_2_39","00s",5.548,6.331,5.914,84
"1977-11-01","b_2_39","00s",5.673,6.444,6.035,84
"1977-12-01","b_2_39","00s",5.735,6.509,6.093,84
"1978-01-01","b_2_39","00s",5.569,6.393,5.947,84
"1978-02-01","b_2_39","00s",5.424,6.246,5.799,84
"1978-03-01","b_2_39","00s",5.415,6.269,5.795,84
"1978-04-01","b_2_39","00s",5.588,6.463,5.97,84
"1978-05-01","b_2_39","00s",5.767,6.634,6.147,84
"1978-06-01","b_2_39","00s",5.797,6.676,6.184,84
"1978-07-01","b_2_39","00s",5.9,6.782,6.284,84
"1978-08-01","b_2_39","00s",5.998,6.906,6.394,84
"1978-09-01","b_2_39","00s",6.175,7.066,6.567,84
"1978-10-01","b_2_39","00s",6.523,7.389,6.904,84
"1978-11-01","b_2_39","00s",6.599,7.496,6.995,84
"1978-12-01","b_2_39","00s",6.643,7.509,7.028,84
"1979-01-01","b_2_39","00s",6.979,7.833,7.366,84
"1979-02-01","b_2_39","00s",7.195,8.025,7.571,84
"1979-03-01","b_2_39","00s",7.236,8.067,7.62,84
"1979-04-01","b_2_39","00s",7.238,8.088,7.624,84
"1979-05-01","b_2_39","00s",7.371,8.234,7.761,84
"1979-06-01","b_2_39","00s",7.426,8.287,7.813,84
"1979-07-01","b_2_39","00s",7.52,8.385,7.908,84
"1979-08-01","b_2_39","00s",7.678,8.546,8.064,84
"1979-09-01","b_2_39","00s",7.799,8.74,8.205,84
"1979-10-01","b_2_39","00s",7.918,8.904,8.346,84
"1979-11-01","b_2_39","00s",7.9,8.932,8.351,84
"1979-12-01","b_2_39","00s",8.045,9.189,8.539,84
"1980-01-01","b_2_39","00s",8.184,9.385,8.689,84
"1980-02-01","b_2_39","00s",8.39,9.781,8.974,84
"1980-03-01","b_2_39","00s",8.609,10.113,9.2,84
"1980-04-01","b_2_39","00s",8.567,10.047,9.158,84
"1980-05-01","b_2_39","00s",8.492,9.969,9.087,84
"1980-06-01","b_2_39","00s",8.64,10.137,9.247,84
"1980-07-01","b_2_39","00s",8.546,10.088,9.174,84
"1980-08-01","b_2_39","00s",8.527,10.094,9.169,84
"1980-09-01","b_2_39","00s",8.612,10.117,9.238,84
"1980-10-01","b_2_39","00s",8.496,9.964,9.101,84
"1980-11-01","b_2_39","00s",8.565,9.997,9.154,84
"1980-12-01","b_2_39","00s",8.55,9.859,9.09,84
"1981-01-01","b_2_39","00s",8.468,9.761,9.006,84
"1981-02-01","b_2_39","00s",8.386,9.518,8.859,84
"1981-03-01","b_2_39","00s",8.164,9.173,8.624,84
"1981-04-01","b_2_39","00s",8.101,9.129,8.59,84
"1981-05-01","b_2_39","00s",7.87,8.944,8.39,84
"1981-06-01","b_2_39","00s",7.608,8.658,8.12,84
"1981-07-01","b_2_39","00s",7.591,8.627,8.096,84
"1981-08-01","b_2_39","00s",7.476,8.55,8.005,84
"1981-09-01","b_2_39","00s",7.276,8.356,7.806,84
"1981-10-01","b_2_39","00s",7.029,8.1,7.558,84
"1981-11-01","b_2_39","00s",6.804,7.892,7.334,84
"1981-12-01","b_2_39","00s",6.504,7.582,7.032,84
"1982-01-01","b_2_39","00s",6.18,7.237,6.699,84
"1982-02-01","b_2_39","00s",5.762,6.792,6.267,84
"1982-03-01","b_2_39","00s",5.595,6.597,6.094,84
"1982-04-01","b_2_39","00s",5.386,6.346,5.847,84
"1982-05-01","b_2_39","00s",5.377,6.281,5.798,84
"1982-06-01","b_2_39","00s",5.338,6.3,5.766,84
"1982-07-01","b_2_39","00s",5.405,6.352,5.828,84
"1982-08-01","b_2_39","00s",5.123,6.002,5.506,84
"1982-09-01","b_2_39","00s",4.758,5.625,5.137,84
"1982-10-01","b_2_39","00s",4.738,5.609,5.12,84
"1982-11-01","b_2_39","00s",4.494,5.343,4.863,84
"1982-12-01","b_2_39","00s",4.273,5.168,4.675,84
"1983-01-01","b_2_39","00s",4.252,5.101,4.639,84
"1983-02-01","b_2_39","00s",4.175,5.029,4.564,84
"1983-03-01","b_2_39","00s",3.977,4.813,4.353,84
"1983-04-01","b_2_39","00s",4.136,5.007,4.533,84
"1983-05-01","b_2_39","00s",3.913,4.823,4.323,84
"1983-06-01","b_2_39","00s",3.744,4.574,4.132,84
"1983-07-01","b_2_39","00s",3.476,4.321,3.867,84
"1983-08-01","b_2_39","00s",3.394,4.252,3.79,84
"1983-09-01","b_2_39","00s",3.442,4.307,3.847,84
"1983-10-01","b_2_39","00s",3.18,4.053,3.589,84
"1983-11-01","b_2_39","00s",3.279,4.136,3.686,84
"1983-12-01","b_2_39","00s",3.348,4.163,3.722,84
"1984-01-01","b_2_39","00s",3.338,4.125,3.698,84
"1984-02-01","b_2_39","00s",3.373,4.133,3.725,84
"1984-03-01","b_2_39","00s",3.495,4.258,3.851,84
"1984-04-01","b_2_39","00s",3.442,4.148,3.765,84
"1984-05-01","b_2_39","00s",3.369,4.036,3.679,84
"1984-06-01","b_2_39","00s",3.335,4.054,3.688,84
"1984-07-01","b_2_39","00s",3.381,4.086,3.743,84
"1984-08-01","b_2_39","00s",3.453,4.135,3.811,84
"1984-09-01","b_2_39","00s",3.471,4.142,3.816,84
"1984-10-01","b_2_39","00s",3.555,4.203,3.887,84
"1984-11-01","b_2_39","00s",3.386,4.021,3.714,84
"1984-12-01","b_2_39","00s",3.458,4.104,3.8,84
"1985-01-01","b_2_39","00s",3.317,3.986,3.669,84
"1985-02-01","b_2_39","00s",3.449,4.13,3.802,84
"1985-03-01","b_2_39","00s",3.484,4.181,3.845,84
"1985-04-01","b_2_39","00s",3.315,4.009,3.676,84
"1985-05-01","b_2_39","00s",3.403,4.131,3.777,84
"1985-06-01","b_2_39","00s",3.492,4.181,3.836,84
"1985-07-01","b_2_39","00s",3.313,3.963,3.627,84
"1985-08-01","b_2_39","00s",3.271,3.942,3.604,84
"1985-09-01","b_2_39","00s",3.211,3.901,3.556,84
"1985-10-01","b_2_39","00s",3.172,3.87,3.521,84
"1985-11-01","b_2_39","00s",3.354,4.065,3.708,84
"1985-12-01","b_2_39","00s",3.402,4.106,3.745,84
"1986-01-01","b_2_39","00s",3.487,4.183,3.831,84
"1986-02-01","b_2_39","00s",3.166,3.911,3.551,84
"1986-03-01","b_2_39","00s",2.977,3.746,3.371,84
"1986-04-01","b_2_39","00s",2.943,3.765,3.379,84
"1986-05-01","b_2_39","00s",2.845,3.655,3.279,84
"1986-06-01","b_2_39","00s",2.86,3.687,3.294,84
"1986-07-01","b_2_39","00s",2.892,3.754,3.351,84
"1986-08-01","b_2_39","00s",2.85,3.694,3.293,84
"1986-09-01","b_2_39","00s",2.937,3.763,3.366,84
"1986-10-01","b_2_39","00s",2.95,3.774,3.382,84
"1986-11-01","b_2_39","00s",2.866,3.678,3.288,84
"1986-12-01","b_2_39","00s",2.813,3.627,3.234,84
"1987-01-01","b_2_39","00s",2.876,3.741,3.304,84
"1987-02-01","b_2_39","00s",2.969,3.797,3.362,84
"1987-03-01","b_2_39","00s",3.129,3.922,3.506,84
"1987-04-01","b_2_39","00s",3.35,4.096,3.695,84
"1987-05-01","b_2_39","00s",3.479,4.206,3.813,84
"1987-06-01","b_2_39","00s",3.433,4.162,3.765,84
"1987-07-01","b_2_39","00s",3.427,4.137,3.745,84
"1987-08-01","b_2_39","00s",3.568,4.255,3.87,84
"1987-09-01","b_2_39","00s",3.547,4.225,3.847,84
"1987-10-01","b_2_39","00s",3.612,4.297,3.915,84
"1987-11-01","b_2_39","00s",3.626,4.319,3.933,84
"1987-12-01","b_2_39","00s",3.533,4.225,3.844,84
"1988-01-01","b_2_39","00s",3.48,4.125,3.784,84
"1988-02-01","b_2_39","00s",3.458,4.104,3.763,84
"1988-03-01","b_2_39","00s",3.474,4.139,3.79,84
"1988-04-01","b_2_39","00s",3.465,4.161,3.793,84
"1988-05-01","b_2_39","00s",3.43,4.139,3.762,84
"1988-06-01","b_2_39","00s",3.512,4.194,3.839,84
"1988-07-01","b_2_39","00s",3.72,4.432,4.063,84
"1988-08-01","b_2_39","00s",3.663,4.403,4.021,84
"1988-09-01","b_2_39","00s",3.816,4.574,4.184,84
"1988-10-01","b_2_39","00s",3.791,4.579,4.176,84
"1988-11-01","b_2_39","00s",3.815,4.58,4.192,84
"1988-12-01","b_2_39","00s",3.927,4.71,4.306,84
"1989-01-01","b_2_39","00s",4.023,4.813,4.407,84
"1989-02-01","b_2_39","00s",4.142,4.959,4.537,84
"1989-03-01","b_2_39","00s",4.117,4.917,4.503,84
"1989-04-01","b_2_39","00s",4.119,4.906,4.496,84
"1989-05-01","b_2_39","00s",4.185,4.98,4.567,84
"1989-06-01","b_2_39","00s",4.088,4.9,4.472,84
"1989-07-01","b_2_39","00s",3.961,4.756,4.336,84
"1989-08-01","b_2_39","00s",3.83,4.652,4.23,84
"1989-09-01","b_2_39","00s",3.675,4.517,4.082,84
"1989-10-01","b_2_39","00s",3.782,4.581,4.165,84
"1989-11-01","b_2_39","00s",3.769,4.593,4.158,84
"1989-12-01","b_2_39","00s",3.785,4.592,4.174,84
"1990-01-01","b_2_39","00s",3.681,4.519,4.079,84
"1990-02-01","b_2_39","00s",3.655,4.49,4.053,84
"1990-03-01","b_2_39","00s",3.807,4.649,4.208,84
"1990-04-01","b_2_39","00s",3.749,4.568,4.134,84
"1990-05-01","b_2_39","00s",3.684,4.498,4.065,84
"1990-06-01","b_2_39","00s",3.869,4.681,4.254,84
"1990-07-01","b_2_39","00s",3.918,4.722,4.294,84
"1990-08-01","b_2_39","00s",4.158,4.936,4.502,84
"1990-09-01","b_2_39","00s",4.184,4.955,4.528,84
"1990-10-01","b_2_39","00s",4.087,4.883,4.444,84
"1990-11-01","b_2_39","00s",3.983,4.778,4.341,84
"1990-12-01","b_2_39","00s",3.97,4.769,4.325,84
"1991-01-01","b_2_39","00s",3.941,4.765,4.303,84
"1991-02-01","b_2_39","00s",3.858,4.667,4.215,84
"1991-03-01","b_2_39","00s",3.539,4.342,3.893,84
"1991-04-01","b_2_39","00s",3.465,4.263,3.818,84
"1991-05-01","b_2_39","00s",3.55,4.326,3.894,84
"1991-06-01","b_2_39","00s",3.287,4.069,3.632,84
"1991-07-01","b_2_39","00s",3.166,3.972,3.53,84
"1991-08-01","b_2_39","00s",3.009,3.818,3.383,84
"1991-09-01","b_2_39","00s",2.986,3.78,3.352,84
"1991-10-01","b_2_39","00s",2.892,3.658,3.245,84
"1991-11-01","b_2_39","00s",3.024,3.78,3.375,84
"1991-12-01","b_2_39","00s",3.042,3.796,3.392,84
"1992-01-01","b_2_39","00s",2.903,3.594,3.231,84
"1992-02-01","b_2_39","00s",2.933,3.623,3.261,84
"1992-03-01","b_2_39","00s",3.078,3.785,3.417,84
"1992-04-01","b_2_39","00s",3.005,3.731,3.353,84
"1992-05-01","b_2_39","00s",2.896,3.646,3.257,84
"1992-06-01","b_2_39","00s",2.915,3.68,3.289,84
"1992-07-01","b_2_39","00s",2.927,3.673,3.29,84
"1992-08-01","b_2_39","00s",2.863,3.596,3.218,84
"1992-09-01","b_2_39","00s",2.705,3.447,3.065,84
"1992-10-01","b_2_39","00s",2.768,3.541,3.142,84
"1992-11-01","b_2_39","00s",2.725,3.49,3.097,84
"1992-12-01","b_2_39","00s",2.636,3.4,3.006,84
"1993-01-01","b_2_39","00s",2.641,3.413,3.011,84
"1993-02-01","b_2_39","00s",2.595,3.339,2.952,84
"1993-03-01","b_2_39","00s",2.476,3.202,2.82,84
"1993-04-01","b_2_39","00s",2.552,3.255,2.886,84
"1993-05-01","b_2_39","00s",2.561,3.253,2.89,84
"1993-06-01","b_2_39","00s",2.483,3.137,2.791,84
"1993-07-01","b_2_39","00s",2.438,3.067,2.73,84
"1993-08-01","b_2_39","00s",2.386,3.001,2.666,84
"1993-09-01","b_2_39","00s",2.383,2.982,2.657,84
"1993-10-01","b_2_39","00s",2.329,2.896,2.584,84
"1993-11-01","b_2_39","00s",2.259,2.82,2.51,84
"1993-12-01","b_2_39","00s",2.132,2.722,2.405,84
"1994-01-01","b_2_39","00s",2.046,2.644,2.331,84
"1994-02-01","b_2_39","00s",2.02,2.618,2.309,84
"1994-03-01","b_2_39","00s",2.069,2.66,2.355,84
"1994-04-01","b_2_39","00s",1.961,2.558,2.249,84
"1994-05-01","b_2_39","00s",1.909,2.494,2.195,84
"1994-06-01","b_2_39","00s",1.994,2.573,2.276,84
"1994-07-01","b_2_39","00s",2.028,2.624,2.318,84
"1994-08-01","b_2_39","00s",2.008,2.599,2.299,84
"1994-09-01","b_2_39","00s",1.986,2.573,2.279,84
"1994-10-01","b_2_39","00s",1.907,2.512,2.209,84
"1994-11-01","b_2_39","00s",1.912,2.515,2.213,84
"1994-12-01","b_2_39","00s",1.913,2.492,2.204,84
"1995-01-01","b_2_39","00s",2.063,2.635,2.347,84
"1995-02-01","b_2_39","00s",2.009,2.576,2.288,84
"1995-03-01","b_2_39","00s",1.954,2.521,2.241,84
"1995-04-01","b_2_39","00s",2.012,2.563,2.292,84
"1995-05-01","b_2_39","00s",1.987,2.532,2.262,84
"1995-06-01","b_2_39","00s",1.889,2.438,2.166,84
"1995-07-01","b_2_39","00s",1.785,2.323,2.06,84
"1995-08-01","b_2_39","00s",1.855,2.394,2.128,84
"1995-09-01","b_2_39","00s",1.849,2.399,2.125,84
"1995-10-01","b_2_39","00s",1.954,2.481,2.222,84
"1995-11-01","b_2_39","00s",1.881,2.433,2.168,84
"1995-12-01","b_2_39","00s",1.966,2.502,2.236,84
"1996-01-01","b_2_39","00s",1.898,2.408,2.156,84
"1996-02-01","b_2_39","00s",1.932,2.456,2.191,84
"1996-03-01","b_2_39","00s",1.956,2.484,2.206,84
"1996-04-01","b_2_39","00s",1.918,2.464,2.175,84
"1996-05-01","b_2_39","00s",1.94,2.495,2.197,84
"1996-06-01","b_2_39","00s",1.932,2.525,2.218,84
"1996-07-01","b_2_39","00s",1.973,2.575,2.258,84
"1996-08-01","b_2_39","00s",1.911,2.539,2.221,84
"1996-09-01","b_2_39","00s",2.02,2.638,2.319,84
"1996-10-01","b_2_39","00s",2.001,2.629,2.303,84
"1996-11-01","b_2_39","00s",2.088,2.691,2.373,84
"1996-12-01","b_2_39","00s",2.047,2.645,2.335,84
"1997-01-01","b_2_39","00s",1.984,2.576,2.268,84
"1997-02-01","b_2_39","00s",1.974,2.554,2.253,84
"1997-03-01","b_2_39","00s",1.93,2.505,2.213,84
"1997-04-01","b_2_39","00s",1.901,2.477,2.189,84
"1997-05-01","b_2_39","00s",1.809,2.388,2.107,84
"1997-06-01","b_2_39","00s",1.796,2.358,2.084,84
"1997-07-01","b_2_39","00s",1.665,2.232,1.96,84
"1997-08-01","b_2_39","00s",1.613,2.161,1.895,84
"1997-09-01","b_2_39","00s",1.58,2.108,1.855,84
"1997-10-01","b_2_39","00s",1.347,1.871,1.626,84
"1997-11-01","b_2_39","00s",1.219,1.77,1.512,84
"1997-12-01","b_2_39","00s",1.126,1.7,1.432,84
"1998-01-01","b_2_39","00s",1.075,1.662,1.392,84
"1998-02-01","b_2_39","00s",0.949,1.584,1.298,84
"1998-03-01","b_2_39","00s",0.936,1.597,1.298,84
"1998-04-01","b_2_39","00s",0.934,1.588,1.293,84
"1998-05-01","b_2_39","00s",0.961,1.622,1.317,84
"1998-06-01","b_2_39","00s",0.941,1.598,1.297,84
"1998-07-01","b_2_39","00s",1.054,1.695,1.399,84
"1998-08-01","b_2_39","00s",1.131,1.777,1.472,84
"1998-09-01","b_2_39","00s",0.994,1.711,1.373,84
"1998-10-01","b_2_39","00s",1.139,1.847,1.51,84
"1998-11-01","b_2_39","00s",1.141,1.875,1.538,84
"1998-12-01","b_2_39","00s",1.152,1.914,1.563,84
"1999-01-01","b_2_39","00s",1.202,1.95,1.604,84
"1999-02-01","b_2_39","00s",1.179,1.896,1.563,84
"1999-03-01","b_2_39","00s",1.127,1.819,1.502,84
"1999-04-01","b_2_39","00s",1.21,1.916,1.589,84
"1999-05-01","b_2_39","00s",1.205,1.907,1.588,84
"1999-06-01","b_2_39","00s",1.208,1.913,1.593,84
"1999-07-01","b_2_39","00s",1.252,1.956,1.634,84
"1999-08-01","b_2_39","00s",1.201,1.898,1.581,84
"1999-09-01","b_2_39","00s",1.361,2.015,1.708,84
"1999-10-01","b_2_39","00s",1.356,2.011,1.705,84
"1999-11-01","b_2_39","00s",1.411,2.024,1.728,84
"1999-12-01","b_2_39","00s",1.514,2.081,1.801,84
"2000-01-01","b_2_39","00s",1.63,2.215,1.921,84
"2000-02-01","b_2_39","00s",1.78,2.366,2.065,84
"2000-03-01","b_2_39","00s",1.913,2.496,2.191,84
"2000-04-01","b_2_39","00s",1.753,2.36,2.047,84
"2000-05-01","b_2_39","00s",1.768,2.389,2.071,84
"2000-06-01","b_2_39","00s",1.841,2.442,2.123,84
"2000-07-01","b_2_39","00s",1.885,2.523,2.185,84
"2000-08-01","b_2_39","00s",1.904,2.535,2.198,84
"2000-09-01","b_2_39","00s",1.93,2.544,2.224,84
"2000-10-01","b_2_39","00s",1.903,2.541,2.21,84
"2000-11-01","b_2_39","00s",1.926,2.577,2.24,84
"2000-12-01","b_2_39","00s",1.917,2.594,2.254,84
"2001-01-01","b_2_39","00s",1.963,2.701,2.317,84
"2001-02-01","b_2_39","00s",2.017,2.736,2.368,84
"2001-03-01","b_2_39","00s",1.952,2.683,2.318,84
"2001-04-01","b_2_39","00s",2.07,2.797,2.439,84
"2001-05-01","b_2_39","00s",2.088,2.795,2.441,84
"2001-06-01","b_2_39","00s",2.145,2.86,2.504,84
"2001-07-01","b_2_39","00s",2.067,2.748,2.414,84
"2001-08-01","b_2_39","00s",2.067,2.792,2.441,84
"2001-09-01","b_2_39","00s",1.989,2.728,2.376,84
"2001-10-01","b_2_39","00s",1.997,2.735,2.39,84
"2001-11-01","b_2_39","00s",2.006,2.725,2.391,84
"2001-12-01","b_2_39","00s",1.922,2.644,2.308,84
"2002-01-01","b_2_39","00s",1.707,2.374,2.087,84
"2002-02-01","b_2_39","00s",1.645,2.323,2.029,84
"2002-03-01","b_2_39","00s",1.686,2.351,2.057,84
"2002-04-01","b_2_39","00s",1.697,2.339,2.046,84
"2002-05-01","b_2_39","00s",1.684,2.322,2.025,84
"2002-06-01","b_2_39","00s",1.598,2.235,1.943,84
"2002-07-01","b_2_39","00s",1.639,2.296,1.989,84
"2002-08-01","b_2_39","00s",1.664,2.292,1.993,84
"2002-09-01","b_2_39","00s",1.737,2.352,2.053,84
"2002-10-01","b_2_39","00s",1.763,2.361,2.065,84
"2002-11-01","b_2_39","00s",1.756,2.36,2.054,84
"2002-12-01","b_2_39","00s",1.821,2.4,2.099,84
"2003-01-01","b_2_39","00s",1.84,2.414,2.109,84
"2003-02-01","b_2_39","00s",1.836,2.431,2.109,84
"2003-03-01","b_2_39","00s",1.815,2.432,2.095,84
"2003-04-01","b_2_39","00s",1.709,2.309,1.984,84
"2003-05-01","b_2_39","00s",1.709,2.33,1.994,84
"2003-06-01","b_2_39","00s",1.682,2.308,1.962,84
"2003-07-01","b_2_39","00s",1.714,2.32,1.986,84
"2003-08-01","b_2_39","00s",1.739,2.342,2.004,84
"2003-09-01","b_2_39","00s",1.668,2.277,1.935,84
"2003-10-01","b_2_39","00s",1.687,2.307,1.955,84
"2003-11-01","b_2_39","00s",1.642,2.267,1.918,84
"2003-12-01","b_2_39","00s",1.65,2.292,1.931,84
"2004-01-01","b_2_39","00s",1.793,2.482,2.098,84
"2004-02-01","b_2_39","00s",1.854,2.509,2.147,84
"2004-03-01","b_2_39","00s",1.852,2.483,2.135,84
"2004-04-01","b_2_39","00s",2.025,2.652,2.31,84
"2004-05-01","b_2_39","00s",2.09,2.688,2.363,84
"2004-06-01","b_2_39","00s",2.201,2.785,2.47,84
"2004-07-01","b_2_39","00s",2.112,2.705,2.392,84
"2004-08-01","b_2_39","00s",2.037,2.64,2.329,84
"2004-09-01","b_2_39","00s",2.025,2.631,2.315,84
"2004-10-01","b_2_39","00s",2.05,2.65,2.334,84
"2004-11-01","b_2_39","00s",2.134,2.757,2.423,84
"2004-12-01","b_2_39","00s",2.098,2.728,2.405,84
"2005-01-01","b_2_39","00s",2.151,2.738,2.433,84
"2005-02-01","b_2_39","00s",2.144,2.743,2.43,84
"2005-03-01","b_2_39","00s",2.16,2.777,2.451,84
"2005-04-01","b_2_39","00s",2.09,2.726,2.379,84
"2005-05-01","b_2_39","00s",2.06,2.708,2.354,84
"2005-06-01","b_2_39","00s",1.998,2.652,2.292,84
"2005-07-01","b_2_39","00s",2.072,2.708,2.352,84
"2005-08-01","b_2_39","00s",2.089,2.714,2.367,84
"2005-09-01","b_2_39","00s",2.209,2.833,2.491,84
"2005-10-01","b_2_39","00s",2.265,2.892,2.55,84
"2005-11-01","b_2_39","00s",2.283,2.884,2.556,84
"2005-12-01","b_2_39","00s",2.24,2.84,2.507,84
"2006-01-01","b_2_39","00s",2.185,2.779,2.446,84
"2006-02-01","b_2_39","00s",2.102,2.713,2.381,84
"2006-03-01","b_2_39","00s",2.137,2.73,2.412,84
"2006-04-01","b_2_39","00s",2.198,2.776,2.474,84
"2006-05-01","b_2_39","00s",2.31,2.886,2.589,84
"2006-06-01","b_2_39","00s",2.461,3.026,2.74,84
"2006-07-01","b_2_39","00s",2.419,3.017,2.715,84
"2006-08-01","b_2_39","00s",2.517,3.107,2.802,84
"2006-09-01","b_2_39","00s",2.428,3.019,2.721,84
"2006-10-01","b_2_39","00s",2.35,2.93,2.644,84
"2006-11-01","b_2_39","00s",2.192,2.766,2.488,84
"2006-12-01","b_2_39","00s",2.336,2.891,2.62,84
"2007-01-01","b_2_39","00s",2.373,2.959,2.672,84
"2007-02-01","b_2_39","00s",2.506,3.069,2.787,84
"2007-03-01","b_2_39","00s",2.443,3.026,2.728,84
"2007-04-01","b_2_39","00s",2.36,2.941,2.644,84
"2007-05-01","b_2_39","00s",2.215,2.788,2.491,84
"2007-06-01","b_2_39","00s",2.129,2.706,2.4,84
"2007-07-01","b_2_39","00s",2.133,2.679,2.386,84
"2007-08-01","b_2_39","00s",2.048,2.609,2.319,84
"2007-09-01","b_2_39","00s",2.16,2.744,2.43,84
"2007-10-01","b_2_39","00s",2.26,2.891,2.543,84
"2007-11-01","b_2_39","00s",2.484,3.114,2.762,84
"2007-12-01","b_2_39","00s",2.482,3.132,2.76,84
"2008-01-01","b_2_39","00s",2.407,3.031,2.677,84
"2008-02-01","b_2_39","00s",2.333,2.972,2.606,84
"2008-03-01","b_2_39","00s",2.373,3.015,2.645,84
"2008-04-01","b_2_39","00s",2.356,3.016,2.645,84
"2008-05-01","b_2_39","00s",2.398,3.077,2.694,84
"2008-06-01","b_2_39","00s",2.451,3.164,2.762,84
"2008-07-01","b_2_39","00s",2.552,3.332,2.893,84
"2008-08-01","b_2_39","00s",2.523,3.311,2.864,84
"2008-09-01","b_2_39","00s",2.399,3.16,2.734,84
"2008-10-01","b_2_39","00s",2.075,2.956,2.508,84
"2008-11-01","b_2_39","00s",1.783,2.821,2.322,84
"2008-12-01","b_2_39","00s",1.545,2.624,2.122,84
"2009-01-01","b_2_39","00s",1.505,2.601,2.103,84
"2009-02-01","b_2_39","00s",1.463,2.544,2.062,84
"2009-03-01","b_2_39","00s",1.279,2.433,1.931,84
"2009-04-01","b_2_39","00s",1.245,2.374,1.878,84
"2009-05-01","b_2_39","00s",1.171,2.292,1.806,84
"2009-06-01","b_2_39","00s",1.048,2.154,1.677,84
"2009-07-01","b_2_39","00s",0.75,1.795,1.357,84
"2009-08-01","b_2_39","00s",0.788,1.86,1.409,84
"2009-09-01","b_2_39","00s",0.686,1.817,1.335,84
"2009-10-01","b_2_39","00s",0.922,2.015,1.525,84
"2009-11-01","b_2_39","00s",1.003,1.981,1.515,84
"2009-12-01","b_2_39","00s",1.096,1.999,1.557,84
"2010-01-01","b_2_39","00s",1.001,1.894,1.44,84
"2010-02-01","b_2_39","00s",0.915,1.8,1.345,84
"2010-03-01","b_2_39","00s",0.965,1.757,1.336,84
"2010-04-01","b_2_39","00s",0.921,1.721,1.294,84
"2010-05-01","b_2_39","00s",0.861,1.661,1.228,84
"2010-06-01","b_2_39","00s",0.743,1.542,1.117,84
"2010-07-01","b_2_39","00s",0.823,1.615,1.189,84
"2010-08-01","b_2_39","00s",0.805,1.554,1.143,84
"2010-09-01","b_2_39","00s",0.845,1.529,1.152,84
"2010-10-01","b_2_39","00s",0.721,1.312,0.965,84
"2010-11-01","b_2_39","00s",0.774,1.326,1.008,84
"2010-12-01","b_2_39","00s",0.808,1.363,1.045,84
"2011-01-01","b_2_39","00s",0.914,1.518,1.163,84
"2011-02-01","b_2_39","00s",1.086,1.704,1.344,84
"2011-03-01","b_2_39","00s",1.224,1.856,1.487,84
"2011-04-01","b_2_39","00s",1.368,2.046,1.645,84
"2011-05-01","b_2_39","00s",1.53,2.275,1.843,84
"2011-06-01","b_2_39","00s",1.603,2.33,1.907,84
"2011-07-01","b_2_39","00s",1.682,2.413,1.984,84
"2011-08-01","b_2_39","00s",1.77,2.515,2.074,84
"2011-09-01","b_2_39","00s",1.816,2.579,2.126,84
"2011-10-01","b_2_39","00s",1.806,2.594,2.152,84
"2011-11-01","b_2_39","00s",1.842,2.654,2.192,84
"2011-12-01","b_2_39","00s",1.912,2.717,2.262,84
"2012-01-01","b_2_39","00s",1.955,2.74,2.299,84
"2012-02-01","b_2_39","00s",1.872,2.684,2.222,84
"2012-03-01","b_2_39","00s",1.838,2.633,2.18,84
"2012-04-01","b_2_39","00s",1.773,2.508,2.097,84
"2012-05-01","b_2_39","00s",1.666,2.341,1.973,84
"2012-06-01","b_2_39","00s",1.64,2.316,1.948,84
"2012-07-01","b_2_39","00s",1.6,2.285,1.917,84
"2012-08-01","b_2_39","00s",1.529,2.191,1.841,84
"2012-09-01","b_2_39","00s",1.531,2.167,1.831,84
"2012-10-01","b_2_39","00s",1.608,2.262,1.893,84
"2012-11-01","b_2_39","00s",1.516,2.137,1.793,84
"2012-12-01","b_2_39","00s",1.441,2.075,1.721,84
"2013-01-01","b_2_39","00s",1.413,1.988,1.675,84
"2013-02-01","b_2_39","00s",1.42,1.95,1.668,84
"2013-03-01","b_2_39","00s",1.314,1.86,1.579,84
"2013-04-01","b_2_39","00s",1.13,1.694,1.403,84
"2013-05-01","b_2_39","00s",1.096,1.66,1.359,84
"2013-06-01","b_2_39","00s",1.206,1.767,1.463,84
"2013-07-01","b_2_39","00s",1.236,1.775,1.482,84
"2013-08-01","b_2_39","00s",1.214,1.768,1.466,84
"2013-09-01","b_2_39","00s",1.156,1.742,1.428,84
"2013-10-01","b_2_39","00s",1.175,1.69,1.425,84
"2013-11-01","b_2_39","00s",1.266,1.782,1.514,84
"2013-12-01","b_2_39","00s",1.287,1.798,1.537,84
"2014-01-01","b_2_39","00s",1.233,1.78,1.491,84
"2014-02-01","b_2_39","00s",1.153,1.725,1.425,84
"2014-03-01","b_2_39","00s",1.196,1.766,1.461,84
"2014-04-01","b_2_39","00s",1.388,1.963,1.647,84
"2014-05-01","b_2_39","00s",1.47,2.034,1.721,84
"2014-06-01","b_2_39","00s",1.443,2,1.695,84
"2014-07-01","b_2_39","00s",1.451,2.021,1.707,84
"2014-08-01","b_2_39","00s",1.376,1.948,1.642,84
"2014-09-01","b_2_39","00s",1.415,1.959,1.668,84
"2014-10-01","b_2_39","00s",1.27,1.872,1.546,84
"2014-11-01","b_2_39","00s",1.203,1.822,1.493,84
"2014-12-01","b_2_39","00s",1.2,1.825,1.491,84
"2015-01-01","b_2_39","00s",0.997,1.637,1.317,84
"2015-02-01","b_2_39","00s",1.066,1.702,1.389,84
"2015-03-01","b_2_39","00s",1.083,1.704,1.399,84
"2015-04-01","b_2_39","00s",1.088,1.697,1.413,84
"2015-05-01","b_2_39","00s",1.042,1.648,1.369,84
"2015-06-01","b_2_39","00s",1.049,1.665,1.38,84
"2015-07-01","b_2_39","00s",1.049,1.655,1.379,84
"2015-08-01","b_2_39","00s",1.057,1.669,1.397,84
"2015-09-01","b_2_39","00s",1.056,1.681,1.405,84
"2015-10-01","b_2_39","00s",1.061,1.642,1.403,84
"2015-11-01","b_2_39","00s",1.05,1.614,1.381,84
"2015-12-01","b_2_39","00s",0.981,1.557,1.325,84
"2016-01-01","b_2_39","00s",1.157,1.693,1.472,84
"2016-02-01","b_2_39","00s",1.16,1.688,1.464,84
"2016-03-01","b_2_39","00s",1.188,1.72,1.495,84
"2016-04-01","b_2_39","00s",1.234,1.8,1.543,84
"2016-05-01","b_2_39","00s",1.313,1.891,1.626,84
"2016-06-01","b_2_39","00s",1.258,1.843,1.577,84
"2016-07-01","b_2_39","00s",1.227,1.83,1.558,84
"2016-08-01","b_2_39","00s",1.282,1.869,1.596,84
"2016-09-01","b_2_39","00s",1.345,1.922,1.647,84
"2016-10-01","b_2_39","00s",1.481,2.04,1.766,84
"2016-11-01","b_2_39","00s",1.447,2.02,1.743,84
"2016-12-01","b_2_39","00s",1.531,2.077,1.809,84
"2017-01-01","b_2_39","00s",1.613,2.17,1.886,84
"2017-02-01","b_2_39","00s",1.599,2.151,1.866,84
"2017-03-01","b_2_39","00s",1.542,2.092,1.813,84
"2017-04-01","b_2_39","00s",1.437,1.958,1.706,84
"2017-05-01","b_2_39","00s",1.358,1.871,1.622,84
"2017-06-01","b_2_39","00s",1.379,1.891,1.64,84
"2017-07-01","b_2_39","00s",1.361,1.871,1.616,84
"2017-08-01","b_2_39","00s",1.378,1.89,1.633,84
"2017-09-01","b_2_39","00s",1.316,1.825,1.573,84
"2017-10-01","b_2_39","00s",1.321,1.878,1.597,84
"2017-11-01","b_2_39","00s",1.34,1.908,1.62,84
"2017-12-01","b_2_39","00s",1.38,1.956,1.659,84
"2018-01-01","b_2_39","00s",1.448,2.049,1.735,84
"2018-02-01","b_2_39","00s",1.475,2.096,1.768,84
"2018-03-01","b_2_39","00s",1.488,2.123,1.783,84
"2018-04-01","b_2_39","00s",1.503,2.148,1.792,84
"2018-05-01","b_2_39","00s",1.538,2.182,1.835,84
"2018-06-01","b_2_39","00s",1.586,2.212,1.872,84
"2018-07-01","b_2_39","00s",1.61,2.228,1.897,84
"2018-08-01","b_2_39","00s",1.598,2.219,1.889,84
"2018-09-01","b_2_39","00s",1.631,2.264,1.925,84
"2018-10-01","b_2_39","00s",1.624,2.221,1.903,84
"2018-11-01","b_2_39","00s",1.692,2.29,1.975,84
"2018-12-01","b_2_39","00s",1.676,2.282,1.967,84
"2019-01-01","b_2_39","00s",1.515,2.096,1.812,84
"2019-02-01","b_2_39","00s",1.536,2.103,1.834,84
"2019-03-01","b_2_39","00s",1.581,2.143,1.876,84
"2019-04-01","b_2_39","00s",1.645,2.213,1.952,84
"2019-05-01","b_2_39","00s",1.58,2.149,1.88,84
"2019-06-01","b_2_39","00s",1.509,2.098,1.822,84
"2019-07-01","b_2_39","00s",1.566,2.155,1.871,84
"2019-08-01","b_2_39","00s",1.57,2.16,1.876,84
"2019-09-01","b_2_39","00s",1.464,2.064,1.781,84
"2019-10-01","b_2_39","00s",1.527,2.146,1.854,84
"2019-11-01","b_2_39","00s",1.508,2.102,1.818,84
"2019-12-01","b_2_39","00s",1.498,2.096,1.806,84
"2020-01-01","b_2_39","00s",1.598,2.176,1.892,84
"2020-02-01","b_2_39","00s",1.59,2.165,1.882,84
"2020-03-01","b_2_39","00s",1.524,2.099,1.818,84
"2020-04-01","b_2_39","00s",1.372,2.016,1.716,84
"2020-05-01","b_2_39","00s",1.457,2.104,1.804,84
"2020-06-01","b_2_39","00s",1.521,2.197,1.871,84
"2020-07-01","b_2_39","00s",1.573,2.296,1.932,84
"2020-08-01","b_2_39","00s",1.641,2.389,2.006,84
"2020-09-01","b_2_39","00s",1.665,2.435,2.034,84
"2020-10-01","b_2_39","00s",1.574,2.309,1.929,84
"2020-11-01","b_2_39","00s",1.528,2.295,1.892,84
"2020-12-01","b_2_39","00s",1.54,2.35,1.918,84
"2021-01-01","b_2_39","00s",1.492,2.4,1.906,84
"2021-02-01","b_2_39","00s",1.569,2.517,2.003,84
"2021-03-01","b_2_39","00s",1.671,2.684,2.121,84
"2021-04-01","b_2_39","00s",1.886,2.885,2.293,84
"2021-05-01","b_2_39","00s",1.954,3.042,2.398,84
"2021-06-01","b_2_39","00s",2.002,3.15,2.468,84
"2021-07-01","b_2_39","00s",2.066,3.241,2.561,84
"2021-08-01","b_2_39","00s",2.131,3.352,2.644,84
"2021-09-01","b_2_39","00s",2.382,3.597,2.887,84
"2021-10-01","b_2_39","00s",2.68,4.027,3.241,84
"2021-11-01","b_2_39","00s",2.926,4.355,3.525,84
"2021-12-01","b_2_39","00s",3.179,4.62,3.78,84
"2022-01-01","b_2_39","00s",3.59,5.001,4.183,84
"2022-02-01","b_2_39","00s",3.749,5.247,4.368,84
"2022-03-01","b_2_39","00s",3.834,5.397,4.486,84
"2022-04-01","b_2_39","00s",3.838,5.356,4.478,84
"2022-05-01","b_2_39","00s",4.033,5.527,4.656,84
"2022-06-01","b_2_39","00s",4.45,5.941,5.073,84
"2022-07-01","b_2_39","00s",4.498,5.95,5.1,84
"2022-08-01","b_2_39","00s",4.706,6.091,5.274,84
"2022-09-01","b_2_39","00s",4.716,6.095,5.284,84
"2022-10-01","b_2_39","00s",4.714,5.984,5.234,84
"2022-11-01","b_2_39","00s",4.674,5.86,5.156,84
"2022-12-01","b_2_39","00s",4.607,5.745,5.077,84
"2023-01-01","b_2_39","00s",4.426,5.533,4.878,84
"2023-02-01","b_2_39","00s",4.401,5.382,4.805,84
"2023-03-01","b_2_39","00s",4.434,5.288,4.793,84
"2023-04-01","b_2_39","00s",4.481,5.335,4.856,84
"2023-05-01","b_2_39","00s",4.315,5.134,4.692,84
"2023-06-01","b_2_39","00s",3.901,4.633,4.249,84
"2023-07-01","b_2_39","00s",3.767,4.475,4.111,84
"2023-08-01","b_2_39","00s",3.48,4.183,3.831,84
"2023-09-01","b_2_39","00s",3.363,4.076,3.723,84
"2023-10-01","b_2_39","00s",3.194,3.905,3.553,84
"2023-11-01","b_2_39","00s",3.061,3.781,3.438,84
"2023-12-01","b_2_39","00s",2.89,3.596,3.26,84
"2024-01-01","b_2_39","00s",2.93,3.63,3.301,84
"2024-02-01","b_2_39","00s",2.787,3.518,3.164,84
"2024-03-01","b_2_39","00s",2.732,3.493,3.109,84
"2024-04-01","b_2_39","00s",2.616,3.348,2.971,84
"2024-05-01","b_2_39","00s",2.464,3.227,2.836,84
"2024-06-01","b_2_39","00s",2.398,3.176,2.784,84
"2024-07-01","b_2_39","00s",2.357,3.115,2.727,84
"2024-08-01","b_2_39","00s",2.35,3.099,2.712,84
"2024-09-01","b_2_39","00s",2.357,3.077,2.706,84
"2024-10-01","b_2_39","00s",2.364,3.083,2.711,84
"2024-11-01","b_2_39","00s",2.374,3.069,2.702,84
"2024-12-01","b_2_39","00s",2.425,3.129,2.762,84
"2025-01-01","b_2_39","00s",2.219,2.958,2.566,84
"2025-02-01","b_2_39","00s",2.241,2.958,2.583,84
"2025-03-01","b_2_39","00s",2.185,2.894,2.551,84
"2025-04-01","b_2_39","00s",2.268,2.981,2.633,84
"2025-05-01","b_2_39","00s",2.344,2.997,2.672,84
"2025-06-01","b_2_39","00s",2.488,3.118,2.8,84
"2025-07-01","b_2_39","00s",2.472,3.117,2.79,84
"2025-08-01","b_2_39","00s",2.514,3.164,2.836,84
"2025-09-01","b_2_39","00s",2.46,3.14,2.793,84
"2025-10-01","b_2_39","00s",2.34,3.037,2.681,84
"2025-11-01","b_2_39","00s",2.318,3.015,2.654,84
"2025-12-01","b_2_39","00s",2.321,3.043,2.66,84
"2026-01-01","b_2_39","00s",2.309,3.068,2.66,84
"2026-02-01","b_2_39","00s",2.23,3.053,2.61,84
"2026-03-01","b_2_39","00s",2.268,3.082,2.62,84
"2026-04-01","b_2_39","00s",2.238,3.102,2.599,84
"2026-05-01","b_2_39","00s",2.268,3.152,2.635,84
"2026-06-01","b_2_39","00s",2.134,3.047,2.512,84
"2026-07-01","b_2_39","00s",2.095,3.014,2.479,84
"2026-08-01","b_2_39","00s",2.067,3.009,2.453,84
