"date","horizon","lo","hi","diff","headline"
"1960-01-01","12m",2.070834,2.070834,0,1.694803
"1960-02-01","12m",0.732407,2.185264,1.452857,1.699717
"1960-03-01","12m",0.732407,2.073273,1.340865,1.692014
"1960-04-01","12m",0.702995,2.003854,1.300858,1.859518
"1960-05-01","12m",0.689256,2.046315,1.357059,1.911079
"1960-06-01","12m",0.443379,1.803646,1.360267,1.663283
"1960-07-01","12m",0.604347,1.74196,1.137613,1.633667
"1960-08-01","12m",0.61144,1.726445,1.115005,1.657423
"1960-09-01","12m",0.434504,1.544034,1.10953,1.45135
"1960-10-01","12m",0.422933,1.427212,1.004279,1.324503
"1960-11-01","12m",0.452231,1.513233,1.061002,1.602647
"1960-12-01","12m",0.456325,1.327601,0.871276,1.503564
"1961-01-01","12m",0.456325,1.327266,0.870941,1.582258
"1961-02-01","12m",0.456325,1.236437,0.780112,1.567662
"1961-03-01","12m",0.456325,1.261591,0.805266,1.450214
"1961-04-01","12m",0.234668,1.215212,0.980544,1.025674
"1961-05-01","12m",0.234668,1.181795,0.947127,0.979508
"1961-06-01","12m",0.234668,1.275366,1.040697,0.979066
"1961-07-01","12m",0.068056,1.254312,1.186256,1.015881
"1961-08-01","12m",0.061001,1.21493,1.153929,0.93074
"1961-09-01","12m",0.064994,1.332833,1.267839,0.987939
"1961-10-01","12m",0.064994,1.307067,1.242073,0.865052
"1961-11-01","12m",0.039008,1.054076,1.015068,0.530047
"1961-12-01","12m",0.030392,1.172947,1.142555,0.53633
"1962-01-01","12m",0.225928,1.266218,1.040289,0.708586
"1962-02-01","12m",0.243409,1.3335,1.09009,0.886536
"1962-03-01","12m",0.421252,1.538653,1.117401,1.078494
"1962-04-01","12m",0.413635,1.418351,1.004716,1.251517
"1962-05-01","12m",0.413635,1.428926,1.015291,1.257179
"1962-06-01","12m",0.413635,1.46402,1.050384,1.275754
"1962-07-01","12m",0.402527,1.39362,0.991093,0.9993
"1962-08-01","12m",0.410999,1.299344,0.888345,1.062071
"1962-09-01","12m",0.405191,1.296777,0.891585,1.442002
"1962-10-01","12m",0.405191,1.259337,0.854146,1.346801
"1962-11-01","12m",0.40198,1.314653,0.912672,1.41024
"1962-12-01","12m",0.40198,1.258017,0.856036,1.346374
"1963-01-01","12m",0.29497,1.330459,1.035489,1.400862
"1963-02-01","12m",0.281053,1.279055,0.998003,1.239095
"1963-03-01","12m",0.103458,1.104294,1.000837,1.022792
"1963-04-01","12m",0.103458,1.208367,1.104909,0.90181
"1963-05-01","12m",0.305939,1.249541,0.943602,1.00208
"1963-06-01","12m",0.305939,1.235021,0.929082,1.158909
"1963-07-01","12m",0.305939,1.240073,0.934135,1.417948
"1963-08-01","12m",0.297475,1.319326,1.02185,1.409603
"1963-09-01","12m",0.29471,1.30456,1.00985,0.895485
"1963-10-01","12m",0.487414,1.536304,1.04889,1.190999
"1963-11-01","12m",0.487414,1.553457,1.066043,1.265347
"1963-12-01","12m",0.49289,1.668697,1.175807,1.453816
"1964-01-01","12m",0.446446,1.616923,1.170477,1.419016
"1964-02-01","12m",0.475165,1.693989,1.218824,1.454977
"1964-03-01","12m",0.475165,1.729369,1.254204,1.5999
"1964-04-01","12m",0.475165,1.69697,1.221805,1.68125
"1964-05-01","12m",0.272342,1.597096,1.324754,1.528766
"1964-06-01","12m",0.272342,1.497765,1.225423,1.450719
"1964-07-01","12m",0.272342,1.508478,1.236135,1.379482
"1964-08-01","12m",0.272342,1.549313,1.27697,1.315545
"1964-09-01","12m",0.272342,1.408112,1.135769,1.489573
"1964-10-01","12m",0.080051,1.224857,1.144806,1.356625
"1964-11-01","12m",0.084754,1.277744,1.192991,1.354695
"1964-12-01","12m",0.083869,1.275908,1.192039,1.352687
"1965-01-01","12m",0.136621,1.274152,1.137531,1.251233
"1965-02-01","12m",0.106439,1.200072,1.093633,1.150982
"1965-03-01","12m",0.106439,1.163137,1.056699,1.217937
"1965-04-01","12m",0.158857,1.191895,1.033038,1.303092
"1965-05-01","12m",0.167372,1.292128,1.124756,1.518038
"1965-06-01","12m",0.176643,1.196001,1.019358,1.669326
"1965-07-01","12m",0.176643,1.194793,1.018149,1.612013
"1965-08-01","12m",0.193081,1.252597,1.059517,1.56183
"1965-09-01","12m",0.195902,1.329219,1.133317,1.455479
"1965-10-01","12m",0.198235,1.251557,1.053322,1.424031
"1965-11-01","12m",0.375002,1.297163,0.922161,1.452548
"1965-12-01","12m",0.60171,1.460933,0.859224,1.669815
"1966-01-01","12m",0.703856,1.352628,0.648772,1.680161
"1966-02-01","12m",0.927804,1.480826,0.553022,2.056712
"1966-03-01","12m",0.930641,1.550708,0.620067,2.175631
"1966-04-01","12m",1.228819,1.796231,0.567411,2.366361
"1966-05-01","12m",1.33044,1.881136,0.550696,2.264197
"1966-06-01","12m",1.52719,2.234374,0.707184,2.221417
"1966-07-01","12m",1.664923,2.431861,0.766937,2.346483
"1966-08-01","12m",1.709819,2.427298,0.717479,2.713786
"1966-09-01","12m",1.886973,2.623565,0.736592,2.989753
"1966-10-01","12m",2.095502,2.993556,0.898054,3.229889
"1966-11-01","12m",2.097563,3.058122,0.960559,3.206401
"1966-12-01","12m",2.070488,3.060511,0.990022,3.05101
"1967-01-01","12m",2.07697,3.123725,1.046755,2.933605
"1967-02-01","12m",2.095769,3.057962,0.962192,2.629382
"1967-03-01","12m",2.056255,3.083087,1.026832,2.432641
"1967-04-01","12m",1.912873,2.996818,1.083945,2.252386
"1967-05-01","12m",1.917482,2.948474,1.030991,2.320625
"1967-06-01","12m",1.989957,2.875712,0.885754,2.391638
"1967-07-01","12m",2.028349,2.924647,0.896298,2.540225
"1967-08-01","12m",2.086438,3.050944,0.964507,2.465946
"1967-09-01","12m",2.149749,3.098608,0.948858,2.4523
"1967-10-01","12m",2.130864,3.145441,1.014577,2.469208
"1967-11-01","12m",2.23012,3.217021,0.986902,2.657962
"1967-12-01","12m",2.283136,3.156287,0.873151,2.605863
"1968-01-01","12m",2.467177,3.520769,1.053592,3.076834
"1968-02-01","12m",2.574432,3.779545,1.205113,3.375356
"1968-03-01","12m",2.718817,4.032894,1.314077,3.658112
"1968-04-01","12m",2.887811,4.128518,1.240707,3.808475
"1968-05-01","12m",3.127877,4.293241,1.165364,3.992131
"1968-06-01","12m",3.186751,4.438978,1.252227,3.99677
"1968-07-01","12m",3.196123,4.429463,1.23334,3.960225
"1968-08-01","12m",3.375983,4.515914,1.139931,4.062572
"1968-09-01","12m",3.395126,4.566336,1.171211,4.107398
"1968-10-01","12m",3.487775,4.60461,1.116836,4.27253
"1968-11-01","12m",3.591199,4.666887,1.075687,4.281172
"1968-12-01","12m",3.697586,4.721171,1.023585,4.331066
"1969-01-01","12m",3.662934,4.651163,0.988229,4.254599
"1969-02-01","12m",3.571121,4.560526,0.989405,4.096887
"1969-03-01","12m",3.740809,4.634543,0.893734,4.246023
"1969-04-01","12m",3.807568,4.649908,0.84234,4.377932
"1969-05-01","12m",3.791496,4.675408,0.883912,4.411928
"1969-06-01","12m",3.854056,4.62502,0.770964,4.580745
"1969-07-01","12m",4.069629,4.764445,0.694816,4.721623
"1969-08-01","12m",3.925335,4.650298,0.724962,4.581246
"1969-09-01","12m",3.947061,4.64747,0.700409,4.653205
"1969-10-01","12m",3.934151,4.670779,0.736627,4.550918
"1969-11-01","12m",3.982585,4.674124,0.691539,4.649897
"1969-12-01","12m",4.04879,4.749188,0.700398,4.911976
"1970-01-01","12m",4.05298,4.700052,0.647072,4.876597
"1970-02-01","12m",4.193579,4.74111,0.547532,5.026184
"1970-03-01","12m",4.196388,4.641416,0.445028,4.793122
"1970-04-01","12m",4.212437,4.654639,0.442202,4.863043
"1970-05-01","12m",4.133469,4.605196,0.471727,4.774338
"1970-06-01","12m",4.063136,4.620107,0.556972,4.539188
"1970-07-01","12m",3.983768,4.532491,0.548723,4.461222
"1970-08-01","12m",4.073723,4.601087,0.527364,4.449008
"1970-09-01","12m",4.086477,4.618108,0.531631,4.483012
"1970-10-01","12m",4.141208,4.683959,0.542751,4.645451
"1970-11-01","12m",4.134817,4.821635,0.686818,4.604579
"1970-12-01","12m",4.240323,4.95876,0.718437,4.588771
"1971-01-01","12m",4.232643,5.027154,0.794511,4.438252
"1971-02-01","12m",4.107229,5.022831,0.915602,4.328159
"1971-03-01","12m",3.949267,4.969589,1.020322,4.414932
"1971-04-01","12m",3.869807,4.945082,1.075275,4.295699
"1971-05-01","12m",3.987948,5.030675,1.042727,4.399125
"1971-06-01","12m",4.081852,5.071401,0.989548,4.590646
"1971-07-01","12m",4.008788,5.071616,1.062829,4.5234
"1971-08-01","12m",4.010585,4.855076,0.844491,4.55187
"1971-09-01","12m",3.864026,4.593144,0.729118,4.240478
"1971-10-01","12m",3.544199,4.243445,0.699245,3.88495
"1971-11-01","12m",3.328406,3.944093,0.615687,3.690624
"1971-12-01","12m",3.11461,3.748154,0.633544,3.639695
"1972-01-01","12m",3.086277,3.780835,0.694558,3.844443
"1972-02-01","12m",3.125585,3.667297,0.541711,3.951518
"1972-03-01","12m",3.146099,3.53778,0.391681,3.756814
"1972-04-01","12m",2.957592,3.393251,0.435659,3.507313
"1972-05-01","12m",2.74261,3.182243,0.439633,3.307677
"1972-06-01","12m",2.533823,2.983477,0.449653,3.006935
"1972-07-01","12m",2.517487,2.884036,0.366549,3.065616
"1972-08-01","12m",2.43843,2.958744,0.520315,3.06639
"1972-09-01","12m",2.493317,3.129478,0.636161,3.374735
"1972-10-01","12m",2.577213,3.074853,0.49764,3.33109
"1972-11-01","12m",2.681478,3.180772,0.499294,3.424953
"1972-12-01","12m",2.71139,3.203795,0.492405,3.349419
"1973-01-01","12m",2.644296,3.148929,0.504633,3.235784
"1973-02-01","12m",2.726112,3.211762,0.485649,3.369988
"1973-03-01","12m",2.86152,3.299092,0.437573,3.956835
"1973-04-01","12m",3.260259,3.677428,0.417169,4.569943
"1973-05-01","12m",3.455459,3.911666,0.456206,4.852171
"1973-06-01","12m",3.617666,4.130318,0.512652,5.292151
"1973-07-01","12m",3.551144,4.085699,0.534554,5.296739
"1973-08-01","12m",3.734054,4.229905,0.495851,6.202928
"1973-09-01","12m",3.742227,4.280592,0.538364,6.147255
"1973-10-01","12m",3.969026,4.623035,0.654008,6.628832
"1973-11-01","12m",4.123488,4.852113,0.728625,7.184268
"1973-12-01","12m",4.33741,5.118268,0.780858,7.720758
"1974-01-01","12m",4.589897,5.569158,0.979261,8.425905
"1974-02-01","12m",4.847359,5.90663,1.059271,9.115503
"1974-03-01","12m",5.162019,6.302762,1.140744,9.602076
"1974-04-01","12m",5.244549,6.481807,1.237258,9.562977
"1974-05-01","12m",5.677667,7.091578,1.413911,10.100738
"1974-06-01","12m",6.147294,7.723489,1.576195,10.405581
"1974-07-01","12m",6.597045,8.215789,1.618744,10.818036
"1974-08-01","12m",7.049209,8.752376,1.703167,10.699027
"1974-09-01","12m",7.540688,9.176875,1.636187,11.407011
"1974-10-01","12m",7.874143,9.608221,1.734078,11.574034
"1974-11-01","12m",8.064422,9.87728,1.812858,11.497187
"1974-12-01","12m",8.187343,10.043224,1.855881,11.463519
"1975-01-01","12m",8.349579,10.141688,1.79211,11.091272
"1975-02-01","12m",8.264979,10.219987,1.955009,10.408875
"1975-03-01","12m",7.903427,9.937217,2.033789,9.512732
"1975-04-01","12m",7.716601,9.652924,1.936323,9.111909
"1975-05-01","12m",7.230171,9.070471,1.840299,8.479699
"1975-06-01","12m",6.844725,8.488772,1.644047,8.238153
"1975-07-01","12m",6.697719,8.197642,1.499923,8.366838
"1975-08-01","12m",6.236633,7.535553,1.298919,7.711284
"1975-09-01","12m",5.98957,7.15748,1.167911,7.131887
"1975-10-01","12m",5.901957,6.855737,0.95378,6.987292
"1975-11-01","12m",5.793923,6.78275,0.988828,6.873132
"1975-12-01","12m",5.636066,6.677449,1.041383,6.618921
"1976-01-01","12m",5.443183,6.604388,1.161205,6.363845
"1976-02-01","12m",5.312548,6.276612,0.964064,5.926011
"1976-03-01","12m",5.308359,6.0739,0.765541,5.727724
"1976-04-01","12m",5.191324,5.972902,0.781578,5.610162
"1976-05-01","12m",5.333687,6.022561,0.688874,5.689434
"1976-06-01","12m",5.352008,5.96859,0.616582,5.49319
"1976-07-01","12m",5.288628,5.886801,0.598172,5.127444
"1976-08-01","12m",5.413026,6.113553,0.700527,5.249354
"1976-09-01","12m",5.351318,6.15769,0.806372,5.319071
"1976-10-01","12m",5.229658,6.149009,0.919351,5.259118
"1976-11-01","12m",5.202732,5.930634,0.727902,5.062096
"1976-12-01","12m",5.141436,5.862393,0.720957,5.070423
"1977-01-01","12m",5.273825,5.965379,0.691553,5.281525
"1977-02-01","12m",5.48589,6.192094,0.706204,5.968165
"1977-03-01","12m",5.70977,6.384036,0.674265,6.339468
"1977-04-01","12m",5.819939,6.579134,0.759194,6.715349
"1977-05-01","12m",5.843146,6.562127,0.71898,6.747658
"1977-06-01","12m",5.943553,6.643197,0.699643,6.877838
"1977-07-01","12m",5.98594,6.715451,0.729511,6.889007
"1977-08-01","12m",5.96124,6.624661,0.663421,6.798638
"1977-09-01","12m",5.896734,6.458475,0.56174,6.603609
"1977-10-01","12m",5.763653,6.443725,0.680072,6.54144
"1977-11-01","12m",5.857155,6.539046,0.681891,6.667358
"1977-12-01","12m",5.9242,6.554561,0.630361,6.588987
"1978-01-01","12m",5.749288,6.47009,0.720802,6.598777
"1978-02-01","12m",5.614092,6.228525,0.614433,6.262715
"1978-03-01","12m",5.580232,6.353146,0.772915,6.417004
"1978-04-01","12m",5.73,6.515571,0.785571,6.604723
"1978-05-01","12m",5.896049,6.598698,0.702649,6.825084
"1978-06-01","12m",5.914154,6.556186,0.642033,6.923102
"1978-07-01","12m",5.987916,6.525805,0.537889,6.953478
"1978-08-01","12m",6.051194,6.572203,0.521009,6.996845
"1978-09-01","12m",6.215083,6.736459,0.521376,7.199686
"1978-10-01","12m",6.559106,7.00165,0.442545,7.55418
"1978-11-01","12m",6.665716,7.02353,0.357814,7.546742
"1978-12-01","12m",6.709194,7.009529,0.300335,7.526362
"1979-01-01","12m",6.796333,7.208296,0.411963,7.703405
"1979-02-01","12m",6.735373,7.48179,0.746417,7.776253
"1979-03-01","12m",6.768435,7.572147,0.803712,7.919599
"1979-04-01","12m",7.063395,7.500318,0.436923,8.22504
"1979-05-01","12m",7.354707,7.634405,0.279699,8.569733
"1979-06-01","12m",7.364149,7.806745,0.442597,8.756247
"1979-07-01","12m",7.271775,7.905813,0.634038,8.989597
"1979-08-01","12m",7.407634,8.168433,0.760799,9.269896
"1979-09-01","12m",7.52056,8.2548,0.734239,9.611508
"1979-10-01","12m",7.51716,8.423152,0.905992,9.632458
"1979-11-01","12m",7.624289,8.43401,0.80972,9.771015
"1979-12-01","12m",7.978309,8.542604,0.564295,10.178438
"1980-01-01","12m",8.162819,8.768706,0.605888,10.497961
"1980-02-01","12m",8.363688,8.966398,0.60271,11.102558
"1980-03-01","12m",8.597561,9.349521,0.75196,11.595182
"1980-04-01","12m",8.56071,9.20273,0.642021,11.019043
"1980-05-01","12m",8.536043,9.157729,0.621685,10.736382
"1980-06-01","12m",8.690755,9.316227,0.625473,10.522861
"1980-07-01","12m",8.591881,9.255737,0.663857,10.539584
"1980-08-01","12m",8.561321,9.229892,0.668571,10.614195
"1980-09-01","12m",8.669903,9.513017,0.843114,10.660648
"1980-10-01","12m",8.567495,9.612734,1.04524,10.643414
"1980-11-01","12m",8.640403,9.775319,1.134916,10.775945
"1980-12-01","12m",8.661951,9.647346,0.985395,10.566428
"1981-01-01","12m",8.607459,9.76456,1.157101,10.470316
"1981-02-01","12m",8.588251,9.474603,0.886352,10.392794
"1981-03-01","12m",8.403414,9.071508,0.668093,9.813884
"1981-04-01","12m",8.505032,9.207945,0.702913,9.721095
"1981-05-01","12m",8.316969,9.080972,0.764003,9.362819
"1981-06-01","12m",8.071397,8.901896,0.830499,9.110394
"1981-07-01","12m",8.099415,8.79514,0.695725,8.922257
"1981-08-01","12m",8.027888,8.737205,0.709316,8.698635
"1981-09-01","12m",7.840753,8.444169,0.603415,8.354526
"1981-10-01","12m",7.642468,8.211004,0.568536,7.980916
"1981-11-01","12m",7.452708,7.981217,0.528509,7.68354
"1981-12-01","12m",7.181049,7.721599,0.54055,7.318874
"1982-01-01","12m",6.869861,7.445874,0.576014,6.929848
"1982-02-01","12m",6.440309,7.078103,0.637794,6.17728
"1982-03-01","12m",6.277526,6.952322,0.674796,5.712573
"1982-04-01","12m",5.945861,6.694066,0.748205,5.305869
"1982-05-01","12m",5.888077,6.540708,0.652631,5.458002
"1982-06-01","12m",5.854506,6.544738,0.690232,5.800772
"1982-07-01","12m",5.881571,6.59253,0.710958,5.789498
"1982-08-01","12m",5.599916,6.370972,0.771055,5.456586
"1982-09-01","12m",5.25545,6.069426,0.813976,5.112356
"1982-10-01","12m",5.188825,6.109332,0.920508,5.22578
"1982-11-01","12m",4.910512,5.882908,0.972396,4.979291
"1982-12-01","12m",4.729837,5.828322,1.098484,4.814883
"1983-01-01","12m",4.753223,5.902543,1.149319,4.68155
"1983-02-01","12m",4.683095,5.886868,1.203773,4.544731
"1983-03-01","12m",4.443907,5.560187,1.11628,4.410631
"1983-04-01","12m",4.567544,5.462136,0.894593,4.834542
"1983-05-01","12m",4.331713,5.042557,0.710843,4.510838
"1983-06-01","12m",4.157276,5.005935,0.848659,4.145043
"1983-07-01","12m",3.879708,5.032659,1.152951,4.116169
"1983-08-01","12m",3.791058,5.090868,1.29981,4.238716
"1983-09-01","12m",3.86178,5.126071,1.264292,4.315433
"1983-10-01","12m",3.630224,4.64898,1.018756,3.908809
"1983-11-01","12m",3.739358,4.507193,0.767835,3.743644
"1983-12-01","12m",3.714726,4.253147,0.538421,3.643884
"1984-01-01","12m",3.648189,3.994896,0.346707,3.611728
"1984-02-01","12m",3.703897,4.158155,0.454258,4.131872
"1984-03-01","12m",3.856826,4.420508,0.563681,4.339422
"1984-04-01","12m",3.840159,4.595263,0.755103,4.261345
"1984-05-01","12m",3.764296,4.68692,0.922623,4.098396
"1984-06-01","12m",3.787435,4.445556,0.658121,3.896299
"1984-07-01","12m",3.878772,4.348528,0.469755,3.682187
"1984-08-01","12m",3.953342,4.408177,0.454835,3.55806
"1984-09-01","12m",3.739997,4.432798,0.692801,3.335806
"1984-10-01","12m",3.788898,4.504019,0.715121,3.40421
"1984-11-01","12m",3.767313,4.339871,0.572558,3.403617
"1984-12-01","12m",3.94961,4.565204,0.615594,3.638245
"1985-01-01","12m",3.803492,4.482872,0.67938,3.704482
"1985-02-01","12m",3.887171,4.532177,0.645006,3.489683
"1985-03-01","12m",3.88048,4.49858,0.6181,3.555297
"1985-04-01","12m",3.695348,4.254159,0.558811,3.311629
"1985-05-01","12m",3.766922,4.379916,0.612994,3.425494
"1985-06-01","12m",3.816681,4.405584,0.588904,3.522772
"1985-07-01","12m",3.612165,4.129638,0.517473,3.407218
"1985-08-01","12m",3.585788,4.119059,0.53327,3.431705
"1985-09-01","12m",3.547996,4.120777,0.572781,3.466027
"1985-10-01","12m",3.495205,4.053915,0.55871,3.394443
"1985-11-01","12m",3.624921,4.088464,0.463542,3.549026
"1985-12-01","12m",3.631749,3.959829,0.32808,3.604246
"1986-01-01","12m",3.747283,3.959164,0.211882,3.564043
"1986-02-01","12m",3.51372,3.753557,0.239837,3.085461
"1986-03-01","12m",3.332959,3.633003,0.300044,2.458341
"1986-04-01","12m",3.389835,3.781075,0.39124,2.101523
"1986-05-01","12m",3.316667,3.640756,0.324089,2.046497
"1986-06-01","12m",3.310891,3.623156,0.312264,2.148777
"1986-07-01","12m",3.34143,3.687924,0.346494,1.924379
"1986-08-01","12m",3.066693,3.631482,0.564789,1.715511
"1986-09-01","12m",3.193091,3.685324,0.492233,1.877143
"1986-10-01","12m",3.377831,3.855939,0.478109,1.889854
"1986-11-01","12m",3.33238,3.864799,0.532419,1.775848
"1986-12-01","12m",3.19712,3.792464,0.595344,1.575221
"1987-01-01","12m",2.890354,3.80273,0.912376,1.585624
"1987-02-01","12m",2.834111,3.868798,1.034687,1.9419
"1987-03-01","12m",2.825507,4.012569,1.187062,2.436632
"1987-04-01","12m",3.074861,4.165566,1.090705,3.029409
"1987-05-01","12m",3.1879,4.270278,1.082378,3.102372
"1987-06-01","12m",3.160947,4.20451,1.043562,3.108444
"1987-07-01","12m",3.240124,4.2398,0.999676,3.320694
"1987-08-01","12m",3.377949,4.458928,1.08098,3.599594
"1987-09-01","12m",3.447482,4.408515,0.961033,3.60923
"1987-10-01","12m",3.537199,4.32444,0.787241,3.752331
"1987-11-01","12m",3.533522,4.328829,0.795307,3.763086
"1987-12-01","12m",3.61664,4.254441,0.637801,3.812124
"1988-01-01","12m",3.65501,4.311179,0.656169,3.726828
"1988-02-01","12m",3.634295,4.301021,0.666727,3.517935
"1988-03-01","12m",3.610548,4.283813,0.673266,3.598652
"1988-04-01","12m",3.568419,4.148537,0.580118,3.715011
"1988-05-01","12m",3.550528,4.121096,0.570568,3.753188
"1988-06-01","12m",3.659359,4.274738,0.615379,3.801596
"1988-07-01","12m",3.853008,4.430072,0.577065,4.065225
"1988-08-01","12m",3.811011,4.336892,0.52588,3.962541
"1988-09-01","12m",3.967337,4.481185,0.513848,4.118233
"1988-10-01","12m",3.924093,4.432578,0.508485,4.127668
"1988-11-01","12m",3.969255,4.500784,0.531528,4.172194
"1988-12-01","12m",4.10625,4.6275,0.52125,4.304364
"1989-01-01","12m",4.165285,4.662491,0.497206,4.434495
"1989-02-01","12m",4.259686,4.713257,0.453571,4.626401
"1989-03-01","12m",4.261507,4.578541,0.317035,4.656795
"1989-04-01","12m",4.260287,4.422391,0.162104,4.843991
"1989-05-01","12m",4.344102,4.508263,0.164161,4.921671
"1989-06-01","12m",4.216315,4.373627,0.157312,4.705367
"1989-07-01","12m",4.059569,4.317161,0.257592,4.44812
"1989-08-01","12m",3.945935,4.30111,0.355174,4.152243
"1989-09-01","12m",3.750866,4.212891,0.462025,3.877787
"1989-10-01","12m",3.733126,4.402982,0.669856,3.94427
"1989-11-01","12m",3.724681,4.416512,0.691831,3.929763
"1989-12-01","12m",3.675436,4.482981,0.807545,3.906809
"1990-01-01","12m",3.550182,4.410337,0.860155,4.159032
"1990-02-01","12m",3.789029,4.451686,0.662656,4.271125
"1990-03-01","12m",3.977866,4.639637,0.661771,4.276478
"1990-04-01","12m",3.938537,4.603451,0.664914,3.804243
"1990-05-01","12m",3.93499,4.437303,0.502314,3.659283
"1990-06-01","12m",4.073327,4.630809,0.557483,3.890304
"1990-07-01","12m",4.068047,4.625642,0.557594,3.898432
"1990-08-01","12m",4.271342,4.715301,0.44396,4.576619
"1990-09-01","12m",4.262288,4.725028,0.462741,4.984894
"1990-10-01","12m",4.145923,4.553055,0.407133,5.17477
"1990-11-01","12m",4.018961,4.474487,0.455526,5.078954
"1990-12-01","12m",3.974742,4.433868,0.459127,4.873264
"1991-01-01","12m",3.975909,4.370226,0.394316,4.48141
"1991-02-01","12m",3.879931,4.17971,0.299779,4.075768
"1991-03-01","12m",3.578959,3.846453,0.267494,3.706402
"1991-04-01","12m",3.494545,3.756798,0.262253,3.676657
"1991-05-01","12m",3.576631,3.862551,0.28592,3.872491
"1991-06-01","12m",3.350998,3.579137,0.228139,3.59014
"1991-07-01","12m",3.218235,3.522256,0.304021,3.497546
"1991-08-01","12m",3.022951,3.375965,0.353014,3.053448
"1991-09-01","12m",3.005772,3.428197,0.422425,2.776813
"1991-10-01","12m",2.936369,3.305434,0.369065,2.382793
"1991-11-01","12m",3.075786,3.373282,0.297495,2.478321
"1991-12-01","12m",3.107407,3.484372,0.376965,2.638444
"1992-01-01","12m",2.986044,3.251294,0.26525,2.388152
"1992-02-01","12m",3.002939,3.247205,0.244266,2.596066
"1992-03-01","12m",3.090966,3.288879,0.197912,2.822561
"1992-04-01","12m",3.024193,3.420883,0.39669,2.91365
"1992-05-01","12m",2.903641,3.155344,0.251703,2.625597
"1992-06-01","12m",2.900172,3.012396,0.112223,2.634138
"1992-07-01","12m",2.907088,3.087878,0.18079,2.811271
"1992-08-01","12m",2.84165,2.968008,0.126358,2.709467
"1992-09-01","12m",2.656411,2.921952,0.265541,2.524781
"1992-10-01","12m",2.737576,2.969032,0.231456,2.695149
"1992-11-01","12m",2.706118,2.990884,0.284766,2.671603
"1992-12-01","12m",2.596019,2.920458,0.324439,2.5946
"1993-01-01","12m",2.595839,2.944562,0.348723,2.704429
"1993-02-01","12m",2.588123,2.938182,0.350059,2.59885
"1993-03-01","12m",2.521115,2.893653,0.372538,2.560803
"1993-04-01","12m",2.60511,2.986313,0.381203,2.557075
"1993-05-01","12m",2.656425,3.054955,0.398531,2.737212
"1993-06-01","12m",2.624681,3.087385,0.462704,2.590223
"1993-07-01","12m",2.597067,3.043261,0.446194,2.41641
"1993-08-01","12m",2.58316,3.033789,0.45063,2.454055
"1993-09-01","12m",2.612069,2.953016,0.340947,2.393546
"1993-10-01","12m",2.558189,2.843982,0.285792,2.353843
"1993-11-01","12m",2.491173,2.730868,0.239695,2.346091
"1993-12-01","12m",2.456966,2.727147,0.270181,2.19085
"1994-01-01","12m",2.246607,2.712099,0.465492,1.977243
"1994-02-01","12m",2.272831,2.736629,0.463798,2.059632
"1994-03-01","12m",2.39726,2.778945,0.381685,2.131318
"1994-04-01","12m",2.253722,2.669562,0.41584,1.980443
"1994-05-01","12m",2.135705,2.708548,0.572843,1.814178
"1994-06-01","12m",2.265137,2.718807,0.453669,2.027558
"1994-07-01","12m",2.267998,2.725225,0.457227,2.185708
"1994-08-01","12m",2.191517,2.725464,0.533947,2.246432
"1994-09-01","12m",2.192732,2.762031,0.569299,2.253288
"1994-10-01","12m",2.265668,2.750056,0.484388,2.105649
"1994-11-01","12m",2.189497,2.786964,0.597467,2.106242
"1994-12-01","12m",2.178043,2.69552,0.517477,2.148455
"1995-01-01","12m",2.3512,2.788476,0.437276,2.321505
"1995-02-01","12m",2.296896,2.701919,0.405023,2.265953
"1995-03-01","12m",2.199926,2.701673,0.501747,2.173287
"1995-04-01","12m",2.284196,2.748136,0.46394,2.320685
"1995-05-01","12m",2.230252,2.62245,0.392197,2.329416
"1995-06-01","12m",2.092322,2.586716,0.494394,2.180408
"1995-07-01","12m",2.039282,2.568855,0.529574,1.987034
"1995-08-01","12m",2.169558,2.578783,0.409224,1.971966
"1995-09-01","12m",2.148624,2.618514,0.46989,1.929304
"1995-10-01","12m",2.156785,2.680719,0.523934,2.020323
"1995-11-01","12m",2.035676,2.638494,0.602819,1.823804
"1995-12-01","12m",2.144792,2.671807,0.527015,1.953994
"1996-01-01","12m",2.006572,2.539344,0.532772,1.97387
"1996-02-01","12m",1.972677,2.520192,0.547515,1.95402
"1996-03-01","12m",1.95913,2.471236,0.512106,2.073623
"1996-04-01","12m",1.860263,2.410584,0.550321,2.111123
"1996-05-01","12m",1.864353,2.458108,0.593755,2.13005
"1996-06-01","12m",1.85405,2.485414,0.631365,2.029033
"1996-07-01","12m",1.884366,2.561131,0.676765,2.116457
"1996-08-01","12m",1.728488,2.574995,0.846507,1.994172
"1996-09-01","12m",1.903308,2.589465,0.686157,2.211927
"1996-10-01","12m",1.897253,2.558242,0.660989,2.256091
"1996-11-01","12m",1.964921,2.582204,0.617283,2.440992
"1996-12-01","12m",1.860398,2.59442,0.734022,2.363104
"1997-01-01","12m",1.853999,2.619777,0.765777,2.268743
"1997-02-01","12m",1.930226,2.637601,0.707375,2.320595
"1997-03-01","12m",1.937177,2.633582,0.696405,2.120203
"1997-04-01","12m",1.998661,2.665102,0.666441,1.915242
"1997-05-01","12m",1.895647,2.579373,0.683726,1.693394
"1997-06-01","12m",1.968084,2.602493,0.634409,1.825129
"1997-07-01","12m",1.846678,2.555173,0.708495,1.671072
"1997-08-01","12m",1.717541,2.497343,0.779802,1.655051
"1997-09-01","12m",1.620514,2.48485,0.864336,1.612973
"1997-10-01","12m",1.533518,2.429588,0.896071,1.438839
"1997-11-01","12m",1.431568,2.371259,0.939691,1.264445
"1997-12-01","12m",1.45213,2.318199,0.866069,1.125669
"1998-01-01","12m",1.49837,2.268162,0.769793,1.044211
"1998-02-01","12m",1.377472,2.276187,0.898715,0.781172
"1998-03-01","12m",1.244053,2.303248,1.059196,0.690637
"1998-04-01","12m",1.231844,2.295971,1.064128,0.716989
"1998-05-01","12m",1.256071,2.390566,1.134495,0.900914
"1998-06-01","12m",0.979682,2.306958,1.327276,0.686548
"1998-07-01","12m",1.19487,2.299036,1.104167,0.875075
"1998-08-01","12m",1.433587,2.407733,0.974146,0.933996
"1998-09-01","12m",1.206779,2.465465,1.258686,0.632965
"1998-10-01","12m",1.250764,2.465208,1.214444,0.72265
"1998-11-01","12m",1.237892,2.490167,1.252276,0.721195
"1998-12-01","12m",1.353675,2.537226,1.183551,0.844401
"1999-01-01","12m",1.343304,2.561715,1.21841,0.935874
"1999-02-01","12m",1.221773,2.50927,1.287497,0.932121
"1999-03-01","12m",1.144453,2.434818,1.290366,0.992787
"1999-04-01","12m",1.218233,2.44745,1.229217,1.354558
"1999-05-01","12m",1.217058,2.416369,1.199311,1.282178
"1999-06-01","12m",1.397993,2.442882,1.044889,1.399026
"1999-07-01","12m",1.294984,2.452174,1.15719,1.41811
"1999-08-01","12m",1.146868,2.391858,1.244991,1.462564
"1999-09-01","12m",1.431417,2.330211,0.898794,1.885545
"1999-10-01","12m",1.406693,2.296655,0.889962,1.833677
"1999-11-01","12m",1.485949,2.342514,0.856565,1.920647
"1999-12-01","12m",1.439597,2.318494,0.878897,2.054756
"2000-01-01","12m",1.538672,2.425428,0.886756,2.189137
"2000-02-01","12m",1.72237,2.499297,0.776927,2.568738
"2000-03-01","12m",1.90087,2.575629,0.674759,2.93088
"2000-04-01","12m",1.706536,2.569882,0.863346,2.35099
"2000-05-01","12m",1.718527,2.566425,0.847899,2.368949
"2000-06-01","12m",1.742113,2.656551,0.914438,2.684265
"2000-07-01","12m",1.791973,2.712782,0.920809,2.668814
"2000-08-01","12m",1.872573,2.683683,0.81111,2.475467
"2000-09-01","12m",1.850021,2.743273,0.893252,2.548096
"2000-10-01","12m",1.818477,2.797354,0.978877,2.514856
"2000-11-01","12m",1.900478,2.798458,0.89798,2.566328
"2000-12-01","12m",1.871088,2.841066,0.969978,2.484779
"2001-01-01","12m",2.005222,2.824256,0.819035,2.701443
"2001-02-01","12m",2.03588,2.909678,0.873798,2.537197
"2001-03-01","12m",1.932464,2.914321,0.981857,2.1087
"2001-04-01","12m",2.027688,2.975789,0.948101,2.373237
"2001-05-01","12m",1.942514,3.022604,1.08009,2.557649
"2001-06-01","12m",2.092196,3.05523,0.963034,2.391735
"2001-07-01","12m",2.122122,3.084141,0.962019,2.101733
"2001-08-01","12m",2.042095,3.220963,1.178868,2.096464
"2001-09-01","12m",1.216707,3.196125,1.979418,1.313096
"2001-10-01","12m",1.787327,3.243544,1.456217,1.531882
"2001-11-01","12m",1.814663,3.234008,1.419345,1.321568
"2001-12-01","12m",1.738727,3.20257,1.463843,1.062075
"2002-01-01","12m",1.418281,3.143417,1.725136,0.665937
"2002-02-01","12m",1.432899,3.112857,1.679958,0.679565
"2002-03-01","12m",1.448513,3.159031,1.710518,0.943308
"2002-04-01","12m",1.569683,3.093455,1.523772,1.187705
"2002-05-01","12m",1.658612,3.041946,1.383334,0.98826
"2002-06-01","12m",1.593333,2.976446,1.383113,0.936201
"2002-07-01","12m",1.53826,2.932006,1.393746,1.192164
"2002-08-01","12m",1.68772,2.802978,1.115258,1.402946
"2002-09-01","12m",2.13614,2.810297,0.674157,1.932817
"2002-10-01","12m",1.805516,2.785799,0.980283,1.760451
"2002-11-01","12m",1.697696,2.776162,1.078467,1.929985
"2002-12-01","12m",1.768886,2.821591,1.052705,2.133673
"2003-01-01","12m",1.780906,2.857943,1.077038,2.346515
"2003-02-01","12m",1.726869,2.735036,1.008166,2.604622
"2003-03-01","12m",1.768902,2.659464,0.890562,2.589655
"2003-04-01","12m",1.598448,2.517872,0.919424,1.988696
"2003-05-01","12m",1.631551,2.454096,0.822545,1.804808
"2003-06-01","12m",1.527072,2.369004,0.841932,1.788127
"2003-07-01","12m",1.574165,2.36798,0.793815,1.862736
"2003-08-01","12m",1.488856,2.37553,0.886674,2.006715
"2003-09-01","12m",1.464628,2.331923,0.867295,2.141339
"2003-10-01","12m",1.565904,2.360852,0.794948,1.968212
"2003-11-01","12m",1.605346,2.342618,0.737272,1.996177
"2003-12-01","12m",1.637101,2.239296,0.602195,2.122877
"2004-01-01","12m",1.828988,2.155933,0.326945,2.212407
"2004-02-01","12m",1.85327,2.224007,0.370737,2.000619
"2004-03-01","12m",1.860489,2.227583,0.367095,1.89643
"2004-04-01","12m",2.012449,2.485025,0.472576,2.259224
"2004-05-01","12m",2.005745,2.569446,0.563701,2.709538
"2004-06-01","12m",2.110064,2.66655,0.556487,2.890911
"2004-07-01","12m",1.975543,2.627509,0.651965,2.684538
"2004-08-01","12m",1.899904,2.636331,0.736427,2.391168
"2004-09-01","12m",1.949086,2.57851,0.629424,2.273917
"2004-10-01","12m",1.982084,2.484059,0.501974,2.700011
"2004-11-01","12m",2.062544,2.437509,0.374965,2.965626
"2004-12-01","12m",2.066267,2.487158,0.420891,2.793715
"2005-01-01","12m",2.17143,2.574489,0.403059,2.532031
"2005-02-01","12m",2.175439,2.625158,0.449719,2.598733
"2005-03-01","12m",2.255611,2.57446,0.318849,2.747509
"2005-04-01","12m",2.107509,2.423825,0.316315,2.844504
"2005-05-01","12m",2.176893,2.421872,0.24498,2.568966
"2005-06-01","12m",2.086366,2.327141,0.240775,2.341196
"2005-07-01","12m",2.114969,2.361477,0.246508,2.679432
"2005-08-01","12m",2.158872,2.332601,0.173729,3.040803
"2005-09-01","12m",2.193265,2.456434,0.263169,3.830021
"2005-10-01","12m",2.26522,2.55449,0.28927,3.551362
"2005-11-01","12m",2.30603,2.648674,0.342644,2.938409
"2005-12-01","12m",2.280881,2.621268,0.340387,2.883628
"2006-01-01","12m",2.14248,2.642288,0.499809,3.246938
"2006-02-01","12m",2.137706,2.573537,0.435831,3.022235
"2006-03-01","12m",2.167929,2.699746,0.531818,2.913671
"2006-04-01","12m",2.362185,2.852739,0.490554,3.102827
"2006-05-01","12m",2.408566,2.990094,0.581528,3.321535
"2006-06-01","12m",2.595788,3.191111,0.595323,3.511628
"2006-07-01","12m",2.545755,3.225417,0.679662,3.427346
"2006-08-01","12m",2.671352,3.331537,0.660185,3.335883
"2006-09-01","12m",2.606005,3.295672,0.689666,2.080027
"2006-10-01","12m",2.496915,3.321506,0.82459,1.67697
"2006-11-01","12m",2.284218,3.259763,0.975545,1.924673
"2006-12-01","12m",2.315602,3.403237,1.087635,2.286752
"2007-01-01","12m",2.500451,3.413205,0.912754,2.133263
"2007-02-01","12m",2.556467,3.49606,0.939593,2.389213
"2007-03-01","12m",2.376989,3.427351,1.050362,2.564899
"2007-04-01","12m",2.210974,3.267404,1.05643,2.330778
"2007-05-01","12m",2.075642,3.066671,0.991029,2.352983
"2007-06-01","12m",1.987266,2.921213,0.933946,2.317634
"2007-07-01","12m",2.041107,2.831444,0.790337,2.124726
"2007-08-01","12m",1.984841,2.763098,0.778256,1.873715
"2007-09-01","12m",2.102326,2.801033,0.698707,2.534687
"2007-10-01","12m",2.183509,2.787757,0.604248,3.088475
"2007-11-01","12m",2.335842,2.914805,0.578963,3.599627
"2007-12-01","12m",2.403393,2.889007,0.485614,3.471634
"2008-01-01","12m",2.193044,2.801774,0.60873,3.387407
"2008-02-01","12m",2.072405,2.708499,0.636094,3.272923
"2008-03-01","12m",2.169743,2.716239,0.546496,3.191143
"2008-04-01","12m",2.083723,2.769336,0.685613,3.139519
"2008-05-01","12m",2.148932,2.729716,0.580785,3.282144
"2008-06-01","12m",2.214095,2.767152,0.553057,3.811439
"2008-07-01","12m",2.244499,2.845659,0.601159,4.135655
"2008-08-01","12m",2.217939,2.781475,0.563537,3.980627
"2008-09-01","12m",2.043983,2.737583,0.6936,3.667838
"2008-10-01","12m",1.634402,2.602075,0.967673,2.671843
"2008-11-01","12m",1.390266,2.537802,1.147537,0.925029
"2008-12-01","12m",1.137828,2.336883,1.199055,0.129569
"2009-01-01","12m",0.905928,2.365372,1.459444,-0.111104
"2009-02-01","12m",0.887839,2.357027,1.469188,-0.131248
"2009-03-01","12m",0.762459,2.287291,1.524833,-0.525752
"2009-04-01","12m",0.927918,2.219756,1.291838,-0.567574
"2009-05-01","12m",0.822303,2.268561,1.446259,-0.889213
"2009-06-01","12m",0.720146,2.194473,1.474327,-1.018625
"2009-07-01","12m",0.625583,1.951382,1.325799,-1.466009
"2009-08-01","12m",0.650944,1.894326,1.243382,-1.10012
"2009-09-01","12m",0.72518,1.725578,1.000398,-1.022749
"2009-10-01","12m",1.2399,1.884673,0.644774,0.013385
"2009-11-01","12m",1.373476,1.800785,0.427309,1.460612
"2009-12-01","12m",1.438636,1.783614,0.344978,2.089718
"2010-01-01","12m",1.253574,1.690904,0.43733,2.301721
"2010-02-01","12m",1.13759,1.698654,0.561063,2.11633
"2010-03-01","12m",1.0499,1.77697,0.727069,2.372716
"2010-04-01","12m",0.99371,1.602975,0.609265,2.282122
"2010-05-01","12m",0.929,1.636856,0.707856,2.20847
"2010-06-01","12m",0.868321,1.555571,0.68725,1.562219
"2010-07-01","12m",0.913048,1.470588,0.557541,1.63739
"2010-08-01","12m",0.907732,1.417623,0.509891,1.482395
"2010-09-01","12m",0.958895,1.296828,0.337933,1.419551
"2010-10-01","12m",0.85287,1.078781,0.225911,1.35842
"2010-11-01","12m",0.896968,1.121579,0.224611,1.307197
"2010-12-01","12m",0.925954,1.056748,0.130795,1.477668
"2011-01-01","12m",1.043189,1.142065,0.098876,1.559865
"2011-02-01","12m",1.200855,1.253698,0.052842,1.845031
"2011-03-01","12m",1.21457,1.38675,0.17218,2.110546
"2011-04-01","12m",1.3947,1.500082,0.105382,2.488097
"2011-05-01","12m",1.523561,1.646594,0.123033,2.766247
"2011-06-01","12m",1.586329,1.714904,0.128575,2.788452
"2011-07-01","12m",1.728337,1.846484,0.118147,2.8757
"2011-08-01","12m",1.817355,1.89677,0.079415,2.97673
"2011-09-01","12m",1.850822,1.942044,0.091222,3.01903
"2011-10-01","12m",1.744722,2.050795,0.306073,2.693632
"2011-11-01","12m",1.827862,2.09552,0.267659,2.69926
"2011-12-01","12m",1.974961,2.193111,0.218151,2.526625
"2012-01-01","12m",2.061479,2.181321,0.119841,2.569312
"2012-02-01","12m",2.025848,2.15804,0.132192,2.513154
"2012-03-01","12m",2.034228,2.162087,0.127859,2.298027
"2012-04-01","12m",1.965337,2.157699,0.192362,1.999849
"2012-05-01","12m",1.826745,2.078269,0.251525,1.57694
"2012-06-01","12m",1.819258,2.027955,0.208696,1.54602
"2012-07-01","12m",1.773865,2.012792,0.238927,1.410026
"2012-08-01","12m",1.635923,1.999596,0.363674,1.511867
"2012-09-01","12m",1.691602,2.013379,0.321777,1.677971
"2012-10-01","12m",1.793579,2.000084,0.206505,1.976877
"2012-11-01","12m",1.712496,1.990317,0.27782,1.699102
"2012-12-01","12m",1.638237,1.956093,0.317856,1.624383
"2013-01-01","12m",1.591587,1.938259,0.346672,1.470808
"2013-02-01","12m",1.560132,2.006237,0.446106,1.604608
"2013-03-01","12m",1.480745,1.974819,0.494074,1.276993
"2013-04-01","12m",1.377063,1.917848,0.540786,1.041225
"2013-05-01","12m",1.392917,1.974066,0.58115,1.22903
"2013-06-01","12m",1.463651,2.073235,0.609584,1.505506
"2013-07-01","12m",1.487961,2.070664,0.582703,1.595113
"2013-08-01","12m",1.533251,2.036413,0.503162,1.404788
"2013-09-01","12m",1.529226,2.033714,0.504488,1.141285
"2013-10-01","12m",1.454818,2.048427,0.593609,0.976107
"2013-11-01","12m",1.51426,2.104624,0.590364,1.19547
"2013-12-01","12m",1.547362,2.096278,0.548916,1.3881
"2014-01-01","12m",1.452462,2.101433,0.648971,1.405405
"2014-02-01","12m",1.390118,2.03363,0.643513,1.093982
"2014-03-01","12m",1.447423,2.03144,0.584017,1.389703
"2014-04-01","12m",1.571266,2.111574,0.540308,1.673114
"2014-05-01","12m",1.623656,2.104144,0.480488,1.766166
"2014-06-01","12m",1.563545,2.094366,0.530821,1.651459
"2014-07-01","12m",1.610321,2.153352,0.54303,1.669242
"2014-08-01","12m",1.539749,2.132438,0.592689,1.506244
"2014-09-01","12m",1.554848,2.148451,0.593603,1.497249
"2014-10-01","12m",1.470914,2.171282,0.700368,1.332945
"2014-11-01","12m",1.392579,2.190961,0.798383,1.085759
"2014-12-01","12m",1.356346,2.17786,0.821513,0.732259
"2015-01-01","12m",1.209711,2.176104,0.966392,0.041402
"2015-02-01","12m",1.277482,2.257114,0.979632,0.170701
"2015-03-01","12m",1.28084,2.227564,0.946725,0.199349
"2015-04-01","12m",1.294373,2.27354,0.979167,0.110324
"2015-05-01","12m",1.247201,2.306163,1.058962,0.185286
"2015-06-01","12m",1.254154,2.283577,1.029422,0.270429
"2015-07-01","12m",1.17895,2.273755,1.094805,0.219733
"2015-08-01","12m",1.221255,2.274117,1.052862,0.239271
"2015-09-01","12m",1.232125,2.259037,1.026912,0.0657
"2015-10-01","12m",1.177989,2.180375,1.002387,0.095498
"2015-11-01","12m",1.196702,2.118761,0.922059,0.253878
"2015-12-01","12m",1.191701,2.109739,0.918039,0.345964
"2016-01-01","12m",1.40624,2.168562,0.762322,0.871149
"2016-02-01","12m",1.465886,2.158412,0.692526,0.64033
"2016-03-01","12m",1.457448,2.235761,0.778313,0.68551
"2016-04-01","12m",1.519949,2.221493,0.701544,0.925907
"2016-05-01","12m",1.568733,2.254283,0.68555,0.848685
"2016-06-01","12m",1.552404,2.236292,0.683888,0.829607
"2016-07-01","12m",1.599332,2.236463,0.637131,0.755084
"2016-08-01","12m",1.696443,2.279647,0.583203,0.88821
"2016-09-01","12m",1.685255,2.272,0.586745,1.219775
"2016-10-01","12m",1.782408,2.296396,0.513988,1.427003
"2016-11-01","12m",1.718859,2.263845,0.544985,1.397404
"2016-12-01","12m",1.770093,2.308665,0.538572,1.657158
"2017-01-01","12m",1.863335,2.314435,0.4511,2.00521
"2017-02-01","12m",1.867275,2.244902,0.377627,2.197137
"2017-03-01","12m",1.678655,2.202447,0.523793,1.906361
"2017-04-01","12m",1.636821,2.086695,0.449874,1.767473
"2017-05-01","12m",1.545521,1.954958,0.409437,1.557772
"2017-06-01","12m",1.576444,1.958502,0.382058,1.465548
"2017-07-01","12m",1.503111,1.864561,0.36145,1.485632
"2017-08-01","12m",1.433594,1.835982,0.402389,1.571909
"2017-09-01","12m",1.422587,1.795233,0.372646,1.757444
"2017-10-01","12m",1.541011,1.847002,0.305991,1.682041
"2017-11-01","12m",1.545376,1.900894,0.355518,1.793713
"2017-12-01","12m",1.576877,1.917616,0.34074,1.76641
"2018-01-01","12m",1.632037,1.942212,0.310175,1.757649
"2018-02-01","12m",1.644218,1.99225,0.348031,1.837608
"2018-03-01","12m",1.799574,1.986721,0.187147,1.998292
"2018-04-01","12m",1.792107,2.029902,0.237794,2.046628
"2018-05-01","12m",1.874493,2.122152,0.247658,2.266207
"2018-06-01","12m",1.894676,2.145968,0.251292,2.268308
"2018-07-01","12m",1.955059,2.198503,0.243444,2.338607
"2018-08-01","12m",1.895763,2.2176,0.321837,2.180411
"2018-09-01","12m",1.960295,2.294641,0.334346,2.00996
"2018-10-01","12m",1.870907,2.309936,0.439029,2.053098
"2018-11-01","12m",2.010245,2.390058,0.379813,1.941892
"2018-12-01","12m",2.013393,2.374581,0.361188,1.864691
"2019-01-01","12m",1.844427,2.326326,0.481899,1.431832
"2019-02-01","12m",1.744106,2.375319,0.631213,1.400174
"2019-03-01","12m",1.616068,2.41852,0.802452,1.521808
"2019-04-01","12m",1.636779,2.585774,0.948995,1.566338
"2019-05-01","12m",1.563175,2.557175,0.993999,1.465554
"2019-06-01","12m",1.656981,2.525542,0.868561,1.426065
"2019-07-01","12m",1.639119,2.59453,0.955411,1.45393
"2019-08-01","12m",1.745805,2.614612,0.868807,1.430416
"2019-09-01","12m",1.632014,2.583327,0.951313,1.283954
"2019-10-01","12m",1.623586,2.551245,0.927659,1.288562
"2019-11-01","12m",1.497718,2.454463,0.956745,1.358277
"2019-12-01","12m",1.544751,2.533848,0.989097,1.563763
"2020-01-01","12m",1.591329,2.587738,0.996409,1.794482
"2020-02-01","12m",1.697697,2.571989,0.874292,1.689097
"2020-03-01","12m",1.527295,2.530892,1.003597,1.166209
"2020-04-01","12m",0.995497,2.388205,1.392708,0.462461
"2020-05-01","12m",0.997378,2.448015,1.450636,0.490163
"2020-06-01","12m",0.970452,2.44716,1.476708,0.759538
"2020-07-01","12m",1.214337,2.429612,1.215276,0.922584
"2020-08-01","12m",1.393104,2.397225,1.004121,1.157519
"2020-09-01","12m",1.479692,2.301927,0.822236,1.276354
"2020-10-01","12m",1.421733,2.29283,0.871097,1.187486
"2020-11-01","12m",1.453522,2.197966,0.744444,1.186265
"2020-12-01","12m",1.50879,2.08989,0.5811,1.334522
"2021-01-01","12m",1.589367,1.9678,0.378433,1.507321
"2021-02-01","12m",1.646436,1.993771,0.347335,1.786312
"2021-03-01","12m",1.842836,2.134146,0.29131,2.63544
"2021-04-01","12m",1.923712,3.068279,1.144567,3.577688
"2021-05-01","12m",1.956795,3.435758,1.478963,3.970484
"2021-06-01","12m",2.005359,3.784249,1.77889,4.217896
"2021-07-01","12m",2.063093,3.844211,1.781119,4.383331
"2021-08-01","12m",2.122079,3.892895,1.770816,4.509393
"2021-09-01","12m",2.355486,3.925624,1.570137,4.655568
"2021-10-01","12m",2.604176,4.371274,1.767098,5.277173
"2021-11-01","12m",2.841591,4.797121,1.95553,5.868438
"2021-12-01","12m",3.096258,5.084234,1.987975,6.044523
"2022-01-01","12m",3.480347,5.325522,1.845175,6.234856
"2022-02-01","12m",3.66004,5.568657,1.908617,6.50971
"2022-03-01","12m",3.748579,5.560286,1.811707,6.920266
"2022-04-01","12m",3.796752,5.288716,1.491965,6.633939
"2022-05-01","12m",4.022504,5.169045,1.146541,6.784554
"2022-06-01","12m",4.460008,5.299386,0.839378,7.218316
"2022-07-01","12m",4.560189,5.399873,0.839684,6.85953
"2022-08-01","12m",4.777848,5.665687,0.887839,6.683455
"2022-09-01","12m",4.755797,5.6596,0.903803,6.693164
"2022-10-01","12m",4.797173,5.688972,0.891799,6.505872
"2022-11-01","12m",4.754485,5.581279,0.826793,6.089649
"2022-12-01","12m",4.708853,5.588949,0.880096,5.606309
"2023-01-01","12m",4.570557,5.649527,1.078971,5.555654
"2023-02-01","12m",4.539046,5.531059,0.992012,5.199788
"2023-03-01","12m",4.6086,5.709924,1.101325,4.491151
"2023-04-01","12m",4.694028,5.582011,0.887982,4.532296
"2023-05-01","12m",4.572868,5.282266,0.709398,4.097018
"2023-06-01","12m",4.149031,4.780523,0.631491,3.345578
"2023-07-01","12m",4.015811,4.634033,0.618221,3.361337
"2023-08-01","12m",3.765655,4.356171,0.590515,3.438131
"2023-09-01","12m",3.694874,4.281291,0.586417,3.491693
"2023-10-01","12m",3.529638,4.082835,0.553197,3.100032
"2023-11-01","12m",3.437178,4.09316,0.655982,2.888658
"2023-12-01","12m",3.225199,3.830758,0.605559,2.862163
"2024-01-01","12m",3.22446,3.766141,0.541681,2.74765
"2024-02-01","12m",3.178443,3.623051,0.444608,2.807194
"2024-03-01","12m",3.138607,3.514878,0.376271,2.951557
"2024-04-01","12m",3.016209,3.418135,0.401926,2.83853
"2024-05-01","12m",2.809484,3.41154,0.602056,2.697101
"2024-06-01","12m",2.779221,3.36499,0.58577,2.569554
"2024-07-01","12m",2.808852,3.241599,0.432746,2.595981
"2024-08-01","12m",2.801715,3.208764,0.407048,2.436665
"2024-09-01","12m",2.823141,3.214576,0.391434,2.259417
"2024-10-01","12m",2.844629,3.230921,0.386292,2.406279
"2024-11-01","12m",2.873153,3.207568,0.334415,2.491039
"2024-12-01","12m",2.90321,3.382206,0.478996,2.647832
"2025-01-01","12m",2.733873,3.126432,0.39256,2.63244
"2025-02-01","12m",2.733253,3.223892,0.490639,2.574768
"2025-03-01","12m",2.563598,3.22147,0.657871,2.255205
"2025-04-01","12m",2.676439,3.260696,0.584257,2.331108
"2025-05-01","12m",2.71405,3.209546,0.495496,2.463342
"2025-06-01","12m",2.816176,3.336668,0.520492,2.612061
"2025-07-01","12m",2.810808,3.413544,0.602736,2.590925
"2025-08-01","12m",2.851342,3.493591,0.642249,2.694304
"2025-09-01","12m",2.78384,3.332326,0.548486,2.783014
"2025-10-01","12m",2.649406,3.180738,0.531332,2.657412
"2025-11-01","12m",2.578453,3.073428,0.494975,2.710442
"2025-12-01","12m",2.528942,3.027,0.498057,2.777155
"2026-01-01","12m",2.506783,2.984362,0.47758,2.728367
"2026-02-01","12m",2.42572,2.959153,0.533432,2.801145
"2026-03-01","12m",2.408694,3.105223,0.696529,3.365404
"2026-04-01","12m",2.39748,3.083872,0.686393,3.573948
"2026-05-01","12m",2.452318,3.16171,0.709392,3.823334
"2026-06-01","12m",2.295195,3.041234,0.746039,3.45301
"2026-07-01","12m",2.294558,2.983468,0.68891,3.361543
"2026-08-01","12m",2.223821,3.007596,0.783775,3.419032
"1959-02-01","1m",0.932938,0.932938,0,1.193501
"1959-03-01","1m",0,1.401301,1.401301,0.793437
"1959-04-01","1m",2.535772,3.140476,0.604705,2.396054
"1959-05-01","1m",0.163866,1.474223,1.310357,0.632617
"1959-06-01","1m",2.158723,3.598995,1.440272,3.523168
"1959-07-01","1m",0.207747,2.877037,2.66929,2.543754
"1959-08-01","1m",0,1.931126,1.931126,1.738858
"1959-09-01","1m",1.733686,3.179779,1.446093,3.177494
"1959-10-01","1m",0.138348,2.078248,1.939901,2.928265
"1959-11-01","1m",0,2.229892,2.229892,0.781908
"1959-12-01","1m",0.054465,1.838795,1.78433,1.410543
"1960-01-01","1m",0,0.303874,0.303874,-0.697694
"1960-02-01","1m",0,2.299192,2.299192,1.252185
"1960-03-01","1m",0,0.159404,0.159404,0.701866
"1960-04-01","1m",1.90287,2.779676,0.876806,4.438452
"1960-05-01","1m",0,1.982273,1.982273,1.245605
"1960-06-01","1m",0,0.68102,0.68102,0.542652
"1960-07-01","1m",1.721306,2.151915,0.430609,2.185849
"1960-08-01","1m",0.084635,1.744749,1.660114,2.024591
"1960-09-01","1m",0.054631,0.98134,0.926709,0.695448
"1960-10-01","1m",0,0.6779,0.6779,1.394516
"1960-11-01","1m",0.350655,3.275177,2.924522,4.152346
"1960-12-01","1m",-0.373587,0.661366,1.034952,0.230142
"1961-01-01","1m",0,0.299887,0.299887,0.230098
"1961-02-01","1m",0,1.2042,1.2042,1.077742
"1961-03-01","1m",-0.099531,0.37452,0.47405,-0.686649
"1961-04-01","1m",0.091064,1.657005,1.565941,-0.687042
"1961-05-01","1m",0,1.578965,1.578965,0.691795
"1961-06-01","1m",0,1.804011,1.804011,0.537375
"1961-07-01","1m",0.132844,1.876999,1.744155,2.633808
"1961-08-01","1m",0,1.270892,1.270892,0.997466
"1961-09-01","1m",0.102551,2.401989,2.299438,1.382378
"1961-10-01","1m",-0.036547,0.371137,0.407685,-0.076203
"1961-11-01","1m",0.038381,0.39609,0.357709,0.076261
"1961-12-01","1m",-0.014588,1.041851,1.056439,0.305343
"1962-01-01","1m",1.415115,2.371107,0.955992,2.310405
"1962-02-01","1m",0.209497,2.014044,1.804547,3.241923
"1962-03-01","1m",1.518467,2.840404,1.321937,1.604806
"1962-04-01","1m",-0.289715,0.221083,0.510798,1.372279
"1962-05-01","1m",0,1.706138,1.706138,0.759394
"1962-06-01","1m",0,2.227494,2.227494,0.758914
"1962-07-01","1m",0,1.031995,1.031995,-0.678113
"1962-08-01","1m",0.101304,0.85322,0.751916,1.753283
"1962-09-01","1m",0.033088,2.370847,2.337758,6.051769
"1962-10-01","1m",-0.52696,0,0.52696,-1.195726
"1962-11-01","1m",0,0.881429,0.881429,0.830576
"1962-12-01","1m",-0.041649,0.366132,0.407781,-0.450084
"1963-01-01","1m",1.069448,2.289203,1.219756,2.972441
"1963-02-01","1m",0.042755,1.394772,1.352017,1.282719
"1963-03-01","1m",-0.037858,0.731035,0.768894,-0.96981
"1963-04-01","1m",0,1.466071,1.466071,-0.07497
"1963-05-01","1m",1.880626,2.454445,0.573819,1.967523
"1963-06-01","1m",0,2.051712,2.051712,2.652451
"1963-07-01","1m",0,1.092521,1.092521,2.417259
"1963-08-01","1m",0,1.091527,1.091527,1.652855
"1963-09-01","1m",0,2.191962,2.191962,-0.223166
"1963-10-01","1m",1.713162,2.704764,0.991602,2.333428
"1963-11-01","1m",0,1.086126,1.086126,1.723181
"1963-12-01","1m",0.065411,1.741401,1.675989,1.796136
"1964-01-01","1m",0.510348,1.665874,1.155527,2.549387
"1964-02-01","1m",0.386535,2.321402,1.934867,1.714511
"1964-03-01","1m",-0.158273,1.152379,1.310652,0.741103
"1964-04-01","1m",0,1.078965,1.078965,0.889377
"1964-05-01","1m",0,1.005799,1.005799,0.14762
"1964-06-01","1m",0,0.860827,0.860827,1.70952
"1964-07-01","1m",0,1.220628,1.220628,1.557592
"1964-08-01","1m",0,1.580617,1.580617,0.886203
"1964-09-01","1m",0,0.499806,0.499806,1.853001
"1964-10-01","1m",0,0.499598,0.499598,0.736329
"1964-11-01","1m",0.056402,1.721725,1.665324,1.699938
"1964-12-01","1m",0.054791,1.719259,1.664468,1.771935
"1965-01-01","1m",1.147918,1.64473,0.496812,1.324322
"1965-02-01","1m",-0.09714,1.426849,1.523989,0.512553
"1965-03-01","1m",0,0.710266,0.710266,1.544229
"1965-04-01","1m",0.630167,1.424309,0.794141,1.912645
"1965-05-01","1m",0.102063,2.212946,2.110883,2.727526
"1965-06-01","1m",-0.281806,1.036604,1.318409,3.543381
"1965-07-01","1m",0,1.206123,1.206123,0.872722
"1965-08-01","1m",0.197077,2.279105,2.082029,0.289925
"1965-09-01","1m",0.033801,1.41624,1.382439,0.58048
"1965-10-01","1m",-0.420831,0.944659,1.365489,0.362264
"1965-11-01","1m",1.477287,2.2729,0.795614,2.043601
"1965-12-01","1m",2.048484,3.710337,1.661853,4.418377
"1966-01-01","1m",0.350334,2.387236,2.036902,1.448114
"1966-02-01","1m",2.044911,2.977101,0.932189,5.071388
"1966-03-01","1m",0.033733,1.545637,1.511904,2.973224
"1966-04-01","1m",3.318969,4.406368,1.087399,4.219107
"1966-05-01","1m",1.297218,3.240681,1.943463,1.503956
"1966-06-01","1m",1.818546,3.947101,2.128555,3.024803
"1966-07-01","1m",1.979894,3.577215,1.597321,2.363718
"1966-08-01","1m",1.548982,2.31843,0.769447,4.69527
"1966-09-01","1m",3.256354,4.141933,0.885579,3.871653
"1966-10-01","1m",3.451964,4.127688,0.675724,3.206668
"1966-11-01","1m",1.501874,3.044928,1.543054,1.765336
"1966-12-01","1m",1.724213,3.739187,2.014974,2.547335
"1967-01-01","1m",1.091457,2.8588,1.767343,0.069822
"1967-02-01","1m",2.19182,3.203633,1.011813,1.404883
"1967-03-01","1m",0.053117,1.843109,1.789992,0.62924
"1967-04-01","1m",1.5905,3.362669,1.772169,2.039491
"1967-05-01","1m",1.352208,2.660676,1.308468,2.319825
"1967-06-01","1m",2.690805,3.538717,0.847912,3.886106
"1967-07-01","1m",2.441503,4.169996,1.728493,4.160573
"1967-08-01","1m",2.244953,3.739905,1.494953,3.78881
"1967-09-01","1m",4.027426,4.350361,0.322935,3.705772
"1967-10-01","1m",3.222679,4.541999,1.31932,3.41124
"1967-11-01","1m",2.691958,3.906336,1.214379,4.03776
"1967-12-01","1m",2.35907,3.144126,0.785056,1.924561
"1968-01-01","1m",4.090349,5.46197,1.371621,5.723083
"1968-02-01","1m",3.56268,5.299775,1.737096,4.985724
"1968-03-01","1m",2.391737,4.866952,2.475215,3.98232
"1968-04-01","1m",3.614403,4.508542,0.894139,3.829913
"1968-05-01","1m",4.226705,4.626533,0.399828,4.513362
"1968-06-01","1m",3.396511,4.810569,1.414057,3.941729
"1968-07-01","1m",2.553218,4.056165,1.502947,3.72219
"1968-08-01","1m",4.375758,4.775174,0.399416,5.021602
"1968-09-01","1m",4.258816,4.956077,0.697261,4.243115
"1968-10-01","1m",4.3381,5.002103,0.664003,5.396844
"1968-11-01","1m",3.930302,4.6511,0.720798,4.141271
"1968-12-01","1m",3.627681,4.474532,0.84685,2.511299
"1969-01-01","1m",3.673709,4.619029,0.945321,4.796975
"1969-02-01","1m",2.467337,4.210593,1.743256,3.095682
"1969-03-01","1m",4.423043,5.761227,1.338184,5.784139
"1969-04-01","1m",4.417373,4.692858,0.275485,5.417519
"1969-05-01","1m",4.03323,4.932877,0.899647,4.922584
"1969-06-01","1m",4.14686,4.35673,0.20987,5.976441
"1969-07-01","1m",5.137059,5.732423,0.595364,5.411325
"1969-08-01","1m",2.680094,3.925582,1.245488,3.344643
"1969-09-01","1m",4.402305,4.92205,0.519744,5.107096
"1969-10-01","1m",4.182705,5.2831,1.100395,4.167304
"1969-11-01","1m",4.384727,4.691247,0.30652,5.330542
"1969-12-01","1m",4.422214,4.547487,0.125273,5.634768
"1970-01-01","1m",3.723816,4.353225,0.62941,4.373678
"1970-02-01","1m",4.141214,4.702048,0.560834,4.874153
"1970-03-01","1m",4.456835,4.71827,0.261435,3.001343
"1970-04-01","1m",4.610529,4.851728,0.241199,6.264675
"1970-05-01","1m",3.091172,4.33952,1.248347,3.86246
"1970-06-01","1m",3.305884,4.385128,1.079244,3.157231
"1970-07-01","1m",4.17885,4.674732,0.495882,4.471789
"1970-08-01","1m",3.751098,4.230719,0.479621,3.199733
"1970-09-01","1m",4.343273,5.127117,0.783844,5.518454
"1970-10-01","1m",4.81989,6.081087,1.261197,6.127392
"1970-11-01","1m",4.18606,6.355477,2.169417,4.837918
"1970-12-01","1m",5.698883,6.200552,0.501668,5.443374
"1971-01-01","1m",3.632141,4.848036,1.215895,2.585353
"1971-02-01","1m",2.647481,4.650349,2.002868,3.55519
"1971-03-01","1m",2.570717,3.925228,1.354511,4.034093
"1971-04-01","1m",3.654969,4.55835,0.903381,4.817648
"1971-05-01","1m",4.148522,5.3653,1.216779,5.105181
"1971-06-01","1m",4.075801,4.871871,0.79607,5.451197
"1971-07-01","1m",3.304637,4.677312,1.372675,3.6686
"1971-08-01","1m",1.682047,4.046942,2.364896,3.53755
"1971-09-01","1m",2.018719,3.335348,1.316629,1.808366
"1971-10-01","1m",0.670269,1.902396,1.232127,1.864387
"1971-11-01","1m",1.853942,2.747815,0.893873,2.508683
"1971-12-01","1m",3.104133,3.822993,0.71886,4.823568
"1972-01-01","1m",3.290951,5.245046,1.954095,5.043938
"1972-02-01","1m",3.118163,3.284713,0.166551,4.843793
"1972-03-01","1m",2.377825,3.057292,0.679467,1.719731
"1972-04-01","1m",1.404429,2.820288,1.415859,1.83271
"1972-05-01","1m",1.918334,2.813676,0.895342,2.698211
"1972-06-01","1m",1.912583,2.68812,0.775537,1.825826
"1972-07-01","1m",3.1073,3.470814,0.363514,4.379513
"1972-08-01","1m",2.571622,3.829375,1.257753,3.546886
"1972-09-01","1m",3.581895,4.067437,0.485542,5.524087
"1972-10-01","1m",0.701483,2.897984,2.1965,1.349495
"1972-11-01","1m",3.103267,3.814416,0.711149,3.631675
"1972-12-01","1m",3.465131,3.651908,0.186778,3.908587
"1973-01-01","1m",0.750935,2.793417,2.042482,3.666305
"1973-02-01","1m",3.85954,4.123326,0.263786,6.491066
"1973-03-01","1m",4.108577,4.955107,0.846529,8.869992
"1973-04-01","1m",6.223398,7.173656,0.950258,9.278119
"1973-05-01","1m",4.431228,5.1321,0.700872,6.074148
"1973-06-01","1m",3.67091,5.326255,1.655345,7.0732
"1973-07-01","1m",2.315768,5.247897,2.932129,4.434106
"1973-08-01","1m",5.017005,5.717235,0.70023,14.761408
"1973-09-01","1m",3.679875,6.236804,2.55693,4.862183
"1973-10-01","1m",4.105822,4.742221,0.636399,7.007006
"1973-11-01","1m",4.956474,5.963061,1.006587,10.298409
"1973-12-01","1m",6.044983,7.410661,1.365677,10.324434
"1974-01-01","1m",5.500138,6.958703,1.458565,12.109251
"1974-02-01","1m",7.24107,7.914419,0.673349,14.908994
"1974-03-01","1m",8.263377,9.764119,1.500742,14.840761
"1974-04-01","1m",7.228088,9.359972,2.131885,8.811237
"1974-05-01","1m",9.706824,12.169185,2.462361,12.49323
"1974-06-01","1m",8.414314,13.03105,4.616735,10.685404
"1974-07-01","1m",7.64093,11.167051,3.52612,9.213275
"1974-08-01","1m",10.489035,12.686732,2.197697,13.291181
"1974-09-01","1m",9.538469,11.321196,1.782727,13.199247
"1974-10-01","1m",8.703184,9.817463,1.114279,8.948074
"1974-11-01","1m",7.182041,9.126879,1.944839,9.390241
"1974-12-01","1m",7.275335,8.806362,1.531028,9.92533
"1975-01-01","1m",7.205364,8.824935,1.619571,7.698022
"1975-02-01","1m",6.240563,8.838615,2.598051,6.719198
"1975-03-01","1m",3.88115,6.432181,2.551032,4.141447
"1975-04-01","1m",5.021301,6.593498,1.572197,4.127205
"1975-05-01","1m",3.907271,5.224585,1.317314,4.916122
"1975-06-01","1m",4.712482,6.005653,1.29317,7.763865
"1975-07-01","1m",5.877101,7.639608,1.762507,10.781637
"1975-08-01","1m",4.216044,4.893637,0.677593,5.335251
"1975-09-01","1m",6.520361,6.775497,0.255136,6.104579
"1975-10-01","1m",6.16359,8.212549,2.04896,7.196565
"1975-11-01","1m",5.89479,8.235782,2.340992,7.997744
"1975-12-01","1m",5.592427,7.525762,1.933335,6.828399
"1976-01-01","1m",5.084275,6.327598,1.243323,4.646491
"1976-02-01","1m",4.671801,6.059155,1.387353,1.565356
"1976-03-01","1m",3.954005,4.328868,0.374862,1.826037
"1976-04-01","1m",3.480479,4.809246,1.328767,2.746275
"1976-05-01","1m",5.60739,6.48175,0.874361,5.865054
"1976-06-01","1m",4.931249,5.905197,0.973949,5.387076
"1976-07-01","1m",5.115278,6.793148,1.67787,6.259548
"1976-08-01","1m",6.390515,7.456541,1.066026,6.810441
"1976-09-01","1m",5.774486,7.248234,1.473748,6.951062
"1976-10-01","1m",6.048359,6.147743,0.099383,6.466601
"1976-11-01","1m",5.57009,6.245043,0.674953,5.596779
"1976-12-01","1m",4.856508,6.697476,1.840969,6.930042
"1977-01-01","1m",6.683127,7.848347,1.16522,7.197573
"1977-02-01","1m",7.230255,8.229672,0.999418,9.805612
"1977-03-01","1m",5.213908,7.19732,1.983411,6.190995
"1977-04-01","1m",4.932696,6.080218,1.147523,7.19017
"1977-05-01","1m",5.885653,6.303476,0.417822,6.250304
"1977-06-01","1m",6.132003,7.413819,1.281816,6.939713
"1977-07-01","1m",5.621056,7.664664,2.043608,6.392875
"1977-08-01","1m",6.068212,6.437893,0.369681,5.731843
"1977-09-01","1m",5.004371,5.232037,0.227666,4.630768
"1977-10-01","1m",4.558002,5.970532,1.41253,5.723912
"1977-11-01","1m",6.39215,7.715392,1.323242,7.104176
"1977-12-01","1m",5.656227,6.358291,0.702064,5.99108
"1978-01-01","1m",4.588232,7.427561,2.839328,7.315774
"1978-02-01","1m",4.72133,5.641488,0.920158,5.722835
"1978-03-01","1m",6.223157,6.704673,0.481516,8.056057
"1978-04-01","1m",6.732896,8.040729,1.307833,9.481306
"1978-05-01","1m",7.303297,8.52294,1.219643,8.916019
"1978-06-01","1m",5.782373,6.900903,1.11853,8.123154
"1978-07-01","1m",6.507143,7.296867,0.789724,6.756146
"1978-08-01","1m",6.535846,6.855947,0.320101,6.247447
"1978-09-01","1m",6.968266,8.130851,1.162585,7.036006
"1978-10-01","1m",8.69505,9.173525,0.478475,9.996428
"1978-11-01","1m",6.653504,8.170226,1.516722,7.01533
"1978-12-01","1m",4.756425,6.795112,2.038687,5.750306
"1979-01-01","1m",6.323982,8.373726,2.049744,9.455435
"1979-02-01","1m",4.006278,8.921218,4.914941,6.584143
"1979-03-01","1m",6.607104,7.492413,0.885309,9.793347
"1979-04-01","1m",6.226905,11.677354,5.450448,13.258068
"1979-05-01","1m",9.303286,10.94523,1.641944,13.152437
"1979-06-01","1m",6.889908,7.832863,0.942955,10.373299
"1979-07-01","1m",6.194305,7.81732,1.623015,9.537517
"1979-08-01","1m",8.255726,9.68926,1.433534,9.573192
"1979-09-01","1m",8.325163,9.171457,0.846294,11.121318
"1979-10-01","1m",9.1321,10.817763,1.685663,10.24897
"1979-11-01","1m",7.631541,8.30029,0.668749,8.649661
"1979-12-01","1m",8.000493,8.967094,0.966601,10.557642
"1980-01-01","1m",9.51424,10.811519,1.297279,13.325905
"1980-02-01","1m",10.264438,12.640114,2.375676,13.796819
"1980-03-01","1m",9.401096,11.709206,2.30811,15.779767
"1980-04-01","1m",6.223074,7.585387,1.362313,6.437234
"1980-05-01","1m",9.005635,10.116422,1.110786,9.743317
"1980-06-01","1m",8.26393,9.726842,1.462913,7.846361
"1980-07-01","1m",6.636151,8.755366,2.119214,9.736566
"1980-08-01","1m",8.630991,9.033148,0.402157,10.464008
"1980-09-01","1m",9.632495,11.917189,2.284694,11.682602
"1980-10-01","1m",8.755731,10.330534,1.574803,10.043105
"1980-11-01","1m",8.502106,9.872653,1.370547,10.221705
"1980-12-01","1m",7.452466,9.073127,1.620661,8.074333
"1981-01-01","1m",9.315982,10.92739,1.611407,12.149407
"1981-02-01","1m",9.120894,10.030644,0.90975,12.842241
"1981-03-01","1m",6.872073,8.461672,1.589599,8.700356
"1981-04-01","1m",7.42414,8.103728,0.679588,5.363005
"1981-05-01","1m",6.755244,8.589855,1.834611,5.519532
"1981-06-01","1m",5.811131,6.521593,0.710463,4.896891
"1981-07-01","1m",6.968371,8.344323,1.375952,7.487377
"1981-08-01","1m",7.648803,8.338449,0.689646,7.773086
"1981-09-01","1m",7.375108,8.530864,1.155756,7.51303
"1981-10-01","1m",6.380236,7.396866,1.016631,5.575277
"1981-11-01","1m",6.228921,7.230146,1.001225,6.633816
"1981-12-01","1m",4.533815,5.967493,1.433678,3.763348
"1982-01-01","1m",5.567572,7.610899,2.043327,7.367062
"1982-02-01","1m",4.36753,4.839339,0.471809,3.672471
"1982-03-01","1m",5.236615,6.308239,1.071625,3.126805
"1982-04-01","1m",3.469553,4.856856,1.387303,0.600312
"1982-05-01","1m",6.06331,6.731595,0.668285,7.363432
"1982-06-01","1m",5.409274,6.373529,0.964255,9.062182
"1982-07-01","1m",7.297031,8.062862,0.765832,7.350024
"1982-08-01","1m",4.38128,5.666881,1.285601,3.772935
"1982-09-01","1m",3.246622,4.874805,1.628183,3.376506
"1982-10-01","1m",5.574996,7.882738,2.307742,6.950502
"1982-11-01","1m",2.904792,4.516347,1.611555,3.674695
"1982-12-01","1m",2.868893,3.888959,1.020066,1.830006
"1983-01-01","1m",5.850794,8.520054,2.66926,5.739525
"1983-02-01","1m",4.000204,4.536413,0.536209,2.058112
"1983-03-01","1m",1.539589,2.387165,0.847576,1.550578
"1983-04-01","1m",3.69404,6.06519,2.37115,5.612549
"1983-05-01","1m",1.746065,3.228202,1.482137,3.452144
"1983-06-01","1m",3.313752,5.755023,2.44127,4.568644
"1983-07-01","1m",3.915652,8.393349,4.477696,6.993417
"1983-08-01","1m",3.317343,6.371753,3.05441,5.248178
"1983-09-01","1m",4.094002,4.955516,0.861514,4.293205
"1983-10-01","1m",2.151966,2.932401,0.780435,2.053625
"1983-11-01","1m",2.829667,5.189823,2.360156,1.714372
"1983-12-01","1m",0.89863,2.990095,2.091465,0.661169
"1984-01-01","1m",4.059578,5.03877,0.979192,5.346523
"1984-02-01","1m",4.672959,7.831291,3.158333,8.37887
"1984-03-01","1m",4.213785,4.682679,0.468893,4.006241
"1984-04-01","1m",4.747034,5.795785,1.048751,4.66809
"1984-05-01","1m",2.326839,2.821163,0.494324,1.528521
"1984-06-01","1m",2.865919,4.428451,1.562532,2.158372
"1984-07-01","1m",5.018383,5.621739,0.603355,4.377266
"1984-08-01","1m",4.026613,4.291878,0.265264,3.746076
"1984-09-01","1m",1.849755,5.042495,3.19274,1.638698
"1984-10-01","1m",2.731292,3.777941,1.046649,2.867251
"1984-11-01","1m",2.215032,3.224157,1.009125,1.707369
"1984-12-01","1m",3.919004,5.691043,1.772038,3.436495
"1985-01-01","1m",3.280612,6.93638,3.655769,6.157321
"1985-02-01","1m",5.690024,6.404592,0.714568,5.715577
"1985-03-01","1m",4.133264,4.282558,0.149294,4.800294
"1985-04-01","1m",1.436999,2.572208,1.135209,1.750609
"1985-05-01","1m",3.177612,4.211952,1.03434,2.879493
"1985-06-01","1m",4.047259,4.737036,0.689777,3.317383
"1985-07-01","1m",2.320083,3.561694,1.241611,2.987727
"1985-08-01","1m",3.89296,6.049757,2.156797,4.041262
"1985-09-01","1m",2.505493,3.49601,0.990517,2.044162
"1985-10-01","1m",1.942444,3.321563,1.379119,2.016457
"1985-11-01","1m",2.982764,3.763017,0.780253,3.547184
"1985-12-01","1m",3.316346,4.677014,1.360668,4.100355
"1986-01-01","1m",4.670819,6.664295,1.993475,5.664054
"1986-02-01","1m",2.869874,3.237134,0.367259,0
"1986-03-01","1m",1.97199,3.715712,1.743723,-2.599466
"1986-04-01","1m",2.193418,4.344772,2.151354,-2.421113
"1986-05-01","1m",2.070597,2.51597,0.445373,2.216109
"1986-06-01","1m",3.666972,4.523796,0.856824,4.566903
"1986-07-01","1m",2.202693,3.090177,0.887484,0.305406
"1986-08-01","1m",2.482504,3.486408,1.003904,1.511426
"1986-09-01","1m",3.871385,4.143119,0.271734,4.007111
"1986-10-01","1m",3.87102,5.380326,1.509306,2.169301
"1986-11-01","1m",2.578132,3.3849,0.806767,2.165387
"1986-12-01","1m",1.568897,3.805548,2.236651,1.664366
"1987-01-01","1m",2.921028,4.984244,2.063216,5.793981
"1987-02-01","1m",2.469606,4.028391,1.558785,4.290716
"1987-03-01","1m",3.611634,4.556065,0.944432,3.226727
"1987-04-01","1m",5.014427,6.201571,1.187145,4.574766
"1987-05-01","1m",3.421978,3.759472,0.337493,3.088145
"1987-06-01","1m",3.307439,3.7354,0.427961,4.640816
"1987-07-01","1m",2.710427,3.509915,0.799488,2.811418
"1987-08-01","1m",4.136372,6.12734,1.990968,4.848876
"1987-09-01","1m",3.541582,4.866944,1.325363,4.123262
"1987-10-01","1m",4.008864,5.243293,1.23443,3.875563
"1987-11-01","1m",2.534423,3.437109,0.902687,2.292555
"1987-12-01","1m",2.118541,2.920847,0.802306,2.242411
"1988-01-01","1m",4.688946,5.824368,1.135423,4.75559
"1988-02-01","1m",2.489224,3.906896,1.417673,1.798109
"1988-03-01","1m",3.872383,5.254206,1.381823,4.196752
"1988-04-01","1m",4.503179,5.988906,1.485727,5.99297
"1988-05-01","1m",3.20954,4.162929,0.953389,3.544424
"1988-06-01","1m",4.61791,5.187344,0.569434,5.228195
"1988-07-01","1m",5.00703,5.389159,0.38213,5.988927
"1988-08-01","1m",3.026805,4.393397,1.366593,3.614107
"1988-09-01","1m",5.168597,6.620556,1.451959,6.009932
"1988-10-01","1m",3.490915,4.657264,1.166348,3.988576
"1988-11-01","1m",3.340904,3.80258,0.461676,2.818694
"1988-12-01","1m",3.50922,4.053951,0.54473,3.809978
"1989-01-01","1m",5.403563,6.249849,0.846286,6.334725
"1989-02-01","1m",3.087357,4.14295,1.055593,4.065667
"1989-03-01","1m",3.640714,4.036405,0.395691,4.560566
"1989-04-01","1m",4.105349,4.70712,0.601771,8.290525
"1989-05-01","1m",3.638857,4.989338,1.350481,4.468791
"1989-06-01","1m",3.242624,3.293698,0.051073,2.654268
"1989-07-01","1m",3.127402,4.70701,1.579608,2.906011
"1989-08-01","1m",1.684814,4.200799,2.515986,0.146289
"1989-09-01","1m",3.573416,4.244118,0.670702,2.705874
"1989-10-01","1m",4.442725,6.058704,1.615979,4.790041
"1989-11-01","1m",3.239991,3.964124,0.724133,2.646629
"1989-12-01","1m",3.462686,4.302698,0.840012,3.53518
"1990-01-01","1m",4.099914,4.71967,0.619756,9.473818
"1990-02-01","1m",3.757934,5.97719,2.219257,5.417558
"1990-03-01","1m",5.697291,6.305216,0.607926,4.625003
"1990-04-01","1m",3.633808,4.273437,0.639629,2.549949
"1990-05-01","1m",3.005604,3.726319,0.720715,2.731518
"1990-06-01","1m",4.772358,5.613891,0.841532,5.433546
"1990-07-01","1m",3.064642,4.64497,1.580328,3.002665
"1990-08-01","1m",5.114373,5.277409,0.163036,8.278472
"1990-09-01","1m",3.465548,4.268757,0.803209,7.622206
"1990-10-01","1m",3.836558,4.151426,0.314868,7.087075
"1990-11-01","1m",1.461342,3.030479,1.569137,1.530089
"1990-12-01","1m",1.678186,3.817113,2.138927,1.129176
"1991-01-01","1m",3.824709,6.154244,2.329535,4.664918
"1991-02-01","1m",2.224986,3.360371,1.135385,0.609769
"1991-03-01","1m",2.080446,2.533522,0.453076,0.255167
"1991-04-01","1m",2.429112,3.198265,0.769153,2.197552
"1991-05-01","1m",4.066861,4.88197,0.815109,5.084448
"1991-06-01","1m",2.207003,2.631238,0.424235,2.045362
"1991-07-01","1m",2.605263,3.71312,1.107858,1.903257
"1991-08-01","1m",2.524161,3.345673,0.821512,2.832834
"1991-09-01","1m",3.133754,4.902708,1.768955,4.206146
"1991-10-01","1m",2.677619,3.480973,0.803354,2.263099
"1991-11-01","1m",2.263875,3.74825,1.484375,2.672732
"1991-12-01","1m",2.997187,3.909837,0.91265,3.041744
"1992-01-01","1m",2.652854,3.320425,0.667571,1.642859
"1992-02-01","1m",2.816607,3.311264,0.494657,3.088963
"1992-03-01","1m",3.031256,3.304204,0.272949,2.943579
"1992-04-01","1m",2.15225,4.011065,1.858816,3.28929
"1992-05-01","1m",1.695727,2.614961,0.919234,1.608725
"1992-06-01","1m",0.937523,2.227067,1.289544,2.14733
"1992-07-01","1m",2.688046,4.628761,1.940715,4.033859
"1992-08-01","1m",1.10208,2.449052,1.346971,1.617562
"1992-09-01","1m",1.628255,2.581548,0.953294,1.979726
"1992-10-01","1m",3.388727,4.715024,1.326297,4.32104
"1992-11-01","1m",2.654136,4.012775,1.358639,2.390591
"1992-12-01","1m",2.252623,3.060378,0.807754,2.118192
"1993-01-01","1m",2.650693,3.551204,0.900511,2.956295
"1993-02-01","1m",2.316697,3.004117,0.687419,1.824445
"1993-03-01","1m",2.326792,2.769238,0.442446,2.486413
"1993-04-01","1m",3.161104,3.577556,0.416452,3.24424
"1993-05-01","1m",3.232492,4.137708,0.905216,3.771192
"1993-06-01","1m",1.149491,2.266237,1.116745,0.407331
"1993-07-01","1m",2.297758,2.512729,0.214971,1.93834
"1993-08-01","1m",1.96134,2.336098,0.374758,2.066694
"1993-09-01","1m",1.620674,1.972467,0.351793,1.259321
"1993-10-01","1m",1.983603,2.739161,0.755558,3.836666
"1993-11-01","1m",2.380642,3.141252,0.76061,2.29758
"1993-12-01","1m",0.540101,3.015601,2.4755,0.274874
"1994-01-01","1m",0.955558,3.027346,2.071789,0.403293
"1994-02-01","1m",2.632047,3.299704,0.667657,2.816023
"1994-03-01","1m",2.894977,4.157914,1.262938,3.353589
"1994-04-01","1m",1.816511,2.262471,0.44596,1.428809
"1994-05-01","1m",2.704531,3.732888,1.028357,1.759083
"1994-06-01","1m",2.388877,2.69845,0.309573,2.96182
"1994-07-01","1m",2.374482,2.547141,0.172658,3.85074
"1994-08-01","1m",1.353095,2.338954,0.985859,2.796918
"1994-09-01","1m",1.687839,2.055614,0.367776,1.340823
"1994-10-01","1m",2.147073,2.860485,0.713412,2.051786
"1994-11-01","1m",2.223137,3.091585,0.868448,2.304713
"1994-12-01","1m",0.404956,1.921196,1.51624,0.773476
"1995-01-01","1m",3.027828,4.152014,1.124187,2.463534
"1995-02-01","1m",1.880788,2.260675,0.379887,2.148176
"1995-03-01","1m",2.38401,3.275369,0.891359,2.235351
"1995-04-01","1m",2.585814,2.828545,0.242731,3.198697
"1995-05-01","1m",2.056424,2.220401,0.163977,1.863329
"1995-06-01","1m",1.047995,1.961867,0.913872,1.177017
"1995-07-01","1m",1.909641,2.160801,0.25116,1.516711
"1995-08-01","1m",2.353532,2.916855,0.563322,2.614818
"1995-09-01","1m",1.585644,2.530969,0.945325,0.833212
"1995-10-01","1m",2.959141,3.340942,0.3818,3.150714
"1995-11-01","1m",0.778324,2.584011,1.805687,-0.0352
"1995-12-01","1m",1.701029,2.318864,0.617835,2.330564
"1996-01-01","1m",1.367244,2.55093,1.183686,2.703503
"1996-02-01","1m",1.574623,2.031713,0.45709,1.909814
"1996-03-01","1m",2.47798,2.81521,0.33723,3.683878
"1996-04-01","1m",1.638378,2.0911,0.452722,3.65457
"1996-05-01","1m",2.105611,2.791083,0.685473,2.090135
"1996-06-01","1m",0.925417,2.288436,1.363019,-0.017367
"1996-07-01","1m",2.27423,3.070216,0.795986,2.565467
"1996-08-01","1m",1.043179,2.624202,1.581023,1.149913
"1996-09-01","1m",2.54873,3.700463,1.151733,3.447083
"1996-10-01","1m",2.812302,2.964142,0.15184,3.686822
"1996-11-01","1m",1.584373,2.872002,1.287629,2.155596
"1996-12-01","1m",0.457029,2.465176,2.008147,1.400806
"1997-01-01","1m",1.290853,2.855496,1.564643,1.573149
"1997-02-01","1m",1.964935,2.490597,0.525662,2.531586
"1997-03-01","1m",1.987442,2.899382,0.91194,1.273211
"1997-04-01","1m",2.154402,2.467971,0.313569,1.18546
"1997-05-01","1m",0.874998,1.765799,0.890801,-0.544911
"1997-06-01","1m",1.789763,2.565434,0.775672,1.547979
"1997-07-01","1m",0.822505,2.501225,1.67872,0.718755
"1997-08-01","1m",-0.483557,1.931923,2.415481,0.958815
"1997-09-01","1m",2.390903,2.554565,0.163662,2.934412
"1997-10-01","1m",0.946607,2.299868,1.35326,1.574546
"1997-11-01","1m",0.3671,2.17122,1.80412,0.067902
"1997-12-01","1m",0.701683,1.829693,1.12801,-0.254243
"1998-01-01","1m",1.301526,2.253522,0.951995,0.595671
"1998-02-01","1m",1.035208,2.340896,1.305688,-0.625883
"1998-03-01","1m",1.286022,2.96325,1.677228,0.186867
"1998-04-01","1m",1.843311,2.380539,0.537229,1.503689
"1998-05-01","1m",1.165084,2.900812,1.735728,1.65656
"1998-06-01","1m",-1.494788,1.564926,3.059713,-1.010872
"1998-07-01","1m",1.922854,3.431174,1.50832,3.005253
"1998-08-01","1m",2.029422,3.239229,1.209808,1.668733
"1998-09-01","1m",-0.197604,3.250498,3.448102,-0.689715
"1998-10-01","1m",1.980054,2.366098,0.386045,2.66617
"1998-11-01","1m",0.214093,2.470275,2.256182,0.050557
"1998-12-01","1m",1.569162,2.39218,0.823017,1.219807
"1999-01-01","1m",1.721243,2.546955,0.825712,1.696121
"1999-02-01","1m",-0.409179,1.714682,2.12386,-0.67022
"1999-03-01","1m",0.361475,2.069444,1.707969,0.911886
"1999-04-01","1m",2.435838,3.126873,0.691035,5.953895
"1999-05-01","1m",1.150988,2.526813,1.375826,0.788824
"1999-06-01","1m",0.639163,1.880883,1.24172,0.368288
"1999-07-01","1m",2.177295,2.517547,0.340252,3.238132
"1999-08-01","1m",0.58849,2.512236,1.923746,2.204789
"1999-09-01","1m",2.306435,3.224222,0.917788,4.393892
"1999-10-01","1m",1.894972,2.067083,0.172111,2.040747
"1999-11-01","1m",1.158029,3.022879,1.864851,1.080749
"1999-12-01","1m",1.534309,2.104171,0.569862,2.829668
"2000-01-01","1m",2.919864,3.840446,0.920581,3.314713
"2000-02-01","1m",1.77456,2.598465,0.823904,3.849124
"2000-03-01","1m",2.495337,2.985331,0.489994,5.271403
"2000-04-01","1m",0.791398,2.463229,1.671831,-0.991318
"2000-05-01","1m",1.294184,2.485355,1.191171,1.001243
"2000-06-01","1m",0.919552,2.960369,2.040817,4.141628
"2000-07-01","1m",2.779804,3.193446,0.413642,3.051881
"2000-08-01","1m",1.548419,2.164266,0.615847,-0.081118
"2000-09-01","1m",2.950344,3.223121,0.272777,5.285226
"2000-10-01","1m",1.688391,2.540455,0.852064,1.644546
"2000-11-01","1m",2.140004,3.036153,0.896149,1.691453
"2000-12-01","1m",1.18345,2.613176,1.429726,1.852853
"2001-01-01","1m",3.33732,4.557869,1.220549,5.966427
"2001-02-01","1m",2.142234,3.625963,1.483729,1.873583
"2001-03-01","1m",1.255688,3.041102,1.785414,0.111986
"2001-04-01","1m",1.927115,3.200021,1.272906,2.130987
"2001-05-01","1m",0.284094,3.045865,2.761771,3.206296
"2001-06-01","1m",2.712134,3.352325,0.640191,2.137797
"2001-07-01","1m",2.274172,3.541381,1.267208,-0.396534
"2001-08-01","1m",0.597592,3.803415,3.205823,-0.142966
"2001-09-01","1m",-6.609683,2.925449,9.535133,-4.009989
"2001-10-01","1m",2.204095,8.785107,6.581012,4.310076
"2001-11-01","1m",2.311134,2.922006,0.610872,-0.807677
"2001-12-01","1m",0.281576,2.238823,1.957247,-1.233674
"2002-01-01","1m",0.673701,2.926364,2.252662,1.088149
"2002-02-01","1m",2.319043,3.258128,0.939085,2.039204
"2002-03-01","1m",1.442886,3.596168,2.153282,3.304803
"2002-04-01","1m",2.32626,3.397659,1.071399,5.138091
"2002-05-01","1m",1.342821,2.429738,1.086917,0.7915
"2002-06-01","1m",1.923457,2.566707,0.64325,1.507759
"2002-07-01","1m",2.472974,3.006449,0.533476,2.677099
"2002-08-01","1m",2.047028,2.388943,0.341915,2.38185
"2002-09-01","1m",1.975399,3.013418,1.038019,2.185072
"2002-10-01","1m",1.020491,2.812854,1.792363,2.213029
"2002-11-01","1m",1.174942,2.806277,1.631335,1.193656
"2002-12-01","1m",1.12722,2.782443,1.655223,1.160923
"2003-01-01","1m",0.816474,3.363881,2.547407,3.645288
"2003-02-01","1m",1.669076,1.787189,0.118113,5.170372
"2003-03-01","1m",1.947013,2.685393,0.73838,3.124118
"2003-04-01","1m",0.733293,1.338519,0.605226,-2.019026
"2003-05-01","1m",1.657111,1.739768,0.082656,-1.367763
"2003-06-01","1m",0.673192,1.549139,0.875947,1.308359
"2003-07-01","1m",2.891203,3.044808,0.153605,3.583874
"2003-08-01","1m",1.361781,2.343222,0.981441,4.131968
"2003-09-01","1m",1.683656,2.488111,0.804455,3.815179
"2003-10-01","1m",2.212021,3.162174,0.950153,0.153319
"2003-11-01","1m",1.647435,2.586734,0.9393,1.527189
"2003-12-01","1m",1.507137,1.544131,0.036995,2.679227
"2004-01-01","1m",2.35705,3.124392,0.767342,4.740927
"2004-02-01","1m",1.960387,2.604123,0.643736,2.584971
"2004-03-01","1m",2.033752,2.728506,0.694754,1.867151
"2004-04-01","1m",3.167656,3.819955,0.652299,2.250179
"2004-05-01","1m",1.659567,2.67723,1.017663,3.97244
"2004-06-01","1m",1.915634,2.708828,0.793193,3.476121
"2004-07-01","1m",1.427537,2.525062,1.097525,1.118038
"2004-08-01","1m",0.463242,2.448843,1.985601,0.617472
"2004-09-01","1m",1.784007,2.274157,0.49015,2.39755
"2004-10-01","1m",2.028062,2.634946,0.606884,5.276777
"2004-11-01","1m",2.028974,2.613971,0.584997,4.723377
"2004-12-01","1m",1.551571,2.136298,0.584726,0.64082
"2005-01-01","1m",3.408619,4.406688,0.998069,1.585646
"2005-02-01","1m",2.008401,3.213979,1.205577,3.388684
"2005-03-01","1m",2.121165,2.998643,0.877478,3.653945
"2005-04-01","1m",1.388798,2.158129,0.76933,3.414511
"2005-05-01","1m",2.166426,2.653748,0.487322,0.678547
"2005-06-01","1m",0.837353,1.749683,0.91233,0.75213
"2005-07-01","1m",1.769083,2.938651,1.169568,5.202067
"2005-08-01","1m",0.982787,2.102582,1.119795,4.950064
"2005-09-01","1m",2.688106,3.309182,0.621076,12.215817
"2005-10-01","1m",2.950155,3.505502,0.555346,1.935882
"2005-11-01","1m",2.716558,3.159094,0.442536,-2.477858
"2005-12-01","1m",1.252411,1.809543,0.557132,0
"2006-01-01","1m",2.723912,3.663088,0.939175,5.974964
"2006-02-01","1m",1.951206,2.387417,0.436211,0.72064
"2006-03-01","1m",2.912467,3.639243,0.726776,2.350758
"2006-04-01","1m",3.084369,3.843603,0.759234,5.718627
"2006-05-01","1m",3.050284,4.310947,1.260663,3.271442
"2006-06-01","1m",3.071931,3.979404,0.907473,2.999167
"2006-07-01","1m",1.175122,3.350073,2.174951,4.178754
"2006-08-01","1m",2.477013,3.369309,0.892296,3.84175
"2006-09-01","1m",1.90656,2.856148,0.949589,-3.098712
"2006-10-01","1m",2.192637,3.516155,1.323519,-2.79045
"2006-11-01","1m",0.568005,2.421772,1.853767,0.411627
"2006-12-01","1m",1.625846,3.520082,1.894236,4.347187
"2007-01-01","1m",3.347013,4.97322,1.626206,4.082352
"2007-02-01","1m",2.621807,3.40498,0.783173,3.791659
"2007-03-01","1m",1.215032,2.816606,1.601574,4.478193
"2007-04-01","1m",1.725905,2.070631,0.344727,2.858873
"2007-05-01","1m",1.424844,1.968896,0.544051,3.540674
"2007-06-01","1m",2.00615,2.407592,0.401442,2.573112
"2007-07-01","1m",1.81793,2.273529,0.4556,1.846038
"2007-08-01","1m",1.800993,2.547875,0.746882,0.820043
"2007-09-01","1m",3.228543,3.324251,0.095708,4.720943
"2007-10-01","1m",3.171975,3.355853,0.183878,3.700436
"2007-11-01","1m",2.381926,3.951291,1.569365,6.551835
"2007-12-01","1m",2.433761,3.209105,0.775345,2.810658
"2008-01-01","1m",2.414723,2.732101,0.317378,3.070197
"2008-02-01","1m",1.177469,2.256204,1.078735,2.420847
"2008-03-01","1m",2.379365,2.90962,0.530255,3.489691
"2008-04-01","1m",0.702892,2.566921,1.864029,2.243077
"2008-05-01","1m",1.433231,2.266887,0.833655,5.271962
"2008-06-01","1m",2.679992,3.120992,0.441,9.061918
"2008-07-01","1m",2.181959,3.387289,1.20533,5.729224
"2008-08-01","1m",1.484101,1.782537,0.298436,-0.966384
"2008-09-01","1m",1.233833,2.784523,1.550689,1.002671
"2008-10-01","1m",-1.689082,1.825984,3.515066,-7.643308
"2008-11-01","1m",-0.530578,3.172567,3.703145,-13.277609
"2008-12-01","1m",-0.585109,0.826678,1.411786,-6.502566
"2009-01-01","1m",-0.367941,3.075818,3.443759,0.136297
"2009-02-01","1m",0.960026,2.156209,1.196184,2.173256
"2009-03-01","1m",0.862954,2.071424,1.208469,-1.310799
"2009-04-01","1m",1.52765,2.705246,1.177596,1.728432
"2009-05-01","1m",0.928987,2.015917,1.08693,1.257544
"2009-06-01","1m",1.514139,1.7909,0.276761,7.365273
"2009-07-01","1m",0.222745,1.036661,0.813916,0.135048
"2009-08-01","1m",1.101106,1.791457,0.690351,3.537804
"2009-09-01","1m",0.635615,2.133473,1.497858,1.954955
"2009-10-01","1m",2.020314,4.511858,2.491543,4.650482
"2009-11-01","1m",0.877087,2.157786,1.280699,3.039429
"2009-12-01","1m",0.604416,1.027689,0.423273,0.696418
"2010-01-01","1m",0.77095,1.789581,1.018631,2.660346
"2010-02-01","1m",0.552047,1.052397,0.50035,-0.026623
"2010-03-01","1m",0.671059,1.798982,1.127923,1.703981
"2010-04-01","1m",0.617959,0.977227,0.359268,0.653393
"2010-05-01","1m",0.702628,1.333606,0.630978,0.386021
"2010-06-01","1m",0.576615,1.037449,0.460834,-0.503599
"2010-07-01","1m",0.026739,0.757335,0.730596,1.028057
"2010-08-01","1m",1.155694,1.972849,0.817155,1.658899
"2010-09-01","1m",0.683228,1.477356,0.794128,1.199892
"2010-10-01","1m",0.742043,1.84398,1.101937,3.89604
"2010-11-01","1m",1.290567,1.570447,0.27988,2.416292
"2010-12-01","1m",0.253177,1.112844,0.859666,2.748666
"2011-01-01","1m",2.184619,2.598673,0.414054,3.662661
"2011-02-01","1m",1.909208,2.45109,0.541881,3.39442
"2011-03-01","1m",1.831164,2.299397,0.468233,4.931774
"2011-04-01","1m",2.340073,2.787933,0.447861,5.211294
"2011-05-01","1m",2.322682,2.889854,0.567172,3.704613
"2011-06-01","1m",1.325347,1.855279,0.529932,-0.245313
"2011-07-01","1m",1.719123,2.095196,0.376072,2.061918
"2011-08-01","1m",2.41782,2.578672,0.160852,2.863411
"2011-09-01","1m",0.81608,2.019733,1.203653,1.699869
"2011-10-01","1m",0.578134,2.272093,1.693959,0.025719
"2011-11-01","1m",1.824563,2.570902,0.746339,2.48366
"2011-12-01","1m",2.004946,2.278783,0.273836,0.695105
"2012-01-01","1m",2.274464,3.648131,1.373667,4.181776
"2012-02-01","1m",1.605013,1.691292,0.086279,2.71714
"2012-03-01","1m",2.058934,2.318655,0.259721,2.319635
"2012-04-01","1m",1.830992,2.287336,0.456344,1.589677
"2012-05-01","1m",1.224156,1.706752,0.482597,-1.339054
"2012-06-01","1m",1.009142,1.254456,0.245313,-0.609097
"2012-07-01","1m",1.247791,1.913272,0.665482,0.433733
"2012-08-01","1m",0.764398,2.419556,1.655158,4.109892
"2012-09-01","1m",1.480845,2.185287,0.704441,3.714873
"2012-10-01","1m",1.557926,2.951595,1.393668,3.611926
"2012-11-01","1m",1.092526,1.707621,0.615095,-0.81648
"2012-12-01","1m",0.88969,1.867694,0.978004,-0.189092
"2013-01-01","1m",2.05999,2.452447,0.392457,2.308119
"2013-02-01","1m",1.314104,2.447209,1.133105,4.354302
"2013-03-01","1m",1.105719,1.94112,0.835401,-1.569947
"2013-04-01","1m",0.104974,1.603695,1.498721,-1.212214
"2013-05-01","1m",1.414283,2.182919,0.768637,0.884149
"2013-06-01","1m",2.086748,2.442419,0.355672,2.697756
"2013-07-01","1m",1.53927,1.882473,0.343203,1.502837
"2013-08-01","1m",1.305331,2.007899,0.702568,1.793429
"2013-09-01","1m",1.432583,2.152858,0.720275,0.526628
"2013-10-01","1m",1.823703,2.289091,0.465388,1.599505
"2013-11-01","1m",1.995209,2.381769,0.38656,1.80027
"2013-12-01","1m",1.285181,1.767817,0.482636,2.114859
"2014-01-01","1m",1.30938,2.121847,0.812467,2.517863
"2014-02-01","1m",0.56952,1.633799,1.06428,0.572844
"2014-03-01","1m",1.609501,1.914863,0.305362,1.941333
"2014-04-01","1m",1.812454,2.565414,0.75296,2.152856
"2014-05-01","1m",2.01492,2.09374,0.07882,1.997708
"2014-06-01","1m",1.364477,2.324754,0.960277,1.317242
"2014-07-01","1m",1.796202,2.591081,0.794879,1.716127
"2014-08-01","1m",0.464218,1.757572,1.293354,-0.147757
"2014-09-01","1m",1.613733,2.345224,0.731492,0.419787
"2014-10-01","1m",1.042306,2.563776,1.52147,-0.356657
"2014-11-01","1m",1.066618,2.618654,1.552036,-1.139979
"2014-12-01","1m",0.851707,1.611359,0.759652,-2.088867
"2015-01-01","1m",-0.435496,2.100789,2.536286,-5.60828
"2015-02-01","1m",1.380602,2.604991,1.224389,2.143818
"2015-03-01","1m",1.562019,1.834101,0.272082,2.291735
"2015-04-01","1m",2.236768,3.120312,0.883544,1.069032
"2015-05-01","1m",1.474989,2.485221,1.010232,2.917997
"2015-06-01","1m",1.448044,2.053992,0.605947,2.355339
"2015-07-01","1m",1.195577,2.472927,1.27735,1.100719
"2015-08-01","1m",0.969448,1.761896,0.792447,0.086095
"2015-09-01","1m",1.744758,2.164289,0.419531,-1.647066
"2015-10-01","1m",0.395794,1.621018,1.225224,0
"2015-11-01","1m",1.291159,1.878571,0.587412,0.753536
"2015-12-01","1m",0.791912,1.503686,0.711774,-1.004186
"2016-01-01","1m",1.687816,2.80884,1.121025,0.493643
"2016-02-01","1m",1.926075,2.482739,0.556664,-0.625915
"2016-03-01","1m",1.732523,2.488632,0.756108,2.844153
"2016-04-01","1m",2.329243,2.995105,0.665861,4.003108
"2016-05-01","1m",2.061688,2.880419,0.81873,1.977015
"2016-06-01","1m",1.252504,1.838727,0.586223,2.123225
"2016-07-01","1m",1.758161,2.474988,0.716826,0.207673
"2016-08-01","1m",1.625229,2.278895,0.653666,1.684585
"2016-09-01","1m",1.604334,2.17001,0.565675,2.302608
"2016-10-01","1m",1.552924,1.9382,0.385276,2.484627
"2016-11-01","1m",0.53485,1.490231,0.955381,0.40127
"2016-12-01","1m",1.402808,2.038826,0.636018,2.082281
"2017-01-01","1m",2.319572,3.255831,0.936258,4.701112
"2017-02-01","1m",1.43748,2.14589,0.70841,1.64116
"2017-03-01","1m",-0.505049,1.979126,2.484176,-0.612816
"2017-04-01","1m",1.557273,2.487755,0.930482,2.314854
"2017-05-01","1m",0.966925,1.298545,0.33162,-0.516198
"2017-06-01","1m",1.623125,1.881213,0.258088,1.015916
"2017-07-01","1m",0.880082,1.347701,0.467619,0.44595
"2017-08-01","1m",1.303595,1.935093,0.631498,2.726803
"2017-09-01","1m",1.472115,1.755732,0.283617,4.567718
"2017-10-01","1m",2.182165,2.985009,0.802843,1.577022
"2017-11-01","1m",0.586728,2.136558,1.54983,1.732479
"2017-12-01","1m",1.780923,2.23994,0.459018,1.754201
"2018-01-01","1m",2.918972,3.930711,1.011739,4.593006
"2018-02-01","1m",1.989037,2.292899,0.303861,2.603713
"2018-03-01","1m",1.578654,2.652312,1.073658,1.285416
"2018-04-01","1m",1.529134,2.186893,0.657759,2.898207
"2018-05-01","1m",2.122697,2.403091,0.280394,2.083187
"2018-06-01","1m",1.090101,2.166698,1.076596,1.040826
"2018-07-01","1m",1.589921,1.974966,0.385045,1.277648
"2018-08-01","1m",0.117704,2.163901,2.046197,0.83737
"2018-09-01","1m",2.07593,2.506201,0.430271,2.493614
"2018-10-01","1m",1.906782,2.720093,0.81331,2.093681
"2018-11-01","1m",2.250181,3.100532,0.850352,0.410146
"2018-12-01","1m",1.794613,2.114689,0.320076,0.833333
"2019-01-01","1m",1.588319,2.59468,1.006361,-0.617519
"2019-02-01","1m",1.090275,2.839459,1.749184,2.220077
"2019-03-01","1m",1.11283,2.430083,1.317253,2.753031
"2019-04-01","1m",2.437099,4.092836,1.655737,3.441131
"2019-05-01","1m",1.090648,2.061037,0.970389,0.874227
"2019-06-01","1m",1.500392,2.216237,0.715845,0.569956
"2019-07-01","1m",1.375925,2.801431,1.425507,1.612037
"2019-08-01","1m",1.38607,2.404122,1.018053,0.557285
"2019-09-01","1m",0.882185,2.131812,1.249627,0.731679
"2019-10-01","1m",1.805418,2.335261,0.529844,2.14943
"2019-11-01","1m",0.740766,1.938968,1.198202,1.242623
"2019-12-01","1m",1.671165,3.007593,1.336428,3.313925
"2020-01-01","1m",2.148905,3.243618,1.094713,2.125758
"2020-02-01","1m",2.36774,2.650175,0.282436,0.957377
"2020-03-01","1m",-0.901602,1.93868,2.840282,-3.411003
"2020-04-01","1m",-3.819374,2.367753,6.187127,-4.870916
"2020-05-01","1m",1.261393,2.778761,1.517367,1.208515
"2020-06-01","1m",1.779,1.889699,0.110699,3.853145
"2020-07-01","1m",2.575293,4.353646,1.778353,3.602802
"2020-08-01","1m",2.016249,3.555913,1.539664,3.402546
"2020-09-01","1m",0.997019,1.920871,0.923852,2.160903
"2020-10-01","1m",1.109866,2.22611,1.116245,1.079002
"2020-11-01","1m",0.810306,1.12033,0.310023,1.227958
"2020-12-01","1m",1.51743,3.357239,1.83981,5.145134
"2021-01-01","1m",1.771689,3.126188,1.354499,4.23525
"2021-02-01","1m",2.638205,3.059953,0.421748,4.337925
"2021-03-01","1m",2.168283,4.957217,2.788934,6.71447
"2021-04-01","1m",2.59893,7.284337,4.685407,6.154811
"2021-05-01","1m",2.51522,5.679812,3.164592,5.911532
"2021-06-01","1m",2.369067,6.086283,3.717216,6.857866
"2021-07-01","1m",3.274137,5.079445,1.805307,5.59363
"2021-08-01","1m",2.882585,4.140006,1.257422,4.911064
"2021-09-01","1m",2.306824,4.649242,2.342418,3.888842
"2021-10-01","1m",4.607378,6.437256,1.829878,8.523413
"2021-11-01","1m",3.743444,6.183956,2.440512,8.26497
"2021-12-01","1m",4.575512,6.806921,2.231408,7.263023
"2022-01-01","1m",6.003856,6.466862,0.463006,6.502577
"2022-02-01","1m",4.79752,5.951342,1.153823,7.62377
"2022-03-01","1m",2.754412,4.857395,2.102983,11.756629
"2022-04-01","1m",3.172055,6.040311,2.868257,2.793274
"2022-05-01","1m",4.247396,7.174519,2.927122,7.720687
"2022-06-01","1m",7.656873,8.851058,1.194185,12.184542
"2022-07-01","1m",4.118714,5.077537,0.958823,1.430608
"2022-08-01","1m",5.482212,6.537333,1.055121,2.85539
"2022-09-01","1m",3.746066,5.103111,1.357045,4.002354
"2022-10-01","1m",4.864687,5.954199,1.089513,6.259294
"2022-11-01","1m",3.23748,3.504709,0.267229,3.295518
"2022-12-01","1m",4.030169,4.895013,0.864844,1.543536
"2023-01-01","1m",4.791642,7.077037,2.285395,5.891171
"2023-02-01","1m",4.202313,4.419206,0.216893,3.349546
"2023-03-01","1m",4.047533,4.893187,0.845654,3.050257
"2023-04-01","1m",3.881584,4.510763,0.629179,3.280043
"2023-05-01","1m",3.5798,4.015746,0.435945,2.45961
"2023-06-01","1m",2.535997,2.951996,0.415999,2.843378
"2023-07-01","1m",1.671659,3.328166,1.656507,1.61637
"2023-08-01","1m",1.485991,3.191491,1.7055,3.776156
"2023-09-01","1m",2.900023,3.992284,1.092261,4.650447
"2023-10-01","1m",2.711953,3.559697,0.847744,1.532868
"2023-11-01","1m",2.053638,3.511959,1.458322,0.782675
"2023-12-01","1m",1.695676,2.069758,0.374082,1.230204
"2024-01-01","1m",5.158957,6.280116,1.12116,4.485176
"2024-02-01","1m",2.491034,3.715237,1.224203,4.070555
"2024-03-01","1m",3.196675,4.492327,1.295652,4.800186
"2024-04-01","1m",2.345858,3.344686,0.998828,1.927573
"2024-05-01","1m",1.522149,3.500566,1.978417,0.781443
"2024-06-01","1m",2.232796,2.588919,0.356123,1.321066
"2024-07-01","1m",1.857672,2.023965,0.166294,1.93099
"2024-08-01","1m",2.156883,2.798349,0.641466,1.858805
"2024-09-01","1m",3.157676,3.750092,0.592415,2.498066
"2024-10-01","1m",3.370882,3.756669,0.385787,3.296573
"2024-11-01","1m",1.689627,3.231311,1.541684,1.788242
"2024-12-01","1m",2.041619,3.851277,1.809659,3.10429
"2025-01-01","1m",2.58761,4.044158,1.456548,4.297327
"2025-02-01","1m",2.949694,3.850983,0.901288,3.370952
"2025-03-01","1m",1.371728,3.528649,2.156921,0.948682
"2025-04-01","1m",3.117913,3.816954,0.699041,2.839204
"2025-05-01","1m",2.24438,2.887013,0.642633,2.35537
"2025-06-01","1m",3.046056,3.7541,0.708043,3.09996
"2025-07-01","1m",1.920599,2.770707,0.850108,1.679324
"2025-08-01","1m",2.720848,3.757282,1.036434,3.097349
"2025-09-01","1m",1.826649,2.821562,0.994913,3.565611
"2025-10-01","1m",1.760078,2.147848,0.387769,1.791967
"2025-11-01","1m",1.810325,1.950296,0.139972,2.421009
"2025-12-01","1m",2.48737,3.854048,1.366678,3.910795
"2026-01-01","1m",2.321858,4.847564,2.525706,3.704757
"2026-02-01","1m",1.976982,4.107476,2.130494,4.25318
"2026-03-01","1m",2.727915,3.225259,0.497344,7.802217
"2026-04-01","1m",2.908511,3.447874,0.539364,5.35681
"2026-05-01","1m",2.90339,3.782891,0.879501,5.352273
"2026-06-01","1m",1.61121,2.534132,0.922922,-1.227411
"2026-07-01","1m",1.52476,3.029233,1.504472,0.605767
"2026-08-01","1m",2.080648,3.010014,0.929366,3.787558
"1959-04-01","3m",1.792454,1.792454,0,1.458717
"1959-05-01","3m",1.091212,1.974095,0.882883,1.270918
"1959-06-01","3m",1.866223,2.705538,0.839315,2.177008
"1959-07-01","3m",1.107818,2.646286,1.538468,2.226112
"1959-08-01","3m",1.052651,2.800116,1.747465,2.599334
"1959-09-01","3m",0.794586,2.661267,1.866682,2.48501
"1959-10-01","3m",0.771312,2.394872,1.62356,2.612948
"1959-11-01","3m",0.771312,2.494816,1.723505,2.29021
"1959-12-01","3m",0.064255,2.048851,1.984597,1.702926
"1960-01-01","3m",0.018152,1.454104,1.435952,0.494356
"1960-02-01","3m",0.018152,1.477023,1.458872,0.650426
"1960-03-01","3m",0,0.88801,0.88801,0.415422
"1960-04-01","3m",0.910677,1.525525,0.614848,2.117643
"1960-05-01","3m",0.827105,1.420576,0.593472,2.115431
"1960-06-01","3m",0.826199,1.624642,0.798443,2.061586
"1960-07-01","3m",0.71222,1.596168,0.883948,1.322468
"1960-08-01","3m",0.740625,1.517232,0.776607,1.581663
"1960-09-01","3m",0.758967,1.61807,0.859103,1.633095
"1960-10-01","3m",0.046416,1.133668,1.087252,1.370064
"1960-11-01","3m",0.134977,1.638226,1.503249,2.069923
"1960-12-01","3m",0.151246,1.181597,1.030351,1.912461
"1961-01-01","3m",0.151246,1.054803,0.903557,1.520836
"1961-02-01","3m",0.034458,0.374754,0.340296,0.511868
"1961-03-01","3m",0,0.625369,0.625369,0.204473
"1961-04-01","3m",0.030346,1.077178,1.046833,-0.102099
"1961-05-01","3m",0.030346,1.201789,1.171444,-0.229409
"1961-06-01","3m",0.030346,1.679951,1.649605,0.178805
"1961-07-01","3m",0.044262,1.753246,1.708984,1.283186
"1961-08-01","3m",0.044262,1.650275,1.606013,1.385572
"1961-09-01","3m",0.078449,1.848911,1.770462,1.668824
"1961-10-01","3m",0.034172,1.344603,1.310431,0.765987
"1961-11-01","3m",0.046968,0.993658,0.946689,0.458686
"1961-12-01","3m",0.012792,0.54452,0.531727,0.101678
"1962-01-01","3m",0.797096,0.891911,0.094816,0.892368
"1962-02-01","3m",0.854534,1.489547,0.635013,1.94517
"1962-03-01","3m",1.57215,2.088183,0.516033,2.383518
"1962-04-01","3m",0.747834,1.685948,0.938114,2.069624
"1962-05-01","3m",0.564317,1.58354,1.019222,1.244864
"1962-06-01","3m",0,1.381331,1.381331,0.963116
"1962-07-01","3m",0,1.654031,1.654031,0.277769
"1962-08-01","3m",0.033757,1.131809,1.098052,0.606403
"1962-09-01","3m",0.044789,1.179059,1.13427,2.338042
"1962-10-01","3m",0.044789,0.808795,0.764006,2.159955
"1962-11-01","3m",0.011028,1.05472,1.043692,1.850219
"1962-12-01","3m",-0.112566,0.39072,0.503286,-0.275249
"1963-01-01","3m",0.355219,1.175666,0.820446,1.107813
"1963-02-01","3m",0.369519,1.346989,0.977469,1.258717
"1963-03-01","3m",0.369519,1.469663,1.100144,1.082194
"1963-04-01","3m",0.01425,1.196751,1.182501,0.075035
"1963-05-01","3m",0.62103,1.465177,0.844147,0.300075
"1963-06-01","3m",0.811544,1.906687,1.095143,1.508364
"1963-07-01","3m",0.811544,1.781476,0.969932,2.34535
"1963-08-01","3m",0,1.410913,1.410913,2.239964
"1963-09-01","3m",0,1.457348,1.457348,1.27622
"1963-10-01","3m",0.751221,1.99386,1.242639,1.24858
"1963-11-01","3m",0.770767,1.992043,1.221276,1.271923
"1963-12-01","3m",0.792734,1.841929,1.049195,1.950552
"1964-01-01","3m",0.191663,1.497378,1.305714,2.022219
"1964-02-01","3m",0.320589,1.909139,1.588549,2.01932
"1964-03-01","3m",0.298725,1.712094,1.413369,1.665647
"1964-04-01","3m",0.128679,1.51599,1.387311,1.114092
"1964-05-01","3m",0,1.07903,1.07903,0.592189
"1964-06-01","3m",0,0.981823,0.981823,0.91349
"1964-07-01","3m",0,1.028977,1.028977,1.135791
"1964-08-01","3m",0,1.220264,1.220264,1.383806
"1964-09-01","3m",0,1.09935,1.09935,1.431457
"1964-10-01","3m",0,0.858722,0.858722,1.157303
"1964-11-01","3m",0.018797,0.905403,0.886606,1.428549
"1964-12-01","3m",0.037061,1.311888,1.274827,1.401632
"1965-01-01","3m",0.418386,1.695232,1.276845,1.598542
"1965-02-01","3m",0.407561,1.59687,1.189309,1.201593
"1965-03-01","3m",0.38923,1.259827,0.870597,1.12606
"1965-04-01","3m",0.217648,1.186579,0.968931,1.321406
"1965-05-01","3m",0.243697,1.447318,1.203621,2.060271
"1965-06-01","3m",0.280815,1.113107,0.832292,2.725693
"1965-07-01","3m",0.07105,1.040549,0.969499,2.375092
"1965-08-01","3m",0.102702,1.062345,0.959643,1.558855
"1965-09-01","3m",0.076922,1.632764,1.555842,0.580761
"1965-10-01","3m",0.08624,1.085216,0.998975,0.410814
"1965-11-01","3m",0.747196,1.181214,0.434019,0.992698
"1965-12-01","3m",1.489142,1.839683,0.350541,2.26124
"1966-01-01","3m",1.772091,2.46071,0.688619,2.628716
"1966-02-01","3m",1.961496,2.637828,0.676331,3.633889
"1966-03-01","3m",1.618688,1.708628,0.08994,3.153568
"1966-04-01","3m",2.166312,2.969745,0.803434,4.084336
"1966-05-01","3m",1.852923,3.057524,1.204601,2.892774
"1966-06-01","3m",2.141326,3.863609,1.722284,2.909951
"1966-07-01","3m",1.698135,3.587931,1.889796,2.295596
"1966-08-01","3m",1.782319,3.246926,1.464607,3.356621
"1966-09-01","3m",2.25918,3.189228,0.930048,3.639041
"1966-10-01","3m",2.748865,3.525795,0.77693,3.922748
"1966-11-01","3m",2.732974,3.596452,0.863478,2.944123
"1966-12-01","3m",2.222315,3.585223,1.362908,2.504753
"1967-01-01","3m",1.69822,2.619046,0.920826,1.455546
"1967-02-01","3m",1.95433,2.900174,0.945843,1.335619
"1967-03-01","3m",1.603576,2.0287,0.425124,0.699828
"1967-04-01","3m",1.510931,2.46381,0.952879,1.35623
"1967-05-01","3m",1.206142,2.620272,1.41413,1.660152
"1967-06-01","3m",1.876174,3.030348,1.154174,2.745272
"1967-07-01","3m",2.159848,3.297896,1.138048,3.452313
"1967-08-01","3m",2.458925,3.658611,1.199687,3.945044
"1967-09-01","3m",2.901544,4.086439,1.184895,3.884864
"1967-10-01","3m",3.162443,4.210193,1.04775,3.635148
"1967-11-01","3m",3.312563,4.265892,0.953329,3.717942
"1967-12-01","3m",2.757287,3.817225,1.059937,3.120702
"1968-01-01","3m",3.044403,4.120866,1.076463,3.883495
"1968-02-01","3m",3.334821,4.58424,1.249419,4.198061
"1968-03-01","3m",3.345813,5.209266,1.863453,4.894614
"1968-04-01","3m",3.188058,4.891258,1.703199,4.264728
"1968-05-01","3m",3.40813,4.667236,1.259106,4.10812
"1968-06-01","3m",3.745279,4.648474,0.903195,4.094572
"1968-07-01","3m",3.389888,4.497262,1.107374,4.05856
"1968-08-01","3m",3.448477,4.546724,1.098247,4.226963
"1968-09-01","3m",3.735261,4.595082,0.859822,4.327604
"1968-10-01","3m",4.333621,4.911072,0.577452,4.886085
"1968-11-01","3m",4.17559,4.869644,0.694054,4.592197
"1968-12-01","3m",3.964954,4.552229,0.587275,4.009755
"1969-01-01","3m",3.743812,4.511274,0.767461,3.812054
"1969-02-01","3m",3.25473,4.159782,0.905052,3.463457
"1969-03-01","3m",3.518223,4.861567,1.343344,4.553023
"1969-04-01","3m",3.76515,4.886228,1.121078,4.758983
"1969-05-01","3m",4.291056,5.127993,0.836937,5.374156
"1969-06-01","3m",4.19903,4.610384,0.411355,5.437969
"1969-07-01","3m",4.437876,4.955493,0.517618,5.435904
"1969-08-01","3m",3.983099,4.606015,0.622917,4.904678
"1969-09-01","3m",4.107355,4.684884,0.577529,4.61704
"1969-10-01","3m",3.791395,4.536384,0.744989,4.203861
"1969-11-01","3m",4.395946,4.965183,0.569238,4.867101
"1969-12-01","3m",4.372538,4.840129,0.467591,5.042297
"1970-01-01","3m",4.219071,4.423075,0.204004,5.11162
"1970-02-01","3m",4.095352,4.426666,0.331313,4.959587
"1970-03-01","3m",4.106855,4.441133,0.334278,4.080039
"1970-04-01","3m",4.402676,4.704372,0.301695,4.70484
"1970-05-01","3m",4.050598,4.583387,0.532789,4.367065
"1970-06-01","3m",3.667027,4.525203,0.858175,4.41969
"1970-07-01","3m",3.524235,4.466355,0.942119,3.829104
"1970-08-01","3m",3.744665,4.430031,0.685366,3.607794
"1970-09-01","3m",4.192108,4.676883,0.484775,4.39235
"1970-10-01","3m",4.377921,5.143594,0.765672,4.940911
"1970-11-01","3m",4.449394,5.853249,1.403855,5.493273
"1970-12-01","3m",4.990983,6.212313,1.221329,5.468246
"1971-01-01","3m",4.585565,5.799182,1.213618,4.281598
"1971-02-01","3m",3.985086,5.23073,1.245644,3.854545
"1971-03-01","3m",2.948981,4.473784,1.524802,3.389786
"1971-04-01","3m",2.95654,4.377478,1.420938,4.134345
"1971-05-01","3m",3.574553,4.614634,1.040081,4.651327
"1971-06-01","3m",4.0865,4.931315,0.844815,5.124356
"1971-07-01","3m",4.022964,4.971096,0.948131,4.738807
"1971-08-01","3m",3.733402,3.989134,0.255733,4.215474
"1971-09-01","3m",2.784013,3.741935,0.957922,3.001337
"1971-10-01","3m",1.867625,2.673843,0.806219,2.400303
"1971-11-01","3m",1.932086,2.222293,0.290207,2.059985
"1971-12-01","3m",1.993431,2.8214,0.827969,3.05775
"1972-01-01","3m",2.747689,3.933591,1.185902,4.11905
"1972-02-01","3m",3.171047,4.114308,0.943261,4.903719
"1972-03-01","3m",3.074793,3.628975,0.554182,3.857925
"1972-04-01","3m",2.443409,2.842507,0.399098,2.78863
"1972-05-01","3m",2.044532,2.670388,0.625855,2.082617
"1972-06-01","3m",1.74483,2.70224,0.95741,2.118096
"1972-07-01","3m",2.3112,2.918378,0.607178,2.962409
"1972-08-01","3m",2.61082,3.306,0.69518,3.245251
"1972-09-01","3m",3.168038,3.710751,0.542712,4.480354
"1972-10-01","3m",2.437581,3.541392,1.10381,3.459429
"1972-11-01","3m",2.652352,3.536419,0.884067,3.487661
"1972-12-01","3m",2.515544,3.444931,0.929387,2.956835
"1973-01-01","3m",2.532322,3.409878,0.877557,3.735449
"1973-02-01","3m",2.744266,3.467235,0.722969,4.680891
"1973-03-01","3m",3.17307,3.678761,0.505691,6.321149
"1973-04-01","3m",4.924664,5.320442,0.395778,8.206045
"1973-05-01","3m",5.027986,5.617394,0.589408,8.06465
"1973-06-01","3m",4.769731,5.754407,0.984676,7.466849
"1973-07-01","3m",3.468929,5.104569,1.63564,5.854883
"1973-08-01","3m",3.662028,5.430263,1.768234,8.669166
"1973-09-01","3m",3.665016,5.733207,2.068191,7.915967
"1973-10-01","3m",4.466653,5.5636,1.096946,8.795014
"1973-11-01","3m",4.337795,5.645359,1.307564,7.366003
"1973-12-01","3m",5.245216,5.849439,0.604223,9.198764
"1974-01-01","3m",5.499596,6.511624,1.012029,10.907471
"1974-02-01","3m",6.259581,7.42221,1.162629,12.431773
"1974-03-01","3m",6.995434,7.902564,0.90713,13.9455
"1974-04-01","3m",7.57642,9.009937,1.433517,12.817017
"1974-05-01","3m",8.394669,10.424163,2.029494,12.020816
"1974-06-01","3m",8.751656,11.508996,2.75734,10.653077
"1974-07-01","3m",8.891047,12.11984,3.228794,10.789191
"1974-08-01","3m",9.149232,12.124118,2.974886,11.050529
"1974-09-01","3m",9.216377,11.555865,2.339488,11.884955
"1974-10-01","3m",9.574468,11.102589,1.528121,11.794319
"1974-11-01","3m",8.476143,10.08471,1.608567,10.49617
"1974-12-01","3m",7.799546,9.249421,1.449875,9.420486
"1975-01-01","3m",7.37181,8.376265,1.004455,9.000384
"1975-02-01","3m",7.050608,8.280754,1.230146,8.105889
"1975-03-01","3m",5.876697,7.487384,1.610687,6.175577
"1975-04-01","3m",5.084522,7.08781,2.003288,4.988918
"1975-05-01","3m",4.30952,5.889145,1.579625,4.394275
"1975-06-01","3m",4.545962,5.747505,1.201543,5.59091
"1975-07-01","3m",4.829169,6.285197,1.456028,7.793951
"1975-08-01","3m",5.159831,5.944538,0.784707,7.937302
"1975-09-01","3m",5.761582,6.180119,0.418537,7.380448
"1975-10-01","3m",5.692548,6.598127,0.905579,6.209389
"1975-11-01","3m",6.679241,7.243128,0.563887,7.096816
"1975-12-01","3m",6.368564,7.304926,0.936362,7.339794
"1976-01-01","3m",5.5233,7.360155,1.836855,6.481794
"1976-02-01","3m",5.115493,6.242349,1.126855,4.324344
"1976-03-01","3m",4.568983,5.247473,0.67849,2.669876
"1976-04-01","3m",4.084104,4.617345,0.533241,2.044635
"1976-05-01","3m",4.393297,4.880272,0.486975,3.464775
"1976-06-01","3m",4.719401,5.281071,0.56167,4.657098
"1976-07-01","3m",5.217585,6.100642,0.883057,5.836624
"1976-08-01","3m",5.477023,6.423426,0.946403,6.150736
"1976-09-01","3m",5.758811,7.065981,1.30717,6.673266
"1976-10-01","3m",6.103945,6.820231,0.716286,6.742508
"1976-11-01","3m",5.830503,6.298217,0.467714,6.33667
"1976-12-01","3m",5.523458,6.115945,0.592487,6.329703
"1977-01-01","3m",5.700573,6.619177,0.918604,6.572492
"1977-02-01","3m",6.251765,7.295159,1.043393,7.969993
"1977-03-01","3m",6.795543,7.757603,0.96206,7.720673
"1977-04-01","3m",6.260737,7.064574,0.803837,7.718193
"1977-05-01","3m",5.81472,6.417124,0.602404,6.542842
"1977-06-01","3m",5.648849,6.597579,0.94873,6.792655
"1977-07-01","3m",5.879365,7.125683,1.246318,6.527217
"1977-08-01","3m",5.948551,7.046597,1.098046,6.353663
"1977-09-01","3m",5.571986,6.296895,0.724909,5.582657
"1977-10-01","3m",5.216605,5.74032,0.523716,5.360902
"1977-11-01","3m",5.415291,6.161681,0.74639,5.814784
"1977-12-01","3m",5.632977,6.331393,0.698416,6.271379
"1978-01-01","3m",5.643156,6.724849,1.081693,6.802092
"1978-02-01","3m",5.279244,6.163217,0.883973,6.340956
"1978-03-01","3m",5.467211,6.278341,0.811131,7.027117
"1978-04-01","3m",6.183235,6.480161,0.296926,7.74223
"1978-05-01","3m",6.949224,7.348176,0.398952,8.816215
"1978-06-01","3m",6.991759,7.41394,0.422181,8.838733
"1978-07-01","3m",6.916272,7.166857,0.250585,7.92808
"1978-08-01","3m",6.31721,6.94021,0.622999,7.039326
"1978-09-01","3m",6.776938,7.098243,0.321305,6.679367
"1978-10-01","3m",7.503138,7.808281,0.305144,7.747944
"1978-11-01","3m",7.648333,8.356786,0.708453,8.006898
"1978-12-01","3m",6.845863,7.90876,1.062897,7.5727
"1979-01-01","3m",5.908059,7.679517,1.771458,7.396053
"1979-02-01","3m",5.024467,7.928137,2.903671,7.251618
"1979-03-01","3m",5.802538,8.162528,2.359989,8.601374
"1979-04-01","3m",7.031913,7.549249,0.517336,9.844738
"1979-05-01","3m",7.514985,9.889722,2.374737,12.056322
"1979-06-01","3m",7.609972,9.83134,2.221368,12.253277
"1979-07-01","3m",7.995533,8.597344,0.601811,11.010385
"1979-08-01","3m",7.123742,8.442934,1.319192,9.827326
"1979-09-01","3m",7.64305,8.889812,1.246762,10.074874
"1979-10-01","3m",8.62666,9.890681,1.264021,10.312674
"1979-11-01","3m",8.519527,9.424869,0.905342,10.001878
"1979-12-01","3m",8.536798,9.06088,0.524082,9.815563
"1980-01-01","3m",8.531138,9.058831,0.527693,10.827817
"1980-02-01","3m",9.408986,10.36203,0.953044,12.551001
"1980-03-01","3m",9.879913,11.28011,1.400197,14.295903
"1980-04-01","3m",8.615549,10.193106,1.577557,11.931448
"1980-05-01","3m",8.20064,9.363926,1.163286,10.58633
"1980-06-01","3m",7.979832,8.971269,0.991437,8.000488
"1980-07-01","3m",8.119621,9.042431,0.92281,9.105082
"1980-08-01","3m",7.995612,8.683682,0.68807,9.343394
"1980-09-01","3m",8.292696,9.892658,1.599962,10.624816
"1980-10-01","3m",9.005496,10.420664,1.415168,10.727727
"1980-11-01","3m",8.962369,10.703336,1.740966,10.646707
"1980-12-01","3m",8.50503,9.211215,0.706185,9.442039
"1981-01-01","3m",8.691031,9.407795,0.716764,10.135896
"1981-02-01","3m",9.157697,9.494327,0.336629,11.001901
"1981-03-01","3m",8.837902,9.289338,0.451436,11.215815
"1981-04-01","3m",7.974896,8.767821,0.792925,8.925678
"1981-05-01","3m",7.12343,7.799457,0.676027,6.516607
"1981-06-01","3m",6.663018,7.556222,0.893204,5.259477
"1981-07-01","3m",6.511957,7.403037,0.89108,5.962203
"1981-08-01","3m",6.84733,7.50228,0.65495,6.711232
"1981-09-01","3m",7.371188,8.173997,0.802809,7.591087
"1981-10-01","3m",7.174043,7.963338,0.789295,6.949285
"1981-11-01","3m",6.660212,7.59392,0.933708,6.571095
"1981-12-01","3m",5.874222,6.378804,0.504581,5.317462
"1982-01-01","3m",5.603934,6.449425,0.845491,5.909926
"1982-02-01","3m",5.141442,5.612995,0.471552,4.920294
"1982-03-01","3m",5.214087,5.895628,0.68154,4.705307
"1982-04-01","3m",4.51242,4.984428,0.472008,2.457742
"1982-05-01","3m",4.917566,5.651633,0.734067,3.659496
"1982-06-01","3m",4.974913,5.926029,0.951117,5.611197
"1982-07-01","3m",6.25366,6.994776,0.741115,7.922229
"1982-08-01","3m",5.688982,6.637806,0.948824,6.705501
"1982-09-01","3m",4.961185,6.077934,1.11675,4.818039
"1982-10-01","3m",4.396638,6.018963,1.622325,4.687845
"1982-11-01","3m",3.902064,5.632769,1.730705,4.654799
"1982-12-01","3m",3.7752,5.414866,1.639666,4.1303
"1983-01-01","3m",3.865487,5.622037,1.75655,3.735793
"1983-02-01","3m",4.232733,5.628796,1.396063,3.193787
"1983-03-01","3m",4.069774,4.826479,0.756705,3.09931
"1983-04-01","3m",3.248939,4.1678,0.918861,3.058025
"1983-05-01","3m",2.321981,3.750265,1.428284,3.525135
"1983-06-01","3m",3.718798,4.212677,0.49388,4.540723
"1983-07-01","3m",3.485417,5.262518,1.7771,4.99437
"1983-08-01","3m",3.515197,6.834122,3.318925,5.59849
"1983-09-01","3m",3.775134,6.564219,2.789085,5.505691
"1983-10-01","3m",3.397342,4.478302,1.08096,3.85634
"1983-11-01","3m",3.305508,4.284721,0.979214,2.680724
"1983-12-01","3m",1.956944,3.698807,1.741863,1.474653
"1984-01-01","3m",2.587691,4.306974,1.719283,2.554526
"1984-02-01","3m",4.090288,4.284633,0.194345,4.747162
"1984-03-01","3m",4.641294,5.501227,0.859934,5.894826
"1984-04-01","3m",4.544326,6.084747,1.540421,5.667015
"1984-05-01","3m",3.757338,4.415631,0.658292,3.392076
"1984-06-01","3m",3.550088,4.200751,0.650662,2.776094
"1984-07-01","3m",3.639427,4.242315,0.602888,2.680817
"1984-08-01","3m",4.057564,4.778991,0.721427,3.423013
"1984-09-01","3m",3.713784,4.983958,1.270174,3.247346
"1984-10-01","3m",2.86534,4.369481,1.50414,2.747036
"1984-11-01","3m",2.384073,4.012086,1.628013,2.069554
"1984-12-01","3m",3.229959,4.225709,0.995751,2.667846
"1985-01-01","3m",3.135817,4.775038,1.639221,3.750944
"1985-02-01","3m",4.291583,6.063624,1.772042,5.096336
"1985-03-01","3m",4.363209,5.868276,1.505067,5.556216
"1985-04-01","3m",4.021428,4.182363,0.160934,4.07494
"1985-05-01","3m",3.277774,3.678959,0.401185,3.135801
"1985-06-01","3m",3.224199,3.830324,0.606125,2.647035
"1985-07-01","3m",3.307276,3.939935,0.632659,3.061366
"1985-08-01","3m",3.545475,4.54738,1.001906,3.447856
"1985-09-01","3m",3.307147,4.028416,0.72127,3.021155
"1985-10-01","3m",3.431013,3.660154,0.229141,2.69627
"1985-11-01","3m",2.476018,3.387873,0.911855,2.533448
"1985-12-01","3m",2.745515,3.757208,1.011693,3.217558
"1986-01-01","3m",4.144305,4.307983,0.163679,4.433362
"1986-02-01","3m",3.844635,4.362447,0.517812,3.226965
"1986-03-01","3m",3.164808,4.496744,1.331936,0.963145
"1986-04-01","3m",2.681961,3.470309,0.788348,-1.680635
"1986-05-01","3m",2.493604,3.228815,0.735211,-0.959647
"1986-06-01","3m",2.641108,3.790865,1.149757,1.412109
"1986-07-01","3m",2.644213,3.373208,0.728995,2.347988
"1986-08-01","3m",2.782102,3.698369,0.916267,2.112248
"1986-09-01","3m",2.900034,3.572325,0.672291,1.929705
"1986-10-01","3m",3.550832,4.333669,0.782837,2.557194
"1986-11-01","3m",3.58303,4.299544,0.716514,2.776955
"1986-12-01","3m",2.761561,4.186729,1.425168,1.999409
"1987-01-01","3m",2.354407,4.036776,1.682369,3.191637
"1987-02-01","3m",2.318298,4.252179,1.933881,3.902291
"1987-03-01","3m",2.999686,4.502825,1.503138,4.431838
"1987-04-01","3m",3.756766,4.924607,1.167841,4.029115
"1987-05-01","3m",4.07722,4.834117,0.756897,3.627716
"1987-06-01","3m",3.912293,4.559114,0.646821,4.098766
"1987-07-01","3m",3.146727,3.668201,0.521474,3.510339
"1987-08-01","3m",3.537151,4.450873,0.913722,4.09633
"1987-09-01","3m",3.615394,4.385781,0.770386,3.924425
"1987-10-01","3m",4.050193,4.747861,0.697668,4.28175
"1987-11-01","3m",3.536089,4.207964,0.671875,3.42727
"1987-12-01","3m",3.059497,3.573104,0.513607,2.800723
"1988-01-01","3m",3.283634,3.983889,0.700255,3.090214
"1988-02-01","3m",3.269359,4.141075,0.871715,2.923845
"1988-03-01","3m",3.857209,4.620644,0.763435,3.575499
"1988-04-01","3m",3.795742,4.566529,0.770786,3.981717
"1988-05-01","3m",3.860357,5.132667,1.27231,4.572941
"1988-06-01","3m",4.108246,5.110401,1.002156,4.916864
"1988-07-01","3m",4.285127,4.784814,0.499687,4.91553
"1988-08-01","3m",4.402452,4.894732,0.49228,4.93906
"1988-09-01","3m",4.852282,4.982848,0.130566,5.198282
"1988-10-01","3m",4.335367,4.757916,0.422549,4.532264
"1988-11-01","3m",4.168833,4.864267,0.695433,4.26409
"1988-12-01","3m",3.611401,4.015981,0.40458,3.537801
"1989-01-01","3m",4.2458,4.540936,0.295136,4.310677
"1989-02-01","3m",4.31952,4.455369,0.135849,4.730673
"1989-03-01","3m",4.316908,4.496324,0.179416,4.982482
"1989-04-01","3m",3.610304,4.245898,0.635593,5.622219
"1989-05-01","3m",3.794741,4.576856,0.782115,5.758428
"1989-06-01","3m",3.661677,4.327407,0.66573,5.111769
"1989-07-01","3m",3.336062,4.32737,0.991308,3.339917
"1989-08-01","3m",2.682493,4.065524,1.383032,1.89453
"1989-09-01","3m",3.013445,4.337642,1.324197,1.911602
"1989-10-01","3m",3.449553,4.784699,1.335146,2.529786
"1989-11-01","3m",3.974276,4.705305,0.731029,3.376065
"1989-12-01","3m",3.713821,4.771168,1.057347,3.653558
"1990-01-01","3m",3.805411,4.284289,0.478879,5.175431
"1990-02-01","3m",3.961495,4.714817,0.753322,6.113438
"1990-03-01","3m",4.514973,5.539449,1.024476,6.48446
"1990-04-01","3m",4.468716,5.173393,0.704678,4.190461
"1990-05-01","3m",4.241188,4.519271,0.278083,3.297913
"1990-06-01","3m",4.004873,4.292208,0.287335,3.563326
"1990-07-01","3m",3.852063,4.415928,0.563865,3.715498
"1990-08-01","3m",4.313257,5.177989,0.864732,5.549569
"1990-09-01","3m",4.145857,4.71397,0.568112,6.274929
"1990-10-01","3m",4.189546,4.51064,0.321094,7.661482
"1990-11-01","3m",3.063347,3.745458,0.682111,5.376694
"1990-12-01","3m",2.423089,3.610865,1.187775,3.213403
"1991-01-01","3m",3.075453,3.556762,0.481309,2.429281
"1991-02-01","3m",3.286187,3.714562,0.428375,2.118851
"1991-03-01","3m",2.779119,4.004572,1.225454,1.823812
"1991-04-01","3m",2.547526,2.773492,0.225966,1.017311
"1991-05-01","3m",3.029093,3.275358,0.246264,2.493243
"1991-06-01","3m",3.092296,3.308155,0.215859,3.099701
"1991-07-01","3m",2.977232,3.738039,0.760807,3.000641
"1991-08-01","3m",2.505156,3.229032,0.723876,2.259668
"1991-09-01","3m",2.814043,3.985049,1.171006,2.976407
"1991-10-01","3m",3.045537,3.637819,0.592282,3.097475
"1991-11-01","3m",3.274931,3.45402,0.179089,3.043943
"1991-12-01","3m",2.645788,3.712869,1.067081,2.658699
"1992-01-01","3m",2.859545,3.524786,0.665241,2.450732
"1992-02-01","3m",3.114777,3.30229,0.187513,2.588989
"1992-03-01","3m",2.867047,3.220894,0.353848,2.5564
"1992-04-01","3m",2.699558,3.450375,0.750818,3.10718
"1992-05-01","3m",2.632375,2.908302,0.275928,2.611299
"1992-06-01","3m",2.206448,2.331225,0.124777,2.346054
"1992-07-01","3m",2.380777,2.509825,0.129048,2.591389
"1992-08-01","3m",2.208717,2.384114,0.175396,2.594363
"1992-09-01","3m",2.146964,2.618299,0.471335,2.53822
"1992-10-01","3m",2.378767,3.024464,0.645696,2.632484
"1992-11-01","3m",2.731595,3.545988,0.814393,2.892077
"1992-12-01","3m",3.04149,3.706848,0.665358,2.938624
"1993-01-01","3m",2.795719,3.426414,0.630696,2.487765
"1993-02-01","3m",2.641734,3.091004,0.449269,2.298522
"1993-03-01","3m",2.566967,2.993837,0.42687,2.421331
"1993-04-01","3m",2.736684,3.116412,0.379727,2.516725
"1993-05-01","3m",2.905973,3.442129,0.536155,3.165933
"1993-06-01","3m",2.745351,3.033537,0.288186,2.463539
"1993-07-01","3m",2.477688,2.607418,0.129731,2.029697
"1993-08-01","3m",1.974707,2.300027,0.325319,1.467979
"1993-09-01","3m",2.084314,2.199947,0.115633,1.754167
"1993-10-01","3m",2.023806,2.2298,0.205994,2.381919
"1993-11-01","3m",2.313675,2.36361,0.049935,2.45906
"1993-12-01","3m",1.882757,2.799749,0.916992,2.125942
"1994-01-01","3m",1.539257,2.896915,1.357658,0.9877
"1994-02-01","3m",1.371883,3.114134,1.742251,1.158014
"1994-03-01","3m",2.573498,3.201724,0.628227,2.182873
"1994-04-01","3m",2.532105,2.9457,0.413595,2.529592
"1994-05-01","3m",2.551254,3.089399,0.538145,2.17705
"1994-06-01","3m",2.402966,2.792598,0.389632,2.047783
"1994-07-01","3m",2.578714,2.830115,0.251401,2.853639
"1994-08-01","3m",2.197786,2.367436,0.16965,3.202123
"1994-09-01","3m",1.910817,2.256251,0.345434,2.657663
"1994-10-01","3m",1.861633,2.328682,0.467049,2.061444
"1994-11-01","3m",2.124597,2.578921,0.454324,1.898289
"1994-12-01","3m",1.824192,2.533866,0.709673,1.707777
"1995-01-01","3m",1.879381,3.050903,1.171522,1.84438
"1995-02-01","3m",1.798715,2.773295,0.97458,1.79241
"1995-03-01","3m",2.563768,3.226459,0.662691,2.282267
"1995-04-01","3m",2.283107,2.784186,0.501078,2.526305
"1995-05-01","3m",2.36805,2.770691,0.402641,2.430916
"1995-06-01","3m",1.975046,2.333136,0.35809,2.076237
"1995-07-01","3m",1.670378,2.114297,0.443919,1.518632
"1995-08-01","3m",1.955304,2.193314,0.238009,1.76767
"1995-09-01","3m",2.123092,2.383092,0.260001,1.652268
"1995-10-01","3m",2.485223,2.77582,0.290597,2.194763
"1995-11-01","3m",1.770395,2.817976,1.047581,1.307356
"1995-12-01","3m",1.808912,2.747028,0.938116,1.806358
"1996-01-01","3m",1.28148,2.484534,1.203054,1.659017
"1996-02-01","3m",1.547539,2.300282,0.752743,2.314113
"1996-03-01","3m",1.917026,2.422203,0.505177,2.763171
"1996-04-01","3m",2.007813,2.268889,0.261076,3.079404
"1996-05-01","3m",2.185255,2.521975,0.33672,3.140165
"1996-06-01","3m",1.555308,2.389783,0.834475,1.897986
"1996-07-01","3m",1.766645,2.716069,0.949423,1.539847
"1996-08-01","3m",1.412446,2.660452,1.248006,1.227167
"1996-09-01","3m",2.333534,2.799515,0.465981,2.383108
"1996-10-01","3m",2.537084,2.764238,0.227154,2.754877
"1996-11-01","3m",2.677972,2.846884,0.168912,3.094301
"1996-12-01","3m",1.637539,2.766878,1.129339,2.410003
"1997-01-01","3m",1.109622,2.730719,1.621097,1.709338
"1997-02-01","3m",1.409396,2.521439,1.112043,1.833968
"1997-03-01","3m",2.047895,2.578678,0.530782,1.791237
"1997-04-01","3m",2.035558,2.588569,0.553011,1.661564
"1997-05-01","3m",1.901426,2.289525,0.388099,0.634424
"1997-06-01","3m",1.678529,2.26578,0.587251,0.725354
"1997-07-01","3m",1.161449,2.276842,1.115393,0.570254
"1997-08-01","3m",0.705257,2.332464,1.627207,1.074583
"1997-09-01","3m",0.945388,2.328849,1.383461,1.532495
"1997-10-01","3m",1.281757,2.261799,0.980042,1.819253
"1997-11-01","3m",1.569521,2.34176,0.772239,1.518866
"1997-12-01","3m",0.965563,2.100067,1.134504,0.459583
"1998-01-01","3m",0.96969,2.084646,1.114957,0.135831
"1998-02-01","3m",1.193234,2.141126,0.947892,-0.096125
"1998-03-01","3m",1.388587,2.518736,1.130149,0.050928
"1998-04-01","3m",1.515251,2.561167,1.045916,0.351061
"1998-05-01","3m",1.55873,2.747868,1.189137,1.113547
"1998-06-01","3m",0.62066,2.280613,1.659953,0.708991
"1998-07-01","3m",1.013737,2.2891,1.275363,1.203165
"1998-08-01","3m",1.413318,2.401112,0.987795,1.207204
"1998-09-01","3m",1.856537,2.96449,1.107953,1.316537
"1998-10-01","3m",1.50571,2.927864,1.422154,1.20524
"1998-11-01","3m",0.787956,2.671682,1.883726,0.665433
"1998-12-01","3m",1.553026,2.386388,0.833362,1.306535
"1999-01-01","3m",1.339332,2.469784,1.130452,0.986457
"1999-02-01","3m",1.128805,2.217299,1.088494,0.743366
"1999-03-01","3m",0.553996,2.109791,1.555795,0.641105
"1999-04-01","3m",1.015046,2.104875,1.089829,2.026481
"1999-05-01","3m",1.539808,2.375904,0.836096,2.523607
"1999-06-01","3m",1.633371,2.312823,0.679452,2.339182
"1999-07-01","3m",1.320467,2.307967,0.9875,1.457232
"1999-08-01","3m",1.132304,2.303118,1.170814,1.930143
"1999-09-01","3m",1.990903,2.512257,0.521354,3.275068
"1999-10-01","3m",1.931543,2.304321,0.372778,2.874243
"1999-11-01","3m",2.146281,2.473909,0.327628,2.495718
"1999-12-01","3m",1.585789,2.339504,0.753714,1.981212
"2000-01-01","3m",1.867925,2.986722,1.118797,2.403866
"2000-02-01","3m",2.074459,2.845106,0.770647,3.33033
"2000-03-01","3m",2.395495,3.14011,0.744616,4.141815
"2000-04-01","3m",1.684698,2.682103,0.997405,2.674401
"2000-05-01","3m",1.524462,2.644356,1.119894,1.727133
"2000-06-01","3m",1.001486,2.636062,1.634576,1.361911
"2000-07-01","3m",1.661349,2.879301,1.217952,2.723309
"2000-08-01","3m",1.746331,2.771748,1.025417,2.355052
"2000-09-01","3m",2.42428,2.859097,0.434817,2.728349
"2000-10-01","3m",2.060443,2.641679,0.581236,2.258565
"2000-11-01","3m",2.258249,2.93284,0.674591,2.859716
"2000-12-01","3m",1.669864,2.729696,1.059831,1.729578
"2001-01-01","3m",2.617326,3.094572,0.477246,3.151444
"2001-02-01","3m",2.618073,3.290912,0.67284,3.212989
"2001-03-01","3m",2.642488,3.434297,0.79181,2.621569
"2001-04-01","3m",1.774311,3.288734,1.514423,1.368199
"2001-05-01","3m",1.153381,3.095636,1.942255,1.808319
"2001-06-01","3m",1.636066,3.199328,1.563262,2.49045
"2001-07-01","3m",2.038252,3.312989,1.274736,1.637906
"2001-08-01","3m",2.144469,3.565542,1.421073,0.526339
"2001-09-01","3m",-1.044132,3.422759,4.466892,-1.532468
"2001-10-01","3m",0.728637,3.278028,2.549391,-0.005298
"2001-11-01","3m",1.349638,2.984881,1.635243,-0.227668
"2001-12-01","3m",1.978207,3.783577,1.80537,0.725108
"2002-01-01","3m",1.137178,2.695222,1.558043,-0.322822
"2002-02-01","3m",1.0876,2.806894,1.719294,0.621797
"2002-03-01","3m",1.476318,3.259858,1.78354,2.14002
"2002-04-01","3m",2.325354,3.088751,0.763397,3.486227
"2002-05-01","3m",2.056757,2.812334,0.755576,3.062697
"2002-06-01","3m",2.01522,2.470642,0.455422,2.461587
"2002-07-01","3m",1.912039,2.667337,0.755298,1.655819
"2002-08-01","3m",2.175013,2.608148,0.433135,2.187694
"2002-09-01","3m",2.278874,2.756896,0.478023,2.414474
"2002-10-01","3m",1.793329,2.692481,0.899152,2.259947
"2002-11-01","3m",1.389415,2.877471,1.488056,1.862814
"2002-12-01","3m",1.10753,2.800524,1.692993,1.521364
"2003-01-01","3m",1.03942,2.98385,1.94443,1.993355
"2003-02-01","3m",1.203644,2.642437,1.438793,3.312274
"2003-03-01","3m",1.476379,2.610121,1.133742,3.976312
"2003-04-01","3m",1.590658,1.732162,0.141504,2.046584
"2003-05-01","3m",1.547995,1.692336,0.144341,-0.113462
"2003-06-01","3m",1.182246,1.315855,0.133609,-0.703188
"2003-07-01","3m",1.81464,2.068207,0.253567,1.154554
"2003-08-01","3m",1.688396,2.293772,0.605376,3.000777
"2003-09-01","3m",2.027481,2.608091,0.580609,3.843431
"2003-10-01","3m",1.760218,2.663883,0.903665,2.684153
"2003-11-01","3m",1.85572,2.745244,0.889523,1.820726
"2003-12-01","3m",1.796747,2.428821,0.632074,1.447987
"2004-01-01","3m",2.037668,2.161658,0.123989,2.97389
"2004-02-01","3m",2.16743,2.269138,0.101708,3.330274
"2004-03-01","3m",2.371464,2.56311,0.191647,3.057144
"2004-04-01","3m",2.385777,3.049417,0.66364,2.23368
"2004-05-01","3m",2.284987,3.073886,0.7889,2.692523
"2004-06-01","3m",2.245502,3.067304,0.821803,3.23037
"2004-07-01","3m",1.667384,2.637009,0.969624,2.847958
"2004-08-01","3m",1.267004,2.560853,1.293849,1.729613
"2004-09-01","3m",1.385612,2.256582,0.870971,1.374922
"2004-10-01","3m",1.786329,2.091082,0.304753,2.746061
"2004-11-01","3m",1.951423,2.507558,0.556135,4.12506
"2004-12-01","3m",2.064432,2.265576,0.201144,3.526166
"2005-01-01","3m",2.522721,2.850677,0.327956,2.301826
"2005-02-01","3m",2.647955,2.918107,0.270152,1.865356
"2005-03-01","3m",2.820315,3.133222,0.312907,2.871972
"2005-04-01","3m",2.129798,2.4453,0.315502,3.485644
"2005-05-01","3m",2.156045,2.29081,0.134764,2.5734
"2005-06-01","3m",1.570267,2.076864,0.506597,1.607138
"2005-07-01","3m",1.697097,2.387325,0.690228,2.189235
"2005-08-01","3m",1.195582,2.203751,1.00817,3.614469
"2005-09-01","3m",1.810941,2.774381,0.96344,7.403975
"2005-10-01","3m",2.386723,2.863276,0.476553,6.280753
"2005-11-01","3m",2.991677,3.216853,0.225177,3.71179
"2005-12-01","3m",2.406451,2.72283,0.316379,-0.197036
"2006-01-01","3m",2.357794,2.874258,0.516464,1.104116
"2006-02-01","3m",1.974073,2.6171,0.643028,2.197574
"2006-03-01","3m",2.649235,3.228192,0.578957,2.992185
"2006-04-01","3m",2.682138,3.288076,0.605938,2.909077
"2006-05-01","3m",3.277952,3.930884,0.652933,3.770587
"2006-06-01","3m",3.282411,4.044466,0.762055,3.98926
"2006-07-01","3m",2.428571,3.879376,1.450805,3.481894
"2006-08-01","3m",2.23828,3.56585,1.32757,3.672035
"2006-09-01","3m",1.851504,3.19157,1.340066,1.584373
"2006-10-01","3m",2.191804,3.246816,1.055012,-0.733321
"2006-11-01","3m",1.553258,2.930376,1.377118,-1.838581
"2006-12-01","3m",1.459925,3.151372,1.691447,0.613879
"2007-01-01","3m",2.371919,3.239956,0.868037,2.931258
"2007-02-01","3m",3.064108,3.559635,0.495527,4.073485
"2007-03-01","3m",2.925045,3.324521,0.399476,4.117021
"2007-04-01","3m",1.85259,2.706808,0.854217,3.70745
"2007-05-01","3m",1.455044,2.216818,0.761774,3.623789
"2007-06-01","3m",1.71869,2.148868,0.430178,2.990088
"2007-07-01","3m",1.749353,2.142794,0.393441,2.650929
"2007-08-01","3m",1.874982,2.351054,0.476072,1.743854
"2007-09-01","3m",2.311907,2.710431,0.398523,2.449109
"2007-10-01","3m",2.76345,3.071476,0.308026,3.067166
"2007-11-01","3m",2.958554,3.539541,0.580987,4.98446
"2007-12-01","3m",2.661921,3.50492,0.842999,4.342175
"2008-01-01","3m",2.410134,3.296282,0.886148,4.130366
"2008-02-01","3m",2.006953,2.731733,0.724781,2.766888
"2008-03-01","3m",1.988893,2.63227,0.643377,2.992639
"2008-04-01","3m",1.41746,2.577235,1.159775,2.7164
"2008-05-01","3m",1.759641,2.391868,0.632227,3.660804
"2008-06-01","3m",1.895431,2.601833,0.706402,5.488857
"2008-07-01","3m",2.391869,2.923944,0.532075,6.674422
"2008-08-01","3m",2.150547,2.720926,0.570378,4.52422
"2008-09-01","3m",1.632507,2.592273,0.959766,1.88342
"2008-10-01","3m",0.332542,2.098465,1.765923,-2.606952
"2008-11-01","3m",-0.33584,2.561147,2.896987,-6.822549
"2008-12-01","3m",-0.936364,1.899569,2.835934,-9.19012
"2009-01-01","3m",-0.494585,2.346359,2.840944,-6.70877
"2009-02-01","3m",0,2.009176,2.009176,-1.46826
"2009-03-01","3m",0.48319,2.433476,1.950286,0.322758
"2009-04-01","3m",1.505892,1.994809,0.488916,0.851665
"2009-05-01","3m",1.495489,1.948097,0.452608,0.549471
"2009-06-01","3m",1.521571,1.854616,0.333045,3.413648
"2009-07-01","3m",1.084752,1.368446,0.283695,2.870878
"2009-08-01","3m",1.064534,1.457851,0.393317,3.63735
"2009-09-01","3m",0.722314,1.652829,0.930516,1.866441
"2009-10-01","3m",1.388482,2.80518,1.416698,3.375155
"2009-11-01","3m",1.175874,2.556917,1.381043,3.209024
"2009-12-01","3m",1.215366,2.185451,0.970085,2.782592
"2010-01-01","3m",0.800499,1.290408,0.489909,2.12688
"2010-02-01","3m",0.676212,1.289273,0.613061,1.103697
"2010-03-01","3m",0.675459,1.546383,0.870925,1.439791
"2010-04-01","3m",0.702523,1.155271,0.452749,0.774405
"2010-05-01","3m",0.766924,1.249016,0.482093,0.912865
"2010-06-01","3m",0.793826,0.905663,0.111836,0.177382
"2010-07-01","3m",0.644228,0.762199,0.117971,0.301525
"2010-08-01","3m",0.585293,1.176184,0.590891,0.723682
"2010-09-01","3m",0.620821,1.322808,0.701987,1.295267
"2010-10-01","3m",1.146856,1.47321,0.326354,2.24486
"2010-11-01","3m",1.13271,1.364672,0.231961,2.498151
"2010-12-01","3m",1.083331,1.220145,0.136815,3.018387
"2011-01-01","3m",1.469554,1.604893,0.135339,2.941193
"2011-02-01","3m",1.651659,1.910691,0.259033,3.267869
"2011-03-01","3m",2.182218,2.311644,0.129426,3.994129
"2011-04-01","3m",2.172928,2.376361,0.203433,4.509433
"2011-05-01","3m",2.333572,2.501872,0.1683,4.613842
"2011-06-01","3m",2.050114,2.331874,0.28176,2.864278
"2011-07-01","3m",1.830504,2.136813,0.306309,1.82749
"2011-08-01","3m",1.843748,2.17594,0.332191,1.551417
"2011-09-01","3m",1.672837,2.230901,0.558063,2.207245
"2011-10-01","3m",1.267395,2.289911,1.022516,1.522974
"2011-11-01","3m",1.317824,2.038632,0.720808,1.397886
"2011-12-01","3m",1.714529,2.124925,0.410396,1.062853
"2012-01-01","3m",2.125714,2.739069,0.613355,2.443619
"2012-02-01","3m",2.057639,2.444542,0.386902,2.521356
"2012-03-01","3m",2.055273,2.462612,0.407339,3.069749
"2012-04-01","3m",1.849556,2.078482,0.228926,2.207749
"2012-05-01","3m",1.704083,2.037631,0.333547,0.844282
"2012-06-01","3m",1.429985,1.682638,0.252654,-0.127214
"2012-07-01","3m",1.235979,1.558536,0.322557,-0.507463
"2012-08-01","3m",1.082476,1.861311,0.778835,1.29144
"2012-09-01","3m",1.163904,2.172496,1.008591,2.739524
"2012-10-01","3m",1.728215,2.238949,0.510734,3.812009
"2012-11-01","3m",1.500579,2.001505,0.500926,2.148055
"2012-12-01","3m",1.276681,1.895721,0.61904,0.849966
"2013-01-01","3m",1.450079,1.878333,0.428254,0.425162
"2013-02-01","3m",1.549942,2.12468,0.574739,2.140855
"2013-03-01","3m",1.622371,2.149211,0.526841,1.667636
"2013-04-01","3m",1.002649,1.996752,0.994104,0.487901
"2013-05-01","3m",0.983871,1.908968,0.925097,-0.638539
"2013-06-01","3m",1.275886,2.075742,0.799856,0.777222
"2013-07-01","3m",1.679681,2.169014,0.489333,1.692133
"2013-08-01","3m",1.643256,2.110649,0.467393,1.996741
"2013-09-01","3m",1.425683,2.01435,0.588667,1.272846
"2013-10-01","3m",1.595396,2.149885,0.554489,1.304985
"2013-11-01","3m",1.829621,2.274529,0.444909,1.307254
"2013-12-01","3m",1.780271,2.145868,0.365597,1.837991
"2014-01-01","3m",1.533508,2.090167,0.55666,2.143909
"2014-02-01","3m",1.05411,1.840947,0.786837,1.731724
"2014-03-01","3m",1.22291,1.889973,0.667063,1.674067
"2014-04-01","3m",1.476591,2.03728,0.560689,1.553256
"2014-05-01","3m",1.812157,2.190971,0.378814,2.030593
"2014-06-01","3m",1.826553,2.327788,0.501235,1.821954
"2014-07-01","3m",1.83616,2.336323,0.500163,1.676642
"2014-08-01","3m",1.307976,2.223878,0.915901,0.958681
"2014-09-01","3m",1.390947,2.230694,0.839747,0.659703
"2014-10-01","3m",1.038996,2.221623,1.182627,-0.028747
"2014-11-01","3m",1.240542,2.50915,1.268608,-0.360985
"2014-12-01","3m",0.986831,2.263548,1.276717,-1.197708
"2015-01-01","3m",0.492081,2.109439,1.617358,-2.964892
"2015-02-01","3m",0.59604,2.104907,1.508867,-1.902181
"2015-03-01","3m",0.921619,2.088378,1.166758,-0.460488
"2015-04-01","3m",1.816556,2.427053,0.610496,1.8334
"2015-05-01","3m",1.799094,2.387183,0.58809,2.090028
"2015-06-01","3m",1.719278,2.55224,0.832962,2.111184
"2015-07-01","3m",1.372792,2.337184,0.964392,2.121854
"2015-08-01","3m",1.204168,2.095855,0.891687,1.176464
"2015-09-01","3m",1.302739,2.132622,0.829884,-0.159878
"2015-10-01","3m",1.035156,1.848808,0.813652,-0.523532
"2015-11-01","3m",1.142349,1.887718,0.745369,-0.302897
"2015-12-01","3m",0.825623,1.667638,0.842015,-0.086146
"2016-01-01","3m",1.349489,2.062227,0.712738,0.07799
"2016-02-01","3m",1.528731,2.263582,0.73485,-0.380845
"2016-03-01","3m",1.887197,2.593291,0.706094,0.893638
"2016-04-01","3m",2.100976,2.639475,0.538499,2.054703
"2016-05-01","3m",2.230842,2.772066,0.541225,2.938082
"2016-06-01","3m",2.0781,2.554371,0.476271,2.696989
"2016-07-01","3m",1.690236,2.397146,0.70691,1.43222
"2016-08-01","3m",1.669982,2.19719,0.527208,1.335172
"2016-09-01","3m",1.833876,2.275384,0.441508,1.394469
"2016-10-01","3m",1.765366,2.087841,0.322474,2.156699
"2016-11-01","3m",1.229502,1.834998,0.605496,1.72512
"2016-12-01","3m",1.16253,1.813513,0.650983,1.65204
"2017-01-01","3m",1.724852,2.134237,0.409385,2.379646
"2017-02-01","3m",1.802236,2.265345,0.463109,2.799363
"2017-03-01","3m",1.619918,2.167899,0.547981,1.886606
"2017-04-01","3m",1.367322,1.728668,0.361346,1.106613
"2017-05-01","3m",0.975819,1.611261,0.635442,0.386154
"2017-06-01","3m",1.517528,1.690696,0.173168,0.931553
"2017-07-01","3m",1.156168,1.508811,0.352643,0.313228
"2017-08-01","3m",1.268477,1.72099,0.452513,1.391606
"2017-09-01","3m",1.218291,1.62185,0.403559,2.566282
"2017-10-01","3m",1.910734,2.017469,0.106735,2.949828
"2017-11-01","3m",1.676472,2.084634,0.408163,2.61659
"2017-12-01","3m",1.779511,2.304017,0.524506,1.68787
"2018-01-01","3m",2.090106,2.51669,0.426584,2.684496
"2018-02-01","3m",2.319931,2.664096,0.344166,2.976791
"2018-03-01","3m",2.160685,2.956248,0.795563,2.818409
"2018-04-01","3m",1.698733,2.377174,0.678441,2.260034
"2018-05-01","3m",1.74334,2.320362,0.577022,2.086814
"2018-06-01","3m",1.798654,2.214657,0.416004,2.004572
"2018-07-01","3m",1.600032,2.181435,0.581403,1.466241
"2018-08-01","3m",0.930722,2.101816,1.171094,1.051788
"2018-09-01","3m",1.313948,2.214786,0.900838,1.533801
"2018-10-01","3m",1.419172,2.463142,1.04397,1.80577
"2018-11-01","3m",2.134186,2.775315,0.641129,1.661791
"2018-12-01","3m",2.090453,2.624178,0.533725,1.109864
"2019-01-01","3m",1.954372,2.582396,0.628024,0.206798
"2019-02-01","3m",1.5969,2.495736,0.898836,0.805305
"2019-03-01","3m",1.263548,2.62127,1.357722,1.441009
"2019-04-01","3m",1.544788,3.118373,1.573585,2.803532
"2019-05-01","3m",1.594482,2.857536,1.263054,2.35036
"2019-06-01","3m",1.848816,2.642566,0.793749,1.620325
"2019-07-01","3m",1.578464,2.216327,0.637863,1.017794
"2019-08-01","3m",1.658649,2.330735,0.672086,0.911885
"2019-09-01","3m",1.214453,2.44542,1.230967,0.965947
"2019-10-01","3m",1.357188,2.290333,0.933145,1.143626
"2019-11-01","3m",1.14169,2.135219,0.993529,1.372884
"2019-12-01","3m",1.740278,2.426325,0.686048,2.231814
"2020-01-01","3m",1.854572,2.728488,0.873916,2.223916
"2020-02-01","3m",2.203597,2.96684,0.763242,2.127822
"2020-03-01","3m",1.193936,2.609437,1.415501,-0.137983
"2020-04-01","3m",-0.816571,2.318451,3.135023,-2.472668
"2020-05-01","3m",-1.175177,2.361156,3.536334,-2.391867
"2020-06-01","3m",-0.25589,2.307681,2.563571,-0.003836
"2020-07-01","3m",2.158755,2.492936,0.334182,2.881211
"2020-08-01","3m",2.127961,3.261304,1.133343,3.619334
"2020-09-01","3m",1.865734,3.271833,1.406099,3.053438
"2020-10-01","3m",1.657401,2.190499,0.533098,2.209744
"2020-11-01","3m",1.235762,1.382979,0.147217,1.488161
"2020-12-01","3m",1.342252,1.857021,0.514769,2.466885
"2021-01-01","3m",1.41379,2.529643,1.115853,3.522501
"2021-02-01","3m",1.990915,3.181048,1.190133,4.57198
"2021-03-01","3m",2.208414,3.710741,1.502327,5.089673
"2021-04-01","3m",2.468251,5.086322,2.61807,5.730852
"2021-05-01","3m",2.427308,5.969338,3.54203,6.25974
"2021-06-01","3m",2.494362,6.347968,3.853606,6.307313
"2021-07-01","3m",2.71871,5.614369,2.89566,6.119653
"2021-08-01","3m",2.841262,5.098907,2.257645,5.784451
"2021-09-01","3m",3.387333,3.902045,0.514712,4.795501
"2021-10-01","3m",3.830332,4.534654,0.704322,5.755886
"2021-11-01","3m",4.119125,4.969741,0.850616,6.871057
"2021-12-01","3m",4.30801,6.475737,2.167727,8.015765
"2022-01-01","3m",4.922438,6.331022,1.408584,7.341099
"2022-02-01","3m",5.276592,6.253319,0.976727,7.12877
"2022-03-01","3m",4.819883,5.602872,0.78299,8.604346
"2022-04-01","3m",3.727253,4.939511,1.212258,7.328584
"2022-05-01","3m",3.867455,5.306296,1.438841,7.360791
"2022-06-01","3m",5.300472,7.349097,2.048625,7.497644
"2022-07-01","3m",5.334197,7.023223,1.689027,7.02052
"2022-08-01","3m",5.861021,6.810706,0.949685,5.38441
"2022-09-01","3m",4.563321,5.393993,0.830672,2.757395
"2022-10-01","3m",4.774855,5.686282,0.911427,4.362799
"2022-11-01","3m",4.026294,4.634735,0.608441,4.511446
"2022-12-01","3m",4.121164,4.740715,0.619551,3.681251
"2023-01-01","3m",4.017828,5.109408,1.09158,3.561382
"2023-02-01","3m",4.413209,5.384365,0.971155,3.579434
"2023-03-01","3m",4.419018,5.373949,0.95493,4.089231
"2023-04-01","3m",4.218026,4.525313,0.307287,3.226536
"2023-05-01","3m",4.001937,4.31675,0.314814,2.92939
"2023-06-01","3m",3.495853,3.623342,0.127488,2.860465
"2023-07-01","3m",2.875333,3.231006,0.355673,2.305168
"2023-08-01","3m",2.034473,3.101844,1.067372,2.741491
"2023-09-01","3m",2.376994,3.399683,1.022689,3.33976
"2023-10-01","3m",2.724981,3.476856,0.751875,3.311446
"2023-11-01","3m",2.775978,3.583863,0.807885,2.30838
"2023-12-01","3m",2.152889,2.942343,0.789454,1.181446
"2024-01-01","3m",2.957759,3.835964,0.878205,2.152788
"2024-02-01","3m",3.434676,3.513527,0.078851,3.251782
"2024-03-01","3m",3.813946,4.45384,0.639895,4.451545
"2024-04-01","3m",2.955622,3.513997,0.558375,3.592235
"2024-05-01","3m",2.779182,3.467648,0.688465,2.4892
"2024-06-01","3m",2.151287,3.024466,0.873179,1.34228
"2024-07-01","3m",2.044081,2.527941,0.48386,1.343412
"2024-08-01","3m",2.158875,2.403602,0.244727,1.703256
"2024-09-01","3m",2.43171,2.799134,0.367424,2.095554
"2024-10-01","3m",2.893783,3.434055,0.540272,2.549462
"2024-11-01","3m",2.803185,3.579065,0.77588,2.525776
"2024-12-01","3m",2.405947,3.612727,1.20678,2.727508
"2025-01-01","3m",2.586583,3.416197,0.829614,3.058189
"2025-02-01","3m",2.873166,3.558953,0.685787,3.589597
"2025-03-01","3m",2.82332,3.451602,0.628282,2.862588
"2025-04-01","3m",2.969698,3.668269,0.698571,2.380982
"2025-05-01","3m",2.636838,3.410141,0.773303,2.044593
"2025-06-01","3m",2.973726,3.485151,0.511424,2.764381
"2025-07-01","3m",2.573627,3.136342,0.562715,2.376574
"2025-08-01","3m",2.658473,3.426318,0.767845,2.623356
"2025-09-01","3m",2.302911,2.781857,0.478947,2.777624
"2025-10-01","3m",2.249175,2.562989,0.313815,2.815563
"2025-11-01","3m",1.876557,2.283884,0.407327,2.590239
"2025-12-01","3m",2.018719,2.625107,0.606387,2.704091
"2026-01-01","3m",2.206111,3.521367,1.315256,3.343413
"2026-02-01","3m",2.261849,4.268845,2.006997,3.955998
"2026-03-01","3m",2.341792,4.019603,1.677811,5.237832
"2026-04-01","3m",2.561575,3.554649,0.993074,5.793716
"2026-05-01","3m",2.871212,3.446916,0.575704,6.164196
"2026-06-01","3m",2.517986,2.99893,0.480944,3.113213
"2026-07-01","3m",2.161854,3.039191,0.877337,1.539357
"2026-08-01","3m",1.888854,2.622641,0.733787,1.034152
