"date","horizon","p10","p24","p50","p69","p90"
"1959-02-01","1m",-3.596934,0,0.106473,4.524268,11.055668
"1959-03-01","1m",-5.08767,-0.109285,0,3.113748,7.76326
"1959-04-01","1m",-4.567595,-0.104371,3.112484,5.118046,15.703922
"1959-05-01","1m",-5.045343,-0.102197,0.163866,4.19025,8.120315
"1959-06-01","1m",-3.687724,0,2.3846,5.207759,10.756664
"1959-07-01","1m",-4.702741,-0.10549,0.675189,4.756211,10.990011
"1959-08-01","1m",-5.775271,-0.018223,0,4.289922,13.430731
"1959-09-01","1m",-3.367387,0,2.190451,4.805598,10.044462
"1959-10-01","1m",-3.256954,-0.121834,0.119818,4.78762,9.709366
"1959-11-01","1m",-4.466047,-0.07828,0.061385,3.966436,7.797979
"1959-12-01","1m",-2.2632,0,0.061021,4.21485,5.974906
"1960-01-01","1m",-10.307958,-2.996029,0,3.000179,6.149195
"1960-02-01","1m",-4.982511,-0.094626,0,4.190036,12.802184
"1960-03-01","1m",-6.810838,-0.24196,0,2.188726,7.382276
"1960-04-01","1m",-2.309026,0,2.779676,5.062244,11.262066
"1960-05-01","1m",-3.704566,-0.464545,0,3.829175,6.466833
"1960-06-01","1m",-4.085709,-0.579786,0,2.598735,7.76326
"1960-07-01","1m",-4.120614,-0.104153,2.35181,4.891637,9.244472
"1960-08-01","1m",-3.862036,0,0.094507,3.514382,10.609595
"1960-09-01","1m",-11.013187,-1.931822,0.054631,4.107498,10.118411
"1960-10-01","1m",-6.956904,-0.209023,0,2.953509,9.031817
"1960-11-01","1m",-4.467161,-0.121673,0.273879,4.988161,10.453779
"1960-12-01","1m",-4.555714,-0.104668,0.103408,2.977863,7.33099
"1961-01-01","1m",-4.492362,-0.209077,0,0.109414,9.126154
"1961-02-01","1m",-4.864809,-0.074976,0,1.801139,9.075931
"1961-03-01","1m",-5.640052,-0.864859,0,0.104616,4.902387
"1961-04-01","1m",-7.967089,-1.053348,0.091064,3.640979,5.086171
"1961-05-01","1m",-4.316572,-0.102876,0,1.895563,6.85794
"1961-06-01","1m",-3.870894,-0.587571,0,2.357135,5.154994
"1961-07-01","1m",-3.674504,-0.074951,0.270789,4.669394,9.162377
"1961-08-01","1m",-3.891815,-0.133638,0,2.347912,9.238386
"1961-09-01","1m",-3.75842,-0.168197,0.102551,3.981291,9.629485
"1961-10-01","1m",-6.700466,-0.889762,0,0.263302,7.265026
"1961-11-01","1m",-5.92598,-0.432744,0.060446,2.935214,7.460361
"1961-12-01","1m",-5.550782,-0.489017,0,0.545439,6.056421
"1962-01-01","1m",-5.664132,0,2.430447,5.043834,7.453865
"1962-02-01","1m",-2.316188,0,0.146784,4.648985,8.704257
"1962-03-01","1m",-4.383213,-0.137355,2.149832,4.578916,7.384471
"1962-04-01","1m",-4.782514,-2.461464,0,2.366431,11.163977
"1962-05-01","1m",-4.63199,-1.960442,0,3.437932,5.022727
"1962-06-01","1m",-4.000676,-0.212239,0,3.563636,6.666515
"1962-07-01","1m",-7.00589,-0.181006,0,2.361774,5.240649
"1962-08-01","1m",-6.296985,-0.876227,0.101304,4.410808,11.262066
"1962-09-01","1m",-1.016625,-0.084007,0.066381,4.755661,29.327672
"1962-10-01","1m",-9.178951,-3.852969,0,0.85622,4.749258
"1962-11-01","1m",-4.727673,-0.305175,0,2.533127,6.551541
"1962-12-01","1m",-6.796892,-0.86021,0,0.123121,7.335569
"1963-01-01","1m",-6.659449,-0.579494,2.53076,4.75775,7.853255
"1963-02-01","1m",-3.232274,0,0.100895,2.356381,6.00885
"1963-03-01","1m",-7.032306,-0.342499,0,0.055118,4.661553
"1963-04-01","1m",-6.326833,-0.505972,0,1.323846,7.094031
"1963-05-01","1m",-3.769821,0,2.479214,4.797832,8.941346
"1963-06-01","1m",-3.628107,-0.200686,0,3.61902,8.475062
"1963-07-01","1m",-4.591871,-0.028351,0.032777,3.440918,7.53459
"1963-08-01","1m",-2.824207,-0.066019,0,2.782082,11.536521
"1963-09-01","1m",-6.837499,0,0,3.106491,7.98157
"1963-10-01","1m",-2.132756,0,2.33017,4.843345,7.171763
"1963-11-01","1m",-3.355083,0,0.042075,3.251312,7.100269
"1963-12-01","1m",-4.586988,-0.016596,0.065411,2.913991,8.530208
"1964-01-01","1m",-4.803762,0,0.391453,3.924285,9.20723
"1964-02-01","1m",-2.935196,-0.112851,0.130769,4.117784,5.653703
"1964-03-01","1m",-4.591871,-2.66963,0,0.93167,6.181483
"1964-04-01","1m",-2.18023,0,0,0.64366,5.613789
"1964-05-01","1m",-6.002157,-0.550963,0,1.20735,4.594764
"1964-06-01","1m",-3.510666,-0.07388,0,0.396584,6.071739
"1964-07-01","1m",-2.722036,0,0,0.510855,7.090186
"1964-08-01","1m",-4.578179,-1.172615,0,3.709361,4.900471
"1964-09-01","1m",-2.341549,-0.099186,0,0.452701,6.85848
"1964-10-01","1m",-4.260457,-0.137496,0,2.881753,6.819518
"1964-11-01","1m",-2.921799,-0.065214,0.106574,3.220872,5.811905
"1964-12-01","1m",-4.297066,-0.318683,0,2.863892,5.284183
"1965-01-01","1m",-2.497524,-0.098802,1.147918,4.443945,8.279346
"1965-02-01","1m",-6.43204,-2.347144,0,1.635356,5.702347
"1965-03-01","1m",-2.799584,-0.136569,0,3.162298,7.500434
"1965-04-01","1m",-3.929938,0,0.35046,4.29557,7.354035
"1965-05-01","1m",-4.645061,-0.342448,0.102063,3.716877,6.751217
"1965-06-01","1m",-4.791802,-0.098083,0.111127,4.280251,10.021399
"1965-07-01","1m",-2.496823,-0.104552,0,3.395142,6.914319
"1965-08-01","1m",-4.653955,-0.027993,0.197077,3.901572,8.815146
"1965-09-01","1m",-7.763795,-0.196689,0.095246,4.058082,7.555934
"1965-10-01","1m",-6.417303,-0.230304,0.093498,3.914684,7.195016
"1965-11-01","1m",-1.66686,0,2.195277,4.317289,7.488843
"1965-12-01","1m",-2.1993,0,2.800552,4.841739,10.786483
"1966-01-01","1m",-5.115787,-0.084725,2.387236,4.508306,8.870827
"1966-02-01","1m",-2.444315,0,2.72617,4.432792,15.650327
"1966-03-01","1m",-1.138184,0,0.095538,4.236339,8.565244
"1966-04-01","1m",-0.101134,0,4.68842,5.878989,11.277488
"1966-05-01","1m",-2.861307,-0.057694,1.680256,4.841739,9.681099
"1966-06-01","1m",-3.092926,0,2.488998,5.257522,10.960568
"1966-07-01","1m",-2.373444,0,2.633922,5.022671,9.966375
"1966-08-01","1m",-4.742632,-0.097241,2.31843,4.41235,9.10265
"1966-09-01","1m",-1.142802,0.017419,4.141933,4.798347,10.598624
"1966-10-01","1m",-1.592021,0,4.127688,4.765394,8.249161
"1966-11-01","1m",-2.223742,0,2.040791,4.101586,8.347782
"1966-12-01","1m",-3.558156,0,2.512396,4.681501,8.212943
"1967-01-01","1m",-7.138355,-1.186578,2.8588,4.746549,8.82342
"1967-02-01","1m",-4.502307,0,3.116563,4.635031,6.910597
"1967-03-01","1m",-5.768108,-0.48261,0.033658,3.165819,5.955376
"1967-04-01","1m",-3.828199,0,2.1716,4.513854,8.206381
"1967-05-01","1m",-2.419766,0,2.31409,3.438065,6.817367
"1967-06-01","1m",-2.232403,0,3.538717,4.709656,8.366355
"1967-07-01","1m",-0.33872,0,3.302281,5.451752,8.780283
"1967-08-01","1m",0,0,3.029166,4.79472,10.213427
"1967-09-01","1m",-0.284571,2.439024,4.056759,4.693265,13.067487
"1967-10-01","1m",-0.776695,0,3.824087,5.362855,10.662447
"1967-11-01","1m",-2.361707,0,3.153866,6.288464,13.552311
"1967-12-01","1m",-1.131062,0,3.144126,5.417926,10.277158
"1968-01-01","1m",-0.422981,0.236337,4.641357,5.769073,14.551477
"1968-02-01","1m",-0.072053,0,4.629641,5.647172,8.451646
"1968-03-01","1m",-2.583047,0,3.106686,5.393768,9.830513
"1968-04-01","1m",-2.496485,0.402725,4.311589,4.852464,7.63678
"1968-05-01","1m",0,2.486369,4.602,5.277501,7.943398
"1968-06-01","1m",-0.565759,0,4.490249,6.578855,10.560963
"1968-07-01","1m",0,0.168291,3.203107,4.584421,9.263649
"1968-08-01","1m",0,1.310865,4.375758,7.516066,11.92298
"1968-09-01","1m",-0.086916,1.577195,4.477377,6.457362,8.153402
"1968-10-01","1m",0,3.035334,4.549996,6.406268,9.670932
"1968-11-01","1m",-0.081045,0,4.632218,6.55657,9.348913
"1968-12-01","1m",-10.512688,0.252339,4.347,4.817952,8.09881
"1969-01-01","1m",-2.302134,0.032866,4.427181,6.43937,11.839146
"1969-02-01","1m",-1.889348,0,3.095362,4.501372,8.790872
"1969-03-01","1m",-0.894394,2.587415,4.499155,6.833834,12.943859
"1969-04-01","1m",0,0,4.568711,7.359682,13.880377
"1969-05-01","1m",-0.131173,0.103894,4.215733,7.126562,10.791397
"1969-06-01","1m",0,1.786554,4.35673,5.999983,9.616493
"1969-07-01","1m",-0.127553,2.361774,5.612289,8.671208,12.520374
"1969-08-01","1m",-2.857407,0,3.925582,5.886124,10.835044
"1969-09-01","1m",-2.298443,2.523424,4.402305,6.790938,12.086834
"1969-10-01","1m",-0.294262,1.773621,4.400805,6.907661,10.606401
"1969-11-01","1m",-0.205192,2.824154,4.384727,6.313572,8.853914
"1969-12-01","1m",-2.195435,1.995257,4.44659,6.892644,11.848594
"1970-01-01","1m",-4.225822,0.053075,4.353225,6.799337,15.018502
"1970-02-01","1m",-0.639316,1.788111,4.252478,6.00292,10.405254
"1970-03-01","1m",-6.311105,0.068056,4.71827,6.738248,11.761275
"1970-04-01","1m",0,0.747055,4.937017,7.164176,14.592859
"1970-05-01","1m",-1.837682,0,4.207172,6.537764,9.921612
"1970-06-01","1m",-5.478886,0,4.276268,5.440474,11.603004
"1970-07-01","1m",0,2.348791,4.261086,6.430566,9.939394
"1970-08-01","1m",-0.096363,1.755111,3.689467,5.971139,9.544307
"1970-09-01","1m",-0.022247,2.937526,4.649719,6.61245,11.957362
"1970-10-01","1m",0,2.963352,4.823752,8.072993,18.048373
"1970-11-01","1m",-0.068211,2.762683,4.18606,6.413641,12.993444
"1970-12-01","1m",-1.925121,1.656146,6.443155,8.501984,10.636861
"1971-01-01","1m",-1.660402,0.084743,4.076868,6.430839,11.318162
"1971-02-01","1m",-2.684807,0,3.322739,6.12944,10.496061
"1971-03-01","1m",-4.191314,-0.668242,3.354704,4.8775,11.855968
"1971-04-01","1m",-0.769885,0,4.035208,6.829289,12.689877
"1971-05-01","1m",0,2.165873,4.884353,7.05669,8.357727
"1971-06-01","1m",0.239664,2.274042,4.428558,6.311585,11.1401
"1971-07-01","1m",-3.420269,0,3.951165,5.771995,10.712358
"1971-08-01","1m",-7.02134,0,4.130818,6.071785,11.913539
"1971-09-01","1m",-3.110998,0,3.335348,4.285565,7.57434
"1971-10-01","1m",-2.217796,-0.068892,0.670269,3.015649,5.109384
"1971-11-01","1m",-3.691072,0,2.652485,3.995185,6.993904
"1971-12-01","1m",-0.284102,0.699298,3.552421,4.285565,10.254038
"1972-01-01","1m",-2.583946,0.489595,3.455485,5.346867,13.822994
"1972-02-01","1m",-1.216958,0.037101,3.28706,4.061773,13.665792
"1972-03-01","1m",-2.600069,0,3.057292,3.889559,5.465048
"1972-04-01","1m",-2.628628,0,2.272457,3.951201,7.1028
"1972-05-01","1m",-2.161915,0,2.223848,3.954372,7.011285
"1972-06-01","1m",-4.304916,-0.067573,2.68812,3.941385,7.394538
"1972-07-01","1m",-1.978071,0.744112,3.342428,4.908666,13.827512
"1972-08-01","1m",-3.649252,0,3.829375,5.931187,9.183399
"1972-09-01","1m",-0.105881,2.225661,3.903177,5.29809,13.780848
"1972-10-01","1m",-3.54741,0,2.897984,3.945572,6.324617
"1972-11-01","1m",-2.19749,0,3.814416,5.672805,8.520518
"1972-12-01","1m",0,2.051568,3.562155,5.253075,7.893815
"1973-01-01","1m",-3.478158,0,2.793417,7.541803,10.288379
"1973-02-01","1m",-0.997008,2.243268,3.987256,6.78117,12.773227
"1973-03-01","1m",0,2.234372,3.812352,8.834869,14.50618
"1973-04-01","1m",0.012258,3.804895,6.82803,9.286826,22.262624
"1973-05-01","1m",0,2.217854,4.532713,7.640463,18.180862
"1973-06-01","1m",-0.031699,0,4.9758,7.81061,15.044756
"1973-07-01","1m",-4.362308,0,2.831761,5.019899,9.563855
"1973-08-01","1m",-2.025857,1.661848,5.568801,7.567983,21.007331
"1973-09-01","1m",-2.450983,0,3.734315,7.234342,27.110067
"1973-10-01","1m",-2.275273,2.135412,3.82801,8.972777,29.465198
"1973-11-01","1m",-2.161915,2.2293,5.178629,9.304877,34.006032
"1973-12-01","1m",-1.910975,2.700395,7.410661,8.86166,30.515433
"1974-01-01","1m",-0.171592,0,6.958703,11.869578,31.182062
"1974-02-01","1m",0.491556,3.605452,7.899326,12.87684,44.399101
"1974-03-01","1m",0,0.045621,9.293884,14.767352,46.786896
"1974-04-01","1m",1.924774,3.666305,7.756231,14.023126,21.869648
"1974-05-01","1m",0,0.297951,11.674897,17.530958,30.716183
"1974-06-01","1m",-0.181637,5.52031,8.414314,14.591322,24.068905
"1974-07-01","1m",0.033062,3.633221,8.607396,14.301569,26.712074
"1974-08-01","1m",-0.08261,3.551477,12.756776,17.757062,45.059204
"1974-09-01","1m",-1.538507,5.784758,9.973655,15.27755,29.514269
"1974-10-01","1m",-4.10907,3.63252,9.017636,12.382874,24.509204
"1974-11-01","1m",-4.732829,3.627562,7.182041,10.373692,19.139392
"1974-12-01","1m",-1.452594,2.852257,7.28344,12.155189,19.850739
"1975-01-01","1m",-6.537927,1.664095,8.824935,13.020976,23.800715
"1975-02-01","1m",-3.060049,2.069305,7.084039,9.634582,16.631856
"1975-03-01","1m",-4.673394,2.16624,4.085563,5.942199,13.958206
"1975-04-01","1m",-1.918538,0.059089,6.914858,7.030055,13.212189
"1975-05-01","1m",-5.580156,-0.03167,4.550849,6.912235,14.866554
"1975-06-01","1m",-2.430371,0,5.882158,7.617108,26.057786
"1975-07-01","1m",-1.793818,1.453287,6.901932,8.743648,37.488077
"1975-08-01","1m",-3.960562,2.206809,4.543166,8.696371,11.637235
"1975-09-01","1m",-4.88922,3.385529,6.775497,9.530492,15.999537
"1975-10-01","1m",0.046303,3.874648,8.212549,10.339833,13.953274
"1975-11-01","1m",-0.024467,2.691863,6.747863,8.977783,17.447621
"1975-12-01","1m",-2.494948,1.800071,6.621921,9.282658,17.509701
"1976-01-01","1m",-2.552713,2.441295,6.015939,7.775637,12.874688
"1976-02-01","1m",-9.680739,0,6.166099,7.597952,11.991023
"1976-03-01","1m",-9.419283,-0.726216,4.368429,6.534851,12.491157
"1976-04-01","1m",-6.728621,1.092507,3.699565,6.458966,8.914818
"1976-05-01","1m",-1.176355,1.829373,6.48175,8.196273,11.025698
"1976-06-01","1m",-0.0863,1.826588,5.905197,7.102773,13.54681
"1976-07-01","1m",-1.452498,2.530817,5.916002,6.547835,9.661959
"1976-08-01","1m",-2.386828,2.31136,7.456541,9.656285,14.68335
"1976-09-01","1m",-1.096865,2.386437,6.304868,8.081862,16.159223
"1976-10-01","1m",-3.672527,2.516792,6.048359,9.608123,16.338695
"1976-11-01","1m",-5.127567,1.97631,6.245043,8.065762,14.368751
"1976-12-01","1m",-0.75333,2.177576,5.552911,7.010603,12.842963
"1977-01-01","1m",-1.97419,2.50628,7.848347,9.382897,14.192599
"1977-02-01","1m",-2.183234,1.759128,8.229672,12.543023,18.719682
"1977-03-01","1m",-4.065349,1.589978,7.173768,10.280942,16.412283
"1977-04-01","1m",-2.125303,0,5.693639,9.199523,14.646098
"1977-05-01","1m",-1.696925,2.041036,6.125292,7.746794,12.315546
"1977-06-01","1m",-2.72717,2.586187,6.824331,9.030088,16.574118
"1977-07-01","1m",-3.814493,2.947412,5.876943,7.529753,15.056982
"1977-08-01","1m",-3.944147,2.562782,6.437893,8.918447,14.500393
"1977-09-01","1m",-5.665759,1.475729,5.232037,8.945171,12.982892
"1977-10-01","1m",-3.547219,1.631938,5.554711,7.330452,16.838991
"1977-11-01","1m",0,3.655544,7.823291,9.101803,12.691385
"1977-12-01","1m",-0.172668,2.125696,5.716035,8.792926,17.268221
"1978-01-01","1m",-3.393264,0.043218,5.698517,7.488949,19.856558
"1978-02-01","1m",-6.86045,1.984602,5.641488,9.754045,17.087198
"1978-03-01","1m",2.231241,3.540367,6.413923,8.967968,17.32888
"1978-04-01","1m",-1.705999,3.944619,7.1341,9.314186,22.978238
"1978-05-01","1m",1.341305,3.563575,8.52294,10.520227,14.814522
"1978-06-01","1m",-0.821852,3.663722,6.010552,9.059757,14.581924
"1978-07-01","1m",-2.224136,4.0199,6.451314,9.782539,16.089733
"1978-08-01","1m",-1.660322,4.53091,6.535846,11.163302,15.944559
"1978-09-01","1m",-0.516022,2.69902,8.130851,10.319512,16.081151
"1978-10-01","1m",-0.031959,6.234765,8.770466,11.423878,17.966516
"1978-11-01","1m",-1.206187,4.780745,8.170226,10.40257,18.63556
"1978-12-01","1m",-3.750682,3.577199,6.370685,8.739351,14.498595
"1979-01-01","1m",2.373923,5.728786,8.078717,11.995492,18.330196
"1979-02-01","1m",-1.758409,4.612784,8.921218,12.706827,16.040407
"1979-03-01","1m",0.094018,4.284602,7.492413,8.893357,14.744307
"1979-04-01","1m",1.520113,4.603908,6.226905,10.249307,18.253459
"1979-05-01","1m",0.928068,4.791301,10.210303,13.494651,18.595957
"1979-06-01","1m",-2.211569,4.369385,7.832863,9.802359,17.916049
"1979-07-01","1m",0.296241,5.275228,7.81732,9.768075,17.77346
"1979-08-01","1m",-4.367224,4.286075,9.667466,13.223037,21.543499
"1979-09-01","1m",-1.208951,3.986706,9.171457,13.025718,27.516936
"1979-10-01","1m",0,4.323669,10.817763,18.384205,26.232857
"1979-11-01","1m",1.845031,4.901962,8.30029,11.928902,21.194301
"1979-12-01","1m",2.861115,4.882023,8.085637,11.241539,25.295038
"1980-01-01","1m",1.379092,6.553905,10.811519,14.881829,32.521963
"1980-02-01","1m",0.433841,7.35311,10.371164,16.540629,40.642889
"1980-03-01","1m",2.70119,6.562566,9.867777,11.175057,38.86276
"1980-04-01","1m",-4.241065,2.334126,7.585387,12.321445,20.047998
"1980-05-01","1m",-0.685307,4.969913,9.615544,12.355173,18.346237
"1980-06-01","1m",-4.626626,2.508671,9.630006,12.924476,19.629756
"1980-07-01","1m",-1.959704,4.276818,7.103565,10.169714,20.318453
"1980-08-01","1m",-0.492711,6.350512,8.795361,11.102024,19.304887
"1980-09-01","1m",-0.137496,4.994794,10.273091,14.40943,20.094343
"1980-10-01","1m",-0.709872,5.183835,9.329366,12.560808,22.123153
"1980-11-01","1m",2.45328,4.440454,9.206956,11.668282,18.064886
"1980-12-01","1m",-1.024607,4.467987,9.073127,11.502499,16.183192
"1981-01-01","1m",0.043853,6.274213,9.493265,12.313808,27.373323
"1981-02-01","1m",-0.11058,7.057941,9.744892,13.742081,21.627805
"1981-03-01","1m",-4.755872,3.400129,8.461672,9.854362,20.570098
"1981-04-01","1m",-13.426958,3.812388,8.103728,8.806786,19.996124
"1981-05-01","1m",-12.416323,2.047245,6.755244,11.927336,16.854034
"1981-06-01","1m",-5.302114,1.335973,6.445328,8.294188,14.782594
"1981-07-01","1m",-2.624421,3.42017,8.445609,9.448289,23.111477
"1981-08-01","1m",-1.857559,1.133585,7.924254,15.739077,25.132211
"1981-09-01","1m",-0.028155,3.403525,8.217917,10.645426,16.833029
"1981-10-01","1m",-3.820112,2.391897,6.541675,10.594709,18.502254
"1981-11-01","1m",-3.217235,2.515222,6.474238,8.274128,23.683752
"1981-12-01","1m",-3.28879,0.802379,5.967493,8.258854,10.144169
"1982-01-01","1m",-5.388745,1.902239,6.111734,10.315822,23.93614
"1982-02-01","1m",-7.313557,1.875083,4.545477,8.226532,12.319893
"1982-03-01","1m",-4.482291,2.105837,5.660546,7.773263,13.422794
"1982-04-01","1m",-5.572027,0.980879,3.653831,7.18673,15.756855
"1982-05-01","1m",-0.356858,2.998582,6.21605,8.515543,12.35742
"1982-06-01","1m",-1.22435,2.647881,6.373529,8.6031,23.596099
"1982-07-01","1m",-1.24259,3.182211,8.238039,11.193687,18.965709
"1982-08-01","1m",-3.032456,0.735656,4.963512,6.830858,14.714145
"1982-09-01","1m",-4.94753,-0.610138,4.874805,5.492366,11.680733
"1982-10-01","1m",-2.285565,0.499588,6.180943,11.073638,12.529615
"1982-11-01","1m",-4.560512,-1.328828,3.281485,6.704911,18.139075
"1982-12-01","1m",-10.435243,-1.407378,4.02714,4.859849,10.659092
"1983-01-01","1m",-6.428892,2.319467,5.870327,8.089275,19.979954
"1983-02-01","1m",-4.78275,1.910662,4.112855,6.764772,15.601645
"1983-03-01","1m",-4.29355,0.353534,2.352919,4.845316,9.993964
"1983-04-01","1m",-2.484999,1.919011,6.00437,9.85433,17.964123
"1983-05-01","1m",-3.663347,1.953726,2.865923,4.949774,14.798478
"1983-06-01","1m",-3.075136,1.364333,3.733077,5.455436,9.378294
"1983-07-01","1m",-3.161027,1.055437,4.156462,6.340745,15.124603
"1983-08-01","1m",-6.904297,-1.125597,4.57567,5.97011,16.556486
"1983-09-01","1m",-7.691151,0.54935,4.745707,6.646911,14.28829
"1983-10-01","1m",-5.869954,-2.677012,2.932401,5.95939,12.009808
"1983-11-01","1m",-6.058377,1.810016,5.189823,7.117214,10.686102
"1983-12-01","1m",-7.449227,-0.610661,2.990095,5.063643,7.82481
"1984-01-01","1m",-1.203773,3.471911,5.18177,8.109068,19.272806
"1984-02-01","1m",-3.977696,1.786716,5.122246,6.189664,12.046891
"1984-03-01","1m",-5.527002,-0.034762,4.682679,6.317421,9.382292
"1984-04-01","1m",-2.487959,1.807071,5.495445,7.632959,10.134022
"1984-05-01","1m",-4.636884,-0.700295,2.69753,5.049659,8.211684
"1984-06-01","1m",-11.555801,0.749987,4.412911,6.402213,8.362232
"1984-07-01","1m",-4.695932,2.477716,5.176714,8.283751,10.105008
"1984-08-01","1m",-6.291844,2.987358,4.291878,6.335026,9.718837
"1984-09-01","1m",-4.907998,0.776124,5.042495,6.089641,9.081289
"1984-10-01","1m",-3.308636,1.265537,3.777941,6.013939,9.956145
"1984-11-01","1m",-4.853915,-1.471555,3.296244,4.289694,10.083413
"1984-12-01","1m",-5.010542,0.058613,5.528731,6.343297,9.114487
"1985-01-01","1m",-3.08751,1.575309,3.768564,5.017007,12.66363
"1985-02-01","1m",-2.295906,1.931105,5.719079,9.143427,13.278312
"1985-03-01","1m",-1.569764,1.860981,4.489043,6.576822,13.557623
"1985-04-01","1m",-7.381375,-0.386002,2.572208,5.329307,8.995529
"1985-05-01","1m",-5.109438,-1.022624,4.319159,6.207053,15.56749
"1985-06-01","1m",-5.328634,1.402198,4.737036,6.191841,12.261054
"1985-07-01","1m",-4.218494,-0.178712,2.320083,5.547223,8.161254
"1985-08-01","1m",-12.18918,0.783228,4.175666,6.992949,9.36863
"1985-09-01","1m",-6.852167,0.489641,3.563988,5.453168,8.464382
"1985-10-01","1m",-3.82796,0.988987,3.557686,5.397604,10.003224
"1985-11-01","1m",-5.667833,0.981989,3.280128,8.630701,11.886494
"1985-12-01","1m",-3.926343,-0.062854,4.698502,5.80956,10.381564
"1986-01-01","1m",-4.144388,0.753164,5.127424,6.742275,14.308271
"1986-02-01","1m",-12.588683,-0.389318,3.237134,5.111532,9.563156
"1986-03-01","1m",-8.034802,-3.464417,3.230246,7.273305,11.166545
"1986-04-01","1m",-13.339554,-1.602606,4.533672,6.090676,9.910469
"1986-05-01","1m",-6.091519,-1.551189,2.51597,4.75545,11.110218
"1986-06-01","1m",-2.221562,0.892942,4.523796,7.404498,14.986761
"1986-07-01","1m",-8.961248,-0.052291,2.471249,6.224591,8.927741
"1986-08-01","1m",-6.867599,0.464296,3.170069,5.486514,12.600251
"1986-09-01","1m",-5.282476,1.159183,4.143119,6.571745,11.419511
"1986-10-01","1m",-6.419712,0,5.197212,5.827059,9.921522
"1986-11-01","1m",-9.468462,0,3.3849,5.895158,11.220684
"1986-12-01","1m",-4.090514,0.288456,3.403757,6.267227,8.961344
"1987-01-01","1m",-2.598193,3.651909,4.925965,8.187827,23.726298
"1987-02-01","1m",-7.681231,0,3.923753,5.936791,13.538632
"1987-03-01","1m",-3.985296,-0.309717,4.629462,6.155197,10.337117
"1987-04-01","1m",-5.161366,1.740388,6.201571,8.305263,10.157519
"1987-05-01","1m",-3.69591,1.690399,3.829316,5.567286,9.58431
"1987-06-01","1m",-5.541105,0.697797,3.498194,6.888463,19.078054
"1987-07-01","1m",-4.141305,-0.393451,3.509915,5.963322,9.743105
"1987-08-01","1m",-1.740278,1.879096,5.592042,7.332739,10.715857
"1987-09-01","1m",-3.374925,0.662609,3.49865,5.248642,10.525012
"1987-10-01","1m",-1.983986,1.820524,4.147741,5.820502,10.197722
"1987-11-01","1m",-4.819313,0.802522,3.437109,5.999015,10.450789
"1987-12-01","1m",-8.059651,-3.109644,2.928358,5.829193,8.800237
"1988-01-01","1m",-8.57137,0.354557,5.613258,7.132683,13.788628
"1988-02-01","1m",-6.417866,-0.923078,3.906896,4.896761,10.415713
"1988-03-01","1m",-3.285663,0.852466,4.355507,6.495334,14.654958
"1988-04-01","1m",0.190232,2.669722,4.560147,7.585505,13.217055
"1988-05-01","1m",-4.401242,0.784385,3.379926,5.135917,15.260616
"1988-06-01","1m",-2.638349,2.637908,4.98984,5.96608,11.322851
"1988-07-01","1m",-2.150526,2.520383,5.154416,8.872944,15.78343
"1988-08-01","1m",-8.993879,1.846993,4.393397,5.435307,14.969437
"1988-09-01","1m",-3.266688,3.695882,5.168597,7.783392,12.993218
"1988-10-01","1m",-2.660846,1.962545,3.7645,6.951137,11.999148
"1988-11-01","1m",-2.258116,-0.879806,3.80258,6.264916,7.67616
"1988-12-01","1m",-2.164384,1.573799,3.731722,6.189376,15.42722
"1989-01-01","1m",-3.033779,2.587727,5.486694,9.905993,14.093933
"1989-02-01","1m",-7.161025,0.69365,4.022108,7.367779,15.277691
"1989-03-01","1m",-4.331696,1.51935,4.036405,5.89526,13.822017
"1989-04-01","1m",-1.111495,2.666272,4.451937,8.358036,13.786381
"1989-05-01","1m",-1.965495,1.687053,4.976389,5.89187,11.507042
"1989-06-01","1m",-7.142701,0.510538,3.293698,5.664853,12.882268
"1989-07-01","1m",-8.441571,0.897629,4.70701,6.468994,10.945171
"1989-08-01","1m",-14.683381,-1.026968,3.958232,5.606799,11.058956
"1989-09-01","1m",-4.816729,0.417792,4.106116,5.986504,15.685207
"1989-10-01","1m",-2.700619,1.819893,6.058704,6.696495,12.482074
"1989-11-01","1m",-6.52768,0.770462,3.964124,6.419797,12.04332
"1989-12-01","1m",-5.779803,0.828621,4.6937,5.993187,10.981712
"1990-01-01","1m",-3.162937,2.14132,4.586979,7.30963,18.28283
"1990-02-01","1m",-2.984927,0.126076,4.191107,8.554228,14.32927
"1990-03-01","1m",-3.892162,0.764693,6.305216,9.787433,13.384846
"1990-04-01","1m",-6.119318,1.252119,4.273437,5.719167,10.276871
"1990-05-01","1m",-8.087716,-0.583996,3.768144,6.127649,12.012979
"1990-06-01","1m",-2.252294,2.224777,5.814605,9.308432,11.56661
"1990-07-01","1m",-5.746147,0.894561,4.64497,6.198686,13.026771
"1990-08-01","1m",-0.423036,2.354189,5.443095,8.572333,15.846485
"1990-09-01","1m",-1.714449,1.099998,3.413306,7.103313,11.104333
"1990-10-01","1m",-3.083718,1.418532,3.987521,7.415685,11.858168
"1990-11-01","1m",-5.266555,-1.110787,3.030479,5.646966,11.429034
"1990-12-01","1m",-11.514769,0.875113,3.83869,5.899988,10.837324
"1991-01-01","1m",-6.016733,1.563641,4.035847,9.156447,24.276102
"1991-02-01","1m",-5.067597,0.194493,2.224986,7.006442,13.76272
"1991-03-01","1m",-8.510786,-0.606124,2.154593,4.171769,8.722006
"1991-04-01","1m",-5.058633,0.872405,3.198265,4.490125,9.062475
"1991-05-01","1m",-2.26076,2.042552,4.321833,6.71024,11.294787
"1991-06-01","1m",-6.643522,0.224659,2.348853,5.137655,10.091106
"1991-07-01","1m",-5.403592,0.485062,2.785123,5.49477,11.389575
"1991-08-01","1m",-2.347583,1.004233,2.242505,5.826916,9.674378
"1991-09-01","1m",-1.143923,1.830431,3.133754,5.836215,9.831812
"1991-10-01","1m",-3.724611,0.642171,3.345407,4.855119,8.840793
"1991-11-01","1m",-4.101822,1.929402,3.74825,6.208147,10.750366
"1991-12-01","1m",-5.97017,0.510621,4.512734,5.864563,10.486311
"1992-01-01","1m",-8.412326,0.550208,2.919007,5.062969,10.423194
"1992-02-01","1m",-4.297682,-0.758083,3.080757,6.230345,9.991043
"1992-03-01","1m",-2.493937,0.48865,3.279355,5.746039,10.909529
"1992-04-01","1m",-4.648142,-0.563247,2.464771,4.751783,11.655257
"1992-05-01","1m",-3.974447,0.823075,2.308714,5.623158,10.830469
"1992-06-01","1m",-3.211101,1.079358,1.880846,4.687696,10.329267
"1992-07-01","1m",-3.626643,0.61683,2.448012,5.13139,9.728449
"1992-08-01","1m",-4.70468,0.207764,2.449052,4.467084,9.079569
"1992-09-01","1m",-3.617388,-0.856551,2.581548,5.061977,10.138868
"1992-10-01","1m",-1.48063,0.652549,4.050434,5.516323,11.219651
"1992-11-01","1m",-4.745133,0.958292,3.94612,5.472319,7.912849
"1992-12-01","1m",-4.130114,0.755495,3.03435,4.508395,8.16135
"1993-01-01","1m",-5.094805,-0.419496,3.208626,4.220626,14.123759
"1993-02-01","1m",-5.623254,0.267139,3.004117,4.281818,9.539814
"1993-03-01","1m",-7.662048,0.616361,2.792949,3.139945,12.793622
"1993-04-01","1m",-5.179701,1.487176,3.577556,4.591548,11.625695
"1993-05-01","1m",-8.089475,1.104178,3.261373,5.757301,13.430875
"1993-06-01","1m",-5.618516,-0.917265,2.266237,3.494731,7.731464
"1993-07-01","1m",-3.614017,0.806472,2.45073,4.309335,7.626587
"1993-08-01","1m",-3.953695,-0.406188,2.406212,3.495531,9.644248
"1993-09-01","1m",-7.926312,1.045863,1.647985,3.785048,9.028401
"1993-10-01","1m",-4.377994,1.482703,2.725628,4.49561,10.131314
"1993-11-01","1m",-5.564063,1.240333,2.64825,3.454656,8.747655
"1993-12-01","1m",-8.978432,-0.636814,3.135659,3.521859,5.063644
"1994-01-01","1m",-11.536392,-0.953412,2.941153,3.418933,8.839264
"1994-02-01","1m",-8.016875,0,3.387428,4.0805,12.044994
"1994-03-01","1m",-1.944833,1.088468,3.432329,3.714406,11.01658
"1994-04-01","1m",-5.73289,-1.677689,2.262471,2.752848,10.498491
"1994-05-01","1m",-5.740314,0.337844,3.732888,4.469143,7.20222
"1994-06-01","1m",-1.481051,1.356527,2.278286,4.5679,7.414292
"1994-07-01","1m",-4.541757,0.857725,2.374482,4.462497,8.741004
"1994-08-01","1m",-4.788245,-0.28714,2.250092,2.816973,5.916721
"1994-09-01","1m",-6.541982,-0.473092,2.055614,2.698148,5.342402
"1994-10-01","1m",-4.916771,-0.97787,2.624215,3.347162,11.009182
"1994-11-01","1m",-5.238762,0.121136,3.091585,3.428244,8.530524
"1994-12-01","1m",-5.856793,-0.645453,1.921196,3.374878,4.022385
"1995-01-01","1m",-5.851534,1.068577,4.152014,6.030219,13.970466
"1995-02-01","1m",-5.113524,0.215316,2.260675,3.306766,8.7249
"1995-03-01","1m",-5.79572,-0.354243,3.275369,3.505582,7.047675
"1995-04-01","1m",-1.915344,0.722637,2.819026,3.756492,8.046431
"1995-05-01","1m",-4.601275,0.072896,2.208645,4.357717,7.482214
"1995-06-01","1m",-5.495952,-0.915195,1.961867,3.465759,7.125976
"1995-07-01","1m",-5.281129,-0.537177,2.160801,3.257283,8.62412
"1995-08-01","1m",-2.328134,1.113199,2.457882,3.336401,8.14357
"1995-09-01","1m",-5.751514,-0.352757,2.530969,3.386802,6.770001
"1995-10-01","1m",-2.99649,1.257781,3.340942,4.593347,9.140422
"1995-11-01","1m",-7.850031,-0.091279,2.552522,3.763649,5.834484
"1995-12-01","1m",-3.998726,0.159264,2.318864,3.839129,11.62163
"1996-01-01","1m",-5.865558,1.481105,2.55093,3.780999,11.197621
"1996-02-01","1m",-3.449154,0.873757,2.031713,3.044836,9.197846
"1996-03-01","1m",-2.934596,0.628918,2.685131,3.617406,10.358519
"1996-04-01","1m",-7.090483,-0.346662,2.142756,4.10549,11.87061
"1996-05-01","1m",-5.744005,0.690308,3.232193,3.778916,10.628395
"1996-06-01","1m",-10.575302,-0.410296,2.288436,3.519485,6.214246
"1996-07-01","1m",-4.128259,-1.748462,3.070216,3.851419,9.236378
"1996-08-01","1m",-11.058578,0.815416,2.624202,3.155216,7.826477
"1996-09-01","1m",-4.457289,1.345325,2.704676,4.416751,10.240895
"1996-10-01","1m",-4.420324,0.435575,2.964142,4.756004,10.012038
"1996-11-01","1m",-4.154083,0.601988,2.999387,3.993658,8.840276
"1996-12-01","1m",-5.016162,0.851663,2.348932,2.782048,6.983523
"1997-01-01","1m",-3.096454,-0.933852,2.855496,3.212988,8.404096
"1997-02-01","1m",-5.180129,0.175366,2.252059,3.188692,7.538658
"1997-03-01","1m",-5.215037,0.302493,2.636896,3.194354,9.03774
"1997-04-01","1m",-7.65178,-0.467922,2.16711,3.728217,13.866857
"1997-05-01","1m",-6.89819,-1.028157,1.67948,3.060074,5.719847
"1997-06-01","1m",-9.219424,-1.133853,2.55963,2.954964,6.741671
"1997-07-01","1m",-8.614351,-3.553433,2.426094,3.772891,5.805851
"1997-08-01","1m",-10.225295,-0.844081,1.931923,3.387496,5.474792
"1997-09-01","1m",-2.5653,0.461445,2.554565,3.860235,8.133511
"1997-10-01","1m",-6.146437,-2.376138,1.642674,2.587882,8.427164
"1997-11-01","1m",-8.089363,-1.418757,2.014261,3.60473,6.945809
"1997-12-01","1m",-9.290984,-2.533643,1.829757,2.779934,6.298614
"1998-01-01","1m",-5.987621,-1.280324,1.944908,3.467578,7.421231
"1998-02-01","1m",-9.62071,-0.903454,2.340896,2.664131,5.509606
"1998-03-01","1m",-7.036397,-0.893251,2.940281,4.247167,6.255394
"1998-04-01","1m",-8.776203,0,2.02109,3.397779,7.576937
"1998-05-01","1m",-8.330842,-2.217145,2.900812,3.654837,8.020964
"1998-06-01","1m",-7.648445,-1.693593,1.255461,3.912315,5.918862
"1998-07-01","1m",-2.17607,0.222996,2.318139,3.331015,8.662737
"1998-08-01","1m",-5.039109,-1.559629,3.239229,3.958357,10.376429
"1998-09-01","1m",-10.450435,-3.585568,2.729965,3.602346,7.15723
"1998-10-01","1m",-4.478198,-0.191998,2.296783,3.941619,6.79276
"1998-11-01","1m",-12.212518,-0.04739,2.309574,3.067858,6.334627
"1998-12-01","1m",-7.352017,-2.887551,2.230141,2.742359,5.117672
"1999-01-01","1m",-5.696748,0,2.546955,3.614309,7.134895
"1999-02-01","1m",-8.864769,-3.357499,1.714682,1.972348,5.762368
"1999-03-01","1m",-5.243959,-1.007036,2.041574,2.537499,5.527766
"1999-04-01","1m",-3.478763,0.802392,2.532145,4.607006,12.334649
"1999-05-01","1m",-7.323525,-0.854965,2.526813,2.770969,5.857842
"1999-06-01","1m",-10.464458,-0.855575,1.880883,3.057815,5.921459
"1999-07-01","1m",-5.291935,0,2.517547,3.625127,8.511457
"1999-08-01","1m",-5.411064,-0.619059,2.332955,2.692241,8.080674
"1999-09-01","1m",-2.304832,0.585037,2.506988,3.555876,11.582663
"1999-10-01","1m",-5.11078,0,1.894972,3.3727,6.628944
"1999-11-01","1m",-5.989445,-0.856185,3.022879,3.778857,6.274966
"1999-12-01","1m",-5.830954,0,2.246274,3.51506,11.786627
"2000-01-01","1m",-4.093124,1.073103,3.828935,5.999799,12.67776
"2000-02-01","1m",-5.545298,-0.660628,2.598465,3.106846,12.375332
"2000-03-01","1m",-4.477127,1.157309,2.985331,4.905088,10.456503
"2000-04-01","1m",-8.81186,-1.4898,2.463229,3.161833,6.410186
"2000-05-01","1m",-6.933566,0,2.437241,3.341258,7.554153
"2000-06-01","1m",-10.174769,-0.858294,2.833028,3.707966,9.479427
"2000-07-01","1m",-5.326106,0.252052,2.982039,5.002229,14.774683
"2000-08-01","1m",-6.501291,-0.776579,2.213839,3.062467,7.706814
"2000-09-01","1m",-5.195333,1.348817,3.223121,3.922108,9.127893
"2000-10-01","1m",-6.837302,-0.094444,2.473334,4.043811,9.785244
"2000-11-01","1m",-7.464876,0.875551,3.036153,4.030855,7.849621
"2000-12-01","1m",-10.672439,-0.937544,2.597797,3.629129,7.081289
"2001-01-01","1m",-4.273766,0,3.636952,6.062756,19.920327
"2001-02-01","1m",-4.051359,0.353447,3.625963,4.425975,7.672791
"2001-03-01","1m",-5.963432,-1.133706,3.0412,4.833853,6.138536
"2001-04-01","1m",-8.169945,-0.24975,3.200021,4.209016,7.702673
"2001-05-01","1m",-6.913412,-1.639445,3.078162,4.816351,7.428411
"2001-06-01","1m",-4.846598,0.127505,3.352325,4.778468,7.048475
"2001-07-01","1m",-5.293385,-1.582819,3.541381,4.098854,10.165209
"2001-08-01","1m",-7.709394,-2.282806,3.715781,4.67952,5.358883
"2001-09-01","1m",-7.103698,-1.728278,2.554305,4.136613,6.938221
"2001-10-01","1m",-9.469289,-0.583294,2.971981,4.941655,7.383557
"2001-11-01","1m",-4.414885,-0.117991,2.668692,4.391794,6.247412
"2001-12-01","1m",-8.59366,-2.194414,1.97548,4.396343,5.197363
"2002-01-01","1m",-7.473856,-2.424009,2.79771,4.052587,6.104592
"2002-02-01","1m",-7.111044,-1.116401,3.258128,3.858554,8.03799
"2002-03-01","1m",-5.916606,-0.810239,3.449783,4.045197,6.51822
"2002-04-01","1m",-4.545134,0,2.415549,4.013762,10.83597
"2002-05-01","1m",-5.581269,-0.611377,2.429738,2.85025,6.954292
"2002-06-01","1m",-6.506032,0,2.566707,3.424544,6.675413
"2002-07-01","1m",-3.669902,0.704091,2.812482,3.397199,10.468945
"2002-08-01","1m",-4.486161,0,2.252685,3.599523,9.593103
"2002-09-01","1m",-4.981649,0.499873,3.013418,3.978326,8.288369
"2002-10-01","1m",-5.406651,0.550683,2.812854,4.007882,8.008365
"2002-11-01","1m",-5.387683,-0.086657,2.806277,3.876335,8.270909
"2002-12-01","1m",-5.826264,-2.334538,2.782443,4.296292,7.963585
"2003-01-01","1m",-8.901082,-2.226754,3.346499,4.874417,9.892755
"2003-02-01","1m",-3.243564,-1.067233,1.835148,4.269767,10.309478
"2003-03-01","1m",-10.701515,0,2.685393,4.168811,10.720017
"2003-04-01","1m",-7.041881,-2.123118,0.710884,3.604552,8.587543
"2003-05-01","1m",-7.655302,-1.656576,1.667693,4.997801,12.324362
"2003-06-01","1m",-5.64117,-0.256608,1.782042,3.317643,8.33082
"2003-07-01","1m",-3.036211,1.429035,2.936803,5.235127,10.624699
"2003-08-01","1m",-2.486949,1.018507,2.204016,3.194578,11.66433
"2003-09-01","1m",-4.850124,0,2.488111,3.225042,8.906104
"2003-10-01","1m",-7.248085,-1.687654,3.162174,4.169628,10.873143
"2003-11-01","1m",-6.704763,-1.014482,2.586734,2.952087,6.125618
"2003-12-01","1m",-2.196966,-0.070882,1.117505,3.429019,8.817662
"2004-01-01","1m",-4.546797,0.421631,2.246317,6.135767,13.478396
"2004-02-01","1m",-3.163358,0.588406,2.512685,4.440709,7.27212
"2004-03-01","1m",-5.392549,-0.81042,2.728506,4.587605,7.599141
"2004-04-01","1m",-5.589049,0.817041,3.819955,4.336993,8.538039
"2004-05-01","1m",-3.300796,0.660315,2.933941,4.321377,8.263613
"2004-06-01","1m",-2.082761,1.386167,2.708828,4.106625,7.979675
"2004-07-01","1m",-7.201074,-0.525616,2.525062,4.220785,6.758743
"2004-08-01","1m",-7.957513,-2.177224,2.448843,3.327267,6.408105
"2004-09-01","1m",-5.003014,0,1.638854,3.174298,10.716938
"2004-10-01","1m",-3.593768,0.084019,2.028062,4.223325,9.798457
"2004-11-01","1m",-3.536469,1.375057,2.132138,4.540508,12.151485
"2004-12-01","1m",-8.914876,0,2.136298,2.850827,6.811859
"2005-01-01","1m",-7.281531,0.111296,3.408619,5.859718,11.911679
"2005-02-01","1m",-5.58139,-0.076057,3.213979,4.529357,9.269986
"2005-03-01","1m",-4.52555,0.359051,2.121165,3.239017,12.658367
"2005-04-01","1m",-3.517951,0.574876,2.0906,3.82055,16.662088
"2005-05-01","1m",-6.635764,0.284215,2.653748,2.914218,9.076341
"2005-06-01","1m",-5.292776,-0.491651,1.574645,3.881912,7.613329
"2005-07-01","1m",-3.471129,0.592894,2.938651,4.061186,7.696052
"2005-08-01","1m",-5.959611,-0.343063,2.102582,3.849532,9.391473
"2005-09-01","1m",-3.520542,1.508875,3.356528,6.301794,12.283444
"2005-10-01","1m",-5.418256,0.974862,3.329743,5.571196,10.680758
"2005-11-01","1m",-5.863861,0.702021,3.159094,4.632023,9.938505
"2005-12-01","1m",-7.957477,-0.368851,1.809543,2.616736,5.993767
"2006-01-01","1m",-2.215656,0,3.663088,4.644409,11.291095
"2006-02-01","1m",-11.851181,-0.368665,2.387417,3.668153,8.942722
"2006-03-01","1m",-5.42643,0.805061,3.414351,4.175374,8.051984
"2006-04-01","1m",-2.876651,0.480112,3.843603,4.696085,9.323048
"2006-05-01","1m",-3.456326,1.231458,4.399378,5.735076,10.344938
"2006-06-01","1m",-3.237461,2.221404,3.920631,4.934797,8.202353
"2006-07-01","1m",-6.972579,0.164834,3.392435,4.601067,8.124727
"2006-08-01","1m",-2.659071,0.778122,3.369309,4.242128,11.790408
"2006-09-01","1m",-5.322349,-0.474755,2.88867,4.080921,7.230787
"2006-10-01","1m",-6.613355,-1.780428,3.4009,4.586405,8.499864
"2006-11-01","1m",-6.650321,-3.451827,2.152913,3.530437,6.116599
"2006-12-01","1m",-5.865898,0.744621,3.520082,3.990701,7.357866
"2007-01-01","1m",-6.913325,0.443987,3.783076,5.755901,18.973516
"2007-02-01","1m",-3.799659,1.607737,3.37616,4.756345,11.154993
"2007-03-01","1m",-4.194597,-0.199014,2.887175,3.544483,10.044771
"2007-04-01","1m",-3.966738,0.479868,1.932819,3.613983,8.542996
"2007-05-01","1m",-3.788632,0.049329,2.520587,3.243548,8.915485
"2007-06-01","1m",-2.519004,0.499769,2.232046,3.864266,8.518558
"2007-07-01","1m",-4.000594,0.446868,2.273529,3.825005,8.378006
"2007-08-01","1m",-6.540233,0.581397,2.324143,3.291145,6.782113
"2007-09-01","1m",-2.844499,1.484509,3.312708,5.360812,14.721446
"2007-10-01","1m",-1.865505,1.107236,3.355853,4.879224,14.85399
"2007-11-01","1m",-3.445945,0.90186,3.951291,4.902056,10.453917
"2007-12-01","1m",-4.349567,0.214693,3.209105,4.161878,13.391026
"2008-01-01","1m",-3.522113,-0.565543,2.732101,4.788181,9.999467
"2008-02-01","1m",-4.867744,0.416969,2.160548,3.426998,11.853737
"2008-03-01","1m",-5.347845,0.659071,2.90962,4.027823,14.425983
"2008-04-01","1m",-10.218836,-0.048819,2.73793,3.505637,10.808648
"2008-05-01","1m",-5.624665,0.638826,2.446553,4.736546,12.775935
"2008-06-01","1m",-4.752776,1.197727,3.048531,6.479611,13.325888
"2008-07-01","1m",-3.671657,1.873871,3.215035,6.680325,20.217106
"2008-08-01","1m",-8.946198,0.033103,1.782537,3.609993,10.185179
"2008-09-01","1m",-4.984424,-0.626399,2.784523,4.363459,6.938246
"2008-10-01","1m",-19.397431,-2.023178,1.73178,4.443672,8.986425
"2008-11-01","1m",-19.290558,0.055356,3.172567,3.968966,6.360181
"2008-12-01","1m",-12.033462,-2.462443,0.808271,3.2872,5.667212
"2009-01-01","1m",-10.012003,0.440537,2.858939,4.181448,10.266666
"2009-02-01","1m",-5.891441,0.422484,2.095915,3.369022,9.81164
"2009-03-01","1m",-11.737543,0.027955,2.028472,2.725789,6.075285
"2009-04-01","1m",-5.654829,0.269672,1.757226,2.711578,6.636159
"2009-05-01","1m",-6.668847,-0.713265,2.015917,3.723989,7.826059
"2009-06-01","1m",-3.300461,0.199603,1.7909,3.365345,9.992353
"2009-07-01","1m",-8.308931,-1.678247,0.307073,2.169165,7.135372
"2009-08-01","1m",-4.34504,0.316257,1.262823,4.795119,11.138907
"2009-09-01","1m",-3.736827,-1.343709,0.928154,2.632516,10.826526
"2009-10-01","1m",-3.749768,-0.33315,3.025742,5.583255,19.952365
"2009-11-01","1m",-6.296256,-1.401706,2.157757,2.590123,11.181219
"2009-12-01","1m",-5.752035,-0.465737,0.604416,2.124523,5.160637
"2010-01-01","1m",-5.115781,-0.810273,1.161557,2.785638,12.308628
"2010-02-01","1m",-6.379695,-0.784878,0.247627,2.743382,5.819759
"2010-03-01","1m",-4.146191,-0.895999,0.771116,2.848582,6.339031
"2010-04-01","1m",-5.478572,-0.498577,1.167681,2.480984,7.935059
"2010-05-01","1m",-7.322678,-0.629923,0.702628,1.732747,7.554486
"2010-06-01","1m",-9.422388,-0.863354,0.673467,2.30792,6.410081
"2010-07-01","1m",-7.022212,0.030598,0.639566,1.859847,7.880929
"2010-08-01","1m",-4.36208,0.099943,1.972849,3.126151,7.993581
"2010-09-01","1m",-5.44523,0.4737,1.535574,2.024446,6.985473
"2010-10-01","1m",-4.100323,-0.345631,0.92142,2.097425,11.022149
"2010-11-01","1m",-2.773949,0.542898,1.290567,3.091367,7.62464
"2010-12-01","1m",-6.915067,0.148344,1.058885,2.483226,7.352807
"2011-01-01","1m",-4.268505,1.135363,2.416172,4.379859,22.910314
"2011-02-01","1m",-2.212471,1.315242,1.811026,4.783732,9.409743
"2011-03-01","1m",-3.616488,0.570084,2.134985,4.149151,10.252979
"2011-04-01","1m",-0.483246,1.040056,2.340073,4.304218,13.795039
"2011-05-01","1m",-1.2764,1.382951,2.368,4.471861,13.880389
"2011-06-01","1m",-4.767753,0,1.855279,2.844082,7.428724
"2011-07-01","1m",-3.167755,0.614742,1.983854,2.732422,9.708125
"2011-08-01","1m",-1.793825,1.355308,2.578672,3.879702,11.92972
"2011-09-01","1m",-5.146887,-0.144413,2.019733,3.505253,11.676197
"2011-10-01","1m",-11.507964,-0.242116,2.272093,3.238248,6.948548
"2011-11-01","1m",-1.746699,0.808498,1.824563,3.53765,11.882063
"2011-12-01","1m",-4.690055,0.680733,2.278783,3.490375,8.100248
"2012-01-01","1m",-2.280427,0.772882,2.288738,3.631811,16.220681
"2012-02-01","1m",-3.355361,0.791694,1.630934,2.706146,12.746144
"2012-03-01","1m",-3.068337,0.61378,2.318655,2.902763,7.691182
"2012-04-01","1m",-2.966518,0.291972,2.70308,3.4819,6.025585
"2012-05-01","1m",-7.311401,0.060152,1.508966,3.350775,4.37836
"2012-06-01","1m",-6.496034,-0.782347,1.254456,2.642445,6.758297
"2012-07-01","1m",-7.907741,-1.455881,1.913272,2.925302,7.720694
"2012-08-01","1m",-6.039334,-0.108427,2.419556,2.488369,10.577602
"2012-09-01","1m",-2.860687,0.945647,2.185287,2.709177,6.468179
"2012-10-01","1m",-2.102385,0.153863,2.112256,3.282497,16.646046
"2012-11-01","1m",-6.317576,-1.297832,1.31407,2.057804,6.121754
"2012-12-01","1m",-5.668887,-0.481849,1.867694,2.443844,7.61586
"2013-01-01","1m",-4.499909,1.152664,2.05999,3.721524,9.349025
"2013-02-01","1m",-3.986211,0.507225,2.447209,3.021534,6.711103
"2013-03-01","1m",-7.135166,-1.211641,1.94112,2.05941,4.577438
"2013-04-01","1m",-9.35074,-4.760478,1.632266,2.55409,6.192354
"2013-05-01","1m",-5.732715,-0.697497,2.182919,2.294291,5.475458
"2013-06-01","1m",-3.183236,1.222894,2.442419,2.778447,9.681467
"2013-07-01","1m",-3.468493,0.324446,1.882473,2.680653,6.073571
"2013-08-01","1m",-4.138046,0.074096,2.007899,3.398749,9.191553
"2013-09-01","1m",-5.835661,-0.123982,2.152858,2.990226,4.445669
"2013-10-01","1m",-6.485491,0.087848,2.289091,3.345306,6.958443
"2013-11-01","1m",-4.635976,0.319324,2.381795,3.065282,6.915983
"2013-12-01","1m",-5.409373,-0.050142,1.767817,3.347165,7.131152
"2014-01-01","1m",-3.556003,-0.205095,2.121847,2.946447,16.087412
"2014-02-01","1m",-9.913288,-1.26107,1.633695,2.659358,6.52303
"2014-03-01","1m",-4.471626,-1.403108,1.914863,2.967446,12.127167
"2014-04-01","1m",-2.470832,0,2.551798,3.076278,10.330234
"2014-05-01","1m",-4.815871,0.814439,2.304732,2.546537,8.385819
"2014-06-01","1m",-3.639537,0.343156,2.324754,2.958805,5.931514
"2014-07-01","1m",-6.500803,-0.681861,2.426166,3.735643,8.835087
"2014-08-01","1m",-7.777368,-1.247517,1.745342,2.884143,4.423936
"2014-09-01","1m",-5.540803,-0.091139,2.345224,2.567954,5.265607
"2014-10-01","1m",-10.404064,-5.137984,2.721029,2.827622,6.771718
"2014-11-01","1m",-8.624957,-1.570199,2.848987,3.156988,8.285305
"2014-12-01","1m",-7.402869,-0.731186,1.53156,2.716297,7.305978
"2015-01-01","1m",-11.996203,-5.234619,2.100789,3.078023,6.456093
"2015-02-01","1m",-4.90223,0.519406,2.290578,3.284112,7.074755
"2015-03-01","1m",-4.879581,-0.197685,1.562019,3.168414,10.975979
"2015-04-01","1m",-4.810702,0.247652,3.120312,3.399727,5.828143
"2015-05-01","1m",-6.094416,-0.108863,2.485221,2.780428,6.955882
"2015-06-01","1m",-5.886909,0.339411,1.98682,3.941693,7.29428
"2015-07-01","1m",-3.854335,0.048242,2.472875,3.384036,5.340125
"2015-08-01","1m",-7.447732,-0.823514,1.571501,2.534805,3.755068
"2015-09-01","1m",-6.490997,-0.036196,2.164289,3.261748,6.9475
"2015-10-01","1m",-9.14899,-3.15192,1.670982,2.782343,6.10329
"2015-11-01","1m",-5.492335,-0.953744,1.878571,2.658849,5.507412
"2015-12-01","1m",-7.44147,-2.207328,1.244434,2.894887,4.561677
"2016-01-01","1m",-6.622231,-2.130016,3.241029,4.094078,6.830769
"2016-02-01","1m",-7.292931,-0.159701,2.482739,3.156075,8.821059
"2016-03-01","1m",-4.526711,-0.294208,2.488632,2.902472,9.153394
"2016-04-01","1m",-3.302625,-0.06132,2.947747,3.833183,14.481049
"2016-05-01","1m",-5.979208,-0.304393,3.017786,4.215886,10.946291
"2016-06-01","1m",-4.766706,-0.64505,1.838727,3.749374,7.578117
"2016-07-01","1m",-8.655517,-1.570898,2.474988,3.468361,10.095742
"2016-08-01","1m",-7.070659,-0.720447,2.278895,3.368992,7.247484
"2016-09-01","1m",-4.993192,0.148157,2.072665,4.120754,10.219808
"2016-10-01","1m",-6.876851,0.185205,1.912352,3.537748,8.49365
"2016-11-01","1m",-6.426636,-1.188929,1.490307,3.375042,7.608874
"2016-12-01","1m",-4.038955,-0.059043,1.932338,3.339151,5.292693
"2017-01-01","1m",-3.460196,-0.745495,2.878437,4.829867,12.15171
"2017-02-01","1m",-7.347915,-0.290018,1.936751,3.121523,7.581636
"2017-03-01","1m",-11.62968,-1.067521,1.979126,2.466349,5.407821
"2017-04-01","1m",-7.779147,-0.167141,1.557273,2.77599,11.799219
"2017-05-01","1m",-7.451654,-0.726486,1.298545,2.555279,8.111476
"2017-06-01","1m",-6.207078,-0.538172,1.922102,3.379795,9.038195
"2017-07-01","1m",-10.155047,-1.896483,1.101945,3.147367,10.798239
"2017-08-01","1m",-5.452083,-0.10781,1.935093,4.056031,5.99253
"2017-09-01","1m",-4.899658,-0.56994,1.583615,3.325549,7.593764
"2017-10-01","1m",-3.767505,0.405308,2.535971,3.747166,11.332765
"2017-11-01","1m",-7.383857,-0.658309,2.148704,3.122507,6.482912
"2017-12-01","1m",-4.121526,-0.438667,2.23994,4.106504,8.328823
"2018-01-01","1m",-3.215891,0.836507,3.176768,4.396181,13.681022
"2018-02-01","1m",-4.502129,0.047931,2.250431,3.4087,10.807146
"2018-03-01","1m",-3.64756,-1.267353,1.950115,3.903241,8.027044
"2018-04-01","1m",-4.444635,-1.030122,1.586283,3.781343,11.866083
"2018-05-01","1m",-5.568483,0.873283,2.371287,3.10626,10.77478
"2018-06-01","1m",-4.738536,0.793647,2.166982,2.836144,5.733764
"2018-07-01","1m",-6.546853,-0.451154,2.299223,3.510753,6.518213
"2018-08-01","1m",-6.113488,-0.023028,2.164029,3.321061,6.355588
"2018-09-01","1m",-4.525366,-0.154615,2.457463,2.657602,9.131539
"2018-10-01","1m",-7.45835,0.493097,2.707961,3.471291,11.386663
"2018-11-01","1m",-13.147591,0.438997,2.885345,3.818145,9.402319
"2018-12-01","1m",-7.467769,-0.552005,2.054644,2.907058,10.168404
"2019-01-01","1m",-11.045488,-1.863655,2.289496,3.438114,7.112637
"2019-02-01","1m",-4.761266,0.390027,3.016792,3.775395,10.752124
"2019-03-01","1m",-6.335783,-0.433188,2.430083,3.740003,8.42808
"2019-04-01","1m",-7.434966,-0.693955,4.092836,4.774803,9.862404
"2019-05-01","1m",-6.614696,-1.273609,2.061037,3.1673,8.826359
"2019-06-01","1m",-7.653209,-1.637713,1.789194,3.635955,6.416169
"2019-07-01","1m",-2.257173,0.307677,2.801459,3.2627,9.348133
"2019-08-01","1m",-4.468473,-0.287208,2.404122,3.072339,4.747328
"2019-09-01","1m",-8.059945,-1.41165,2.131812,3.398711,4.678821
"2019-10-01","1m",-5.939059,0.196981,2.335261,4.204245,12.300502
"2019-11-01","1m",-4.002245,0.140367,1.938968,3.175942,7.738241
"2019-12-01","1m",-6.80623,-1.241846,3.007593,3.77207,10.73164
"2020-01-01","1m",-5.203078,-0.225538,3.184941,4.075058,9.055942
"2020-02-01","1m",-5.663727,0.169548,2.650175,3.234241,8.755332
"2020-03-01","1m",-7.482912,-2.018612,1.938735,3.006247,9.218727
"2020-04-01","1m",-13.478295,-0.268285,2.367753,4.028518,19.895938
"2020-05-01","1m",-7.431304,-0.988426,2.778761,5.750594,8.532993
"2020-06-01","1m",-5.692893,0,1.836935,3.9673,10.409797
"2020-07-01","1m",-5.943322,0.210592,2.590336,4.485845,17.715279
"2020-08-01","1m",-5.052396,0.374325,2.031252,4.344593,10.824833
"2020-09-01","1m",-9.214729,-0.354214,0.997019,3.013705,14.423618
"2020-10-01","1m",-5.122939,-0.786532,2.22611,2.600909,7.401032
"2020-11-01","1m",-6.649162,-0.080471,0.490171,2.424238,10.544355
"2020-12-01","1m",-3.39611,0.0697,1.707988,2.90353,11.674949
"2021-01-01","1m",-9.365296,-0.316931,1.771689,4.267587,21.664654
"2021-02-01","1m",-4.484527,-0.41558,2.96435,5.453317,11.880086
"2021-03-01","1m",-3.880881,0.323464,2.790686,4.4092,16.300202
"2021-04-01","1m",-4.437363,1.162078,2.905898,4.594928,22.551926
"2021-05-01","1m",-3.961009,0.77985,3.118042,6.273392,18.46326
"2021-06-01","1m",-4.387108,-0.624657,2.964581,7.080058,23.269318
"2021-07-01","1m",-2.796773,1.186935,3.695778,6.164499,18.652869
"2021-08-01","1m",-1.923907,0.405105,3.365384,5.961296,15.725272
"2021-09-01","1m",-2.856152,1.270124,4.649242,6.420611,16.774086
"2021-10-01","1m",-1.717344,0.84294,5.601393,10.504442,23.862171
"2021-11-01","1m",-0.072545,1.497988,4.833722,6.950037,19.921731
"2021-12-01","1m",-2.232058,1.964156,4.803608,7.146212,21.007463
"2022-01-01","1m",-7.459396,1.64064,6.830197,12.27923,21.982269
"2022-02-01","1m",-1.263239,1.659862,5.614783,7.533739,23.082972
"2022-03-01","1m",-4.054908,-0.279422,2.759866,5.664906,25.550719
"2022-04-01","1m",-9.987615,-2.715645,6.040311,7.083991,15.797788
"2022-05-01","1m",-2.797689,1.604503,5.998009,9.100139,19.419716
"2022-06-01","1m",0.392638,1.895662,8.851058,11.344189,26.127162
"2022-07-01","1m",-7.163302,-0.702975,5.077537,8.000753,19.146224
"2022-08-01","1m",-4.49731,1.137189,6.537333,9.0243,15.952326
"2022-09-01","1m",-6.763823,0.10997,4.575939,9.443798,14.787101
"2022-10-01","1m",-5.349655,0.093744,5.782415,8.148385,13.238299
"2022-11-01","1m",-6.946787,0.135423,3.209931,8.294789,13.119129
"2022-12-01","1m",-5.372037,0.632102,4.895013,9.196709,12.62969
"2023-01-01","1m",-4.532977,-0.540131,6.280939,8.046054,15.869213
"2023-02-01","1m",-3.750229,1.284069,4.002993,8.692621,11.99463
"2023-03-01","1m",-6.347821,1.596818,4.863913,5.959892,9.409323
"2023-04-01","1m",-5.960495,0.805688,4.510763,6.955682,9.173806
"2023-05-01","1m",-8.508801,0.913201,3.949302,6.397534,10.512052
"2023-06-01","1m",-6.952424,-0.532597,2.687693,5.958382,9.878744
"2023-07-01","1m",-5.692778,-0.033363,3.403793,6.090679,8.269904
"2023-08-01","1m",-6.465187,0.030583,3.191491,4.601376,11.057647
"2023-09-01","1m",-7.703731,-0.559186,4.080527,6.393709,13.82109
"2023-10-01","1m",-4.957839,0.02767,3.578907,5.461113,9.637453
"2023-11-01","1m",-10.162393,-1.819937,3.511959,5.676889,7.110536
"2023-12-01","1m",-6.222445,-0.660191,1.765565,5.362307,10.475409
"2024-01-01","1m",-9.107571,1.920753,6.280116,7.024281,15.401966
"2024-02-01","1m",-2.018935,0.773904,2.491034,5.651619,14.418783
"2024-03-01","1m",-4.222864,1.003697,3.557808,5.093413,17.648871
"2024-04-01","1m",-4.964399,-0.714617,3.344686,4.31689,9.232038
"2024-05-01","1m",-8.96187,-1.749051,3.500566,4.743099,8.869098
"2024-06-01","1m",-6.678603,-0.506012,2.650463,3.690361,7.188531
"2024-07-01","1m",-3.16989,-0.381594,1.857672,4.39991,6.676836
"2024-08-01","1m",-5.156441,-1.156277,2.798349,5.192843,8.881454
"2024-09-01","1m",-5.585867,0.574555,3.750092,4.26321,11.032514
"2024-10-01","1m",-4.638746,0.746991,3.666261,5.388832,13.366705
"2024-11-01","1m",-4.889825,-0.280757,3.231311,4.017866,11.482475
"2024-12-01","1m",-5.684431,0.396354,3.851277,4.085622,8.128848
"2025-01-01","1m",-4.177086,0.019503,3.570911,4.265046,16.217735
"2025-02-01","1m",-2.956525,1.065661,3.659378,4.526733,11.122426
"2025-03-01","1m",-6.966185,0.24874,3.528649,4.538581,7.307147
"2025-04-01","1m",-6.593902,0.702773,3.959086,4.570146,10.082968
"2025-05-01","1m",-4.490208,0.392487,2.793044,3.373568,9.018145
"2025-06-01","1m",-3.343956,1.607189,3.7541,5.403204,9.444477
"2025-07-01","1m",-6.235988,0.105488,2.770707,3.499515,10.833549
"2025-08-01","1m",-5.392224,-0.072731,3.757282,4.979192,13.045154
"2025-09-01","1m",-2.99835,0.98765,1.826649,3.990422,10.966298
"2025-10-01","1m",-4.856682,0.181685,1.944814,3.40834,11.252844
"2025-11-01","1m",-4.287514,0.25763,1.950296,3.406514,9.671093
"2025-12-01","1m",-4.179384,-1.59727,3.291328,4.834472,13.752575
"2026-01-01","1m",-4.582234,1.155619,2.656198,4.033557,20.938213
"2026-02-01","1m",-4.407408,-1.160981,2.710719,3.716439,16.82309
"2026-03-01","1m",-5.387178,0.633197,2.907188,5.134612,16.122549
"2026-04-01","1m",-3.016984,-0.772992,2.908511,6.547229,19.919153
"2026-05-01","1m",-6.306507,0.498885,3.556745,4.432046,13.896788
"2026-06-01","1m",-10.923709,-0.838933,2.718251,3.174957,9.107408
"2026-07-01","1m",-8.90715,-1.107277,2.93433,3.405089,7.797351
"2026-08-01","1m",-4.663736,0.050009,2.305889,4.558055,16.076493
"1959-04-01","3m",-1.525776,0.042438,1.717266,3.317791,8.497812
"1959-05-01","3m",-2.067114,0,1.717266,3.005339,6.652868
"1959-06-01","3m",-1.642081,0.66541,2.883506,3.497301,8.525088
"1959-07-01","3m",-3.364763,0.804132,2.014447,2.905883,8.480255
"1959-08-01","3m",-3.404725,0,1.709925,3.568066,10.150581
"1959-09-01","3m",-0.671156,0,1.686334,3.220764,9.424695
"1959-10-01","3m",-2.475281,0.66716,1.6697,2.747192,11.477377
"1959-11-01","3m",-1.712079,0,1.735164,3.207851,8.424884
"1959-12-01","3m",-1.446506,-0.590976,1.613364,3.393579,7.677912
"1960-01-01","3m",-4.817564,-0.632627,1.695568,2.747008,4.945831
"1960-02-01","3m",-5.752973,-0.0502,1.695568,2.463444,6.144491
"1960-03-01","3m",-5.984399,-1.165378,0.975449,2.725816,5.114627
"1960-04-01","3m",-1.634251,-0.282244,1.063215,3.212261,5.990878
"1960-05-01","3m",-1.675648,-0.034598,1.569407,1.867031,6.104143
"1960-06-01","3m",-1.887189,0,1.68026,2.001396,5.600504
"1960-07-01","3m",-1.426045,-0.770606,1.604659,3.184112,6.806893
"1960-08-01","3m",-2.350534,-0.026223,1.503576,2.39861,7.620011
"1960-09-01","3m",-3.067435,0,1.648783,2.49515,7.942654
"1960-10-01","3m",-2.996293,0,1.193982,2.053941,5.059546
"1960-11-01","3m",-3.864503,-0.011323,1.674412,2.640413,6.912845
"1960-12-01","3m",-2.325169,-0.024122,1.635673,2.231642,5.083505
"1961-01-01","3m",-1.89535,-0.02819,1.349321,1.705867,5.708519
"1961-02-01","3m",-3.655385,-0.628768,0.302165,2.472532,5.871685
"1961-03-01","3m",-5.873487,-0.613191,0.462932,1.585899,4.803291
"1961-04-01","3m",-5.356656,-1.311124,1.322464,1.667432,3.442495
"1961-05-01","3m",-6.631788,-1.702089,1.000521,1.667432,3.019815
"1961-06-01","3m",-3.858477,-0.829063,0.591627,1.604659,3.322969
"1961-07-01","3m",-2.412345,-0.139415,1.532848,1.656994,5.306753
"1961-08-01","3m",-2.89363,-1.133263,1.481706,1.691878,6.356924
"1961-09-01","3m",-1.888712,-0.875843,0.197515,2.468129,4.962926
"1961-10-01","3m",-1.800806,-0.084273,0.597991,1.661402,3.792335
"1961-11-01","3m",-3.016936,-0.358142,0.034172,1.680741,4.674254
"1961-12-01","3m",-3.726949,-1.05824,0.034169,1.515125,3.637266
"1962-01-01","3m",-3.953298,-1.497778,1.515125,1.716029,3.971998
"1962-02-01","3m",-2.168598,0,1.57922,2.282274,5.229822
"1962-03-01","3m",-1.654675,0,1.684463,3.327983,5.447157
"1962-04-01","3m",-1.308789,0,0.95004,2.986229,5.90582
"1962-05-01","3m",-2.801568,0,0.941835,1.646968,4.024325
"1962-06-01","3m",-2.664297,-0.024048,0.782669,1.90129,4.820518
"1962-07-01","3m",-3.9889,-0.15441,1.188778,1.673639,4.584362
"1962-08-01","3m",-3.039554,-0.115847,1.599791,2.36178,4.318943
"1962-09-01","3m",-2.687588,0.140074,1.608483,2.622064,7.616191
"1962-10-01","3m",-2.334804,-0.057714,1.503882,2.737224,7.746301
"1962-11-01","3m",-2.335386,-0.254736,1.240536,3.025867,7.222798
"1962-12-01","3m",-7.497196,-1.670342,0,1.251362,3.135481
"1963-01-01","3m",-3.678393,-1.080065,1.202883,1.633645,4.204807
"1963-02-01","3m",-2.277552,-0.460643,1.26759,1.633645,4.574124
"1963-03-01","3m",-4.580028,0,1.595555,1.940476,3.958822
"1963-04-01","3m",-4.616783,0,1.159272,1.6574,4.084585
"1963-05-01","3m",-5.49817,-0.336594,1.442964,1.627,4.73462
"1963-06-01","3m",-3.126955,0,1.555207,2.253433,4.801076
"1963-07-01","3m",-1.092442,0,1.574361,2.432424,7.176196
"1963-08-01","3m",-1.333033,0,0.945285,3.131516,8.515992
"1963-09-01","3m",-1.402601,0,0.945285,2.108427,5.882688
"1963-10-01","3m",-1.360431,0.44309,1.589063,2.620664,4.685356
"1963-11-01","3m",-1.448993,-0.018793,1.589063,2.074405,4.31969
"1963-12-01","3m",-2.743458,0.027447,1.589063,2.594709,5.104604
"1964-01-01","3m",-3.079241,-0.749316,0.63832,2.336991,7.435616
"1964-02-01","3m",-2.017003,0,1.500495,2.113914,6.286766
"1964-03-01","3m",-3.235253,-0.033335,1.602453,2.378774,5.043828
"1964-04-01","3m",-2.198926,-0.622972,0.865828,1.613997,3.974292
"1964-05-01","3m",-4.316063,-1.344598,0,1.576423,4.205728
"1964-06-01","3m",-2.46871,-0.872958,0,1.610031,3.847458
"1964-07-01","3m",-2.216925,-0.201777,0.034269,1.576159,4.859708
"1964-08-01","3m",-1.858871,-0.987612,0.922782,1.671087,4.560279
"1964-09-01","3m",-2.223153,-0.712454,1.200212,1.673127,4.817855
"1964-10-01","3m",-3.350026,-0.823889,1.449943,1.637188,5.195846
"1964-11-01","3m",-1.503906,-0.055174,0.198899,1.665064,5.126253
"1964-12-01","3m",-3.048883,0,1.052367,1.701002,5.104604
"1965-01-01","3m",-2.096637,0,1.329706,2.491334,4.955223
"1965-02-01","3m",-2.381995,-0.775264,1.49754,1.619105,6.369151
"1965-03-01","3m",-2.420463,-0.011369,1.104792,1.889858,5.67264
"1965-04-01","3m",-2.421149,0,1.220921,1.986013,4.941895
"1965-05-01","3m",-3.472573,-0.033494,1.532719,2.757101,4.977585
"1965-06-01","3m",-3.654493,-0.10162,1.594816,3.287848,6.174566
"1965-07-01","3m",-3.245572,-0.014503,1.594816,2.746285,6.350627
"1965-08-01","3m",-4.538907,0,1.5972,2.985945,4.773815
"1965-09-01","3m",-1.735562,0,1.119691,2.729963,5.772817
"1965-10-01","3m",-5.553488,-0.240577,1.259376,2.217129,5.772817
"1965-11-01","3m",-6.158613,-0.328731,1.588483,3.00975,5.436182
"1965-12-01","3m",-5.934068,0.083016,1.588483,3.208758,6.102406
"1966-01-01","3m",-3.379591,0.002684,2.287881,3.229716,7.548809
"1966-02-01","3m",-1.886739,-0.022602,1.858255,4.137704,11.963306
"1966-03-01","3m",-2.433483,-0.017416,1.611346,3.865628,10.139342
"1966-04-01","3m",-0.909877,1.428481,3.107721,4.138761,10.642955
"1966-05-01","3m",0,1.402634,1.828924,3.968806,8.006434
"1966-06-01","3m",-1.002745,1.240603,2.493459,4.399121,9.397137
"1966-07-01","3m",-1.100873,0,2.580124,4.716342,8.041505
"1966-08-01","3m",-0.909068,0,2.771683,5.241258,8.530332
"1966-09-01","3m",-0.899064,0.7039,2.419246,4.570699,9.848855
"1966-10-01","3m",-1.620721,0.994719,3.127493,4.60474,8.625319
"1966-11-01","3m",-0.66464,0.821187,3.149883,4.60671,8.036983
"1966-12-01","3m",-0.857732,0.825141,3.13753,4.580339,6.889181
"1967-01-01","3m",-3.128884,0.044635,1.651586,4.5477,6.335475
"1967-02-01","3m",-3.594264,0,2.499879,3.323047,6.314919
"1967-03-01","3m",-3.379591,-1.443471,1.936524,3.129834,5.91448
"1967-04-01","3m",-4.933421,-0.011216,1.661104,3.626425,5.869343
"1967-05-01","3m",-4.119406,0,2.116329,3.406783,5.667132
"1967-06-01","3m",-1.569667,0.938393,2.494179,3.863028,5.990757
"1967-07-01","3m",-0.12602,1.545865,3.059411,4.162189,6.082779
"1967-08-01","3m",0,1.509104,3.059411,4.387071,8.941344
"1967-09-01","3m",0.076533,1.539914,3.851853,4.632571,8.304798
"1967-10-01","3m",0,1.535603,3.247654,4.551455,9.255606
"1967-11-01","3m",0,1.705406,3.436216,5.058746,8.602165
"1967-12-01","3m",-1.347166,1.185674,3.254524,5.17498,7.728191
"1968-01-01","3m",-0.793275,1.52826,3.549307,5.33984,7.905888
"1968-02-01","3m",0,1.055237,3.504386,5.912882,7.968431
"1968-03-01","3m",0,2.091073,3.796158,5.593176,9.529209
"1968-04-01","3m",-1.027713,1.547723,3.04568,5.171549,8.732427
"1968-05-01","3m",0,2.413974,3.492653,5.073706,8.714387
"1968-06-01","3m",0,2.224268,3.529633,5.95288,7.826735
"1968-07-01","3m",0.584431,2.013576,3.45228,5.812959,6.851476
"1968-08-01","3m",0.820643,1.505365,3.99951,6.152831,7.47349
"1968-09-01","3m",0.842278,2.632728,4.011631,5.139253,8.143739
"1968-10-01","3m",1.055168,2.986395,4.55505,6.233273,8.981526
"1968-11-01","3m",0.77015,2.600487,4.0615,6.361475,8.004189
"1968-12-01","3m",-0.129702,1.241803,3.414648,5.024434,8.217495
"1969-01-01","3m",-1.156182,1.951941,3.278123,5.081511,7.896297
"1969-02-01","3m",-0.413708,1.462597,3.465477,4.84609,7.343835
"1969-03-01","3m",0,1.509465,3.990782,5.335956,9.176646
"1969-04-01","3m",1.007348,1.477772,4.168093,6.070647,10.23139
"1969-05-01","3m",1.413197,2.532498,4.453188,6.088749,9.137886
"1969-06-01","3m",1.57301,2.595261,4.830095,5.811096,9.286351
"1969-07-01","3m",0.059387,2.366437,4.829137,6.179927,10.761859
"1969-08-01","3m",0,2.628302,3.967229,5.866438,9.983536
"1969-09-01","3m",0.407255,1.727977,4.404164,5.760776,9.514315
"1969-10-01","3m",-0.043963,1.499444,3.366501,5.59184,9.497703
"1969-11-01","3m",0.056052,2.693337,4.371871,6.154976,9.399074
"1969-12-01","3m",0,2.496365,4.356207,6.832185,8.312885
"1970-01-01","3m",-1.428929,1.521898,4.340351,6.923382,10.197944
"1970-02-01","3m",-0.766178,2.002204,4.296268,6.755485,10.277991
"1970-03-01","3m",-0.921911,1.54865,4.309283,6.586386,9.97975
"1970-04-01","3m",0.405343,2.56504,4.440564,6.697484,10.274248
"1970-05-01","3m",0,2.469577,4.278657,5.799123,9.032045
"1970-06-01","3m",0,2.294871,4.263359,6.381573,9.137886
"1970-07-01","3m",-1.429449,1.687849,4.248171,5.470009,7.872061
"1970-08-01","3m",-1.836555,1.953623,4.276215,5.017165,7.799903
"1970-09-01","3m",-1.350116,2.865106,4.218404,5.663063,8.686922
"1970-10-01","3m",1.085336,3.164335,4.759688,6.177702,10.874307
"1970-11-01","3m",1.099165,3.554917,4.271208,6.624058,12.877249
"1970-12-01","3m",0.015626,3.994555,5.603671,6.566831,12.470174
"1971-01-01","3m",0.540629,2.756347,5.443905,5.844159,12.536704
"1971-02-01","3m",-1.403749,1.915907,4.971898,5.571171,9.811163
"1971-03-01","3m",-0.903051,1.36826,3.663297,4.370395,7.817156
"1971-04-01","3m",-0.711706,1.818824,3.894748,4.515291,8.871902
"1971-05-01","3m",-0.839222,2.234048,4.129191,5.488548,10.632814
"1971-06-01","3m",0.171803,2.725052,5.284237,5.475468,9.529257
"1971-07-01","3m",0,2.862642,4.692785,5.451337,8.803131
"1971-08-01","3m",-1.248806,1.396112,4.033986,5.230518,10.751724
"1971-09-01","3m",-1.411635,1.8813,3.572574,4.445359,9.69948
"1971-10-01","3m",-1.422909,0.015174,2.776682,4.088254,7.666601
"1971-11-01","3m",-2.681306,0,2.58462,3.069373,4.705203
"1971-12-01","3m",-1.125987,0.621599,2.658002,3.061475,6.02933
"1972-01-01","3m",-0.504986,0.829122,3.127018,4.495091,8.477662
"1972-02-01","3m",0,1.647857,3.711521,4.556372,9.91568
"1972-03-01","3m",-0.736765,1.871004,3.928357,4.799323,9.594503
"1972-04-01","3m",-0.023051,1.294376,2.757428,3.96428,6.038958
"1972-05-01","3m",-1.408693,0.425842,2.241208,2.715939,5.040709
"1972-06-01","3m",-1.958543,0.013788,2.614899,3.348836,5.145939
"1972-07-01","3m",-0.85173,0.44603,2.893679,3.971612,7.298525
"1972-08-01","3m",-1.444475,0.813559,3.334877,3.962388,8.45663
"1972-09-01","3m",-0.201599,1.263651,3.890233,4.516348,9.009327
"1972-10-01","3m",-0.843062,1.550879,2.589669,4.347484,6.775668
"1972-11-01","3m",-1.466693,1.053547,3.357527,4.929116,8.328399
"1972-12-01","3m",-1.196734,1.432784,3.75708,3.920109,6.29158
"1973-01-01","3m",-0.705932,0.86429,3.884895,6.022439,7.949502
"1973-02-01","3m",-0.468184,2.025064,3.866,5.211873,10.383176
"1973-03-01","3m",-0.664134,2.082576,5.07626,5.800291,11.510348
"1973-04-01","3m",1.21667,3.4978,5.161959,8.61328,11.820533
"1973-05-01","3m",1.334837,3.737626,5.063812,8.615894,13.308676
"1973-06-01","3m",1.542804,3.768243,4.902132,7.275306,15.624924
"1973-07-01","3m",0,2.213088,3.756372,5.804618,11.747503
"1973-08-01","3m",0.820509,2.953421,4.186984,7.893504,15.578663
"1973-09-01","3m",-0.295451,2.208094,4.877698,6.424676,17.953675
"1973-10-01","3m",0,2.466482,4.992869,9.261748,21.491876
"1973-11-01","3m",-2.158032,2.386107,4.83016,8.128749,30.012626
"1973-12-01","3m",-2.16192,3.301868,5.39364,10.461364,29.547765
"1974-01-01","3m",0,2.58694,6.048357,10.517825,23.895687
"1974-02-01","3m",1.692048,3.664683,7.771083,11.123198,31.61021
"1974-03-01","3m",0.050028,2.451367,8.624157,12.340006,42.501887
"1974-04-01","3m",1.617889,2.429808,10.168538,12.462372,33.372545
"1974-05-01","3m",1.205714,3.960097,11.330751,13.62146,30.257342
"1974-06-01","3m",3.052133,3.631416,11.198988,15.016748,27.262221
"1974-07-01","3m",1.641115,3.664593,10.907265,14.653257,28.466543
"1974-08-01","3m",-1.832116,4.832834,11.801089,16.09227,23.954732
"1974-09-01","3m",0.790643,4.827552,11.781035,15.634494,24.095069
"1974-10-01","3m",1.429205,6.02497,10.985643,14.469631,25.061551
"1974-11-01","3m",0,5.444191,9.647014,12.355262,19.526759
"1974-12-01","3m",-2.339492,5.466162,8.996728,11.436613,18.449128
"1975-01-01","3m",-2.04014,2.852705,9.626277,11.007665,19.985659
"1975-02-01","3m",-1.63892,3.827903,9.592854,10.343363,18.355366
"1975-03-01","3m",-1.106969,3.14393,7.010086,8.714721,14.613773
"1975-04-01","3m",-2.403471,1.892613,5.820853,7.831781,13.071543
"1975-05-01","3m",-2.507141,1.64967,5.76423,6.602115,11.579412
"1975-06-01","3m",-1.136275,0.943496,5.671893,6.967014,14.708861
"1975-07-01","3m",-2.050605,0.731741,5.317627,6.926812,22.805564
"1975-08-01","3m",-0.009262,2.991295,5.682364,6.907098,29.128304
"1975-09-01","3m",1.155591,3.459597,5.650326,8.369557,14.886125
"1975-10-01","3m",0,3.345202,6.756383,9.135237,13.06283
"1975-11-01","3m",-0.614348,3.779586,7.760945,8.349359,14.55136
"1975-12-01","3m",1.592172,3.566912,7.882167,9.192099,15.214752
"1976-01-01","3m",-1.689715,3.540151,6.666218,8.652719,13.620743
"1976-02-01","3m",-4.97036,2.844936,6.513401,7.134775,11.892521
"1976-03-01","3m",-7.408466,1.260992,5.726047,6.592874,10.322047
"1976-04-01","3m",-8.243767,1.027494,5.45671,6.187002,9.111436
"1976-05-01","3m",-5.050326,1.937776,5.405619,6.372113,10.326039
"1976-06-01","3m",-2.201171,2.277151,5.267705,6.030906,9.910101
"1976-07-01","3m",-0.07192,2.529813,6.468416,6.945637,9.967874
"1976-08-01","3m",-0.697064,3.098992,6.371128,7.542757,9.669876
"1976-09-01","3m",0.491585,3.224581,6.826284,7.524936,11.300892
"1976-10-01","3m",-0.303558,2.645742,6.782732,8.546265,12.565843
"1976-11-01","3m",0.008163,3.574625,7.248606,7.837298,11.553855
"1976-12-01","3m",-0.499718,3.252992,6.15108,8.564666,11.992807
"1977-01-01","3m",-0.039618,2.724229,6.193068,8.31929,11.82145
"1977-02-01","3m",-1.206271,3.341074,7.587661,8.985005,11.674469
"1977-03-01","3m",-2.058216,2.718662,8.952269,10.369823,12.216899
"1977-04-01","3m",-1.341258,2.67081,7.744368,10.289753,11.34536
"1977-05-01","3m",-0.985711,2.272972,6.683666,8.112839,12.494098
"1977-06-01","3m",0,1.848014,7.059081,8.129128,11.959198
"1977-07-01","3m",-2.397224,2.984925,6.507528,8.067989,14.363896
"1977-08-01","3m",0.674629,3.872006,7.18126,7.948646,10.488638
"1977-09-01","3m",-0.702291,2.970077,6.34198,8.162206,9.693826
"1977-10-01","3m",-0.451082,2.663424,6.332641,7.834867,10.658331
"1977-11-01","3m",-0.008184,1.828189,6.16753,7.777717,11.832653
"1977-12-01","3m",0.685361,3.655294,5.741696,8.202053,14.772002
"1978-01-01","3m",1.264956,3.6186,6.641721,7.885792,12.754303
"1978-02-01","3m",-1.492346,2.601463,5.868302,7.772509,14.620905
"1978-03-01","3m",-1.620203,3.114564,5.921705,8.230151,14.106389
"1978-04-01","3m",0.98303,3.120368,6.687574,9.589335,15.697013
"1978-05-01","3m",1.875279,5.047767,7.132155,9.958665,14.401449
"1978-06-01","3m",2.661995,5.14733,6.665146,9.701688,15.111848
"1978-07-01","3m",2.488337,5.269938,6.537713,9.193409,12.980612
"1978-08-01","3m",-0.209027,5.499035,7.700609,9.711518,12.299462
"1978-09-01","3m",-0.619119,4.441431,7.430237,9.273117,12.995791
"1978-10-01","3m",1.2938,5.198766,8.28321,10.116074,13.303818
"1978-11-01","3m",0.465988,4.685445,9.198178,9.618271,13.031278
"1978-12-01","3m",0.134713,5.352642,8.211892,10.063334,13.243399
"1979-01-01","3m",-1.001501,4.960893,8.072354,9.802974,14.869574
"1979-02-01","3m",1.279573,5.743505,8.436218,10.972637,15.509885
"1979-03-01","3m",0.683264,5.331319,8.680498,11.158492,18.807002
"1979-04-01","3m",0.967771,5.263388,8.022149,10.286697,14.30378
"1979-05-01","3m",2.239099,5.396914,7.918748,9.367267,13.880809
"1979-06-01","3m",1.908362,5.136561,8.636933,9.713365,14.580797
"1979-07-01","3m",0.48016,5.553383,9.148143,10.348745,14.391757
"1979-08-01","3m",0.27693,5.367763,9.583251,10.199772,16.684945
"1979-09-01","3m",0.380988,4.846356,8.924144,11.39834,18.307222
"1979-10-01","3m",-1.432155,4.090813,9.612098,14.505696,21.158621
"1979-11-01","3m",2.238539,5.303712,9.521218,12.001443,22.943671
"1979-12-01","3m",2.743622,6.295152,9.244155,11.100384,19.640468
"1980-01-01","3m",5.176412,5.83645,9.792388,11.595321,19.538441
"1980-02-01","3m",3.9766,6.537998,9.862616,12.563971,27.176352
"1980-03-01","3m",3.532352,7.453057,10.616711,14.060207,28.716371
"1980-04-01","3m",1.675261,6.302855,9.919013,13.598522,25.149942
"1980-05-01","3m",3.410041,7.361546,9.106152,12.258372,20.742167
"1980-06-01","3m",-5.920434,5.340642,9.537678,10.724105,16.935485
"1980-07-01","3m",0.235992,5.74286,9.459223,11.345725,14.610791
"1980-08-01","3m",2.947461,6.825501,8.599255,10.515685,16.648575
"1980-09-01","3m",1.422713,7.008502,9.444926,10.787876,17.756677
"1980-10-01","3m",2.436756,7.131691,9.338115,11.971109,19.172687
"1980-11-01","3m",3.697826,5.388347,10.151944,12.592242,18.034951
"1980-12-01","3m",2.900139,5.244084,9.516496,11.630463,14.181535
"1981-01-01","3m",2.18926,5.972147,9.899204,11.229055,18.550574
"1981-02-01","3m",1.868105,6.726094,9.824252,12.366887,17.325414
"1981-03-01","3m",-0.672463,6.153681,9.029704,12.506275,18.018172
"1981-04-01","3m",2.500996,5.799027,8.902443,9.926584,19.057362
"1981-05-01","3m",-3.274913,3.868538,7.293912,10.412817,13.73666
"1981-06-01","3m",-4.747998,2.694134,7.208081,9.518553,15.221604
"1981-07-01","3m",-2.422276,3.239627,8.479764,10.064449,14.908969
"1981-08-01","3m",0,3.530304,7.637095,10.853031,18.22679
"1981-09-01","3m",0.163204,3.764993,8.722177,12.29227,19.828127
"1981-10-01","3m",0.812291,4.023013,7.389633,12.05466,18.177251
"1981-11-01","3m",-1.16504,3.422358,6.526928,9.832492,20.257082
"1981-12-01","3m",-2.179523,3.254793,5.703401,9.037066,14.215691
"1982-01-01","3m",-1.607553,2.328197,5.63752,8.945336,17.653622
"1982-02-01","3m",-1.137944,2.057266,6.356444,7.618982,13.580593
"1982-03-01","3m",-3.389376,3.331152,6.007792,7.177786,14.962048
"1982-04-01","3m",-2.061585,2.321377,4.756644,7.00279,12.70504
"1982-05-01","3m",-0.392148,2.983257,5.519731,7.036641,12.259006
"1982-06-01","3m",-0.820056,1.998726,5.557356,7.142671,11.520457
"1982-07-01","3m",-0.239526,3.663603,7.516735,9.084713,19.590782
"1982-08-01","3m",-0.749101,2.811903,6.530947,8.14331,16.277481
"1982-09-01","3m",-2.054533,1.837877,5.379679,8.187935,15.798844
"1982-10-01","3m",-2.959193,0.572972,4.775086,8.051964,12.834725
"1982-11-01","3m",-3.873358,0.022569,4.462306,7.505566,12.771409
"1982-12-01","3m",-5.48998,0.262598,4.006553,7.547803,11.280044
"1983-01-01","3m",-10.718729,0.546786,4.40721,6.203163,11.548627
"1983-02-01","3m",-6.757338,1.669905,4.29525,6.761812,13.658504
"1983-03-01","3m",-5.337167,1.882574,4.051589,6.312669,14.498052
"1983-04-01","3m",-3.679531,1.04132,4.370233,5.825156,11.713796
"1983-05-01","3m",-1.379446,2.339082,4.515561,5.3026,10.796345
"1983-06-01","3m",-0.954767,2.016508,4.257203,6.541331,11.389589
"1983-07-01","3m",-1.067913,1.832859,4.017347,6.091703,13.29433
"1983-08-01","3m",-2.453553,1.632927,4.007759,5.964174,12.579152
"1983-09-01","3m",-1.58849,0.900895,3.924797,5.393328,13.743432
"1983-10-01","3m",-3.928792,0.418316,4.147699,5.309236,11.992034
"1983-11-01","3m",-3.970218,0.881149,4.359326,4.911888,9.402569
"1983-12-01","3m",-2.611616,0.690157,3.899779,5.175657,9.301793
"1984-01-01","3m",-1.811625,2.126129,4.510642,5.352471,9.037168
"1984-02-01","3m",-0.434037,1.243065,4.686961,5.462604,10.032655
"1984-03-01","3m",-1.607034,2.669909,5.138944,6.213244,9.401907
"1984-04-01","3m",-1.670632,1.970834,4.958633,7.117976,8.529934
"1984-05-01","3m",-2.195448,0.38457,4.565473,6.272684,7.793055
"1984-06-01","3m",-5.06196,1.309879,3.782213,5.854088,7.721178
"1984-07-01","3m",-4.47109,1.683545,4.159863,5.552812,8.531776
"1984-08-01","3m",-3.38498,2.257816,4.29253,6.187452,8.335818
"1984-09-01","3m",-3.722466,2.46432,4.9639,6.531179,8.126779
"1984-10-01","3m",-1.136659,2.197962,4.464526,5.424405,6.985041
"1984-11-01","3m",-1.64012,1.607334,3.575585,4.550158,8.323603
"1984-12-01","3m",-1.812389,0.596568,3.341795,4.572339,8.616103
"1985-01-01","3m",-2.608597,1.036724,3.798605,4.860174,8.447706
"1985-02-01","3m",-2.022379,2.252943,4.812476,6.442189,10.055721
"1985-03-01","3m",0.339659,2.81502,5.55002,5.735926,9.303064
"1985-04-01","3m",-0.940621,1.942985,5.048006,6.338641,9.901479
"1985-05-01","3m",-2.32393,1.191502,4.155932,7.132326,7.65325
"1985-06-01","3m",-3.802903,1.423529,4.64026,6.450888,7.490379
"1985-07-01","3m",-2.85,0.776025,3.538296,5.919522,8.593637
"1985-08-01","3m",-3.216873,0.581325,3.672656,5.787191,7.503588
"1985-09-01","3m",-4.395761,0.023258,3.432132,5.095615,6.825459
"1985-10-01","3m",-4.403787,1.602797,3.746946,5.106895,7.2078
"1985-11-01","3m",-2.742015,1.631986,3.830162,5.431825,8.850135
"1985-12-01","3m",-1.261905,1.825825,3.887121,6.25181,7.717291
"1986-01-01","3m",-1.980427,1.998299,5.225617,6.945323,8.796461
"1986-02-01","3m",-6.318891,1.007664,3.904444,5.380166,8.816594
"1986-03-01","3m",-7.410641,-0.387034,3.955966,7.129385,8.340275
"1986-04-01","3m",-6.21082,-1.569567,4.003449,7.062769,8.212934
"1986-05-01","3m",-5.968326,-1.33947,3.09901,6.165234,8.230263
"1986-06-01","3m",-5.884949,0.007931,4.332769,5.333859,7.558323
"1986-07-01","3m",-4.285677,1.072251,3.165917,4.905498,8.581147
"1986-08-01","3m",-4.303449,1.340567,3.836498,5.841107,7.49866
"1986-09-01","3m",-4.494196,1.157164,3.879521,4.584675,8.611157
"1986-10-01","3m",-4.075695,1.105585,3.407102,5.567922,8.486933
"1986-11-01","3m",-3.671525,0.614349,4.138534,5.223775,9.519822
"1986-12-01","3m",-5.366392,0.008512,3.809616,4.82172,8.284477
"1987-01-01","3m",-1.375273,2.4626,4.242727,6.61871,9.480815
"1987-02-01","3m",-1.205101,1.738171,4.009482,5.183309,10.329876
"1987-03-01","3m",-2.894897,2.181348,5.154682,5.810464,10.099922
"1987-04-01","3m",-2.407866,0.638642,4.720163,6.439961,7.960631
"1987-05-01","3m",-0.82371,1.053831,3.8198,5.998289,8.832763
"1987-06-01","3m",-0.730992,2.149283,4.190216,5.521617,8.424738
"1987-07-01","3m",-2.118512,1.654249,3.049363,5.758683,9.155293
"1987-08-01","3m",-1.45977,1.35827,3.681575,5.40344,9.068559
"1987-09-01","3m",-0.793651,1.912454,3.479214,5.631879,10.048963
"1987-10-01","3m",-1.817234,2.045455,4.83674,6.550015,8.700268
"1987-11-01","3m",-2.138662,1.495692,3.926265,5.155091,7.549234
"1987-12-01","3m",-3.185378,0.406986,4.008261,5.220833,7.766828
"1988-01-01","3m",-4.160592,0.46151,3.952135,5.081353,9.293998
"1988-02-01","3m",-5.035289,-1.526207,3.595973,5.828014,9.283114
"1988-03-01","3m",-1.633548,0.852195,4.357978,5.381115,10.385053
"1988-04-01","3m",-1.027616,2.150222,3.983276,5.759741,10.151533
"1988-05-01","3m",-0.910591,2.885112,4.420423,5.884553,12.338533
"1988-06-01","3m",1.043082,3.061781,4.139443,6.224983,10.637993
"1988-07-01","3m",0.301105,3.16915,4.116148,5.745887,11.333735
"1988-08-01","3m",-1.474457,2.565552,4.764522,5.932646,10.331161
"1988-09-01","3m",-0.531885,3.140301,4.867806,6.397885,11.195142
"1988-10-01","3m",-1.973401,2.995227,4.019957,5.378302,10.892309
"1988-11-01","3m",-1.277637,2.620335,4.312153,6.279648,9.903045
"1988-12-01","3m",-0.962703,2.726778,3.865075,5.45126,9.518533
"1989-01-01","3m",-0.564893,1.263269,4.333931,5.596386,11.524328
"1989-02-01","3m",-0.995189,2.058891,4.394214,6.148902,14.102797
"1989-03-01","3m",-2.499744,2.074053,4.292776,6.599766,13.78984
"1989-04-01","3m",-1.805089,2.374183,4.100175,6.421154,11.694681
"1989-05-01","3m",-1.079637,2.235591,4.528516,6.041832,10.411491
"1989-06-01","3m",-0.172287,2.25664,4.334081,5.468495,11.769246
"1989-07-01","3m",-2.601399,1.006059,4.439071,5.250008,11.264977
"1989-08-01","3m",-4.140073,0.529016,4.08641,4.741722,9.937008
"1989-09-01","3m",-3.983177,1.191499,4.190228,4.804829,9.868155
"1989-10-01","3m",-2.027795,1.15667,4.49353,5.46445,9.579581
"1989-11-01","3m",-3.159307,1.502333,4.49914,4.91477,12.535993
"1989-12-01","3m",-2.364195,2.021218,4.531867,5.544887,8.963098
"1990-01-01","3m",-1.039537,2.207926,4.020987,6.403395,11.733177
"1990-02-01","3m",0.507948,2.724855,4.502097,7.292964,15.528998
"1990-03-01","3m",-0.147194,3.123288,4.495168,7.447289,15.778533
"1990-04-01","3m",-2.678455,2.997233,5.075135,6.030721,10.867811
"1990-05-01","3m",-3.285908,1.16485,5.254389,6.045524,11.280499
"1990-06-01","3m",-3.196403,0.570875,4.671917,6.05995,10.410476
"1990-07-01","3m",-1.991412,1.010789,4.728384,6.717394,11.322341
"1990-08-01","3m",-1.55384,1.509058,4.989865,8.328009,13.187278
"1990-09-01","3m",-0.33125,1.957988,4.557019,5.774606,12.81293
"1990-10-01","3m",-1.014747,2.754291,4.333203,6.757302,12.422785
"1990-11-01","3m",-1.489673,0.46292,3.774562,5.983498,11.649997
"1990-12-01","3m",-3.511427,1.155164,3.655791,5.87436,11.546896
"1991-01-01","3m",-5.923626,1.841017,3.649925,5.683346,11.200553
"1991-02-01","3m",-2.687736,1.944369,3.459035,5.711041,10.854541
"1991-03-01","3m",-3.888734,2.039762,3.673669,6.722774,12.775807
"1991-04-01","3m",-4.233023,1.272077,2.952158,5.073228,8.826874
"1991-05-01","3m",-1.849645,0.920804,3.020542,4.943847,8.086223
"1991-06-01","3m",-1.944598,1.572112,3.301464,4.405033,8.192915
"1991-07-01","3m",-2.400062,1.449417,3.056824,4.850822,8.734812
"1991-08-01","3m",-1.933466,1.342384,2.660145,4.319954,9.410328
"1991-09-01","3m",-0.982654,1.777824,2.971508,5.280115,8.452168
"1991-10-01","3m",-0.909873,1.713153,3.09394,4.94251,8.198941
"1991-11-01","3m",-0.824082,2.014261,3.110805,4.452133,8.551701
"1991-12-01","3m",-1.959303,1.155007,3.323844,4.785703,7.295522
"1992-01-01","3m",-2.584515,1.478622,3.301575,4.139654,9.318946
"1992-02-01","3m",-6.446797,0.848964,3.30162,4.547833,10.220777
"1992-03-01","3m",-3.991929,0.828596,2.875063,4.969711,10.36141
"1992-04-01","3m",-2.675116,0.956034,2.808127,4.699572,9.478016
"1992-05-01","3m",-1.153598,1.125186,2.465605,4.312144,9.438249
"1992-06-01","3m",-1.944957,1.347736,2.008284,4.534464,8.541787
"1992-07-01","3m",-2.239262,1.177425,2.070421,4.715682,8.600669
"1992-08-01","3m",-0.582943,1.078086,2.055309,4.273196,7.900598
"1992-09-01","3m",-1.149249,0.615244,1.681117,3.580502,8.045149
"1992-10-01","3m",-0.834354,1.395575,2.138215,4.22225,8.50505
"1992-11-01","3m",-0.929528,1.486241,2.418731,4.576706,8.614257
"1992-12-01","3m",-0.735021,1.62063,3.294047,4.54851,8.401394
"1993-01-01","3m",-1.930344,1.446847,3.126986,3.926767,8.03532
"1993-02-01","3m",-4.282324,1.332721,2.924537,4.059682,6.56835
"1993-03-01","3m",-2.364668,1.145259,2.985459,3.414149,5.813099
"1993-04-01","3m",-2.115165,0.871724,3.110283,3.516357,6.518188
"1993-05-01","3m",-2.885548,1.747136,3.309725,4.285028,10.551647
"1993-06-01","3m",-2.482855,0.69419,2.825811,4.379877,7.732718
"1993-07-01","3m",-3.21009,1.365106,2.298713,4.02413,7.172487
"1993-08-01","3m",-2.754606,1.327111,1.92505,3.869681,6.758855
"1993-09-01","3m",-1.672682,1.342553,1.704015,3.240942,6.569228
"1993-10-01","3m",-0.786154,1.363557,2.295846,3.448722,6.849819
"1993-11-01","3m",-1.989067,1.46781,2.313715,3.11746,7.497068
"1993-12-01","3m",-1.757707,1.259588,2.948346,3.109571,7.265565
"1994-01-01","3m",-4.264571,-0.282917,2.639262,3.19561,6.140529
"1994-02-01","3m",-6.154353,-0.447597,2.913458,3.673357,6.353053
"1994-03-01","3m",-3.529698,0.755224,3.065841,3.685693,6.310669
"1994-04-01","3m",-1.591979,1.25931,2.703699,3.422532,6.244577
"1994-05-01","3m",-1.228711,1.189551,3.108443,3.342394,5.452759
"1994-06-01","3m",-2.872635,1.020012,2.710898,3.83669,6.0522
"1994-07-01","3m",-1.032318,0.93453,2.614437,4.004715,6.15578
"1994-08-01","3m",-3.780569,0.894839,2.230771,3.815856,5.150586
"1994-09-01","3m",-4.411185,0.204165,2.085486,3.580535,5.879188
"1994-10-01","3m",-4.12927,-0.339036,2.283703,3.107475,5.701854
"1994-11-01","3m",-2.187653,0.473779,2.527416,2.9673,5.671217
"1994-12-01","3m",-3.589612,0.444706,2.268208,3.199807,5.644889
"1995-01-01","3m",-2.739611,0.370542,2.51923,3.756088,6.188468
"1995-02-01","3m",-4.415053,0.715598,2.490215,3.715452,6.839052
"1995-03-01","3m",-3.601442,1.182051,3.171744,4.737183,8.816135
"1995-04-01","3m",-2.808981,0.597848,2.562255,3.349629,6.408309
"1995-05-01","3m",-1.625024,0.285907,2.592863,3.792578,5.290745
"1995-06-01","3m",-3.860674,0.861531,2.213413,3.85632,5.360273
"1995-07-01","3m",-2.72519,0.009596,2.107003,3.348565,5.362044
"1995-08-01","3m",-3.27763,0.602513,2.337793,3.353112,6.282714
"1995-09-01","3m",-1.945191,-0.006187,2.493733,3.321558,5.958765
"1995-10-01","3m",-0.817318,0.664334,2.542049,3.765281,6.171606
"1995-11-01","3m",-2.75043,0.359165,2.469177,3.908091,5.057716
"1995-12-01","3m",-1.342394,0.700803,2.257723,3.795598,6.031314
"1996-01-01","3m",-2.718391,0.194383,2.71729,3.382879,7.207633
"1996-02-01","3m",-1.913322,0.055203,2.451047,3.156223,7.984688
"1996-03-01","3m",-2.408215,1.413116,2.731233,3.46111,8.823092
"1996-04-01","3m",-1.981494,0.986175,2.507455,3.553447,8.004653
"1996-05-01","3m",-1.475572,0.9167,2.539263,3.041609,7.716405
"1996-06-01","3m",-5.081523,0.667757,2.599183,3.049749,7.08489
"1996-07-01","3m",-5.1914,0.693917,2.926645,3.281535,6.375768
"1996-08-01","3m",-5.861562,0.729327,2.724183,3.025824,5.686869
"1996-09-01","3m",-3.733812,0.692998,2.801015,3.070491,8.087648
"1996-10-01","3m",-2.795549,1.440641,2.765737,3.560336,6.348011
"1996-11-01","3m",-1.511324,1.788108,2.66528,4.106859,6.799444
"1996-12-01","3m",-2.078854,1.249324,2.690464,3.774137,5.343996
"1997-01-01","3m",-2.57498,0.469864,2.704817,2.94388,5.899614
"1997-02-01","3m",-3.721231,0.155831,2.433922,3.073507,5.837344
"1997-03-01","3m",-3.324944,-0.21291,2.498261,2.944047,7.638218
"1997-04-01","3m",-3.535581,0.893861,2.347244,3.082785,7.978271
"1997-05-01","3m",-3.82572,0.29937,1.928807,3.039939,6.92042
"1997-06-01","3m",-3.355289,-0.031776,2.093263,3.074829,5.52035
"1997-07-01","3m",-2.896661,-1.109991,1.835212,3.190485,5.325113
"1997-08-01","3m",-4.629048,-1.412843,2.442732,3.299649,5.750921
"1997-09-01","3m",-3.978709,-0.293889,2.161274,3.237064,5.390035
"1997-10-01","3m",-5.081485,-0.889857,2.214512,2.92088,6.624737
"1997-11-01","3m",-2.341596,-0.602563,1.632889,3.019676,4.460937
"1997-12-01","3m",-4.338393,-1.059462,1.466904,3.071738,3.952902
"1998-01-01","3m",-6.485325,-0.964986,2.003399,3.175182,4.196337
"1998-02-01","3m",-6.368104,-1.318676,2.499283,2.969938,4.630649
"1998-03-01","3m",-7.364901,-0.067159,1.842587,3.457606,4.881276
"1998-04-01","3m",-6.400119,0.283771,2.068478,3.265093,4.529499
"1998-05-01","3m",-6.674161,-0.520141,2.386169,3.161517,5.709498
"1998-06-01","3m",-4.616216,-0.078533,1.991757,3.434705,5.417908
"1998-07-01","3m",-3.589402,0.545286,2.1197,3.500301,4.945714
"1998-08-01","3m",-3.457462,-0.11528,2.299475,3.436796,5.332481
"1998-09-01","3m",-4.019354,0.070869,2.89216,3.192193,5.843885
"1998-10-01","3m",-5.08837,0.160317,2.544192,3.476595,5.172852
"1998-11-01","3m",-6.667027,-1.060639,2.687375,3.221852,4.838602
"1998-12-01","3m",-3.387847,-0.848651,2.245089,2.98207,4.611224
"1999-01-01","3m",-5.430834,-0.233557,2.221016,2.837459,4.518756
"1999-02-01","3m",-6.58998,-1.069588,2.305994,2.682955,4.919198
"1999-03-01","3m",-4.611595,-0.266022,2.077212,2.332829,4.891317
"1999-04-01","3m",-3.278862,0.383021,2.144553,2.726703,5.549497
"1999-05-01","3m",-3.828858,0.776922,2.363384,2.784581,5.616495
"1999-06-01","3m",-2.936465,0.792457,2.312823,3.23513,6.33855
"1999-07-01","3m",-4.318397,0.015362,2.307967,3.123051,6.046929
"1999-08-01","3m",-3.205546,-0.296035,2.309584,3.011421,6.370785
"1999-09-01","3m",-3.090095,0,2.518736,2.936164,7.487951
"1999-10-01","3m",-2.289289,0.307764,2.301156,2.732989,7.182228
"1999-11-01","3m",-0.783628,0.519351,2.488909,3.517667,6.431433
"1999-12-01","3m",-4.001573,0.251182,2.285151,3.545789,6.114333
"2000-01-01","3m",-3.71336,-0.259743,3.053125,3.75959,6.370905
"2000-02-01","3m",-3.849183,0.700952,3.076195,3.749794,9.263919
"2000-03-01","3m",-3.51088,0.470438,2.986426,3.956431,9.29856
"2000-04-01","3m",-3.579756,0.595773,2.679013,2.949763,7.605882
"2000-05-01","3m",-3.110599,1.024087,2.672123,3.52208,6.670095
"2000-06-01","3m",-4.224982,0.742723,2.634315,3.08451,4.999953
"2000-07-01","3m",-5.230219,0,3.078191,4.320416,6.803134
"2000-08-01","3m",-3.683839,0.397223,3.070315,4.436745,7.07454
"2000-09-01","3m",-3.412875,1.232079,3.054617,4.247965,6.432229
"2000-10-01","3m",-2.8401,0.381874,2.63089,3.463423,4.871712
"2000-11-01","3m",-3.048627,0.793302,2.920046,3.454616,7.081752
"2000-12-01","3m",-4.571509,-0.545423,2.31012,3.44415,6.473938
"2001-01-01","3m",-3.916572,1.034216,3.433695,4.120961,7.889103
"2001-02-01","3m",-3.137495,0.750979,3.380413,4.078548,7.587074
"2001-03-01","3m",-3.748602,0.688948,3.833663,4.277187,7.489259
"2001-04-01","3m",-4.374724,-0.571637,3.261885,4.217632,5.647837
"2001-05-01","3m",-4.421416,-0.512878,3.000756,4.615175,6.11751
"2001-06-01","3m",-3.523491,0.213565,3.047768,4.596749,6.206664
"2001-07-01","3m",-4.609822,-0.01449,3.182791,4.377048,6.192984
"2001-08-01","3m",-4.553408,0.686495,3.425417,4.499721,6.305955
"2001-09-01","3m",-6.185808,-0.665935,3.199257,4.136884,4.92868
"2001-10-01","3m",-5.995208,-1.718231,2.560209,3.6195,4.934977
"2001-11-01","3m",-4.474611,-0.8984,2.49671,3.73708,4.960243
"2001-12-01","3m",-4.507805,-0.900342,2.626877,4.352127,5.090958
"2002-01-01","3m",-4.723929,-2.21823,2.156393,3.791863,4.669246
"2002-02-01","3m",-6.397926,-1.85029,2.497423,3.897572,5.213937
"2002-03-01","3m",-4.55029,-0.386071,2.76717,3.854133,5.55941
"2002-04-01","3m",-4.141211,0.148992,3.360629,3.841215,6.687091
"2002-05-01","3m",-2.598554,-0.309025,2.812334,3.634908,5.834546
"2002-06-01","3m",-3.384932,0,2.538633,3.428428,5.945855
"2002-07-01","3m",-4.446563,-0.252785,2.906903,3.223658,6.308812
"2002-08-01","3m",-2.581093,-0.352316,2.710761,3.054749,7.574187
"2002-09-01","3m",-2.39314,0.889468,2.601541,3.206909,7.749332
"2002-10-01","3m",-2.522771,0.878132,2.749942,3.312405,5.606326
"2002-11-01","3m",-2.909386,0.502493,2.989261,3.396027,6.622334
"2002-12-01","3m",-2.831456,-0.515213,2.501097,3.483403,6.729656
"2003-01-01","3m",-5.216568,-1.222487,2.98385,3.851211,7.691445
"2003-02-01","3m",-4.478992,-1.026135,2.540808,3.244208,7.753669
"2003-03-01","3m",-4.417319,0.329861,2.227099,3.229773,9.038541
"2003-04-01","3m",-5.077979,-0.83878,1.322046,3.559898,8.206375
"2003-05-01","3m",-5.833589,-1.148409,1.748182,3.974973,7.713531
"2003-06-01","3m",-5.894446,-0.913836,1.584529,3.050015,7.235881
"2003-07-01","3m",-3.464171,0.348777,2.241823,3.551265,7.682291
"2003-08-01","3m",-2.116772,0.82719,2.276327,3.747171,7.68624
"2003-09-01","3m",-1.32816,0.83152,2.5789,3.441605,7.40908
"2003-10-01","3m",-2.47947,0.96716,2.754185,4.025661,6.866791
"2003-11-01","3m",-2.935609,-0.84595,2.417928,2.935914,5.620114
"2003-12-01","3m",-3.100792,0,2.376532,3.507601,5.445622
"2004-01-01","3m",-1.880543,0,2.355598,3.844155,6.917264
"2004-02-01","3m",-2.459694,0.716758,2.493002,4.558874,6.450835
"2004-03-01","3m",-1.381863,1.047526,2.733369,4.542689,7.292933
"2004-04-01","3m",-3.18848,0.830643,2.906562,4.048934,6.51657
"2004-05-01","3m",-1.964129,0.570771,2.901292,4.319436,6.944421
"2004-06-01","3m",-1.948872,1.399614,2.894721,4.230967,7.079118
"2004-07-01","3m",-2.468793,0,3.196794,3.785571,6.223716
"2004-08-01","3m",-3.233266,-0.428619,2.51976,3.665901,6.45753
"2004-09-01","3m",-5.094642,0.442152,2.155225,3.073471,5.467162
"2004-10-01","3m",-2.864384,0.702911,1.96986,2.896106,6.711465
"2004-11-01","3m",-1.467134,0.737771,2.079709,3.23126,8.567932
"2004-12-01","3m",-1.524261,0.691665,1.851882,3.485284,6.829181
"2005-01-01","3m",-4.913697,0.944402,2.838592,3.950254,8.117932
"2005-02-01","3m",-5.308068,0.924091,2.856361,3.961738,6.163067
"2005-03-01","3m",-0.854502,1.495142,2.881041,4.066747,7.44419
"2005-04-01","3m",-1.151177,1.096264,2.302857,3.756969,8.599851
"2005-05-01","3m",-1.598545,0.791148,2.506687,3.050219,6.66166
"2005-06-01","3m",-4.021004,0.656823,1.934934,3.53799,6.334596
"2005-07-01","3m",-3.200576,0.734689,2.289676,3.334562,7.088819
"2005-08-01","3m",-3.03854,0.49176,2.194735,3.808971,6.572352
"2005-09-01","3m",-3.569952,0.632791,2.653949,4.202329,10.136626
"2005-10-01","3m",-1.379799,0.909507,2.965094,4.666711,8.905551
"2005-11-01","3m",-1.981302,1.491293,2.718105,4.414039,6.693337
"2005-12-01","3m",-2.260558,0.734329,2.696979,3.961999,6.623389
"2006-01-01","3m",-2.598351,0.403091,2.89653,3.388477,6.182474
"2006-02-01","3m",-2.127807,0.591611,3.065518,3.314806,7.188599
"2006-03-01","3m",-1.491487,0.848389,3.536854,3.835797,7.053975
"2006-04-01","3m",-0.709043,1.102038,3.813301,4.179025,6.669227
"2006-05-01","3m",-1.678282,1.354644,4.007506,4.866844,9.23765
"2006-06-01","3m",-1.725971,1.198345,4.257805,5.100813,7.829413
"2006-07-01","3m",-2.47208,1.041452,4.037457,4.795803,6.439032
"2006-08-01","3m",-2.556063,1.026504,3.506345,4.737694,7.100635
"2006-09-01","3m",-2.951247,-0.327704,2.754301,4.097018,4.718385
"2006-10-01","3m",-4.543907,-0.344611,2.59815,4.08135,6.23186
"2006-11-01","3m",-4.729672,-1.195211,2.47281,3.894527,5.598193
"2006-12-01","3m",-4.802337,-1.415709,2.941414,3.877773,5.03973
"2007-01-01","3m",-3.936598,0.475099,3.259069,4.049013,8.582618
"2007-02-01","3m",-2.155757,1.466138,3.380488,4.819469,10.103955
"2007-03-01","3m",-1.100598,1.562755,3.60244,4.872346,13.58729
"2007-04-01","3m",-2.348733,1.312772,2.735786,4.040631,6.19835
"2007-05-01","3m",-2.105752,0.59837,2.083681,3.226018,6.709152
"2007-06-01","3m",-1.510931,0.781341,2.6244,3.724207,6.128737
"2007-07-01","3m",-1.831421,1.278733,2.734423,3.623778,6.0603
"2007-08-01","3m",-5.393086,0.556647,2.597741,3.240334,5.42858
"2007-09-01","3m",-2.895163,1.472166,2.957983,4.03025,6.093367
"2007-10-01","3m",-1.572411,2.174146,3.165381,4.80763,6.932424
"2007-11-01","3m",-2.101643,1.411595,3.384695,4.946031,11.760567
"2007-12-01","3m",-0.446646,1.28449,3.350125,4.712723,7.581177
"2008-01-01","3m",-0.247091,0.889378,3.160671,4.002594,7.139999
"2008-02-01","3m",-2.248289,0.759161,2.504426,3.97741,8.309114
"2008-03-01","3m",-3.816995,0.840411,2.338496,4.36068,8.843279
"2008-04-01","3m",-5.395126,0.234329,2.65881,3.829296,8.147864
"2008-05-01","3m",-3.884505,0.208148,2.418306,4.091136,11.039896
"2008-06-01","3m",-1.771665,0.386513,2.231902,4.951583,12.828119
"2008-07-01","3m",-1.241823,0.87816,2.508822,5.232256,15.733364
"2008-08-01","3m",-3.679016,1.161343,2.882955,5.183927,11.679333
"2008-09-01","3m",-4.44638,0.940415,2.145977,3.880075,9.149637
"2008-10-01","3m",-12.015226,0.260799,2.098465,3.717578,6.804525
"2008-11-01","3m",-12.214053,0.117842,2.396304,3.412878,6.394177
"2008-12-01","3m",-12.982559,-0.126498,1.904905,3.84913,5.689272
"2009-01-01","3m",-12.511764,-0.009108,2.214479,3.919928,5.246689
"2009-02-01","3m",-11.783491,0.423818,1.725025,3.718616,5.541793
"2009-03-01","3m",-10.007842,1.516627,2.399885,3.410578,5.798536
"2009-04-01","3m",-5.518929,-0.199762,2.008088,2.50498,6.000921
"2009-05-01","3m",-4.629097,-0.21086,2.049876,2.833213,5.117119
"2009-06-01","3m",-3.464182,0.488503,1.592272,2.726316,6.012558
"2009-07-01","3m",-5.549043,0.270989,1.1586,2.537833,7.984345
"2009-08-01","3m",-4.74251,0.242567,1.343825,3.464507,8.823048
"2009-09-01","3m",-2.86901,-0.175535,1.180611,2.812184,8.7938
"2009-10-01","3m",-1.409518,-0.194519,1.707724,4.357747,10.831721
"2009-11-01","3m",-2.405343,-0.97841,2.20269,4.721023,13.896056
"2009-12-01","3m",-2.364273,-0.563983,1.90866,3.961189,12.463986
"2010-01-01","3m",-3.365665,-0.772028,1.30619,2.82882,7.807301
"2010-02-01","3m",-3.956994,-0.384658,0.537995,2.305963,4.776694
"2010-03-01","3m",-2.382955,-0.649999,0.89194,2.542441,4.93624
"2010-04-01","3m",-3.106448,-0.427654,0.421339,2.407875,5.114162
"2010-05-01","3m",-4.772146,-0.33662,0.890699,2.131627,7.624425
"2010-06-01","3m",-5.952782,-0.283891,0.764919,1.952305,5.139528
"2010-07-01","3m",-4.434034,0.088849,0.68222,1.421022,3.732383
"2010-08-01","3m",-4.283776,0.282012,1.182564,1.778994,4.896278
"2010-09-01","3m",-2.788264,0.129402,1.181208,2.060815,4.556137
"2010-10-01","3m",-3.322145,0.32649,1.628063,2.003965,5.148067
"2010-11-01","3m",-2.867226,0.068656,1.257853,2.015024,6.479765
"2010-12-01","3m",-2.404934,0.089781,1.00699,1.584128,5.902927
"2011-01-01","3m",-2.270615,0.415715,1.22203,3.332791,7.990541
"2011-02-01","3m",-1.404548,0.995241,2.069165,3.397995,7.334452
"2011-03-01","3m",-1.69719,0.975955,2.481075,3.779428,10.805433
"2011-04-01","3m",-1.12292,1.266123,2.837665,3.579421,11.655862
"2011-05-01","3m",-0.313972,1.159312,3.063286,4.020825,10.398706
"2011-06-01","3m",-0.58093,1.425545,2.712424,3.712037,7.905362
"2011-07-01","3m",-3.322555,0.899504,1.988687,2.926019,7.010452
"2011-08-01","3m",-3.40667,0.56825,2.301942,2.740715,6.508464
"2011-09-01","3m",-3.14257,0.82656,2.331963,3.490568,6.333002
"2011-10-01","3m",-4.285722,0.607907,2.031042,2.724788,6.344064
"2011-11-01","3m",-3.239303,0.781392,1.884165,3.039521,5.250929
"2011-12-01","3m",-3.8139,0.492986,2.101153,3.021793,5.431273
"2012-01-01","3m",-0.558472,1.184927,2.101942,3.178376,6.304268
"2012-02-01","3m",-0.975516,1.524413,2.060939,2.997827,9.44746
"2012-03-01","3m",-0.582162,0.80668,2.170668,3.255189,7.879233
"2012-04-01","3m",-2.027793,0.959864,2.313196,2.835146,7.110439
"2012-05-01","3m",-4.068271,0.63103,2.272251,2.60759,5.051274
"2012-06-01","3m",-4.041239,0.104334,1.820214,2.43112,3.707813
"2012-07-01","3m",-3.538413,0.262195,1.558536,2.672967,4.2413
"2012-08-01","3m",-3.549457,0.196577,1.884118,3.213227,5.177761
"2012-09-01","3m",-3.106336,0.295864,2.369723,2.652874,6.180433
"2012-10-01","3m",-1.11204,0.577987,1.805744,2.509249,6.260163
"2012-11-01","3m",-1.19997,0.568974,2.038644,2.767008,6.613366
"2012-12-01","3m",-3.167982,0.105385,1.973469,2.779201,5.353893
"2013-01-01","3m",-3.978078,-0.423259,1.956068,2.622812,5.17108
"2013-02-01","3m",-2.850697,0.679357,2.12468,3.106011,6.125864
"2013-03-01","3m",-1.649948,0.344946,2.149211,2.958492,5.207093
"2013-04-01","3m",-6.26077,-1.060887,1.620733,2.407402,3.975604
"2013-05-01","3m",-4.915489,-1.292377,1.305783,2.247516,3.464841
"2013-06-01","3m",-3.649048,-1.115001,1.459064,2.414844,4.236237
"2013-07-01","3m",-1.612497,0.879666,2.165516,2.538057,5.075971
"2013-08-01","3m",-1.777153,0.313309,2.208387,2.979682,6.286377
"2013-09-01","3m",-2.424892,-0.225123,2.127359,2.340691,4.638559
"2013-10-01","3m",-3.689852,-0.082562,1.96728,2.949291,4.572994
"2013-11-01","3m",-3.36379,0.091003,1.892358,2.670486,3.729573
"2013-12-01","3m",-2.700614,0.027394,2.135235,3.018314,8.079515
"2014-01-01","3m",-2.421105,0.515287,1.620736,2.979633,8.534593
"2014-02-01","3m",-2.835782,0.196963,2.211269,2.844259,5.46676
"2014-03-01","3m",-4.700866,-0.307098,1.646039,2.713602,5.260888
"2014-04-01","3m",-3.711758,0.515422,1.527784,2.72605,4.34658
"2014-05-01","3m",-3.270614,0.884937,2.347271,2.871667,5.158935
"2014-06-01","3m",-1.809229,1.026371,2.352468,2.524693,4.888098
"2014-07-01","3m",-2.941231,0.661833,2.202123,2.927247,6.972744
"2014-08-01","3m",-3.114959,0.176902,1.582033,2.53114,4.231379
"2014-09-01","3m",-2.802685,-0.021499,1.706448,2.602458,3.883208
"2014-10-01","3m",-5.405414,-1.726646,1.521118,2.574039,4.013335
"2014-11-01","3m",-5.835799,-1.835991,1.569943,2.702745,4.517162
"2014-12-01","3m",-5.852008,-2.096934,1.71508,2.572273,4.179766
"2015-01-01","3m",-6.208105,-1.877684,2.285598,2.690961,4.288355
"2015-02-01","3m",-6.066248,-1.324057,1.857788,2.835566,3.824826
"2015-03-01","3m",-6.542962,-1.166437,1.830176,3.151143,3.870538
"2015-04-01","3m",-2.480412,0.400361,2.286012,3.284041,6.227128
"2015-05-01","3m",-3.007211,0.028858,2.187118,3.115873,5.748191
"2015-06-01","3m",-3.941634,0.250449,2.412589,3.421069,5.428254
"2015-07-01","3m",-3.196723,0.532209,1.571395,3.195579,4.478193
"2015-08-01","3m",-3.058949,0.208087,1.371615,2.821696,3.933275
"2015-09-01","3m",-4.854736,-0.263779,1.385615,2.925226,4.133905
"2015-10-01","3m",-5.998253,-0.505691,1.106458,2.863462,3.960288
"2015-11-01","3m",-5.316537,-0.2912,1.638125,2.900652,3.709695
"2015-12-01","3m",-4.933082,-0.763236,1.297497,2.799187,3.467257
"2016-01-01","3m",-4.563488,-1.247872,1.401156,3.028825,5.373189
"2016-02-01","3m",-4.764711,-0.820451,1.686994,3.194897,4.327328
"2016-03-01","3m",-2.870255,-0.416525,2.177353,3.161071,4.720162
"2016-04-01","3m",-2.22985,0.650334,2.435903,3.216589,6.010095
"2016-05-01","3m",-2.519447,0.302055,2.599633,3.568863,6.828616
"2016-06-01","3m",-3.81053,0.569014,2.534278,3.852216,5.538423
"2016-07-01","3m",-4.225531,-0.325378,2.437938,3.810749,5.022281
"2016-08-01","3m",-4.647251,-0.388765,1.851119,3.528784,6.544164
"2016-09-01","3m",-4.775271,-0.337946,1.974428,3.732695,4.963789
"2016-10-01","3m",-2.974619,-0.10945,1.944403,3.394847,6.818914
"2016-11-01","3m",-4.963157,0.370656,1.681664,2.677476,4.35414
"2016-12-01","3m",-2.813537,-0.375251,1.524781,2.995261,4.398867
"2017-01-01","3m",-2.183355,-0.277729,1.80799,3.399583,5.748321
"2017-02-01","3m",-2.180916,0.493711,2.598859,3.117068,7.020985
"2017-03-01","3m",-2.478194,0.692014,2.59503,3.11753,5.545118
"2017-04-01","3m",-4.82281,-0.468765,1.883922,2.661907,4.044
"2017-05-01","3m",-5.180706,-0.726047,1.729804,2.473655,5.450706
"2017-06-01","3m",-4.914486,-0.962612,1.987688,2.777259,6.740482
"2017-07-01","3m",-5.985121,-0.67957,1.699782,3.026895,5.00936
"2017-08-01","3m",-4.360644,-0.19982,1.673485,3.232376,5.752942
"2017-09-01","3m",-3.654392,0.023991,1.67681,3.508903,4.232743
"2017-10-01","3m",-2.797921,0.063587,2.553642,3.709149,6.67822
"2017-11-01","3m",-2.779386,-0.741313,2.630869,3.444817,5.572003
"2017-12-01","3m",-2.722143,0.166844,2.209178,3.657928,5.897001
"2018-01-01","3m",-1.611318,0.415074,2.2718,3.467609,6.92339
"2018-02-01","3m",-1.707842,0.805459,2.903869,3.283069,7.672663
"2018-03-01","3m",-1.194159,0.322781,2.554229,3.107927,9.460816
"2018-04-01","3m",-1.93542,0.263905,2.216577,3.308925,8.21739
"2018-05-01","3m",-1.521528,0.88625,2.039003,3.586378,6.124204
"2018-06-01","3m",-1.522147,0.230834,1.806112,3.199985,5.30849
"2018-07-01","3m",-2.273961,0.680151,2.059377,3.110216,4.731422
"2018-08-01","3m",-3.09432,0.154875,1.857359,3.181769,5.493934
"2018-09-01","3m",-3.619033,-0.095335,1.880473,3.150772,4.763987
"2018-10-01","3m",-3.356299,0.214332,1.927372,3.137662,5.191433
"2018-11-01","3m",-3.935923,0.3937,2.346609,3.302798,6.855134
"2018-12-01","3m",-4.479968,0.562213,2.162901,3.394203,7.910295
"2019-01-01","3m",-5.174181,0.059522,2.019921,3.250742,7.194824
"2019-02-01","3m",-4.063038,-0.837758,2.304434,3.236568,5.591745
"2019-03-01","3m",-2.940181,-1.016018,2.410945,3.518308,5.696389
"2019-04-01","3m",-2.81548,0.107407,2.82439,3.86929,5.166099
"2019-05-01","3m",-3.738267,0.386125,1.96151,3.598732,6.933474
"2019-06-01","3m",-3.776946,0.270614,2.034808,3.445863,4.337698
"2019-07-01","3m",-3.660409,0.112799,1.426437,3.267095,4.615089
"2019-08-01","3m",-3.530599,0.146158,1.743721,3.205307,4.214924
"2019-09-01","3m",-3.237165,-0.269543,1.91919,3.009228,3.669588
"2019-10-01","3m",-4.626271,0.015441,2.510796,2.934475,4.532937
"2019-11-01","3m",-4.001213,0.003916,2.298702,2.968952,4.340893
"2019-12-01","3m",-3.852169,0.41374,2.618706,3.132565,7.62339
"2020-01-01","3m",-3.09332,0.549536,2.176261,3.388241,6.592718
"2020-02-01","3m",-2.429011,1.052185,2.352888,3.62662,5.843416
"2020-03-01","3m",-4.883424,0.058545,2.932169,3.300119,6.185676
"2020-04-01","3m",-8.468405,-0.7568,2.674393,3.154542,9.048822
"2020-05-01","3m",-9.315004,-1.541685,2.717247,4.055405,9.267515
"2020-06-01","3m",-13.124776,-0.318843,2.09476,3.473611,8.540906
"2020-07-01","3m",-3.2485,0.485897,2.168703,3.694203,6.468136
"2020-08-01","3m",-1.226899,0.770787,1.915413,5.100715,10.315363
"2020-09-01","3m",-2.644837,0.409972,1.81005,4.09018,7.885189
"2020-10-01","3m",-3.601161,0.594626,1.813548,3.334312,7.314066
"2020-11-01","3m",-4.563276,-0.105031,1.303313,2.400147,5.382508
"2020-12-01","3m",-3.02851,0.158588,2.080179,2.585279,6.384013
"2021-01-01","3m",-3.349192,0.269956,1.489874,3.896711,9.038117
"2021-02-01","3m",-2.574007,0.834705,2.150058,5.098437,11.833557
"2021-03-01","3m",-2.695,0.282593,2.507555,5.17457,12.499415
"2021-04-01","3m",-1.181403,1.076737,2.886953,5.06519,16.850425
"2021-05-01","3m",-0.017679,1.575673,3.045542,5.078333,16.323538
"2021-06-01","3m",-0.653798,0.559331,2.91741,4.154598,15.768455
"2021-07-01","3m",-0.136641,0.805249,3.674599,4.90992,19.430718
"2021-08-01","3m",-0.651124,0.552083,3.707894,5.806242,19.454042
"2021-09-01","3m",0.113337,1.633078,3.977674,5.687497,12.901596
"2021-10-01","3m",-0.396298,1.091306,4.610744,6.581115,14.755354
"2021-11-01","3m",0.157446,1.056861,4.937686,6.429534,16.373159
"2021-12-01","3m",-0.320629,1.452196,5.22673,9.022152,17.261224
"2022-01-01","3m",-0.65476,2.167275,6.396717,8.765662,15.648937
"2022-02-01","3m",-0.459335,3.8344,6.258428,8.31223,16.697282
"2022-03-01","3m",-2.10612,3.847363,5.487381,7.750635,18.71829
"2022-04-01","3m",-0.026146,0.701089,5.041972,6.482248,18.910204
"2022-05-01","3m",-2.075326,0.608444,6.042569,6.779301,18.027548
"2022-06-01","3m",-0.824223,2.319495,7.194587,8.255896,18.182014
"2022-07-01","3m",-0.747705,2.26233,7.538186,8.940214,20.704715
"2022-08-01","3m",-1.769659,1.583655,5.806174,8.557502,16.810401
"2022-09-01","3m",-4.660006,0.761097,5.560584,8.747933,13.907672
"2022-10-01","3m",-3.518733,1.48501,6.155342,8.797461,11.700277
"2022-11-01","3m",-4.394754,0.62352,4.82947,8.62745,10.87209
"2022-12-01","3m",-3.663682,1.49744,4.490766,7.573276,9.495626
"2023-01-01","3m",-3.339636,1.172581,4.559102,7.763339,9.47484
"2023-02-01","3m",-1.159986,1.626692,4.581568,7.608365,9.375453
"2023-03-01","3m",-1.556684,1.613263,5.131421,7.467023,9.238141
"2023-04-01","3m",-2.144475,1.773793,4.4692,6.993506,7.742548
"2023-05-01","3m",-3.755035,1.468584,5.123906,6.411438,8.535611
"2023-06-01","3m",-6.1727,0.76029,4.113252,6.411165,10.05289
"2023-07-01","3m",-4.411099,0.51252,2.997266,5.401863,6.554905
"2023-08-01","3m",-5.688555,0.634587,2.992416,5.577401,8.2984
"2023-09-01","3m",-3.167594,0.991852,3.352358,5.693231,8.364868
"2023-10-01","3m",-2.6785,0.681586,3.454622,5.482861,7.129362
"2023-11-01","3m",-3.486777,0.609424,3.109184,5.022286,7.474734
"2023-12-01","3m",-3.685749,0.129629,3.591574,5.486122,6.993257
"2024-01-01","3m",-4.774482,-0.173841,4.384843,5.60577,7.585038
"2024-02-01","3m",-2.222539,1.277881,3.815239,5.644503,7.46782
"2024-03-01","3m",-1.314875,2.148215,3.787662,5.683132,10.658415
"2024-04-01","3m",-1.816359,0.895952,2.910902,5.013688,9.742176
"2024-05-01","3m",-3.226297,0.289144,2.976854,4.596541,8.237398
"2024-06-01","3m",-6.831536,-0.217702,3.277438,4.430918,6.37255
"2024-07-01","3m",-6.238506,-0.30366,2.779673,4.155847,6.87347
"2024-08-01","3m",-3.355478,0.003697,2.573418,4.328109,5.959369
"2024-09-01","3m",-3.47475,-0.085992,2.923218,4.684861,6.296601
"2024-10-01","3m",-2.200914,0.25615,3.429007,5.014363,7.260513
"2024-11-01","3m",-3.662622,1.837698,3.675624,4.29073,8.192427
"2024-12-01","3m",-3.457636,0.823517,3.397662,4.175618,8.173047
"2025-01-01","3m",-2.621302,0.447915,3.537306,3.669521,8.697294
"2025-02-01","3m",-1.299262,1.085595,3.657202,3.791612,10.601268
"2025-03-01","3m",-1.539997,0.642287,3.256688,3.997696,6.810714
"2025-04-01","3m",-3.401079,0.60999,3.739468,4.202018,7.513932
"2025-05-01","3m",-3.337059,0.655991,2.833863,3.996827,6.059922
"2025-06-01","3m",-2.915974,1.299552,3.465146,4.115092,7.285695
"2025-07-01","3m",-2.155342,0.956998,2.804002,3.643511,6.609385
"2025-08-01","3m",-1.525846,0.347855,3.66295,3.807565,7.675723
"2025-09-01","3m",-0.908784,0.495071,2.714234,3.290831,9.490603
"2025-10-01","3m",-1.364134,0.697085,2.642852,4.268816,7.770318
"2025-11-01","3m",-1.275746,1.169253,1.907237,3.711484,8.37634
"2025-12-01","3m",-2.763933,0.696569,2.557626,4.489897,8.794348
"2026-01-01","3m",-3.342195,1.317289,2.795627,4.491463,8.641995
"2026-02-01","3m",-1.715121,-0.102258,3.05057,4.801472,13.130843
"2026-03-01","3m",-1.202249,1.910598,2.943249,3.704271,13.264862
"2026-04-01","3m",-2.477667,1.861097,3.176677,4.302848,9.873378
"2026-05-01","3m",-2.799201,0.61005,3.619286,4.513183,12.069716
"2026-06-01","3m",-2.020301,0.121108,3.153386,4.335758,8.2478
"2026-07-01","3m",-4.871564,0.039298,3.221582,3.450329,10.115334
"2026-08-01","3m",-3.461338,-0.116539,2.804294,3.073178,5.971199
"1960-01-01","12m",-1.747512,0.192838,1.698113,3.196347,6.988099
"1960-02-01","12m",-2.173535,0.48899,1.698113,2.99412,6.955461
"1960-03-01","12m",-2.322638,0.487516,1.698113,2.783567,6.940465
"1960-04-01","12m",-1.333333,0.67165,1.473517,2.266653,5.411906
"1960-05-01","12m",-0.766916,0.472971,1.6909,2.125743,5.241489
"1960-06-01","12m",-1.339535,0.137969,1.597312,2.386935,4.863563
"1960-07-01","12m",-1.148173,0.481434,1.675614,2.393814,4.749227
"1960-08-01","12m",-0.958645,0.824677,1.675614,2.377477,4.01179
"1960-09-01","12m",-2.291291,0.34463,1.675614,2.15756,4.197794
"1960-10-01","12m",-2.104983,0.391964,1.255569,2.249118,4.58096
"1960-11-01","12m",-1.834582,0.572194,1.676792,2.038877,4.58096
"1960-12-01","12m",-1.779359,0.343446,1.250302,2.024906,4.890895
"1961-01-01","12m",-1.305097,0.460275,1.27333,2.051282,4.35178
"1961-02-01","12m",-1.275231,0.556847,1.250302,2.048849,4.798464
"1961-03-01","12m",-0.612388,0.176831,1.250302,1.970848,4.547654
"1961-04-01","12m",-1.762846,-0.470662,1.404792,1.689732,4.533762
"1961-05-01","12m",-1.32356,-0.306638,1.24508,1.859945,3.295803
"1961-06-01","12m",-1.653109,0,1.259118,1.654751,2.889068
"1961-07-01","12m",-1.632829,0,1.24,1.674284,3.261198
"1961-08-01","12m",-2.006291,0,1.030338,1.525098,3.291725
"1961-09-01","12m",-1.770435,-0.236628,1.030338,1.50463,3.55581
"1961-10-01","12m",-1.805619,-0.01945,1.011378,1.245352,3.01943
"1961-11-01","12m",-2.404538,-0.302263,0.788418,1.055334,2.749594
"1961-12-01","12m",-2.847966,-0.069294,0.58989,1.055334,2.796406
"1962-01-01","12m",-2.0189,-0.774558,0.748372,1.234863,2.80906
"1962-02-01","12m",-1.29686,-0.776451,0.793509,1.314597,2.862486
"1962-03-01","12m",-1.653109,-0.281017,1.044752,1.64914,2.784778
"1962-04-01","12m",-0.892735,0,0.817201,1.384797,4.1399
"1962-05-01","12m",-1.223768,-0.031804,1.153491,1.505829,2.947218
"1962-06-01","12m",-0.901849,0.120552,0.82181,1.450131,3.5441
"1962-07-01","12m",-1.8901,-0.209432,0.82181,1.696151,3.205605
"1962-08-01","12m",-1.639629,-0.386422,1.224812,1.548699,3.333778
"1962-09-01","12m",-0.733215,0.309858,1.224812,1.62419,3.698811
"1962-10-01","12m",-1.352476,0,1.224812,1.794341,3.828033
"1962-11-01","12m",-0.732001,0.15321,1.224812,1.512836,4.154519
"1962-12-01","12m",-0.925056,0.00475,1.224812,2.105997,4.180321
"1963-01-01","12m",-0.972768,0.294024,1.2198,1.722955,3.45292
"1963-02-01","12m",-0.586431,0.077508,1.2198,1.544596,3.516052
"1963-03-01","12m",-1.46643,0.021136,0.885295,1.715131,2.668079
"1963-04-01","12m",-2.032362,-0.259318,1.2198,1.651515,2.858885
"1963-05-01","12m",-0.885309,-0.008593,1.200852,1.832461,2.998274
"1963-06-01","12m",-1.243606,-0.063412,1.202982,2.099917,3.231264
"1963-07-01","12m",-0.971686,0.231323,1.214829,1.926513,3.861363
"1963-08-01","12m",-1.163762,0.596652,1.123374,1.993633,3.835458
"1963-09-01","12m",-1.657515,-0.545265,0.818496,1.988964,4.034458
"1963-10-01","12m",-1.464778,0.247429,1.209992,2.057349,3.160127
"1963-11-01","12m",-1.231618,0.008798,1.209992,1.846687,3.719789
"1963-12-01","12m",-1.376532,0.004687,1.223319,1.918939,4.031165
"1964-01-01","12m",-1.532339,0.267167,1.182651,1.839785,4.694049
"1964-02-01","12m",-1.626226,0.360656,1.2051,1.547165,4.67306
"1964-03-01","12m",-0.868319,0.19663,1.2051,1.833111,4.690787
"1964-04-01","12m",-0.588853,0.391288,1.2051,1.842834,5.08938
"1964-05-01","12m",-1.221996,0.023063,0.797584,1.861204,4.7008
"1964-06-01","12m",-1.098062,0.140363,0.839511,1.825911,4.443054
"1964-07-01","12m",-1.242019,0.004789,0.803415,1.746683,4.299958
"1964-08-01","12m",-2.186272,-0.264362,1.200248,1.702261,3.869905
"1964-09-01","12m",-1.165589,0,1.200248,1.498584,3.938081
"1964-10-01","12m",-1.084612,-0.006168,0.80216,1.463783,4.531411
"1964-11-01","12m",-0.8108,0,0.80216,1.448163,4.275165
"1964-12-01","12m",-0.592203,0,0.80216,1.463783,4.136104
"1965-01-01","12m",-0.782251,0.057104,0.987457,1.458412,3.970358
"1965-02-01","12m",-1.365623,0,0.944912,1.553962,3.621577
"1965-03-01","12m",-0.978495,-0.040486,1.022209,2.156781,3.26354
"1965-04-01","12m",-0.854218,-0.086117,0.791273,2.027748,3.373955
"1965-05-01","12m",-1.249287,-0.008904,1.190751,2.198773,4.189177
"1965-06-01","12m",-2.206626,0.04012,1.190751,2.156522,5.021699
"1965-07-01","12m",-2.28278,0.002959,1.190751,2.398942,5.021699
"1965-08-01","12m",-2.561156,0.008566,1.215096,2.532221,4.923798
"1965-09-01","12m",-1.97012,-0.361933,0.904498,2.645868,4.586347
"1965-10-01","12m",-3.325875,0,1.182404,2.643213,4.558229
"1965-11-01","12m",-3.697491,-0.070947,1.186013,2.787347,4.751485
"1965-12-01","12m",-2.975895,0.297349,1.186013,2.866997,4.847164
"1966-01-01","12m",-3.166615,0.490008,1.576249,2.589429,4.719885
"1966-02-01","12m",-3.680553,0.316729,1.874963,2.904781,5.955974
"1966-03-01","12m",-3.012642,0.370317,1.52928,3.002326,5.780602
"1966-04-01","12m",-2.662994,0.588826,1.581418,3.492823,5.95104
"1966-05-01","12m",-2.277304,0.737191,1.598096,3.538626,6.051772
"1966-06-01","12m",-0.607448,0.792714,1.775864,3.084547,6.449071
"1966-07-01","12m",-0.403203,0.885074,2.111676,3.588144,6.644761
"1966-08-01","12m",-0.999705,1.172996,2.396071,3.541446,7.043726
"1966-09-01","12m",-0.569801,1.563923,2.5801,4.005149,7.236963
"1966-10-01","12m",-0.004261,1.164935,2.738674,4.189085,7.581773
"1966-11-01","12m",0.035043,0.990457,2.873031,4.164145,7.284004
"1966-12-01","12m",-0.042589,1.029215,3.139597,3.965916,6.305388
"1967-01-01","12m",0,1.354829,2.748344,3.770354,6.282205
"1967-02-01","12m",-0.205932,0.903425,2.957896,4.031462,6.031244
"1967-03-01","12m",-1.145418,0.437392,3.02714,4.068394,6.146211
"1967-04-01","12m",-1.283732,0.387891,2.928972,4.078806,6.00304
"1967-05-01","12m",-1.283732,0.84751,2.329532,4.150094,6.15307
"1967-06-01","12m",-1.090188,0.671785,2.200368,4.283105,5.755962
"1967-07-01","12m",-0.193892,1.122841,2.625882,3.907296,5.825432
"1967-08-01","12m",0,1.42983,2.308766,3.900911,5.046908
"1967-09-01","12m",-0.931594,1.521508,2.519876,3.891883,5.19774
"1967-10-01","12m",-0.862664,1.400061,2.603999,4.012679,5.765477
"1967-11-01","12m",-0.733647,1.568785,2.684509,4.060627,5.682747
"1967-12-01","12m",-0.548299,1.363443,2.756048,4.050302,6.032199
"1968-01-01","12m",0.006931,1.906608,3.466454,4.430029,6.625209
"1968-02-01","12m",0.006902,1.91384,3.505202,4.639803,6.701684
"1968-03-01","12m",0.870171,1.91384,3.292052,4.813347,7.103039
"1968-04-01","12m",0.376844,2.290697,3.568925,4.771612,7.078853
"1968-05-01","12m",0.761706,2.306833,3.800639,4.984233,7.053571
"1968-06-01","12m",1.13855,2.281929,3.613188,5.190119,7.465863
"1968-07-01","12m",1.13855,2.314115,3.353768,5.159527,6.923981
"1968-08-01","12m",1.523255,2.277101,3.814329,5.418762,6.638714
"1968-09-01","12m",0.585716,2.408865,3.644236,5.402501,6.878307
"1968-10-01","12m",1.539197,2.364489,3.598383,5.684,7.287871
"1968-11-01","12m",1.121554,2.606635,3.734232,5.658529,7.240143
"1968-12-01","12m",1.392812,2.545024,3.770081,5.632427,6.973549
"1969-01-01","12m",1.196212,2.57832,3.790938,5.725676,6.646286
"1969-02-01","12m",1.366199,2.222141,3.544995,5.579745,6.891869
"1969-03-01","12m",1.350195,2.638998,4.110807,5.46794,6.728165
"1969-04-01","12m",1.464508,2.61504,4.522913,5.857841,7.129707
"1969-05-01","12m",1.384531,2.58329,4.507748,5.822382,7.322835
"1969-06-01","12m",1.560725,2.698689,4.279081,5.78689,7.754412
"1969-07-01","12m",1.516114,2.590707,4.391811,6.068976,7.721104
"1969-08-01","12m",1.382188,2.554241,3.653779,6.032319,7.729248
"1969-09-01","12m",1.177465,2.891236,4.076533,6.213658,7.934007
"1969-10-01","12m",1.368338,2.754068,3.914549,6.26506,7.826888
"1969-11-01","12m",1.166023,2.317098,3.783784,6.151511,8.756995
"1969-12-01","12m",1.737174,3.324698,4.091537,5.929871,9.167934
"1970-01-01","12m",1.843318,2.810959,4.063536,6.999279,9.259921
"1970-02-01","12m",1.836576,2.993523,4.469827,7.09405,9.355465
"1970-03-01","12m",0.56791,2.89845,4.456328,6.987228,9.509297
"1970-04-01","12m",1.433882,2.548343,4.36466,7.049013,8.974531
"1970-05-01","12m",1.07355,2.570668,4.37055,6.088549,9.055977
"1970-06-01","12m",0.70171,2.444247,4.33324,6.110381,9.130435
"1970-07-01","12m",0.7157,2.093123,3.94116,5.8888,8.681573
"1970-08-01","12m",0.975511,2.578745,4.295032,6.202585,8.338443
"1970-09-01","12m",0.77105,2.893412,4.286801,6.071297,7.690533
"1970-10-01","12m",1.444292,3.039437,4.271443,6.160179,7.791828
"1970-11-01","12m",1.416392,3.303117,4.29175,6.063933,8.043217
"1970-12-01","12m",1.016164,3.14166,4.597072,6.146047,7.888521
"1971-01-01","12m",1.623942,3.288436,4.57396,6.037685,7.88313
"1971-02-01","12m",1.444292,3.09982,4.575163,5.975847,8.075597
"1971-03-01","12m",1.605776,3.045335,4.548839,5.715899,7.504363
"1971-04-01","12m",0.008119,3.043186,4.526138,5.092341,7.436109
"1971-05-01","12m",0.160477,3.39247,4.832662,5.268996,7.52248
"1971-06-01","12m",0.498243,3.384758,4.843248,5.423983,7.693429
"1971-07-01","12m",0.606567,3.291714,4.826435,5.261689,7.834878
"1971-08-01","12m",2.067405,3.271244,4.294554,5.024074,8.024451
"1971-09-01","12m",0.374844,2.872297,4.348652,5.036316,7.666023
"1971-10-01","12m",0.004319,2.225999,4.111406,4.816778,7.055062
"1971-11-01","12m",-0.277662,2.004496,4.115139,4.497896,6.800306
"1971-12-01","12m",-0.012318,2.119497,3.748412,4.319125,6.97276
"1972-01-01","12m",-1.054664,1.917746,4.041458,4.191876,6.6334
"1972-02-01","12m",0,1.919662,3.824701,4.653873,6.710048
"1972-03-01","12m",0.414901,1.826595,3.696457,4.128015,6.313226
"1972-04-01","12m",0.432595,1.304663,3.61418,4.107856,6.538029
"1972-05-01","12m",-0.002711,1.816502,3.307692,4.073387,6.276611
"1972-06-01","12m",-0.218394,0.795539,3.145708,3.802306,6.25367
"1972-07-01","12m",-0.312018,0.710881,3.245839,3.747245,5.785582
"1972-08-01","12m",0,0.898903,3.062717,3.749187,5.68104
"1972-09-01","12m",0.356056,1.501663,3.27091,3.766097,5.905097
"1972-10-01","12m",0.556763,1.459787,3.00852,3.658724,6.012793
"1972-11-01","12m",0.746888,1.637423,3.215434,3.782559,6.108202
"1972-12-01","12m",0.262352,1.799927,3.374371,3.89112,5.092673
"1973-01-01","12m",-0.536336,1.624861,3.163718,3.913456,5.964166
"1973-02-01","12m",-0.638273,1.688817,3.646181,4.065973,6.281803
"1973-03-01","12m",-0.42635,1.760367,3.596329,4.486603,6.290293
"1973-04-01","12m",0.001323,2.422358,4.183267,5.020173,8.634079
"1973-05-01","12m",0.1707,2.523825,4.191216,5.434783,8.572725
"1973-06-01","12m",0.459322,2.533636,4.150173,5.929341,10.411928
"1973-07-01","12m",0.168049,2.952997,4.143289,5.688797,10.712126
"1973-08-01","12m",0.005016,2.776689,4.443488,6.088083,9.397672
"1973-09-01","12m",0.127981,2.88812,4.45683,6.072351,11.218873
"1973-10-01","12m",1.53573,3.131524,4.747902,6.307229,12.5718
"1973-11-01","12m",1.408242,3.354139,4.733113,6.745818,15.019506
"1973-12-01","12m",1.124148,3.709994,5.057803,7.648395,20.134374
"1974-01-01","12m",1.662384,3.944284,5.269336,8.17006,26.069198
"1974-02-01","12m",1.658859,4.034149,5.530088,8.43067,25.422864
"1974-03-01","12m",1.792346,3.716135,6.503874,9.669677,28.635084
"1974-04-01","12m",1.944837,3.704589,6.441255,9.115677,30.221594
"1974-05-01","12m",2.659181,3.097288,7.033935,10.162305,29.133676
"1974-06-01","12m",3.398041,3.694423,7.898634,11.44105,26.550443
"1974-07-01","12m",3.378249,4.24314,8.481344,12.033923,26.524169
"1974-08-01","12m",3.065888,3.386454,9.454073,13.050444,27.290955
"1974-09-01","12m",3.637217,3.849671,9.621963,12.355566,25.902884
"1974-10-01","12m",3.924436,4.69002,10.546668,12.502644,28.205447
"1974-11-01","12m",3.943644,5.058924,10.474627,12.902773,25.814961
"1974-12-01","12m",3.932725,4.486176,10.6938,13.363642,21.205172
"1975-01-01","12m",3.133179,5.44303,9.700209,13.343529,17.856121
"1975-02-01","12m",3.123634,5.726432,9.849083,11.776556,18.428127
"1975-03-01","12m",1.870384,5.969718,9.600946,11.647367,17.188945
"1975-04-01","12m",0.703911,6.059461,9.183097,11.197134,16.560989
"1975-05-01","12m",0.168821,5.315171,7.931888,10.46485,14.697258
"1975-06-01","12m",2.285414,5.614203,7.644307,9.290918,14.215437
"1975-07-01","12m",3.161026,5.492855,7.16607,9.927776,14.019589
"1975-08-01","12m",2.174714,5.580429,7.145296,8.323498,12.056193
"1975-09-01","12m",1.765646,4.604131,7.013472,8.564849,10.808436
"1975-10-01","12m",1.506443,4.568448,7.265462,8.234065,11.036025
"1975-11-01","12m",1.206279,4.533822,7.229185,7.919356,11.557087
"1975-12-01","12m",1.717162,4.242044,7.181798,7.826286,11.433105
"1976-01-01","12m",1.890066,4.207476,6.595302,8.592387,11.053926
"1976-02-01","12m",2.190282,4.370514,6.496773,7.586106,10.566027
"1976-03-01","12m",1.665682,4.05013,6.716164,6.852268,10.688786
"1976-04-01","12m",1.876744,3.442056,6.433119,6.668597,11.031846
"1976-05-01","12m",1.893735,3.809406,6.406385,7.014086,11.502867
"1976-06-01","12m",1.968089,3.636425,6.22357,7.178503,10.244102
"1976-07-01","12m",1.463401,3.175269,6.051618,6.783903,10.098343
"1976-08-01","12m",0.860342,2.951428,6.123937,6.922268,9.993986
"1976-09-01","12m",0.640881,3.06741,6.130612,6.842873,10.581719
"1976-10-01","12m",1.056117,3.107211,6.424503,6.83339,10.394444
"1976-11-01","12m",0,3.469086,6.017059,6.736589,10.472056
"1976-12-01","12m",0.330388,3.462496,5.636552,7.240359,9.861955
"1977-01-01","12m",-0.620707,2.975147,6.172436,7.264004,9.586188
"1977-02-01","12m",0.004177,4.158563,6.283368,7.954195,9.272369
"1977-03-01","12m",0.394417,3.068351,6.784594,7.987414,9.368999
"1977-04-01","12m",1.201052,3.257645,6.68233,8.639822,9.420985
"1977-05-01","12m",1.292481,3.472711,6.735854,8.640787,9.531328
"1977-06-01","12m",1.513439,3.787568,6.422517,8.513201,9.515959
"1977-07-01","12m",1.285094,4.200581,6.366534,8.474733,9.413388
"1977-08-01","12m",1.300983,3.945032,6.212477,8.149,9.342576
"1977-09-01","12m",1.373154,3.642503,6.455458,8.103913,9.243179
"1977-10-01","12m",1.204713,3.737561,6.644228,8.111784,8.961812
"1977-11-01","12m",1.824164,3.940957,6.502818,8.102317,9.122942
"1977-12-01","12m",1.73716,4.116276,7.142712,8.238611,10.018804
"1978-01-01","12m",2.267435,3.851002,7.425343,7.940625,9.532275
"1978-02-01","12m",1.371223,3.357085,7.372877,7.956907,9.945741
"1978-03-01","12m",1.997445,4.088943,7.073378,7.756649,10.738002
"1978-04-01","12m",1.775901,4.211204,6.782918,7.599759,11.283082
"1978-05-01","12m",2.036601,4.50021,6.987918,7.56444,10.914868
"1978-06-01","12m",2.37183,4.838939,6.747205,7.652229,10.058689
"1978-07-01","12m",2.623116,4.67068,6.66513,7.97022,10.522618
"1978-08-01","12m",2.633777,4.841889,6.40322,8.184827,10.304912
"1978-09-01","12m",2.59944,5.305069,6.509772,8.526036,10.38066
"1978-10-01","12m",3.034397,5.636554,7.014753,8.518257,10.630427
"1978-11-01","12m",3.340312,6.161905,7.180382,8.872337,10.929418
"1978-12-01","12m",3.052908,5.998157,7.153908,8.807751,11.466863
"1979-01-01","12m",3.373807,6.325736,7.608894,9.41561,11.377181
"1979-02-01","12m",3.552911,6.465637,7.69751,9.720702,11.420205
"1979-03-01","12m",3.099847,6.623108,7.600962,9.656687,12.444123
"1979-04-01","12m",1.541807,6.482436,7.454058,9.226792,12.021003
"1979-05-01","12m",2.699015,6.442117,7.80044,9.308379,12.02107
"1979-06-01","12m",1.94393,6.384886,7.471237,9.353005,12.932415
"1979-07-01","12m",1.348355,6.152841,7.662101,9.64213,13.088979
"1979-08-01","12m",1.228041,6.220122,8.225779,9.676003,13.255293
"1979-09-01","12m",1.69261,6.459288,8.370645,9.84997,13.560245
"1979-10-01","12m",2.168044,6.525868,9.192578,10.065413,14.2101
"1979-11-01","12m",2.12103,6.641643,8.913766,10.426073,14.742678
"1979-12-01","12m",2.656976,6.769666,8.875293,11.070849,14.932273
"1980-01-01","12m",2.743759,7.103946,8.818019,10.9482,16.271099
"1980-02-01","12m",3.264971,7.187702,8.991419,10.614325,16.747027
"1980-03-01","12m",3.910887,6.979784,9.382482,10.508983,19.472486
"1980-04-01","12m",1.550228,7.335936,9.129023,10.864075,16.330595
"1980-05-01","12m",1.167196,7.714383,9.400484,11.125851,19.904655
"1980-06-01","12m",1.36698,7.198924,9.813273,11.440922,21.730856
"1980-07-01","12m",2.885286,7.588009,9.543318,11.160533,20.853543
"1980-08-01","12m",4.602634,7.960332,9.238353,11.34312,20.275445
"1980-09-01","12m",4.709456,8.207705,9.51705,11.83836,18.941631
"1980-10-01","12m",5.14901,8.337916,9.1636,11.882058,17.597314
"1980-11-01","12m",4.918071,8.02448,9.382125,12.079291,18.377058
"1980-12-01","12m",4.940808,7.926153,9.941498,11.654668,17.494126
"1981-01-01","12m",5.000728,7.698898,10.077668,11.327004,15.220058
"1981-02-01","12m",4.975373,7.582922,10.146259,11.065422,16.758205
"1981-03-01","12m",4.266817,6.90184,10.136232,10.599778,14.204325
"1981-04-01","12m",5.019724,7.17568,10.206521,11.083881,14.104789
"1981-05-01","12m",4.58467,7.037837,10.397888,10.787422,13.836599
"1981-06-01","12m",4.804448,7.41167,9.852951,10.207092,13.722507
"1981-07-01","12m",3.722853,6.902565,9.466623,10.229898,13.755158
"1981-08-01","12m",3.423933,6.279407,9.435345,10.902475,14.219703
"1981-09-01","12m",3.317253,6.188243,9.129745,10.593739,14.226603
"1981-10-01","12m",3.235598,5.974608,8.945325,10.295374,14.110466
"1981-11-01","12m",2.614902,6.014651,8.651486,10.216554,14.753517
"1981-12-01","12m",1.47151,5.844938,8.230577,9.945738,14.833127
"1982-01-01","12m",1.158528,4.41342,7.604303,10.055264,14.572516
"1982-02-01","12m",-1.556979,3.974124,7.315826,9.659052,14.131133
"1982-03-01","12m",-1.123969,3.760542,6.858401,9.491177,14.512472
"1982-04-01","12m",-2.899661,3.636344,6.767578,8.992549,14.226387
"1982-05-01","12m",-0.19617,3.428006,6.120612,8.683209,13.976976
"1982-06-01","12m",0.198305,3.345636,6.472156,8.487406,14.091716
"1982-07-01","12m",-0.785582,3.416018,6.536153,8.897981,12.746073
"1982-08-01","12m",-0.200419,3.121323,6.218764,8.012863,12.555045
"1982-09-01","12m",-0.665413,2.478128,5.418533,7.584434,12.926736
"1982-10-01","12m",-1.043643,2.381544,5.731245,7.695286,13.215166
"1982-11-01","12m",-1.056174,2.22052,5.453056,7.564345,12.758834
"1982-12-01","12m",-1.449749,1.965764,5.754422,7.215182,12.569202
"1983-01-01","12m",-2.007647,2.07025,5.054753,7.011117,11.717019
"1983-02-01","12m",-1.323369,2.047314,4.621801,6.989332,12.778166
"1983-03-01","12m",-1.341835,1.954259,4.808334,6.509941,12.455446
"1983-04-01","12m",-0.389749,1.905167,4.794122,7.257913,11.989395
"1983-05-01","12m",0.25823,2.237517,4.553488,6.665801,11.86391
"1983-06-01","12m",-1.77732,1.785766,4.205813,6.381419,11.557154
"1983-07-01","12m",-2.906091,1.700404,3.766262,5.989981,10.875066
"1983-08-01","12m",-1.946611,1.790118,3.751089,5.65648,10.963612
"1983-09-01","12m",-1.96163,1.780752,3.733529,5.622259,10.869464
"1983-10-01","12m",-2.429804,1.705569,3.927982,5.080592,10.66747
"1983-11-01","12m",-2.643732,1.931009,4.086219,5.057428,10.068065
"1983-12-01","12m",-1.822213,2.078722,3.705096,5.06493,10.373406
"1984-01-01","12m",-0.124205,1.931009,3.89923,5.050699,9.960339
"1984-02-01","12m",0.911497,2.429212,4.108363,4.91506,8.636022
"1984-03-01","12m",0.594681,2.342669,4.535071,5.259693,8.835182
"1984-04-01","12m",0.592757,1.899364,3.860877,5.493708,8.96975
"1984-05-01","12m",-0.164731,1.331642,4.162375,5.591039,9.329663
"1984-06-01","12m",-1.688615,1.431666,4.15733,5.521219,9.728152
"1984-07-01","12m",-1.281633,1.492563,4.448717,5.8504,9.23534
"1984-08-01","12m",-1.011932,1.754299,4.434066,5.382404,8.009843
"1984-09-01","12m",-0.858069,2.011745,4.017355,5.466155,7.901287
"1984-10-01","12m",-0.763659,2.192846,4.083049,5.547779,7.817862
"1984-11-01","12m",-1.001074,1.83325,3.849083,5.430546,7.479363
"1984-12-01","12m",-0.359135,2.256397,4.077564,5.521559,7.625886
"1985-01-01","12m",-0.329324,2.03514,3.754765,5.506608,7.414846
"1985-02-01","12m",-0.507514,1.952089,3.958408,5.860353,7.025046
"1985-03-01","12m",-1.005169,2.623712,3.794565,5.643063,7.05416
"1985-04-01","12m",-0.131624,2.020084,3.800983,5.035252,7.157226
"1985-05-01","12m",-0.137558,2.192077,3.689242,5.695129,6.990687
"1985-06-01","12m",0.107334,1.99312,3.96956,6.046063,6.848771
"1985-07-01","12m",-1.306019,2.258246,3.70297,5.722966,6.515071
"1985-08-01","12m",-0.405401,1.928223,3.645362,6.151066,6.569836
"1985-09-01","12m",-1.230075,2.06591,4.039406,5.877881,6.548802
"1985-10-01","12m",-1.33603,1.88494,3.926531,5.85688,6.794395
"1985-11-01","12m",-0.953752,1.930983,3.918433,5.846684,7.13748
"1985-12-01","12m",-0.444196,2.466419,3.824738,5.949519,6.824117
"1986-01-01","12m",-0.444952,2.268241,3.806967,5.70354,6.843932
"1986-02-01","12m",-1.550582,1.19697,3.611688,5.700369,6.646694
"1986-03-01","12m",-2.434139,0.910391,3.598434,5.849412,6.742585
"1986-04-01","12m",-2.967837,0.519444,3.678979,5.857564,7.172294
"1986-05-01","12m",-2.077302,0.443417,3.756052,5.553094,6.743961
"1986-06-01","12m",-3.047381,0.478829,3.73941,5.486709,7.165395
"1986-07-01","12m",-2.437795,0.797108,3.8051,5.729005,7.138449
"1986-08-01","12m",-2.52701,0.893742,3.718337,5.33998,7.010962
"1986-09-01","12m",-1.736929,1.45824,3.602712,5.672086,7.437355
"1986-10-01","12m",-2.670956,0.645576,3.775769,5.844754,7.495962
"1986-11-01","12m",-1.995936,0.705076,3.913348,5.27744,7.303042
"1986-12-01","12m",-1.527141,0.801091,3.698012,4.995204,7.310305
"1987-01-01","12m",-1.605574,0.980212,3.864601,4.74218,6.897801
"1987-02-01","12m",-2.310427,1.60523,3.651593,4.93342,6.946674
"1987-03-01","12m",-2.252968,1.770362,3.814316,4.510495,7.36205
"1987-04-01","12m",-1.467269,2.230768,4.086715,4.641694,7.497773
"1987-05-01","12m",-0.78672,2.423092,3.75208,4.752758,7.28905
"1987-06-01","12m",-0.694484,1.934289,3.642235,4.573335,7.636844
"1987-07-01","12m",-0.301148,2.110914,3.750268,4.495776,7.894447
"1987-08-01","12m",-0.049331,2.15722,4.056892,4.643482,7.543884
"1987-09-01","12m",-0.261136,2.13402,4.243974,4.68937,7.471669
"1987-10-01","12m",0.44713,2.470994,4.217999,4.887707,7.264436
"1987-11-01","12m",-0.109187,2.223551,4.076594,5.214166,7.235366
"1987-12-01","12m",-0.166032,1.816735,4.206429,4.923432,7.206307
"1988-01-01","12m",-0.381344,1.600815,4.190814,5.100427,7.503304
"1988-02-01","12m",-0.757296,1.794554,3.992049,5.004413,8.225621
"1988-03-01","12m",-0.552538,2.080957,3.954185,4.764505,7.388451
"1988-04-01","12m",0.860897,1.86953,3.862221,4.299021,7.262837
"1988-05-01","12m",0.552815,1.652628,3.882125,4.243265,7.216583
"1988-06-01","12m",0.672353,1.748698,4.389977,4.506275,7.250092
"1988-07-01","12m",0.329321,2.247259,4.248611,4.844161,8.038242
"1988-08-01","12m",-0.449248,1.889609,4.129082,4.673355,9.662347
"1988-09-01","12m",0.427235,2.379242,4.13251,4.776307,9.39206
"1988-10-01","12m",0.330277,2.336051,4.153775,5.008255,9.351806
"1988-11-01","12m",0.276092,2.208863,4.105153,4.911718,9.422661
"1988-12-01","12m",1.049839,2.50414,4.170008,5.169501,9.242508
"1989-01-01","12m",1.333175,2.731198,4.138841,4.97839,9.641616
"1989-02-01","12m",1.982333,2.753191,4.227885,5.29378,11.278552
"1989-03-01","12m",0.853113,3.107915,4.374683,5.548568,11.295563
"1989-04-01","12m",0.378459,2.909201,4.203645,5.60301,11.364195
"1989-05-01","12m",1.004372,2.834226,4.244187,5.572556,11.014942
"1989-06-01","12m",0.16089,2.785309,4.073109,5.832719,11.542063
"1989-07-01","12m",0.336635,2.905646,4.154728,5.807517,11.461232
"1989-08-01","12m",0.326506,2.773273,4.186171,5.593727,7.88417
"1989-09-01","12m",-0.017889,2.837159,4.13225,5.2239,7.997412
"1989-10-01","12m",-0.218051,2.194227,4.478799,5.095511,8.623409
"1989-11-01","12m",0.005876,2.588551,4.336318,5.123671,8.635345
"1989-12-01","12m",-0.521652,2.097443,4.483068,5.087677,9.356528
"1990-01-01","12m",-0.586291,2.260439,4.318979,5.366124,11.106382
"1990-02-01","12m",0.782729,3.201655,4.171406,5.490112,10.588598
"1990-03-01","12m",1.407298,3.369518,4.691494,5.481602,9.64614
"1990-04-01","12m",0.139883,2.478178,4.61771,4.955804,9.401279
"1990-05-01","12m",-0.293983,2.502283,4.547323,5.008362,9.274072
"1990-06-01","12m",-0.113781,2.560413,4.516796,5.208198,9.985066
"1990-07-01","12m",-0.134507,2.218404,4.629919,5.315079,10.284661
"1990-08-01","12m",0.801103,3.051341,4.902627,6.147872,11.191249
"1990-09-01","12m",0.616073,3.04446,4.963407,5.765785,10.695975
"1990-10-01","12m",0.793696,3.156029,4.710675,6.004939,10.854311
"1990-11-01","12m",0.687148,2.935983,4.420345,5.799269,10.971009
"1990-12-01","12m",0.629415,2.458346,4.305949,5.465986,11.345857
"1991-01-01","12m",0.559973,3.46178,4.302995,5.405854,11.44966
"1991-02-01","12m",0.563896,2.193588,4.474729,5.153245,10.010256
"1991-03-01","12m",-0.705421,2.419203,3.936937,5.200411,9.490074
"1991-04-01","12m",-0.838481,2.906081,3.620886,4.975398,9.325083
"1991-05-01","12m",0.555203,2.424068,3.587847,4.683064,9.379317
"1991-06-01","12m",0.364391,2.282428,3.422787,4.91648,9.417379
"1991-07-01","12m",0.45153,2.216281,3.577217,4.356632,9.155789
"1991-08-01","12m",-0.595946,1.704568,3.224928,4.46056,9.595271
"1991-09-01","12m",-0.723143,1.80629,3.279192,4.500618,9.296691
"1991-10-01","12m",-1.382363,2.081269,3.174915,4.46006,9.04791
"1991-11-01","12m",-1.253987,2.490131,3.184463,4.341858,8.827365
"1991-12-01","12m",-0.36853,2.074537,3.18088,4.748242,8.921349
"1992-01-01","12m",-0.522599,1.732812,2.590106,4.223956,8.379533
"1992-02-01","12m",-0.376334,1.3061,2.669132,3.966362,8.471022
"1992-03-01","12m",-0.54828,1.665525,2.790436,3.695315,8.269679
"1992-04-01","12m",-0.638335,1.64028,2.836126,4.185667,9.112386
"1992-05-01","12m",-0.566933,1.447959,2.763337,3.644741,7.610361
"1992-06-01","12m",0.030455,1.575485,2.769009,3.720762,7.507434
"1992-07-01","12m",-0.012342,1.551149,2.876994,4.044951,7.672354
"1992-08-01","12m",-0.226084,1.500202,2.895634,3.457556,8.162631
"1992-09-01","12m",-0.808938,1.26374,2.625559,3.421073,8.538177
"1992-10-01","12m",-0.341577,1.372138,2.567862,3.460691,9.182251
"1992-11-01","12m",-0.580578,1.362523,2.58963,3.568025,8.204702
"1992-12-01","12m",-0.840989,1.304455,2.41319,3.596776,8.385871
"1993-01-01","12m",-0.532749,1.436968,2.516044,3.523823,8.650912
"1993-02-01","12m",-0.506124,1.449519,2.50969,3.450762,8.127297
"1993-03-01","12m",-0.370091,1.077392,2.527196,3.697272,7.444672
"1993-04-01","12m",-0.475392,0.869022,2.619526,3.163412,7.141094
"1993-05-01","12m",-0.67235,1.157603,2.720162,3.62864,6.829179
"1993-06-01","12m",-0.993768,1.278005,2.768274,3.472534,6.438003
"1993-07-01","12m",-1.246391,0.650278,2.761605,3.489027,6.303783
"1993-08-01","12m",-1.008049,0.967045,2.668888,3.161907,5.947397
"1993-09-01","12m",-1.092201,1.194111,2.741466,3.239756,5.546713
"1993-10-01","12m",-0.829881,1.231225,2.677131,2.947883,5.35086
"1993-11-01","12m",-1.089397,1.598567,2.653266,3.100493,5.170742
"1993-12-01","12m",-1.331894,1.184376,2.678932,3.138581,5.049179
"1994-01-01","12m",-1.861291,0.708697,2.64765,3.241986,5.828129
"1994-02-01","12m",-2.450898,1.316355,2.700098,3.480669,5.649371
"1994-03-01","12m",-2.018758,0.912973,2.673172,3.304651,5.699026
"1994-04-01","12m",-1.753154,0.432965,2.697005,3.311706,5.581181
"1994-05-01","12m",-1.308238,0.91929,2.696419,3.249127,4.836953
"1994-06-01","12m",-1.149176,0.563069,2.382987,3.349571,4.974314
"1994-07-01","12m",-0.712595,1.247695,2.679186,3.43087,4.792197
"1994-08-01","12m",-0.809362,1.243458,2.667642,3.405493,4.864873
"1994-09-01","12m",-1.034083,1.227521,2.500695,3.281415,4.552201
"1994-10-01","12m",-1.219003,0.910718,2.41369,3.035435,4.865107
"1994-11-01","12m",-1.915597,1.07479,2.695728,3.074843,4.833272
"1994-12-01","12m",-1.912226,0.793533,2.617582,3.091994,4.776114
"1995-01-01","12m",-0.772148,1.122785,2.478362,3.184114,4.873787
"1995-02-01","12m",-1.148777,0.855224,2.665921,3.156075,4.526149
"1995-03-01","12m",-1.316977,1.010152,2.609805,2.996337,4.656586
"1995-04-01","12m",-0.997928,0.692553,2.630148,3.306736,4.602658
"1995-05-01","12m",-1.118266,1.032404,2.583595,3.215384,5.135695
"1995-06-01","12m",-1.702128,0.872604,2.704544,3.249503,5.31687
"1995-07-01","12m",-1.939808,0.887644,2.554293,3.325922,4.793811
"1995-08-01","12m",-2.425159,0.816722,2.496415,3.380943,4.708429
"1995-09-01","12m",-2.125597,0.763448,2.366631,3.560635,5.316635
"1995-10-01","12m",-1.459636,0.84889,2.799164,3.466381,5.043438
"1995-11-01","12m",-2.373497,0.842195,2.814349,3.449775,4.265747
"1995-12-01","12m",-1.932286,0.974594,2.844488,3.360377,5.314287
"1996-01-01","12m",-1.58597,0.90895,2.449338,3.337395,5.14102
"1996-02-01","12m",-1.009242,0.923731,2.452167,3.230396,5.560497
"1996-03-01","12m",-1.092632,0.836814,2.532938,3.490298,5.491535
"1996-04-01","12m",-1.328166,0.641293,2.500627,3.370968,5.88698
"1996-05-01","12m",-0.791105,1.134563,2.448394,3.275992,5.633228
"1996-06-01","12m",-0.702247,0.65479,2.537039,3.177547,5.370883
"1996-07-01","12m",-0.324709,1.100318,2.552089,3.161957,5.320286
"1996-08-01","12m",0.058473,0.725075,2.462644,3.146227,5.274617
"1996-09-01","12m",-1.526908,1.070965,2.596198,3.047346,5.666993
"1996-10-01","12m",-1.558757,0.882047,2.6384,2.988588,5.857034
"1996-11-01","12m",-0.99015,1.15997,2.75342,2.851938,5.759731
"1996-12-01","12m",-0.872227,0.750053,2.705448,2.90651,5.435667
"1997-01-01","12m",-0.816495,1.264454,2.719508,2.973276,5.529759
"1997-02-01","12m",-1.043127,1.191472,2.698509,2.984471,5.366751
"1997-03-01","12m",-1.355877,1.033874,2.729732,3.046109,5.243462
"1997-04-01","12m",-1.178988,1.076091,2.775648,2.910989,5.161501
"1997-05-01","12m",-1.13857,0.962835,2.471395,2.83963,4.804199
"1997-06-01","12m",-1.290317,1.022983,2.68156,2.884732,4.829913
"1997-07-01","12m",-0.879356,0.790876,2.362892,2.935751,4.394393
"1997-08-01","12m",-0.601894,0.706683,2.180828,2.95569,4.323507
"1997-09-01","12m",-0.787339,0.551127,2.182688,2.986407,4.722926
"1997-10-01","12m",-0.668247,0.206929,1.870594,2.944903,4.732666
"1997-11-01","12m",-1.529959,0.05305,1.545423,3.072086,4.696922
"1997-12-01","12m",-2.049582,-0.080858,1.734993,3.087704,4.587521
"1998-01-01","12m",-1.919609,-0.231255,1.821604,3.011197,4.215357
"1998-02-01","12m",-2.739776,-0.350191,1.787276,2.991667,4.056156
"1998-03-01","12m",-3.066158,-0.469305,2.020183,2.803466,3.948401
"1998-04-01","12m",-3.294291,-0.812283,2.015731,2.714014,4.008998
"1998-05-01","12m",-3.39707,-0.887271,2.085092,2.991508,4.093767
"1998-06-01","12m",-3.999661,-1.011726,1.995082,2.571298,4.126792
"1998-07-01","12m",-3.697793,-0.753104,1.810984,2.967984,4.247386
"1998-08-01","12m",-3.735835,-0.125797,1.998924,3.119229,4.206529
"1998-09-01","12m",-4.051714,-0.443057,1.805711,3.082054,4.208799
"1998-10-01","12m",-3.651674,-0.607045,1.914142,2.935937,4.558
"1998-11-01","12m",-4.727052,-0.296236,2.253455,3.133576,4.446819
"1998-12-01","12m",-3.46201,-0.528739,2.075893,2.979636,4.007189
"1999-01-01","12m",-3.971715,-0.284396,2.153832,2.940707,4.432472
"1999-02-01","12m",-3.473135,-0.46091,1.996196,2.7815,4.317454
"1999-03-01","12m",-3.042733,-0.661484,1.75351,2.984634,4.286941
"1999-04-01","12m",-2.757114,-0.374797,2.066089,2.95465,4.83787
"1999-05-01","12m",-2.326859,0,2.054901,2.87947,4.729784
"1999-06-01","12m",-1.81737,0.200511,2.108213,2.704241,4.540758
"1999-07-01","12m",-3.060071,0.048279,2.202549,2.656848,4.945777
"1999-08-01","12m",-3.719983,-0.501604,2.410119,2.598033,4.829962
"1999-09-01","12m",-2.461346,0.035307,2.215445,2.536261,5.047113
"1999-10-01","12m",-2.749237,0.570666,2.354349,2.425399,5.082476
"1999-11-01","12m",-2.40576,0.387526,2.334002,2.520317,5.229143
"1999-12-01","12m",-2.076721,0.597398,2.362343,2.547076,5.136933
"2000-01-01","12m",-1.738703,0.475545,2.266238,2.67225,5.375369
"2000-02-01","12m",-1.733523,0.321264,2.448013,2.901892,5.277697
"2000-03-01","12m",-1.660954,0.366214,2.499056,2.991418,5.691764
"2000-04-01","12m",-2.045403,0.521984,2.456962,3.063532,6.016349
"2000-05-01","12m",-2.261367,0.642168,2.499182,2.914974,5.547042
"2000-06-01","12m",-2.566263,1.043348,2.581742,3.117193,5.778399
"2000-07-01","12m",-1.809367,1.05064,2.953073,3.242818,5.902615
"2000-08-01","12m",-2.445955,0.858325,2.997383,3.404442,6.306607
"2000-09-01","12m",-1.943498,0.578408,3.093481,3.36707,5.673257
"2000-10-01","12m",-2.175322,0.708754,3.232673,3.348583,5.836684
"2000-11-01","12m",-1.531813,0.694022,3.235916,3.394678,6.05956
"2000-12-01","12m",-1.716337,1.134153,3.358938,3.423593,5.623706
"2001-01-01","12m",-0.922855,1.292411,3.037415,3.541488,5.516207
"2001-02-01","12m",-1.545593,1.21967,3.167256,3.571491,5.575816
"2001-03-01","12m",-2.416298,0.699783,3.264741,3.402752,4.976434
"2001-04-01","12m",-2.220016,0.96041,3.223447,3.547404,4.83144
"2001-05-01","12m",-2.223263,0.880742,3.307591,3.691135,5.24645
"2001-06-01","12m",-1.226459,1.219512,3.333756,3.77991,5.323968
"2001-07-01","12m",-1.621248,0.657121,2.988944,3.872067,5.4881
"2001-08-01","12m",-2.032856,0.842196,2.969807,4.062887,5.363985
"2001-09-01","12m",-2.663633,0.49524,2.883993,4.102627,4.951189
"2001-10-01","12m",-2.718865,-0.124701,2.867304,4.128272,5.242366
"2001-11-01","12m",-3.130635,0.207037,2.775621,4.236937,4.958356
"2001-12-01","12m",-3.214309,0,2.764042,3.947416,4.986572
"2002-01-01","12m",-3.513805,-0.131545,2.854614,3.600548,4.659963
"2002-02-01","12m",-3.680751,-0.34889,2.687069,3.588202,5.184864
"2002-03-01","12m",-2.822906,-0.201979,2.549937,3.668967,4.470119
"2002-04-01","12m",-3.018743,-0.277731,2.720135,3.891782,4.454832
"2002-05-01","12m",-2.415504,-0.054414,2.583901,3.665846,4.290134
"2002-06-01","12m",-3.519923,-0.461074,2.314297,3.500137,4.621834
"2002-07-01","12m",-3.379755,-0.279441,2.502726,3.773706,4.279266
"2002-08-01","12m",-1.941649,-0.382739,2.417289,3.740652,4.515881
"2002-09-01","12m",-2.708228,0,2.45053,3.892562,4.594272
"2002-10-01","12m",-1.991028,-0.301306,2.366953,3.684564,4.671825
"2002-11-01","12m",-1.920344,-0.407737,2.297418,3.478349,4.901791
"2002-12-01","12m",-1.935108,-0.302845,2.505701,3.321797,5.302556
"2003-01-01","12m",-2.099199,0.077356,2.35517,3.264635,5.788576
"2003-02-01","12m",-2.078279,0.11376,2.462605,3.112902,5.873266
"2003-03-01","12m",-2.778056,0.398184,2.65959,2.97407,5.70745
"2003-04-01","12m",-3.59865,-0.091464,2.285121,2.906949,5.934976
"2003-05-01","12m",-2.99492,0.397325,2.482945,3.031757,6.529623
"2003-06-01","12m",-2.335389,0.2059,2.237394,2.84025,6.594388
"2003-07-01","12m",-1.899512,-0.0962,2.185785,2.916885,6.298587
"2003-08-01","12m",-2.658919,0.199653,2.181731,3.151726,7.018703
"2003-09-01","12m",-2.166214,0,2.081511,3.104881,6.823304
"2003-10-01","12m",-1.868391,0.295703,2.121758,2.918615,7.130821
"2003-11-01","12m",-1.8261,0.361934,2.11687,3.065436,6.448817
"2003-12-01","12m",-2.006919,0.59002,2.244382,3.248783,6.482096
"2004-01-01","12m",-1.969267,0.186162,2.350839,3.252494,6.289381
"2004-02-01","12m",-1.746711,0.668965,2.059411,3.142875,5.467622
"2004-03-01","12m",-1.428413,0.648858,2.214156,2.642126,5.559474
"2004-04-01","12m",-0.887318,0.859252,2.31325,3.269157,5.485868
"2004-05-01","12m",-1.106134,0.984173,2.324773,3.412208,5.368703
"2004-06-01","12m",-0.688772,0.939608,2.552937,3.679901,5.108527
"2004-07-01","12m",-1.167908,0.94014,2.501319,3.587187,5.047861
"2004-08-01","12m",-1.296719,0.647384,2.542502,3.358771,5.170346
"2004-09-01","12m",-1.123471,0.508098,2.446881,3.419581,5.221074
"2004-10-01","12m",-1.603158,0.923742,2.305158,3.519423,5.596744
"2004-11-01","12m",-0.782947,1.116501,2.389522,3.622488,5.717134
"2004-12-01","12m",-0.979015,1.202754,2.433435,3.511724,5.355048
"2005-01-01","12m",-0.622884,1.348463,2.578553,3.566535,5.542004
"2005-02-01","12m",-0.890807,1.377909,2.976663,3.584504,4.971766
"2005-03-01","12m",-1.00995,1.665911,2.929484,3.650282,5.579509
"2005-04-01","12m",-0.721929,1.665655,2.462926,3.632529,6.069297
"2005-05-01","12m",-0.668712,1.634642,2.51275,3.316633,5.655932
"2005-06-01","12m",-0.978873,1.496854,2.51455,3.341642,5.700083
"2005-07-01","12m",-1.223052,1.321502,2.513061,3.381337,5.604956
"2005-08-01","12m",-1.083135,1.590055,2.570305,3.538938,5.996431
"2005-09-01","12m",-0.642746,1.943356,2.716013,3.793862,6.624685
"2005-10-01","12m",-0.319767,1.916266,2.9965,3.666773,6.655067
"2005-11-01","12m",-0.694444,1.967467,3.008847,3.74564,6.152353
"2005-12-01","12m",-0.872402,1.66299,3.031411,3.580727,5.989467
"2006-01-01","12m",-0.428328,1.462749,2.767621,3.685694,6.266968
"2006-02-01","12m",-0.757844,1.147418,2.750979,3.708447,6.646773
"2006-03-01","12m",-1.030834,1.166215,2.821799,3.681471,5.845302
"2006-04-01","12m",-0.197739,0.739545,2.969743,3.78982,6.110696
"2006-05-01","12m",-0.394707,0.791702,3.223834,3.917462,6.023173
"2006-06-01","12m",-0.557177,1.208932,3.568821,4.193716,5.81758
"2006-07-01","12m",-0.447095,1.383713,3.535639,4.101419,5.51137
"2006-08-01","12m",-0.364573,1.41994,3.609398,3.906152,5.938675
"2006-09-01","12m",-1.521121,0.978126,3.199413,3.980047,4.900272
"2006-10-01","12m",-1.48495,0.804483,3.18804,4.132188,4.923325
"2006-11-01","12m",-2.160092,0.764502,2.993922,3.931336,4.855598
"2006-12-01","12m",-0.981954,1.115883,3.167557,4.168026,5.06738
"2007-01-01","12m",-2.36121,0.924519,3.443545,4.22754,4.807992
"2007-02-01","12m",-1.837862,1.271858,3.565116,4.23699,5.012761
"2007-03-01","12m",-1.981413,1.339963,3.646602,4.130353,5.154084
"2007-04-01","12m",-1.560483,0.95463,3.514397,3.898507,4.739713
"2007-05-01","12m",-1.493272,1.39236,3.35092,3.519821,5.133844
"2007-06-01","12m",-1.775556,1.309743,3.230479,3.48632,5.090828
"2007-07-01","12m",-1.329371,0.953702,3.034405,3.515583,4.599482
"2007-08-01","12m",-2.037529,0.8561,2.968281,3.607149,4.730979
"2007-09-01","12m",-1.253743,1.338243,2.946925,3.987252,5.456665
"2007-10-01","12m",-1.289475,1.39206,2.965906,4.004966,5.854435
"2007-11-01","12m",-0.3853,2.048209,3.065849,4.054891,5.644327
"2007-12-01","12m",-0.495559,2.18742,3.475455,3.977138,6.111199
"2008-01-01","12m",-0.287377,1.428116,2.801571,3.895809,5.764709
"2008-02-01","12m",-0.373568,1.503626,2.980114,3.688672,5.848504
"2008-03-01","12m",-0.650698,1.410604,3.154645,3.860015,5.929304
"2008-04-01","12m",-0.815135,1.287445,2.858161,3.784738,6.336885
"2008-05-01","12m",-0.767119,1.369167,2.694758,4.008672,6.325644
"2008-06-01","12m",-0.852761,1.726617,2.934022,4.137655,6.849947
"2008-07-01","12m",-0.799425,1.629894,2.817424,3.922985,8.461556
"2008-08-01","12m",-0.060886,1.494902,3.130785,4.187608,9.349994
"2008-09-01","12m",-1.087195,1.345221,2.968756,4.370378,8.294422
"2008-10-01","12m",-1.990517,1.50543,2.362592,3.951623,7.85212
"2008-11-01","12m",-4.717128,1.297387,2.299809,3.56297,6.735685
"2008-12-01","12m",-5.197431,1.227567,2.104629,3.393525,6.37509
"2009-01-01","12m",-6.194197,1.335431,2.568739,3.547974,6.008233
"2009-02-01","12m",-6.349363,1.290955,2.286473,3.289229,6.122637
"2009-03-01","12m",-8.2613,1.210779,2.4,3.197808,5.965992
"2009-04-01","12m",-8.094496,1.125057,2.28017,2.94203,5.579036
"2009-05-01","12m",-8.396924,0.878651,2.127556,3.000509,4.69985
"2009-06-01","12m",-8.386187,1.128955,2.230309,2.865131,4.180361
"2009-07-01","12m",-7.501908,0.335182,1.751229,2.627266,3.844881
"2009-08-01","12m",-6.360724,-0.3517,1.682324,2.695923,4.386739
"2009-09-01","12m",-6.543954,0.160261,1.480636,2.699542,3.720983
"2009-10-01","12m",-5.913208,-0.195499,1.285913,2.734194,3.859371
"2009-11-01","12m",-2.065087,0.66677,1.869905,2.882738,4.375503
"2009-12-01","12m",-2.175176,0.520462,1.71637,3.038318,4.92154
"2010-01-01","12m",-1.776338,0.404682,1.477134,2.730771,5.915608
"2010-02-01","12m",-2.508712,0.27806,1.216666,2.884289,5.793077
"2010-03-01","12m",-2.075323,-0.020242,1.33992,2.977378,8.073979
"2010-04-01","12m",-1.48969,-0.177162,1.55474,2.986629,6.858465
"2010-05-01","12m",-1.474383,-0.284887,1.601789,3.146202,7.951196
"2010-06-01","12m",-1.638289,-0.245674,1.165999,2.986543,5.70697
"2010-07-01","12m",-1.175989,-0.194661,1.405022,3.010058,5.562721
"2010-08-01","12m",-1.202644,-0.265667,1.365546,2.826162,5.083311
"2010-09-01","12m",-1.882344,-0.108049,1.378946,2.99339,4.492326
"2010-10-01","12m",-1.793497,-0.035626,1.222186,2.172717,4.495321
"2010-11-01","12m",-1.497765,0.18904,1.142065,2.285674,4.600068
"2010-12-01","12m",-1.285239,0.284179,1.191406,2.252852,4.177567
"2011-01-01","12m",-1.080178,0.462847,1.362414,2.059266,5.212202
"2011-02-01","12m",-1.038297,0.624792,1.49359,1.984494,5.954591
"2011-03-01","12m",-1.706112,0.788424,1.701362,2.08553,6.406384
"2011-04-01","12m",-1.101095,0.884233,1.769051,2.285979,6.106643
"2011-05-01","12m",-1.249894,0.944003,1.779602,2.719531,5.877276
"2011-06-01","12m",-0.738294,1.042224,1.975684,2.889991,5.994585
"2011-07-01","12m",-1.440742,1.228519,2.147336,2.891248,7.024087
"2011-08-01","12m",-1.308233,1.306593,2.159055,3.230222,6.565429
"2011-09-01","12m",-1.034056,1.423942,2.350793,3.252458,5.697791
"2011-10-01","12m",-0.51097,1.318937,2.413805,3.068628,5.919338
"2011-11-01","12m",-0.215575,1.375992,2.500447,3.053144,5.992824
"2011-12-01","12m",-0.114576,1.728035,2.458664,3.060793,5.844757
"2012-01-01","12m",0.23163,1.838122,2.352081,3.04781,5.877179
"2012-02-01","12m",0.102172,1.648283,2.39433,3.138814,5.515228
"2012-03-01","12m",0.296699,1.531334,2.233212,2.981974,5.669352
"2012-04-01","12m",0.506649,1.426219,2.203417,2.819498,4.898603
"2012-05-01","12m",-0.420003,1.200386,2.110924,2.731287,4.537244
"2012-06-01","12m",-0.589509,1.101367,2.060593,2.729365,4.111213
"2012-07-01","12m",-1.28231,1.029105,1.992528,2.793026,4.043957
"2012-08-01","12m",-0.366654,0.983238,2.006309,2.687547,3.951382
"2012-09-01","12m",-0.687882,1.053897,2.115249,2.636382,4.850677
"2012-10-01","12m",-0.573855,0.928393,2.101941,2.727393,5.431836
"2012-11-01","12m",-0.235338,0.953819,2.117576,2.283817,3.583425
"2012-12-01","12m",-0.449186,0.728526,2.078711,2.481036,3.757555
"2013-01-01","12m",-0.419665,0.374735,1.88365,2.323799,3.474607
"2013-02-01","12m",-0.492126,0.607603,2.133516,2.734128,4.008502
"2013-03-01","12m",-1.341654,0.372045,1.898553,2.271481,3.674658
"2013-04-01","12m",-1.432785,0.039913,1.850419,2.061772,3.737753
"2013-05-01","12m",-2.184454,0.076168,1.850416,2.12734,3.452922
"2013-06-01","12m",-0.669888,0.26668,1.847632,2.226658,3.665861
"2013-07-01","12m",-0.364579,0.679748,1.881117,2.213929,3.880875
"2013-08-01","12m",-1.357323,0.309699,1.790576,2.251931,3.487375
"2013-09-01","12m",-2.136976,0.357355,1.718081,2.218246,3.462599
"2013-10-01","12m",-2.125212,0.217723,1.905467,2.262475,3.383239
"2013-11-01","12m",-1.62353,0.203946,2.018855,2.356021,3.24357
"2013-12-01","12m",-1.011297,0.314724,1.645881,2.479084,3.246377
"2014-01-01","12m",-1.019268,0.534286,1.526519,2.376536,3.297828
"2014-02-01","12m",-2.439893,0.297214,1.561112,2.535849,3.462206
"2014-03-01","12m",-1.81599,0.149865,1.536792,2.55303,3.718447
"2014-04-01","12m",-1.395987,0.671121,2.040906,2.625139,3.624443
"2014-05-01","12m",-1.285342,0.590851,2.166927,2.646191,3.898567
"2014-06-01","12m",-1.071575,0.515943,1.967596,2.636361,4.123083
"2014-07-01","12m",-1.167094,0.522801,1.601564,2.72381,4.079161
"2014-08-01","12m",-2.274404,0.595877,1.813971,2.6835,4.246061
"2014-09-01","12m",-2.924838,0.749545,1.716355,2.703097,3.600444
"2014-10-01","12m",-2.689512,0.339649,1.711812,2.709542,3.939627
"2014-11-01","12m",-2.952831,0.502208,1.811398,2.691565,4.23304
"2014-12-01","12m",-3.305562,0.558175,1.673929,2.591747,5.258464
"2015-01-01","12m",-2.81959,-0.126667,1.723743,2.637487,3.655082
"2015-02-01","12m",-2.576255,0.0721,1.783655,2.689394,3.640495
"2015-03-01","12m",-2.813112,0.131811,1.3746,2.707218,3.555445
"2015-04-01","12m",-3.452327,-0.103659,1.614378,2.776582,4.036565
"2015-05-01","12m",-3.414521,0.035177,1.463724,2.796109,3.471071
"2015-06-01","12m",-3.873559,0.108292,1.349178,2.942502,3.850485
"2015-07-01","12m",-3.108686,-0.45681,1.392172,2.840308,3.531652
"2015-08-01","12m",-3.748698,-0.746427,1.404386,2.939157,3.604404
"2015-09-01","12m",-2.860241,-0.516804,1.368147,2.799867,3.788459
"2015-10-01","12m",-3.075363,-0.646186,1.324876,2.758119,3.689616
"2015-11-01","12m",-2.422043,-0.468499,1.219601,2.783139,3.631567
"2015-12-01","12m",-2.45846,-0.629587,1.242958,2.371251,3.583047
"2016-01-01","12m",-2.626955,0.053581,1.233027,2.563612,3.719814
"2016-02-01","12m",-2.518559,-0.304893,1.202876,2.881246,3.695291
"2016-03-01","12m",-2.400522,-0.365774,1.122333,2.779219,3.617086
"2016-04-01","12m",-2.380476,-0.291447,1.178007,2.692453,3.730727
"2016-05-01","12m",-2.146284,0.361073,1.387014,2.821065,3.288707
"2016-06-01","12m",-2.773211,0.003017,1.560037,2.68267,3.785295
"2016-07-01","12m",-2.742509,-0.019116,1.492004,2.646681,3.746813
"2016-08-01","12m",-2.411587,0.017001,1.754957,2.77178,3.722397
"2016-09-01","12m",-3.074602,-0.017993,1.553873,2.918635,3.685183
"2016-10-01","12m",-2.222752,0.053244,1.665279,3.144073,4.162823
"2016-11-01","12m",-2.520436,0.095946,1.684826,3.230446,3.992681
"2016-12-01","12m",-2.564127,0.230551,1.927607,3.591617,4.707223
"2017-01-01","12m",-2.067781,0.472644,2.115153,3.236669,4.717941
"2017-02-01","12m",-1.62009,0.355437,2.053287,3.407662,5.653647
"2017-03-01","12m",-1.711064,0.06788,2.051214,3.36484,5.04253
"2017-04-01","12m",-1.782618,0.529888,2.061656,3.164597,4.779611
"2017-05-01","12m",-1.794101,0.437869,1.777511,3.269229,4.213471
"2017-06-01","12m",-1.474526,0.13019,1.651664,3.151898,3.841714
"2017-07-01","12m",-2.389158,0.334053,1.801629,3.015081,3.805396
"2017-08-01","12m",-1.679922,0.379096,1.875159,2.918992,3.889819
"2017-09-01","12m",-1.651581,0.377032,1.874563,2.496098,3.819065
"2017-10-01","12m",-1.277227,0.391577,2.120238,2.89864,4.136231
"2017-11-01","12m",-1.573295,0.10221,2.084301,2.933744,4.311854
"2017-12-01","12m",-1.458598,0.012001,2.255571,2.877587,4.010513
"2018-01-01","12m",-0.990597,0.304518,2.299679,3.189158,4.612063
"2018-02-01","12m",-1.276828,0.359683,2.130562,3.00739,5.03627
"2018-03-01","12m",-1.11041,0.498404,2.330677,3.061102,5.263424
"2018-04-01","12m",-0.609265,0.426077,2.490706,3.012757,4.326663
"2018-05-01","12m",-0.925411,0.551994,2.64034,3.424017,4.755402
"2018-06-01","12m",-0.61059,0.688151,2.504282,3.209492,5.042926
"2018-07-01","12m",-0.33379,0.790159,2.534541,3.398742,5.058826
"2018-08-01","12m",-0.449676,0.771343,2.553306,3.337684,4.4787
"2018-09-01","12m",-0.680702,0.553908,2.463152,3.278917,4.825443
"2018-10-01","12m",-0.558143,0.623574,2.1015,3.256003,4.811851
"2018-11-01","12m",-1.054095,0.698299,2.147063,3.313869,4.356614
"2018-12-01","12m",-1.057667,0.771152,2.152006,3.213164,4.574239
"2019-01-01","12m",-1.787311,0.507467,1.910784,2.949522,3.430643
"2019-02-01","12m",-2.674966,0.680998,1.85629,2.981324,3.70374
"2019-03-01","12m",-1.182607,0.565174,1.775751,2.98528,3.726843
"2019-04-01","12m",-1.292179,0.725771,2.061906,3.163668,3.803623
"2019-05-01","12m",-0.988009,0.439,1.878467,3.034537,3.727226
"2019-06-01","12m",-2.197575,0.752868,1.911482,3.147126,3.603103
"2019-07-01","12m",-1.814937,0.412507,1.777041,3.250385,3.842224
"2019-08-01","12m",-0.918049,0.52534,1.990423,3.165035,3.711457
"2019-09-01","12m",-1.712935,0.827083,1.984776,3.150513,3.461303
"2019-10-01","12m",-0.926302,0.702758,2.065623,2.913188,3.441967
"2019-11-01","12m",-1.246057,0.404028,2.023562,3.088679,3.280549
"2019-12-01","12m",-1.515063,0.570176,2.227021,3.034374,3.492714
"2020-01-01","12m",-1.786164,0.771597,2.374555,3.115199,3.768635
"2020-02-01","12m",-1.186183,0.718378,2.364376,3.114318,3.755336
"2020-03-01","12m",-1.720482,0.429729,2.335592,3.2093,3.646147
"2020-04-01","12m",-2.090522,-0.039827,2.506644,3.065669,4.172777
"2020-05-01","12m",-3.100569,-0.024953,2.66682,3.208305,4.32043
"2020-06-01","12m",-3.138776,0.034013,2.694243,3.201147,4.188517
"2020-07-01","12m",-2.331984,0.274023,2.159952,3.123608,4.328843
"2020-08-01","12m",-2.843275,0.708274,2.702325,3.126119,4.422044
"2020-09-01","12m",-2.643789,0.99532,2.487372,3.289271,4.327767
"2020-10-01","12m",-2.865159,0.628669,2.509516,3.226413,4.456574
"2020-11-01","12m",-1.916079,1.027096,2.28445,3.052384,4.538066
"2020-12-01","12m",-2.361611,0.810668,2.176283,3.685252,4.708958
"2021-01-01","12m",-2.387821,0.605538,2.033761,3.236059,4.840435
"2021-02-01","12m",-2.672967,0.890471,2.01933,3.238546,4.917744
"2021-03-01","12m",-2.081994,0.990646,2.190605,3.945879,5.819863
"2021-04-01","12m",-0.403226,1.017283,2.191633,3.973367,7.876947
"2021-05-01","12m",-0.919311,1.39296,2.445926,3.549113,10.0867
"2021-06-01","12m",-0.570598,1.281122,2.343095,3.968961,10.800375
"2021-07-01","12m",0.152802,1.710347,2.709396,4.367921,7.485792
"2021-08-01","12m",-0.339146,1.797305,2.546753,4.891294,9.496141
"2021-09-01","12m",0.07996,2.037982,2.883542,4.852909,8.66076
"2021-10-01","12m",0.354762,2.147433,3.144161,5.355518,9.748126
"2021-11-01","12m",0.465076,2.107478,3.531659,5.832004,10.904914
"2021-12-01","12m",0.770761,2.323946,3.790659,5.609547,11.450585
"2022-01-01","12m",1.321797,2.969001,4.067668,6.27483,12.869809
"2022-02-01","12m",1.200315,2.266657,4.288313,6.689047,13.068187
"2022-03-01","12m",0.728199,2.196635,4.528261,7.510682,14.930083
"2022-04-01","12m",0.422048,1.825769,4.789947,7.572213,15.031813
"2022-05-01","12m",0.407586,2.023225,5.100016,7.53805,13.005404
"2022-06-01","12m",0.523818,3.275836,5.494682,7.953435,13.668558
"2022-07-01","12m",0.644957,3.141985,5.852887,7.934869,15.264479
"2022-08-01","12m",0.337784,3.171207,6.306187,7.971114,15.811601
"2022-09-01","12m",0.182868,3.19485,6.684369,7.87435,14.962141
"2022-10-01","12m",0.395316,3.257053,6.530666,7.759125,14.276358
"2022-11-01","12m",0.231507,3.006238,6.437934,7.460221,12.981429
"2022-12-01","12m",0.261659,2.075369,5.636477,7.544836,12.659773
"2023-01-01","12m",0.152223,2.135967,5.836166,7.770511,11.845925
"2023-02-01","12m",-0.625147,2.125538,5.797997,8.02967,11.665273
"2023-03-01","12m",-0.921312,2.239622,5.686279,8.05477,10.105835
"2023-04-01","12m",-1.104083,1.539466,5.578851,7.682029,9.805157
"2023-05-01","12m",-0.432271,1.877775,4.94323,7.419391,8.651771
"2023-06-01","12m",-1.542002,1.888298,4.527354,7.000498,8.334867
"2023-07-01","12m",-1.687252,2.183894,4.31992,6.424528,7.674688
"2023-08-01","12m",-1.920305,1.581972,3.722101,5.957875,7.321808
"2023-09-01","12m",-0.382073,1.894798,3.686518,5.796337,7.22601
"2023-10-01","12m",-2.201663,1.142937,3.471051,5.318515,6.903645
"2023-11-01","12m",-2.418155,0.959228,3.379687,5.240514,6.863978
"2023-12-01","12m",-1.842171,0.762082,3.314423,5.243159,6.454425
"2024-01-01","12m",-1.864565,0.721307,3.661068,5.09873,6.51563
"2024-02-01","12m",-1.379108,0.769667,3.555287,4.813564,6.054247
"2024-03-01","12m",-0.873087,0.851285,3.439641,4.925808,6.580074
"2024-04-01","12m",-0.768383,0.889413,3.144014,4.896312,6.711953
"2024-05-01","12m",-1.26445,0.462813,3.229522,4.892512,5.882447
"2024-06-01","12m",-1.61907,0.631433,3.231193,4.562397,5.566208
"2024-07-01","12m",-1.265499,0.695964,3.090331,4.636199,5.29646
"2024-08-01","12m",-1.350971,0.855652,3.422441,4.136093,5.566035
"2024-09-01","12m",-1.948663,0.690967,3.532717,4.107664,5.185357
"2024-10-01","12m",-1.70185,0.747711,3.106025,4.529226,5.459715
"2024-11-01","12m",-1.176393,0.702668,3.086,4.067581,5.169116
"2024-12-01","12m",-1.236765,0.929164,3.008207,4.269928,4.976372
"2025-01-01","12m",-0.725401,1.079169,2.684911,4.245986,5.320876
"2025-02-01","12m",-0.932997,1.108188,2.999142,4.083382,5.083147
"2025-03-01","12m",-1.232976,0.980363,3.211127,3.98845,5.078875
"2025-04-01","12m",-1.360791,0.952398,3.165003,3.883675,5.197963
"2025-05-01","12m",-0.832795,1.013791,2.940034,3.867657,5.12412
"2025-06-01","12m",-0.605994,1.202125,3.258125,3.768981,5.472095
"2025-07-01","12m",-0.751071,0.88762,3.165788,3.960978,5.574346
"2025-08-01","12m",-1.107619,1.265953,3.248407,3.96033,6.121192
"2025-09-01","12m",-0.379235,1.377379,3.084083,3.755672,5.626168
"2025-10-01","12m",-0.61293,1.010985,3.238991,3.679181,5.867262
"2025-11-01","12m",-0.057689,0.972458,3.25958,3.59767,6.491803
"2025-12-01","12m",0.02266,1.39846,3.177952,3.480918,6.581998
"2026-01-01","12m",-0.531712,1.420301,3.255278,3.722625,6.063333
"2026-02-01","12m",-0.699459,1.519056,3.115882,3.861077,6.434329
"2026-03-01","12m",0.338312,1.939273,3.142003,3.799732,6.98196
"2026-04-01","12m",-0.099421,1.9021,3.288789,3.618285,6.897778
"2026-05-01","12m",0.077339,1.829714,3.304029,3.59916,7.509761
"2026-06-01","12m",-0.961387,1.694035,3.236135,3.463633,7.316371
"2026-07-01","12m",-0.909584,1.898744,3.303609,3.618584,6.410905
"2026-08-01","12m",0.098354,1.933758,3.06458,3.558962,6.632512
