"date","measure","horizon","value"
"1959-02-01","Headline PCE","1m",1.193501
"1959-03-01","Headline PCE","1m",0.793437
"1959-04-01","Headline PCE","1m",2.396054
"1959-05-01","Headline PCE","1m",0.632617
"1959-06-01","Headline PCE","1m",3.523168
"1959-07-01","Headline PCE","1m",2.543754
"1959-08-01","Headline PCE","1m",1.738858
"1959-09-01","Headline PCE","1m",3.177494
"1959-10-01","Headline PCE","1m",2.928265
"1959-11-01","Headline PCE","1m",0.781908
"1959-12-01","Headline PCE","1m",1.410543
"1960-01-01","Headline PCE","1m",-0.697694
"1960-02-01","Headline PCE","1m",1.252185
"1960-03-01","Headline PCE","1m",0.701866
"1960-04-01","Headline PCE","1m",4.438452
"1960-05-01","Headline PCE","1m",1.245605
"1960-06-01","Headline PCE","1m",0.542652
"1960-07-01","Headline PCE","1m",2.185849
"1960-08-01","Headline PCE","1m",2.024591
"1960-09-01","Headline PCE","1m",0.695448
"1960-10-01","Headline PCE","1m",1.394516
"1960-11-01","Headline PCE","1m",4.152346
"1960-12-01","Headline PCE","1m",0.230142
"1961-01-01","Headline PCE","1m",0.230098
"1961-02-01","Headline PCE","1m",1.077742
"1961-03-01","Headline PCE","1m",-0.686649
"1961-04-01","Headline PCE","1m",-0.687042
"1961-05-01","Headline PCE","1m",0.691795
"1961-06-01","Headline PCE","1m",0.537375
"1961-07-01","Headline PCE","1m",2.633808
"1961-08-01","Headline PCE","1m",0.997466
"1961-09-01","Headline PCE","1m",1.382378
"1961-10-01","Headline PCE","1m",-0.076203
"1961-11-01","Headline PCE","1m",0.076261
"1961-12-01","Headline PCE","1m",0.305343
"1962-01-01","Headline PCE","1m",2.310405
"1962-02-01","Headline PCE","1m",3.241923
"1962-03-01","Headline PCE","1m",1.604806
"1962-04-01","Headline PCE","1m",1.372279
"1962-05-01","Headline PCE","1m",0.759394
"1962-06-01","Headline PCE","1m",0.758914
"1962-07-01","Headline PCE","1m",-0.678113
"1962-08-01","Headline PCE","1m",1.753283
"1962-09-01","Headline PCE","1m",6.051769
"1962-10-01","Headline PCE","1m",-1.195726
"1962-11-01","Headline PCE","1m",0.830576
"1962-12-01","Headline PCE","1m",-0.450084
"1963-01-01","Headline PCE","1m",2.972441
"1963-02-01","Headline PCE","1m",1.282719
"1963-03-01","Headline PCE","1m",-0.96981
"1963-04-01","Headline PCE","1m",-0.07497
"1963-05-01","Headline PCE","1m",1.967523
"1963-06-01","Headline PCE","1m",2.652451
"1963-07-01","Headline PCE","1m",2.417259
"1963-08-01","Headline PCE","1m",1.652855
"1963-09-01","Headline PCE","1m",-0.223166
"1963-10-01","Headline PCE","1m",2.333428
"1963-11-01","Headline PCE","1m",1.723181
"1963-12-01","Headline PCE","1m",1.796136
"1964-01-01","Headline PCE","1m",2.549387
"1964-02-01","Headline PCE","1m",1.714511
"1964-03-01","Headline PCE","1m",0.741103
"1964-04-01","Headline PCE","1m",0.889377
"1964-05-01","Headline PCE","1m",0.14762
"1964-06-01","Headline PCE","1m",1.70952
"1964-07-01","Headline PCE","1m",1.557592
"1964-08-01","Headline PCE","1m",0.886203
"1964-09-01","Headline PCE","1m",1.853001
"1964-10-01","Headline PCE","1m",0.736329
"1964-11-01","Headline PCE","1m",1.699938
"1964-12-01","Headline PCE","1m",1.771935
"1965-01-01","Headline PCE","1m",1.324322
"1965-02-01","Headline PCE","1m",0.512553
"1965-03-01","Headline PCE","1m",1.544229
"1965-04-01","Headline PCE","1m",1.912645
"1965-05-01","Headline PCE","1m",2.727526
"1965-06-01","Headline PCE","1m",3.543381
"1965-07-01","Headline PCE","1m",0.872722
"1965-08-01","Headline PCE","1m",0.289925
"1965-09-01","Headline PCE","1m",0.58048
"1965-10-01","Headline PCE","1m",0.362264
"1965-11-01","Headline PCE","1m",2.043601
"1965-12-01","Headline PCE","1m",4.418377
"1966-01-01","Headline PCE","1m",1.448114
"1966-02-01","Headline PCE","1m",5.071388
"1966-03-01","Headline PCE","1m",2.973224
"1966-04-01","Headline PCE","1m",4.219107
"1966-05-01","Headline PCE","1m",1.503956
"1966-06-01","Headline PCE","1m",3.024803
"1966-07-01","Headline PCE","1m",2.363718
"1966-08-01","Headline PCE","1m",4.69527
"1966-09-01","Headline PCE","1m",3.871653
"1966-10-01","Headline PCE","1m",3.206668
"1966-11-01","Headline PCE","1m",1.765336
"1966-12-01","Headline PCE","1m",2.547335
"1967-01-01","Headline PCE","1m",0.069822
"1967-02-01","Headline PCE","1m",1.404883
"1967-03-01","Headline PCE","1m",0.62924
"1967-04-01","Headline PCE","1m",2.039491
"1967-05-01","Headline PCE","1m",2.319825
"1967-06-01","Headline PCE","1m",3.886106
"1967-07-01","Headline PCE","1m",4.160573
"1967-08-01","Headline PCE","1m",3.78881
"1967-09-01","Headline PCE","1m",3.705772
"1967-10-01","Headline PCE","1m",3.41124
"1967-11-01","Headline PCE","1m",4.03776
"1967-12-01","Headline PCE","1m",1.924561
"1968-01-01","Headline PCE","1m",5.723083
"1968-02-01","Headline PCE","1m",4.985724
"1968-03-01","Headline PCE","1m",3.98232
"1968-04-01","Headline PCE","1m",3.829913
"1968-05-01","Headline PCE","1m",4.513362
"1968-06-01","Headline PCE","1m",3.941729
"1968-07-01","Headline PCE","1m",3.72219
"1968-08-01","Headline PCE","1m",5.021602
"1968-09-01","Headline PCE","1m",4.243115
"1968-10-01","Headline PCE","1m",5.396844
"1968-11-01","Headline PCE","1m",4.141271
"1968-12-01","Headline PCE","1m",2.511299
"1969-01-01","Headline PCE","1m",4.796975
"1969-02-01","Headline PCE","1m",3.095682
"1969-03-01","Headline PCE","1m",5.784139
"1969-04-01","Headline PCE","1m",5.417519
"1969-05-01","Headline PCE","1m",4.922584
"1969-06-01","Headline PCE","1m",5.976441
"1969-07-01","Headline PCE","1m",5.411325
"1969-08-01","Headline PCE","1m",3.344643
"1969-09-01","Headline PCE","1m",5.107096
"1969-10-01","Headline PCE","1m",4.167304
"1969-11-01","Headline PCE","1m",5.330542
"1969-12-01","Headline PCE","1m",5.634768
"1970-01-01","Headline PCE","1m",4.373678
"1970-02-01","Headline PCE","1m",4.874153
"1970-03-01","Headline PCE","1m",3.001343
"1970-04-01","Headline PCE","1m",6.264675
"1970-05-01","Headline PCE","1m",3.86246
"1970-06-01","Headline PCE","1m",3.157231
"1970-07-01","Headline PCE","1m",4.471789
"1970-08-01","Headline PCE","1m",3.199733
"1970-09-01","Headline PCE","1m",5.518454
"1970-10-01","Headline PCE","1m",6.127392
"1970-11-01","Headline PCE","1m",4.837918
"1970-12-01","Headline PCE","1m",5.443374
"1971-01-01","Headline PCE","1m",2.585353
"1971-02-01","Headline PCE","1m",3.55519
"1971-03-01","Headline PCE","1m",4.034093
"1971-04-01","Headline PCE","1m",4.817648
"1971-05-01","Headline PCE","1m",5.105181
"1971-06-01","Headline PCE","1m",5.451197
"1971-07-01","Headline PCE","1m",3.6686
"1971-08-01","Headline PCE","1m",3.53755
"1971-09-01","Headline PCE","1m",1.808366
"1971-10-01","Headline PCE","1m",1.864387
"1971-11-01","Headline PCE","1m",2.508683
"1971-12-01","Headline PCE","1m",4.823568
"1972-01-01","Headline PCE","1m",5.043938
"1972-02-01","Headline PCE","1m",4.843793
"1972-03-01","Headline PCE","1m",1.719731
"1972-04-01","Headline PCE","1m",1.83271
"1972-05-01","Headline PCE","1m",2.698211
"1972-06-01","Headline PCE","1m",1.825826
"1972-07-01","Headline PCE","1m",4.379513
"1972-08-01","Headline PCE","1m",3.546886
"1972-09-01","Headline PCE","1m",5.524087
"1972-10-01","Headline PCE","1m",1.349495
"1972-11-01","Headline PCE","1m",3.631675
"1972-12-01","Headline PCE","1m",3.908587
"1973-01-01","Headline PCE","1m",3.666305
"1973-02-01","Headline PCE","1m",6.491066
"1973-03-01","Headline PCE","1m",8.869992
"1973-04-01","Headline PCE","1m",9.278119
"1973-05-01","Headline PCE","1m",6.074148
"1973-06-01","Headline PCE","1m",7.0732
"1973-07-01","Headline PCE","1m",4.434106
"1973-08-01","Headline PCE","1m",14.761408
"1973-09-01","Headline PCE","1m",4.862183
"1973-10-01","Headline PCE","1m",7.007006
"1973-11-01","Headline PCE","1m",10.298409
"1973-12-01","Headline PCE","1m",10.324434
"1974-01-01","Headline PCE","1m",12.109251
"1974-02-01","Headline PCE","1m",14.908994
"1974-03-01","Headline PCE","1m",14.840761
"1974-04-01","Headline PCE","1m",8.811237
"1974-05-01","Headline PCE","1m",12.49323
"1974-06-01","Headline PCE","1m",10.685404
"1974-07-01","Headline PCE","1m",9.213275
"1974-08-01","Headline PCE","1m",13.291181
"1974-09-01","Headline PCE","1m",13.199247
"1974-10-01","Headline PCE","1m",8.948074
"1974-11-01","Headline PCE","1m",9.390241
"1974-12-01","Headline PCE","1m",9.92533
"1975-01-01","Headline PCE","1m",7.698022
"1975-02-01","Headline PCE","1m",6.719198
"1975-03-01","Headline PCE","1m",4.141447
"1975-04-01","Headline PCE","1m",4.127205
"1975-05-01","Headline PCE","1m",4.916122
"1975-06-01","Headline PCE","1m",7.763865
"1975-07-01","Headline PCE","1m",10.781637
"1975-08-01","Headline PCE","1m",5.335251
"1975-09-01","Headline PCE","1m",6.104579
"1975-10-01","Headline PCE","1m",7.196565
"1975-11-01","Headline PCE","1m",7.997744
"1975-12-01","Headline PCE","1m",6.828399
"1976-01-01","Headline PCE","1m",4.646491
"1976-02-01","Headline PCE","1m",1.565356
"1976-03-01","Headline PCE","1m",1.826037
"1976-04-01","Headline PCE","1m",2.746275
"1976-05-01","Headline PCE","1m",5.865054
"1976-06-01","Headline PCE","1m",5.387076
"1976-07-01","Headline PCE","1m",6.259548
"1976-08-01","Headline PCE","1m",6.810441
"1976-09-01","Headline PCE","1m",6.951062
"1976-10-01","Headline PCE","1m",6.466601
"1976-11-01","Headline PCE","1m",5.596779
"1976-12-01","Headline PCE","1m",6.930042
"1977-01-01","Headline PCE","1m",7.197573
"1977-02-01","Headline PCE","1m",9.805612
"1977-03-01","Headline PCE","1m",6.190995
"1977-04-01","Headline PCE","1m",7.19017
"1977-05-01","Headline PCE","1m",6.250304
"1977-06-01","Headline PCE","1m",6.939713
"1977-07-01","Headline PCE","1m",6.392875
"1977-08-01","Headline PCE","1m",5.731843
"1977-09-01","Headline PCE","1m",4.630768
"1977-10-01","Headline PCE","1m",5.723912
"1977-11-01","Headline PCE","1m",7.104176
"1977-12-01","Headline PCE","1m",5.99108
"1978-01-01","Headline PCE","1m",7.315774
"1978-02-01","Headline PCE","1m",5.722835
"1978-03-01","Headline PCE","1m",8.056057
"1978-04-01","Headline PCE","1m",9.481306
"1978-05-01","Headline PCE","1m",8.916019
"1978-06-01","Headline PCE","1m",8.123154
"1978-07-01","Headline PCE","1m",6.756146
"1978-08-01","Headline PCE","1m",6.247447
"1978-09-01","Headline PCE","1m",7.036006
"1978-10-01","Headline PCE","1m",9.996428
"1978-11-01","Headline PCE","1m",7.01533
"1978-12-01","Headline PCE","1m",5.750306
"1979-01-01","Headline PCE","1m",9.455435
"1979-02-01","Headline PCE","1m",6.584143
"1979-03-01","Headline PCE","1m",9.793347
"1979-04-01","Headline PCE","1m",13.258068
"1979-05-01","Headline PCE","1m",13.152437
"1979-06-01","Headline PCE","1m",10.373299
"1979-07-01","Headline PCE","1m",9.537517
"1979-08-01","Headline PCE","1m",9.573192
"1979-09-01","Headline PCE","1m",11.121318
"1979-10-01","Headline PCE","1m",10.24897
"1979-11-01","Headline PCE","1m",8.649661
"1979-12-01","Headline PCE","1m",10.557642
"1980-01-01","Headline PCE","1m",13.325905
"1980-02-01","Headline PCE","1m",13.796819
"1980-03-01","Headline PCE","1m",15.779767
"1980-04-01","Headline PCE","1m",6.437234
"1980-05-01","Headline PCE","1m",9.743317
"1980-06-01","Headline PCE","1m",7.846361
"1980-07-01","Headline PCE","1m",9.736566
"1980-08-01","Headline PCE","1m",10.464008
"1980-09-01","Headline PCE","1m",11.682602
"1980-10-01","Headline PCE","1m",10.043105
"1980-11-01","Headline PCE","1m",10.221705
"1980-12-01","Headline PCE","1m",8.074333
"1981-01-01","Headline PCE","1m",12.149407
"1981-02-01","Headline PCE","1m",12.842241
"1981-03-01","Headline PCE","1m",8.700356
"1981-04-01","Headline PCE","1m",5.363005
"1981-05-01","Headline PCE","1m",5.519532
"1981-06-01","Headline PCE","1m",4.896891
"1981-07-01","Headline PCE","1m",7.487377
"1981-08-01","Headline PCE","1m",7.773086
"1981-09-01","Headline PCE","1m",7.51303
"1981-10-01","Headline PCE","1m",5.575277
"1981-11-01","Headline PCE","1m",6.633816
"1981-12-01","Headline PCE","1m",3.763348
"1982-01-01","Headline PCE","1m",7.367062
"1982-02-01","Headline PCE","1m",3.672471
"1982-03-01","Headline PCE","1m",3.126805
"1982-04-01","Headline PCE","1m",0.600312
"1982-05-01","Headline PCE","1m",7.363432
"1982-06-01","Headline PCE","1m",9.062182
"1982-07-01","Headline PCE","1m",7.350024
"1982-08-01","Headline PCE","1m",3.772935
"1982-09-01","Headline PCE","1m",3.376506
"1982-10-01","Headline PCE","1m",6.950502
"1982-11-01","Headline PCE","1m",3.674695
"1982-12-01","Headline PCE","1m",1.830006
"1983-01-01","Headline PCE","1m",5.739525
"1983-02-01","Headline PCE","1m",2.058112
"1983-03-01","Headline PCE","1m",1.550578
"1983-04-01","Headline PCE","1m",5.612549
"1983-05-01","Headline PCE","1m",3.452144
"1983-06-01","Headline PCE","1m",4.568644
"1983-07-01","Headline PCE","1m",6.993417
"1983-08-01","Headline PCE","1m",5.248178
"1983-09-01","Headline PCE","1m",4.293205
"1983-10-01","Headline PCE","1m",2.053625
"1983-11-01","Headline PCE","1m",1.714372
"1983-12-01","Headline PCE","1m",0.661169
"1984-01-01","Headline PCE","1m",5.346523
"1984-02-01","Headline PCE","1m",8.37887
"1984-03-01","Headline PCE","1m",4.006241
"1984-04-01","Headline PCE","1m",4.66809
"1984-05-01","Headline PCE","1m",1.528521
"1984-06-01","Headline PCE","1m",2.158372
"1984-07-01","Headline PCE","1m",4.377266
"1984-08-01","Headline PCE","1m",3.746076
"1984-09-01","Headline PCE","1m",1.638698
"1984-10-01","Headline PCE","1m",2.867251
"1984-11-01","Headline PCE","1m",1.707369
"1984-12-01","Headline PCE","1m",3.436495
"1985-01-01","Headline PCE","1m",6.157321
"1985-02-01","Headline PCE","1m",5.715577
"1985-03-01","Headline PCE","1m",4.800294
"1985-04-01","Headline PCE","1m",1.750609
"1985-05-01","Headline PCE","1m",2.879493
"1985-06-01","Headline PCE","1m",3.317383
"1985-07-01","Headline PCE","1m",2.987727
"1985-08-01","Headline PCE","1m",4.041262
"1985-09-01","Headline PCE","1m",2.044162
"1985-10-01","Headline PCE","1m",2.016457
"1985-11-01","Headline PCE","1m",3.547184
"1985-12-01","Headline PCE","1m",4.100355
"1986-01-01","Headline PCE","1m",5.664054
"1986-02-01","Headline PCE","1m",0
"1986-03-01","Headline PCE","1m",-2.599466
"1986-04-01","Headline PCE","1m",-2.421113
"1986-05-01","Headline PCE","1m",2.216109
"1986-06-01","Headline PCE","1m",4.566903
"1986-07-01","Headline PCE","1m",0.305406
"1986-08-01","Headline PCE","1m",1.511426
"1986-09-01","Headline PCE","1m",4.007111
"1986-10-01","Headline PCE","1m",2.169301
"1986-11-01","Headline PCE","1m",2.165387
"1986-12-01","Headline PCE","1m",1.664366
"1987-01-01","Headline PCE","1m",5.793981
"1987-02-01","Headline PCE","1m",4.290716
"1987-03-01","Headline PCE","1m",3.226727
"1987-04-01","Headline PCE","1m",4.574766
"1987-05-01","Headline PCE","1m",3.088145
"1987-06-01","Headline PCE","1m",4.640816
"1987-07-01","Headline PCE","1m",2.811418
"1987-08-01","Headline PCE","1m",4.848876
"1987-09-01","Headline PCE","1m",4.123262
"1987-10-01","Headline PCE","1m",3.875563
"1987-11-01","Headline PCE","1m",2.292555
"1987-12-01","Headline PCE","1m",2.242411
"1988-01-01","Headline PCE","1m",4.75559
"1988-02-01","Headline PCE","1m",1.798109
"1988-03-01","Headline PCE","1m",4.196752
"1988-04-01","Headline PCE","1m",5.99297
"1988-05-01","Headline PCE","1m",3.544424
"1988-06-01","Headline PCE","1m",5.228195
"1988-07-01","Headline PCE","1m",5.988927
"1988-08-01","Headline PCE","1m",3.614107
"1988-09-01","Headline PCE","1m",6.009932
"1988-10-01","Headline PCE","1m",3.988576
"1988-11-01","Headline PCE","1m",2.818694
"1988-12-01","Headline PCE","1m",3.809978
"1989-01-01","Headline PCE","1m",6.334725
"1989-02-01","Headline PCE","1m",4.065667
"1989-03-01","Headline PCE","1m",4.560566
"1989-04-01","Headline PCE","1m",8.290525
"1989-05-01","Headline PCE","1m",4.468791
"1989-06-01","Headline PCE","1m",2.654268
"1989-07-01","Headline PCE","1m",2.906011
"1989-08-01","Headline PCE","1m",0.146289
"1989-09-01","Headline PCE","1m",2.705874
"1989-10-01","Headline PCE","1m",4.790041
"1989-11-01","Headline PCE","1m",2.646629
"1989-12-01","Headline PCE","1m",3.53518
"1990-01-01","Headline PCE","1m",9.473818
"1990-02-01","Headline PCE","1m",5.417558
"1990-03-01","Headline PCE","1m",4.625003
"1990-04-01","Headline PCE","1m",2.549949
"1990-05-01","Headline PCE","1m",2.731518
"1990-06-01","Headline PCE","1m",5.433546
"1990-07-01","Headline PCE","1m",3.002665
"1990-08-01","Headline PCE","1m",8.278472
"1990-09-01","Headline PCE","1m",7.622206
"1990-10-01","Headline PCE","1m",7.087075
"1990-11-01","Headline PCE","1m",1.530089
"1990-12-01","Headline PCE","1m",1.129176
"1991-01-01","Headline PCE","1m",4.664918
"1991-02-01","Headline PCE","1m",0.609769
"1991-03-01","Headline PCE","1m",0.255167
"1991-04-01","Headline PCE","1m",2.197552
"1991-05-01","Headline PCE","1m",5.084448
"1991-06-01","Headline PCE","1m",2.045362
"1991-07-01","Headline PCE","1m",1.903257
"1991-08-01","Headline PCE","1m",2.832834
"1991-09-01","Headline PCE","1m",4.206146
"1991-10-01","Headline PCE","1m",2.263099
"1991-11-01","Headline PCE","1m",2.672732
"1991-12-01","Headline PCE","1m",3.041744
"1992-01-01","Headline PCE","1m",1.642859
"1992-02-01","Headline PCE","1m",3.088963
"1992-03-01","Headline PCE","1m",2.943579
"1992-04-01","Headline PCE","1m",3.28929
"1992-05-01","Headline PCE","1m",1.608725
"1992-06-01","Headline PCE","1m",2.14733
"1992-07-01","Headline PCE","1m",4.033859
"1992-08-01","Headline PCE","1m",1.617562
"1992-09-01","Headline PCE","1m",1.979726
"1992-10-01","Headline PCE","1m",4.32104
"1992-11-01","Headline PCE","1m",2.390591
"1992-12-01","Headline PCE","1m",2.118192
"1993-01-01","Headline PCE","1m",2.956295
"1993-02-01","Headline PCE","1m",1.824445
"1993-03-01","Headline PCE","1m",2.486413
"1993-04-01","Headline PCE","1m",3.24424
"1993-05-01","Headline PCE","1m",3.771192
"1993-06-01","Headline PCE","1m",0.407331
"1993-07-01","Headline PCE","1m",1.93834
"1993-08-01","Headline PCE","1m",2.066694
"1993-09-01","Headline PCE","1m",1.259321
"1993-10-01","Headline PCE","1m",3.836666
"1993-11-01","Headline PCE","1m",2.29758
"1993-12-01","Headline PCE","1m",0.274874
"1994-01-01","Headline PCE","1m",0.403293
"1994-02-01","Headline PCE","1m",2.816023
"1994-03-01","Headline PCE","1m",3.353589
"1994-04-01","Headline PCE","1m",1.428809
"1994-05-01","Headline PCE","1m",1.759083
"1994-06-01","Headline PCE","1m",2.96182
"1994-07-01","Headline PCE","1m",3.85074
"1994-08-01","Headline PCE","1m",2.796918
"1994-09-01","Headline PCE","1m",1.340823
"1994-10-01","Headline PCE","1m",2.051786
"1994-11-01","Headline PCE","1m",2.304713
"1994-12-01","Headline PCE","1m",0.773476
"1995-01-01","Headline PCE","1m",2.463534
"1995-02-01","Headline PCE","1m",2.148176
"1995-03-01","Headline PCE","1m",2.235351
"1995-04-01","Headline PCE","1m",3.198697
"1995-05-01","Headline PCE","1m",1.863329
"1995-06-01","Headline PCE","1m",1.177017
"1995-07-01","Headline PCE","1m",1.516711
"1995-08-01","Headline PCE","1m",2.614818
"1995-09-01","Headline PCE","1m",0.833212
"1995-10-01","Headline PCE","1m",3.150714
"1995-11-01","Headline PCE","1m",-0.0352
"1995-12-01","Headline PCE","1m",2.330564
"1996-01-01","Headline PCE","1m",2.703503
"1996-02-01","Headline PCE","1m",1.909814
"1996-03-01","Headline PCE","1m",3.683878
"1996-04-01","Headline PCE","1m",3.65457
"1996-05-01","Headline PCE","1m",2.090135
"1996-06-01","Headline PCE","1m",-0.017367
"1996-07-01","Headline PCE","1m",2.565467
"1996-08-01","Headline PCE","1m",1.149913
"1996-09-01","Headline PCE","1m",3.447083
"1996-10-01","Headline PCE","1m",3.686822
"1996-11-01","Headline PCE","1m",2.155596
"1996-12-01","Headline PCE","1m",1.400806
"1997-01-01","Headline PCE","1m",1.573149
"1997-02-01","Headline PCE","1m",2.531586
"1997-03-01","Headline PCE","1m",1.273211
"1997-04-01","Headline PCE","1m",1.18546
"1997-05-01","Headline PCE","1m",-0.544911
"1997-06-01","Headline PCE","1m",1.547979
"1997-07-01","Headline PCE","1m",0.718755
"1997-08-01","Headline PCE","1m",0.958815
"1997-09-01","Headline PCE","1m",2.934412
"1997-10-01","Headline PCE","1m",1.574546
"1997-11-01","Headline PCE","1m",0.067902
"1997-12-01","Headline PCE","1m",-0.254243
"1998-01-01","Headline PCE","1m",0.595671
"1998-02-01","Headline PCE","1m",-0.625883
"1998-03-01","Headline PCE","1m",0.186867
"1998-04-01","Headline PCE","1m",1.503689
"1998-05-01","Headline PCE","1m",1.65656
"1998-06-01","Headline PCE","1m",-1.010872
"1998-07-01","Headline PCE","1m",3.005253
"1998-08-01","Headline PCE","1m",1.668733
"1998-09-01","Headline PCE","1m",-0.689715
"1998-10-01","Headline PCE","1m",2.66617
"1998-11-01","Headline PCE","1m",0.050557
"1998-12-01","Headline PCE","1m",1.219807
"1999-01-01","Headline PCE","1m",1.696121
"1999-02-01","Headline PCE","1m",-0.67022
"1999-03-01","Headline PCE","1m",0.911886
"1999-04-01","Headline PCE","1m",5.953895
"1999-05-01","Headline PCE","1m",0.788824
"1999-06-01","Headline PCE","1m",0.368288
"1999-07-01","Headline PCE","1m",3.238132
"1999-08-01","Headline PCE","1m",2.204789
"1999-09-01","Headline PCE","1m",4.393892
"1999-10-01","Headline PCE","1m",2.040747
"1999-11-01","Headline PCE","1m",1.080749
"1999-12-01","Headline PCE","1m",2.829668
"2000-01-01","Headline PCE","1m",3.314713
"2000-02-01","Headline PCE","1m",3.849124
"2000-03-01","Headline PCE","1m",5.271403
"2000-04-01","Headline PCE","1m",-0.991318
"2000-05-01","Headline PCE","1m",1.001243
"2000-06-01","Headline PCE","1m",4.141628
"2000-07-01","Headline PCE","1m",3.051881
"2000-08-01","Headline PCE","1m",-0.081118
"2000-09-01","Headline PCE","1m",5.285226
"2000-10-01","Headline PCE","1m",1.644546
"2000-11-01","Headline PCE","1m",1.691453
"2000-12-01","Headline PCE","1m",1.852853
"2001-01-01","Headline PCE","1m",5.966427
"2001-02-01","Headline PCE","1m",1.873583
"2001-03-01","Headline PCE","1m",0.111986
"2001-04-01","Headline PCE","1m",2.130987
"2001-05-01","Headline PCE","1m",3.206296
"2001-06-01","Headline PCE","1m",2.137797
"2001-07-01","Headline PCE","1m",-0.396534
"2001-08-01","Headline PCE","1m",-0.142966
"2001-09-01","Headline PCE","1m",-4.009989
"2001-10-01","Headline PCE","1m",4.310076
"2001-11-01","Headline PCE","1m",-0.807677
"2001-12-01","Headline PCE","1m",-1.233674
"2002-01-01","Headline PCE","1m",1.088149
"2002-02-01","Headline PCE","1m",2.039204
"2002-03-01","Headline PCE","1m",3.304803
"2002-04-01","Headline PCE","1m",5.138091
"2002-05-01","Headline PCE","1m",0.7915
"2002-06-01","Headline PCE","1m",1.507759
"2002-07-01","Headline PCE","1m",2.677099
"2002-08-01","Headline PCE","1m",2.38185
"2002-09-01","Headline PCE","1m",2.185072
"2002-10-01","Headline PCE","1m",2.213029
"2002-11-01","Headline PCE","1m",1.193656
"2002-12-01","Headline PCE","1m",1.160923
"2003-01-01","Headline PCE","1m",3.645288
"2003-02-01","Headline PCE","1m",5.170372
"2003-03-01","Headline PCE","1m",3.124118
"2003-04-01","Headline PCE","1m",-2.019026
"2003-05-01","Headline PCE","1m",-1.367763
"2003-06-01","Headline PCE","1m",1.308359
"2003-07-01","Headline PCE","1m",3.583874
"2003-08-01","Headline PCE","1m",4.131968
"2003-09-01","Headline PCE","1m",3.815179
"2003-10-01","Headline PCE","1m",0.153319
"2003-11-01","Headline PCE","1m",1.527189
"2003-12-01","Headline PCE","1m",2.679227
"2004-01-01","Headline PCE","1m",4.740927
"2004-02-01","Headline PCE","1m",2.584971
"2004-03-01","Headline PCE","1m",1.867151
"2004-04-01","Headline PCE","1m",2.250179
"2004-05-01","Headline PCE","1m",3.97244
"2004-06-01","Headline PCE","1m",3.476121
"2004-07-01","Headline PCE","1m",1.118038
"2004-08-01","Headline PCE","1m",0.617472
"2004-09-01","Headline PCE","1m",2.39755
"2004-10-01","Headline PCE","1m",5.276777
"2004-11-01","Headline PCE","1m",4.723377
"2004-12-01","Headline PCE","1m",0.64082
"2005-01-01","Headline PCE","1m",1.585646
"2005-02-01","Headline PCE","1m",3.388684
"2005-03-01","Headline PCE","1m",3.653945
"2005-04-01","Headline PCE","1m",3.414511
"2005-05-01","Headline PCE","1m",0.678547
"2005-06-01","Headline PCE","1m",0.75213
"2005-07-01","Headline PCE","1m",5.202067
"2005-08-01","Headline PCE","1m",4.950064
"2005-09-01","Headline PCE","1m",12.215817
"2005-10-01","Headline PCE","1m",1.935882
"2005-11-01","Headline PCE","1m",-2.477858
"2005-12-01","Headline PCE","1m",0
"2006-01-01","Headline PCE","1m",5.974964
"2006-02-01","Headline PCE","1m",0.72064
"2006-03-01","Headline PCE","1m",2.350758
"2006-04-01","Headline PCE","1m",5.718627
"2006-05-01","Headline PCE","1m",3.271442
"2006-06-01","Headline PCE","1m",2.999167
"2006-07-01","Headline PCE","1m",4.178754
"2006-08-01","Headline PCE","1m",3.84175
"2006-09-01","Headline PCE","1m",-3.098712
"2006-10-01","Headline PCE","1m",-2.79045
"2006-11-01","Headline PCE","1m",0.411627
"2006-12-01","Headline PCE","1m",4.347187
"2007-01-01","Headline PCE","1m",4.082352
"2007-02-01","Headline PCE","1m",3.791659
"2007-03-01","Headline PCE","1m",4.478193
"2007-04-01","Headline PCE","1m",2.858873
"2007-05-01","Headline PCE","1m",3.540674
"2007-06-01","Headline PCE","1m",2.573112
"2007-07-01","Headline PCE","1m",1.846038
"2007-08-01","Headline PCE","1m",0.820043
"2007-09-01","Headline PCE","1m",4.720943
"2007-10-01","Headline PCE","1m",3.700436
"2007-11-01","Headline PCE","1m",6.551835
"2007-12-01","Headline PCE","1m",2.810658
"2008-01-01","Headline PCE","1m",3.070197
"2008-02-01","Headline PCE","1m",2.420847
"2008-03-01","Headline PCE","1m",3.489691
"2008-04-01","Headline PCE","1m",2.243077
"2008-05-01","Headline PCE","1m",5.271962
"2008-06-01","Headline PCE","1m",9.061918
"2008-07-01","Headline PCE","1m",5.729224
"2008-08-01","Headline PCE","1m",-0.966384
"2008-09-01","Headline PCE","1m",1.002671
"2008-10-01","Headline PCE","1m",-7.643308
"2008-11-01","Headline PCE","1m",-13.277609
"2008-12-01","Headline PCE","1m",-6.502566
"2009-01-01","Headline PCE","1m",0.136297
"2009-02-01","Headline PCE","1m",2.173256
"2009-03-01","Headline PCE","1m",-1.310799
"2009-04-01","Headline PCE","1m",1.728432
"2009-05-01","Headline PCE","1m",1.257544
"2009-06-01","Headline PCE","1m",7.365273
"2009-07-01","Headline PCE","1m",0.135048
"2009-08-01","Headline PCE","1m",3.537804
"2009-09-01","Headline PCE","1m",1.954955
"2009-10-01","Headline PCE","1m",4.650482
"2009-11-01","Headline PCE","1m",3.039429
"2009-12-01","Headline PCE","1m",0.696418
"2010-01-01","Headline PCE","1m",2.660346
"2010-02-01","Headline PCE","1m",-0.026623
"2010-03-01","Headline PCE","1m",1.703981
"2010-04-01","Headline PCE","1m",0.653393
"2010-05-01","Headline PCE","1m",0.386021
"2010-06-01","Headline PCE","1m",-0.503599
"2010-07-01","Headline PCE","1m",1.028057
"2010-08-01","Headline PCE","1m",1.658899
"2010-09-01","Headline PCE","1m",1.199892
"2010-10-01","Headline PCE","1m",3.89604
"2010-11-01","Headline PCE","1m",2.416292
"2010-12-01","Headline PCE","1m",2.748666
"2011-01-01","Headline PCE","1m",3.662661
"2011-02-01","Headline PCE","1m",3.39442
"2011-03-01","Headline PCE","1m",4.931774
"2011-04-01","Headline PCE","1m",5.211294
"2011-05-01","Headline PCE","1m",3.704613
"2011-06-01","Headline PCE","1m",-0.245313
"2011-07-01","Headline PCE","1m",2.061918
"2011-08-01","Headline PCE","1m",2.863411
"2011-09-01","Headline PCE","1m",1.699869
"2011-10-01","Headline PCE","1m",0.025719
"2011-11-01","Headline PCE","1m",2.48366
"2011-12-01","Headline PCE","1m",0.695105
"2012-01-01","Headline PCE","1m",4.181776
"2012-02-01","Headline PCE","1m",2.71714
"2012-03-01","Headline PCE","1m",2.319635
"2012-04-01","Headline PCE","1m",1.589677
"2012-05-01","Headline PCE","1m",-1.339054
"2012-06-01","Headline PCE","1m",-0.609097
"2012-07-01","Headline PCE","1m",0.433733
"2012-08-01","Headline PCE","1m",4.109892
"2012-09-01","Headline PCE","1m",3.714873
"2012-10-01","Headline PCE","1m",3.611926
"2012-11-01","Headline PCE","1m",-0.81648
"2012-12-01","Headline PCE","1m",-0.189092
"2013-01-01","Headline PCE","1m",2.308119
"2013-02-01","Headline PCE","1m",4.354302
"2013-03-01","Headline PCE","1m",-1.569947
"2013-04-01","Headline PCE","1m",-1.212214
"2013-05-01","Headline PCE","1m",0.884149
"2013-06-01","Headline PCE","1m",2.697756
"2013-07-01","Headline PCE","1m",1.502837
"2013-08-01","Headline PCE","1m",1.793429
"2013-09-01","Headline PCE","1m",0.526628
"2013-10-01","Headline PCE","1m",1.599505
"2013-11-01","Headline PCE","1m",1.80027
"2013-12-01","Headline PCE","1m",2.114859
"2014-01-01","Headline PCE","1m",2.517863
"2014-02-01","Headline PCE","1m",0.572844
"2014-03-01","Headline PCE","1m",1.941333
"2014-04-01","Headline PCE","1m",2.152856
"2014-05-01","Headline PCE","1m",1.997708
"2014-06-01","Headline PCE","1m",1.317242
"2014-07-01","Headline PCE","1m",1.716127
"2014-08-01","Headline PCE","1m",-0.147757
"2014-09-01","Headline PCE","1m",0.419787
"2014-10-01","Headline PCE","1m",-0.356657
"2014-11-01","Headline PCE","1m",-1.139979
"2014-12-01","Headline PCE","1m",-2.088867
"2015-01-01","Headline PCE","1m",-5.60828
"2015-02-01","Headline PCE","1m",2.143818
"2015-03-01","Headline PCE","1m",2.291735
"2015-04-01","Headline PCE","1m",1.069032
"2015-05-01","Headline PCE","1m",2.917997
"2015-06-01","Headline PCE","1m",2.355339
"2015-07-01","Headline PCE","1m",1.100719
"2015-08-01","Headline PCE","1m",0.086095
"2015-09-01","Headline PCE","1m",-1.647066
"2015-10-01","Headline PCE","1m",0
"2015-11-01","Headline PCE","1m",0.753536
"2015-12-01","Headline PCE","1m",-1.004186
"2016-01-01","Headline PCE","1m",0.493643
"2016-02-01","Headline PCE","1m",-0.625915
"2016-03-01","Headline PCE","1m",2.844153
"2016-04-01","Headline PCE","1m",4.003108
"2016-05-01","Headline PCE","1m",1.977015
"2016-06-01","Headline PCE","1m",2.123225
"2016-07-01","Headline PCE","1m",0.207673
"2016-08-01","Headline PCE","1m",1.684585
"2016-09-01","Headline PCE","1m",2.302608
"2016-10-01","Headline PCE","1m",2.484627
"2016-11-01","Headline PCE","1m",0.40127
"2016-12-01","Headline PCE","1m",2.082281
"2017-01-01","Headline PCE","1m",4.701112
"2017-02-01","Headline PCE","1m",1.64116
"2017-03-01","Headline PCE","1m",-0.612816
"2017-04-01","Headline PCE","1m",2.314854
"2017-05-01","Headline PCE","1m",-0.516198
"2017-06-01","Headline PCE","1m",1.015916
"2017-07-01","Headline PCE","1m",0.44595
"2017-08-01","Headline PCE","1m",2.726803
"2017-09-01","Headline PCE","1m",4.567718
"2017-10-01","Headline PCE","1m",1.577022
"2017-11-01","Headline PCE","1m",1.732479
"2017-12-01","Headline PCE","1m",1.754201
"2018-01-01","Headline PCE","1m",4.593006
"2018-02-01","Headline PCE","1m",2.603713
"2018-03-01","Headline PCE","1m",1.285416
"2018-04-01","Headline PCE","1m",2.898207
"2018-05-01","Headline PCE","1m",2.083187
"2018-06-01","Headline PCE","1m",1.040826
"2018-07-01","Headline PCE","1m",1.277648
"2018-08-01","Headline PCE","1m",0.83737
"2018-09-01","Headline PCE","1m",2.493614
"2018-10-01","Headline PCE","1m",2.093681
"2018-11-01","Headline PCE","1m",0.410146
"2018-12-01","Headline PCE","1m",0.833333
"2019-01-01","Headline PCE","1m",-0.617519
"2019-02-01","Headline PCE","1m",2.220077
"2019-03-01","Headline PCE","1m",2.753031
"2019-04-01","Headline PCE","1m",3.441131
"2019-05-01","Headline PCE","1m",0.874227
"2019-06-01","Headline PCE","1m",0.569956
"2019-07-01","Headline PCE","1m",1.612037
"2019-08-01","Headline PCE","1m",0.557285
"2019-09-01","Headline PCE","1m",0.731679
"2019-10-01","Headline PCE","1m",2.14943
"2019-11-01","Headline PCE","1m",1.242623
"2019-12-01","Headline PCE","1m",3.313925
"2020-01-01","Headline PCE","1m",2.125758
"2020-02-01","Headline PCE","1m",0.957377
"2020-03-01","Headline PCE","1m",-3.411003
"2020-04-01","Headline PCE","1m",-4.870916
"2020-05-01","Headline PCE","1m",1.208515
"2020-06-01","Headline PCE","1m",3.853145
"2020-07-01","Headline PCE","1m",3.602802
"2020-08-01","Headline PCE","1m",3.402546
"2020-09-01","Headline PCE","1m",2.160903
"2020-10-01","Headline PCE","1m",1.079002
"2020-11-01","Headline PCE","1m",1.227958
"2020-12-01","Headline PCE","1m",5.145134
"2021-01-01","Headline PCE","1m",4.23525
"2021-02-01","Headline PCE","1m",4.337925
"2021-03-01","Headline PCE","1m",6.71447
"2021-04-01","Headline PCE","1m",6.154811
"2021-05-01","Headline PCE","1m",5.911532
"2021-06-01","Headline PCE","1m",6.857866
"2021-07-01","Headline PCE","1m",5.59363
"2021-08-01","Headline PCE","1m",4.911064
"2021-09-01","Headline PCE","1m",3.888842
"2021-10-01","Headline PCE","1m",8.523413
"2021-11-01","Headline PCE","1m",8.26497
"2021-12-01","Headline PCE","1m",7.263023
"2022-01-01","Headline PCE","1m",6.502577
"2022-02-01","Headline PCE","1m",7.62377
"2022-03-01","Headline PCE","1m",11.756629
"2022-04-01","Headline PCE","1m",2.793274
"2022-05-01","Headline PCE","1m",7.720687
"2022-06-01","Headline PCE","1m",12.184542
"2022-07-01","Headline PCE","1m",1.430608
"2022-08-01","Headline PCE","1m",2.85539
"2022-09-01","Headline PCE","1m",4.002354
"2022-10-01","Headline PCE","1m",6.259294
"2022-11-01","Headline PCE","1m",3.295518
"2022-12-01","Headline PCE","1m",1.543536
"2023-01-01","Headline PCE","1m",5.891171
"2023-02-01","Headline PCE","1m",3.349546
"2023-03-01","Headline PCE","1m",3.050257
"2023-04-01","Headline PCE","1m",3.280043
"2023-05-01","Headline PCE","1m",2.45961
"2023-06-01","Headline PCE","1m",2.843378
"2023-07-01","Headline PCE","1m",1.61637
"2023-08-01","Headline PCE","1m",3.776156
"2023-09-01","Headline PCE","1m",4.650447
"2023-10-01","Headline PCE","1m",1.532868
"2023-11-01","Headline PCE","1m",0.782675
"2023-12-01","Headline PCE","1m",1.230204
"2024-01-01","Headline PCE","1m",4.485176
"2024-02-01","Headline PCE","1m",4.070555
"2024-03-01","Headline PCE","1m",4.800186
"2024-04-01","Headline PCE","1m",1.927573
"2024-05-01","Headline PCE","1m",0.781443
"2024-06-01","Headline PCE","1m",1.321066
"2024-07-01","Headline PCE","1m",1.93099
"2024-08-01","Headline PCE","1m",1.858805
"2024-09-01","Headline PCE","1m",2.498066
"2024-10-01","Headline PCE","1m",3.296573
"2024-11-01","Headline PCE","1m",1.788242
"2024-12-01","Headline PCE","1m",3.10429
"2025-01-01","Headline PCE","1m",4.297327
"2025-02-01","Headline PCE","1m",3.370952
"2025-03-01","Headline PCE","1m",0.948682
"2025-04-01","Headline PCE","1m",2.839204
"2025-05-01","Headline PCE","1m",2.35537
"2025-06-01","Headline PCE","1m",3.09996
"2025-07-01","Headline PCE","1m",1.679324
"2025-08-01","Headline PCE","1m",3.097349
"2025-09-01","Headline PCE","1m",3.565611
"2025-10-01","Headline PCE","1m",1.791967
"2025-11-01","Headline PCE","1m",2.421009
"2025-12-01","Headline PCE","1m",3.910795
"2026-01-01","Headline PCE","1m",3.704757
"2026-02-01","Headline PCE","1m",4.25318
"2026-03-01","Headline PCE","1m",7.802217
"2026-04-01","Headline PCE","1m",5.35681
"2026-05-01","Headline PCE","1m",5.352273
"2026-06-01","Headline PCE","1m",-1.227411
"2026-07-01","Headline PCE","1m",0.605767
"2026-08-01","Headline PCE","1m",3.787558
"1959-04-01","Headline PCE","3m",1.458717
"1959-05-01","Headline PCE","3m",1.270918
"1959-06-01","Headline PCE","3m",2.177008
"1959-07-01","Headline PCE","3m",2.226112
"1959-08-01","Headline PCE","3m",2.599334
"1959-09-01","Headline PCE","3m",2.48501
"1959-10-01","Headline PCE","3m",2.612948
"1959-11-01","Headline PCE","3m",2.29021
"1959-12-01","Headline PCE","3m",1.702926
"1960-01-01","Headline PCE","3m",0.494356
"1960-02-01","Headline PCE","3m",0.650426
"1960-03-01","Headline PCE","3m",0.415422
"1960-04-01","Headline PCE","3m",2.117643
"1960-05-01","Headline PCE","3m",2.115431
"1960-06-01","Headline PCE","3m",2.061586
"1960-07-01","Headline PCE","3m",1.322468
"1960-08-01","Headline PCE","3m",1.581663
"1960-09-01","Headline PCE","3m",1.633095
"1960-10-01","Headline PCE","3m",1.370064
"1960-11-01","Headline PCE","3m",2.069923
"1960-12-01","Headline PCE","3m",1.912461
"1961-01-01","Headline PCE","3m",1.520836
"1961-02-01","Headline PCE","3m",0.511868
"1961-03-01","Headline PCE","3m",0.204473
"1961-04-01","Headline PCE","3m",-0.102099
"1961-05-01","Headline PCE","3m",-0.229409
"1961-06-01","Headline PCE","3m",0.178805
"1961-07-01","Headline PCE","3m",1.283186
"1961-08-01","Headline PCE","3m",1.385572
"1961-09-01","Headline PCE","3m",1.668824
"1961-10-01","Headline PCE","3m",0.765987
"1961-11-01","Headline PCE","3m",0.458686
"1961-12-01","Headline PCE","3m",0.101678
"1962-01-01","Headline PCE","3m",0.892368
"1962-02-01","Headline PCE","3m",1.94517
"1962-03-01","Headline PCE","3m",2.383518
"1962-04-01","Headline PCE","3m",2.069624
"1962-05-01","Headline PCE","3m",1.244864
"1962-06-01","Headline PCE","3m",0.963116
"1962-07-01","Headline PCE","3m",0.277769
"1962-08-01","Headline PCE","3m",0.606403
"1962-09-01","Headline PCE","3m",2.338042
"1962-10-01","Headline PCE","3m",2.159955
"1962-11-01","Headline PCE","3m",1.850219
"1962-12-01","Headline PCE","3m",-0.275249
"1963-01-01","Headline PCE","3m",1.107813
"1963-02-01","Headline PCE","3m",1.258717
"1963-03-01","Headline PCE","3m",1.082194
"1963-04-01","Headline PCE","3m",0.075035
"1963-05-01","Headline PCE","3m",0.300075
"1963-06-01","Headline PCE","3m",1.508364
"1963-07-01","Headline PCE","3m",2.34535
"1963-08-01","Headline PCE","3m",2.239964
"1963-09-01","Headline PCE","3m",1.27622
"1963-10-01","Headline PCE","3m",1.24858
"1963-11-01","Headline PCE","3m",1.271923
"1963-12-01","Headline PCE","3m",1.950552
"1964-01-01","Headline PCE","3m",2.022219
"1964-02-01","Headline PCE","3m",2.01932
"1964-03-01","Headline PCE","3m",1.665647
"1964-04-01","Headline PCE","3m",1.114092
"1964-05-01","Headline PCE","3m",0.592189
"1964-06-01","Headline PCE","3m",0.91349
"1964-07-01","Headline PCE","3m",1.135791
"1964-08-01","Headline PCE","3m",1.383806
"1964-09-01","Headline PCE","3m",1.431457
"1964-10-01","Headline PCE","3m",1.157303
"1964-11-01","Headline PCE","3m",1.428549
"1964-12-01","Headline PCE","3m",1.401632
"1965-01-01","Headline PCE","3m",1.598542
"1965-02-01","Headline PCE","3m",1.201593
"1965-03-01","Headline PCE","3m",1.12606
"1965-04-01","Headline PCE","3m",1.321406
"1965-05-01","Headline PCE","3m",2.060271
"1965-06-01","Headline PCE","3m",2.725693
"1965-07-01","Headline PCE","3m",2.375092
"1965-08-01","Headline PCE","3m",1.558855
"1965-09-01","Headline PCE","3m",0.580761
"1965-10-01","Headline PCE","3m",0.410814
"1965-11-01","Headline PCE","3m",0.992698
"1965-12-01","Headline PCE","3m",2.26124
"1966-01-01","Headline PCE","3m",2.628716
"1966-02-01","Headline PCE","3m",3.633889
"1966-03-01","Headline PCE","3m",3.153568
"1966-04-01","Headline PCE","3m",4.084336
"1966-05-01","Headline PCE","3m",2.892774
"1966-06-01","Headline PCE","3m",2.909951
"1966-07-01","Headline PCE","3m",2.295596
"1966-08-01","Headline PCE","3m",3.356621
"1966-09-01","Headline PCE","3m",3.639041
"1966-10-01","Headline PCE","3m",3.922748
"1966-11-01","Headline PCE","3m",2.944123
"1966-12-01","Headline PCE","3m",2.504753
"1967-01-01","Headline PCE","3m",1.455546
"1967-02-01","Headline PCE","3m",1.335619
"1967-03-01","Headline PCE","3m",0.699828
"1967-04-01","Headline PCE","3m",1.35623
"1967-05-01","Headline PCE","3m",1.660152
"1967-06-01","Headline PCE","3m",2.745272
"1967-07-01","Headline PCE","3m",3.452313
"1967-08-01","Headline PCE","3m",3.945044
"1967-09-01","Headline PCE","3m",3.884864
"1967-10-01","Headline PCE","3m",3.635148
"1967-11-01","Headline PCE","3m",3.717942
"1967-12-01","Headline PCE","3m",3.120702
"1968-01-01","Headline PCE","3m",3.883495
"1968-02-01","Headline PCE","3m",4.198061
"1968-03-01","Headline PCE","3m",4.894614
"1968-04-01","Headline PCE","3m",4.264728
"1968-05-01","Headline PCE","3m",4.10812
"1968-06-01","Headline PCE","3m",4.094572
"1968-07-01","Headline PCE","3m",4.05856
"1968-08-01","Headline PCE","3m",4.226963
"1968-09-01","Headline PCE","3m",4.327604
"1968-10-01","Headline PCE","3m",4.886085
"1968-11-01","Headline PCE","3m",4.592197
"1968-12-01","Headline PCE","3m",4.009755
"1969-01-01","Headline PCE","3m",3.812054
"1969-02-01","Headline PCE","3m",3.463457
"1969-03-01","Headline PCE","3m",4.553023
"1969-04-01","Headline PCE","3m",4.758983
"1969-05-01","Headline PCE","3m",5.374156
"1969-06-01","Headline PCE","3m",5.437969
"1969-07-01","Headline PCE","3m",5.435904
"1969-08-01","Headline PCE","3m",4.904678
"1969-09-01","Headline PCE","3m",4.61704
"1969-10-01","Headline PCE","3m",4.203861
"1969-11-01","Headline PCE","3m",4.867101
"1969-12-01","Headline PCE","3m",5.042297
"1970-01-01","Headline PCE","3m",5.11162
"1970-02-01","Headline PCE","3m",4.959587
"1970-03-01","Headline PCE","3m",4.080039
"1970-04-01","Headline PCE","3m",4.70484
"1970-05-01","Headline PCE","3m",4.367065
"1970-06-01","Headline PCE","3m",4.41969
"1970-07-01","Headline PCE","3m",3.829104
"1970-08-01","Headline PCE","3m",3.607794
"1970-09-01","Headline PCE","3m",4.39235
"1970-10-01","Headline PCE","3m",4.940911
"1970-11-01","Headline PCE","3m",5.493273
"1970-12-01","Headline PCE","3m",5.468246
"1971-01-01","Headline PCE","3m",4.281598
"1971-02-01","Headline PCE","3m",3.854545
"1971-03-01","Headline PCE","3m",3.389786
"1971-04-01","Headline PCE","3m",4.134345
"1971-05-01","Headline PCE","3m",4.651327
"1971-06-01","Headline PCE","3m",5.124356
"1971-07-01","Headline PCE","3m",4.738807
"1971-08-01","Headline PCE","3m",4.215474
"1971-09-01","Headline PCE","3m",3.001337
"1971-10-01","Headline PCE","3m",2.400303
"1971-11-01","Headline PCE","3m",2.059985
"1971-12-01","Headline PCE","3m",3.05775
"1972-01-01","Headline PCE","3m",4.11905
"1972-02-01","Headline PCE","3m",4.903719
"1972-03-01","Headline PCE","3m",3.857925
"1972-04-01","Headline PCE","3m",2.78863
"1972-05-01","Headline PCE","3m",2.082617
"1972-06-01","Headline PCE","3m",2.118096
"1972-07-01","Headline PCE","3m",2.962409
"1972-08-01","Headline PCE","3m",3.245251
"1972-09-01","Headline PCE","3m",4.480354
"1972-10-01","Headline PCE","3m",3.459429
"1972-11-01","Headline PCE","3m",3.487661
"1972-12-01","Headline PCE","3m",2.956835
"1973-01-01","Headline PCE","3m",3.735449
"1973-02-01","Headline PCE","3m",4.680891
"1973-03-01","Headline PCE","3m",6.321149
"1973-04-01","Headline PCE","3m",8.206045
"1973-05-01","Headline PCE","3m",8.06465
"1973-06-01","Headline PCE","3m",7.466849
"1973-07-01","Headline PCE","3m",5.854883
"1973-08-01","Headline PCE","3m",8.669166
"1973-09-01","Headline PCE","3m",7.915967
"1973-10-01","Headline PCE","3m",8.795014
"1973-11-01","Headline PCE","3m",7.366003
"1973-12-01","Headline PCE","3m",9.198764
"1974-01-01","Headline PCE","3m",10.907471
"1974-02-01","Headline PCE","3m",12.431773
"1974-03-01","Headline PCE","3m",13.9455
"1974-04-01","Headline PCE","3m",12.817017
"1974-05-01","Headline PCE","3m",12.020816
"1974-06-01","Headline PCE","3m",10.653077
"1974-07-01","Headline PCE","3m",10.789191
"1974-08-01","Headline PCE","3m",11.050529
"1974-09-01","Headline PCE","3m",11.884955
"1974-10-01","Headline PCE","3m",11.794319
"1974-11-01","Headline PCE","3m",10.49617
"1974-12-01","Headline PCE","3m",9.420486
"1975-01-01","Headline PCE","3m",9.000384
"1975-02-01","Headline PCE","3m",8.105889
"1975-03-01","Headline PCE","3m",6.175577
"1975-04-01","Headline PCE","3m",4.988918
"1975-05-01","Headline PCE","3m",4.394275
"1975-06-01","Headline PCE","3m",5.59091
"1975-07-01","Headline PCE","3m",7.793951
"1975-08-01","Headline PCE","3m",7.937302
"1975-09-01","Headline PCE","3m",7.380448
"1975-10-01","Headline PCE","3m",6.209389
"1975-11-01","Headline PCE","3m",7.096816
"1975-12-01","Headline PCE","3m",7.339794
"1976-01-01","Headline PCE","3m",6.481794
"1976-02-01","Headline PCE","3m",4.324344
"1976-03-01","Headline PCE","3m",2.669876
"1976-04-01","Headline PCE","3m",2.044635
"1976-05-01","Headline PCE","3m",3.464775
"1976-06-01","Headline PCE","3m",4.657098
"1976-07-01","Headline PCE","3m",5.836624
"1976-08-01","Headline PCE","3m",6.150736
"1976-09-01","Headline PCE","3m",6.673266
"1976-10-01","Headline PCE","3m",6.742508
"1976-11-01","Headline PCE","3m",6.33667
"1976-12-01","Headline PCE","3m",6.329703
"1977-01-01","Headline PCE","3m",6.572492
"1977-02-01","Headline PCE","3m",7.969993
"1977-03-01","Headline PCE","3m",7.720673
"1977-04-01","Headline PCE","3m",7.718193
"1977-05-01","Headline PCE","3m",6.542842
"1977-06-01","Headline PCE","3m",6.792655
"1977-07-01","Headline PCE","3m",6.527217
"1977-08-01","Headline PCE","3m",6.353663
"1977-09-01","Headline PCE","3m",5.582657
"1977-10-01","Headline PCE","3m",5.360902
"1977-11-01","Headline PCE","3m",5.814784
"1977-12-01","Headline PCE","3m",6.271379
"1978-01-01","Headline PCE","3m",6.802092
"1978-02-01","Headline PCE","3m",6.340956
"1978-03-01","Headline PCE","3m",7.027117
"1978-04-01","Headline PCE","3m",7.74223
"1978-05-01","Headline PCE","3m",8.816215
"1978-06-01","Headline PCE","3m",8.838733
"1978-07-01","Headline PCE","3m",7.92808
"1978-08-01","Headline PCE","3m",7.039326
"1978-09-01","Headline PCE","3m",6.679367
"1978-10-01","Headline PCE","3m",7.747944
"1978-11-01","Headline PCE","3m",8.006898
"1978-12-01","Headline PCE","3m",7.5727
"1979-01-01","Headline PCE","3m",7.396053
"1979-02-01","Headline PCE","3m",7.251618
"1979-03-01","Headline PCE","3m",8.601374
"1979-04-01","Headline PCE","3m",9.844738
"1979-05-01","Headline PCE","3m",12.056322
"1979-06-01","Headline PCE","3m",12.253277
"1979-07-01","Headline PCE","3m",11.010385
"1979-08-01","Headline PCE","3m",9.827326
"1979-09-01","Headline PCE","3m",10.074874
"1979-10-01","Headline PCE","3m",10.312674
"1979-11-01","Headline PCE","3m",10.001878
"1979-12-01","Headline PCE","3m",9.815563
"1980-01-01","Headline PCE","3m",10.827817
"1980-02-01","Headline PCE","3m",12.551001
"1980-03-01","Headline PCE","3m",14.295903
"1980-04-01","Headline PCE","3m",11.931448
"1980-05-01","Headline PCE","3m",10.58633
"1980-06-01","Headline PCE","3m",8.000488
"1980-07-01","Headline PCE","3m",9.105082
"1980-08-01","Headline PCE","3m",9.343394
"1980-09-01","Headline PCE","3m",10.624816
"1980-10-01","Headline PCE","3m",10.727727
"1980-11-01","Headline PCE","3m",10.646707
"1980-12-01","Headline PCE","3m",9.442039
"1981-01-01","Headline PCE","3m",10.135896
"1981-02-01","Headline PCE","3m",11.001901
"1981-03-01","Headline PCE","3m",11.215815
"1981-04-01","Headline PCE","3m",8.925678
"1981-05-01","Headline PCE","3m",6.516607
"1981-06-01","Headline PCE","3m",5.259477
"1981-07-01","Headline PCE","3m",5.962203
"1981-08-01","Headline PCE","3m",6.711232
"1981-09-01","Headline PCE","3m",7.591087
"1981-10-01","Headline PCE","3m",6.949285
"1981-11-01","Headline PCE","3m",6.571095
"1981-12-01","Headline PCE","3m",5.317462
"1982-01-01","Headline PCE","3m",5.909926
"1982-02-01","Headline PCE","3m",4.920294
"1982-03-01","Headline PCE","3m",4.705307
"1982-04-01","Headline PCE","3m",2.457742
"1982-05-01","Headline PCE","3m",3.659496
"1982-06-01","Headline PCE","3m",5.611197
"1982-07-01","Headline PCE","3m",7.922229
"1982-08-01","Headline PCE","3m",6.705501
"1982-09-01","Headline PCE","3m",4.818039
"1982-10-01","Headline PCE","3m",4.687845
"1982-11-01","Headline PCE","3m",4.654799
"1982-12-01","Headline PCE","3m",4.1303
"1983-01-01","Headline PCE","3m",3.735793
"1983-02-01","Headline PCE","3m",3.193787
"1983-03-01","Headline PCE","3m",3.09931
"1983-04-01","Headline PCE","3m",3.058025
"1983-05-01","Headline PCE","3m",3.525135
"1983-06-01","Headline PCE","3m",4.540723
"1983-07-01","Headline PCE","3m",4.99437
"1983-08-01","Headline PCE","3m",5.59849
"1983-09-01","Headline PCE","3m",5.505691
"1983-10-01","Headline PCE","3m",3.85634
"1983-11-01","Headline PCE","3m",2.680724
"1983-12-01","Headline PCE","3m",1.474653
"1984-01-01","Headline PCE","3m",2.554526
"1984-02-01","Headline PCE","3m",4.747162
"1984-03-01","Headline PCE","3m",5.894826
"1984-04-01","Headline PCE","3m",5.667015
"1984-05-01","Headline PCE","3m",3.392076
"1984-06-01","Headline PCE","3m",2.776094
"1984-07-01","Headline PCE","3m",2.680817
"1984-08-01","Headline PCE","3m",3.423013
"1984-09-01","Headline PCE","3m",3.247346
"1984-10-01","Headline PCE","3m",2.747036
"1984-11-01","Headline PCE","3m",2.069554
"1984-12-01","Headline PCE","3m",2.667846
"1985-01-01","Headline PCE","3m",3.750944
"1985-02-01","Headline PCE","3m",5.096336
"1985-03-01","Headline PCE","3m",5.556216
"1985-04-01","Headline PCE","3m",4.07494
"1985-05-01","Headline PCE","3m",3.135801
"1985-06-01","Headline PCE","3m",2.647035
"1985-07-01","Headline PCE","3m",3.061366
"1985-08-01","Headline PCE","3m",3.447856
"1985-09-01","Headline PCE","3m",3.021155
"1985-10-01","Headline PCE","3m",2.69627
"1985-11-01","Headline PCE","3m",2.533448
"1985-12-01","Headline PCE","3m",3.217558
"1986-01-01","Headline PCE","3m",4.433362
"1986-02-01","Headline PCE","3m",3.226965
"1986-03-01","Headline PCE","3m",0.963145
"1986-04-01","Headline PCE","3m",-1.680635
"1986-05-01","Headline PCE","3m",-0.959647
"1986-06-01","Headline PCE","3m",1.412109
"1986-07-01","Headline PCE","3m",2.347988
"1986-08-01","Headline PCE","3m",2.112248
"1986-09-01","Headline PCE","3m",1.929705
"1986-10-01","Headline PCE","3m",2.557194
"1986-11-01","Headline PCE","3m",2.776955
"1986-12-01","Headline PCE","3m",1.999409
"1987-01-01","Headline PCE","3m",3.191637
"1987-02-01","Headline PCE","3m",3.902291
"1987-03-01","Headline PCE","3m",4.431838
"1987-04-01","Headline PCE","3m",4.029115
"1987-05-01","Headline PCE","3m",3.627716
"1987-06-01","Headline PCE","3m",4.098766
"1987-07-01","Headline PCE","3m",3.510339
"1987-08-01","Headline PCE","3m",4.09633
"1987-09-01","Headline PCE","3m",3.924425
"1987-10-01","Headline PCE","3m",4.28175
"1987-11-01","Headline PCE","3m",3.42727
"1987-12-01","Headline PCE","3m",2.800723
"1988-01-01","Headline PCE","3m",3.090214
"1988-02-01","Headline PCE","3m",2.923845
"1988-03-01","Headline PCE","3m",3.575499
"1988-04-01","Headline PCE","3m",3.981717
"1988-05-01","Headline PCE","3m",4.572941
"1988-06-01","Headline PCE","3m",4.916864
"1988-07-01","Headline PCE","3m",4.91553
"1988-08-01","Headline PCE","3m",4.93906
"1988-09-01","Headline PCE","3m",5.198282
"1988-10-01","Headline PCE","3m",4.532264
"1988-11-01","Headline PCE","3m",4.26409
"1988-12-01","Headline PCE","3m",3.537801
"1989-01-01","Headline PCE","3m",4.310677
"1989-02-01","Headline PCE","3m",4.730673
"1989-03-01","Headline PCE","3m",4.982482
"1989-04-01","Headline PCE","3m",5.622219
"1989-05-01","Headline PCE","3m",5.758428
"1989-06-01","Headline PCE","3m",5.111769
"1989-07-01","Headline PCE","3m",3.339917
"1989-08-01","Headline PCE","3m",1.89453
"1989-09-01","Headline PCE","3m",1.911602
"1989-10-01","Headline PCE","3m",2.529786
"1989-11-01","Headline PCE","3m",3.376065
"1989-12-01","Headline PCE","3m",3.653558
"1990-01-01","Headline PCE","3m",5.175431
"1990-02-01","Headline PCE","3m",6.113438
"1990-03-01","Headline PCE","3m",6.48446
"1990-04-01","Headline PCE","3m",4.190461
"1990-05-01","Headline PCE","3m",3.297913
"1990-06-01","Headline PCE","3m",3.563326
"1990-07-01","Headline PCE","3m",3.715498
"1990-08-01","Headline PCE","3m",5.549569
"1990-09-01","Headline PCE","3m",6.274929
"1990-10-01","Headline PCE","3m",7.661482
"1990-11-01","Headline PCE","3m",5.376694
"1990-12-01","Headline PCE","3m",3.213403
"1991-01-01","Headline PCE","3m",2.429281
"1991-02-01","Headline PCE","3m",2.118851
"1991-03-01","Headline PCE","3m",1.823812
"1991-04-01","Headline PCE","3m",1.017311
"1991-05-01","Headline PCE","3m",2.493243
"1991-06-01","Headline PCE","3m",3.099701
"1991-07-01","Headline PCE","3m",3.000641
"1991-08-01","Headline PCE","3m",2.259668
"1991-09-01","Headline PCE","3m",2.976407
"1991-10-01","Headline PCE","3m",3.097475
"1991-11-01","Headline PCE","3m",3.043943
"1991-12-01","Headline PCE","3m",2.658699
"1992-01-01","Headline PCE","3m",2.450732
"1992-02-01","Headline PCE","3m",2.588989
"1992-03-01","Headline PCE","3m",2.5564
"1992-04-01","Headline PCE","3m",3.10718
"1992-05-01","Headline PCE","3m",2.611299
"1992-06-01","Headline PCE","3m",2.346054
"1992-07-01","Headline PCE","3m",2.591389
"1992-08-01","Headline PCE","3m",2.594363
"1992-09-01","Headline PCE","3m",2.53822
"1992-10-01","Headline PCE","3m",2.632484
"1992-11-01","Headline PCE","3m",2.892077
"1992-12-01","Headline PCE","3m",2.938624
"1993-01-01","Headline PCE","3m",2.487765
"1993-02-01","Headline PCE","3m",2.298522
"1993-03-01","Headline PCE","3m",2.421331
"1993-04-01","Headline PCE","3m",2.516725
"1993-05-01","Headline PCE","3m",3.165933
"1993-06-01","Headline PCE","3m",2.463539
"1993-07-01","Headline PCE","3m",2.029697
"1993-08-01","Headline PCE","3m",1.467979
"1993-09-01","Headline PCE","3m",1.754167
"1993-10-01","Headline PCE","3m",2.381919
"1993-11-01","Headline PCE","3m",2.45906
"1993-12-01","Headline PCE","3m",2.125942
"1994-01-01","Headline PCE","3m",0.9877
"1994-02-01","Headline PCE","3m",1.158014
"1994-03-01","Headline PCE","3m",2.182873
"1994-04-01","Headline PCE","3m",2.529592
"1994-05-01","Headline PCE","3m",2.17705
"1994-06-01","Headline PCE","3m",2.047783
"1994-07-01","Headline PCE","3m",2.853639
"1994-08-01","Headline PCE","3m",3.202123
"1994-09-01","Headline PCE","3m",2.657663
"1994-10-01","Headline PCE","3m",2.061444
"1994-11-01","Headline PCE","3m",1.898289
"1994-12-01","Headline PCE","3m",1.707777
"1995-01-01","Headline PCE","3m",1.84438
"1995-02-01","Headline PCE","3m",1.79241
"1995-03-01","Headline PCE","3m",2.282267
"1995-04-01","Headline PCE","3m",2.526305
"1995-05-01","Headline PCE","3m",2.430916
"1995-06-01","Headline PCE","3m",2.076237
"1995-07-01","Headline PCE","3m",1.518632
"1995-08-01","Headline PCE","3m",1.76767
"1995-09-01","Headline PCE","3m",1.652268
"1995-10-01","Headline PCE","3m",2.194763
"1995-11-01","Headline PCE","3m",1.307356
"1995-12-01","Headline PCE","3m",1.806358
"1996-01-01","Headline PCE","3m",1.659017
"1996-02-01","Headline PCE","3m",2.314113
"1996-03-01","Headline PCE","3m",2.763171
"1996-04-01","Headline PCE","3m",3.079404
"1996-05-01","Headline PCE","3m",3.140165
"1996-06-01","Headline PCE","3m",1.897986
"1996-07-01","Headline PCE","3m",1.539847
"1996-08-01","Headline PCE","3m",1.227167
"1996-09-01","Headline PCE","3m",2.383108
"1996-10-01","Headline PCE","3m",2.754877
"1996-11-01","Headline PCE","3m",3.094301
"1996-12-01","Headline PCE","3m",2.410003
"1997-01-01","Headline PCE","3m",1.709338
"1997-02-01","Headline PCE","3m",1.833968
"1997-03-01","Headline PCE","3m",1.791237
"1997-04-01","Headline PCE","3m",1.661564
"1997-05-01","Headline PCE","3m",0.634424
"1997-06-01","Headline PCE","3m",0.725354
"1997-07-01","Headline PCE","3m",0.570254
"1997-08-01","Headline PCE","3m",1.074583
"1997-09-01","Headline PCE","3m",1.532495
"1997-10-01","Headline PCE","3m",1.819253
"1997-11-01","Headline PCE","3m",1.518866
"1997-12-01","Headline PCE","3m",0.459583
"1998-01-01","Headline PCE","3m",0.135831
"1998-02-01","Headline PCE","3m",-0.096125
"1998-03-01","Headline PCE","3m",0.050928
"1998-04-01","Headline PCE","3m",0.351061
"1998-05-01","Headline PCE","3m",1.113547
"1998-06-01","Headline PCE","3m",0.708991
"1998-07-01","Headline PCE","3m",1.203165
"1998-08-01","Headline PCE","3m",1.207204
"1998-09-01","Headline PCE","3m",1.316537
"1998-10-01","Headline PCE","3m",1.20524
"1998-11-01","Headline PCE","3m",0.665433
"1998-12-01","Headline PCE","3m",1.306535
"1999-01-01","Headline PCE","3m",0.986457
"1999-02-01","Headline PCE","3m",0.743366
"1999-03-01","Headline PCE","3m",0.641105
"1999-04-01","Headline PCE","3m",2.026481
"1999-05-01","Headline PCE","3m",2.523607
"1999-06-01","Headline PCE","3m",2.339182
"1999-07-01","Headline PCE","3m",1.457232
"1999-08-01","Headline PCE","3m",1.930143
"1999-09-01","Headline PCE","3m",3.275068
"1999-10-01","Headline PCE","3m",2.874243
"1999-11-01","Headline PCE","3m",2.495718
"1999-12-01","Headline PCE","3m",1.981212
"2000-01-01","Headline PCE","3m",2.403866
"2000-02-01","Headline PCE","3m",3.33033
"2000-03-01","Headline PCE","3m",4.141815
"2000-04-01","Headline PCE","3m",2.674401
"2000-05-01","Headline PCE","3m",1.727133
"2000-06-01","Headline PCE","3m",1.361911
"2000-07-01","Headline PCE","3m",2.723309
"2000-08-01","Headline PCE","3m",2.355052
"2000-09-01","Headline PCE","3m",2.728349
"2000-10-01","Headline PCE","3m",2.258565
"2000-11-01","Headline PCE","3m",2.859716
"2000-12-01","Headline PCE","3m",1.729578
"2001-01-01","Headline PCE","3m",3.151444
"2001-02-01","Headline PCE","3m",3.212989
"2001-03-01","Headline PCE","3m",2.621569
"2001-04-01","Headline PCE","3m",1.368199
"2001-05-01","Headline PCE","3m",1.808319
"2001-06-01","Headline PCE","3m",2.49045
"2001-07-01","Headline PCE","3m",1.637906
"2001-08-01","Headline PCE","3m",0.526339
"2001-09-01","Headline PCE","3m",-1.532468
"2001-10-01","Headline PCE","3m",-0.005298
"2001-11-01","Headline PCE","3m",-0.227668
"2001-12-01","Headline PCE","3m",0.725108
"2002-01-01","Headline PCE","3m",-0.322822
"2002-02-01","Headline PCE","3m",0.621797
"2002-03-01","Headline PCE","3m",2.14002
"2002-04-01","Headline PCE","3m",3.486227
"2002-05-01","Headline PCE","3m",3.062697
"2002-06-01","Headline PCE","3m",2.461587
"2002-07-01","Headline PCE","3m",1.655819
"2002-08-01","Headline PCE","3m",2.187694
"2002-09-01","Headline PCE","3m",2.414474
"2002-10-01","Headline PCE","3m",2.259947
"2002-11-01","Headline PCE","3m",1.862814
"2002-12-01","Headline PCE","3m",1.521364
"2003-01-01","Headline PCE","3m",1.993355
"2003-02-01","Headline PCE","3m",3.312274
"2003-03-01","Headline PCE","3m",3.976312
"2003-04-01","Headline PCE","3m",2.046584
"2003-05-01","Headline PCE","3m",-0.113462
"2003-06-01","Headline PCE","3m",-0.703188
"2003-07-01","Headline PCE","3m",1.154554
"2003-08-01","Headline PCE","3m",3.000777
"2003-09-01","Headline PCE","3m",3.843431
"2003-10-01","Headline PCE","3m",2.684153
"2003-11-01","Headline PCE","3m",1.820726
"2003-12-01","Headline PCE","3m",1.447987
"2004-01-01","Headline PCE","3m",2.97389
"2004-02-01","Headline PCE","3m",3.330274
"2004-03-01","Headline PCE","3m",3.057144
"2004-04-01","Headline PCE","3m",2.23368
"2004-05-01","Headline PCE","3m",2.692523
"2004-06-01","Headline PCE","3m",3.23037
"2004-07-01","Headline PCE","3m",2.847958
"2004-08-01","Headline PCE","3m",1.729613
"2004-09-01","Headline PCE","3m",1.374922
"2004-10-01","Headline PCE","3m",2.746061
"2004-11-01","Headline PCE","3m",4.12506
"2004-12-01","Headline PCE","3m",3.526166
"2005-01-01","Headline PCE","3m",2.301826
"2005-02-01","Headline PCE","3m",1.865356
"2005-03-01","Headline PCE","3m",2.871972
"2005-04-01","Headline PCE","3m",3.485644
"2005-05-01","Headline PCE","3m",2.5734
"2005-06-01","Headline PCE","3m",1.607138
"2005-07-01","Headline PCE","3m",2.189235
"2005-08-01","Headline PCE","3m",3.614469
"2005-09-01","Headline PCE","3m",7.403975
"2005-10-01","Headline PCE","3m",6.280753
"2005-11-01","Headline PCE","3m",3.71179
"2005-12-01","Headline PCE","3m",-0.197036
"2006-01-01","Headline PCE","3m",1.104116
"2006-02-01","Headline PCE","3m",2.197574
"2006-03-01","Headline PCE","3m",2.992185
"2006-04-01","Headline PCE","3m",2.909077
"2006-05-01","Headline PCE","3m",3.770587
"2006-06-01","Headline PCE","3m",3.98926
"2006-07-01","Headline PCE","3m",3.481894
"2006-08-01","Headline PCE","3m",3.672035
"2006-09-01","Headline PCE","3m",1.584373
"2006-10-01","Headline PCE","3m",-0.733321
"2006-11-01","Headline PCE","3m",-1.838581
"2006-12-01","Headline PCE","3m",0.613879
"2007-01-01","Headline PCE","3m",2.931258
"2007-02-01","Headline PCE","3m",4.073485
"2007-03-01","Headline PCE","3m",4.117021
"2007-04-01","Headline PCE","3m",3.70745
"2007-05-01","Headline PCE","3m",3.623789
"2007-06-01","Headline PCE","3m",2.990088
"2007-07-01","Headline PCE","3m",2.650929
"2007-08-01","Headline PCE","3m",1.743854
"2007-09-01","Headline PCE","3m",2.449109
"2007-10-01","Headline PCE","3m",3.067166
"2007-11-01","Headline PCE","3m",4.98446
"2007-12-01","Headline PCE","3m",4.342175
"2008-01-01","Headline PCE","3m",4.130366
"2008-02-01","Headline PCE","3m",2.766888
"2008-03-01","Headline PCE","3m",2.992639
"2008-04-01","Headline PCE","3m",2.7164
"2008-05-01","Headline PCE","3m",3.660804
"2008-06-01","Headline PCE","3m",5.488857
"2008-07-01","Headline PCE","3m",6.674422
"2008-08-01","Headline PCE","3m",4.52422
"2008-09-01","Headline PCE","3m",1.88342
"2008-10-01","Headline PCE","3m",-2.606952
"2008-11-01","Headline PCE","3m",-6.822549
"2008-12-01","Headline PCE","3m",-9.19012
"2009-01-01","Headline PCE","3m",-6.70877
"2009-02-01","Headline PCE","3m",-1.46826
"2009-03-01","Headline PCE","3m",0.322758
"2009-04-01","Headline PCE","3m",0.851665
"2009-05-01","Headline PCE","3m",0.549471
"2009-06-01","Headline PCE","3m",3.413648
"2009-07-01","Headline PCE","3m",2.870878
"2009-08-01","Headline PCE","3m",3.63735
"2009-09-01","Headline PCE","3m",1.866441
"2009-10-01","Headline PCE","3m",3.375155
"2009-11-01","Headline PCE","3m",3.209024
"2009-12-01","Headline PCE","3m",2.782592
"2010-01-01","Headline PCE","3m",2.12688
"2010-02-01","Headline PCE","3m",1.103697
"2010-03-01","Headline PCE","3m",1.439791
"2010-04-01","Headline PCE","3m",0.774405
"2010-05-01","Headline PCE","3m",0.912865
"2010-06-01","Headline PCE","3m",0.177382
"2010-07-01","Headline PCE","3m",0.301525
"2010-08-01","Headline PCE","3m",0.723682
"2010-09-01","Headline PCE","3m",1.295267
"2010-10-01","Headline PCE","3m",2.24486
"2010-11-01","Headline PCE","3m",2.498151
"2010-12-01","Headline PCE","3m",3.018387
"2011-01-01","Headline PCE","3m",2.941193
"2011-02-01","Headline PCE","3m",3.267869
"2011-03-01","Headline PCE","3m",3.994129
"2011-04-01","Headline PCE","3m",4.509433
"2011-05-01","Headline PCE","3m",4.613842
"2011-06-01","Headline PCE","3m",2.864278
"2011-07-01","Headline PCE","3m",1.82749
"2011-08-01","Headline PCE","3m",1.551417
"2011-09-01","Headline PCE","3m",2.207245
"2011-10-01","Headline PCE","3m",1.522974
"2011-11-01","Headline PCE","3m",1.397886
"2011-12-01","Headline PCE","3m",1.062853
"2012-01-01","Headline PCE","3m",2.443619
"2012-02-01","Headline PCE","3m",2.521356
"2012-03-01","Headline PCE","3m",3.069749
"2012-04-01","Headline PCE","3m",2.207749
"2012-05-01","Headline PCE","3m",0.844282
"2012-06-01","Headline PCE","3m",-0.127214
"2012-07-01","Headline PCE","3m",-0.507463
"2012-08-01","Headline PCE","3m",1.29144
"2012-09-01","Headline PCE","3m",2.739524
"2012-10-01","Headline PCE","3m",3.812009
"2012-11-01","Headline PCE","3m",2.148055
"2012-12-01","Headline PCE","3m",0.849966
"2013-01-01","Headline PCE","3m",0.425162
"2013-02-01","Headline PCE","3m",2.140855
"2013-03-01","Headline PCE","3m",1.667636
"2013-04-01","Headline PCE","3m",0.487901
"2013-05-01","Headline PCE","3m",-0.638539
"2013-06-01","Headline PCE","3m",0.777222
"2013-07-01","Headline PCE","3m",1.692133
"2013-08-01","Headline PCE","3m",1.996741
"2013-09-01","Headline PCE","3m",1.272846
"2013-10-01","Headline PCE","3m",1.304985
"2013-11-01","Headline PCE","3m",1.307254
"2013-12-01","Headline PCE","3m",1.837991
"2014-01-01","Headline PCE","3m",2.143909
"2014-02-01","Headline PCE","3m",1.731724
"2014-03-01","Headline PCE","3m",1.674067
"2014-04-01","Headline PCE","3m",1.553256
"2014-05-01","Headline PCE","3m",2.030593
"2014-06-01","Headline PCE","3m",1.821954
"2014-07-01","Headline PCE","3m",1.676642
"2014-08-01","Headline PCE","3m",0.958681
"2014-09-01","Headline PCE","3m",0.659703
"2014-10-01","Headline PCE","3m",-0.028747
"2014-11-01","Headline PCE","3m",-0.360985
"2014-12-01","Headline PCE","3m",-1.197708
"2015-01-01","Headline PCE","3m",-2.964892
"2015-02-01","Headline PCE","3m",-1.902181
"2015-03-01","Headline PCE","3m",-0.460488
"2015-04-01","Headline PCE","3m",1.8334
"2015-05-01","Headline PCE","3m",2.090028
"2015-06-01","Headline PCE","3m",2.111184
"2015-07-01","Headline PCE","3m",2.121854
"2015-08-01","Headline PCE","3m",1.176464
"2015-09-01","Headline PCE","3m",-0.159878
"2015-10-01","Headline PCE","3m",-0.523532
"2015-11-01","Headline PCE","3m",-0.302897
"2015-12-01","Headline PCE","3m",-0.086146
"2016-01-01","Headline PCE","3m",0.07799
"2016-02-01","Headline PCE","3m",-0.380845
"2016-03-01","Headline PCE","3m",0.893638
"2016-04-01","Headline PCE","3m",2.054703
"2016-05-01","Headline PCE","3m",2.938082
"2016-06-01","Headline PCE","3m",2.696989
"2016-07-01","Headline PCE","3m",1.43222
"2016-08-01","Headline PCE","3m",1.335172
"2016-09-01","Headline PCE","3m",1.394469
"2016-10-01","Headline PCE","3m",2.156699
"2016-11-01","Headline PCE","3m",1.72512
"2016-12-01","Headline PCE","3m",1.65204
"2017-01-01","Headline PCE","3m",2.379646
"2017-02-01","Headline PCE","3m",2.799363
"2017-03-01","Headline PCE","3m",1.886606
"2017-04-01","Headline PCE","3m",1.106613
"2017-05-01","Headline PCE","3m",0.386154
"2017-06-01","Headline PCE","3m",0.931553
"2017-07-01","Headline PCE","3m",0.313228
"2017-08-01","Headline PCE","3m",1.391606
"2017-09-01","Headline PCE","3m",2.566282
"2017-10-01","Headline PCE","3m",2.949828
"2017-11-01","Headline PCE","3m",2.61659
"2017-12-01","Headline PCE","3m",1.68787
"2018-01-01","Headline PCE","3m",2.684496
"2018-02-01","Headline PCE","3m",2.976791
"2018-03-01","Headline PCE","3m",2.818409
"2018-04-01","Headline PCE","3m",2.260034
"2018-05-01","Headline PCE","3m",2.086814
"2018-06-01","Headline PCE","3m",2.004572
"2018-07-01","Headline PCE","3m",1.466241
"2018-08-01","Headline PCE","3m",1.051788
"2018-09-01","Headline PCE","3m",1.533801
"2018-10-01","Headline PCE","3m",1.80577
"2018-11-01","Headline PCE","3m",1.661791
"2018-12-01","Headline PCE","3m",1.109864
"2019-01-01","Headline PCE","3m",0.206798
"2019-02-01","Headline PCE","3m",0.805305
"2019-03-01","Headline PCE","3m",1.441009
"2019-04-01","Headline PCE","3m",2.803532
"2019-05-01","Headline PCE","3m",2.35036
"2019-06-01","Headline PCE","3m",1.620325
"2019-07-01","Headline PCE","3m",1.017794
"2019-08-01","Headline PCE","3m",0.911885
"2019-09-01","Headline PCE","3m",0.965947
"2019-10-01","Headline PCE","3m",1.143626
"2019-11-01","Headline PCE","3m",1.372884
"2019-12-01","Headline PCE","3m",2.231814
"2020-01-01","Headline PCE","3m",2.223916
"2020-02-01","Headline PCE","3m",2.127822
"2020-03-01","Headline PCE","3m",-0.137983
"2020-04-01","Headline PCE","3m",-2.472668
"2020-05-01","Headline PCE","3m",-2.391867
"2020-06-01","Headline PCE","3m",-0.003836
"2020-07-01","Headline PCE","3m",2.881211
"2020-08-01","Headline PCE","3m",3.619334
"2020-09-01","Headline PCE","3m",3.053438
"2020-10-01","Headline PCE","3m",2.209744
"2020-11-01","Headline PCE","3m",1.488161
"2020-12-01","Headline PCE","3m",2.466885
"2021-01-01","Headline PCE","3m",3.522501
"2021-02-01","Headline PCE","3m",4.57198
"2021-03-01","Headline PCE","3m",5.089673
"2021-04-01","Headline PCE","3m",5.730852
"2021-05-01","Headline PCE","3m",6.25974
"2021-06-01","Headline PCE","3m",6.307313
"2021-07-01","Headline PCE","3m",6.119653
"2021-08-01","Headline PCE","3m",5.784451
"2021-09-01","Headline PCE","3m",4.795501
"2021-10-01","Headline PCE","3m",5.755886
"2021-11-01","Headline PCE","3m",6.871057
"2021-12-01","Headline PCE","3m",8.015765
"2022-01-01","Headline PCE","3m",7.341099
"2022-02-01","Headline PCE","3m",7.12877
"2022-03-01","Headline PCE","3m",8.604346
"2022-04-01","Headline PCE","3m",7.328584
"2022-05-01","Headline PCE","3m",7.360791
"2022-06-01","Headline PCE","3m",7.497644
"2022-07-01","Headline PCE","3m",7.02052
"2022-08-01","Headline PCE","3m",5.38441
"2022-09-01","Headline PCE","3m",2.757395
"2022-10-01","Headline PCE","3m",4.362799
"2022-11-01","Headline PCE","3m",4.511446
"2022-12-01","Headline PCE","3m",3.681251
"2023-01-01","Headline PCE","3m",3.561382
"2023-02-01","Headline PCE","3m",3.579434
"2023-03-01","Headline PCE","3m",4.089231
"2023-04-01","Headline PCE","3m",3.226536
"2023-05-01","Headline PCE","3m",2.92939
"2023-06-01","Headline PCE","3m",2.860465
"2023-07-01","Headline PCE","3m",2.305168
"2023-08-01","Headline PCE","3m",2.741491
"2023-09-01","Headline PCE","3m",3.33976
"2023-10-01","Headline PCE","3m",3.311446
"2023-11-01","Headline PCE","3m",2.30838
"2023-12-01","Headline PCE","3m",1.181446
"2024-01-01","Headline PCE","3m",2.152788
"2024-02-01","Headline PCE","3m",3.251782
"2024-03-01","Headline PCE","3m",4.451545
"2024-04-01","Headline PCE","3m",3.592235
"2024-05-01","Headline PCE","3m",2.4892
"2024-06-01","Headline PCE","3m",1.34228
"2024-07-01","Headline PCE","3m",1.343412
"2024-08-01","Headline PCE","3m",1.703256
"2024-09-01","Headline PCE","3m",2.095554
"2024-10-01","Headline PCE","3m",2.549462
"2024-11-01","Headline PCE","3m",2.525776
"2024-12-01","Headline PCE","3m",2.727508
"2025-01-01","Headline PCE","3m",3.058189
"2025-02-01","Headline PCE","3m",3.589597
"2025-03-01","Headline PCE","3m",2.862588
"2025-04-01","Headline PCE","3m",2.380982
"2025-05-01","Headline PCE","3m",2.044593
"2025-06-01","Headline PCE","3m",2.764381
"2025-07-01","Headline PCE","3m",2.376574
"2025-08-01","Headline PCE","3m",2.623356
"2025-09-01","Headline PCE","3m",2.777624
"2025-10-01","Headline PCE","3m",2.815563
"2025-11-01","Headline PCE","3m",2.590239
"2025-12-01","Headline PCE","3m",2.704091
"2026-01-01","Headline PCE","3m",3.343413
"2026-02-01","Headline PCE","3m",3.955998
"2026-03-01","Headline PCE","3m",5.237832
"2026-04-01","Headline PCE","3m",5.793716
"2026-05-01","Headline PCE","3m",6.164196
"2026-06-01","Headline PCE","3m",3.113213
"2026-07-01","Headline PCE","3m",1.539357
"2026-08-01","Headline PCE","3m",1.034152
"1960-01-01","Headline PCE","12m",1.694803
"1960-02-01","Headline PCE","12m",1.699717
"1960-03-01","Headline PCE","12m",1.692014
"1960-04-01","Headline PCE","12m",1.859518
"1960-05-01","Headline PCE","12m",1.911079
"1960-06-01","Headline PCE","12m",1.663283
"1960-07-01","Headline PCE","12m",1.633667
"1960-08-01","Headline PCE","12m",1.657423
"1960-09-01","Headline PCE","12m",1.45135
"1960-10-01","Headline PCE","12m",1.324503
"1960-11-01","Headline PCE","12m",1.602647
"1960-12-01","Headline PCE","12m",1.503564
"1961-01-01","Headline PCE","12m",1.582258
"1961-02-01","Headline PCE","12m",1.567662
"1961-03-01","Headline PCE","12m",1.450214
"1961-04-01","Headline PCE","12m",1.025674
"1961-05-01","Headline PCE","12m",0.979508
"1961-06-01","Headline PCE","12m",0.979066
"1961-07-01","Headline PCE","12m",1.015881
"1961-08-01","Headline PCE","12m",0.93074
"1961-09-01","Headline PCE","12m",0.987939
"1961-10-01","Headline PCE","12m",0.865052
"1961-11-01","Headline PCE","12m",0.530047
"1961-12-01","Headline PCE","12m",0.53633
"1962-01-01","Headline PCE","12m",0.708586
"1962-02-01","Headline PCE","12m",0.886536
"1962-03-01","Headline PCE","12m",1.078494
"1962-04-01","Headline PCE","12m",1.251517
"1962-05-01","Headline PCE","12m",1.257179
"1962-06-01","Headline PCE","12m",1.275754
"1962-07-01","Headline PCE","12m",0.9993
"1962-08-01","Headline PCE","12m",1.062071
"1962-09-01","Headline PCE","12m",1.442002
"1962-10-01","Headline PCE","12m",1.346801
"1962-11-01","Headline PCE","12m",1.41024
"1962-12-01","Headline PCE","12m",1.346374
"1963-01-01","Headline PCE","12m",1.400862
"1963-02-01","Headline PCE","12m",1.239095
"1963-03-01","Headline PCE","12m",1.022792
"1963-04-01","Headline PCE","12m",0.90181
"1963-05-01","Headline PCE","12m",1.00208
"1963-06-01","Headline PCE","12m",1.158909
"1963-07-01","Headline PCE","12m",1.417948
"1963-08-01","Headline PCE","12m",1.409603
"1963-09-01","Headline PCE","12m",0.895485
"1963-10-01","Headline PCE","12m",1.190999
"1963-11-01","Headline PCE","12m",1.265347
"1963-12-01","Headline PCE","12m",1.453816
"1964-01-01","Headline PCE","12m",1.419016
"1964-02-01","Headline PCE","12m",1.454977
"1964-03-01","Headline PCE","12m",1.5999
"1964-04-01","Headline PCE","12m",1.68125
"1964-05-01","Headline PCE","12m",1.528766
"1964-06-01","Headline PCE","12m",1.450719
"1964-07-01","Headline PCE","12m",1.379482
"1964-08-01","Headline PCE","12m",1.315545
"1964-09-01","Headline PCE","12m",1.489573
"1964-10-01","Headline PCE","12m",1.356625
"1964-11-01","Headline PCE","12m",1.354695
"1964-12-01","Headline PCE","12m",1.352687
"1965-01-01","Headline PCE","12m",1.251233
"1965-02-01","Headline PCE","12m",1.150982
"1965-03-01","Headline PCE","12m",1.217937
"1965-04-01","Headline PCE","12m",1.303092
"1965-05-01","Headline PCE","12m",1.518038
"1965-06-01","Headline PCE","12m",1.669326
"1965-07-01","Headline PCE","12m",1.612013
"1965-08-01","Headline PCE","12m",1.56183
"1965-09-01","Headline PCE","12m",1.455479
"1965-10-01","Headline PCE","12m",1.424031
"1965-11-01","Headline PCE","12m",1.452548
"1965-12-01","Headline PCE","12m",1.669815
"1966-01-01","Headline PCE","12m",1.680161
"1966-02-01","Headline PCE","12m",2.056712
"1966-03-01","Headline PCE","12m",2.175631
"1966-04-01","Headline PCE","12m",2.366361
"1966-05-01","Headline PCE","12m",2.264197
"1966-06-01","Headline PCE","12m",2.221417
"1966-07-01","Headline PCE","12m",2.346483
"1966-08-01","Headline PCE","12m",2.713786
"1966-09-01","Headline PCE","12m",2.989753
"1966-10-01","Headline PCE","12m",3.229889
"1966-11-01","Headline PCE","12m",3.206401
"1966-12-01","Headline PCE","12m",3.05101
"1967-01-01","Headline PCE","12m",2.933605
"1967-02-01","Headline PCE","12m",2.629382
"1967-03-01","Headline PCE","12m",2.432641
"1967-04-01","Headline PCE","12m",2.252386
"1967-05-01","Headline PCE","12m",2.320625
"1967-06-01","Headline PCE","12m",2.391638
"1967-07-01","Headline PCE","12m",2.540225
"1967-08-01","Headline PCE","12m",2.465946
"1967-09-01","Headline PCE","12m",2.4523
"1967-10-01","Headline PCE","12m",2.469208
"1967-11-01","Headline PCE","12m",2.657962
"1967-12-01","Headline PCE","12m",2.605863
"1968-01-01","Headline PCE","12m",3.076834
"1968-02-01","Headline PCE","12m",3.375356
"1968-03-01","Headline PCE","12m",3.658112
"1968-04-01","Headline PCE","12m",3.808475
"1968-05-01","Headline PCE","12m",3.992131
"1968-06-01","Headline PCE","12m",3.99677
"1968-07-01","Headline PCE","12m",3.960225
"1968-08-01","Headline PCE","12m",4.062572
"1968-09-01","Headline PCE","12m",4.107398
"1968-10-01","Headline PCE","12m",4.27253
"1968-11-01","Headline PCE","12m",4.281172
"1968-12-01","Headline PCE","12m",4.331066
"1969-01-01","Headline PCE","12m",4.254599
"1969-02-01","Headline PCE","12m",4.096887
"1969-03-01","Headline PCE","12m",4.246023
"1969-04-01","Headline PCE","12m",4.377932
"1969-05-01","Headline PCE","12m",4.411928
"1969-06-01","Headline PCE","12m",4.580745
"1969-07-01","Headline PCE","12m",4.721623
"1969-08-01","Headline PCE","12m",4.581246
"1969-09-01","Headline PCE","12m",4.653205
"1969-10-01","Headline PCE","12m",4.550918
"1969-11-01","Headline PCE","12m",4.649897
"1969-12-01","Headline PCE","12m",4.911976
"1970-01-01","Headline PCE","12m",4.876597
"1970-02-01","Headline PCE","12m",5.026184
"1970-03-01","Headline PCE","12m",4.793122
"1970-04-01","Headline PCE","12m",4.863043
"1970-05-01","Headline PCE","12m",4.774338
"1970-06-01","Headline PCE","12m",4.539188
"1970-07-01","Headline PCE","12m",4.461222
"1970-08-01","Headline PCE","12m",4.449008
"1970-09-01","Headline PCE","12m",4.483012
"1970-10-01","Headline PCE","12m",4.645451
"1970-11-01","Headline PCE","12m",4.604579
"1970-12-01","Headline PCE","12m",4.588771
"1971-01-01","Headline PCE","12m",4.438252
"1971-02-01","Headline PCE","12m",4.328159
"1971-03-01","Headline PCE","12m",4.414932
"1971-04-01","Headline PCE","12m",4.295699
"1971-05-01","Headline PCE","12m",4.399125
"1971-06-01","Headline PCE","12m",4.590646
"1971-07-01","Headline PCE","12m",4.5234
"1971-08-01","Headline PCE","12m",4.55187
"1971-09-01","Headline PCE","12m",4.240478
"1971-10-01","Headline PCE","12m",3.88495
"1971-11-01","Headline PCE","12m",3.690624
"1971-12-01","Headline PCE","12m",3.639695
"1972-01-01","Headline PCE","12m",3.844443
"1972-02-01","Headline PCE","12m",3.951518
"1972-03-01","Headline PCE","12m",3.756814
"1972-04-01","Headline PCE","12m",3.507313
"1972-05-01","Headline PCE","12m",3.307677
"1972-06-01","Headline PCE","12m",3.006935
"1972-07-01","Headline PCE","12m",3.065616
"1972-08-01","Headline PCE","12m",3.06639
"1972-09-01","Headline PCE","12m",3.374735
"1972-10-01","Headline PCE","12m",3.33109
"1972-11-01","Headline PCE","12m",3.424953
"1972-12-01","Headline PCE","12m",3.349419
"1973-01-01","Headline PCE","12m",3.235784
"1973-02-01","Headline PCE","12m",3.369988
"1973-03-01","Headline PCE","12m",3.956835
"1973-04-01","Headline PCE","12m",4.569943
"1973-05-01","Headline PCE","12m",4.852171
"1973-06-01","Headline PCE","12m",5.292151
"1973-07-01","Headline PCE","12m",5.296739
"1973-08-01","Headline PCE","12m",6.202928
"1973-09-01","Headline PCE","12m",6.147255
"1973-10-01","Headline PCE","12m",6.628832
"1973-11-01","Headline PCE","12m",7.184268
"1973-12-01","Headline PCE","12m",7.720758
"1974-01-01","Headline PCE","12m",8.425905
"1974-02-01","Headline PCE","12m",9.115503
"1974-03-01","Headline PCE","12m",9.602076
"1974-04-01","Headline PCE","12m",9.562977
"1974-05-01","Headline PCE","12m",10.100738
"1974-06-01","Headline PCE","12m",10.405581
"1974-07-01","Headline PCE","12m",10.818036
"1974-08-01","Headline PCE","12m",10.699027
"1974-09-01","Headline PCE","12m",11.407011
"1974-10-01","Headline PCE","12m",11.574034
"1974-11-01","Headline PCE","12m",11.497187
"1974-12-01","Headline PCE","12m",11.463519
"1975-01-01","Headline PCE","12m",11.091272
"1975-02-01","Headline PCE","12m",10.408875
"1975-03-01","Headline PCE","12m",9.512732
"1975-04-01","Headline PCE","12m",9.111909
"1975-05-01","Headline PCE","12m",8.479699
"1975-06-01","Headline PCE","12m",8.238153
"1975-07-01","Headline PCE","12m",8.366838
"1975-08-01","Headline PCE","12m",7.711284
"1975-09-01","Headline PCE","12m",7.131887
"1975-10-01","Headline PCE","12m",6.987292
"1975-11-01","Headline PCE","12m",6.873132
"1975-12-01","Headline PCE","12m",6.618921
"1976-01-01","Headline PCE","12m",6.363845
"1976-02-01","Headline PCE","12m",5.926011
"1976-03-01","Headline PCE","12m",5.727724
"1976-04-01","Headline PCE","12m",5.610162
"1976-05-01","Headline PCE","12m",5.689434
"1976-06-01","Headline PCE","12m",5.49319
"1976-07-01","Headline PCE","12m",5.127444
"1976-08-01","Headline PCE","12m",5.249354
"1976-09-01","Headline PCE","12m",5.319071
"1976-10-01","Headline PCE","12m",5.259118
"1976-11-01","Headline PCE","12m",5.062096
"1976-12-01","Headline PCE","12m",5.070423
"1977-01-01","Headline PCE","12m",5.281525
"1977-02-01","Headline PCE","12m",5.968165
"1977-03-01","Headline PCE","12m",6.339468
"1977-04-01","Headline PCE","12m",6.715349
"1977-05-01","Headline PCE","12m",6.747658
"1977-06-01","Headline PCE","12m",6.877838
"1977-07-01","Headline PCE","12m",6.889007
"1977-08-01","Headline PCE","12m",6.798638
"1977-09-01","Headline PCE","12m",6.603609
"1977-10-01","Headline PCE","12m",6.54144
"1977-11-01","Headline PCE","12m",6.667358
"1977-12-01","Headline PCE","12m",6.588987
"1978-01-01","Headline PCE","12m",6.598777
"1978-02-01","Headline PCE","12m",6.262715
"1978-03-01","Headline PCE","12m",6.417004
"1978-04-01","Headline PCE","12m",6.604723
"1978-05-01","Headline PCE","12m",6.825084
"1978-06-01","Headline PCE","12m",6.923102
"1978-07-01","Headline PCE","12m",6.953478
"1978-08-01","Headline PCE","12m",6.996845
"1978-09-01","Headline PCE","12m",7.199686
"1978-10-01","Headline PCE","12m",7.55418
"1978-11-01","Headline PCE","12m",7.546742
"1978-12-01","Headline PCE","12m",7.526362
"1979-01-01","Headline PCE","12m",7.703405
"1979-02-01","Headline PCE","12m",7.776253
"1979-03-01","Headline PCE","12m",7.919599
"1979-04-01","Headline PCE","12m",8.22504
"1979-05-01","Headline PCE","12m",8.569733
"1979-06-01","Headline PCE","12m",8.756247
"1979-07-01","Headline PCE","12m",8.989597
"1979-08-01","Headline PCE","12m",9.269896
"1979-09-01","Headline PCE","12m",9.611508
"1979-10-01","Headline PCE","12m",9.632458
"1979-11-01","Headline PCE","12m",9.771015
"1979-12-01","Headline PCE","12m",10.178438
"1980-01-01","Headline PCE","12m",10.497961
"1980-02-01","Headline PCE","12m",11.102558
"1980-03-01","Headline PCE","12m",11.595182
"1980-04-01","Headline PCE","12m",11.019043
"1980-05-01","Headline PCE","12m",10.736382
"1980-06-01","Headline PCE","12m",10.522861
"1980-07-01","Headline PCE","12m",10.539584
"1980-08-01","Headline PCE","12m",10.614195
"1980-09-01","Headline PCE","12m",10.660648
"1980-10-01","Headline PCE","12m",10.643414
"1980-11-01","Headline PCE","12m",10.775945
"1980-12-01","Headline PCE","12m",10.566428
"1981-01-01","Headline PCE","12m",10.470316
"1981-02-01","Headline PCE","12m",10.392794
"1981-03-01","Headline PCE","12m",9.813884
"1981-04-01","Headline PCE","12m",9.721095
"1981-05-01","Headline PCE","12m",9.362819
"1981-06-01","Headline PCE","12m",9.110394
"1981-07-01","Headline PCE","12m",8.922257
"1981-08-01","Headline PCE","12m",8.698635
"1981-09-01","Headline PCE","12m",8.354526
"1981-10-01","Headline PCE","12m",7.980916
"1981-11-01","Headline PCE","12m",7.68354
"1981-12-01","Headline PCE","12m",7.318874
"1982-01-01","Headline PCE","12m",6.929848
"1982-02-01","Headline PCE","12m",6.17728
"1982-03-01","Headline PCE","12m",5.712573
"1982-04-01","Headline PCE","12m",5.305869
"1982-05-01","Headline PCE","12m",5.458002
"1982-06-01","Headline PCE","12m",5.800772
"1982-07-01","Headline PCE","12m",5.789498
"1982-08-01","Headline PCE","12m",5.456586
"1982-09-01","Headline PCE","12m",5.112356
"1982-10-01","Headline PCE","12m",5.22578
"1982-11-01","Headline PCE","12m",4.979291
"1982-12-01","Headline PCE","12m",4.814883
"1983-01-01","Headline PCE","12m",4.68155
"1983-02-01","Headline PCE","12m",4.544731
"1983-03-01","Headline PCE","12m",4.410631
"1983-04-01","Headline PCE","12m",4.834542
"1983-05-01","Headline PCE","12m",4.510838
"1983-06-01","Headline PCE","12m",4.145043
"1983-07-01","Headline PCE","12m",4.116169
"1983-08-01","Headline PCE","12m",4.238716
"1983-09-01","Headline PCE","12m",4.315433
"1983-10-01","Headline PCE","12m",3.908809
"1983-11-01","Headline PCE","12m",3.743644
"1983-12-01","Headline PCE","12m",3.643884
"1984-01-01","Headline PCE","12m",3.611728
"1984-02-01","Headline PCE","12m",4.131872
"1984-03-01","Headline PCE","12m",4.339422
"1984-04-01","Headline PCE","12m",4.261345
"1984-05-01","Headline PCE","12m",4.098396
"1984-06-01","Headline PCE","12m",3.896299
"1984-07-01","Headline PCE","12m",3.682187
"1984-08-01","Headline PCE","12m",3.55806
"1984-09-01","Headline PCE","12m",3.335806
"1984-10-01","Headline PCE","12m",3.40421
"1984-11-01","Headline PCE","12m",3.403617
"1984-12-01","Headline PCE","12m",3.638245
"1985-01-01","Headline PCE","12m",3.704482
"1985-02-01","Headline PCE","12m",3.489683
"1985-03-01","Headline PCE","12m",3.555297
"1985-04-01","Headline PCE","12m",3.311629
"1985-05-01","Headline PCE","12m",3.425494
"1985-06-01","Headline PCE","12m",3.522772
"1985-07-01","Headline PCE","12m",3.407218
"1985-08-01","Headline PCE","12m",3.431705
"1985-09-01","Headline PCE","12m",3.466027
"1985-10-01","Headline PCE","12m",3.394443
"1985-11-01","Headline PCE","12m",3.549026
"1985-12-01","Headline PCE","12m",3.604246
"1986-01-01","Headline PCE","12m",3.564043
"1986-02-01","Headline PCE","12m",3.085461
"1986-03-01","Headline PCE","12m",2.458341
"1986-04-01","Headline PCE","12m",2.101523
"1986-05-01","Headline PCE","12m",2.046497
"1986-06-01","Headline PCE","12m",2.148777
"1986-07-01","Headline PCE","12m",1.924379
"1986-08-01","Headline PCE","12m",1.715511
"1986-09-01","Headline PCE","12m",1.877143
"1986-10-01","Headline PCE","12m",1.889854
"1986-11-01","Headline PCE","12m",1.775848
"1986-12-01","Headline PCE","12m",1.575221
"1987-01-01","Headline PCE","12m",1.585624
"1987-02-01","Headline PCE","12m",1.9419
"1987-03-01","Headline PCE","12m",2.436632
"1987-04-01","Headline PCE","12m",3.029409
"1987-05-01","Headline PCE","12m",3.102372
"1987-06-01","Headline PCE","12m",3.108444
"1987-07-01","Headline PCE","12m",3.320694
"1987-08-01","Headline PCE","12m",3.599594
"1987-09-01","Headline PCE","12m",3.60923
"1987-10-01","Headline PCE","12m",3.752331
"1987-11-01","Headline PCE","12m",3.763086
"1987-12-01","Headline PCE","12m",3.812124
"1988-01-01","Headline PCE","12m",3.726828
"1988-02-01","Headline PCE","12m",3.517935
"1988-03-01","Headline PCE","12m",3.598652
"1988-04-01","Headline PCE","12m",3.715011
"1988-05-01","Headline PCE","12m",3.753188
"1988-06-01","Headline PCE","12m",3.801596
"1988-07-01","Headline PCE","12m",4.065225
"1988-08-01","Headline PCE","12m",3.962541
"1988-09-01","Headline PCE","12m",4.118233
"1988-10-01","Headline PCE","12m",4.127668
"1988-11-01","Headline PCE","12m",4.172194
"1988-12-01","Headline PCE","12m",4.304364
"1989-01-01","Headline PCE","12m",4.434495
"1989-02-01","Headline PCE","12m",4.626401
"1989-03-01","Headline PCE","12m",4.656795
"1989-04-01","Headline PCE","12m",4.843991
"1989-05-01","Headline PCE","12m",4.921671
"1989-06-01","Headline PCE","12m",4.705367
"1989-07-01","Headline PCE","12m",4.44812
"1989-08-01","Headline PCE","12m",4.152243
"1989-09-01","Headline PCE","12m",3.877787
"1989-10-01","Headline PCE","12m",3.94427
"1989-11-01","Headline PCE","12m",3.929763
"1989-12-01","Headline PCE","12m",3.906809
"1990-01-01","Headline PCE","12m",4.159032
"1990-02-01","Headline PCE","12m",4.271125
"1990-03-01","Headline PCE","12m",4.276478
"1990-04-01","Headline PCE","12m",3.804243
"1990-05-01","Headline PCE","12m",3.659283
"1990-06-01","Headline PCE","12m",3.890304
"1990-07-01","Headline PCE","12m",3.898432
"1990-08-01","Headline PCE","12m",4.576619
"1990-09-01","Headline PCE","12m",4.984894
"1990-10-01","Headline PCE","12m",5.17477
"1990-11-01","Headline PCE","12m",5.078954
"1990-12-01","Headline PCE","12m",4.873264
"1991-01-01","Headline PCE","12m",4.48141
"1991-02-01","Headline PCE","12m",4.075768
"1991-03-01","Headline PCE","12m",3.706402
"1991-04-01","Headline PCE","12m",3.676657
"1991-05-01","Headline PCE","12m",3.872491
"1991-06-01","Headline PCE","12m",3.59014
"1991-07-01","Headline PCE","12m",3.497546
"1991-08-01","Headline PCE","12m",3.053448
"1991-09-01","Headline PCE","12m",2.776813
"1991-10-01","Headline PCE","12m",2.382793
"1991-11-01","Headline PCE","12m",2.478321
"1991-12-01","Headline PCE","12m",2.638444
"1992-01-01","Headline PCE","12m",2.388152
"1992-02-01","Headline PCE","12m",2.596066
"1992-03-01","Headline PCE","12m",2.822561
"1992-04-01","Headline PCE","12m",2.91365
"1992-05-01","Headline PCE","12m",2.625597
"1992-06-01","Headline PCE","12m",2.634138
"1992-07-01","Headline PCE","12m",2.811271
"1992-08-01","Headline PCE","12m",2.709467
"1992-09-01","Headline PCE","12m",2.524781
"1992-10-01","Headline PCE","12m",2.695149
"1992-11-01","Headline PCE","12m",2.671603
"1992-12-01","Headline PCE","12m",2.5946
"1993-01-01","Headline PCE","12m",2.704429
"1993-02-01","Headline PCE","12m",2.59885
"1993-03-01","Headline PCE","12m",2.560803
"1993-04-01","Headline PCE","12m",2.557075
"1993-05-01","Headline PCE","12m",2.737212
"1993-06-01","Headline PCE","12m",2.590223
"1993-07-01","Headline PCE","12m",2.41641
"1993-08-01","Headline PCE","12m",2.454055
"1993-09-01","Headline PCE","12m",2.393546
"1993-10-01","Headline PCE","12m",2.353843
"1993-11-01","Headline PCE","12m",2.346091
"1993-12-01","Headline PCE","12m",2.19085
"1994-01-01","Headline PCE","12m",1.977243
"1994-02-01","Headline PCE","12m",2.059632
"1994-03-01","Headline PCE","12m",2.131318
"1994-04-01","Headline PCE","12m",1.980443
"1994-05-01","Headline PCE","12m",1.814178
"1994-06-01","Headline PCE","12m",2.027558
"1994-07-01","Headline PCE","12m",2.185708
"1994-08-01","Headline PCE","12m",2.246432
"1994-09-01","Headline PCE","12m",2.253288
"1994-10-01","Headline PCE","12m",2.105649
"1994-11-01","Headline PCE","12m",2.106242
"1994-12-01","Headline PCE","12m",2.148455
"1995-01-01","Headline PCE","12m",2.321505
"1995-02-01","Headline PCE","12m",2.265953
"1995-03-01","Headline PCE","12m",2.173287
"1995-04-01","Headline PCE","12m",2.320685
"1995-05-01","Headline PCE","12m",2.329416
"1995-06-01","Headline PCE","12m",2.180408
"1995-07-01","Headline PCE","12m",1.987034
"1995-08-01","Headline PCE","12m",1.971966
"1995-09-01","Headline PCE","12m",1.929304
"1995-10-01","Headline PCE","12m",2.020323
"1995-11-01","Headline PCE","12m",1.823804
"1995-12-01","Headline PCE","12m",1.953994
"1996-01-01","Headline PCE","12m",1.97387
"1996-02-01","Headline PCE","12m",1.95402
"1996-03-01","Headline PCE","12m",2.073623
"1996-04-01","Headline PCE","12m",2.111123
"1996-05-01","Headline PCE","12m",2.13005
"1996-06-01","Headline PCE","12m",2.029033
"1996-07-01","Headline PCE","12m",2.116457
"1996-08-01","Headline PCE","12m",1.994172
"1996-09-01","Headline PCE","12m",2.211927
"1996-10-01","Headline PCE","12m",2.256091
"1996-11-01","Headline PCE","12m",2.440992
"1996-12-01","Headline PCE","12m",2.363104
"1997-01-01","Headline PCE","12m",2.268743
"1997-02-01","Headline PCE","12m",2.320595
"1997-03-01","Headline PCE","12m",2.120203
"1997-04-01","Headline PCE","12m",1.915242
"1997-05-01","Headline PCE","12m",1.693394
"1997-06-01","Headline PCE","12m",1.825129
"1997-07-01","Headline PCE","12m",1.671072
"1997-08-01","Headline PCE","12m",1.655051
"1997-09-01","Headline PCE","12m",1.612973
"1997-10-01","Headline PCE","12m",1.438839
"1997-11-01","Headline PCE","12m",1.264445
"1997-12-01","Headline PCE","12m",1.125669
"1998-01-01","Headline PCE","12m",1.044211
"1998-02-01","Headline PCE","12m",0.781172
"1998-03-01","Headline PCE","12m",0.690637
"1998-04-01","Headline PCE","12m",0.716989
"1998-05-01","Headline PCE","12m",0.900914
"1998-06-01","Headline PCE","12m",0.686548
"1998-07-01","Headline PCE","12m",0.875075
"1998-08-01","Headline PCE","12m",0.933996
"1998-09-01","Headline PCE","12m",0.632965
"1998-10-01","Headline PCE","12m",0.72265
"1998-11-01","Headline PCE","12m",0.721195
"1998-12-01","Headline PCE","12m",0.844401
"1999-01-01","Headline PCE","12m",0.935874
"1999-02-01","Headline PCE","12m",0.932121
"1999-03-01","Headline PCE","12m",0.992787
"1999-04-01","Headline PCE","12m",1.354558
"1999-05-01","Headline PCE","12m",1.282178
"1999-06-01","Headline PCE","12m",1.399026
"1999-07-01","Headline PCE","12m",1.41811
"1999-08-01","Headline PCE","12m",1.462564
"1999-09-01","Headline PCE","12m",1.885545
"1999-10-01","Headline PCE","12m",1.833677
"1999-11-01","Headline PCE","12m",1.920647
"1999-12-01","Headline PCE","12m",2.054756
"2000-01-01","Headline PCE","12m",2.189137
"2000-02-01","Headline PCE","12m",2.568738
"2000-03-01","Headline PCE","12m",2.93088
"2000-04-01","Headline PCE","12m",2.35099
"2000-05-01","Headline PCE","12m",2.368949
"2000-06-01","Headline PCE","12m",2.684265
"2000-07-01","Headline PCE","12m",2.668814
"2000-08-01","Headline PCE","12m",2.475467
"2000-09-01","Headline PCE","12m",2.548096
"2000-10-01","Headline PCE","12m",2.514856
"2000-11-01","Headline PCE","12m",2.566328
"2000-12-01","Headline PCE","12m",2.484779
"2001-01-01","Headline PCE","12m",2.701443
"2001-02-01","Headline PCE","12m",2.537197
"2001-03-01","Headline PCE","12m",2.1087
"2001-04-01","Headline PCE","12m",2.373237
"2001-05-01","Headline PCE","12m",2.557649
"2001-06-01","Headline PCE","12m",2.391735
"2001-07-01","Headline PCE","12m",2.101733
"2001-08-01","Headline PCE","12m",2.096464
"2001-09-01","Headline PCE","12m",1.313096
"2001-10-01","Headline PCE","12m",1.531882
"2001-11-01","Headline PCE","12m",1.321568
"2001-12-01","Headline PCE","12m",1.062075
"2002-01-01","Headline PCE","12m",0.665937
"2002-02-01","Headline PCE","12m",0.679565
"2002-03-01","Headline PCE","12m",0.943308
"2002-04-01","Headline PCE","12m",1.187705
"2002-05-01","Headline PCE","12m",0.98826
"2002-06-01","Headline PCE","12m",0.936201
"2002-07-01","Headline PCE","12m",1.192164
"2002-08-01","Headline PCE","12m",1.402946
"2002-09-01","Headline PCE","12m",1.932817
"2002-10-01","Headline PCE","12m",1.760451
"2002-11-01","Headline PCE","12m",1.929985
"2002-12-01","Headline PCE","12m",2.133673
"2003-01-01","Headline PCE","12m",2.346515
"2003-02-01","Headline PCE","12m",2.604622
"2003-03-01","Headline PCE","12m",2.589655
"2003-04-01","Headline PCE","12m",1.988696
"2003-05-01","Headline PCE","12m",1.804808
"2003-06-01","Headline PCE","12m",1.788127
"2003-07-01","Headline PCE","12m",1.862736
"2003-08-01","Headline PCE","12m",2.006715
"2003-09-01","Headline PCE","12m",2.141339
"2003-10-01","Headline PCE","12m",1.968212
"2003-11-01","Headline PCE","12m",1.996177
"2003-12-01","Headline PCE","12m",2.122877
"2004-01-01","Headline PCE","12m",2.212407
"2004-02-01","Headline PCE","12m",2.000619
"2004-03-01","Headline PCE","12m",1.89643
"2004-04-01","Headline PCE","12m",2.259224
"2004-05-01","Headline PCE","12m",2.709538
"2004-06-01","Headline PCE","12m",2.890911
"2004-07-01","Headline PCE","12m",2.684538
"2004-08-01","Headline PCE","12m",2.391168
"2004-09-01","Headline PCE","12m",2.273917
"2004-10-01","Headline PCE","12m",2.700011
"2004-11-01","Headline PCE","12m",2.965626
"2004-12-01","Headline PCE","12m",2.793715
"2005-01-01","Headline PCE","12m",2.532031
"2005-02-01","Headline PCE","12m",2.598733
"2005-03-01","Headline PCE","12m",2.747509
"2005-04-01","Headline PCE","12m",2.844504
"2005-05-01","Headline PCE","12m",2.568966
"2005-06-01","Headline PCE","12m",2.341196
"2005-07-01","Headline PCE","12m",2.679432
"2005-08-01","Headline PCE","12m",3.040803
"2005-09-01","Headline PCE","12m",3.830021
"2005-10-01","Headline PCE","12m",3.551362
"2005-11-01","Headline PCE","12m",2.938409
"2005-12-01","Headline PCE","12m",2.883628
"2006-01-01","Headline PCE","12m",3.246938
"2006-02-01","Headline PCE","12m",3.022235
"2006-03-01","Headline PCE","12m",2.913671
"2006-04-01","Headline PCE","12m",3.102827
"2006-05-01","Headline PCE","12m",3.321535
"2006-06-01","Headline PCE","12m",3.511628
"2006-07-01","Headline PCE","12m",3.427346
"2006-08-01","Headline PCE","12m",3.335883
"2006-09-01","Headline PCE","12m",2.080027
"2006-10-01","Headline PCE","12m",1.67697
"2006-11-01","Headline PCE","12m",1.924673
"2006-12-01","Headline PCE","12m",2.286752
"2007-01-01","Headline PCE","12m",2.133263
"2007-02-01","Headline PCE","12m",2.389213
"2007-03-01","Headline PCE","12m",2.564899
"2007-04-01","Headline PCE","12m",2.330778
"2007-05-01","Headline PCE","12m",2.352983
"2007-06-01","Headline PCE","12m",2.317634
"2007-07-01","Headline PCE","12m",2.124726
"2007-08-01","Headline PCE","12m",1.873715
"2007-09-01","Headline PCE","12m",2.534687
"2007-10-01","Headline PCE","12m",3.088475
"2007-11-01","Headline PCE","12m",3.599627
"2007-12-01","Headline PCE","12m",3.471634
"2008-01-01","Headline PCE","12m",3.387407
"2008-02-01","Headline PCE","12m",3.272923
"2008-03-01","Headline PCE","12m",3.191143
"2008-04-01","Headline PCE","12m",3.139519
"2008-05-01","Headline PCE","12m",3.282144
"2008-06-01","Headline PCE","12m",3.811439
"2008-07-01","Headline PCE","12m",4.135655
"2008-08-01","Headline PCE","12m",3.980627
"2008-09-01","Headline PCE","12m",3.667838
"2008-10-01","Headline PCE","12m",2.671843
"2008-11-01","Headline PCE","12m",0.925029
"2008-12-01","Headline PCE","12m",0.129569
"2009-01-01","Headline PCE","12m",-0.111104
"2009-02-01","Headline PCE","12m",-0.131248
"2009-03-01","Headline PCE","12m",-0.525752
"2009-04-01","Headline PCE","12m",-0.567574
"2009-05-01","Headline PCE","12m",-0.889213
"2009-06-01","Headline PCE","12m",-1.018625
"2009-07-01","Headline PCE","12m",-1.466009
"2009-08-01","Headline PCE","12m",-1.10012
"2009-09-01","Headline PCE","12m",-1.022749
"2009-10-01","Headline PCE","12m",0.013385
"2009-11-01","Headline PCE","12m",1.460612
"2009-12-01","Headline PCE","12m",2.089718
"2010-01-01","Headline PCE","12m",2.301721
"2010-02-01","Headline PCE","12m",2.11633
"2010-03-01","Headline PCE","12m",2.372716
"2010-04-01","Headline PCE","12m",2.282122
"2010-05-01","Headline PCE","12m",2.20847
"2010-06-01","Headline PCE","12m",1.562219
"2010-07-01","Headline PCE","12m",1.63739
"2010-08-01","Headline PCE","12m",1.482395
"2010-09-01","Headline PCE","12m",1.419551
"2010-10-01","Headline PCE","12m",1.35842
"2010-11-01","Headline PCE","12m",1.307197
"2010-12-01","Headline PCE","12m",1.477668
"2011-01-01","Headline PCE","12m",1.559865
"2011-02-01","Headline PCE","12m",1.845031
"2011-03-01","Headline PCE","12m",2.110546
"2011-04-01","Headline PCE","12m",2.488097
"2011-05-01","Headline PCE","12m",2.766247
"2011-06-01","Headline PCE","12m",2.788452
"2011-07-01","Headline PCE","12m",2.8757
"2011-08-01","Headline PCE","12m",2.97673
"2011-09-01","Headline PCE","12m",3.01903
"2011-10-01","Headline PCE","12m",2.693632
"2011-11-01","Headline PCE","12m",2.69926
"2011-12-01","Headline PCE","12m",2.526625
"2012-01-01","Headline PCE","12m",2.569312
"2012-02-01","Headline PCE","12m",2.513154
"2012-03-01","Headline PCE","12m",2.298027
"2012-04-01","Headline PCE","12m",1.999849
"2012-05-01","Headline PCE","12m",1.57694
"2012-06-01","Headline PCE","12m",1.54602
"2012-07-01","Headline PCE","12m",1.410026
"2012-08-01","Headline PCE","12m",1.511867
"2012-09-01","Headline PCE","12m",1.677971
"2012-10-01","Headline PCE","12m",1.976877
"2012-11-01","Headline PCE","12m",1.699102
"2012-12-01","Headline PCE","12m",1.624383
"2013-01-01","Headline PCE","12m",1.470808
"2013-02-01","Headline PCE","12m",1.604608
"2013-03-01","Headline PCE","12m",1.276993
"2013-04-01","Headline PCE","12m",1.041225
"2013-05-01","Headline PCE","12m",1.22903
"2013-06-01","Headline PCE","12m",1.505506
"2013-07-01","Headline PCE","12m",1.595113
"2013-08-01","Headline PCE","12m",1.404788
"2013-09-01","Headline PCE","12m",1.141285
"2013-10-01","Headline PCE","12m",0.976107
"2013-11-01","Headline PCE","12m",1.19547
"2013-12-01","Headline PCE","12m",1.3881
"2014-01-01","Headline PCE","12m",1.405405
"2014-02-01","Headline PCE","12m",1.093982
"2014-03-01","Headline PCE","12m",1.389703
"2014-04-01","Headline PCE","12m",1.673114
"2014-05-01","Headline PCE","12m",1.766166
"2014-06-01","Headline PCE","12m",1.651459
"2014-07-01","Headline PCE","12m",1.669242
"2014-08-01","Headline PCE","12m",1.506244
"2014-09-01","Headline PCE","12m",1.497249
"2014-10-01","Headline PCE","12m",1.332945
"2014-11-01","Headline PCE","12m",1.085759
"2014-12-01","Headline PCE","12m",0.732259
"2015-01-01","Headline PCE","12m",0.041402
"2015-02-01","Headline PCE","12m",0.170701
"2015-03-01","Headline PCE","12m",0.199349
"2015-04-01","Headline PCE","12m",0.110324
"2015-05-01","Headline PCE","12m",0.185286
"2015-06-01","Headline PCE","12m",0.270429
"2015-07-01","Headline PCE","12m",0.219733
"2015-08-01","Headline PCE","12m",0.239271
"2015-09-01","Headline PCE","12m",0.0657
"2015-10-01","Headline PCE","12m",0.095498
"2015-11-01","Headline PCE","12m",0.253878
"2015-12-01","Headline PCE","12m",0.345964
"2016-01-01","Headline PCE","12m",0.871149
"2016-02-01","Headline PCE","12m",0.64033
"2016-03-01","Headline PCE","12m",0.68551
"2016-04-01","Headline PCE","12m",0.925907
"2016-05-01","Headline PCE","12m",0.848685
"2016-06-01","Headline PCE","12m",0.829607
"2016-07-01","Headline PCE","12m",0.755084
"2016-08-01","Headline PCE","12m",0.88821
"2016-09-01","Headline PCE","12m",1.219775
"2016-10-01","Headline PCE","12m",1.427003
"2016-11-01","Headline PCE","12m",1.397404
"2016-12-01","Headline PCE","12m",1.657158
"2017-01-01","Headline PCE","12m",2.00521
"2017-02-01","Headline PCE","12m",2.197137
"2017-03-01","Headline PCE","12m",1.906361
"2017-04-01","Headline PCE","12m",1.767473
"2017-05-01","Headline PCE","12m",1.557772
"2017-06-01","Headline PCE","12m",1.465548
"2017-07-01","Headline PCE","12m",1.485632
"2017-08-01","Headline PCE","12m",1.571909
"2017-09-01","Headline PCE","12m",1.757444
"2017-10-01","Headline PCE","12m",1.682041
"2017-11-01","Headline PCE","12m",1.793713
"2017-12-01","Headline PCE","12m",1.76641
"2018-01-01","Headline PCE","12m",1.757649
"2018-02-01","Headline PCE","12m",1.837608
"2018-03-01","Headline PCE","12m",1.998292
"2018-04-01","Headline PCE","12m",2.046628
"2018-05-01","Headline PCE","12m",2.266207
"2018-06-01","Headline PCE","12m",2.268308
"2018-07-01","Headline PCE","12m",2.338607
"2018-08-01","Headline PCE","12m",2.180411
"2018-09-01","Headline PCE","12m",2.00996
"2018-10-01","Headline PCE","12m",2.053098
"2018-11-01","Headline PCE","12m",1.941892
"2018-12-01","Headline PCE","12m",1.864691
"2019-01-01","Headline PCE","12m",1.431832
"2019-02-01","Headline PCE","12m",1.400174
"2019-03-01","Headline PCE","12m",1.521808
"2019-04-01","Headline PCE","12m",1.566338
"2019-05-01","Headline PCE","12m",1.465554
"2019-06-01","Headline PCE","12m",1.426065
"2019-07-01","Headline PCE","12m",1.45393
"2019-08-01","Headline PCE","12m",1.430416
"2019-09-01","Headline PCE","12m",1.283954
"2019-10-01","Headline PCE","12m",1.288562
"2019-11-01","Headline PCE","12m",1.358277
"2019-12-01","Headline PCE","12m",1.563763
"2020-01-01","Headline PCE","12m",1.794482
"2020-02-01","Headline PCE","12m",1.689097
"2020-03-01","Headline PCE","12m",1.166209
"2020-04-01","Headline PCE","12m",0.462461
"2020-05-01","Headline PCE","12m",0.490163
"2020-06-01","Headline PCE","12m",0.759538
"2020-07-01","Headline PCE","12m",0.922584
"2020-08-01","Headline PCE","12m",1.157519
"2020-09-01","Headline PCE","12m",1.276354
"2020-10-01","Headline PCE","12m",1.187486
"2020-11-01","Headline PCE","12m",1.186265
"2020-12-01","Headline PCE","12m",1.334522
"2021-01-01","Headline PCE","12m",1.507321
"2021-02-01","Headline PCE","12m",1.786312
"2021-03-01","Headline PCE","12m",2.63544
"2021-04-01","Headline PCE","12m",3.577688
"2021-05-01","Headline PCE","12m",3.970484
"2021-06-01","Headline PCE","12m",4.217896
"2021-07-01","Headline PCE","12m",4.383331
"2021-08-01","Headline PCE","12m",4.509393
"2021-09-01","Headline PCE","12m",4.655568
"2021-10-01","Headline PCE","12m",5.277173
"2021-11-01","Headline PCE","12m",5.868438
"2021-12-01","Headline PCE","12m",6.044523
"2022-01-01","Headline PCE","12m",6.234856
"2022-02-01","Headline PCE","12m",6.50971
"2022-03-01","Headline PCE","12m",6.920266
"2022-04-01","Headline PCE","12m",6.633939
"2022-05-01","Headline PCE","12m",6.784554
"2022-06-01","Headline PCE","12m",7.218316
"2022-07-01","Headline PCE","12m",6.85953
"2022-08-01","Headline PCE","12m",6.683455
"2022-09-01","Headline PCE","12m",6.693164
"2022-10-01","Headline PCE","12m",6.505872
"2022-11-01","Headline PCE","12m",6.089649
"2022-12-01","Headline PCE","12m",5.606309
"2023-01-01","Headline PCE","12m",5.555654
"2023-02-01","Headline PCE","12m",5.199788
"2023-03-01","Headline PCE","12m",4.491151
"2023-04-01","Headline PCE","12m",4.532296
"2023-05-01","Headline PCE","12m",4.097018
"2023-06-01","Headline PCE","12m",3.345578
"2023-07-01","Headline PCE","12m",3.361337
"2023-08-01","Headline PCE","12m",3.438131
"2023-09-01","Headline PCE","12m",3.491693
"2023-10-01","Headline PCE","12m",3.100032
"2023-11-01","Headline PCE","12m",2.888658
"2023-12-01","Headline PCE","12m",2.862163
"2024-01-01","Headline PCE","12m",2.74765
"2024-02-01","Headline PCE","12m",2.807194
"2024-03-01","Headline PCE","12m",2.951557
"2024-04-01","Headline PCE","12m",2.83853
"2024-05-01","Headline PCE","12m",2.697101
"2024-06-01","Headline PCE","12m",2.569554
"2024-07-01","Headline PCE","12m",2.595981
"2024-08-01","Headline PCE","12m",2.436665
"2024-09-01","Headline PCE","12m",2.259417
"2024-10-01","Headline PCE","12m",2.406279
"2024-11-01","Headline PCE","12m",2.491039
"2024-12-01","Headline PCE","12m",2.647832
"2025-01-01","Headline PCE","12m",2.63244
"2025-02-01","Headline PCE","12m",2.574768
"2025-03-01","Headline PCE","12m",2.255205
"2025-04-01","Headline PCE","12m",2.331108
"2025-05-01","Headline PCE","12m",2.463342
"2025-06-01","Headline PCE","12m",2.612061
"2025-07-01","Headline PCE","12m",2.590925
"2025-08-01","Headline PCE","12m",2.694304
"2025-09-01","Headline PCE","12m",2.783014
"2025-10-01","Headline PCE","12m",2.657412
"2025-11-01","Headline PCE","12m",2.710442
"2025-12-01","Headline PCE","12m",2.777155
"2026-01-01","Headline PCE","12m",2.728367
"2026-02-01","Headline PCE","12m",2.801145
"2026-03-01","Headline PCE","12m",3.365404
"2026-04-01","Headline PCE","12m",3.573948
"2026-05-01","Headline PCE","12m",3.823334
"2026-06-01","Headline PCE","12m",3.45301
"2026-07-01","Headline PCE","12m",3.361543
"2026-08-01","Headline PCE","12m",3.419032
"1959-02-01","Core PCE","1m",0.932938
"1959-03-01","Core PCE","1m",1.401301
"1959-04-01","Core PCE","1m",3.055296
"1959-05-01","Core PCE","1m",1.474223
"1959-06-01","Core PCE","1m",3.598995
"1959-07-01","Core PCE","1m",2.877037
"1959-08-01","Core PCE","1m",1.931126
"1959-09-01","Core PCE","1m",3.179779
"1959-10-01","Core PCE","1m",2.078248
"1959-11-01","Core PCE","1m",2.229892
"1959-12-01","Core PCE","1m",1.838795
"1960-01-01","Core PCE","1m",0.303874
"1960-02-01","Core PCE","1m",2.299192
"1960-03-01","Core PCE","1m",0.075726
"1960-04-01","Core PCE","1m",2.217389
"1960-05-01","Core PCE","1m",1.982273
"1960-06-01","Core PCE","1m",0.68102
"1960-07-01","Core PCE","1m",2.131495
"1960-08-01","Core PCE","1m",1.744749
"1960-09-01","Core PCE","1m",0.98134
"1960-10-01","Core PCE","1m",0.6779
"1960-11-01","Core PCE","1m",3.275177
"1960-12-01","Core PCE","1m",-0.373587
"1961-01-01","Core PCE","1m",0.299887
"1961-02-01","Core PCE","1m",1.2042
"1961-03-01","Core PCE","1m",0.37452
"1961-04-01","Core PCE","1m",1.657005
"1961-05-01","Core PCE","1m",1.578965
"1961-06-01","Core PCE","1m",1.804011
"1961-07-01","Core PCE","1m",1.876999
"1961-08-01","Core PCE","1m",1.270892
"1961-09-01","Core PCE","1m",2.401989
"1961-10-01","Core PCE","1m",0.371137
"1961-11-01","Core PCE","1m",0.222462
"1961-12-01","Core PCE","1m",1.041851
"1962-01-01","Core PCE","1m",1.415115
"1962-02-01","Core PCE","1m",2.014044
"1962-03-01","Core PCE","1m",2.840404
"1962-04-01","Core PCE","1m",0.221083
"1962-05-01","Core PCE","1m",1.706138
"1962-06-01","Core PCE","1m",2.227494
"1962-07-01","Core PCE","1m",1.031995
"1962-08-01","Core PCE","1m",0.146708
"1962-09-01","Core PCE","1m",2.370847
"1962-10-01","Core PCE","1m",-0.073128
"1962-11-01","Core PCE","1m",0.881429
"1962-12-01","Core PCE","1m",0.366132
"1963-01-01","Core PCE","1m",2.289203
"1963-02-01","Core PCE","1m",1.394772
"1963-03-01","Core PCE","1m",0.731035
"1963-04-01","Core PCE","1m",1.466071
"1963-05-01","Core PCE","1m",2.203769
"1963-06-01","Core PCE","1m",2.051712
"1963-07-01","Core PCE","1m",1.092521
"1963-08-01","Core PCE","1m",1.091527
"1963-09-01","Core PCE","1m",2.191962
"1963-10-01","Core PCE","1m",2.704764
"1963-11-01","Core PCE","1m",1.086126
"1963-12-01","Core PCE","1m",1.741401
"1964-01-01","Core PCE","1m",1.665874
"1964-02-01","Core PCE","1m",2.321402
"1964-03-01","Core PCE","1m",1.152379
"1964-04-01","Core PCE","1m",1.078965
"1964-05-01","Core PCE","1m",1.005799
"1964-06-01","Core PCE","1m",0.860827
"1964-07-01","Core PCE","1m",1.220628
"1964-08-01","Core PCE","1m",1.580617
"1964-09-01","Core PCE","1m",0.499806
"1964-10-01","Core PCE","1m",0.499598
"1964-11-01","Core PCE","1m",1.721725
"1964-12-01","Core PCE","1m",1.719259
"1965-01-01","Core PCE","1m",1.64473
"1965-02-01","Core PCE","1m",1.426849
"1965-03-01","Core PCE","1m",0.710266
"1965-04-01","Core PCE","1m",1.424309
"1965-05-01","Core PCE","1m",2.212946
"1965-06-01","Core PCE","1m",-0.281806
"1965-07-01","Core PCE","1m",1.206123
"1965-08-01","Core PCE","1m",2.279105
"1965-09-01","Core PCE","1m",1.41624
"1965-10-01","Core PCE","1m",-0.420831
"1965-11-01","Core PCE","1m",2.2729
"1965-12-01","Core PCE","1m",3.710337
"1966-01-01","Core PCE","1m",0.350334
"1966-02-01","Core PCE","1m",2.977101
"1966-03-01","Core PCE","1m",1.545637
"1966-04-01","Core PCE","1m",4.406368
"1966-05-01","Core PCE","1m",3.240681
"1966-06-01","Core PCE","1m",3.947101
"1966-07-01","Core PCE","1m",3.577215
"1966-08-01","Core PCE","1m",2.224449
"1966-09-01","Core PCE","1m",3.772929
"1966-10-01","Core PCE","1m",3.973809
"1966-11-01","Core PCE","1m",3.044928
"1966-12-01","Core PCE","1m",3.739187
"1967-01-01","Core PCE","1m",1.091457
"1967-02-01","Core PCE","1m",2.19182
"1967-03-01","Core PCE","1m",1.843109
"1967-04-01","Core PCE","1m",3.362669
"1967-05-01","Core PCE","1m",2.660676
"1967-06-01","Core PCE","1m",3.068905
"1967-07-01","Core PCE","1m",4.169996
"1967-08-01","Core PCE","1m",3.739905
"1967-09-01","Core PCE","1m",4.350361
"1967-10-01","Core PCE","1m",4.541999
"1967-11-01","Core PCE","1m",3.906336
"1967-12-01","Core PCE","1m",3.009056
"1968-01-01","Core PCE","1m",5.46197
"1968-02-01","Core PCE","1m",5.299775
"1968-03-01","Core PCE","1m",4.866952
"1968-04-01","Core PCE","1m",4.508542
"1968-05-01","Core PCE","1m",4.626533
"1968-06-01","Core PCE","1m",4.810569
"1968-07-01","Core PCE","1m",4.056165
"1968-08-01","Core PCE","1m",4.775174
"1968-09-01","Core PCE","1m",4.956077
"1968-10-01","Core PCE","1m",5.002103
"1968-11-01","Core PCE","1m",4.6511
"1968-12-01","Core PCE","1m",3.651987
"1969-01-01","Core PCE","1m",4.619029
"1969-02-01","Core PCE","1m",4.210593
"1969-03-01","Core PCE","1m",5.761227
"1969-04-01","Core PCE","1m",4.692858
"1969-05-01","Core PCE","1m",4.932877
"1969-06-01","Core PCE","1m",4.206728
"1969-07-01","Core PCE","1m",5.732423
"1969-08-01","Core PCE","1m",3.41344
"1969-09-01","Core PCE","1m",4.92205
"1969-10-01","Core PCE","1m",5.2831
"1969-11-01","Core PCE","1m",4.691247
"1969-12-01","Core PCE","1m",4.547487
"1970-01-01","Core PCE","1m",4.031644
"1970-02-01","Core PCE","1m",4.702048
"1970-03-01","Core PCE","1m",4.559543
"1970-04-01","Core PCE","1m",4.851728
"1970-05-01","Core PCE","1m",4.33952
"1970-06-01","Core PCE","1m",4.385128
"1970-07-01","Core PCE","1m",4.674732
"1970-08-01","Core PCE","1m",4.230719
"1970-09-01","Core PCE","1m",5.127117
"1970-10-01","Core PCE","1m",6.081087
"1970-11-01","Core PCE","1m",6.355477
"1970-12-01","Core PCE","1m",6.200552
"1971-01-01","Core PCE","1m",4.848036
"1971-02-01","Core PCE","1m",4.650349
"1971-03-01","Core PCE","1m",3.925228
"1971-04-01","Core PCE","1m",4.55835
"1971-05-01","Core PCE","1m",5.3653
"1971-06-01","Core PCE","1m",4.871871
"1971-07-01","Core PCE","1m",4.677312
"1971-08-01","Core PCE","1m",1.682047
"1971-09-01","Core PCE","1m",2.018719
"1971-10-01","Core PCE","1m",1.902396
"1971-11-01","Core PCE","1m",2.747815
"1971-12-01","Core PCE","1m",3.822993
"1972-01-01","Core PCE","1m",5.245046
"1972-02-01","Core PCE","1m",3.284713
"1972-03-01","Core PCE","1m",2.377825
"1972-04-01","Core PCE","1m",2.820288
"1972-05-01","Core PCE","1m",2.813676
"1972-06-01","Core PCE","1m",2.47314
"1972-07-01","Core PCE","1m",3.470814
"1972-08-01","Core PCE","1m",2.571622
"1972-09-01","Core PCE","1m",4.067437
"1972-10-01","Core PCE","1m",0.701483
"1972-11-01","Core PCE","1m",3.21813
"1972-12-01","Core PCE","1m",3.651908
"1973-01-01","Core PCE","1m",0.750935
"1973-02-01","Core PCE","1m",3.85954
"1973-03-01","Core PCE","1m",4.955107
"1973-04-01","Core PCE","1m",7.173656
"1973-05-01","Core PCE","1m",4.740518
"1973-06-01","Core PCE","1m",5.326255
"1973-07-01","Core PCE","1m",5.247897
"1973-08-01","Core PCE","1m",5.717235
"1973-09-01","Core PCE","1m",6.236804
"1973-10-01","Core PCE","1m",4.742221
"1973-11-01","Core PCE","1m",5.963061
"1973-12-01","Core PCE","1m",6.853661
"1974-01-01","Core PCE","1m",6.060929
"1974-02-01","Core PCE","1m",7.914419
"1974-03-01","Core PCE","1m",9.764119
"1974-04-01","Core PCE","1m",9.359972
"1974-05-01","Core PCE","1m",12.169185
"1974-06-01","Core PCE","1m",13.03105
"1974-07-01","Core PCE","1m",11.167051
"1974-08-01","Core PCE","1m",12.182024
"1974-09-01","Core PCE","1m",11.321196
"1974-10-01","Core PCE","1m",9.817463
"1974-11-01","Core PCE","1m",9.126879
"1974-12-01","Core PCE","1m",8.806362
"1975-01-01","Core PCE","1m",7.205364
"1975-02-01","Core PCE","1m",8.838615
"1975-03-01","Core PCE","1m",6.432181
"1975-04-01","Core PCE","1m",6.014224
"1975-05-01","Core PCE","1m",5.224585
"1975-06-01","Core PCE","1m",6.005653
"1975-07-01","Core PCE","1m",7.639608
"1975-08-01","Core PCE","1m",4.216044
"1975-09-01","Core PCE","1m",6.714376
"1975-10-01","Core PCE","1m",6.16359
"1975-11-01","Core PCE","1m",8.235782
"1975-12-01","Core PCE","1m",7.525762
"1976-01-01","Core PCE","1m",6.327598
"1976-02-01","Core PCE","1m",4.89009
"1976-03-01","Core PCE","1m",4.021477
"1976-04-01","Core PCE","1m",4.809246
"1976-05-01","Core PCE","1m",5.817817
"1976-06-01","Core PCE","1m",4.988602
"1976-07-01","Core PCE","1m",6.793148
"1976-08-01","Core PCE","1m",7.157103
"1976-09-01","Core PCE","1m",7.248234
"1976-10-01","Core PCE","1m",6.059465
"1976-11-01","Core PCE","1m",5.593786
"1976-12-01","Core PCE","1m",6.697476
"1977-01-01","Core PCE","1m",7.575523
"1977-02-01","Core PCE","1m",7.61499
"1977-03-01","Core PCE","1m",5.213908
"1977-04-01","Core PCE","1m",6.080218
"1977-05-01","Core PCE","1m",6.303476
"1977-06-01","Core PCE","1m",7.413819
"1977-07-01","Core PCE","1m",7.664664
"1977-08-01","Core PCE","1m",6.068212
"1977-09-01","Core PCE","1m",5.172766
"1977-10-01","Core PCE","1m",5.970532
"1977-11-01","Core PCE","1m",6.39215
"1977-12-01","Core PCE","1m",6.358291
"1978-01-01","Core PCE","1m",7.427561
"1978-02-01","Core PCE","1m",4.72133
"1978-03-01","Core PCE","1m",6.704673
"1978-04-01","Core PCE","1m",8.040729
"1978-05-01","Core PCE","1m",7.303297
"1978-06-01","Core PCE","1m",6.900903
"1978-07-01","Core PCE","1m",7.296867
"1978-08-01","Core PCE","1m",6.623928
"1978-09-01","Core PCE","1m",7.13453
"1978-10-01","Core PCE","1m",9.173525
"1978-11-01","Core PCE","1m",6.653504
"1978-12-01","Core PCE","1m",4.756425
"1979-01-01","Core PCE","1m",6.323982
"1979-02-01","Core PCE","1m",4.006278
"1979-03-01","Core PCE","1m",7.101975
"1979-04-01","Core PCE","1m",11.677354
"1979-05-01","Core PCE","1m",10.94523
"1979-06-01","Core PCE","1m",6.931363
"1979-07-01","Core PCE","1m",6.194305
"1979-08-01","Core PCE","1m",8.255726
"1979-09-01","Core PCE","1m",8.494041
"1979-10-01","Core PCE","1m",9.1321
"1979-11-01","Core PCE","1m",7.935742
"1979-12-01","Core PCE","1m",8.967094
"1980-01-01","Core PCE","1m",9.51424
"1980-02-01","Core PCE","1m",12.640114
"1980-03-01","Core PCE","1m",11.709206
"1980-04-01","Core PCE","1m",6.336221
"1980-05-01","Core PCE","1m",10.116422
"1980-06-01","Core PCE","1m",8.26393
"1980-07-01","Core PCE","1m",8.755366
"1980-08-01","Core PCE","1m",9.033148
"1980-09-01","Core PCE","1m",11.917189
"1980-10-01","Core PCE","1m",10.330534
"1980-11-01","Core PCE","1m",9.872653
"1980-12-01","Core PCE","1m",7.452466
"1981-01-01","Core PCE","1m",10.92739
"1981-02-01","Core PCE","1m",9.120894
"1981-03-01","Core PCE","1m",6.872073
"1981-04-01","Core PCE","1m",7.943435
"1981-05-01","Core PCE","1m",8.589855
"1981-06-01","Core PCE","1m",6.150276
"1981-07-01","Core PCE","1m",7.482882
"1981-08-01","Core PCE","1m",8.338449
"1981-09-01","Core PCE","1m",8.157014
"1981-10-01","Core PCE","1m",7.396866
"1981-11-01","Core PCE","1m",7.230146
"1981-12-01","Core PCE","1m",4.533815
"1982-01-01","Core PCE","1m",7.610899
"1982-02-01","Core PCE","1m",4.722262
"1982-03-01","Core PCE","1m",5.375297
"1982-04-01","Core PCE","1m",4.856856
"1982-05-01","Core PCE","1m",6.731595
"1982-06-01","Core PCE","1m",6.198467
"1982-07-01","Core PCE","1m",8.062862
"1982-08-01","Core PCE","1m",5.666881
"1982-09-01","Core PCE","1m",4.534539
"1982-10-01","Core PCE","1m",7.882738
"1982-11-01","Core PCE","1m",4.516347
"1982-12-01","Core PCE","1m",3.888959
"1983-01-01","Core PCE","1m",8.520054
"1983-02-01","Core PCE","1m",4.536413
"1983-03-01","Core PCE","1m",1.539589
"1983-04-01","Core PCE","1m",3.69404
"1983-05-01","Core PCE","1m",1.746065
"1983-06-01","Core PCE","1m",5.755023
"1983-07-01","Core PCE","1m",8.393349
"1983-08-01","Core PCE","1m",6.371753
"1983-09-01","Core PCE","1m",4.955516
"1983-10-01","Core PCE","1m",2.151966
"1983-11-01","Core PCE","1m",2.829667
"1983-12-01","Core PCE","1m",0.89863
"1984-01-01","Core PCE","1m",4.059578
"1984-02-01","Core PCE","1m",7.831291
"1984-03-01","Core PCE","1m",4.651551
"1984-04-01","Core PCE","1m",5.795785
"1984-05-01","Core PCE","1m",2.821163
"1984-06-01","Core PCE","1m",2.865919
"1984-07-01","Core PCE","1m",5.294332
"1984-08-01","Core PCE","1m",4.026613
"1984-09-01","Core PCE","1m",1.849755
"1984-10-01","Core PCE","1m",2.731292
"1984-11-01","Core PCE","1m",2.573333
"1984-12-01","Core PCE","1m",4.86089
"1985-01-01","Core PCE","1m",6.93638
"1985-02-01","Core PCE","1m",6.404592
"1985-03-01","Core PCE","1m",4.282558
"1985-04-01","Core PCE","1m",1.436999
"1985-05-01","Core PCE","1m",4.211952
"1985-06-01","Core PCE","1m",4.047259
"1985-07-01","Core PCE","1m",3.561694
"1985-08-01","Core PCE","1m",6.049757
"1985-09-01","Core PCE","1m",2.505493
"1985-10-01","Core PCE","1m",1.942444
"1985-11-01","Core PCE","1m",2.982764
"1985-12-01","Core PCE","1m",3.316346
"1986-01-01","Core PCE","1m",6.664295
"1986-02-01","Core PCE","1m",3.144164
"1986-03-01","Core PCE","1m",3.715712
"1986-04-01","Core PCE","1m",2.193418
"1986-05-01","Core PCE","1m",2.070597
"1986-06-01","Core PCE","1m",3.666972
"1986-07-01","Core PCE","1m",2.202693
"1986-08-01","Core PCE","1m",2.482504
"1986-09-01","Core PCE","1m",4.024224
"1986-10-01","Core PCE","1m",4.154145
"1986-11-01","Core PCE","1m",2.578132
"1986-12-01","Core PCE","1m",1.568897
"1987-01-01","Core PCE","1m",2.921028
"1987-02-01","Core PCE","1m",2.469606
"1987-03-01","Core PCE","1m",3.611634
"1987-04-01","Core PCE","1m",5.207255
"1987-05-01","Core PCE","1m",3.421978
"1987-06-01","Core PCE","1m",3.342506
"1987-07-01","Core PCE","1m",3.147975
"1987-08-01","Core PCE","1m",4.136372
"1987-09-01","Core PCE","1m",4.866944
"1987-10-01","Core PCE","1m",5.243293
"1987-11-01","Core PCE","1m",2.534423
"1987-12-01","Core PCE","1m",2.551722
"1988-01-01","Core PCE","1m",5.824368
"1988-02-01","Core PCE","1m",2.489224
"1988-03-01","Core PCE","1m",5.254206
"1988-04-01","Core PCE","1m",5.988906
"1988-05-01","Core PCE","1m",4.162929
"1988-06-01","Core PCE","1m",5.187344
"1988-07-01","Core PCE","1m",5.00703
"1988-08-01","Core PCE","1m",3.026805
"1988-09-01","Core PCE","1m",6.620556
"1988-10-01","Core PCE","1m",4.657264
"1988-11-01","Core PCE","1m",3.340904
"1988-12-01","Core PCE","1m",4.053951
"1989-01-01","Core PCE","1m",6.249849
"1989-02-01","Core PCE","1m",3.087357
"1989-03-01","Core PCE","1m",3.640714
"1989-04-01","Core PCE","1m",4.105349
"1989-05-01","Core PCE","1m",3.638857
"1989-06-01","Core PCE","1m",3.242624
"1989-07-01","Core PCE","1m",3.127402
"1989-08-01","Core PCE","1m",1.684814
"1989-09-01","Core PCE","1m",4.244118
"1989-10-01","Core PCE","1m",4.442725
"1989-11-01","Core PCE","1m",3.239991
"1989-12-01","Core PCE","1m",3.462686
"1990-01-01","Core PCE","1m",4.71967
"1990-02-01","Core PCE","1m",5.97719
"1990-03-01","Core PCE","1m",5.926299
"1990-04-01","Core PCE","1m",3.633808
"1990-05-01","Core PCE","1m",3.726319
"1990-06-01","Core PCE","1m",4.772358
"1990-07-01","Core PCE","1m",3.064642
"1990-08-01","Core PCE","1m",5.114373
"1990-09-01","Core PCE","1m",4.268757
"1990-10-01","Core PCE","1m",4.151426
"1990-11-01","Core PCE","1m",1.461342
"1990-12-01","Core PCE","1m",1.678186
"1991-01-01","Core PCE","1m",6.154244
"1991-02-01","Core PCE","1m",3.360371
"1991-03-01","Core PCE","1m",2.533522
"1991-04-01","Core PCE","1m",2.429112
"1991-05-01","Core PCE","1m",4.88197
"1991-06-01","Core PCE","1m",2.631238
"1991-07-01","Core PCE","1m",3.71312
"1991-08-01","Core PCE","1m",3.345673
"1991-09-01","Core PCE","1m",4.902708
"1991-10-01","Core PCE","1m",2.677619
"1991-11-01","Core PCE","1m",2.263875
"1991-12-01","Core PCE","1m",2.997187
"1992-01-01","Core PCE","1m",3.320425
"1992-02-01","Core PCE","1m",3.311264
"1992-03-01","Core PCE","1m",3.031256
"1992-04-01","Core PCE","1m",4.011065
"1992-05-01","Core PCE","1m",1.695727
"1992-06-01","Core PCE","1m",0.937523
"1992-07-01","Core PCE","1m",4.628761
"1992-08-01","Core PCE","1m",1.10208
"1992-09-01","Core PCE","1m",1.967228
"1992-10-01","Core PCE","1m",4.715024
"1992-11-01","Core PCE","1m",2.654136
"1992-12-01","Core PCE","1m",2.252623
"1993-01-01","Core PCE","1m",3.551204
"1993-02-01","Core PCE","1m",2.316697
"1993-03-01","Core PCE","1m",2.649202
"1993-04-01","Core PCE","1m",3.544909
"1993-05-01","Core PCE","1m",4.137708
"1993-06-01","Core PCE","1m",1.149491
"1993-07-01","Core PCE","1m",2.512729
"1993-08-01","Core PCE","1m",2.267091
"1993-09-01","Core PCE","1m",1.821223
"1993-10-01","Core PCE","1m",1.983603
"1993-11-01","Core PCE","1m",3.141252
"1993-12-01","Core PCE","1m",0.540101
"1994-01-01","Core PCE","1m",0.955558
"1994-02-01","Core PCE","1m",2.632047
"1994-03-01","Core PCE","1m",4.157914
"1994-04-01","Core PCE","1m",1.816511
"1994-05-01","Core PCE","1m",2.704531
"1994-06-01","Core PCE","1m",2.69845
"1994-07-01","Core PCE","1m",2.547141
"1994-08-01","Core PCE","1m",1.353095
"1994-09-01","Core PCE","1m",1.835752
"1994-10-01","Core PCE","1m",2.860485
"1994-11-01","Core PCE","1m",2.223137
"1994-12-01","Core PCE","1m",0.404956
"1995-01-01","Core PCE","1m",3.027828
"1995-02-01","Core PCE","1m",1.980514
"1995-03-01","Core PCE","1m",2.979256
"1995-04-01","Core PCE","1m",2.828545
"1995-05-01","Core PCE","1m",2.056424
"1995-06-01","Core PCE","1m",1.047995
"1995-07-01","Core PCE","1m",1.909641
"1995-08-01","Core PCE","1m",2.916855
"1995-09-01","Core PCE","1m",1.585644
"1995-10-01","Core PCE","1m",2.959141
"1995-11-01","Core PCE","1m",0.778324
"1995-12-01","Core PCE","1m",1.701029
"1996-01-01","Core PCE","1m",1.367244
"1996-02-01","Core PCE","1m",1.574623
"1996-03-01","Core PCE","1m",2.81521
"1996-04-01","Core PCE","1m",1.638378
"1996-05-01","Core PCE","1m",2.105611
"1996-06-01","Core PCE","1m",0.925417
"1996-07-01","Core PCE","1m",2.27423
"1996-08-01","Core PCE","1m",1.043179
"1996-09-01","Core PCE","1m",3.700463
"1996-10-01","Core PCE","1m",2.885741
"1996-11-01","Core PCE","1m",1.584373
"1996-12-01","Core PCE","1m",0.457029
"1997-01-01","Core PCE","1m",1.290853
"1997-02-01","Core PCE","1m",2.490597
"1997-03-01","Core PCE","1m",2.899382
"1997-04-01","Core PCE","1m",2.376464
"1997-05-01","Core PCE","1m",0.874998
"1997-06-01","Core PCE","1m",1.789763
"1997-07-01","Core PCE","1m",0.822505
"1997-08-01","Core PCE","1m",-0.483557
"1997-09-01","Core PCE","1m",2.519652
"1997-10-01","Core PCE","1m",1.833744
"1997-11-01","Core PCE","1m",0.3671
"1997-12-01","Core PCE","1m",0.701683
"1998-01-01","Core PCE","1m",1.846231
"1998-02-01","Core PCE","1m",1.035208
"1998-03-01","Core PCE","1m",1.286022
"1998-04-01","Core PCE","1m",2.228415
"1998-05-01","Core PCE","1m",1.165084
"1998-06-01","Core PCE","1m",-1.494788
"1998-07-01","Core PCE","1m",3.431174
"1998-08-01","Core PCE","1m",2.370377
"1998-09-01","Core PCE","1m",-0.197604
"1998-10-01","Core PCE","1m",2.366098
"1998-11-01","Core PCE","1m",0.214093
"1998-12-01","Core PCE","1m",2.092456
"1999-01-01","Core PCE","1m",1.721243
"1999-02-01","Core PCE","1m",-0.409179
"1999-03-01","Core PCE","1m",0.361475
"1999-04-01","Core PCE","1m",3.126873
"1999-05-01","Core PCE","1m",1.150988
"1999-06-01","Core PCE","1m",0.639163
"1999-07-01","Core PCE","1m",2.177295
"1999-08-01","Core PCE","1m",0.58849
"1999-09-01","Core PCE","1m",3.224222
"1999-10-01","Core PCE","1m",2.067083
"1999-11-01","Core PCE","1m",1.158029
"1999-12-01","Core PCE","1m",1.534309
"2000-01-01","Core PCE","1m",2.919864
"2000-02-01","Core PCE","1m",1.77456
"2000-03-01","Core PCE","1m",2.495337
"2000-04-01","Core PCE","1m",0.791398
"2000-05-01","Core PCE","1m",1.294184
"2000-06-01","Core PCE","1m",0.919552
"2000-07-01","Core PCE","1m",2.779804
"2000-08-01","Core PCE","1m",1.548419
"2000-09-01","Core PCE","1m",2.950344
"2000-10-01","Core PCE","1m",1.688391
"2000-11-01","Core PCE","1m",2.140004
"2000-12-01","Core PCE","1m",1.18345
"2001-01-01","Core PCE","1m",4.557869
"2001-02-01","Core PCE","1m",2.142234
"2001-03-01","Core PCE","1m",1.255688
"2001-04-01","Core PCE","1m",1.927115
"2001-05-01","Core PCE","1m",0.284094
"2001-06-01","Core PCE","1m",2.712134
"2001-07-01","Core PCE","1m",3.141923
"2001-08-01","Core PCE","1m",0.597592
"2001-09-01","Core PCE","1m",-6.609683
"2001-10-01","Core PCE","1m",8.785107
"2001-11-01","Core PCE","1m",2.469664
"2001-12-01","Core PCE","1m",0.281576
"2002-01-01","Core PCE","1m",0.673701
"2002-02-01","Core PCE","1m",2.319043
"2002-03-01","Core PCE","1m",1.442886
"2002-04-01","Core PCE","1m",3.397659
"2002-05-01","Core PCE","1m",1.342821
"2002-06-01","Core PCE","1m",1.923457
"2002-07-01","Core PCE","1m",2.472974
"2002-08-01","Core PCE","1m",2.388943
"2002-09-01","Core PCE","1m",1.975399
"2002-10-01","Core PCE","1m",1.020491
"2002-11-01","Core PCE","1m",1.174942
"2002-12-01","Core PCE","1m",1.12722
"2003-01-01","Core PCE","1m",0.816474
"2003-02-01","Core PCE","1m",1.669076
"2003-03-01","Core PCE","1m",1.947013
"2003-04-01","Core PCE","1m",1.338519
"2003-05-01","Core PCE","1m",1.739768
"2003-06-01","Core PCE","1m",0.673192
"2003-07-01","Core PCE","1m",3.044808
"2003-08-01","Core PCE","1m",1.361781
"2003-09-01","Core PCE","1m",1.683656
"2003-10-01","Core PCE","1m",2.237142
"2003-11-01","Core PCE","1m",1.647435
"2003-12-01","Core PCE","1m",1.507137
"2004-01-01","Core PCE","1m",3.124392
"2004-02-01","Core PCE","1m",1.960387
"2004-03-01","Core PCE","1m",2.033752
"2004-04-01","Core PCE","1m",3.167656
"2004-05-01","Core PCE","1m",1.659567
"2004-06-01","Core PCE","1m",1.915634
"2004-07-01","Core PCE","1m",1.427537
"2004-08-01","Core PCE","1m",0.463242
"2004-09-01","Core PCE","1m",2.274157
"2004-10-01","Core PCE","1m",2.634946
"2004-11-01","Core PCE","1m",2.613971
"2004-12-01","Core PCE","1m",1.551571
"2005-01-01","Core PCE","1m",4.406688
"2005-02-01","Core PCE","1m",2.008401
"2005-03-01","Core PCE","1m",2.998643
"2005-04-01","Core PCE","1m",1.388798
"2005-05-01","Core PCE","1m",2.491623
"2005-06-01","Core PCE","1m",0.837353
"2005-07-01","Core PCE","1m",1.769083
"2005-08-01","Core PCE","1m",0.982787
"2005-09-01","Core PCE","1m",2.688106
"2005-10-01","Core PCE","1m",3.505502
"2005-11-01","Core PCE","1m",3.106447
"2005-12-01","Core PCE","1m",1.252411
"2006-01-01","Core PCE","1m",2.723912
"2006-02-01","Core PCE","1m",1.951206
"2006-03-01","Core PCE","1m",3.364969
"2006-04-01","Core PCE","1m",3.726446
"2006-05-01","Core PCE","1m",3.050284
"2006-06-01","Core PCE","1m",3.071931
"2006-07-01","Core PCE","1m",1.175122
"2006-08-01","Core PCE","1m",2.477013
"2006-09-01","Core PCE","1m",1.90656
"2006-10-01","Core PCE","1m",2.192637
"2006-11-01","Core PCE","1m",0.568005
"2006-12-01","Core PCE","1m",1.625846
"2007-01-01","Core PCE","1m",4.97322
"2007-02-01","Core PCE","1m",2.621807
"2007-03-01","Core PCE","1m",1.215032
"2007-04-01","Core PCE","1m",1.725905
"2007-05-01","Core PCE","1m",1.424844
"2007-06-01","Core PCE","1m",2.00615
"2007-07-01","Core PCE","1m",1.81793
"2007-08-01","Core PCE","1m",1.800993
"2007-09-01","Core PCE","1m",3.324251
"2007-10-01","Core PCE","1m",3.171975
"2007-11-01","Core PCE","1m",2.381926
"2007-12-01","Core PCE","1m",2.433761
"2008-01-01","Core PCE","1m",2.414723
"2008-02-01","Core PCE","1m",1.177469
"2008-03-01","Core PCE","1m",2.379365
"2008-04-01","Core PCE","1m",0.702892
"2008-05-01","Core PCE","1m",2.205043
"2008-06-01","Core PCE","1m",2.789762
"2008-07-01","Core PCE","1m",2.181959
"2008-08-01","Core PCE","1m",1.484101
"2008-09-01","Core PCE","1m",1.233833
"2008-10-01","Core PCE","1m",-1.689082
"2008-11-01","Core PCE","1m",-0.530578
"2008-12-01","Core PCE","1m",-0.585109
"2009-01-01","Core PCE","1m",-0.367941
"2009-02-01","Core PCE","1m",0.960026
"2009-03-01","Core PCE","1m",0.862954
"2009-04-01","Core PCE","1m",2.705246
"2009-05-01","Core PCE","1m",0.928987
"2009-06-01","Core PCE","1m",1.546899
"2009-07-01","Core PCE","1m",1.036661
"2009-08-01","Core PCE","1m",1.791457
"2009-09-01","Core PCE","1m",2.133473
"2009-10-01","Core PCE","1m",4.511858
"2009-11-01","Core PCE","1m",1.055792
"2009-12-01","Core PCE","1m",1.027689
"2010-01-01","Core PCE","1m",1.789581
"2010-02-01","Core PCE","1m",1.052397
"2010-03-01","Core PCE","1m",1.798982
"2010-04-01","Core PCE","1m",0.617959
"2010-05-01","Core PCE","1m",1.333606
"2010-06-01","Core PCE","1m",0.576615
"2010-07-01","Core PCE","1m",0.026739
"2010-08-01","Core PCE","1m",1.155694
"2010-09-01","Core PCE","1m",0.683228
"2010-10-01","Core PCE","1m",1.84398
"2010-11-01","Core PCE","1m",1.570447
"2010-12-01","Core PCE","1m",0.253177
"2011-01-01","Core PCE","1m",2.598673
"2011-02-01","Core PCE","1m",2.118287
"2011-03-01","Core PCE","1m",1.831164
"2011-04-01","Core PCE","1m",2.787933
"2011-05-01","Core PCE","1m",2.889854
"2011-06-01","Core PCE","1m",1.325347
"2011-07-01","Core PCE","1m",1.791027
"2011-08-01","Core PCE","1m",2.41782
"2011-09-01","Core PCE","1m",0.81608
"2011-10-01","Core PCE","1m",0.578134
"2011-11-01","Core PCE","1m",2.570902
"2011-12-01","Core PCE","1m",2.004946
"2012-01-01","Core PCE","1m",3.648131
"2012-02-01","Core PCE","1m",1.691292
"2012-03-01","Core PCE","1m",2.058934
"2012-04-01","Core PCE","1m",1.830992
"2012-05-01","Core PCE","1m",1.224156
"2012-06-01","Core PCE","1m",1.235991
"2012-07-01","Core PCE","1m",1.247791
"2012-08-01","Core PCE","1m",0.764398
"2012-09-01","Core PCE","1m",1.480845
"2012-10-01","Core PCE","1m",2.951595
"2012-11-01","Core PCE","1m",1.293155
"2012-12-01","Core PCE","1m",0.88969
"2013-01-01","Core PCE","1m",2.452447
"2013-02-01","Core PCE","1m",1.314104
"2013-03-01","Core PCE","1m",1.105719
"2013-04-01","Core PCE","1m",0.589503
"2013-05-01","Core PCE","1m",1.414283
"2013-06-01","Core PCE","1m",2.086748
"2013-07-01","Core PCE","1m",1.53927
"2013-08-01","Core PCE","1m",1.305331
"2013-09-01","Core PCE","1m",1.432583
"2013-10-01","Core PCE","1m",2.049832
"2013-11-01","Core PCE","1m",2.007617
"2013-12-01","Core PCE","1m",1.285181
"2014-01-01","Core PCE","1m",1.30938
"2014-02-01","Core PCE","1m",0.56952
"2014-03-01","Core PCE","1m",1.793589
"2014-04-01","Core PCE","1m",2.072982
"2014-05-01","Core PCE","1m",2.04378
"2014-06-01","Core PCE","1m",1.364477
"2014-07-01","Core PCE","1m",2.101877
"2014-08-01","Core PCE","1m",0.464218
"2014-09-01","Core PCE","1m",1.613733
"2014-10-01","Core PCE","1m",1.042306
"2014-11-01","Core PCE","1m",1.066618
"2014-12-01","Core PCE","1m",0.851707
"2015-01-01","Core PCE","1m",-0.435496
"2015-02-01","Core PCE","1m",1.380602
"2015-03-01","Core PCE","1m",1.834101
"2015-04-01","Core PCE","1m",2.236768
"2015-05-01","Core PCE","1m",1.474989
"2015-06-01","Core PCE","1m",1.448044
"2015-07-01","Core PCE","1m",1.195577
"2015-08-01","Core PCE","1m",0.969448
"2015-09-01","Core PCE","1m",1.744758
"2015-10-01","Core PCE","1m",0.395794
"2015-11-01","Core PCE","1m",1.291159
"2015-12-01","Core PCE","1m",0.791912
"2016-01-01","Core PCE","1m",2.127327
"2016-02-01","Core PCE","1m",2.098489
"2016-03-01","Core PCE","1m",1.732523
"2016-04-01","Core PCE","1m",2.995105
"2016-05-01","Core PCE","1m",2.061688
"2016-06-01","Core PCE","1m",1.252504
"2016-07-01","Core PCE","1m",1.758161
"2016-08-01","Core PCE","1m",2.139878
"2016-09-01","Core PCE","1m",1.604334
"2016-10-01","Core PCE","1m",1.552924
"2016-11-01","Core PCE","1m",0.53485
"2016-12-01","Core PCE","1m",1.402808
"2017-01-01","Core PCE","1m",3.255831
"2017-02-01","Core PCE","1m",2.14589
"2017-03-01","Core PCE","1m",-0.505049
"2017-04-01","Core PCE","1m",2.487755
"2017-05-01","Core PCE","1m",0.966925
"2017-06-01","Core PCE","1m",1.623125
"2017-07-01","Core PCE","1m",0.880082
"2017-08-01","Core PCE","1m",1.303595
"2017-09-01","Core PCE","1m",1.472115
"2017-10-01","Core PCE","1m",2.985009
"2017-11-01","Core PCE","1m",0.586728
"2017-12-01","Core PCE","1m",1.780923
"2018-01-01","Core PCE","1m",3.930711
"2018-02-01","Core PCE","1m",2.292899
"2018-03-01","Core PCE","1m",2.652312
"2018-04-01","Core PCE","1m",2.186893
"2018-05-01","Core PCE","1m",2.122697
"2018-06-01","Core PCE","1m",1.090101
"2018-07-01","Core PCE","1m",1.589921
"2018-08-01","Core PCE","1m",0.117704
"2018-09-01","Core PCE","1m",2.245974
"2018-10-01","Core PCE","1m",1.906782
"2018-11-01","Core PCE","1m",2.250181
"2018-12-01","Core PCE","1m",2.114689
"2019-01-01","Core PCE","1m",1.588319
"2019-02-01","Core PCE","1m",1.090275
"2019-03-01","Core PCE","1m",1.11283
"2019-04-01","Core PCE","1m",2.437099
"2019-05-01","Core PCE","1m",1.23876
"2019-06-01","Core PCE","1m",2.216237
"2019-07-01","Core PCE","1m",1.375925
"2019-08-01","Core PCE","1m",1.38607
"2019-09-01","Core PCE","1m",0.882185
"2019-10-01","Core PCE","1m",1.805418
"2019-11-01","Core PCE","1m",0.740766
"2019-12-01","Core PCE","1m",2.683962
"2020-01-01","Core PCE","1m",2.148905
"2020-02-01","Core PCE","1m",2.36774
"2020-03-01","Core PCE","1m",-0.901602
"2020-04-01","Core PCE","1m",-3.819374
"2020-05-01","Core PCE","1m",1.261393
"2020-06-01","Core PCE","1m",1.889699
"2020-07-01","Core PCE","1m",4.353646
"2020-08-01","Core PCE","1m",3.555913
"2020-09-01","Core PCE","1m",1.920871
"2020-10-01","Core PCE","1m",1.109866
"2020-11-01","Core PCE","1m",1.12033
"2020-12-01","Core PCE","1m",3.357239
"2021-01-01","Core PCE","1m",3.126188
"2021-02-01","Core PCE","1m",3.059953
"2021-03-01","Core PCE","1m",4.957217
"2021-04-01","Core PCE","1m",7.284337
"2021-05-01","Core PCE","1m",5.679812
"2021-06-01","Core PCE","1m",6.086283
"2021-07-01","Core PCE","1m",5.079445
"2021-08-01","Core PCE","1m",4.140006
"2021-09-01","Core PCE","1m",2.306824
"2021-10-01","Core PCE","1m",6.437256
"2021-11-01","Core PCE","1m",6.183956
"2021-12-01","Core PCE","1m",6.806921
"2022-01-01","Core PCE","1m",6.003856
"2022-02-01","Core PCE","1m",5.951342
"2022-03-01","Core PCE","1m",4.857395
"2022-04-01","Core PCE","1m",4.018739
"2022-05-01","Core PCE","1m",4.247396
"2022-06-01","Core PCE","1m",7.674819
"2022-07-01","Core PCE","1m",4.118714
"2022-08-01","Core PCE","1m",6.352677
"2022-09-01","Core PCE","1m",5.103111
"2022-10-01","Core PCE","1m",4.864687
"2022-11-01","Core PCE","1m",3.504709
"2022-12-01","Core PCE","1m",4.230228
"2023-01-01","Core PCE","1m",5.167994
"2023-02-01","Core PCE","1m",4.271685
"2023-03-01","Core PCE","1m",4.893187
"2023-04-01","Core PCE","1m",3.881584
"2023-05-01","Core PCE","1m",4.015746
"2023-06-01","Core PCE","1m",2.951996
"2023-07-01","Core PCE","1m",1.671659
"2023-08-01","Core PCE","1m",1.485991
"2023-09-01","Core PCE","1m",3.992284
"2023-10-01","Core PCE","1m",2.711953
"2023-11-01","Core PCE","1m",2.053638
"2023-12-01","Core PCE","1m",1.695676
"2024-01-01","Core PCE","1m",5.158957
"2024-02-01","Core PCE","1m",3.715237
"2024-03-01","Core PCE","1m",4.492327
"2024-04-01","Core PCE","1m",2.345858
"2024-05-01","Core PCE","1m",1.522149
"2024-06-01","Core PCE","1m",2.588919
"2024-07-01","Core PCE","1m",2.023965
"2024-08-01","Core PCE","1m",2.598981
"2024-09-01","Core PCE","1m",3.233706
"2024-10-01","Core PCE","1m",3.495517
"2024-11-01","Core PCE","1m",1.689627
"2024-12-01","Core PCE","1m",2.041619
"2025-01-01","Core PCE","1m",4.044158
"2025-02-01","Core PCE","1m",3.850983
"2025-03-01","Core PCE","1m",1.371728
"2025-04-01","Core PCE","1m",3.705277
"2025-05-01","Core PCE","1m",2.847108
"2025-06-01","Core PCE","1m",3.046056
"2025-07-01","Core PCE","1m",2.210246
"2025-08-01","Core PCE","1m",2.720848
"2025-09-01","Core PCE","1m",2.821562
"2025-10-01","Core PCE","1m",2.147848
"2025-11-01","Core PCE","1m",1.884523
"2025-12-01","Core PCE","1m",3.854048
"2026-01-01","Core PCE","1m",4.847564
"2026-02-01","Core PCE","1m",4.107476
"2026-03-01","Core PCE","1m",3.111074
"2026-04-01","Core PCE","1m",3.447874
"2026-05-01","Core PCE","1m",3.782891
"2026-06-01","Core PCE","1m",1.61121
"2026-07-01","Core PCE","1m",1.52476
"2026-08-01","Core PCE","1m",3.010014
"1959-04-01","Core PCE","3m",1.792454
"1959-05-01","Core PCE","3m",1.974095
"1959-06-01","Core PCE","3m",2.705538
"1959-07-01","Core PCE","3m",2.646286
"1959-08-01","Core PCE","3m",2.800116
"1959-09-01","Core PCE","3m",2.661267
"1959-10-01","Core PCE","3m",2.394872
"1959-11-01","Core PCE","3m",2.494816
"1959-12-01","Core PCE","3m",2.048851
"1960-01-01","Core PCE","3m",1.454104
"1960-02-01","Core PCE","3m",1.477023
"1960-03-01","Core PCE","3m",0.88801
"1960-04-01","Core PCE","3m",1.525525
"1960-05-01","Core PCE","3m",1.420576
"1960-06-01","Core PCE","3m",1.624642
"1960-07-01","Core PCE","3m",1.596168
"1960-08-01","Core PCE","3m",1.517232
"1960-09-01","Core PCE","3m",1.61807
"1960-10-01","Core PCE","3m",1.133668
"1960-11-01","Core PCE","3m",1.638226
"1960-12-01","Core PCE","3m",1.181597
"1961-01-01","Core PCE","3m",1.054803
"1961-02-01","Core PCE","3m",0.374754
"1961-03-01","Core PCE","3m",0.625369
"1961-04-01","Core PCE","3m",1.077178
"1961-05-01","Core PCE","3m",1.201789
"1961-06-01","Core PCE","3m",1.679951
"1961-07-01","Core PCE","3m",1.753246
"1961-08-01","Core PCE","3m",1.650275
"1961-09-01","Core PCE","3m",1.848911
"1961-10-01","Core PCE","3m",1.344603
"1961-11-01","Core PCE","3m",0.993658
"1961-12-01","Core PCE","3m",0.54452
"1962-01-01","Core PCE","3m",0.891911
"1962-02-01","Core PCE","3m",1.489547
"1962-03-01","Core PCE","3m",2.088183
"1962-04-01","Core PCE","3m",1.685948
"1962-05-01","Core PCE","3m",1.58354
"1962-06-01","Core PCE","3m",1.381331
"1962-07-01","Core PCE","3m",1.654031
"1962-08-01","Core PCE","3m",1.131809
"1962-09-01","Core PCE","3m",1.179059
"1962-10-01","Core PCE","3m",0.808795
"1962-11-01","Core PCE","3m",1.05472
"1962-12-01","Core PCE","3m",0.39072
"1963-01-01","Core PCE","3m",1.175666
"1963-02-01","Core PCE","3m",1.346989
"1963-03-01","Core PCE","3m",1.469663
"1963-04-01","Core PCE","3m",1.196751
"1963-05-01","Core PCE","3m",1.465177
"1963-06-01","Core PCE","3m",1.906687
"1963-07-01","Core PCE","3m",1.781476
"1963-08-01","Core PCE","3m",1.410913
"1963-09-01","Core PCE","3m",1.457348
"1963-10-01","Core PCE","3m",1.99386
"1963-11-01","Core PCE","3m",1.992043
"1963-12-01","Core PCE","3m",1.841929
"1964-01-01","Core PCE","3m",1.497378
"1964-02-01","Core PCE","3m",1.909139
"1964-03-01","Core PCE","3m",1.712094
"1964-04-01","Core PCE","3m",1.51599
"1964-05-01","Core PCE","3m",1.07903
"1964-06-01","Core PCE","3m",0.981823
"1964-07-01","Core PCE","3m",1.028977
"1964-08-01","Core PCE","3m",1.220264
"1964-09-01","Core PCE","3m",1.09935
"1964-10-01","Core PCE","3m",0.858722
"1964-11-01","Core PCE","3m",0.905403
"1964-12-01","Core PCE","3m",1.311888
"1965-01-01","Core PCE","3m",1.695232
"1965-02-01","Core PCE","3m",1.59687
"1965-03-01","Core PCE","3m",1.259827
"1965-04-01","Core PCE","3m",1.186579
"1965-05-01","Core PCE","3m",1.447318
"1965-06-01","Core PCE","3m",1.113107
"1965-07-01","Core PCE","3m",1.040549
"1965-08-01","Core PCE","3m",1.062345
"1965-09-01","Core PCE","3m",1.632764
"1965-10-01","Core PCE","3m",1.085216
"1965-11-01","Core PCE","3m",1.083171
"1965-12-01","Core PCE","3m",1.839683
"1966-01-01","Core PCE","3m",2.101897
"1966-02-01","Core PCE","3m",2.335702
"1966-03-01","Core PCE","3m",1.618688
"1966-04-01","Core PCE","3m",2.969745
"1966-05-01","Core PCE","3m",3.057524
"1966-06-01","Core PCE","3m",3.863609
"1966-07-01","Core PCE","3m",3.587931
"1966-08-01","Core PCE","3m",3.246926
"1966-09-01","Core PCE","3m",3.189228
"1966-10-01","Core PCE","3m",3.320762
"1966-11-01","Core PCE","3m",3.596452
"1966-12-01","Core PCE","3m",3.585223
"1967-01-01","Core PCE","3m",2.619046
"1967-02-01","Core PCE","3m",2.335067
"1967-03-01","Core PCE","3m",1.707758
"1967-04-01","Core PCE","3m",2.46381
"1967-05-01","Core PCE","3m",2.620272
"1967-06-01","Core PCE","3m",3.030348
"1967-07-01","Core PCE","3m",3.297896
"1967-08-01","Core PCE","3m",3.658611
"1967-09-01","Core PCE","3m",4.086439
"1967-10-01","Core PCE","3m",4.210193
"1967-11-01","Core PCE","3m",4.265892
"1967-12-01","Core PCE","3m",3.817225
"1968-01-01","Core PCE","3m",4.120866
"1968-02-01","Core PCE","3m",4.58424
"1968-03-01","Core PCE","3m",5.209266
"1968-04-01","Core PCE","3m",4.891258
"1968-05-01","Core PCE","3m",4.667236
"1968-06-01","Core PCE","3m",4.648474
"1968-07-01","Core PCE","3m",4.497262
"1968-08-01","Core PCE","3m",4.546724
"1968-09-01","Core PCE","3m",4.595082
"1968-10-01","Core PCE","3m",4.911072
"1968-11-01","Core PCE","3m",4.869644
"1968-12-01","Core PCE","3m",4.433494
"1969-01-01","Core PCE","3m",4.30634
"1969-02-01","Core PCE","3m",4.159782
"1969-03-01","Core PCE","3m",4.861567
"1969-04-01","Core PCE","3m",4.886228
"1969-05-01","Core PCE","3m",5.127993
"1969-06-01","Core PCE","3m",4.610384
"1969-07-01","Core PCE","3m",4.955493
"1969-08-01","Core PCE","3m",4.44644
"1969-09-01","Core PCE","3m",4.684884
"1969-10-01","Core PCE","3m",4.536384
"1969-11-01","Core PCE","3m",4.965183
"1969-12-01","Core PCE","3m",4.840129
"1970-01-01","Core PCE","3m",4.423075
"1970-02-01","Core PCE","3m",4.426666
"1970-03-01","Core PCE","3m",4.43068
"1970-04-01","Core PCE","3m",4.704372
"1970-05-01","Core PCE","3m",4.583387
"1970-06-01","Core PCE","3m",4.525203
"1970-07-01","Core PCE","3m",4.466355
"1970-08-01","Core PCE","3m",4.430031
"1970-09-01","Core PCE","3m",4.676883
"1970-10-01","Core PCE","3m",5.143594
"1970-11-01","Core PCE","3m",5.853249
"1970-12-01","Core PCE","3m",6.212313
"1971-01-01","Core PCE","3m",5.799182
"1971-02-01","Core PCE","3m",5.23073
"1971-03-01","Core PCE","3m",4.473784
"1971-04-01","Core PCE","3m",4.377478
"1971-05-01","Core PCE","3m",4.614634
"1971-06-01","Core PCE","3m",4.931315
"1971-07-01","Core PCE","3m",4.971096
"1971-08-01","Core PCE","3m",3.733402
"1971-09-01","Core PCE","3m",2.784013
"1971-10-01","Core PCE","3m",1.867625
"1971-11-01","Core PCE","3m",2.222293
"1971-12-01","Core PCE","3m",2.8214
"1972-01-01","Core PCE","3m",3.933591
"1972-02-01","Core PCE","3m",4.114308
"1972-03-01","Core PCE","3m",3.628975
"1972-04-01","Core PCE","3m",2.826942
"1972-05-01","Core PCE","3m",2.670388
"1972-06-01","Core PCE","3m",2.70224
"1972-07-01","Core PCE","3m",2.918378
"1972-08-01","Core PCE","3m",2.837547
"1972-09-01","Core PCE","3m",3.368127
"1972-10-01","Core PCE","3m",2.437581
"1972-11-01","Core PCE","3m",2.652352
"1972-12-01","Core PCE","3m",2.515544
"1973-01-01","Core PCE","3m",2.532322
"1973-02-01","Core PCE","3m",2.744266
"1973-03-01","Core PCE","3m",3.17307
"1973-04-01","Core PCE","3m",5.320442
"1973-05-01","Core PCE","3m",5.617394
"1973-06-01","Core PCE","3m",5.741744
"1973-07-01","Core PCE","3m",5.104569
"1973-08-01","Core PCE","3m",5.430263
"1973-09-01","Core PCE","3m",5.733207
"1973-10-01","Core PCE","3m",5.5636
"1973-11-01","Core PCE","3m",5.645359
"1973-12-01","Core PCE","3m",5.849439
"1974-01-01","Core PCE","3m",6.291803
"1974-02-01","Core PCE","3m",6.940309
"1974-03-01","Core PCE","3m",7.902564
"1974-04-01","Core PCE","3m",9.009937
"1974-05-01","Core PCE","3m",10.424163
"1974-06-01","Core PCE","3m",11.508996
"1974-07-01","Core PCE","3m",12.11984
"1974-08-01","Core PCE","3m",12.124118
"1974-09-01","Core PCE","3m",11.555865
"1974-10-01","Core PCE","3m",11.102589
"1974-11-01","Core PCE","3m",10.08471
"1974-12-01","Core PCE","3m",9.249421
"1975-01-01","Core PCE","3m",8.376265
"1975-02-01","Core PCE","3m",8.280754
"1975-03-01","Core PCE","3m",7.487384
"1975-04-01","Core PCE","3m",7.08781
"1975-05-01","Core PCE","3m",5.889145
"1975-06-01","Core PCE","3m",5.747505
"1975-07-01","Core PCE","3m",6.285197
"1975-08-01","Core PCE","3m",5.944538
"1975-09-01","Core PCE","3m",6.180119
"1975-10-01","Core PCE","3m",5.692548
"1975-11-01","Core PCE","3m",7.034338
"1975-12-01","Core PCE","3m",7.304926
"1976-01-01","Core PCE","3m",7.360155
"1976-02-01","Core PCE","3m",6.242349
"1976-03-01","Core PCE","3m",5.075426
"1976-04-01","Core PCE","3m",4.572869
"1976-05-01","Core PCE","3m",4.880272
"1976-06-01","Core PCE","3m",5.204306
"1976-07-01","Core PCE","3m",5.863955
"1976-08-01","Core PCE","3m",6.308707
"1976-09-01","Core PCE","3m",7.065981
"1976-10-01","Core PCE","3m",6.820231
"1976-11-01","Core PCE","3m",6.298217
"1976-12-01","Core PCE","3m",6.115945
"1977-01-01","Core PCE","3m",6.619177
"1977-02-01","Core PCE","3m",7.295159
"1977-03-01","Core PCE","3m",6.795543
"1977-04-01","Core PCE","3m",6.298412
"1977-05-01","Core PCE","3m",5.864823
"1977-06-01","Core PCE","3m",6.597579
"1977-07-01","Core PCE","3m",7.125683
"1977-08-01","Core PCE","3m",7.046597
"1977-09-01","Core PCE","3m",6.296895
"1977-10-01","Core PCE","3m",5.736408
"1977-11-01","Core PCE","3m",5.84394
"1977-12-01","Core PCE","3m",6.240152
"1978-01-01","Core PCE","3m",6.724849
"1978-02-01","Core PCE","3m",6.163217
"1978-03-01","Core PCE","3m",6.278341
"1978-04-01","Core PCE","3m",6.480161
"1978-05-01","Core PCE","3m",7.348176
"1978-06-01","Core PCE","3m",7.41394
"1978-07-01","Core PCE","3m",7.166857
"1978-08-01","Core PCE","3m",6.94021
"1978-09-01","Core PCE","3m",7.018057
"1978-10-01","Core PCE","3m",7.638382
"1978-11-01","Core PCE","3m",7.648333
"1978-12-01","Core PCE","3m",6.845863
"1979-01-01","Core PCE","3m",5.908059
"1979-02-01","Core PCE","3m",5.024467
"1979-03-01","Core PCE","3m",5.802538
"1979-04-01","Core PCE","3m",7.549249
"1979-05-01","Core PCE","3m",9.889722
"1979-06-01","Core PCE","3m",9.83134
"1979-07-01","Core PCE","3m",8.003622
"1979-08-01","Core PCE","3m",7.123742
"1979-09-01","Core PCE","3m",7.64305
"1979-10-01","Core PCE","3m",8.62666
"1979-11-01","Core PCE","3m",8.519527
"1979-12-01","Core PCE","3m",8.67702
"1980-01-01","Core PCE","3m",8.803721
"1980-02-01","Core PCE","3m",10.36203
"1980-03-01","Core PCE","3m",11.28011
"1980-04-01","Core PCE","3m",10.193106
"1980-05-01","Core PCE","3m",9.363926
"1980-06-01","Core PCE","3m",8.227851
"1980-07-01","Core PCE","3m",9.042431
"1980-08-01","Core PCE","3m",8.683682
"1980-09-01","Core PCE","3m",9.892658
"1980-10-01","Core PCE","3m",10.420664
"1980-11-01","Core PCE","3m",10.703336
"1980-12-01","Core PCE","3m",9.211215
"1981-01-01","Core PCE","3m",9.407795
"1981-02-01","Core PCE","3m",9.157697
"1981-03-01","Core PCE","3m",8.960808
"1981-04-01","Core PCE","3m",7.974896
"1981-05-01","Core PCE","3m",7.799457
"1981-06-01","Core PCE","3m",7.556222
"1981-07-01","Core PCE","3m",7.403037
"1981-08-01","Core PCE","3m",7.320087
"1981-09-01","Core PCE","3m",7.992154
"1981-10-01","Core PCE","3m",7.963338
"1981-11-01","Core PCE","3m",7.59392
"1981-12-01","Core PCE","3m",6.378804
"1982-01-01","Core PCE","3m",6.449425
"1982-02-01","Core PCE","3m",5.612995
"1982-03-01","Core PCE","3m",5.895628
"1982-04-01","Core PCE","3m",4.984428
"1982-05-01","Core PCE","3m",5.651633
"1982-06-01","Core PCE","3m",5.926029
"1982-07-01","Core PCE","3m",6.994776
"1982-08-01","Core PCE","3m",6.637806
"1982-09-01","Core PCE","3m",6.077934
"1982-10-01","Core PCE","3m",6.018963
"1982-11-01","Core PCE","3m",5.632769
"1982-12-01","Core PCE","3m",5.414866
"1983-01-01","Core PCE","3m",5.622037
"1983-02-01","Core PCE","3m",5.628796
"1983-03-01","Core PCE","3m",4.826479
"1983-04-01","Core PCE","3m",3.248939
"1983-05-01","Core PCE","3m",2.321981
"1983-06-01","Core PCE","3m",3.718798
"1983-07-01","Core PCE","3m",5.262518
"1983-08-01","Core PCE","3m",6.834122
"1983-09-01","Core PCE","3m",6.564219
"1983-10-01","Core PCE","3m",4.478302
"1983-11-01","Core PCE","3m",3.305508
"1983-12-01","Core PCE","3m",1.956944
"1984-01-01","Core PCE","3m",2.587691
"1984-02-01","Core PCE","3m",4.224714
"1984-03-01","Core PCE","3m",5.501227
"1984-04-01","Core PCE","3m",6.084747
"1984-05-01","Core PCE","3m",4.415631
"1984-06-01","Core PCE","3m",3.818352
"1984-07-01","Core PCE","3m",3.654065
"1984-08-01","Core PCE","3m",4.057564
"1984-09-01","Core PCE","3m",3.713784
"1984-10-01","Core PCE","3m",2.86534
"1984-11-01","Core PCE","3m",2.384073
"1984-12-01","Core PCE","3m",3.383267
"1985-01-01","Core PCE","3m",4.775038
"1985-02-01","Core PCE","3m",6.063624
"1985-03-01","Core PCE","3m",5.868276
"1985-04-01","Core PCE","3m",4.021428
"1985-05-01","Core PCE","3m",3.301953
"1985-06-01","Core PCE","3m",3.224199
"1985-07-01","Core PCE","3m",3.939935
"1985-08-01","Core PCE","3m",4.54738
"1985-09-01","Core PCE","3m",4.028416
"1985-10-01","Core PCE","3m",3.483383
"1985-11-01","Core PCE","3m",2.476018
"1985-12-01","Core PCE","3m",2.745515
"1986-01-01","Core PCE","3m",4.307983
"1986-02-01","Core PCE","3m",4.362447
"1986-03-01","Core PCE","3m",4.496744
"1986-04-01","Core PCE","3m",3.015849
"1986-05-01","Core PCE","3m",2.657191
"1986-06-01","Core PCE","3m",2.641108
"1986-07-01","Core PCE","3m",2.644213
"1986-08-01","Core PCE","3m",2.782102
"1986-09-01","Core PCE","3m",2.900034
"1986-10-01","Core PCE","3m",3.550832
"1986-11-01","Core PCE","3m",3.58303
"1986-12-01","Core PCE","3m",2.761561
"1987-01-01","Core PCE","3m",2.354407
"1987-02-01","Core PCE","3m",2.318298
"1987-03-01","Core PCE","3m",2.999686
"1987-04-01","Core PCE","3m",3.756766
"1987-05-01","Core PCE","3m",4.07722
"1987-06-01","Core PCE","3m",3.987029
"1987-07-01","Core PCE","3m",3.304089
"1987-08-01","Core PCE","3m",3.541403
"1987-09-01","Core PCE","3m",4.048044
"1987-10-01","Core PCE","3m",4.747861
"1987-11-01","Core PCE","3m",4.207964
"1987-12-01","Core PCE","3m",3.435359
"1988-01-01","Core PCE","3m",3.625374
"1988-02-01","Core PCE","3m",3.610145
"1988-03-01","Core PCE","3m",4.512391
"1988-04-01","Core PCE","3m",4.566529
"1988-05-01","Core PCE","3m",5.132667
"1988-06-01","Core PCE","3m",5.110401
"1988-07-01","Core PCE","3m",4.784814
"1988-08-01","Core PCE","3m",4.402452
"1988-09-01","Core PCE","3m",4.874487
"1988-10-01","Core PCE","3m",4.757916
"1988-11-01","Core PCE","3m",4.864267
"1988-12-01","Core PCE","3m",4.015981
"1989-01-01","Core PCE","3m",4.540936
"1989-02-01","Core PCE","3m",4.455369
"1989-03-01","Core PCE","3m",4.316908
"1989-04-01","Core PCE","3m",3.610304
"1989-05-01","Core PCE","3m",3.794741
"1989-06-01","Core PCE","3m",3.661677
"1989-07-01","Core PCE","3m",3.336062
"1989-08-01","Core PCE","3m",2.682493
"1989-09-01","Core PCE","3m",3.013445
"1989-10-01","Core PCE","3m",3.449553
"1989-11-01","Core PCE","3m",3.974276
"1989-12-01","Core PCE","3m",3.713821
"1990-01-01","Core PCE","3m",3.805411
"1990-02-01","Core PCE","3m",4.714817
"1990-03-01","Core PCE","3m",5.539449
"1990-04-01","Core PCE","3m",5.173393
"1990-05-01","Core PCE","3m",4.423459
"1990-06-01","Core PCE","3m",4.042884
"1990-07-01","Core PCE","3m",3.852063
"1990-08-01","Core PCE","3m",4.313257
"1990-09-01","Core PCE","3m",4.145857
"1990-10-01","Core PCE","3m",4.51064
"1990-11-01","Core PCE","3m",3.285655
"1990-12-01","Core PCE","3m",2.423089
"1991-01-01","Core PCE","3m",3.075453
"1991-02-01","Core PCE","3m",3.714562
"1991-03-01","Core PCE","3m",4.004572
"1991-04-01","Core PCE","3m",2.773492
"1991-05-01","Core PCE","3m",3.275358
"1991-06-01","Core PCE","3m",3.308155
"1991-07-01","Core PCE","3m",3.738039
"1991-08-01","Core PCE","3m",3.229032
"1991-09-01","Core PCE","3m",3.985049
"1991-10-01","Core PCE","3m",3.637819
"1991-11-01","Core PCE","3m",3.274931
"1991-12-01","Core PCE","3m",2.645788
"1992-01-01","Core PCE","3m",2.859545
"1992-02-01","Core PCE","3m",3.209516
"1992-03-01","Core PCE","3m",3.220894
"1992-04-01","Core PCE","3m",3.450375
"1992-05-01","Core PCE","3m",2.908302
"1992-06-01","Core PCE","3m",2.206448
"1992-07-01","Core PCE","3m",2.408375
"1992-08-01","Core PCE","3m",2.208717
"1992-09-01","Core PCE","3m",2.5551
"1992-10-01","Core PCE","3m",2.583277
"1992-11-01","Core PCE","3m",3.105544
"1992-12-01","Core PCE","3m",3.201649
"1993-01-01","Core PCE","3m",2.81789
"1993-02-01","Core PCE","3m",2.705107
"1993-03-01","Core PCE","3m",2.837714
"1993-04-01","Core PCE","3m",2.83563
"1993-05-01","Core PCE","3m",3.442129
"1993-06-01","Core PCE","3m",2.93589
"1993-07-01","Core PCE","3m",2.592711
"1993-08-01","Core PCE","3m",1.974707
"1993-09-01","Core PCE","3m",2.199947
"1993-10-01","Core PCE","3m",2.023806
"1993-11-01","Core PCE","3m",2.313675
"1993-12-01","Core PCE","3m",1.882757
"1994-01-01","Core PCE","3m",1.539257
"1994-02-01","Core PCE","3m",1.371883
"1994-03-01","Core PCE","3m",2.573498
"1994-04-01","Core PCE","3m",2.864257
"1994-05-01","Core PCE","3m",2.888467
"1994-06-01","Core PCE","3m",2.405646
"1994-07-01","Core PCE","3m",2.650015
"1994-08-01","Core PCE","3m",2.197786
"1994-09-01","Core PCE","3m",1.910817
"1994-10-01","Core PCE","3m",2.014511
"1994-11-01","Core PCE","3m",2.305586
"1994-12-01","Core PCE","3m",1.824192
"1995-01-01","Core PCE","3m",1.879381
"1995-02-01","Core PCE","3m",1.798715
"1995-03-01","Core PCE","3m",2.661395
"1995-04-01","Core PCE","3m",2.595161
"1995-05-01","Core PCE","3m",2.620611
"1995-06-01","Core PCE","3m",1.975046
"1995-07-01","Core PCE","3m",1.670378
"1995-08-01","Core PCE","3m",1.955304
"1995-09-01","Core PCE","3m",2.13581
"1995-10-01","Core PCE","3m",2.485223
"1995-11-01","Core PCE","3m",1.770395
"1995-12-01","Core PCE","3m",1.808912
"1996-01-01","Core PCE","3m",1.28148
"1996-02-01","Core PCE","3m",1.547539
"1996-03-01","Core PCE","3m",1.917026
"1996-04-01","Core PCE","3m",2.007813
"1996-05-01","Core PCE","3m",2.185255
"1996-06-01","Core PCE","3m",1.555308
"1996-07-01","Core PCE","3m",1.766645
"1996-08-01","Core PCE","3m",1.412446
"1996-09-01","Core PCE","3m",2.333534
"1996-10-01","Core PCE","3m",2.537084
"1996-11-01","Core PCE","3m",2.719823
"1996-12-01","Core PCE","3m",1.637539
"1997-01-01","Core PCE","3m",1.109622
"1997-02-01","Core PCE","3m",1.409396
"1997-03-01","Core PCE","3m",2.22466
"1997-04-01","Core PCE","3m",2.588569
"1997-05-01","Core PCE","3m",2.046664
"1997-06-01","Core PCE","3m",1.678529
"1997-07-01","Core PCE","3m",1.161449
"1997-08-01","Core PCE","3m",0.705257
"1997-09-01","Core PCE","3m",0.945388
"1997-10-01","Core PCE","3m",1.281757
"1997-11-01","Core PCE","3m",1.569521
"1997-12-01","Core PCE","3m",0.965563
"1998-01-01","Core PCE","3m",0.96969
"1998-02-01","Core PCE","3m",1.193234
"1998-03-01","Core PCE","3m",1.388587
"1998-04-01","Core PCE","3m",1.515251
"1998-05-01","Core PCE","3m",1.55873
"1998-06-01","Core PCE","3m",0.62066
"1998-07-01","Core PCE","3m",1.013737
"1998-08-01","Core PCE","3m",1.413318
"1998-09-01","Core PCE","3m",1.856537
"1998-10-01","Core PCE","3m",1.50571
"1998-11-01","Core PCE","3m",0.787956
"1998-12-01","Core PCE","3m",1.553026
"1999-01-01","Core PCE","3m",1.339332
"1999-02-01","Core PCE","3m",1.128805
"1999-03-01","Core PCE","3m",0.553996
"1999-04-01","Core PCE","3m",1.015046
"1999-05-01","Core PCE","3m",1.539808
"1999-06-01","Core PCE","3m",1.633371
"1999-07-01","Core PCE","3m",1.320467
"1999-08-01","Core PCE","3m",1.132304
"1999-09-01","Core PCE","3m",1.990903
"1999-10-01","Core PCE","3m",1.954219
"1999-11-01","Core PCE","3m",2.146281
"1999-12-01","Core PCE","3m",1.585789
"2000-01-01","Core PCE","3m",1.867925
"2000-02-01","Core PCE","3m",2.074459
"2000-03-01","Core PCE","3m",2.395495
"2000-04-01","Core PCE","3m",1.684698
"2000-05-01","Core PCE","3m",1.524462
"2000-06-01","Core PCE","3m",1.001486
"2000-07-01","Core PCE","3m",1.661349
"2000-08-01","Core PCE","3m",1.746331
"2000-09-01","Core PCE","3m",2.42428
"2000-10-01","Core PCE","3m",2.060443
"2000-11-01","Core PCE","3m",2.258249
"2000-12-01","Core PCE","3m",1.669864
"2001-01-01","Core PCE","3m",2.617326
"2001-02-01","Core PCE","3m",2.618073
"2001-03-01","Core PCE","3m",2.642488
"2001-04-01","Core PCE","3m",1.774311
"2001-05-01","Core PCE","3m",1.153381
"2001-06-01","Core PCE","3m",1.636066
"2001-07-01","Core PCE","3m",2.038252
"2001-08-01","Core PCE","3m",2.144469
"2001-09-01","Core PCE","3m",-1.044132
"2001-10-01","Core PCE","3m",0.728637
"2001-11-01","Core PCE","3m",1.349638
"2001-12-01","Core PCE","3m",3.783577
"2002-01-01","Core PCE","3m",1.137178
"2002-02-01","Core PCE","3m",1.0876
"2002-03-01","Core PCE","3m",1.476318
"2002-04-01","Core PCE","3m",2.38341
"2002-05-01","Core PCE","3m",2.056757
"2002-06-01","Core PCE","3m",2.217663
"2002-07-01","Core PCE","3m",1.912039
"2002-08-01","Core PCE","3m",2.261505
"2002-09-01","Core PCE","3m",2.278874
"2002-10-01","Core PCE","3m",1.793329
"2002-11-01","Core PCE","3m",1.389415
"2002-12-01","Core PCE","3m",1.10753
"2003-01-01","Core PCE","3m",1.03942
"2003-02-01","Core PCE","3m",1.203644
"2003-03-01","Core PCE","3m",1.476379
"2003-04-01","Core PCE","3m",1.651232
"2003-05-01","Core PCE","3m",1.674786
"2003-06-01","Core PCE","3m",1.249537
"2003-07-01","Core PCE","3m",1.81464
"2003-08-01","Core PCE","3m",1.688396
"2003-09-01","Core PCE","3m",2.027481
"2003-10-01","Core PCE","3m",1.760218
"2003-11-01","Core PCE","3m",1.85572
"2003-12-01","Core PCE","3m",1.796747
"2004-01-01","Core PCE","3m",2.090375
"2004-02-01","Core PCE","3m",2.19504
"2004-03-01","Core PCE","3m",2.371464
"2004-04-01","Core PCE","3m",2.385777
"2004-05-01","Core PCE","3m",2.284987
"2004-06-01","Core PCE","3m",2.245502
"2004-07-01","Core PCE","3m",1.667384
"2004-08-01","Core PCE","3m",1.267004
"2004-09-01","Core PCE","3m",1.385612
"2004-10-01","Core PCE","3m",1.786329
"2004-11-01","Core PCE","3m",2.507558
"2004-12-01","Core PCE","3m",2.265576
"2005-01-01","Core PCE","3m",2.850677
"2005-02-01","Core PCE","3m",2.647955
"2005-03-01","Core PCE","3m",3.133222
"2005-04-01","Core PCE","3m",2.129798
"2005-05-01","Core PCE","3m",2.29081
"2005-06-01","Core PCE","3m",1.570267
"2005-07-01","Core PCE","3m",1.697097
"2005-08-01","Core PCE","3m",1.195582
"2005-09-01","Core PCE","3m",1.810941
"2005-10-01","Core PCE","3m",2.386723
"2005-11-01","Core PCE","3m",3.099478
"2005-12-01","Core PCE","3m",2.616739
"2006-01-01","Core PCE","3m",2.357794
"2006-02-01","Core PCE","3m",1.974073
"2006-03-01","Core PCE","3m",2.678402
"2006-04-01","Core PCE","3m",3.011351
"2006-05-01","Core PCE","3m",3.380197
"2006-06-01","Core PCE","3m",3.282411
"2006-07-01","Core PCE","3m",2.428571
"2006-08-01","Core PCE","3m",2.23828
"2006-09-01","Core PCE","3m",1.851504
"2006-10-01","Core PCE","3m",2.191804
"2006-11-01","Core PCE","3m",1.553258
"2006-12-01","Core PCE","3m",1.459925
"2007-01-01","Core PCE","3m",2.371919
"2007-02-01","Core PCE","3m",3.064108
"2007-03-01","Core PCE","3m",2.925045
"2007-04-01","Core PCE","3m",1.85259
"2007-05-01","Core PCE","3m",1.455044
"2007-06-01","Core PCE","3m",1.71869
"2007-07-01","Core PCE","3m",1.749353
"2007-08-01","Core PCE","3m",1.874982
"2007-09-01","Core PCE","3m",2.311907
"2007-10-01","Core PCE","3m",2.76345
"2007-11-01","Core PCE","3m",2.958554
"2007-12-01","Core PCE","3m",2.661921
"2008-01-01","Core PCE","3m",2.410134
"2008-02-01","Core PCE","3m",2.006953
"2008-03-01","Core PCE","3m",1.988893
"2008-04-01","Core PCE","3m",1.41746
"2008-05-01","Core PCE","3m",1.759641
"2008-06-01","Core PCE","3m",1.895431
"2008-07-01","Core PCE","3m",2.391869
"2008-08-01","Core PCE","3m",2.150547
"2008-09-01","Core PCE","3m",1.632507
"2008-10-01","Core PCE","3m",0.332542
"2008-11-01","Core PCE","3m",-0.33584
"2008-12-01","Core PCE","3m",-0.936364
"2009-01-01","Core PCE","3m",-0.494585
"2009-02-01","Core PCE","3m",0
"2009-03-01","Core PCE","3m",0.48319
"2009-04-01","Core PCE","3m",1.505892
"2009-05-01","Core PCE","3m",1.495489
"2009-06-01","Core PCE","3m",1.724384
"2009-07-01","Core PCE","3m",1.17049
"2009-08-01","Core PCE","3m",1.457851
"2009-09-01","Core PCE","3m",1.652829
"2009-10-01","Core PCE","3m",2.80518
"2009-11-01","Core PCE","3m",2.556917
"2009-12-01","Core PCE","3m",2.185451
"2010-01-01","Core PCE","3m",1.290408
"2010-02-01","Core PCE","3m",1.289273
"2010-03-01","Core PCE","3m",1.546383
"2010-04-01","Core PCE","3m",1.155271
"2010-05-01","Core PCE","3m",1.249016
"2010-06-01","Core PCE","3m",0.842129
"2010-07-01","Core PCE","3m",0.644228
"2010-08-01","Core PCE","3m",0.585293
"2010-09-01","Core PCE","3m",0.620821
"2010-10-01","Core PCE","3m",1.226513
"2010-11-01","Core PCE","3m",1.364672
"2010-12-01","Core PCE","3m",1.220145
"2011-01-01","Core PCE","3m",1.469554
"2011-02-01","Core PCE","3m",1.651659
"2011-03-01","Core PCE","3m",2.182218
"2011-04-01","Core PCE","3m",2.24501
"2011-05-01","Core PCE","3m",2.501872
"2011-06-01","Core PCE","3m",2.331874
"2011-07-01","Core PCE","3m",1.999971
"2011-08-01","Core PCE","3m",1.843748
"2011-09-01","Core PCE","3m",1.672837
"2011-10-01","Core PCE","3m",1.267395
"2011-11-01","Core PCE","3m",1.317824
"2011-12-01","Core PCE","3m",1.714529
"2012-01-01","Core PCE","3m",2.739069
"2012-02-01","Core PCE","3m",2.444542
"2012-03-01","Core PCE","3m",2.462612
"2012-04-01","Core PCE","3m",1.860293
"2012-05-01","Core PCE","3m",1.704083
"2012-06-01","Core PCE","3m",1.429985
"2012-07-01","Core PCE","3m",1.235979
"2012-08-01","Core PCE","3m",1.082476
"2012-09-01","Core PCE","3m",1.163904
"2012-10-01","Core PCE","3m",1.728215
"2012-11-01","Core PCE","3m",1.905843
"2012-12-01","Core PCE","3m",1.70758
"2013-01-01","Core PCE","3m",1.542942
"2013-02-01","Core PCE","3m",1.549942
"2013-03-01","Core PCE","3m",1.622371
"2013-04-01","Core PCE","3m",1.002649
"2013-05-01","Core PCE","3m",1.035928
"2013-06-01","Core PCE","3m",1.361661
"2013-07-01","Core PCE","3m",1.679681
"2013-08-01","Core PCE","3m",1.643256
"2013-09-01","Core PCE","3m",1.425683
"2013-10-01","Core PCE","3m",1.595396
"2013-11-01","Core PCE","3m",1.829621
"2013-12-01","Core PCE","3m",1.780271
"2014-01-01","Core PCE","3m",1.533508
"2014-02-01","Core PCE","3m",1.05411
"2014-03-01","Core PCE","3m",1.22291
"2014-04-01","Core PCE","3m",1.476591
"2014-05-01","Core PCE","3m",1.97004
"2014-06-01","Core PCE","3m",1.826553
"2014-07-01","Core PCE","3m",1.83616
"2014-08-01","Core PCE","3m",1.307976
"2014-09-01","Core PCE","3m",1.390947
"2014-10-01","Core PCE","3m",1.038996
"2014-11-01","Core PCE","3m",1.240542
"2014-12-01","Core PCE","3m",0.986831
"2015-01-01","Core PCE","3m",0.492081
"2015-02-01","Core PCE","3m",0.59604
"2015-03-01","Core PCE","3m",0.921619
"2015-04-01","Core PCE","3m",1.816556
"2015-05-01","Core PCE","3m",1.848144
"2015-06-01","Core PCE","3m",1.719278
"2015-07-01","Core PCE","3m",1.372792
"2015-08-01","Core PCE","3m",1.204168
"2015-09-01","Core PCE","3m",1.302739
"2015-10-01","Core PCE","3m",1.035156
"2015-11-01","Core PCE","3m",1.142349
"2015-12-01","Core PCE","3m",0.825623
"2016-01-01","Core PCE","3m",1.401971
"2016-02-01","Core PCE","3m",1.670663
"2016-03-01","Core PCE","3m",1.985955
"2016-04-01","Core PCE","3m",2.273999
"2016-05-01","Core PCE","3m",2.26171
"2016-06-01","Core PCE","3m",2.100617
"2016-07-01","Core PCE","3m",1.690236
"2016-08-01","Core PCE","3m",1.716198
"2016-09-01","Core PCE","3m",1.833876
"2016-10-01","Core PCE","3m",1.765366
"2016-11-01","Core PCE","3m",1.229502
"2016-12-01","Core PCE","3m",1.16253
"2017-01-01","Core PCE","3m",1.724852
"2017-02-01","Core PCE","3m",2.265345
"2017-03-01","Core PCE","3m",1.619918
"2017-04-01","Core PCE","3m",1.367322
"2017-05-01","Core PCE","3m",0.975819
"2017-06-01","Core PCE","3m",1.690696
"2017-07-01","Core PCE","3m",1.156168
"2017-08-01","Core PCE","3m",1.268477
"2017-09-01","Core PCE","3m",1.218291
"2017-10-01","Core PCE","3m",1.917445
"2017-11-01","Core PCE","3m",1.676472
"2017-12-01","Core PCE","3m",1.779511
"2018-01-01","Core PCE","3m",2.090106
"2018-02-01","Core PCE","3m",2.664096
"2018-03-01","Core PCE","3m",2.956248
"2018-04-01","Core PCE","3m",2.377174
"2018-05-01","Core PCE","3m",2.320362
"2018-06-01","Core PCE","3m",1.798654
"2018-07-01","Core PCE","3m",1.600032
"2018-08-01","Core PCE","3m",0.930722
"2018-09-01","Core PCE","3m",1.313948
"2018-10-01","Core PCE","3m",1.419172
"2018-11-01","Core PCE","3m",2.134186
"2018-12-01","Core PCE","3m",2.090453
"2019-01-01","Core PCE","3m",1.983996
"2019-02-01","Core PCE","3m",1.5969
"2019-03-01","Core PCE","3m",1.263548
"2019-04-01","Core PCE","3m",1.544788
"2019-05-01","Core PCE","3m",1.594482
"2019-06-01","Core PCE","3m",1.9627
"2019-07-01","Core PCE","3m",1.60939
"2019-08-01","Core PCE","3m",1.658649
"2019-09-01","Core PCE","3m",1.214453
"2019-10-01","Core PCE","3m",1.357188
"2019-11-01","Core PCE","3m",1.14169
"2019-12-01","Core PCE","3m",1.740278
"2020-01-01","Core PCE","3m",1.854572
"2020-02-01","Core PCE","3m",2.399967
"2020-03-01","Core PCE","3m",1.193936
"2020-04-01","Core PCE","3m",-0.816571
"2020-05-01","Core PCE","3m",-1.175177
"2020-06-01","Core PCE","3m",-0.25589
"2020-07-01","Core PCE","3m",2.492936
"2020-08-01","Core PCE","3m",3.261304
"2020-09-01","Core PCE","3m",3.271833
"2020-10-01","Core PCE","3m",2.190499
"2020-11-01","Core PCE","3m",1.382979
"2020-12-01","Core PCE","3m",1.857021
"2021-01-01","Core PCE","3m",2.529643
"2021-02-01","Core PCE","3m",3.181048
"2021-03-01","Core PCE","3m",3.710741
"2021-04-01","Core PCE","3m",5.086322
"2021-05-01","Core PCE","3m",5.969338
"2021-06-01","Core PCE","3m",6.347968
"2021-07-01","Core PCE","3m",5.614369
"2021-08-01","Core PCE","3m",5.098907
"2021-09-01","Core PCE","3m",3.835691
"2021-10-01","Core PCE","3m",4.281025
"2021-11-01","Core PCE","3m",4.958849
"2021-12-01","Core PCE","3m",6.475737
"2022-01-01","Core PCE","3m",6.331022
"2022-02-01","Core PCE","3m",6.253319
"2022-03-01","Core PCE","3m",5.602872
"2022-04-01","Core PCE","3m",4.939511
"2022-05-01","Core PCE","3m",4.373911
"2022-06-01","Core PCE","3m",5.300472
"2022-07-01","Core PCE","3m",5.334197
"2022-08-01","Core PCE","3m",6.038552
"2022-09-01","Core PCE","3m",5.187532
"2022-10-01","Core PCE","3m",5.438144
"2022-11-01","Core PCE","3m",4.488457
"2022-12-01","Core PCE","3m",4.198393
"2023-01-01","Core PCE","3m",4.298756
"2023-02-01","Core PCE","3m",4.555742
"2023-03-01","Core PCE","3m",4.776951
"2023-04-01","Core PCE","3m",4.347988
"2023-05-01","Core PCE","3m",4.262542
"2023-06-01","Core PCE","3m",3.61536
"2023-07-01","Core PCE","3m",2.875333
"2023-08-01","Core PCE","3m",2.034473
"2023-09-01","Core PCE","3m",2.376994
"2023-10-01","Core PCE","3m",2.724981
"2023-11-01","Core PCE","3m",2.91615
"2023-12-01","Core PCE","3m",2.152889
"2024-01-01","Core PCE","3m",2.957759
"2024-02-01","Core PCE","3m",3.513527
"2024-03-01","Core PCE","3m",4.45384
"2024-04-01","Core PCE","3m",3.513997
"2024-05-01","Core PCE","3m",2.779182
"2024-06-01","Core PCE","3m",2.151287
"2024-07-01","Core PCE","3m",2.044081
"2024-08-01","Core PCE","3m",2.403602
"2024-09-01","Core PCE","3m",2.617695
"2024-10-01","Core PCE","3m",3.108714
"2024-11-01","Core PCE","3m",2.803185
"2024-12-01","Core PCE","3m",2.405947
"2025-01-01","Core PCE","3m",2.586583
"2025-02-01","Core PCE","3m",3.308301
"2025-03-01","Core PCE","3m",3.081735
"2025-04-01","Core PCE","3m",2.969698
"2025-05-01","Core PCE","3m",2.636838
"2025-06-01","Core PCE","3m",3.19883
"2025-07-01","Core PCE","3m",2.700517
"2025-08-01","Core PCE","3m",2.658473
"2025-09-01","Core PCE","3m",2.583869
"2025-10-01","Core PCE","3m",2.562989
"2025-11-01","Core PCE","3m",2.283884
"2025-12-01","Core PCE","3m",2.625107
"2026-01-01","Core PCE","3m",3.521367
"2026-02-01","Core PCE","3m",4.268845
"2026-03-01","Core PCE","3m",4.019603
"2026-04-01","Core PCE","3m",3.554649
"2026-05-01","Core PCE","3m",3.446916
"2026-06-01","Core PCE","3m",2.942882
"2026-07-01","Core PCE","3m",2.300978
"2026-08-01","Core PCE","3m",2.046398
"1960-01-01","Core PCE","12m",2.070834
"1960-02-01","Core PCE","12m",2.185264
"1960-03-01","Core PCE","12m",2.073273
"1960-04-01","Core PCE","12m",2.003854
"1960-05-01","Core PCE","12m",2.046315
"1960-06-01","Core PCE","12m",1.803646
"1960-07-01","Core PCE","12m",1.74196
"1960-08-01","Core PCE","12m",1.726445
"1960-09-01","Core PCE","12m",1.544034
"1960-10-01","Core PCE","12m",1.427212
"1960-11-01","Core PCE","12m",1.513233
"1960-12-01","Core PCE","12m",1.327601
"1961-01-01","Core PCE","12m",1.327266
"1961-02-01","Core PCE","12m",1.236437
"1961-03-01","Core PCE","12m",1.261591
"1961-04-01","Core PCE","12m",1.215212
"1961-05-01","Core PCE","12m",1.181795
"1961-06-01","Core PCE","12m",1.275366
"1961-07-01","Core PCE","12m",1.254312
"1961-08-01","Core PCE","12m",1.21493
"1961-09-01","Core PCE","12m",1.332833
"1961-10-01","Core PCE","12m",1.307067
"1961-11-01","Core PCE","12m",1.054076
"1961-12-01","Core PCE","12m",1.172947
"1962-01-01","Core PCE","12m",1.266218
"1962-02-01","Core PCE","12m",1.3335
"1962-03-01","Core PCE","12m",1.538653
"1962-04-01","Core PCE","12m",1.418351
"1962-05-01","Core PCE","12m",1.428926
"1962-06-01","Core PCE","12m",1.46402
"1962-07-01","Core PCE","12m",1.39362
"1962-08-01","Core PCE","12m",1.299344
"1962-09-01","Core PCE","12m",1.296777
"1962-10-01","Core PCE","12m",1.259337
"1962-11-01","Core PCE","12m",1.314653
"1962-12-01","Core PCE","12m",1.258017
"1963-01-01","Core PCE","12m",1.330459
"1963-02-01","Core PCE","12m",1.279055
"1963-03-01","Core PCE","12m",1.104294
"1963-04-01","Core PCE","12m",1.208367
"1963-05-01","Core PCE","12m",1.249541
"1963-06-01","Core PCE","12m",1.235021
"1963-07-01","Core PCE","12m",1.240073
"1963-08-01","Core PCE","12m",1.319326
"1963-09-01","Core PCE","12m",1.30456
"1963-10-01","Core PCE","12m",1.536304
"1963-11-01","Core PCE","12m",1.553457
"1963-12-01","Core PCE","12m",1.668697
"1964-01-01","Core PCE","12m",1.616923
"1964-02-01","Core PCE","12m",1.693989
"1964-03-01","Core PCE","12m",1.729369
"1964-04-01","Core PCE","12m",1.69697
"1964-05-01","Core PCE","12m",1.597096
"1964-06-01","Core PCE","12m",1.497765
"1964-07-01","Core PCE","12m",1.508478
"1964-08-01","Core PCE","12m",1.549313
"1964-09-01","Core PCE","12m",1.408112
"1964-10-01","Core PCE","12m",1.224857
"1964-11-01","Core PCE","12m",1.277744
"1964-12-01","Core PCE","12m",1.275908
"1965-01-01","Core PCE","12m",1.274152
"1965-02-01","Core PCE","12m",1.200072
"1965-03-01","Core PCE","12m",1.163137
"1965-04-01","Core PCE","12m",1.191895
"1965-05-01","Core PCE","12m",1.292128
"1965-06-01","Core PCE","12m",1.196001
"1965-07-01","Core PCE","12m",1.194793
"1965-08-01","Core PCE","12m",1.252597
"1965-09-01","Core PCE","12m",1.329219
"1965-10-01","Core PCE","12m",1.251557
"1965-11-01","Core PCE","12m",1.297163
"1965-12-01","Core PCE","12m",1.460933
"1966-01-01","Core PCE","12m",1.352628
"1966-02-01","Core PCE","12m",1.480826
"1966-03-01","Core PCE","12m",1.550708
"1966-04-01","Core PCE","12m",1.796231
"1966-05-01","Core PCE","12m",1.881136
"1966-06-01","Core PCE","12m",2.234374
"1966-07-01","Core PCE","12m",2.431861
"1966-08-01","Core PCE","12m",2.427298
"1966-09-01","Core PCE","12m",2.623565
"1966-10-01","Core PCE","12m",2.993556
"1966-11-01","Core PCE","12m",3.058122
"1966-12-01","Core PCE","12m",3.060511
"1967-01-01","Core PCE","12m",3.123725
"1967-02-01","Core PCE","12m",3.057962
"1967-03-01","Core PCE","12m",3.083087
"1967-04-01","Core PCE","12m",2.996818
"1967-05-01","Core PCE","12m",2.948474
"1967-06-01","Core PCE","12m",2.875712
"1967-07-01","Core PCE","12m",2.924647
"1967-08-01","Core PCE","12m",3.050944
"1967-09-01","Core PCE","12m",3.098608
"1967-10-01","Core PCE","12m",3.145441
"1967-11-01","Core PCE","12m",3.217021
"1967-12-01","Core PCE","12m",3.156287
"1968-01-01","Core PCE","12m",3.520769
"1968-02-01","Core PCE","12m",3.779545
"1968-03-01","Core PCE","12m",4.032894
"1968-04-01","Core PCE","12m",4.128518
"1968-05-01","Core PCE","12m",4.293241
"1968-06-01","Core PCE","12m",4.438978
"1968-07-01","Core PCE","12m",4.429463
"1968-08-01","Core PCE","12m",4.515914
"1968-09-01","Core PCE","12m",4.566336
"1968-10-01","Core PCE","12m",4.60461
"1968-11-01","Core PCE","12m",4.666887
"1968-12-01","Core PCE","12m",4.721171
"1969-01-01","Core PCE","12m",4.651163
"1969-02-01","Core PCE","12m",4.560526
"1969-03-01","Core PCE","12m",4.634543
"1969-04-01","Core PCE","12m",4.649908
"1969-05-01","Core PCE","12m",4.675408
"1969-06-01","Core PCE","12m",4.62502
"1969-07-01","Core PCE","12m",4.764445
"1969-08-01","Core PCE","12m",4.650298
"1969-09-01","Core PCE","12m",4.64747
"1969-10-01","Core PCE","12m",4.670779
"1969-11-01","Core PCE","12m",4.674124
"1969-12-01","Core PCE","12m",4.749188
"1970-01-01","Core PCE","12m",4.700052
"1970-02-01","Core PCE","12m",4.74111
"1970-03-01","Core PCE","12m",4.641416
"1970-04-01","Core PCE","12m",4.654639
"1970-05-01","Core PCE","12m",4.605196
"1970-06-01","Core PCE","12m",4.620107
"1970-07-01","Core PCE","12m",4.532491
"1970-08-01","Core PCE","12m",4.601087
"1970-09-01","Core PCE","12m",4.618108
"1970-10-01","Core PCE","12m",4.683959
"1970-11-01","Core PCE","12m",4.821635
"1970-12-01","Core PCE","12m",4.95876
"1971-01-01","Core PCE","12m",5.027154
"1971-02-01","Core PCE","12m",5.022831
"1971-03-01","Core PCE","12m",4.969589
"1971-04-01","Core PCE","12m",4.945082
"1971-05-01","Core PCE","12m",5.030675
"1971-06-01","Core PCE","12m",5.071401
"1971-07-01","Core PCE","12m",5.071616
"1971-08-01","Core PCE","12m",4.855076
"1971-09-01","Core PCE","12m",4.593144
"1971-10-01","Core PCE","12m",4.243445
"1971-11-01","Core PCE","12m",3.944093
"1971-12-01","Core PCE","12m",3.748154
"1972-01-01","Core PCE","12m",3.780835
"1972-02-01","Core PCE","12m",3.667297
"1972-03-01","Core PCE","12m",3.53778
"1972-04-01","Core PCE","12m",3.393251
"1972-05-01","Core PCE","12m",3.182243
"1972-06-01","Core PCE","12m",2.983477
"1972-07-01","Core PCE","12m",2.884036
"1972-08-01","Core PCE","12m",2.958744
"1972-09-01","Core PCE","12m",3.129478
"1972-10-01","Core PCE","12m",3.027646
"1972-11-01","Core PCE","12m",3.066863
"1972-12-01","Core PCE","12m",3.052699
"1973-01-01","Core PCE","12m",2.678612
"1973-02-01","Core PCE","12m",2.726112
"1973-03-01","Core PCE","12m",2.939169
"1973-04-01","Core PCE","12m",3.295506
"1973-05-01","Core PCE","12m",3.455459
"1973-06-01","Core PCE","12m",3.692488
"1973-07-01","Core PCE","12m",3.83974
"1973-08-01","Core PCE","12m",4.101457
"1973-09-01","Core PCE","12m",4.280592
"1973-10-01","Core PCE","12m",4.623035
"1973-11-01","Core PCE","12m",4.852113
"1973-12-01","Core PCE","12m",5.118268
"1974-01-01","Core PCE","12m",5.569158
"1974-02-01","Core PCE","12m",5.90663
"1974-03-01","Core PCE","12m",6.302762
"1974-04-01","Core PCE","12m",6.481807
"1974-05-01","Core PCE","12m",7.091578
"1974-06-01","Core PCE","12m",7.723489
"1974-07-01","Core PCE","12m",8.215789
"1974-08-01","Core PCE","12m",8.752376
"1974-09-01","Core PCE","12m",9.176875
"1974-10-01","Core PCE","12m",9.608221
"1974-11-01","Core PCE","12m",9.87728
"1974-12-01","Core PCE","12m",10.043224
"1975-01-01","Core PCE","12m",10.141688
"1975-02-01","Core PCE","12m",10.219987
"1975-03-01","Core PCE","12m",9.937217
"1975-04-01","Core PCE","12m",9.652924
"1975-05-01","Core PCE","12m",9.070471
"1975-06-01","Core PCE","12m",8.488772
"1975-07-01","Core PCE","12m",8.197642
"1975-08-01","Core PCE","12m",7.535553
"1975-09-01","Core PCE","12m",7.15748
"1975-10-01","Core PCE","12m",6.855737
"1975-11-01","Core PCE","12m",6.78275
"1975-12-01","Core PCE","12m",6.677449
"1976-01-01","Core PCE","12m",6.604388
"1976-02-01","Core PCE","12m",6.276612
"1976-03-01","Core PCE","12m",6.0739
"1976-04-01","Core PCE","12m",5.972902
"1976-05-01","Core PCE","12m",6.022561
"1976-06-01","Core PCE","12m",5.937418
"1976-07-01","Core PCE","12m",5.867744
"1976-08-01","Core PCE","12m",6.113553
"1976-09-01","Core PCE","12m",6.15769
"1976-10-01","Core PCE","12m",6.149009
"1976-11-01","Core PCE","12m",5.930634
"1976-12-01","Core PCE","12m",5.862393
"1977-01-01","Core PCE","12m",5.965379
"1977-02-01","Core PCE","12m",6.192094
"1977-03-01","Core PCE","12m",6.293008
"1977-04-01","Core PCE","12m",6.39983
"1977-05-01","Core PCE","12m",6.440438
"1977-06-01","Core PCE","12m",6.643197
"1977-07-01","Core PCE","12m",6.715451
"1977-08-01","Core PCE","12m",6.624661
"1977-09-01","Core PCE","12m",6.451166
"1977-10-01","Core PCE","12m",6.443725
"1977-11-01","Core PCE","12m",6.51056
"1977-12-01","Core PCE","12m",6.482302
"1978-01-01","Core PCE","12m",6.47009
"1978-02-01","Core PCE","12m",6.228525
"1978-03-01","Core PCE","12m",6.353146
"1978-04-01","Core PCE","12m",6.515571
"1978-05-01","Core PCE","12m",6.598698
"1978-06-01","Core PCE","12m",6.556186
"1978-07-01","Core PCE","12m",6.525805
"1978-08-01","Core PCE","12m",6.572203
"1978-09-01","Core PCE","12m",6.736459
"1978-10-01","Core PCE","12m",7.00165
"1978-11-01","Core PCE","12m",7.02353
"1978-12-01","Core PCE","12m",6.88827
"1979-01-01","Core PCE","12m",6.796333
"1979-02-01","Core PCE","12m",6.735373
"1979-03-01","Core PCE","12m",6.768435
"1979-04-01","Core PCE","12m",7.063395
"1979-05-01","Core PCE","12m",7.3616
"1979-06-01","Core PCE","12m",7.364149
"1979-07-01","Core PCE","12m",7.271775
"1979-08-01","Core PCE","12m",7.407634
"1979-09-01","Core PCE","12m",7.52056
"1979-10-01","Core PCE","12m",7.51716
"1979-11-01","Core PCE","12m",7.624289
"1979-12-01","Core PCE","12m",7.978309
"1980-01-01","Core PCE","12m",8.244657
"1980-02-01","Core PCE","12m",8.966398
"1980-03-01","Core PCE","12m",9.349521
"1980-04-01","Core PCE","12m",8.903849
"1980-05-01","Core PCE","12m",8.835819
"1980-06-01","Core PCE","12m",8.948204
"1980-07-01","Core PCE","12m",9.164776
"1980-08-01","Core PCE","12m",9.229892
"1980-09-01","Core PCE","12m",9.513017
"1980-10-01","Core PCE","12m",9.612734
"1980-11-01","Core PCE","12m",9.775319
"1980-12-01","Core PCE","12m",9.647346
"1981-01-01","Core PCE","12m",9.76456
"1981-02-01","Core PCE","12m",9.474603
"1981-03-01","Core PCE","12m",9.071508
"1981-04-01","Core PCE","12m",9.207945
"1981-05-01","Core PCE","12m",9.080972
"1981-06-01","Core PCE","12m",8.901896
"1981-07-01","Core PCE","12m",8.79514
"1981-08-01","Core PCE","12m",8.737205
"1981-09-01","Core PCE","12m",8.427969
"1981-10-01","Core PCE","12m",8.184734
"1981-11-01","Core PCE","12m",7.96548
"1981-12-01","Core PCE","12m",7.718002
"1982-01-01","Core PCE","12m",7.445874
"1982-02-01","Core PCE","12m",7.078103
"1982-03-01","Core PCE","12m",6.952322
"1982-04-01","Core PCE","12m",6.694066
"1982-05-01","Core PCE","12m",6.540708
"1982-06-01","Core PCE","12m",6.544738
"1982-07-01","Core PCE","12m",6.59253
"1982-08-01","Core PCE","12m",6.370972
"1982-09-01","Core PCE","12m",6.069426
"1982-10-01","Core PCE","12m",6.109332
"1982-11-01","Core PCE","12m",5.882908
"1982-12-01","Core PCE","12m",5.828322
"1983-01-01","Core PCE","12m",5.902543
"1983-02-01","Core PCE","12m",5.886868
"1983-03-01","Core PCE","12m",5.560187
"1983-04-01","Core PCE","12m",5.462136
"1983-05-01","Core PCE","12m",5.042557
"1983-06-01","Core PCE","12m",5.005935
"1983-07-01","Core PCE","12m",5.032659
"1983-08-01","Core PCE","12m",5.090868
"1983-09-01","Core PCE","12m",5.126071
"1983-10-01","Core PCE","12m",4.64898
"1983-11-01","Core PCE","12m",4.507193
"1983-12-01","Core PCE","12m",4.253147
"1984-01-01","Core PCE","12m",3.889146
"1984-02-01","Core PCE","12m",4.158155
"1984-03-01","Core PCE","12m",4.420508
"1984-04-01","Core PCE","12m",4.595263
"1984-05-01","Core PCE","12m",4.68692
"1984-06-01","Core PCE","12m",4.445556
"1984-07-01","Core PCE","12m",4.193388
"1984-08-01","Core PCE","12m",4
"1984-09-01","Core PCE","12m",3.739997
"1984-10-01","Core PCE","12m",3.788898
"1984-11-01","Core PCE","12m",3.767313
"1984-12-01","Core PCE","12m",4.100926
"1985-01-01","Core PCE","12m",4.337769
"1985-02-01","Core PCE","12m",4.222025
"1985-03-01","Core PCE","12m",4.191353
"1985-04-01","Core PCE","12m",3.826691
"1985-05-01","Core PCE","12m",3.943004
"1985-06-01","Core PCE","12m",4.04196
"1985-07-01","Core PCE","12m",3.898203
"1985-08-01","Core PCE","12m",4.065108
"1985-09-01","Core PCE","12m",4.120777
"1985-10-01","Core PCE","12m",4.053915
"1985-11-01","Core PCE","12m",4.088464
"1985-12-01","Core PCE","12m",3.959829
"1986-01-01","Core PCE","12m",3.937761
"1986-02-01","Core PCE","12m",3.668555
"1986-03-01","Core PCE","12m",3.621479
"1986-04-01","Core PCE","12m",3.685652
"1986-05-01","Core PCE","12m",3.506413
"1986-06-01","Core PCE","12m",3.474834
"1986-07-01","Core PCE","12m",3.360993
"1986-08-01","Core PCE","12m",3.066693
"1986-09-01","Core PCE","12m",3.193091
"1986-10-01","Core PCE","12m",3.377831
"1986-11-01","Core PCE","12m",3.343921
"1986-12-01","Core PCE","12m",3.19712
"1987-01-01","Core PCE","12m",2.890354
"1987-02-01","Core PCE","12m",2.834111
"1987-03-01","Core PCE","12m",2.825507
"1987-04-01","Core PCE","12m",3.074861
"1987-05-01","Core PCE","12m",3.1879
"1987-06-01","Core PCE","12m",3.160947
"1987-07-01","Core PCE","12m",3.240124
"1987-08-01","Core PCE","12m",3.377949
"1987-09-01","Core PCE","12m",3.447482
"1987-10-01","Core PCE","12m",3.537199
"1987-11-01","Core PCE","12m",3.533522
"1987-12-01","Core PCE","12m",3.61664
"1988-01-01","Core PCE","12m",3.857127
"1988-02-01","Core PCE","12m",3.858783
"1988-03-01","Core PCE","12m",3.995004
"1988-04-01","Core PCE","12m",4.059173
"1988-05-01","Core PCE","12m",4.121096
"1988-06-01","Core PCE","12m",4.274738
"1988-07-01","Core PCE","12m",4.430072
"1988-08-01","Core PCE","12m",4.336892
"1988-09-01","Core PCE","12m",4.481185
"1988-10-01","Core PCE","12m",4.432578
"1988-11-01","Core PCE","12m",4.500784
"1988-12-01","Core PCE","12m",4.6275
"1989-01-01","Core PCE","12m",4.662491
"1989-02-01","Core PCE","12m",4.713257
"1989-03-01","Core PCE","12m",4.578541
"1989-04-01","Core PCE","12m",4.422391
"1989-05-01","Core PCE","12m",4.378508
"1989-06-01","Core PCE","12m",4.216315
"1989-07-01","Core PCE","12m",4.059569
"1989-08-01","Core PCE","12m",3.945935
"1989-09-01","Core PCE","12m",3.750866
"1989-10-01","Core PCE","12m",3.733126
"1989-11-01","Core PCE","12m",3.724681
"1989-12-01","Core PCE","12m",3.675436
"1990-01-01","Core PCE","12m",3.550182
"1990-02-01","Core PCE","12m",3.789029
"1990-03-01","Core PCE","12m",3.977866
"1990-04-01","Core PCE","12m",3.938537
"1990-05-01","Core PCE","12m",3.945844
"1990-06-01","Core PCE","12m",4.073327
"1990-07-01","Core PCE","12m",4.068047
"1990-08-01","Core PCE","12m",4.356116
"1990-09-01","Core PCE","12m",4.358171
"1990-10-01","Core PCE","12m",4.333885
"1990-11-01","Core PCE","12m",4.182898
"1990-12-01","Core PCE","12m",4.031957
"1991-01-01","Core PCE","12m",4.149981
"1991-02-01","Core PCE","12m",3.933208
"1991-03-01","Core PCE","12m",3.651638
"1991-04-01","Core PCE","12m",3.550691
"1991-05-01","Core PCE","12m",3.646345
"1991-06-01","Core PCE","12m",3.46816
"1991-07-01","Core PCE","12m",3.522256
"1991-08-01","Core PCE","12m",3.375965
"1991-09-01","Core PCE","12m",3.428197
"1991-10-01","Core PCE","12m",3.305434
"1991-11-01","Core PCE","12m",3.373282
"1991-12-01","Core PCE","12m",3.484372
"1992-01-01","Core PCE","12m",3.251294
"1992-02-01","Core PCE","12m",3.247205
"1992-03-01","Core PCE","12m",3.288879
"1992-04-01","Core PCE","12m",3.420883
"1992-05-01","Core PCE","12m",3.155344
"1992-06-01","Core PCE","12m",3.012396
"1992-07-01","Core PCE","12m",3.087878
"1992-08-01","Core PCE","12m",2.899497
"1992-09-01","Core PCE","12m",2.656411
"1992-10-01","Core PCE","12m",2.824635
"1992-11-01","Core PCE","12m",2.857278
"1992-12-01","Core PCE","12m",2.795109
"1993-01-01","Core PCE","12m",2.814224
"1993-02-01","Core PCE","12m",2.731376
"1993-03-01","Core PCE","12m",2.699576
"1993-04-01","Core PCE","12m",2.661141
"1993-05-01","Core PCE","12m",2.864344
"1993-06-01","Core PCE","12m",2.882328
"1993-07-01","Core PCE","12m",2.707307
"1993-08-01","Core PCE","12m",2.805416
"1993-09-01","Core PCE","12m",2.793141
"1993-10-01","Core PCE","12m",2.566983
"1993-11-01","Core PCE","12m",2.607454
"1993-12-01","Core PCE","12m",2.463137
"1994-01-01","Core PCE","12m",2.246607
"1994-02-01","Core PCE","12m",2.272831
"1994-03-01","Core PCE","12m",2.39726
"1994-04-01","Core PCE","12m",2.253722
"1994-05-01","Core PCE","12m",2.135705
"1994-06-01","Core PCE","12m",2.265137
"1994-07-01","Core PCE","12m",2.267998
"1994-08-01","Core PCE","12m",2.191517
"1994-09-01","Core PCE","12m",2.192732
"1994-10-01","Core PCE","12m",2.265668
"1994-11-01","Core PCE","12m",2.189497
"1994-12-01","Core PCE","12m",2.178043
"1995-01-01","Core PCE","12m",2.3512
"1995-02-01","Core PCE","12m",2.296896
"1995-03-01","Core PCE","12m",2.199926
"1995-04-01","Core PCE","12m",2.284196
"1995-05-01","Core PCE","12m",2.230252
"1995-06-01","Core PCE","12m",2.092322
"1995-07-01","Core PCE","12m",2.039282
"1995-08-01","Core PCE","12m",2.169558
"1995-09-01","Core PCE","12m",2.148624
"1995-10-01","Core PCE","12m",2.156785
"1995-11-01","Core PCE","12m",2.035676
"1995-12-01","Core PCE","12m",2.144792
"1996-01-01","Core PCE","12m",2.006572
"1996-02-01","Core PCE","12m",1.972677
"1996-03-01","Core PCE","12m",1.95913
"1996-04-01","Core PCE","12m",1.860263
"1996-05-01","Core PCE","12m",1.864353
"1996-06-01","Core PCE","12m",1.85405
"1996-07-01","Core PCE","12m",1.884366
"1996-08-01","Core PCE","12m",1.728488
"1996-09-01","Core PCE","12m",1.903308
"1996-10-01","Core PCE","12m",1.897253
"1996-11-01","Core PCE","12m",1.964921
"1996-12-01","Core PCE","12m",1.860398
"1997-01-01","Core PCE","12m",1.853999
"1997-02-01","Core PCE","12m",1.930226
"1997-03-01","Core PCE","12m",1.937177
"1997-04-01","Core PCE","12m",1.998661
"1997-05-01","Core PCE","12m",1.895647
"1997-06-01","Core PCE","12m",1.968084
"1997-07-01","Core PCE","12m",1.846678
"1997-08-01","Core PCE","12m",1.717541
"1997-09-01","Core PCE","12m",1.620514
"1997-10-01","Core PCE","12m",1.533518
"1997-11-01","Core PCE","12m",1.431568
"1997-12-01","Core PCE","12m",1.45213
"1998-01-01","Core PCE","12m",1.49837
"1998-02-01","Core PCE","12m",1.377472
"1998-03-01","Core PCE","12m",1.244053
"1998-04-01","Core PCE","12m",1.231844
"1998-05-01","Core PCE","12m",1.256071
"1998-06-01","Core PCE","12m",0.979682
"1998-07-01","Core PCE","12m",1.19487
"1998-08-01","Core PCE","12m",1.433587
"1998-09-01","Core PCE","12m",1.206779
"1998-10-01","Core PCE","12m",1.250764
"1998-11-01","Core PCE","12m",1.237892
"1998-12-01","Core PCE","12m",1.353675
"1999-01-01","Core PCE","12m",1.343304
"1999-02-01","Core PCE","12m",1.221773
"1999-03-01","Core PCE","12m",1.144453
"1999-04-01","Core PCE","12m",1.218233
"1999-05-01","Core PCE","12m",1.217058
"1999-06-01","Core PCE","12m",1.397993
"1999-07-01","Core PCE","12m",1.294984
"1999-08-01","Core PCE","12m",1.146868
"1999-09-01","Core PCE","12m",1.431417
"1999-10-01","Core PCE","12m",1.406693
"1999-11-01","Core PCE","12m",1.485949
"1999-12-01","Core PCE","12m",1.439597
"2000-01-01","Core PCE","12m",1.538672
"2000-02-01","Core PCE","12m",1.72237
"2000-03-01","Core PCE","12m",1.90087
"2000-04-01","Core PCE","12m",1.706536
"2000-05-01","Core PCE","12m",1.718527
"2000-06-01","Core PCE","12m",1.742113
"2000-07-01","Core PCE","12m",1.791973
"2000-08-01","Core PCE","12m",1.872573
"2000-09-01","Core PCE","12m",1.850021
"2000-10-01","Core PCE","12m",1.818477
"2000-11-01","Core PCE","12m",1.900478
"2000-12-01","Core PCE","12m",1.871088
"2001-01-01","Core PCE","12m",2.005222
"2001-02-01","Core PCE","12m",2.03588
"2001-03-01","Core PCE","12m",1.932464
"2001-04-01","Core PCE","12m",2.027688
"2001-05-01","Core PCE","12m",1.942514
"2001-06-01","Core PCE","12m",2.092196
"2001-07-01","Core PCE","12m",2.122122
"2001-08-01","Core PCE","12m",2.042095
"2001-09-01","Core PCE","12m",1.216707
"2001-10-01","Core PCE","12m",1.787327
"2001-11-01","Core PCE","12m",1.814663
"2001-12-01","Core PCE","12m",1.738727
"2002-01-01","Core PCE","12m",1.418281
"2002-02-01","Core PCE","12m",1.432899
"2002-03-01","Core PCE","12m",1.448513
"2002-04-01","Core PCE","12m",1.569683
"2002-05-01","Core PCE","12m",1.658612
"2002-06-01","Core PCE","12m",1.593333
"2002-07-01","Core PCE","12m",1.53826
"2002-08-01","Core PCE","12m",1.68772
"2002-09-01","Core PCE","12m",2.435692
"2002-10-01","Core PCE","12m",1.805516
"2002-11-01","Core PCE","12m",1.697696
"2002-12-01","Core PCE","12m",1.768886
"2003-01-01","Core PCE","12m",1.780906
"2003-02-01","Core PCE","12m",1.726869
"2003-03-01","Core PCE","12m",1.768902
"2003-04-01","Core PCE","12m",1.598448
"2003-05-01","Core PCE","12m",1.631551
"2003-06-01","Core PCE","12m",1.527072
"2003-07-01","Core PCE","12m",1.574165
"2003-08-01","Core PCE","12m",1.488856
"2003-09-01","Core PCE","12m",1.464628
"2003-10-01","Core PCE","12m",1.565904
"2003-11-01","Core PCE","12m",1.605346
"2003-12-01","Core PCE","12m",1.637101
"2004-01-01","Core PCE","12m",1.828988
"2004-02-01","Core PCE","12m",1.85327
"2004-03-01","Core PCE","12m",1.860489
"2004-04-01","Core PCE","12m",2.012449
"2004-05-01","Core PCE","12m",2.005745
"2004-06-01","Core PCE","12m",2.110064
"2004-07-01","Core PCE","12m",1.975543
"2004-08-01","Core PCE","12m",1.899904
"2004-09-01","Core PCE","12m",1.949086
"2004-10-01","Core PCE","12m",1.982084
"2004-11-01","Core PCE","12m",2.062544
"2004-12-01","Core PCE","12m",2.066267
"2005-01-01","Core PCE","12m",2.17143
"2005-02-01","Core PCE","12m",2.175439
"2005-03-01","Core PCE","12m",2.255611
"2005-04-01","Core PCE","12m",2.107509
"2005-05-01","Core PCE","12m",2.176893
"2005-06-01","Core PCE","12m",2.086366
"2005-07-01","Core PCE","12m",2.114969
"2005-08-01","Core PCE","12m",2.158872
"2005-09-01","Core PCE","12m",2.193265
"2005-10-01","Core PCE","12m",2.26522
"2005-11-01","Core PCE","12m",2.30603
"2005-12-01","Core PCE","12m",2.280881
"2006-01-01","Core PCE","12m",2.14248
"2006-02-01","Core PCE","12m",2.137706
"2006-03-01","Core PCE","12m",2.167929
"2006-04-01","Core PCE","12m",2.362185
"2006-05-01","Core PCE","12m",2.408566
"2006-06-01","Core PCE","12m",2.595788
"2006-07-01","Core PCE","12m",2.545755
"2006-08-01","Core PCE","12m",2.671352
"2006-09-01","Core PCE","12m",2.606005
"2006-10-01","Core PCE","12m",2.496915
"2006-11-01","Core PCE","12m",2.284218
"2006-12-01","Core PCE","12m",2.315602
"2007-01-01","Core PCE","12m",2.500451
"2007-02-01","Core PCE","12m",2.556467
"2007-03-01","Core PCE","12m",2.376989
"2007-04-01","Core PCE","12m",2.210974
"2007-05-01","Core PCE","12m",2.075642
"2007-06-01","Core PCE","12m",1.987266
"2007-07-01","Core PCE","12m",2.041107
"2007-08-01","Core PCE","12m",1.984841
"2007-09-01","Core PCE","12m",2.102326
"2007-10-01","Core PCE","12m",2.183509
"2007-11-01","Core PCE","12m",2.335842
"2007-12-01","Core PCE","12m",2.403393
"2008-01-01","Core PCE","12m",2.193044
"2008-02-01","Core PCE","12m",2.072405
"2008-03-01","Core PCE","12m",2.169743
"2008-04-01","Core PCE","12m",2.083723
"2008-05-01","Core PCE","12m",2.148932
"2008-06-01","Core PCE","12m",2.214095
"2008-07-01","Core PCE","12m",2.244499
"2008-08-01","Core PCE","12m",2.217939
"2008-09-01","Core PCE","12m",2.043983
"2008-10-01","Core PCE","12m",1.634402
"2008-11-01","Core PCE","12m",1.390266
"2008-12-01","Core PCE","12m",1.137828
"2009-01-01","Core PCE","12m",0.905928
"2009-02-01","Core PCE","12m",0.887839
"2009-03-01","Core PCE","12m",0.762459
"2009-04-01","Core PCE","12m",0.927918
"2009-05-01","Core PCE","12m",0.822303
"2009-06-01","Core PCE","12m",0.720146
"2009-07-01","Core PCE","12m",0.625583
"2009-08-01","Core PCE","12m",0.650944
"2009-09-01","Core PCE","12m",0.72518
"2009-10-01","Core PCE","12m",1.2399
"2009-11-01","Core PCE","12m",1.373476
"2009-12-01","Core PCE","12m",1.509516
"2010-01-01","Core PCE","12m",1.690904
"2010-02-01","Core PCE","12m",1.698654
"2010-03-01","Core PCE","12m",1.77697
"2010-04-01","Core PCE","12m",1.602975
"2010-05-01","Core PCE","12m",1.636856
"2010-06-01","Core PCE","12m",1.555571
"2010-07-01","Core PCE","12m",1.470588
"2010-08-01","Core PCE","12m",1.417623
"2010-09-01","Core PCE","12m",1.296828
"2010-10-01","Core PCE","12m",1.078781
"2010-11-01","Core PCE","12m",1.121579
"2010-12-01","Core PCE","12m",1.056748
"2011-01-01","Core PCE","12m",1.123445
"2011-02-01","Core PCE","12m",1.211904
"2011-03-01","Core PCE","12m",1.21457
"2011-04-01","Core PCE","12m",1.3947
"2011-05-01","Core PCE","12m",1.523561
"2011-06-01","Core PCE","12m",1.586329
"2011-07-01","Core PCE","12m",1.734452
"2011-08-01","Core PCE","12m",1.839631
"2011-09-01","Core PCE","12m",1.850822
"2011-10-01","Core PCE","12m",1.744722
"2011-11-01","Core PCE","12m",1.827862
"2011-12-01","Core PCE","12m",1.974961
"2012-01-01","Core PCE","12m",2.061479
"2012-02-01","Core PCE","12m",2.025848
"2012-03-01","Core PCE","12m",2.044845
"2012-04-01","Core PCE","12m",1.965337
"2012-05-01","Core PCE","12m",1.826745
"2012-06-01","Core PCE","12m",1.819258
"2012-07-01","Core PCE","12m",1.773865
"2012-08-01","Core PCE","12m",1.635923
"2012-09-01","Core PCE","12m",1.691602
"2012-10-01","Core PCE","12m",1.889449
"2012-11-01","Core PCE","12m",1.783069
"2012-12-01","Core PCE","12m",1.689865
"2013-01-01","Core PCE","12m",1.591587
"2013-02-01","Core PCE","12m",1.560132
"2013-03-01","Core PCE","12m",1.480745
"2013-04-01","Core PCE","12m",1.377063
"2013-05-01","Core PCE","12m",1.392917
"2013-06-01","Core PCE","12m",1.463651
"2013-07-01","Core PCE","12m",1.487961
"2013-08-01","Core PCE","12m",1.533251
"2013-09-01","Core PCE","12m",1.529226
"2013-10-01","Core PCE","12m",1.454818
"2013-11-01","Core PCE","12m",1.51426
"2013-12-01","Core PCE","12m",1.547362
"2014-01-01","Core PCE","12m",1.452462
"2014-02-01","Core PCE","12m",1.390118
"2014-03-01","Core PCE","12m",1.447423
"2014-04-01","Core PCE","12m",1.571266
"2014-05-01","Core PCE","12m",1.623656
"2014-06-01","Core PCE","12m",1.563545
"2014-07-01","Core PCE","12m",1.610321
"2014-08-01","Core PCE","12m",1.539749
"2014-09-01","Core PCE","12m",1.554848
"2014-10-01","Core PCE","12m",1.470914
"2014-11-01","Core PCE","12m",1.392579
"2014-12-01","Core PCE","12m",1.356346
"2015-01-01","Core PCE","12m",1.209711
"2015-02-01","Core PCE","12m",1.277482
"2015-03-01","Core PCE","12m",1.28084
"2015-04-01","Core PCE","12m",1.294373
"2015-05-01","Core PCE","12m",1.247201
"2015-06-01","Core PCE","12m",1.254154
"2015-07-01","Core PCE","12m",1.17895
"2015-08-01","Core PCE","12m",1.221255
"2015-09-01","Core PCE","12m",1.232125
"2015-10-01","Core PCE","12m",1.177989
"2015-11-01","Core PCE","12m",1.196702
"2015-12-01","Core PCE","12m",1.191701
"2016-01-01","Core PCE","12m",1.40624
"2016-02-01","Core PCE","12m",1.465886
"2016-03-01","Core PCE","12m",1.457448
"2016-04-01","Core PCE","12m",1.519949
"2016-05-01","Core PCE","12m",1.568733
"2016-06-01","Core PCE","12m",1.552404
"2016-07-01","Core PCE","12m",1.599332
"2016-08-01","Core PCE","12m",1.696958
"2016-09-01","Core PCE","12m",1.685255
"2016-10-01","Core PCE","12m",1.782408
"2016-11-01","Core PCE","12m",1.718859
"2016-12-01","Core PCE","12m",1.770093
"2017-01-01","Core PCE","12m",1.863335
"2017-02-01","Core PCE","12m",1.867275
"2017-03-01","Core PCE","12m",1.678655
"2017-04-01","Core PCE","12m",1.636821
"2017-05-01","Core PCE","12m",1.545521
"2017-06-01","Core PCE","12m",1.576444
"2017-07-01","Core PCE","12m",1.503111
"2017-08-01","Core PCE","12m",1.433594
"2017-09-01","Core PCE","12m",1.422587
"2017-10-01","Core PCE","12m",1.541011
"2017-11-01","Core PCE","12m",1.545376
"2017-12-01","Core PCE","12m",1.576877
"2018-01-01","Core PCE","12m",1.632037
"2018-02-01","Core PCE","12m",1.644218
"2018-03-01","Core PCE","12m",1.909183
"2018-04-01","Core PCE","12m",1.884219
"2018-05-01","Core PCE","12m",1.980902
"2018-06-01","Core PCE","12m",1.93622
"2018-07-01","Core PCE","12m",1.9958
"2018-08-01","Core PCE","12m",1.895763
"2018-09-01","Core PCE","12m",1.960295
"2018-10-01","Core PCE","12m",1.870907
"2018-11-01","Core PCE","12m",2.010245
"2018-12-01","Core PCE","12m",2.03808
"2019-01-01","Core PCE","12m",1.844427
"2019-02-01","Core PCE","12m",1.744106
"2019-03-01","Core PCE","12m",1.616068
"2019-04-01","Core PCE","12m",1.636779
"2019-05-01","Core PCE","12m",1.563175
"2019-06-01","Core PCE","12m",1.656981
"2019-07-01","Core PCE","12m",1.639119
"2019-08-01","Core PCE","12m",1.745805
"2019-09-01","Core PCE","12m",1.632014
"2019-10-01","Core PCE","12m",1.623586
"2019-11-01","Core PCE","12m",1.497718
"2019-12-01","Core PCE","12m",1.544751
"2020-01-01","Core PCE","12m",1.591329
"2020-02-01","Core PCE","12m",1.697697
"2020-03-01","Core PCE","12m",1.527295
"2020-04-01","Core PCE","12m",0.995497
"2020-05-01","Core PCE","12m",0.997378
"2020-06-01","Core PCE","12m",0.970452
"2020-07-01","Core PCE","12m",1.214337
"2020-08-01","Core PCE","12m",1.393104
"2020-09-01","Core PCE","12m",1.479692
"2020-10-01","Core PCE","12m",1.421733
"2020-11-01","Core PCE","12m",1.453522
"2020-12-01","Core PCE","12m",1.50879
"2021-01-01","Core PCE","12m",1.589367
"2021-02-01","Core PCE","12m",1.646436
"2021-03-01","Core PCE","12m",2.134146
"2021-04-01","Core PCE","12m",3.068279
"2021-05-01","Core PCE","12m",3.435758
"2021-06-01","Core PCE","12m",3.784249
"2021-07-01","Core PCE","12m",3.844211
"2021-08-01","Core PCE","12m",3.892895
"2021-09-01","Core PCE","12m",3.925624
"2021-10-01","Core PCE","12m",4.371274
"2021-11-01","Core PCE","12m",4.797121
"2021-12-01","Core PCE","12m",5.084234
"2022-01-01","Core PCE","12m",5.325522
"2022-02-01","Core PCE","12m",5.568657
"2022-03-01","Core PCE","12m",5.560286
"2022-04-01","Core PCE","12m",5.288716
"2022-05-01","Core PCE","12m",5.169045
"2022-06-01","Core PCE","12m",5.299386
"2022-07-01","Core PCE","12m",5.21882
"2022-08-01","Core PCE","12m",5.403329
"2022-09-01","Core PCE","12m",5.64045
"2022-10-01","Core PCE","12m",5.509494
"2022-11-01","Core PCE","12m",5.285034
"2022-12-01","Core PCE","12m",5.070992
"2023-01-01","Core PCE","12m",5.001699
"2023-02-01","Core PCE","12m",4.861964
"2023-03-01","Core PCE","12m",4.864946
"2023-04-01","Core PCE","12m",4.853417
"2023-05-01","Core PCE","12m",4.833981
"2023-06-01","Core PCE","12m",4.442869
"2023-07-01","Core PCE","12m",4.236076
"2023-08-01","Core PCE","12m",3.830001
"2023-09-01","Core PCE","12m",3.738108
"2023-10-01","Core PCE","12m",3.558949
"2023-11-01","Core PCE","12m",3.437178
"2023-12-01","Core PCE","12m",3.225199
"2024-01-01","Core PCE","12m",3.22446
"2024-02-01","Core PCE","12m",3.178443
"2024-03-01","Core PCE","12m",3.145526
"2024-04-01","Core PCE","12m",3.017586
"2024-05-01","Core PCE","12m",2.809484
"2024-06-01","Core PCE","12m",2.779221
"2024-07-01","Core PCE","12m",2.808852
"2024-08-01","Core PCE","12m",2.902342
"2024-09-01","Core PCE","12m",2.839579
"2024-10-01","Core PCE","12m",2.90473
"2024-11-01","Core PCE","12m",2.874093
"2024-12-01","Core PCE","12m",2.90321
"2025-01-01","Core PCE","12m",2.811858
"2025-02-01","Core PCE","12m",2.823065
"2025-03-01","Core PCE","12m",2.563598
"2025-04-01","Core PCE","12m",2.676439
"2025-05-01","Core PCE","12m",2.787445
"2025-06-01","Core PCE","12m",2.825536
"2025-07-01","Core PCE","12m",2.841168
"2025-08-01","Core PCE","12m",2.851342
"2025-09-01","Core PCE","12m",2.817061
"2025-10-01","Core PCE","12m",2.70482
"2025-11-01","Core PCE","12m",2.721209
"2025-12-01","Core PCE","12m",2.872027
"2026-01-01","Core PCE","12m",2.93799
"2026-02-01","Core PCE","12m",2.959153
"2026-03-01","Core PCE","12m",3.105223
"2026-04-01","Core PCE","12m",3.083872
"2026-05-01","Core PCE","12m",3.16171
"2026-06-01","Core PCE","12m",3.041234
"2026-07-01","Core PCE","12m",2.983468
"2026-08-01","Core PCE","12m",3.007596
"1959-03-01","Cleveland median","1m",0
"1959-04-01","Cleveland median","1m",3.140476
"1959-05-01","Cleveland median","1m",0.163866
"1959-06-01","Cleveland median","1m",2.97738
"1959-07-01","Cleveland median","1m",0.207747
"1959-08-01","Cleveland median","1m",0
"1959-09-01","Cleveland median","1m",2.190451
"1959-10-01","Cleveland median","1m",0.138348
"1959-11-01","Cleveland median","1m",0
"1959-12-01","Cleveland median","1m",0.054465
"1960-01-01","Cleveland median","1m",0
"1960-02-01","Cleveland median","1m",0
"1960-03-01","Cleveland median","1m",0
"1960-04-01","Cleveland median","1m",2.779676
"1960-05-01","Cleveland median","1m",0
"1960-06-01","Cleveland median","1m",0
"1960-07-01","Cleveland median","1m",2.151915
"1960-08-01","Cleveland median","1m",0.084635
"1960-09-01","Cleveland median","1m",0.054631
"1960-10-01","Cleveland median","1m",0
"1960-11-01","Cleveland median","1m",0.350655
"1960-12-01","Cleveland median","1m",0.103408
"1961-01-01","Cleveland median","1m",0
"1961-02-01","Cleveland median","1m",0
"1961-03-01","Cleveland median","1m",0
"1961-04-01","Cleveland median","1m",0.091064
"1961-05-01","Cleveland median","1m",0
"1961-06-01","Cleveland median","1m",0
"1961-07-01","Cleveland median","1m",0.132844
"1961-08-01","Cleveland median","1m",0
"1961-09-01","Cleveland median","1m",0.102551
"1961-10-01","Cleveland median","1m",0
"1961-11-01","Cleveland median","1m",0.038381
"1961-12-01","Cleveland median","1m",0
"1962-01-01","Cleveland median","1m",2.371107
"1962-02-01","Cleveland median","1m",0.209497
"1962-03-01","Cleveland median","1m",2.149832
"1962-04-01","Cleveland median","1m",0
"1962-05-01","Cleveland median","1m",0
"1962-06-01","Cleveland median","1m",0
"1962-07-01","Cleveland median","1m",0
"1962-08-01","Cleveland median","1m",0.101304
"1962-09-01","Cleveland median","1m",0.033088
"1962-10-01","Cleveland median","1m",0
"1962-11-01","Cleveland median","1m",0
"1962-12-01","Cleveland median","1m",0
"1963-01-01","Cleveland median","1m",1.069448
"1963-02-01","Cleveland median","1m",0.042755
"1963-03-01","Cleveland median","1m",0
"1963-04-01","Cleveland median","1m",0
"1963-05-01","Cleveland median","1m",2.454445
"1963-06-01","Cleveland median","1m",0
"1963-07-01","Cleveland median","1m",0
"1963-08-01","Cleveland median","1m",0
"1963-09-01","Cleveland median","1m",0
"1963-10-01","Cleveland median","1m",2.33017
"1963-11-01","Cleveland median","1m",0
"1963-12-01","Cleveland median","1m",0.065411
"1964-01-01","Cleveland median","1m",0.510348
"1964-02-01","Cleveland median","1m",0.386535
"1964-03-01","Cleveland median","1m",0
"1964-04-01","Cleveland median","1m",0
"1964-05-01","Cleveland median","1m",0
"1964-06-01","Cleveland median","1m",0
"1964-07-01","Cleveland median","1m",0
"1964-08-01","Cleveland median","1m",0
"1964-09-01","Cleveland median","1m",0
"1964-10-01","Cleveland median","1m",0
"1964-11-01","Cleveland median","1m",0.056402
"1964-12-01","Cleveland median","1m",0.054791
"1965-01-01","Cleveland median","1m",1.147918
"1965-02-01","Cleveland median","1m",0.024047
"1965-03-01","Cleveland median","1m",0
"1965-04-01","Cleveland median","1m",0.630167
"1965-05-01","Cleveland median","1m",0.102063
"1965-06-01","Cleveland median","1m",0.111127
"1965-07-01","Cleveland median","1m",0
"1965-08-01","Cleveland median","1m",0.197077
"1965-09-01","Cleveland median","1m",0.033801
"1965-10-01","Cleveland median","1m",0.027935
"1965-11-01","Cleveland median","1m",2.195277
"1965-12-01","Cleveland median","1m",2.800552
"1966-01-01","Cleveland median","1m",2.387236
"1966-02-01","Cleveland median","1m",2.72617
"1966-03-01","Cleveland median","1m",0.033733
"1966-04-01","Cleveland median","1m",4.256204
"1966-05-01","Cleveland median","1m",1.314618
"1966-06-01","Cleveland median","1m",2.468782
"1966-07-01","Cleveland median","1m",2.607461
"1966-08-01","Cleveland median","1m",2.31843
"1966-09-01","Cleveland median","1m",4.141933
"1966-10-01","Cleveland median","1m",4.127688
"1966-11-01","Cleveland median","1m",2.040791
"1966-12-01","Cleveland median","1m",2.638876
"1967-01-01","Cleveland median","1m",2.8588
"1967-02-01","Cleveland median","1m",3.203633
"1967-03-01","Cleveland median","1m",0.053117
"1967-04-01","Cleveland median","1m",2.498643
"1967-05-01","Cleveland median","1m",2.31409
"1967-06-01","Cleveland median","1m",3.538717
"1967-07-01","Cleveland median","1m",3.302281
"1967-08-01","Cleveland median","1m",2.870801
"1967-09-01","Cleveland median","1m",4.056759
"1967-10-01","Cleveland median","1m",3.824087
"1967-11-01","Cleveland median","1m",3.141902
"1967-12-01","Cleveland median","1m",3.144126
"1968-01-01","Cleveland median","1m",4.488062
"1968-02-01","Cleveland median","1m",4.563999
"1968-03-01","Cleveland median","1m",3.106686
"1968-04-01","Cleveland median","1m",4.311589
"1968-05-01","Cleveland median","1m",4.602
"1968-06-01","Cleveland median","1m",4.490249
"1968-07-01","Cleveland median","1m",3.203107
"1968-08-01","Cleveland median","1m",4.375758
"1968-09-01","Cleveland median","1m",4.477377
"1968-10-01","Cleveland median","1m",4.549996
"1968-11-01","Cleveland median","1m",4.632218
"1968-12-01","Cleveland median","1m",4.474532
"1969-01-01","Cleveland median","1m",4.427181
"1969-02-01","Cleveland median","1m",3.095362
"1969-03-01","Cleveland median","1m",4.499155
"1969-04-01","Cleveland median","1m",4.568711
"1969-05-01","Cleveland median","1m",4.215733
"1969-06-01","Cleveland median","1m",4.35673
"1969-07-01","Cleveland median","1m",5.542421
"1969-08-01","Cleveland median","1m",3.925582
"1969-09-01","Cleveland median","1m",4.402305
"1969-10-01","Cleveland median","1m",4.400805
"1969-11-01","Cleveland median","1m",4.384727
"1969-12-01","Cleveland median","1m",4.44659
"1970-01-01","Cleveland median","1m",4.353225
"1970-02-01","Cleveland median","1m",4.252478
"1970-03-01","Cleveland median","1m",4.71827
"1970-04-01","Cleveland median","1m",4.670857
"1970-05-01","Cleveland median","1m",4.207172
"1970-06-01","Cleveland median","1m",4.276268
"1970-07-01","Cleveland median","1m",4.261086
"1970-08-01","Cleveland median","1m",3.97233
"1970-09-01","Cleveland median","1m",4.343273
"1970-10-01","Cleveland median","1m",4.81989
"1970-11-01","Cleveland median","1m",4.18606
"1970-12-01","Cleveland median","1m",6.193318
"1971-01-01","Cleveland median","1m",4.076868
"1971-02-01","Cleveland median","1m",3.276753
"1971-03-01","Cleveland median","1m",3.177467
"1971-04-01","Cleveland median","1m",4.035208
"1971-05-01","Cleveland median","1m",4.148522
"1971-06-01","Cleveland median","1m",4.075801
"1971-07-01","Cleveland median","1m",3.844812
"1971-08-01","Cleveland median","1m",4.046942
"1971-09-01","Cleveland median","1m",3.335348
"1971-10-01","Cleveland median","1m",0.670269
"1971-11-01","Cleveland median","1m",2.542777
"1971-12-01","Cleveland median","1m",3.347598
"1972-01-01","Cleveland median","1m",3.45146
"1972-02-01","Cleveland median","1m",3.230139
"1972-03-01","Cleveland median","1m",3.057292
"1972-04-01","Cleveland median","1m",2.242799
"1972-05-01","Cleveland median","1m",2.323228
"1972-06-01","Cleveland median","1m",2.68812
"1972-07-01","Cleveland median","1m",3.403729
"1972-08-01","Cleveland median","1m",3.829375
"1972-09-01","Cleveland median","1m",3.899843
"1972-10-01","Cleveland median","1m",2.897984
"1972-11-01","Cleveland median","1m",3.814416
"1972-12-01","Cleveland median","1m",3.624659
"1973-01-01","Cleveland median","1m",2.793417
"1973-02-01","Cleveland median","1m",3.987256
"1973-03-01","Cleveland median","1m",4.108577
"1973-04-01","Cleveland median","1m",6.82803
"1973-05-01","Cleveland median","1m",5.1321
"1973-06-01","Cleveland median","1m",5.311274
"1973-07-01","Cleveland median","1m",2.873286
"1973-08-01","Cleveland median","1m",5.568801
"1973-09-01","Cleveland median","1m",3.734315
"1973-10-01","Cleveland median","1m",4.105822
"1973-11-01","Cleveland median","1m",5.178629
"1973-12-01","Cleveland median","1m",7.410661
"1974-01-01","Cleveland median","1m",6.958703
"1974-02-01","Cleveland median","1m",7.899326
"1974-03-01","Cleveland median","1m",8.856327
"1974-04-01","Cleveland median","1m",7.756231
"1974-05-01","Cleveland median","1m",11.674897
"1974-06-01","Cleveland median","1m",8.414314
"1974-07-01","Cleveland median","1m",8.607396
"1974-08-01","Cleveland median","1m",12.686732
"1974-09-01","Cleveland median","1m",9.973655
"1974-10-01","Cleveland median","1m",9.017636
"1974-11-01","Cleveland median","1m",7.182041
"1974-12-01","Cleveland median","1m",7.275335
"1975-01-01","Cleveland median","1m",8.824935
"1975-02-01","Cleveland median","1m",7.084039
"1975-03-01","Cleveland median","1m",3.88115
"1975-04-01","Cleveland median","1m",6.593498
"1975-05-01","Cleveland median","1m",4.550849
"1975-06-01","Cleveland median","1m",5.880423
"1975-07-01","Cleveland median","1m",6.901932
"1975-08-01","Cleveland median","1m",4.833358
"1975-09-01","Cleveland median","1m",6.775497
"1975-10-01","Cleveland median","1m",8.212549
"1975-11-01","Cleveland median","1m",6.747863
"1975-12-01","Cleveland median","1m",6.621921
"1976-01-01","Cleveland median","1m",5.361604
"1976-02-01","Cleveland median","1m",6.059155
"1976-03-01","Cleveland median","1m",4.328868
"1976-04-01","Cleveland median","1m",3.480479
"1976-05-01","Cleveland median","1m",6.48175
"1976-06-01","Cleveland median","1m",5.905197
"1976-07-01","Cleveland median","1m",5.916002
"1976-08-01","Cleveland median","1m",7.456541
"1976-09-01","Cleveland median","1m",6.327502
"1976-10-01","Cleveland median","1m",6.048359
"1976-11-01","Cleveland median","1m",6.245043
"1976-12-01","Cleveland median","1m",5.552911
"1977-01-01","Cleveland median","1m",7.848347
"1977-02-01","Cleveland median","1m",8.229672
"1977-03-01","Cleveland median","1m",7.19732
"1977-04-01","Cleveland median","1m",5.780863
"1977-05-01","Cleveland median","1m",6.278035
"1977-06-01","Cleveland median","1m",6.824331
"1977-07-01","Cleveland median","1m",5.86959
"1977-08-01","Cleveland median","1m",6.437893
"1977-09-01","Cleveland median","1m",5.232037
"1977-10-01","Cleveland median","1m",5.554711
"1977-11-01","Cleveland median","1m",7.715392
"1977-12-01","Cleveland median","1m",5.73752
"1978-01-01","Cleveland median","1m",5.698517
"1978-02-01","Cleveland median","1m",5.641488
"1978-03-01","Cleveland median","1m",6.413923
"1978-04-01","Cleveland median","1m",7.081781
"1978-05-01","Cleveland median","1m",8.52294
"1978-06-01","Cleveland median","1m",5.782373
"1978-07-01","Cleveland median","1m",6.635462
"1978-08-01","Cleveland median","1m",6.535846
"1978-09-01","Cleveland median","1m",8.130851
"1978-10-01","Cleveland median","1m",8.770466
"1978-11-01","Cleveland median","1m",8.170226
"1978-12-01","Cleveland median","1m",6.795112
"1979-01-01","Cleveland median","1m",8.078717
"1979-02-01","Cleveland median","1m",8.921218
"1979-03-01","Cleveland median","1m",7.492413
"1979-04-01","Cleveland median","1m",6.226905
"1979-05-01","Cleveland median","1m",10.158482
"1979-06-01","Cleveland median","1m",7.832863
"1979-07-01","Cleveland median","1m",7.81732
"1979-08-01","Cleveland median","1m",9.68926
"1979-09-01","Cleveland median","1m",9.171457
"1979-10-01","Cleveland median","1m",10.817763
"1979-11-01","Cleveland median","1m",8.30029
"1979-12-01","Cleveland median","1m",8.085637
"1980-01-01","Cleveland median","1m",10.811519
"1980-02-01","Cleveland median","1m",10.371164
"1980-03-01","Cleveland median","1m",9.867777
"1980-04-01","Cleveland median","1m",7.585387
"1980-05-01","Cleveland median","1m",9.614966
"1980-06-01","Cleveland median","1m",9.726842
"1980-07-01","Cleveland median","1m",7.103565
"1980-08-01","Cleveland median","1m",8.795266
"1980-09-01","Cleveland median","1m",10.273091
"1980-10-01","Cleveland median","1m",9.329366
"1980-11-01","Cleveland median","1m",9.206956
"1980-12-01","Cleveland median","1m",9.073127
"1981-01-01","Cleveland median","1m",9.666194
"1981-02-01","Cleveland median","1m",9.744892
"1981-03-01","Cleveland median","1m",8.461672
"1981-04-01","Cleveland median","1m",8.103728
"1981-05-01","Cleveland median","1m",6.755244
"1981-06-01","Cleveland median","1m",6.521593
"1981-07-01","Cleveland median","1m",8.344323
"1981-08-01","Cleveland median","1m",7.648803
"1981-09-01","Cleveland median","1m",8.530864
"1981-10-01","Cleveland median","1m",6.541675
"1981-11-01","Cleveland median","1m",6.456399
"1981-12-01","Cleveland median","1m",5.967493
"1982-01-01","Cleveland median","1m",6.111734
"1982-02-01","Cleveland median","1m",4.36753
"1982-03-01","Cleveland median","1m",6.308239
"1982-04-01","Cleveland median","1m",3.653831
"1982-05-01","Cleveland median","1m",6.279605
"1982-06-01","Cleveland median","1m",6.373529
"1982-07-01","Cleveland median","1m",7.640063
"1982-08-01","Cleveland median","1m",4.963512
"1982-09-01","Cleveland median","1m",4.874805
"1982-10-01","Cleveland median","1m",6.180943
"1982-11-01","Cleveland median","1m",3.560366
"1982-12-01","Cleveland median","1m",3.84882
"1983-01-01","Cleveland median","1m",5.887742
"1983-02-01","Cleveland median","1m",4.112855
"1983-03-01","Cleveland median","1m",2.358342
"1983-04-01","Cleveland median","1m",6.06519
"1983-05-01","Cleveland median","1m",2.865923
"1983-06-01","Cleveland median","1m",3.733077
"1983-07-01","Cleveland median","1m",4.677761
"1983-08-01","Cleveland median","1m",3.579122
"1983-09-01","Cleveland median","1m",4.745707
"1983-10-01","Cleveland median","1m",2.932401
"1983-11-01","Cleveland median","1m",5.189823
"1983-12-01","Cleveland median","1m",2.990095
"1984-01-01","Cleveland median","1m",4.754059
"1984-02-01","Cleveland median","1m",5.122246
"1984-03-01","Cleveland median","1m",4.682679
"1984-04-01","Cleveland median","1m",5.495445
"1984-05-01","Cleveland median","1m",2.69753
"1984-06-01","Cleveland median","1m",4.428451
"1984-07-01","Cleveland median","1m",5.621739
"1984-08-01","Cleveland median","1m",4.291878
"1984-09-01","Cleveland median","1m",5.042495
"1984-10-01","Cleveland median","1m",3.777941
"1984-11-01","Cleveland median","1m",3.224157
"1984-12-01","Cleveland median","1m",5.691043
"1985-01-01","Cleveland median","1m",3.768564
"1985-02-01","Cleveland median","1m",5.719079
"1985-03-01","Cleveland median","1m",4.279642
"1985-04-01","Cleveland median","1m",2.572208
"1985-05-01","Cleveland median","1m",4.193984
"1985-06-01","Cleveland median","1m",4.737036
"1985-07-01","Cleveland median","1m",2.320083
"1985-08-01","Cleveland median","1m",4.164798
"1985-09-01","Cleveland median","1m",3.49601
"1985-10-01","Cleveland median","1m",3.321563
"1985-11-01","Cleveland median","1m",3.279123
"1985-12-01","Cleveland median","1m",4.677014
"1986-01-01","Cleveland median","1m",4.801506
"1986-02-01","Cleveland median","1m",3.237134
"1986-03-01","Cleveland median","1m",2.834919
"1986-04-01","Cleveland median","1m",4.344772
"1986-05-01","Cleveland median","1m",2.51597
"1986-06-01","Cleveland median","1m",4.523796
"1986-07-01","Cleveland median","1m",3.090177
"1986-08-01","Cleveland median","1m",3.486408
"1986-09-01","Cleveland median","1m",4.143119
"1986-10-01","Cleveland median","1m",5.380326
"1986-11-01","Cleveland median","1m",3.3849
"1986-12-01","Cleveland median","1m",3.805548
"1987-01-01","Cleveland median","1m",4.925965
"1987-02-01","Cleveland median","1m",4.028391
"1987-03-01","Cleveland median","1m",4.556065
"1987-04-01","Cleveland median","1m",6.201571
"1987-05-01","Cleveland median","1m",3.759472
"1987-06-01","Cleveland median","1m",3.7354
"1987-07-01","Cleveland median","1m",3.509915
"1987-08-01","Cleveland median","1m",6.12734
"1987-09-01","Cleveland median","1m",3.541582
"1987-10-01","Cleveland median","1m",4.366531
"1987-11-01","Cleveland median","1m",3.437109
"1987-12-01","Cleveland median","1m",2.920847
"1988-01-01","Cleveland median","1m",5.613258
"1988-02-01","Cleveland median","1m",3.906896
"1988-03-01","Cleveland median","1m",4.349254
"1988-04-01","Cleveland median","1m",4.560147
"1988-05-01","Cleveland median","1m",3.38097
"1988-06-01","Cleveland median","1m",4.904002
"1988-07-01","Cleveland median","1m",5.389159
"1988-08-01","Cleveland median","1m",4.393397
"1988-09-01","Cleveland median","1m",5.168597
"1988-10-01","Cleveland median","1m",3.7645
"1988-11-01","Cleveland median","1m",3.80258
"1988-12-01","Cleveland median","1m",3.50922
"1989-01-01","Cleveland median","1m",5.463537
"1989-02-01","Cleveland median","1m",3.995697
"1989-03-01","Cleveland median","1m",4.036405
"1989-04-01","Cleveland median","1m",4.70712
"1989-05-01","Cleveland median","1m",4.989338
"1989-06-01","Cleveland median","1m",3.293698
"1989-07-01","Cleveland median","1m",4.70701
"1989-08-01","Cleveland median","1m",4.200799
"1989-09-01","Cleveland median","1m",4.106116
"1989-10-01","Cleveland median","1m",6.058704
"1989-11-01","Cleveland median","1m",3.964124
"1989-12-01","Cleveland median","1m",4.302698
"1990-01-01","Cleveland median","1m",4.586979
"1990-02-01","Cleveland median","1m",4.490988
"1990-03-01","Cleveland median","1m",6.305216
"1990-04-01","Cleveland median","1m",4.273437
"1990-05-01","Cleveland median","1m",3.005604
"1990-06-01","Cleveland median","1m",5.613891
"1990-07-01","Cleveland median","1m",4.64497
"1990-08-01","Cleveland median","1m",5.277409
"1990-09-01","Cleveland median","1m",4.222222
"1990-10-01","Cleveland median","1m",3.987521
"1990-11-01","Cleveland median","1m",3.030479
"1990-12-01","Cleveland median","1m",3.817113
"1991-01-01","Cleveland median","1m",3.824709
"1991-02-01","Cleveland median","1m",2.224986
"1991-03-01","Cleveland median","1m",2.295584
"1991-04-01","Cleveland median","1m",3.198265
"1991-05-01","Cleveland median","1m",4.272544
"1991-06-01","Cleveland median","1m",2.207003
"1991-07-01","Cleveland median","1m",2.785123
"1991-08-01","Cleveland median","1m",2.524161
"1991-09-01","Cleveland median","1m",3.133754
"1991-10-01","Cleveland median","1m",3.480973
"1991-11-01","Cleveland median","1m",3.74825
"1991-12-01","Cleveland median","1m",3.909837
"1992-01-01","Cleveland median","1m",2.919007
"1992-02-01","Cleveland median","1m",3.080757
"1992-03-01","Cleveland median","1m",3.304204
"1992-04-01","Cleveland median","1m",2.464771
"1992-05-01","Cleveland median","1m",2.439035
"1992-06-01","Cleveland median","1m",1.880846
"1992-07-01","Cleveland median","1m",2.82465
"1992-08-01","Cleveland median","1m",2.449052
"1992-09-01","Cleveland median","1m",2.581548
"1992-10-01","Cleveland median","1m",4.050434
"1992-11-01","Cleveland median","1m",4.012775
"1992-12-01","Cleveland median","1m",3.060378
"1993-01-01","Cleveland median","1m",3.208626
"1993-02-01","Cleveland median","1m",3.004117
"1993-03-01","Cleveland median","1m",2.769238
"1993-04-01","Cleveland median","1m",3.577556
"1993-05-01","Cleveland median","1m",3.261373
"1993-06-01","Cleveland median","1m",2.266237
"1993-07-01","Cleveland median","1m",2.297758
"1993-08-01","Cleveland median","1m",2.336098
"1993-09-01","Cleveland median","1m",1.620674
"1993-10-01","Cleveland median","1m",2.735753
"1993-11-01","Cleveland median","1m",2.64825
"1993-12-01","Cleveland median","1m",3.015601
"1994-01-01","Cleveland median","1m",3.027346
"1994-02-01","Cleveland median","1m",3.299704
"1994-03-01","Cleveland median","1m",3.278345
"1994-04-01","Cleveland median","1m",2.262471
"1994-05-01","Cleveland median","1m",3.732888
"1994-06-01","Cleveland median","1m",2.388877
"1994-07-01","Cleveland median","1m",2.374482
"1994-08-01","Cleveland median","1m",2.338954
"1994-09-01","Cleveland median","1m",2.055614
"1994-10-01","Cleveland median","1m",2.592181
"1994-11-01","Cleveland median","1m",3.091585
"1994-12-01","Cleveland median","1m",1.921196
"1995-01-01","Cleveland median","1m",4.152014
"1995-02-01","Cleveland median","1m",2.260675
"1995-03-01","Cleveland median","1m",3.275369
"1995-04-01","Cleveland median","1m",2.819026
"1995-05-01","Cleveland median","1m",2.220401
"1995-06-01","Cleveland median","1m",1.961867
"1995-07-01","Cleveland median","1m",2.160801
"1995-08-01","Cleveland median","1m",2.457882
"1995-09-01","Cleveland median","1m",2.530969
"1995-10-01","Cleveland median","1m",3.340942
"1995-11-01","Cleveland median","1m",2.584011
"1995-12-01","Cleveland median","1m",2.318864
"1996-01-01","Cleveland median","1m",2.55093
"1996-02-01","Cleveland median","1m",2.031713
"1996-03-01","Cleveland median","1m",2.685131
"1996-04-01","Cleveland median","1m",2.0911
"1996-05-01","Cleveland median","1m",2.791083
"1996-06-01","Cleveland median","1m",2.288436
"1996-07-01","Cleveland median","1m",3.070216
"1996-08-01","Cleveland median","1m",2.624202
"1996-09-01","Cleveland median","1m",2.704676
"1996-10-01","Cleveland median","1m",2.964142
"1996-11-01","Cleveland median","1m",2.872002
"1996-12-01","Cleveland median","1m",2.465176
"1997-01-01","Cleveland median","1m",2.855496
"1997-02-01","Cleveland median","1m",2.244576
"1997-03-01","Cleveland median","1m",2.636896
"1997-04-01","Cleveland median","1m",2.467971
"1997-05-01","Cleveland median","1m",1.765799
"1997-06-01","Cleveland median","1m",2.565434
"1997-07-01","Cleveland median","1m",2.501225
"1997-08-01","Cleveland median","1m",1.931923
"1997-09-01","Cleveland median","1m",2.554565
"1997-10-01","Cleveland median","1m",2.299868
"1997-11-01","Cleveland median","1m",2.17122
"1997-12-01","Cleveland median","1m",1.829693
"1998-01-01","Cleveland median","1m",2.253522
"1998-02-01","Cleveland median","1m",2.340896
"1998-03-01","Cleveland median","1m",2.96325
"1998-04-01","Cleveland median","1m",2.380539
"1998-05-01","Cleveland median","1m",2.900812
"1998-06-01","Cleveland median","1m",1.564926
"1998-07-01","Cleveland median","1m",2.406026
"1998-08-01","Cleveland median","1m",3.239229
"1998-09-01","Cleveland median","1m",3.250498
"1998-10-01","Cleveland median","1m",2.296783
"1998-11-01","Cleveland median","1m",2.470275
"1998-12-01","Cleveland median","1m",2.39218
"1999-01-01","Cleveland median","1m",2.546955
"1999-02-01","Cleveland median","1m",1.714682
"1999-03-01","Cleveland median","1m",2.069444
"1999-04-01","Cleveland median","1m",2.532145
"1999-05-01","Cleveland median","1m",2.526813
"1999-06-01","Cleveland median","1m",1.880883
"1999-07-01","Cleveland median","1m",2.517547
"1999-08-01","Cleveland median","1m",2.512236
"1999-09-01","Cleveland median","1m",2.506988
"1999-10-01","Cleveland median","1m",1.894972
"1999-11-01","Cleveland median","1m",3.022879
"1999-12-01","Cleveland median","1m",2.104171
"2000-01-01","Cleveland median","1m",3.840446
"2000-02-01","Cleveland median","1m",2.598465
"2000-03-01","Cleveland median","1m",2.985331
"2000-04-01","Cleveland median","1m",2.463229
"2000-05-01","Cleveland median","1m",2.485355
"2000-06-01","Cleveland median","1m",2.960369
"2000-07-01","Cleveland median","1m",3.193446
"2000-08-01","Cleveland median","1m",2.164266
"2000-09-01","Cleveland median","1m",3.223121
"2000-10-01","Cleveland median","1m",2.540455
"2000-11-01","Cleveland median","1m",3.036153
"2000-12-01","Cleveland median","1m",2.613176
"2001-01-01","Cleveland median","1m",3.636952
"2001-02-01","Cleveland median","1m",3.625963
"2001-03-01","Cleveland median","1m",3.041102
"2001-04-01","Cleveland median","1m",3.200021
"2001-05-01","Cleveland median","1m",3.045865
"2001-06-01","Cleveland median","1m",3.352325
"2001-07-01","Cleveland median","1m",3.541381
"2001-08-01","Cleveland median","1m",3.803415
"2001-09-01","Cleveland median","1m",2.925449
"2001-10-01","Cleveland median","1m",3.107296
"2001-11-01","Cleveland median","1m",2.922006
"2001-12-01","Cleveland median","1m",2.238823
"2002-01-01","Cleveland median","1m",2.926364
"2002-02-01","Cleveland median","1m",3.258128
"2002-03-01","Cleveland median","1m",3.596168
"2002-04-01","Cleveland median","1m",2.415549
"2002-05-01","Cleveland median","1m",2.429738
"2002-06-01","Cleveland median","1m",2.566707
"2002-07-01","Cleveland median","1m",3.006449
"2002-08-01","Cleveland median","1m",2.252685
"2002-09-01","Cleveland median","1m",3.013418
"2002-10-01","Cleveland median","1m",2.812854
"2002-11-01","Cleveland median","1m",2.806277
"2002-12-01","Cleveland median","1m",2.782443
"2003-01-01","Cleveland median","1m",3.363881
"2003-02-01","Cleveland median","1m",1.787189
"2003-03-01","Cleveland median","1m",2.685393
"2003-04-01","Cleveland median","1m",0.733293
"2003-05-01","Cleveland median","1m",1.667693
"2003-06-01","Cleveland median","1m",1.549139
"2003-07-01","Cleveland median","1m",2.994076
"2003-08-01","Cleveland median","1m",2.343222
"2003-09-01","Cleveland median","1m",2.488111
"2003-10-01","Cleveland median","1m",3.162174
"2003-11-01","Cleveland median","1m",2.586734
"2003-12-01","Cleveland median","1m",1.544131
"2004-01-01","Cleveland median","1m",2.35705
"2004-02-01","Cleveland median","1m",2.604123
"2004-03-01","Cleveland median","1m",2.728506
"2004-04-01","Cleveland median","1m",3.819955
"2004-05-01","Cleveland median","1m",2.67723
"2004-06-01","Cleveland median","1m",2.708828
"2004-07-01","Cleveland median","1m",2.525062
"2004-08-01","Cleveland median","1m",2.448843
"2004-09-01","Cleveland median","1m",1.797409
"2004-10-01","Cleveland median","1m",2.028062
"2004-11-01","Cleveland median","1m",2.028974
"2004-12-01","Cleveland median","1m",2.136298
"2005-01-01","Cleveland median","1m",3.408619
"2005-02-01","Cleveland median","1m",3.213979
"2005-03-01","Cleveland median","1m",2.121165
"2005-04-01","Cleveland median","1m",2.00509
"2005-05-01","Cleveland median","1m",2.653748
"2005-06-01","Cleveland median","1m",1.574645
"2005-07-01","Cleveland median","1m",2.938651
"2005-08-01","Cleveland median","1m",2.102582
"2005-09-01","Cleveland median","1m",3.285513
"2005-10-01","Cleveland median","1m",3.205993
"2005-11-01","Cleveland median","1m",3.159094
"2005-12-01","Cleveland median","1m",1.809543
"2006-01-01","Cleveland median","1m",3.663088
"2006-02-01","Cleveland median","1m",2.387417
"2006-03-01","Cleveland median","1m",3.639243
"2006-04-01","Cleveland median","1m",3.843603
"2006-05-01","Cleveland median","1m",4.310947
"2006-06-01","Cleveland median","1m",3.979404
"2006-07-01","Cleveland median","1m",3.350073
"2006-08-01","Cleveland median","1m",3.369309
"2006-09-01","Cleveland median","1m",2.856148
"2006-10-01","Cleveland median","1m",3.516155
"2006-11-01","Cleveland median","1m",2.421772
"2006-12-01","Cleveland median","1m",3.520082
"2007-01-01","Cleveland median","1m",3.783076
"2007-02-01","Cleveland median","1m",3.37616
"2007-03-01","Cleveland median","1m",2.816606
"2007-04-01","Cleveland median","1m",1.932819
"2007-05-01","Cleveland median","1m",1.903657
"2007-06-01","Cleveland median","1m",2.232046
"2007-07-01","Cleveland median","1m",2.273529
"2007-08-01","Cleveland median","1m",2.547875
"2007-09-01","Cleveland median","1m",3.312708
"2007-10-01","Cleveland median","1m",3.355853
"2007-11-01","Cleveland median","1m",3.951291
"2007-12-01","Cleveland median","1m",3.209105
"2008-01-01","Cleveland median","1m",2.732101
"2008-02-01","Cleveland median","1m",2.256204
"2008-03-01","Cleveland median","1m",2.90962
"2008-04-01","Cleveland median","1m",2.566921
"2008-05-01","Cleveland median","1m",1.433231
"2008-06-01","Cleveland median","1m",2.679992
"2008-07-01","Cleveland median","1m",3.215035
"2008-08-01","Cleveland median","1m",1.782537
"2008-09-01","Cleveland median","1m",2.784523
"2008-10-01","Cleveland median","1m",1.73178
"2008-11-01","Cleveland median","1m",3.172567
"2008-12-01","Cleveland median","1m",0.808271
"2009-01-01","Cleveland median","1m",3.075818
"2009-02-01","Cleveland median","1m",2.156209
"2009-03-01","Cleveland median","1m",2.071424
"2009-04-01","Cleveland median","1m",1.757226
"2009-05-01","Cleveland median","1m",2.015917
"2009-06-01","Cleveland median","1m",1.7909
"2009-07-01","Cleveland median","1m",0.307055
"2009-08-01","Cleveland median","1m",1.101106
"2009-09-01","Cleveland median","1m",0.760356
"2009-10-01","Cleveland median","1m",3.657547
"2009-11-01","Cleveland median","1m",2.157786
"2009-12-01","Cleveland median","1m",0.604416
"2010-01-01","Cleveland median","1m",0.855376
"2010-02-01","Cleveland median","1m",0.569087
"2010-03-01","Cleveland median","1m",0.671059
"2010-04-01","Cleveland median","1m",0.977227
"2010-05-01","Cleveland median","1m",0.702628
"2010-06-01","Cleveland median","1m",1.037449
"2010-07-01","Cleveland median","1m",0.523583
"2010-08-01","Cleveland median","1m",1.972849
"2010-09-01","Cleveland median","1m",1.477356
"2010-10-01","Cleveland median","1m",0.971893
"2010-11-01","Cleveland median","1m",1.290567
"2010-12-01","Cleveland median","1m",1.112844
"2011-01-01","Cleveland median","1m",2.416172
"2011-02-01","Cleveland median","1m",1.909208
"2011-03-01","Cleveland median","1m",2.270027
"2011-04-01","Cleveland median","1m",2.340073
"2011-05-01","Cleveland median","1m",2.460874
"2011-06-01","Cleveland median","1m",1.855279
"2011-07-01","Cleveland median","1m",2.095196
"2011-08-01","Cleveland median","1m",2.578672
"2011-09-01","Cleveland median","1m",2.019733
"2011-10-01","Cleveland median","1m",2.272093
"2011-11-01","Cleveland median","1m",1.824563
"2011-12-01","Cleveland median","1m",2.278783
"2012-01-01","Cleveland median","1m",2.274464
"2012-02-01","Cleveland median","1m",1.630934
"2012-03-01","Cleveland median","1m",2.318655
"2012-04-01","Cleveland median","1m",2.287336
"2012-05-01","Cleveland median","1m",1.508966
"2012-06-01","Cleveland median","1m",1.254456
"2012-07-01","Cleveland median","1m",1.913272
"2012-08-01","Cleveland median","1m",2.419556
"2012-09-01","Cleveland median","1m",2.185287
"2012-10-01","Cleveland median","1m",2.112256
"2012-11-01","Cleveland median","1m",1.707621
"2012-12-01","Cleveland median","1m",1.867694
"2013-01-01","Cleveland median","1m",2.05999
"2013-02-01","Cleveland median","1m",2.447209
"2013-03-01","Cleveland median","1m",1.94112
"2013-04-01","Cleveland median","1m",1.603695
"2013-05-01","Cleveland median","1m",2.182919
"2013-06-01","Cleveland median","1m",2.442419
"2013-07-01","Cleveland median","1m",1.882473
"2013-08-01","Cleveland median","1m",2.007899
"2013-09-01","Cleveland median","1m",2.152858
"2013-10-01","Cleveland median","1m",2.289091
"2013-11-01","Cleveland median","1m",2.381769
"2013-12-01","Cleveland median","1m",1.767817
"2014-01-01","Cleveland median","1m",2.121847
"2014-02-01","Cleveland median","1m",1.633799
"2014-03-01","Cleveland median","1m",1.914863
"2014-04-01","Cleveland median","1m",2.565414
"2014-05-01","Cleveland median","1m",2.09374
"2014-06-01","Cleveland median","1m",2.324754
"2014-07-01","Cleveland median","1m",2.591081
"2014-08-01","Cleveland median","1m",1.757572
"2014-09-01","Cleveland median","1m",2.345224
"2014-10-01","Cleveland median","1m",2.563776
"2014-11-01","Cleveland median","1m",2.618654
"2014-12-01","Cleveland median","1m",1.611359
"2015-01-01","Cleveland median","1m",2.100789
"2015-02-01","Cleveland median","1m",2.604991
"2015-03-01","Cleveland median","1m",1.562019
"2015-04-01","Cleveland median","1m",3.120312
"2015-05-01","Cleveland median","1m",2.485221
"2015-06-01","Cleveland median","1m",2.053992
"2015-07-01","Cleveland median","1m",2.472927
"2015-08-01","Cleveland median","1m",1.761896
"2015-09-01","Cleveland median","1m",2.164289
"2015-10-01","Cleveland median","1m",1.621018
"2015-11-01","Cleveland median","1m",1.878571
"2015-12-01","Cleveland median","1m",1.503686
"2016-01-01","Cleveland median","1m",2.80884
"2016-02-01","Cleveland median","1m",2.482739
"2016-03-01","Cleveland median","1m",2.488632
"2016-04-01","Cleveland median","1m",2.947747
"2016-05-01","Cleveland median","1m",2.880419
"2016-06-01","Cleveland median","1m",1.838727
"2016-07-01","Cleveland median","1m",2.474988
"2016-08-01","Cleveland median","1m",2.278895
"2016-09-01","Cleveland median","1m",2.072665
"2016-10-01","Cleveland median","1m",1.912293
"2016-11-01","Cleveland median","1m",1.490231
"2016-12-01","Cleveland median","1m",2.038826
"2017-01-01","Cleveland median","1m",2.878437
"2017-02-01","Cleveland median","1m",1.650086
"2017-03-01","Cleveland median","1m",1.979126
"2017-04-01","Cleveland median","1m",1.557273
"2017-05-01","Cleveland median","1m",1.298545
"2017-06-01","Cleveland median","1m",1.881213
"2017-07-01","Cleveland median","1m",1.347701
"2017-08-01","Cleveland median","1m",1.935093
"2017-09-01","Cleveland median","1m",1.583615
"2017-10-01","Cleveland median","1m",2.535971
"2017-11-01","Cleveland median","1m",2.136558
"2017-12-01","Cleveland median","1m",2.23994
"2018-01-01","Cleveland median","1m",3.176768
"2018-02-01","Cleveland median","1m",2.250431
"2018-03-01","Cleveland median","1m",1.912811
"2018-04-01","Cleveland median","1m",2.074464
"2018-05-01","Cleveland median","1m",2.403091
"2018-06-01","Cleveland median","1m",2.166698
"2018-07-01","Cleveland median","1m",1.974966
"2018-08-01","Cleveland median","1m",2.163901
"2018-09-01","Cleveland median","1m",2.506201
"2018-10-01","Cleveland median","1m",2.720093
"2018-11-01","Cleveland median","1m",3.100532
"2018-12-01","Cleveland median","1m",2.054644
"2019-01-01","Cleveland median","1m",2.59468
"2019-02-01","Cleveland median","1m",2.839459
"2019-03-01","Cleveland median","1m",2.430083
"2019-04-01","Cleveland median","1m",4.092836
"2019-05-01","Cleveland median","1m",2.061037
"2019-06-01","Cleveland median","1m",1.789194
"2019-07-01","Cleveland median","1m",2.801431
"2019-08-01","Cleveland median","1m",2.404122
"2019-09-01","Cleveland median","1m",2.131812
"2019-10-01","Cleveland median","1m",2.335261
"2019-11-01","Cleveland median","1m",1.938968
"2019-12-01","Cleveland median","1m",3.007593
"2020-01-01","Cleveland median","1m",3.243618
"2020-02-01","Cleveland median","1m",2.650175
"2020-03-01","Cleveland median","1m",1.93868
"2020-04-01","Cleveland median","1m",2.367753
"2020-05-01","Cleveland median","1m",2.778761
"2020-06-01","Cleveland median","1m",1.779
"2020-07-01","Cleveland median","1m",2.590336
"2020-08-01","Cleveland median","1m",2.016249
"2020-09-01","Cleveland median","1m",0.997019
"2020-10-01","Cleveland median","1m",2.22611
"2020-11-01","Cleveland median","1m",0.810306
"2020-12-01","Cleveland median","1m",1.707988
"2021-01-01","Cleveland median","1m",1.771689
"2021-02-01","Cleveland median","1m",2.96435
"2021-03-01","Cleveland median","1m",2.790686
"2021-04-01","Cleveland median","1m",2.905898
"2021-05-01","Cleveland median","1m",3.381841
"2021-06-01","Cleveland median","1m",2.976987
"2021-07-01","Cleveland median","1m",3.695778
"2021-08-01","Cleveland median","1m",3.365384
"2021-09-01","Cleveland median","1m",4.649242
"2021-10-01","Cleveland median","1m",5.601393
"2021-11-01","Cleveland median","1m",4.661424
"2021-12-01","Cleveland median","1m",4.803608
"2022-01-01","Cleveland median","1m",6.342601
"2022-02-01","Cleveland median","1m",5.614733
"2022-03-01","Cleveland median","1m",2.754412
"2022-04-01","Cleveland median","1m",6.040311
"2022-05-01","Cleveland median","1m",7.174519
"2022-06-01","Cleveland median","1m",8.851058
"2022-07-01","Cleveland median","1m",5.077537
"2022-08-01","Cleveland median","1m",6.537333
"2022-09-01","Cleveland median","1m",4.576926
"2022-10-01","Cleveland median","1m",5.954199
"2022-11-01","Cleveland median","1m",3.388822
"2022-12-01","Cleveland median","1m",4.895013
"2023-01-01","Cleveland median","1m",7.077037
"2023-02-01","Cleveland median","1m",4.202313
"2023-03-01","Cleveland median","1m",4.863913
"2023-04-01","Cleveland median","1m",4.510763
"2023-05-01","Cleveland median","1m",3.5798
"2023-06-01","Cleveland median","1m",2.786646
"2023-07-01","Cleveland median","1m",3.328166
"2023-08-01","Cleveland median","1m",3.191491
"2023-09-01","Cleveland median","1m",3.680006
"2023-10-01","Cleveland median","1m",3.559697
"2023-11-01","Cleveland median","1m",3.511959
"2023-12-01","Cleveland median","1m",1.765565
"2024-01-01","Cleveland median","1m",6.280116
"2024-02-01","Cleveland median","1m",2.491034
"2024-03-01","Cleveland median","1m",3.557808
"2024-04-01","Cleveland median","1m",3.344686
"2024-05-01","Cleveland median","1m",3.500566
"2024-06-01","Cleveland median","1m",2.232796
"2024-07-01","Cleveland median","1m",1.857672
"2024-08-01","Cleveland median","1m",2.798349
"2024-09-01","Cleveland median","1m",3.750092
"2024-10-01","Cleveland median","1m",3.756669
"2024-11-01","Cleveland median","1m",3.231311
"2024-12-01","Cleveland median","1m",3.851277
"2025-01-01","Cleveland median","1m",3.16738
"2025-02-01","Cleveland median","1m",3.659405
"2025-03-01","Cleveland median","1m",3.528649
"2025-04-01","Cleveland median","1m",3.816954
"2025-05-01","Cleveland median","1m",2.887013
"2025-06-01","Cleveland median","1m",3.7541
"2025-07-01","Cleveland median","1m",2.770707
"2025-08-01","Cleveland median","1m",3.757282
"2025-09-01","Cleveland median","1m",1.826649
"2025-10-01","Cleveland median","1m",1.944814
"2025-11-01","Cleveland median","1m",1.950296
"2025-12-01","Cleveland median","1m",3.291328
"2026-01-01","Cleveland median","1m",2.656198
"2026-02-01","Cleveland median","1m",2.710719
"2026-03-01","Cleveland median","1m",3.225259
"2026-04-01","Cleveland median","1m",2.908511
"2026-05-01","Cleveland median","1m",3.556745
"2026-06-01","Cleveland median","1m",2.534132
"2026-07-01","Cleveland median","1m",3.029233
"2026-08-01","Cleveland median","1m",2.305889
"1959-05-01","Cleveland median","3m",1.091212
"1959-06-01","Cleveland median","3m",2.084706
"1959-07-01","Cleveland median","3m",1.107818
"1959-08-01","Cleveland median","3m",1.052651
"1959-09-01","Cleveland median","3m",0.794586
"1959-10-01","Cleveland median","3m",0.771312
"1959-11-01","Cleveland median","3m",0.771312
"1959-12-01","Cleveland median","3m",0.064255
"1960-01-01","Cleveland median","3m",0.018152
"1960-02-01","Cleveland median","3m",0.018152
"1960-03-01","Cleveland median","3m",0
"1960-04-01","Cleveland median","3m",0.918104
"1960-05-01","Cleveland median","3m",0.918104
"1960-06-01","Cleveland median","3m",0.918104
"1960-07-01","Cleveland median","3m",0.71222
"1960-08-01","Cleveland median","3m",0.740625
"1960-09-01","Cleveland median","3m",0.758967
"1960-10-01","Cleveland median","3m",0.046416
"1960-11-01","Cleveland median","3m",0.134977
"1960-12-01","Cleveland median","3m",0.151246
"1961-01-01","Cleveland median","3m",0.151246
"1961-02-01","Cleveland median","3m",0.034458
"1961-03-01","Cleveland median","3m",0
"1961-04-01","Cleveland median","3m",0.030346
"1961-05-01","Cleveland median","3m",0.030346
"1961-06-01","Cleveland median","3m",0.030346
"1961-07-01","Cleveland median","3m",0.044262
"1961-08-01","Cleveland median","3m",0.044262
"1961-09-01","Cleveland median","3m",0.078449
"1961-10-01","Cleveland median","3m",0.034172
"1961-11-01","Cleveland median","3m",0.046968
"1961-12-01","Cleveland median","3m",0.012792
"1962-01-01","Cleveland median","3m",0.797096
"1962-02-01","Cleveland median","3m",0.854534
"1962-03-01","Cleveland median","3m",1.57215
"1962-04-01","Cleveland median","3m",0.781816
"1962-05-01","Cleveland median","3m",0.711536
"1962-06-01","Cleveland median","3m",0
"1962-07-01","Cleveland median","3m",0
"1962-08-01","Cleveland median","3m",0.033757
"1962-09-01","Cleveland median","3m",0.044789
"1962-10-01","Cleveland median","3m",0.044789
"1962-11-01","Cleveland median","3m",0.011028
"1962-12-01","Cleveland median","3m",0
"1963-01-01","Cleveland median","3m",0.355219
"1963-02-01","Cleveland median","3m",0.369519
"1963-03-01","Cleveland median","3m",0.369519
"1963-04-01","Cleveland median","3m",0.01425
"1963-05-01","Cleveland median","3m",0.811544
"1963-06-01","Cleveland median","3m",0.811544
"1963-07-01","Cleveland median","3m",0.811544
"1963-08-01","Cleveland median","3m",0
"1963-09-01","Cleveland median","3m",0
"1963-10-01","Cleveland median","3m",0.770767
"1963-11-01","Cleveland median","3m",0.770767
"1963-12-01","Cleveland median","3m",0.792734
"1964-01-01","Cleveland median","3m",0.191663
"1964-02-01","Cleveland median","3m",0.320589
"1964-03-01","Cleveland median","3m",0.298725
"1964-04-01","Cleveland median","3m",0.128679
"1964-05-01","Cleveland median","3m",0
"1964-06-01","Cleveland median","3m",0
"1964-07-01","Cleveland median","3m",0
"1964-08-01","Cleveland median","3m",0
"1964-09-01","Cleveland median","3m",0
"1964-10-01","Cleveland median","3m",0
"1964-11-01","Cleveland median","3m",0.018797
"1964-12-01","Cleveland median","3m",0.037061
"1965-01-01","Cleveland median","3m",0.418386
"1965-02-01","Cleveland median","3m",0.407561
"1965-03-01","Cleveland median","3m",0.38923
"1965-04-01","Cleveland median","3m",0.217648
"1965-05-01","Cleveland median","3m",0.243697
"1965-06-01","Cleveland median","3m",0.280815
"1965-07-01","Cleveland median","3m",0.07105
"1965-08-01","Cleveland median","3m",0.102702
"1965-09-01","Cleveland median","3m",0.076922
"1965-10-01","Cleveland median","3m",0.08624
"1965-11-01","Cleveland median","3m",0.747196
"1965-12-01","Cleveland median","3m",1.667589
"1966-01-01","Cleveland median","3m",2.46071
"1966-02-01","Cleveland median","3m",2.637828
"1966-03-01","Cleveland median","3m",1.708628
"1966-04-01","Cleveland median","3m",2.323761
"1966-05-01","Cleveland median","3m",1.852923
"1966-06-01","Cleveland median","3m",2.672751
"1966-07-01","Cleveland median","3m",2.128638
"1966-08-01","Cleveland median","3m",2.464823
"1966-09-01","Cleveland median","3m",3.01951
"1966-10-01","Cleveland median","3m",3.525795
"1966-11-01","Cleveland median","3m",3.432072
"1966-12-01","Cleveland median","3m",2.932055
"1967-01-01","Cleveland median","3m",2.512239
"1967-02-01","Cleveland median","3m",2.900174
"1967-03-01","Cleveland median","3m",2.0287
"1967-04-01","Cleveland median","3m",1.909478
"1967-05-01","Cleveland median","3m",1.615836
"1967-06-01","Cleveland median","3m",2.782406
"1967-07-01","Cleveland median","3m",3.050328
"1967-08-01","Cleveland median","3m",3.236896
"1967-09-01","Cleveland median","3m",3.408787
"1967-10-01","Cleveland median","3m",3.582609
"1967-11-01","Cleveland median","3m",3.673521
"1967-12-01","Cleveland median","3m",3.36954
"1968-01-01","Cleveland median","3m",3.589428
"1968-02-01","Cleveland median","3m",4.063346
"1968-03-01","Cleveland median","3m",4.050753
"1968-04-01","Cleveland median","3m",3.992142
"1968-05-01","Cleveland median","3m",4.004738
"1968-06-01","Cleveland median","3m",4.467877
"1968-07-01","Cleveland median","3m",4.096511
"1968-08-01","Cleveland median","3m",4.021408
"1968-09-01","Cleveland median","3m",4.017136
"1968-10-01","Cleveland median","3m",4.467686
"1968-11-01","Cleveland median","3m",4.553178
"1968-12-01","Cleveland median","3m",4.552229
"1969-01-01","Cleveland median","3m",4.511274
"1969-02-01","Cleveland median","3m",3.997055
"1969-03-01","Cleveland median","3m",4.005224
"1969-04-01","Cleveland median","3m",4.052189
"1969-05-01","Cleveland median","3m",4.427755
"1969-06-01","Cleveland median","3m",4.38029
"1969-07-01","Cleveland median","3m",4.703275
"1969-08-01","Cleveland median","3m",4.606015
"1969-09-01","Cleveland median","3m",4.621241
"1969-10-01","Cleveland median","3m",4.242656
"1969-11-01","Cleveland median","3m",4.395946
"1969-12-01","Cleveland median","3m",4.410704
"1970-01-01","Cleveland median","3m",4.39484
"1970-02-01","Cleveland median","3m",4.350734
"1970-03-01","Cleveland median","3m",4.441133
"1970-04-01","Cleveland median","3m",4.546992
"1970-05-01","Cleveland median","3m",4.531845
"1970-06-01","Cleveland median","3m",4.384566
"1970-07-01","Cleveland median","3m",4.248171
"1970-08-01","Cleveland median","3m",4.169801
"1970-09-01","Cleveland median","3m",4.192108
"1970-10-01","Cleveland median","3m",4.377921
"1970-11-01","Cleveland median","3m",4.449394
"1970-12-01","Cleveland median","3m",5.06309
"1971-01-01","Cleveland median","3m",4.814252
"1971-02-01","Cleveland median","3m",4.508431
"1971-03-01","Cleveland median","3m",3.509581
"1971-04-01","Cleveland median","3m",3.495768
"1971-05-01","Cleveland median","3m",3.786159
"1971-06-01","Cleveland median","3m",4.0865
"1971-07-01","Cleveland median","3m",4.022964
"1971-08-01","Cleveland median","3m",3.989134
"1971-09-01","Cleveland median","3m",3.741935
"1971-10-01","Cleveland median","3m",2.673843
"1971-11-01","Cleveland median","3m",2.176668
"1971-12-01","Cleveland median","3m",2.180706
"1972-01-01","Cleveland median","3m",3.113144
"1972-02-01","Cleveland median","3m",3.343026
"1972-03-01","Cleveland median","3m",3.246171
"1972-04-01","Cleveland median","3m",2.842507
"1972-05-01","Cleveland median","3m",2.540452
"1972-06-01","Cleveland median","3m",2.417865
"1972-07-01","Cleveland median","3m",2.804047
"1972-08-01","Cleveland median","3m",3.306
"1972-09-01","Cleveland median","3m",3.710751
"1972-10-01","Cleveland median","3m",3.541392
"1972-11-01","Cleveland median","3m",3.536419
"1972-12-01","Cleveland median","3m",3.444931
"1973-01-01","Cleveland median","3m",3.409878
"1973-02-01","Cleveland median","3m",3.467235
"1973-03-01","Cleveland median","3m",3.628047
"1973-04-01","Cleveland median","3m",4.966476
"1973-05-01","Cleveland median","3m",5.350279
"1973-06-01","Cleveland median","3m",5.754407
"1973-07-01","Cleveland median","3m",4.432964
"1973-08-01","Cleveland median","3m",4.577364
"1973-09-01","Cleveland median","3m",4.052746
"1973-10-01","Cleveland median","3m",4.466653
"1973-11-01","Cleveland median","3m",4.337795
"1973-12-01","Cleveland median","3m",5.556092
"1974-01-01","Cleveland median","3m",6.511624
"1974-02-01","Cleveland median","3m",7.42221
"1974-03-01","Cleveland median","3m",7.902004
"1974-04-01","Cleveland median","3m",8.169528
"1974-05-01","Cleveland median","3m",9.416767
"1974-06-01","Cleveland median","3m",9.26847
"1974-07-01","Cleveland median","3m",9.555419
"1974-08-01","Cleveland median","3m",9.885302
"1974-09-01","Cleveland median","3m",10.409628
"1974-10-01","Cleveland median","3m",10.54847
"1974-11-01","Cleveland median","3m",8.718257
"1974-12-01","Cleveland median","3m",7.821711
"1975-01-01","Cleveland median","3m",7.758145
"1975-02-01","Cleveland median","3m",7.725292
"1975-03-01","Cleveland median","3m",6.576954
"1975-04-01","Cleveland median","3m",5.84347
"1975-05-01","Cleveland median","3m",5.002186
"1975-06-01","Cleveland median","3m",5.671527
"1975-07-01","Cleveland median","3m",5.773351
"1975-08-01","Cleveland median","3m",5.868536
"1975-09-01","Cleveland median","3m",6.166023
"1975-10-01","Cleveland median","3m",6.598127
"1975-11-01","Cleveland median","3m",7.243128
"1975-12-01","Cleveland median","3m",7.191687
"1976-01-01","Cleveland median","3m",6.241947
"1976-02-01","Cleveland median","3m",6.012973
"1976-03-01","Cleveland median","3m",5.247473
"1976-04-01","Cleveland median","3m",4.617345
"1976-05-01","Cleveland median","3m",4.756111
"1976-06-01","Cleveland median","3m",5.281071
"1976-07-01","Cleveland median","3m",6.100642
"1976-08-01","Cleveland median","3m",6.423426
"1976-09-01","Cleveland median","3m",6.564696
"1976-10-01","Cleveland median","3m",6.609067
"1976-11-01","Cleveland median","3m",6.206904
"1976-12-01","Cleveland median","3m",5.948371
"1977-01-01","Cleveland median","3m",6.544441
"1977-02-01","Cleveland median","3m",7.20376
"1977-03-01","Cleveland median","3m",7.757603
"1977-04-01","Cleveland median","3m",7.064574
"1977-05-01","Cleveland median","3m",6.417124
"1977-06-01","Cleveland median","3m",6.293556
"1977-07-01","Cleveland median","3m",6.323266
"1977-08-01","Cleveland median","3m",6.376548
"1977-09-01","Cleveland median","3m",5.84536
"1977-10-01","Cleveland median","3m",5.74032
"1977-11-01","Cleveland median","3m",6.161681
"1977-12-01","Cleveland median","3m",6.331393
"1978-01-01","Cleveland median","3m",6.379659
"1978-02-01","Cleveland median","3m",5.692501
"1978-03-01","Cleveland median","3m",5.917394
"1978-04-01","Cleveland median","3m",6.377436
"1978-05-01","Cleveland median","3m",7.335948
"1978-06-01","Cleveland median","3m",7.123186
"1978-07-01","Cleveland median","3m",6.974148
"1978-08-01","Cleveland median","3m",6.31721
"1978-09-01","Cleveland median","3m",7.098243
"1978-10-01","Cleveland median","3m",7.808281
"1978-11-01","Cleveland median","3m",8.356786
"1978-12-01","Cleveland median","3m",7.90876
"1979-01-01","Cleveland median","3m",7.679517
"1979-02-01","Cleveland median","3m",7.928137
"1979-03-01","Cleveland median","3m",8.162528
"1979-04-01","Cleveland median","3m",7.541216
"1979-05-01","Cleveland median","3m",7.94688
"1979-06-01","Cleveland median","3m",8.060723
"1979-07-01","Cleveland median","3m",8.597344
"1979-08-01","Cleveland median","3m",8.442934
"1979-09-01","Cleveland median","3m",8.889812
"1979-10-01","Cleveland median","3m",9.890681
"1979-11-01","Cleveland median","3m",9.424869
"1979-12-01","Cleveland median","3m",9.06088
"1980-01-01","Cleveland median","3m",9.058831
"1980-02-01","Cleveland median","3m",9.749573
"1980-03-01","Cleveland median","3m",10.34948
"1980-04-01","Cleveland median","3m",9.268022
"1980-05-01","Cleveland median","3m",9.017903
"1980-06-01","Cleveland median","3m",8.971269
"1980-07-01","Cleveland median","3m",8.808349
"1980-08-01","Cleveland median","3m",8.536447
"1980-09-01","Cleveland median","3m",8.716257
"1980-10-01","Cleveland median","3m",9.464205
"1980-11-01","Cleveland median","3m",9.602104
"1980-12-01","Cleveland median","3m",9.2031
"1981-01-01","Cleveland median","3m",9.315131
"1981-02-01","Cleveland median","3m",9.494327
"1981-03-01","Cleveland median","3m",9.289338
"1981-04-01","Cleveland median","3m",8.767821
"1981-05-01","Cleveland median","3m",7.771037
"1981-06-01","Cleveland median","3m",7.124592
"1981-07-01","Cleveland median","3m",7.204005
"1981-08-01","Cleveland median","3m",7.50228
"1981-09-01","Cleveland median","3m",8.173997
"1981-10-01","Cleveland median","3m",7.5707
"1981-11-01","Cleveland median","3m",7.172045
"1981-12-01","Cleveland median","3m",6.321554
"1982-01-01","Cleveland median","3m",6.178344
"1982-02-01","Cleveland median","3m",5.47928
"1982-03-01","Cleveland median","3m",5.592218
"1982-04-01","Cleveland median","3m",4.770551
"1982-05-01","Cleveland median","3m",5.406503
"1982-06-01","Cleveland median","3m",5.428077
"1982-07-01","Cleveland median","3m",6.762601
"1982-08-01","Cleveland median","3m",6.320078
"1982-09-01","Cleveland median","3m",5.818391
"1982-10-01","Cleveland median","3m",5.338072
"1982-11-01","Cleveland median","3m",4.86658
"1982-12-01","Cleveland median","3m",4.523491
"1983-01-01","Cleveland median","3m",4.427194
"1983-02-01","Cleveland median","3m",4.61257
"1983-03-01","Cleveland median","3m",4.109676
"1983-04-01","Cleveland median","3m",4.1678
"1983-05-01","Cleveland median","3m",3.750265
"1983-06-01","Cleveland median","3m",4.212677
"1983-07-01","Cleveland median","3m",3.756283
"1983-08-01","Cleveland median","3m",3.995521
"1983-09-01","Cleveland median","3m",4.332824
"1983-10-01","Cleveland median","3m",3.749701
"1983-11-01","Cleveland median","3m",4.284721
"1983-12-01","Cleveland median","3m",3.698807
"1984-01-01","Cleveland median","3m",4.306974
"1984-02-01","Cleveland median","3m",4.284633
"1984-03-01","Cleveland median","3m",4.852818
"1984-04-01","Cleveland median","3m",5.099598
"1984-05-01","Cleveland median","3m",4.28524
"1984-06-01","Cleveland median","3m",4.200751
"1984-07-01","Cleveland median","3m",4.242315
"1984-08-01","Cleveland median","3m",4.778991
"1984-09-01","Cleveland median","3m",4.983958
"1984-10-01","Cleveland median","3m",4.369481
"1984-11-01","Cleveland median","3m",4.012086
"1984-12-01","Cleveland median","3m",4.225709
"1985-01-01","Cleveland median","3m",4.22257
"1985-02-01","Cleveland median","3m",5.055579
"1985-03-01","Cleveland median","3m",4.585843
"1985-04-01","Cleveland median","3m",4.182363
"1985-05-01","Cleveland median","3m",3.678959
"1985-06-01","Cleveland median","3m",3.830324
"1985-07-01","Cleveland median","3m",3.745182
"1985-08-01","Cleveland median","3m",3.735494
"1985-09-01","Cleveland median","3m",3.324146
"1985-10-01","Cleveland median","3m",3.660154
"1985-11-01","Cleveland median","3m",3.365523
"1985-12-01","Cleveland median","3m",3.757208
"1986-01-01","Cleveland median","3m",4.250256
"1986-02-01","Cleveland median","3m",4.236126
"1986-03-01","Cleveland median","3m",3.621059
"1986-04-01","Cleveland median","3m",3.470309
"1986-05-01","Cleveland median","3m",3.228815
"1986-06-01","Cleveland median","3m",3.790865
"1986-07-01","Cleveland median","3m",3.373208
"1986-08-01","Cleveland median","3m",3.698369
"1986-09-01","Cleveland median","3m",3.572325
"1986-10-01","Cleveland median","3m",4.333669
"1986-11-01","Cleveland median","3m",4.299544
"1986-12-01","Cleveland median","3m",4.186729
"1987-01-01","Cleveland median","3m",4.036776
"1987-02-01","Cleveland median","3m",4.252179
"1987-03-01","Cleveland median","3m",4.502825
"1987-04-01","Cleveland median","3m",4.924607
"1987-05-01","Cleveland median","3m",4.834117
"1987-06-01","Cleveland median","3m",4.559114
"1987-07-01","Cleveland median","3m",3.668201
"1987-08-01","Cleveland median","3m",4.450873
"1987-09-01","Cleveland median","3m",4.385781
"1987-10-01","Cleveland median","3m",4.672944
"1987-11-01","Cleveland median","3m",3.78091
"1987-12-01","Cleveland median","3m",3.573104
"1988-01-01","Cleveland median","3m",3.983889
"1988-02-01","Cleveland median","3m",4.141075
"1988-03-01","Cleveland median","3m",4.620644
"1988-04-01","Cleveland median","3m",4.271744
"1988-05-01","Cleveland median","3m",4.095522
"1988-06-01","Cleveland median","3m",4.279662
"1988-07-01","Cleveland median","3m",4.554533
"1988-08-01","Cleveland median","3m",4.894732
"1988-09-01","Cleveland median","3m",4.982848
"1988-10-01","Cleveland median","3m",4.440587
"1988-11-01","Cleveland median","3m",4.243186
"1988-12-01","Cleveland median","3m",3.692018
"1989-01-01","Cleveland median","3m",4.254907
"1989-02-01","Cleveland median","3m",4.31952
"1989-03-01","Cleveland median","3m",4.496324
"1989-04-01","Cleveland median","3m",4.245898
"1989-05-01","Cleveland median","3m",4.576856
"1989-06-01","Cleveland median","3m",4.327407
"1989-07-01","Cleveland median","3m",4.32737
"1989-08-01","Cleveland median","3m",4.065524
"1989-09-01","Cleveland median","3m",4.337642
"1989-10-01","Cleveland median","3m",4.784699
"1989-11-01","Cleveland median","3m",4.705305
"1989-12-01","Cleveland median","3m",4.771168
"1990-01-01","Cleveland median","3m",4.284289
"1990-02-01","Cleveland median","3m",4.460155
"1990-03-01","Cleveland median","3m",5.124435
"1990-04-01","Cleveland median","3m",5.019279
"1990-05-01","Cleveland median","3m",4.519271
"1990-06-01","Cleveland median","3m",4.292208
"1990-07-01","Cleveland median","3m",4.415928
"1990-08-01","Cleveland median","3m",5.177989
"1990-09-01","Cleveland median","3m",4.71397
"1990-10-01","Cleveland median","3m",4.494215
"1990-11-01","Cleveland median","3m",3.745458
"1990-12-01","Cleveland median","3m",3.610865
"1991-01-01","Cleveland median","3m",3.556762
"1991-02-01","Cleveland median","3m",3.286187
"1991-03-01","Cleveland median","3m",2.779119
"1991-04-01","Cleveland median","3m",2.57199
"1991-05-01","Cleveland median","3m",3.252304
"1991-06-01","Cleveland median","3m",3.222492
"1991-07-01","Cleveland median","3m",3.084561
"1991-08-01","Cleveland median","3m",2.505156
"1991-09-01","Cleveland median","3m",2.814043
"1991-10-01","Cleveland median","3m",3.045537
"1991-11-01","Cleveland median","3m",3.45402
"1991-12-01","Cleveland median","3m",3.712869
"1992-01-01","Cleveland median","3m",3.524786
"1992-02-01","Cleveland median","3m",3.30229
"1992-03-01","Cleveland median","3m",3.101202
"1992-04-01","Cleveland median","3m",2.949298
"1992-05-01","Cleveland median","3m",2.735218
"1992-06-01","Cleveland median","3m",2.261195
"1992-07-01","Cleveland median","3m",2.380777
"1992-08-01","Cleveland median","3m",2.384114
"1992-09-01","Cleveland median","3m",2.618299
"1992-10-01","Cleveland median","3m",3.024464
"1992-11-01","Cleveland median","3m",3.545988
"1992-12-01","Cleveland median","3m",3.706848
"1993-01-01","Cleveland median","3m",3.426414
"1993-02-01","Cleveland median","3m",3.091004
"1993-03-01","Cleveland median","3m",2.993837
"1993-04-01","Cleveland median","3m",3.116412
"1993-05-01","Cleveland median","3m",3.202186
"1993-06-01","Cleveland median","3m",3.033537
"1993-07-01","Cleveland median","3m",2.607418
"1993-08-01","Cleveland median","3m",2.300027
"1993-09-01","Cleveland median","3m",2.084314
"1993-10-01","Cleveland median","3m",2.2298
"1993-11-01","Cleveland median","3m",2.333637
"1993-12-01","Cleveland median","3m",2.799749
"1994-01-01","Cleveland median","3m",2.896915
"1994-02-01","Cleveland median","3m",3.114134
"1994-03-01","Cleveland median","3m",3.201724
"1994-04-01","Cleveland median","3m",2.9457
"1994-05-01","Cleveland median","3m",3.089399
"1994-06-01","Cleveland median","3m",2.792598
"1994-07-01","Cleveland median","3m",2.830115
"1994-08-01","Cleveland median","3m",2.367436
"1994-09-01","Cleveland median","3m",2.256251
"1994-10-01","Cleveland median","3m",2.328682
"1994-11-01","Cleveland median","3m",2.578921
"1994-12-01","Cleveland median","3m",2.533866
"1995-01-01","Cleveland median","3m",3.050903
"1995-02-01","Cleveland median","3m",2.773295
"1995-03-01","Cleveland median","3m",3.226459
"1995-04-01","Cleveland median","3m",2.784186
"1995-05-01","Cleveland median","3m",2.770691
"1995-06-01","Cleveland median","3m",2.333136
"1995-07-01","Cleveland median","3m",2.114297
"1995-08-01","Cleveland median","3m",2.193314
"1995-09-01","Cleveland median","3m",2.383092
"1995-10-01","Cleveland median","3m",2.77582
"1995-11-01","Cleveland median","3m",2.817976
"1995-12-01","Cleveland median","3m",2.747028
"1996-01-01","Cleveland median","3m",2.484534
"1996-02-01","Cleveland median","3m",2.300282
"1996-03-01","Cleveland median","3m",2.422203
"1996-04-01","Cleveland median","3m",2.268889
"1996-05-01","Cleveland median","3m",2.521975
"1996-06-01","Cleveland median","3m",2.389783
"1996-07-01","Cleveland median","3m",2.716069
"1996-08-01","Cleveland median","3m",2.660452
"1996-09-01","Cleveland median","3m",2.799515
"1996-10-01","Cleveland median","3m",2.764238
"1996-11-01","Cleveland median","3m",2.846884
"1996-12-01","Cleveland median","3m",2.766878
"1997-01-01","Cleveland median","3m",2.730719
"1997-02-01","Cleveland median","3m",2.521439
"1997-03-01","Cleveland median","3m",2.578678
"1997-04-01","Cleveland median","3m",2.449688
"1997-05-01","Cleveland median","3m",2.289525
"1997-06-01","Cleveland median","3m",2.26578
"1997-07-01","Cleveland median","3m",2.276842
"1997-08-01","Cleveland median","3m",2.332464
"1997-09-01","Cleveland median","3m",2.328849
"1997-10-01","Cleveland median","3m",2.261799
"1997-11-01","Cleveland median","3m",2.34176
"1997-12-01","Cleveland median","3m",2.100067
"1998-01-01","Cleveland median","3m",2.084646
"1998-02-01","Cleveland median","3m",2.141126
"1998-03-01","Cleveland median","3m",2.518736
"1998-04-01","Cleveland median","3m",2.561167
"1998-05-01","Cleveland median","3m",2.747868
"1998-06-01","Cleveland median","3m",2.280613
"1998-07-01","Cleveland median","3m",2.2891
"1998-08-01","Cleveland median","3m",2.401112
"1998-09-01","Cleveland median","3m",2.96449
"1998-10-01","Cleveland median","3m",2.927864
"1998-11-01","Cleveland median","3m",2.671682
"1998-12-01","Cleveland median","3m",2.386388
"1999-01-01","Cleveland median","3m",2.469784
"1999-02-01","Cleveland median","3m",2.217299
"1999-03-01","Cleveland median","3m",2.109791
"1999-04-01","Cleveland median","3m",2.104875
"1999-05-01","Cleveland median","3m",2.375904
"1999-06-01","Cleveland median","3m",2.312823
"1999-07-01","Cleveland median","3m",2.307967
"1999-08-01","Cleveland median","3m",2.303118
"1999-09-01","Cleveland median","3m",2.512257
"1999-10-01","Cleveland median","3m",2.304321
"1999-11-01","Cleveland median","3m",2.473909
"1999-12-01","Cleveland median","3m",2.339504
"2000-01-01","Cleveland median","3m",2.986722
"2000-02-01","Cleveland median","3m",2.845106
"2000-03-01","Cleveland median","3m",3.14011
"2000-04-01","Cleveland median","3m",2.682103
"2000-05-01","Cleveland median","3m",2.644356
"2000-06-01","Cleveland median","3m",2.636062
"2000-07-01","Cleveland median","3m",2.879301
"2000-08-01","Cleveland median","3m",2.771748
"2000-09-01","Cleveland median","3m",2.859097
"2000-10-01","Cleveland median","3m",2.641679
"2000-11-01","Cleveland median","3m",2.93284
"2000-12-01","Cleveland median","3m",2.729696
"2001-01-01","Cleveland median","3m",3.094572
"2001-02-01","Cleveland median","3m",3.290912
"2001-03-01","Cleveland median","3m",3.434297
"2001-04-01","Cleveland median","3m",3.288734
"2001-05-01","Cleveland median","3m",3.095636
"2001-06-01","Cleveland median","3m",3.199328
"2001-07-01","Cleveland median","3m",3.312989
"2001-08-01","Cleveland median","3m",3.565542
"2001-09-01","Cleveland median","3m",3.422759
"2001-10-01","Cleveland median","3m",3.278028
"2001-11-01","Cleveland median","3m",2.984881
"2001-12-01","Cleveland median","3m",2.755362
"2002-01-01","Cleveland median","3m",2.695222
"2002-02-01","Cleveland median","3m",2.806894
"2002-03-01","Cleveland median","3m",3.259858
"2002-04-01","Cleveland median","3m",3.088751
"2002-05-01","Cleveland median","3m",2.812334
"2002-06-01","Cleveland median","3m",2.470642
"2002-07-01","Cleveland median","3m",2.667337
"2002-08-01","Cleveland median","3m",2.608148
"2002-09-01","Cleveland median","3m",2.756896
"2002-10-01","Cleveland median","3m",2.692481
"2002-11-01","Cleveland median","3m",2.877471
"2002-12-01","Cleveland median","3m",2.800524
"2003-01-01","Cleveland median","3m",2.98385
"2003-02-01","Cleveland median","3m",2.642437
"2003-03-01","Cleveland median","3m",2.610121
"2003-04-01","Cleveland median","3m",1.732162
"2003-05-01","Cleveland median","3m",1.692336
"2003-06-01","Cleveland median","3m",1.315855
"2003-07-01","Cleveland median","3m",2.068207
"2003-08-01","Cleveland median","3m",2.293772
"2003-09-01","Cleveland median","3m",2.608091
"2003-10-01","Cleveland median","3m",2.663883
"2003-11-01","Cleveland median","3m",2.745244
"2003-12-01","Cleveland median","3m",2.428821
"2004-01-01","Cleveland median","3m",2.161658
"2004-02-01","Cleveland median","3m",2.16743
"2004-03-01","Cleveland median","3m",2.56311
"2004-04-01","Cleveland median","3m",3.049417
"2004-05-01","Cleveland median","3m",3.073886
"2004-06-01","Cleveland median","3m",3.067304
"2004-07-01","Cleveland median","3m",2.637009
"2004-08-01","Cleveland median","3m",2.560853
"2004-09-01","Cleveland median","3m",2.256582
"2004-10-01","Cleveland median","3m",2.091082
"2004-11-01","Cleveland median","3m",1.951423
"2004-12-01","Cleveland median","3m",2.064432
"2005-01-01","Cleveland median","3m",2.522721
"2005-02-01","Cleveland median","3m",2.918107
"2005-03-01","Cleveland median","3m",2.913024
"2005-04-01","Cleveland median","3m",2.4453
"2005-05-01","Cleveland median","3m",2.259611
"2005-06-01","Cleveland median","3m",2.076864
"2005-07-01","Cleveland median","3m",2.387325
"2005-08-01","Cleveland median","3m",2.203751
"2005-09-01","Cleveland median","3m",2.774381
"2005-10-01","Cleveland median","3m",2.863276
"2005-11-01","Cleveland median","3m",3.216853
"2005-12-01","Cleveland median","3m",2.72283
"2006-01-01","Cleveland median","3m",2.874258
"2006-02-01","Cleveland median","3m",2.6171
"2006-03-01","Cleveland median","3m",3.228192
"2006-04-01","Cleveland median","3m",3.288076
"2006-05-01","Cleveland median","3m",3.930884
"2006-06-01","Cleveland median","3m",4.044466
"2006-07-01","Cleveland median","3m",3.879376
"2006-08-01","Cleveland median","3m",3.56585
"2006-09-01","Cleveland median","3m",3.19157
"2006-10-01","Cleveland median","3m",3.246816
"2006-11-01","Cleveland median","3m",2.930376
"2006-12-01","Cleveland median","3m",3.151372
"2007-01-01","Cleveland median","3m",3.239956
"2007-02-01","Cleveland median","3m",3.559635
"2007-03-01","Cleveland median","3m",3.324521
"2007-04-01","Cleveland median","3m",2.706808
"2007-05-01","Cleveland median","3m",2.216818
"2007-06-01","Cleveland median","3m",2.022733
"2007-07-01","Cleveland median","3m",2.136277
"2007-08-01","Cleveland median","3m",2.351054
"2007-09-01","Cleveland median","3m",2.710431
"2007-10-01","Cleveland median","3m",3.071476
"2007-11-01","Cleveland median","3m",3.539541
"2007-12-01","Cleveland median","3m",3.50492
"2008-01-01","Cleveland median","3m",3.296282
"2008-02-01","Cleveland median","3m",2.731733
"2008-03-01","Cleveland median","3m",2.63227
"2008-04-01","Cleveland median","3m",2.577235
"2008-05-01","Cleveland median","3m",2.301308
"2008-06-01","Cleveland median","3m",2.225161
"2008-07-01","Cleveland median","3m",2.440027
"2008-08-01","Cleveland median","3m",2.557483
"2008-09-01","Cleveland median","3m",2.592273
"2008-10-01","Cleveland median","3m",2.098465
"2008-11-01","Cleveland median","3m",2.561147
"2008-12-01","Cleveland median","3m",1.899569
"2009-01-01","Cleveland median","3m",2.346359
"2009-02-01","Cleveland median","3m",2.009176
"2009-03-01","Cleveland median","3m",2.433476
"2009-04-01","Cleveland median","3m",1.994809
"2009-05-01","Cleveland median","3m",1.948097
"2009-06-01","Cleveland median","3m",1.854616
"2009-07-01","Cleveland median","3m",1.368446
"2009-08-01","Cleveland median","3m",1.064534
"2009-09-01","Cleveland median","3m",0.722314
"2009-10-01","Cleveland median","3m",1.831508
"2009-11-01","Cleveland median","3m",2.185051
"2009-12-01","Cleveland median","3m",2.132308
"2010-01-01","Cleveland median","3m",1.203575
"2010-02-01","Cleveland median","3m",0.676212
"2010-03-01","Cleveland median","3m",0.698438
"2010-04-01","Cleveland median","3m",0.738975
"2010-05-01","Cleveland median","3m",0.783544
"2010-06-01","Cleveland median","3m",0.905663
"2010-07-01","Cleveland median","3m",0.754328
"2010-08-01","Cleveland median","3m",1.176184
"2010-09-01","Cleveland median","3m",1.322808
"2010-10-01","Cleveland median","3m",1.47321
"2010-11-01","Cleveland median","3m",1.24639
"2010-12-01","Cleveland median","3m",1.125017
"2011-01-01","Cleveland median","3m",1.604893
"2011-02-01","Cleveland median","3m",1.811327
"2011-03-01","Cleveland median","3m",2.198247
"2011-04-01","Cleveland median","3m",2.172928
"2011-05-01","Cleveland median","3m",2.356961
"2011-06-01","Cleveland median","3m",2.218407
"2011-07-01","Cleveland median","3m",2.136813
"2011-08-01","Cleveland median","3m",2.17594
"2011-09-01","Cleveland median","3m",2.230901
"2011-10-01","Cleveland median","3m",2.289911
"2011-11-01","Cleveland median","3m",2.038632
"2011-12-01","Cleveland median","3m",2.124925
"2012-01-01","Cleveland median","3m",2.125714
"2012-02-01","Cleveland median","3m",2.060939
"2012-03-01","Cleveland median","3m",2.0742
"2012-04-01","Cleveland median","3m",2.078482
"2012-05-01","Cleveland median","3m",2.037631
"2012-06-01","Cleveland median","3m",1.682638
"2012-07-01","Cleveland median","3m",1.558536
"2012-08-01","Cleveland median","3m",1.861311
"2012-09-01","Cleveland median","3m",2.172496
"2012-10-01","Cleveland median","3m",2.238949
"2012-11-01","Cleveland median","3m",2.001505
"2012-12-01","Cleveland median","3m",1.895721
"2013-01-01","Cleveland median","3m",1.878333
"2013-02-01","Cleveland median","3m",2.12468
"2013-03-01","Cleveland median","3m",2.149211
"2013-04-01","Cleveland median","3m",1.996752
"2013-05-01","Cleveland median","3m",1.908968
"2013-06-01","Cleveland median","3m",2.075742
"2013-07-01","Cleveland median","3m",2.169014
"2013-08-01","Cleveland median","3m",2.110649
"2013-09-01","Cleveland median","3m",2.01435
"2013-10-01","Cleveland median","3m",2.149885
"2013-11-01","Cleveland median","3m",2.274529
"2013-12-01","Cleveland median","3m",2.145868
"2014-01-01","Cleveland median","3m",2.090167
"2014-02-01","Cleveland median","3m",1.840947
"2014-03-01","Cleveland median","3m",1.889973
"2014-04-01","Cleveland median","3m",2.03728
"2014-05-01","Cleveland median","3m",2.190971
"2014-06-01","Cleveland median","3m",2.327788
"2014-07-01","Cleveland median","3m",2.336323
"2014-08-01","Cleveland median","3m",2.223878
"2014-09-01","Cleveland median","3m",2.230694
"2014-10-01","Cleveland median","3m",2.221623
"2014-11-01","Cleveland median","3m",2.50915
"2014-12-01","Cleveland median","3m",2.263548
"2015-01-01","Cleveland median","3m",2.109439
"2015-02-01","Cleveland median","3m",2.104907
"2015-03-01","Cleveland median","3m",2.088378
"2015-04-01","Cleveland median","3m",2.427053
"2015-05-01","Cleveland median","3m",2.387183
"2015-06-01","Cleveland median","3m",2.55224
"2015-07-01","Cleveland median","3m",2.337184
"2015-08-01","Cleveland median","3m",2.095855
"2015-09-01","Cleveland median","3m",2.132622
"2015-10-01","Cleveland median","3m",1.848808
"2015-11-01","Cleveland median","3m",1.887718
"2015-12-01","Cleveland median","3m",1.667638
"2016-01-01","Cleveland median","3m",2.062227
"2016-02-01","Cleveland median","3m",2.263582
"2016-03-01","Cleveland median","3m",2.593291
"2016-04-01","Cleveland median","3m",2.639475
"2016-05-01","Cleveland median","3m",2.772066
"2016-06-01","Cleveland median","3m",2.554371
"2016-07-01","Cleveland median","3m",2.397146
"2016-08-01","Cleveland median","3m",2.19719
"2016-09-01","Cleveland median","3m",2.275384
"2016-10-01","Cleveland median","3m",2.087841
"2016-11-01","Cleveland median","3m",1.824767
"2016-12-01","Cleveland median","3m",1.813513
"2017-01-01","Cleveland median","3m",2.134237
"2017-02-01","Cleveland median","3m",2.187832
"2017-03-01","Cleveland median","3m",2.167899
"2017-04-01","Cleveland median","3m",1.728668
"2017-05-01","Cleveland median","3m",1.611261
"2017-06-01","Cleveland median","3m",1.578731
"2017-07-01","Cleveland median","3m",1.508811
"2017-08-01","Cleveland median","3m",1.72099
"2017-09-01","Cleveland median","3m",1.62185
"2017-10-01","Cleveland median","3m",2.017469
"2017-11-01","Cleveland median","3m",2.084634
"2017-12-01","Cleveland median","3m",2.304017
"2018-01-01","Cleveland median","3m",2.51669
"2018-02-01","Cleveland median","3m",2.554775
"2018-03-01","Cleveland median","3m",2.445279
"2018-04-01","Cleveland median","3m",2.079142
"2018-05-01","Cleveland median","3m",2.129918
"2018-06-01","Cleveland median","3m",2.214657
"2018-07-01","Cleveland median","3m",2.181435
"2018-08-01","Cleveland median","3m",2.101816
"2018-09-01","Cleveland median","3m",2.214786
"2018-10-01","Cleveland median","3m",2.463142
"2018-11-01","Cleveland median","3m",2.775315
"2018-12-01","Cleveland median","3m",2.624178
"2019-01-01","Cleveland median","3m",2.582396
"2019-02-01","Cleveland median","3m",2.495736
"2019-03-01","Cleveland median","3m",2.62127
"2019-04-01","Cleveland median","3m",3.118373
"2019-05-01","Cleveland median","3m",2.857536
"2019-06-01","Cleveland median","3m",2.642566
"2019-07-01","Cleveland median","3m",2.216327
"2019-08-01","Cleveland median","3m",2.330735
"2019-09-01","Cleveland median","3m",2.44542
"2019-10-01","Cleveland median","3m",2.290333
"2019-11-01","Cleveland median","3m",2.135219
"2019-12-01","Cleveland median","3m",2.426325
"2020-01-01","Cleveland median","3m",2.728488
"2020-02-01","Cleveland median","3m",2.96684
"2020-03-01","Cleveland median","3m",2.609437
"2020-04-01","Cleveland median","3m",2.318451
"2020-05-01","Cleveland median","3m",2.361156
"2020-06-01","Cleveland median","3m",2.307681
"2020-07-01","Cleveland median","3m",2.381778
"2020-08-01","Cleveland median","3m",2.127961
"2020-09-01","Cleveland median","3m",1.865734
"2020-10-01","Cleveland median","3m",1.74504
"2020-11-01","Cleveland median","3m",1.342538
"2020-12-01","Cleveland median","3m",1.579782
"2021-01-01","Cleveland median","3m",1.429043
"2021-02-01","Cleveland median","3m",2.146379
"2021-03-01","Cleveland median","3m",2.507555
"2021-04-01","Cleveland median","3m",2.886953
"2021-05-01","Cleveland median","3m",3.025824
"2021-06-01","Cleveland median","3m",3.088029
"2021-07-01","Cleveland median","3m",3.351116
"2021-08-01","Cleveland median","3m",3.345632
"2021-09-01","Cleveland median","3m",3.902045
"2021-10-01","Cleveland median","3m",4.534654
"2021-11-01","Cleveland median","3m",4.969741
"2021-12-01","Cleveland median","3m",5.021328
"2022-01-01","Cleveland median","3m",5.266468
"2022-02-01","Cleveland median","3m",5.585109
"2022-03-01","Cleveland median","3m",4.892416
"2022-04-01","Cleveland median","3m",4.792932
"2022-05-01","Cleveland median","3m",5.306296
"2022-06-01","Cleveland median","3m",7.349097
"2022-07-01","Cleveland median","3m",7.023223
"2022-08-01","Cleveland median","3m",6.810706
"2022-09-01","Cleveland median","3m",5.393993
"2022-10-01","Cleveland median","3m",5.686282
"2022-11-01","Cleveland median","3m",4.634735
"2022-12-01","Cleveland median","3m",4.740715
"2023-01-01","Cleveland median","3m",5.109408
"2023-02-01","Cleveland median","3m",5.384365
"2023-03-01","Cleveland median","3m",5.373949
"2023-04-01","Cleveland median","3m",4.525313
"2023-05-01","Cleveland median","3m",4.31675
"2023-06-01","Cleveland median","3m",3.623342
"2023-07-01","Cleveland median","3m",3.231006
"2023-08-01","Cleveland median","3m",3.101844
"2023-09-01","Cleveland median","3m",3.399683
"2023-10-01","Cleveland median","3m",3.476856
"2023-11-01","Cleveland median","3m",3.583863
"2023-12-01","Cleveland median","3m",2.942343
"2024-01-01","Cleveland median","3m",3.835964
"2024-02-01","Cleveland median","3m",3.493462
"2024-03-01","Cleveland median","3m",4.097488
"2024-04-01","Cleveland median","3m",3.130144
"2024-05-01","Cleveland median","3m",3.467648
"2024-06-01","Cleveland median","3m",3.024466
"2024-07-01","Cleveland median","3m",2.527941
"2024-08-01","Cleveland median","3m",2.295542
"2024-09-01","Cleveland median","3m",2.799134
"2024-10-01","Cleveland median","3m",3.434055
"2024-11-01","Cleveland median","3m",3.579065
"2024-12-01","Cleveland median","3m",3.612727
"2025-01-01","Cleveland median","3m",3.416197
"2025-02-01","Cleveland median","3m",3.558953
"2025-03-01","Cleveland median","3m",3.451602
"2025-04-01","Cleveland median","3m",3.668269
"2025-05-01","Cleveland median","3m",3.410141
"2025-06-01","Cleveland median","3m",3.485151
"2025-07-01","Cleveland median","3m",3.136342
"2025-08-01","Cleveland median","3m",3.426318
"2025-09-01","Cleveland median","3m",2.781857
"2025-10-01","Cleveland median","3m",2.505789
"2025-11-01","Cleveland median","3m",1.907237
"2025-12-01","Cleveland median","3m",2.393525
"2026-01-01","Cleveland median","3m",2.631145
"2026-02-01","Cleveland median","3m",2.885681
"2026-03-01","Cleveland median","3m",2.86374
"2026-04-01","Cleveland median","3m",2.947945
"2026-05-01","Cleveland median","3m",3.229832
"2026-06-01","Cleveland median","3m",2.99893
"2026-07-01","Cleveland median","3m",3.039191
"2026-08-01","Cleveland median","3m",2.622641
"1960-02-01","Cleveland median","12m",0.732407
"1960-03-01","Cleveland median","12m",0.732407
"1960-04-01","Cleveland median","12m",0.702995
"1960-05-01","Cleveland median","12m",0.689256
"1960-06-01","Cleveland median","12m",0.443379
"1960-07-01","Cleveland median","12m",0.604347
"1960-08-01","Cleveland median","12m",0.61144
"1960-09-01","Cleveland median","12m",0.434504
"1960-10-01","Cleveland median","12m",0.422933
"1960-11-01","Cleveland median","12m",0.452231
"1960-12-01","Cleveland median","12m",0.456325
"1961-01-01","Cleveland median","12m",0.456325
"1961-02-01","Cleveland median","12m",0.456325
"1961-03-01","Cleveland median","12m",0.456325
"1961-04-01","Cleveland median","12m",0.234668
"1961-05-01","Cleveland median","12m",0.234668
"1961-06-01","Cleveland median","12m",0.234668
"1961-07-01","Cleveland median","12m",0.068056
"1961-08-01","Cleveland median","12m",0.061001
"1961-09-01","Cleveland median","12m",0.064994
"1961-10-01","Cleveland median","12m",0.064994
"1961-11-01","Cleveland median","12m",0.039008
"1961-12-01","Cleveland median","12m",0.030392
"1962-01-01","Cleveland median","12m",0.225928
"1962-02-01","Cleveland median","12m",0.243409
"1962-03-01","Cleveland median","12m",0.421252
"1962-04-01","Cleveland median","12m",0.413635
"1962-05-01","Cleveland median","12m",0.413635
"1962-06-01","Cleveland median","12m",0.413635
"1962-07-01","Cleveland median","12m",0.402527
"1962-08-01","Cleveland median","12m",0.410999
"1962-09-01","Cleveland median","12m",0.405191
"1962-10-01","Cleveland median","12m",0.405191
"1962-11-01","Cleveland median","12m",0.40198
"1962-12-01","Cleveland median","12m",0.40198
"1963-01-01","Cleveland median","12m",0.29497
"1963-02-01","Cleveland median","12m",0.281053
"1963-03-01","Cleveland median","12m",0.103458
"1963-04-01","Cleveland median","12m",0.103458
"1963-05-01","Cleveland median","12m",0.305939
"1963-06-01","Cleveland median","12m",0.305939
"1963-07-01","Cleveland median","12m",0.305939
"1963-08-01","Cleveland median","12m",0.297475
"1963-09-01","Cleveland median","12m",0.29471
"1963-10-01","Cleveland median","12m",0.487414
"1963-11-01","Cleveland median","12m",0.487414
"1963-12-01","Cleveland median","12m",0.49289
"1964-01-01","Cleveland median","12m",0.446446
"1964-02-01","Cleveland median","12m",0.475165
"1964-03-01","Cleveland median","12m",0.475165
"1964-04-01","Cleveland median","12m",0.475165
"1964-05-01","Cleveland median","12m",0.272342
"1964-06-01","Cleveland median","12m",0.272342
"1964-07-01","Cleveland median","12m",0.272342
"1964-08-01","Cleveland median","12m",0.272342
"1964-09-01","Cleveland median","12m",0.272342
"1964-10-01","Cleveland median","12m",0.080051
"1964-11-01","Cleveland median","12m",0.084754
"1964-12-01","Cleveland median","12m",0.083869
"1965-01-01","Cleveland median","12m",0.136621
"1965-02-01","Cleveland median","12m",0.106439
"1965-03-01","Cleveland median","12m",0.106439
"1965-04-01","Cleveland median","12m",0.158857
"1965-05-01","Cleveland median","12m",0.167372
"1965-06-01","Cleveland median","12m",0.176643
"1965-07-01","Cleveland median","12m",0.176643
"1965-08-01","Cleveland median","12m",0.193081
"1965-09-01","Cleveland median","12m",0.195902
"1965-10-01","Cleveland median","12m",0.198235
"1965-11-01","Cleveland median","12m",0.375002
"1965-12-01","Cleveland median","12m",0.60171
"1966-01-01","Cleveland median","12m",0.703856
"1966-02-01","Cleveland median","12m",0.927804
"1966-03-01","Cleveland median","12m",0.930641
"1966-04-01","Cleveland median","12m",1.228819
"1966-05-01","Cleveland median","12m",1.33044
"1966-06-01","Cleveland median","12m",1.52719
"1966-07-01","Cleveland median","12m",1.745203
"1966-08-01","Cleveland median","12m",1.922995
"1966-09-01","Cleveland median","12m",2.265407
"1966-10-01","Cleveland median","12m",2.6083
"1966-11-01","Cleveland median","12m",2.595365
"1966-12-01","Cleveland median","12m",2.58191
"1967-01-01","Cleveland median","12m",2.621198
"1967-02-01","Cleveland median","12m",2.660862
"1967-03-01","Cleveland median","12m",2.66252
"1967-04-01","Cleveland median","12m",2.517169
"1967-05-01","Cleveland median","12m",2.601068
"1967-06-01","Cleveland median","12m",2.68992
"1967-07-01","Cleveland median","12m",2.747689
"1967-08-01","Cleveland median","12m",2.793799
"1967-09-01","Cleveland median","12m",2.78679
"1967-10-01","Cleveland median","12m",2.761783
"1967-11-01","Cleveland median","12m",2.853736
"1967-12-01","Cleveland median","12m",2.895834
"1968-01-01","Cleveland median","12m",3.030678
"1968-02-01","Cleveland median","12m",3.143174
"1968-03-01","Cleveland median","12m",3.401898
"1968-04-01","Cleveland median","12m",3.553086
"1968-05-01","Cleveland median","12m",3.744104
"1968-06-01","Cleveland median","12m",3.823223
"1968-07-01","Cleveland median","12m",3.814913
"1968-08-01","Cleveland median","12m",3.940636
"1968-09-01","Cleveland median","12m",3.975584
"1968-10-01","Cleveland median","12m",4.035972
"1968-11-01","Cleveland median","12m",4.160419
"1968-12-01","Cleveland median","12m",4.271722
"1969-01-01","Cleveland median","12m",4.266658
"1969-02-01","Cleveland median","12m",4.143827
"1969-03-01","Cleveland median","12m",4.260314
"1969-04-01","Cleveland median","12m",4.281706
"1969-05-01","Cleveland median","12m",4.249561
"1969-06-01","Cleveland median","12m",4.238454
"1969-07-01","Cleveland median","12m",4.433336
"1969-08-01","Cleveland median","12m",4.395726
"1969-09-01","Cleveland median","12m",4.389473
"1969-10-01","Cleveland median","12m",4.377051
"1969-11-01","Cleveland median","12m",4.356455
"1969-12-01","Cleveland median","12m",4.354129
"1970-01-01","Cleveland median","12m",4.347968
"1970-02-01","Cleveland median","12m",4.445067
"1970-03-01","Cleveland median","12m",4.4633
"1970-04-01","Cleveland median","12m",4.4718
"1970-05-01","Cleveland median","12m",4.471085
"1970-06-01","Cleveland median","12m",4.46437
"1970-07-01","Cleveland median","12m",4.35809
"1970-08-01","Cleveland median","12m",4.362001
"1970-09-01","Cleveland median","12m",4.357082
"1970-10-01","Cleveland median","12m",4.391927
"1970-11-01","Cleveland median","12m",4.375356
"1970-12-01","Cleveland median","12m",4.519714
"1971-01-01","Cleveland median","12m",4.49662
"1971-02-01","Cleveland median","12m",4.414767
"1971-03-01","Cleveland median","12m",4.285868
"1971-04-01","Cleveland median","12m",4.232944
"1971-05-01","Cleveland median","12m",4.228054
"1971-06-01","Cleveland median","12m",4.211342
"1971-07-01","Cleveland median","12m",4.176605
"1971-08-01","Cleveland median","12m",4.182833
"1971-09-01","Cleveland median","12m",4.098595
"1971-10-01","Cleveland median","12m",3.748779
"1971-11-01","Cleveland median","12m",3.611418
"1971-12-01","Cleveland median","12m",3.377149
"1972-01-01","Cleveland median","12m",3.325239
"1972-02-01","Cleveland median","12m",3.321351
"1972-03-01","Cleveland median","12m",3.311317
"1972-04-01","Cleveland median","12m",3.161805
"1972-05-01","Cleveland median","12m",3.009914
"1972-06-01","Cleveland median","12m",2.894753
"1972-07-01","Cleveland median","12m",2.858261
"1972-08-01","Cleveland median","12m",2.84032
"1972-09-01","Cleveland median","12m",2.88702
"1972-10-01","Cleveland median","12m",3.074853
"1972-11-01","Cleveland median","12m",3.180772
"1972-12-01","Cleveland median","12m",3.203795
"1973-01-01","Cleveland median","12m",3.148929
"1973-02-01","Cleveland median","12m",3.211762
"1973-03-01","Cleveland median","12m",3.299092
"1973-04-01","Cleveland median","12m",3.677428
"1973-05-01","Cleveland median","12m",3.911666
"1973-06-01","Cleveland median","12m",4.130318
"1973-07-01","Cleveland median","12m",4.085699
"1973-08-01","Cleveland median","12m",4.229905
"1973-09-01","Cleveland median","12m",4.216057
"1973-10-01","Cleveland median","12m",4.317455
"1973-11-01","Cleveland median","12m",4.431008
"1973-12-01","Cleveland median","12m",4.74376
"1974-01-01","Cleveland median","12m",5.091049
"1974-02-01","Cleveland median","12m",5.414968
"1974-03-01","Cleveland median","12m",5.807441
"1974-04-01","Cleveland median","12m",5.883748
"1974-05-01","Cleveland median","12m",6.417812
"1974-06-01","Cleveland median","12m",6.675652
"1974-07-01","Cleveland median","12m",7.158931
"1974-08-01","Cleveland median","12m",7.743184
"1974-09-01","Cleveland median","12m",8.268883
"1974-10-01","Cleveland median","12m",8.685632
"1974-11-01","Cleveland median","12m",8.856662
"1974-12-01","Cleveland median","12m",8.845226
"1975-01-01","Cleveland median","12m",9.002237
"1975-02-01","Cleveland median","12m",8.933363
"1975-03-01","Cleveland median","12m",8.509518
"1975-04-01","Cleveland median","12m",8.41146
"1975-05-01","Cleveland median","12m",7.817567
"1975-06-01","Cleveland median","12m",7.605288
"1975-07-01","Cleveland median","12m",7.463453
"1975-08-01","Cleveland median","12m",6.81847
"1975-09-01","Cleveland median","12m",6.556087
"1975-10-01","Cleveland median","12m",6.490288
"1975-11-01","Cleveland median","12m",6.454273
"1975-12-01","Cleveland median","12m",6.400088
"1976-01-01","Cleveland median","12m",6.113706
"1976-02-01","Cleveland median","12m",6.028699
"1976-03-01","Cleveland median","12m",6.066705
"1976-04-01","Cleveland median","12m",5.805048
"1976-05-01","Cleveland median","12m",5.966524
"1976-06-01","Cleveland median","12m",5.96859
"1976-07-01","Cleveland median","12m",5.886801
"1976-08-01","Cleveland median","12m",6.105103
"1976-09-01","Cleveland median","12m",6.067933
"1976-10-01","Cleveland median","12m",5.889517
"1976-11-01","Cleveland median","12m",5.847862
"1976-12-01","Cleveland median","12m",5.759016
"1977-01-01","Cleveland median","12m",5.964809
"1977-02-01","Cleveland median","12m",6.143852
"1977-03-01","Cleveland median","12m",6.384036
"1977-04-01","Cleveland median","12m",6.579134
"1977-05-01","Cleveland median","12m",6.562127
"1977-06-01","Cleveland median","12m",6.638891
"1977-07-01","Cleveland median","12m",6.634997
"1977-08-01","Cleveland median","12m",6.55039
"1977-09-01","Cleveland median","12m",6.458475
"1977-10-01","Cleveland median","12m",6.41709
"1977-11-01","Cleveland median","12m",6.539046
"1977-12-01","Cleveland median","12m",6.554561
"1978-01-01","Cleveland median","12m",6.37592
"1978-02-01","Cleveland median","12m",6.161572
"1978-03-01","Cleveland median","12m",6.096703
"1978-04-01","Cleveland median","12m",6.204828
"1978-05-01","Cleveland median","12m",6.389989
"1978-06-01","Cleveland median","12m",6.303123
"1978-07-01","Cleveland median","12m",6.366995
"1978-08-01","Cleveland median","12m",6.375149
"1978-09-01","Cleveland median","12m",6.616311
"1978-10-01","Cleveland median","12m",6.883279
"1978-11-01","Cleveland median","12m",6.920816
"1978-12-01","Cleveland median","12m",7.009529
"1979-01-01","Cleveland median","12m",7.208296
"1979-02-01","Cleveland median","12m",7.48179
"1979-03-01","Cleveland median","12m",7.572147
"1979-04-01","Cleveland median","12m",7.500318
"1979-05-01","Cleveland median","12m",7.634405
"1979-06-01","Cleveland median","12m",7.806745
"1979-07-01","Cleveland median","12m",7.905813
"1979-08-01","Cleveland median","12m",8.168433
"1979-09-01","Cleveland median","12m",8.2548
"1979-10-01","Cleveland median","12m",8.423152
"1979-11-01","Cleveland median","12m",8.43401
"1979-12-01","Cleveland median","12m",8.542604
"1980-01-01","Cleveland median","12m",8.768706
"1980-02-01","Cleveland median","12m",8.888636
"1980-03-01","Cleveland median","12m",9.087151
"1980-04-01","Cleveland median","12m",9.20273
"1980-05-01","Cleveland median","12m",9.157729
"1980-06-01","Cleveland median","12m",9.316227
"1980-07-01","Cleveland median","12m",9.255737
"1980-08-01","Cleveland median","12m",9.181253
"1980-09-01","Cleveland median","12m",9.272643
"1980-10-01","Cleveland median","12m",9.149579
"1980-11-01","Cleveland median","12m",9.225437
"1980-12-01","Cleveland median","12m",9.308249
"1981-01-01","Cleveland median","12m",9.213651
"1981-02-01","Cleveland median","12m",9.161875
"1981-03-01","Cleveland median","12m",9.044763
"1981-04-01","Cleveland median","12m",9.088448
"1981-05-01","Cleveland median","12m",8.848398
"1981-06-01","Cleveland median","12m",8.579818
"1981-07-01","Cleveland median","12m",8.684087
"1981-08-01","Cleveland median","12m",8.588182
"1981-09-01","Cleveland median","12m",8.444169
"1981-10-01","Cleveland median","12m",8.211004
"1981-11-01","Cleveland median","12m",7.981217
"1981-12-01","Cleveland median","12m",7.721599
"1982-01-01","Cleveland median","12m",7.426232
"1982-02-01","Cleveland median","12m",6.977416
"1982-03-01","Cleveland median","12m",6.798787
"1982-04-01","Cleveland median","12m",6.42534
"1982-05-01","Cleveland median","12m",6.385745
"1982-06-01","Cleveland median","12m",6.373414
"1982-07-01","Cleveland median","12m",6.315621
"1982-08-01","Cleveland median","12m",6.09205
"1982-09-01","Cleveland median","12m",5.789525
"1982-10-01","Cleveland median","12m",5.75963
"1982-11-01","Cleveland median","12m",5.516831
"1982-12-01","Cleveland median","12m",5.339394
"1983-01-01","Cleveland median","12m",5.320846
"1983-02-01","Cleveland median","12m",5.299405
"1983-03-01","Cleveland median","12m",4.967683
"1983-04-01","Cleveland median","12m",5.169038
"1983-05-01","Cleveland median","12m",4.883306
"1983-06-01","Cleveland median","12m",4.663843
"1983-07-01","Cleveland median","12m",4.420728
"1983-08-01","Cleveland median","12m",4.305259
"1983-09-01","Cleveland median","12m",4.294553
"1983-10-01","Cleveland median","12m",4.024848
"1983-11-01","Cleveland median","12m",4.160271
"1983-12-01","Cleveland median","12m",4.088223
"1984-01-01","Cleveland median","12m",3.994896
"1984-02-01","Cleveland median","12m",4.078545
"1984-03-01","Cleveland median","12m",4.273475
"1984-04-01","Cleveland median","12m",4.226683
"1984-05-01","Cleveland median","12m",4.212454
"1984-06-01","Cleveland median","12m",4.270491
"1984-07-01","Cleveland median","12m",4.348528
"1984-08-01","Cleveland median","12m",4.408177
"1984-09-01","Cleveland median","12m",4.432798
"1984-10-01","Cleveland median","12m",4.504019
"1984-11-01","Cleveland median","12m",4.339871
"1984-12-01","Cleveland median","12m",4.565204
"1985-01-01","Cleveland median","12m",4.482872
"1985-02-01","Cleveland median","12m",4.532177
"1985-03-01","Cleveland median","12m",4.49858
"1985-04-01","Cleveland median","12m",4.254159
"1985-05-01","Cleveland median","12m",4.379916
"1985-06-01","Cleveland median","12m",4.405584
"1985-07-01","Cleveland median","12m",4.129638
"1985-08-01","Cleveland median","12m",4.119059
"1985-09-01","Cleveland median","12m",3.990448
"1985-10-01","Cleveland median","12m",3.952261
"1985-11-01","Cleveland median","12m",3.956873
"1985-12-01","Cleveland median","12m",3.873389
"1986-01-01","Cleveland median","12m",3.959164
"1986-02-01","Cleveland median","12m",3.753557
"1986-03-01","Cleveland median","12m",3.633003
"1986-04-01","Cleveland median","12m",3.781075
"1986-05-01","Cleveland median","12m",3.640756
"1986-06-01","Cleveland median","12m",3.623156
"1986-07-01","Cleveland median","12m",3.687924
"1986-08-01","Cleveland median","12m",3.631482
"1986-09-01","Cleveland median","12m",3.685324
"1986-10-01","Cleveland median","12m",3.855939
"1986-11-01","Cleveland median","12m",3.864799
"1986-12-01","Cleveland median","12m",3.792464
"1987-01-01","Cleveland median","12m",3.80273
"1987-02-01","Cleveland median","12m",3.868798
"1987-03-01","Cleveland median","12m",4.012569
"1987-04-01","Cleveland median","12m",4.165566
"1987-05-01","Cleveland median","12m",4.270278
"1987-06-01","Cleveland median","12m",4.20451
"1987-07-01","Cleveland median","12m",4.2398
"1987-08-01","Cleveland median","12m",4.458928
"1987-09-01","Cleveland median","12m",4.408515
"1987-10-01","Cleveland median","12m",4.32444
"1987-11-01","Cleveland median","12m",4.328829
"1987-12-01","Cleveland median","12m",4.254441
"1988-01-01","Cleveland median","12m",4.311179
"1988-02-01","Cleveland median","12m",4.301021
"1988-03-01","Cleveland median","12m",4.283813
"1988-04-01","Cleveland median","12m",4.148537
"1988-05-01","Cleveland median","12m",4.116824
"1988-06-01","Cleveland median","12m",4.214064
"1988-07-01","Cleveland median","12m",4.370437
"1988-08-01","Cleveland median","12m",4.227258
"1988-09-01","Cleveland median","12m",4.362767
"1988-10-01","Cleveland median","12m",4.312467
"1988-11-01","Cleveland median","12m",4.343131
"1988-12-01","Cleveland median","12m",4.39271
"1989-01-01","Cleveland median","12m",4.380369
"1989-02-01","Cleveland median","12m",4.3878
"1989-03-01","Cleveland median","12m",4.361684
"1989-04-01","Cleveland median","12m",4.3739
"1989-05-01","Cleveland median","12m",4.508263
"1989-06-01","Cleveland median","12m",4.373627
"1989-07-01","Cleveland median","12m",4.317161
"1989-08-01","Cleveland median","12m",4.30111
"1989-09-01","Cleveland median","12m",4.212891
"1989-10-01","Cleveland median","12m",4.402982
"1989-11-01","Cleveland median","12m",4.416512
"1989-12-01","Cleveland median","12m",4.482981
"1990-01-01","Cleveland median","12m",4.410337
"1990-02-01","Cleveland median","12m",4.451686
"1990-03-01","Cleveland median","12m",4.639637
"1990-04-01","Cleveland median","12m",4.603451
"1990-05-01","Cleveland median","12m",4.437303
"1990-06-01","Cleveland median","12m",4.630809
"1990-07-01","Cleveland median","12m",4.625642
"1990-08-01","Cleveland median","12m",4.715301
"1990-09-01","Cleveland median","12m",4.725028
"1990-10-01","Cleveland median","12m",4.553055
"1990-11-01","Cleveland median","12m",4.474487
"1990-12-01","Cleveland median","12m",4.433868
"1991-01-01","Cleveland median","12m",4.370226
"1991-02-01","Cleveland median","12m",4.17971
"1991-03-01","Cleveland median","12m",3.846453
"1991-04-01","Cleveland median","12m",3.756798
"1991-05-01","Cleveland median","12m",3.862551
"1991-06-01","Cleveland median","12m",3.579137
"1991-07-01","Cleveland median","12m",3.424464
"1991-08-01","Cleveland median","12m",3.196317
"1991-09-01","Cleveland median","12m",3.106072
"1991-10-01","Cleveland median","12m",3.064124
"1991-11-01","Cleveland median","12m",3.123767
"1991-12-01","Cleveland median","12m",3.131439
"1992-01-01","Cleveland median","12m",3.056167
"1992-02-01","Cleveland median","12m",3.127786
"1992-03-01","Cleveland median","12m",3.212141
"1992-04-01","Cleveland median","12m",3.150808
"1992-05-01","Cleveland median","12m",2.998428
"1992-06-01","Cleveland median","12m",2.970997
"1992-07-01","Cleveland median","12m",2.974297
"1992-08-01","Cleveland median","12m",2.968008
"1992-09-01","Cleveland median","12m",2.921952
"1992-10-01","Cleveland median","12m",2.969032
"1992-11-01","Cleveland median","12m",2.990884
"1992-12-01","Cleveland median","12m",2.920458
"1993-01-01","Cleveland median","12m",2.944562
"1993-02-01","Cleveland median","12m",2.938182
"1993-03-01","Cleveland median","12m",2.893653
"1993-04-01","Cleveland median","12m",2.986313
"1993-05-01","Cleveland median","12m",3.054955
"1993-06-01","Cleveland median","12m",3.087385
"1993-07-01","Cleveland median","12m",3.043261
"1993-08-01","Cleveland median","12m",3.033789
"1993-09-01","Cleveland median","12m",2.953016
"1993-10-01","Cleveland median","12m",2.843982
"1993-11-01","Cleveland median","12m",2.730868
"1993-12-01","Cleveland median","12m",2.727147
"1994-01-01","Cleveland median","12m",2.712099
"1994-02-01","Cleveland median","12m",2.736629
"1994-03-01","Cleveland median","12m",2.778945
"1994-04-01","Cleveland median","12m",2.669562
"1994-05-01","Cleveland median","12m",2.708548
"1994-06-01","Cleveland median","12m",2.718807
"1994-07-01","Cleveland median","12m",2.725225
"1994-08-01","Cleveland median","12m",2.725464
"1994-09-01","Cleveland median","12m",2.762031
"1994-10-01","Cleveland median","12m",2.750056
"1994-11-01","Cleveland median","12m",2.786964
"1994-12-01","Cleveland median","12m",2.69552
"1995-01-01","Cleveland median","12m",2.788476
"1995-02-01","Cleveland median","12m",2.701919
"1995-03-01","Cleveland median","12m",2.701673
"1995-04-01","Cleveland median","12m",2.748136
"1995-05-01","Cleveland median","12m",2.62245
"1995-06-01","Cleveland median","12m",2.586716
"1995-07-01","Cleveland median","12m",2.568855
"1995-08-01","Cleveland median","12m",2.578783
"1995-09-01","Cleveland median","12m",2.618514
"1995-10-01","Cleveland median","12m",2.680719
"1995-11-01","Cleveland median","12m",2.638494
"1995-12-01","Cleveland median","12m",2.671807
"1996-01-01","Cleveland median","12m",2.539344
"1996-02-01","Cleveland median","12m",2.520192
"1996-03-01","Cleveland median","12m",2.471236
"1996-04-01","Cleveland median","12m",2.410584
"1996-05-01","Cleveland median","12m",2.458108
"1996-06-01","Cleveland median","12m",2.485414
"1996-07-01","Cleveland median","12m",2.561131
"1996-08-01","Cleveland median","12m",2.574995
"1996-09-01","Cleveland median","12m",2.589465
"1996-10-01","Cleveland median","12m",2.558242
"1996-11-01","Cleveland median","12m",2.582204
"1996-12-01","Cleveland median","12m",2.59442
"1997-01-01","Cleveland median","12m",2.619777
"1997-02-01","Cleveland median","12m",2.637601
"1997-03-01","Cleveland median","12m",2.633582
"1997-04-01","Cleveland median","12m",2.665102
"1997-05-01","Cleveland median","12m",2.579373
"1997-06-01","Cleveland median","12m",2.602493
"1997-07-01","Cleveland median","12m",2.555173
"1997-08-01","Cleveland median","12m",2.497343
"1997-09-01","Cleveland median","12m",2.48485
"1997-10-01","Cleveland median","12m",2.429588
"1997-11-01","Cleveland median","12m",2.371259
"1997-12-01","Cleveland median","12m",2.318199
"1998-01-01","Cleveland median","12m",2.268162
"1998-02-01","Cleveland median","12m",2.276187
"1998-03-01","Cleveland median","12m",2.303248
"1998-04-01","Cleveland median","12m",2.295971
"1998-05-01","Cleveland median","12m",2.390566
"1998-06-01","Cleveland median","12m",2.306958
"1998-07-01","Cleveland median","12m",2.299036
"1998-08-01","Cleveland median","12m",2.407733
"1998-09-01","Cleveland median","12m",2.465465
"1998-10-01","Cleveland median","12m",2.465208
"1998-11-01","Cleveland median","12m",2.490167
"1998-12-01","Cleveland median","12m",2.537226
"1999-01-01","Cleveland median","12m",2.561715
"1999-02-01","Cleveland median","12m",2.50927
"1999-03-01","Cleveland median","12m",2.434818
"1999-04-01","Cleveland median","12m",2.44745
"1999-05-01","Cleveland median","12m",2.416369
"1999-06-01","Cleveland median","12m",2.442882
"1999-07-01","Cleveland median","12m",2.452174
"1999-08-01","Cleveland median","12m",2.391858
"1999-09-01","Cleveland median","12m",2.330211
"1999-10-01","Cleveland median","12m",2.296655
"1999-11-01","Cleveland median","12m",2.342514
"1999-12-01","Cleveland median","12m",2.318494
"2000-01-01","Cleveland median","12m",2.425428
"2000-02-01","Cleveland median","12m",2.499297
"2000-03-01","Cleveland median","12m",2.575629
"2000-04-01","Cleveland median","12m",2.569882
"2000-05-01","Cleveland median","12m",2.566425
"2000-06-01","Cleveland median","12m",2.656551
"2000-07-01","Cleveland median","12m",2.712782
"2000-08-01","Cleveland median","12m",2.683683
"2000-09-01","Cleveland median","12m",2.743273
"2000-10-01","Cleveland median","12m",2.797354
"2000-11-01","Cleveland median","12m",2.798458
"2000-12-01","Cleveland median","12m",2.841066
"2001-01-01","Cleveland median","12m",2.824256
"2001-02-01","Cleveland median","12m",2.909678
"2001-03-01","Cleveland median","12m",2.914321
"2001-04-01","Cleveland median","12m",2.975789
"2001-05-01","Cleveland median","12m",3.022604
"2001-06-01","Cleveland median","12m",3.05523
"2001-07-01","Cleveland median","12m",3.084141
"2001-08-01","Cleveland median","12m",3.220963
"2001-09-01","Cleveland median","12m",3.196125
"2001-10-01","Cleveland median","12m",3.243544
"2001-11-01","Cleveland median","12m",3.234008
"2001-12-01","Cleveland median","12m",3.20257
"2002-01-01","Cleveland median","12m",3.143417
"2002-02-01","Cleveland median","12m",3.112857
"2002-03-01","Cleveland median","12m",3.159031
"2002-04-01","Cleveland median","12m",3.093455
"2002-05-01","Cleveland median","12m",3.041946
"2002-06-01","Cleveland median","12m",2.976446
"2002-07-01","Cleveland median","12m",2.932006
"2002-08-01","Cleveland median","12m",2.802978
"2002-09-01","Cleveland median","12m",2.810297
"2002-10-01","Cleveland median","12m",2.785799
"2002-11-01","Cleveland median","12m",2.776162
"2002-12-01","Cleveland median","12m",2.821591
"2003-01-01","Cleveland median","12m",2.857943
"2003-02-01","Cleveland median","12m",2.735036
"2003-03-01","Cleveland median","12m",2.659464
"2003-04-01","Cleveland median","12m",2.517872
"2003-05-01","Cleveland median","12m",2.454096
"2003-06-01","Cleveland median","12m",2.369004
"2003-07-01","Cleveland median","12m",2.36798
"2003-08-01","Cleveland median","12m",2.37553
"2003-09-01","Cleveland median","12m",2.331923
"2003-10-01","Cleveland median","12m",2.360852
"2003-11-01","Cleveland median","12m",2.342618
"2003-12-01","Cleveland median","12m",2.239296
"2004-01-01","Cleveland median","12m",2.155933
"2004-02-01","Cleveland median","12m",2.224007
"2004-03-01","Cleveland median","12m",2.227583
"2004-04-01","Cleveland median","12m",2.485025
"2004-05-01","Cleveland median","12m",2.569446
"2004-06-01","Cleveland median","12m",2.66655
"2004-07-01","Cleveland median","12m",2.627509
"2004-08-01","Cleveland median","12m",2.636331
"2004-09-01","Cleveland median","12m",2.57851
"2004-10-01","Cleveland median","12m",2.484059
"2004-11-01","Cleveland median","12m",2.437509
"2004-12-01","Cleveland median","12m",2.487158
"2005-01-01","Cleveland median","12m",2.574489
"2005-02-01","Cleveland median","12m",2.625158
"2005-03-01","Cleveland median","12m",2.57446
"2005-04-01","Cleveland median","12m",2.423825
"2005-05-01","Cleveland median","12m",2.421872
"2005-06-01","Cleveland median","12m",2.327141
"2005-07-01","Cleveland median","12m",2.361477
"2005-08-01","Cleveland median","12m",2.332601
"2005-09-01","Cleveland median","12m",2.456434
"2005-10-01","Cleveland median","12m",2.55449
"2005-11-01","Cleveland median","12m",2.648674
"2005-12-01","Cleveland median","12m",2.621268
"2006-01-01","Cleveland median","12m",2.642288
"2006-02-01","Cleveland median","12m",2.573537
"2006-03-01","Cleveland median","12m",2.699746
"2006-04-01","Cleveland median","12m",2.852739
"2006-05-01","Cleveland median","12m",2.990094
"2006-06-01","Cleveland median","12m",3.191111
"2006-07-01","Cleveland median","12m",3.225417
"2006-08-01","Cleveland median","12m",3.331537
"2006-09-01","Cleveland median","12m",3.295672
"2006-10-01","Cleveland median","12m",3.321506
"2006-11-01","Cleveland median","12m",3.259763
"2006-12-01","Cleveland median","12m",3.403237
"2007-01-01","Cleveland median","12m",3.413205
"2007-02-01","Cleveland median","12m",3.49606
"2007-03-01","Cleveland median","12m",3.427351
"2007-04-01","Cleveland median","12m",3.267404
"2007-05-01","Cleveland median","12m",3.066671
"2007-06-01","Cleveland median","12m",2.921213
"2007-07-01","Cleveland median","12m",2.831444
"2007-08-01","Cleveland median","12m",2.763098
"2007-09-01","Cleveland median","12m",2.801033
"2007-10-01","Cleveland median","12m",2.787757
"2007-11-01","Cleveland median","12m",2.914805
"2007-12-01","Cleveland median","12m",2.889007
"2008-01-01","Cleveland median","12m",2.801774
"2008-02-01","Cleveland median","12m",2.708499
"2008-03-01","Cleveland median","12m",2.716239
"2008-04-01","Cleveland median","12m",2.769336
"2008-05-01","Cleveland median","12m",2.729716
"2008-06-01","Cleveland median","12m",2.767152
"2008-07-01","Cleveland median","12m",2.845659
"2008-08-01","Cleveland median","12m",2.781475
"2008-09-01","Cleveland median","12m",2.737583
"2008-10-01","Cleveland median","12m",2.602075
"2008-11-01","Cleveland median","12m",2.537802
"2008-12-01","Cleveland median","12m",2.336883
"2009-01-01","Cleveland median","12m",2.365372
"2009-02-01","Cleveland median","12m",2.357027
"2009-03-01","Cleveland median","12m",2.287291
"2009-04-01","Cleveland median","12m",2.219756
"2009-05-01","Cleveland median","12m",2.268561
"2009-06-01","Cleveland median","12m",2.194473
"2009-07-01","Cleveland median","12m",1.951382
"2009-08-01","Cleveland median","12m",1.894326
"2009-09-01","Cleveland median","12m",1.725578
"2009-10-01","Cleveland median","12m",1.884673
"2009-11-01","Cleveland median","12m",1.800785
"2009-12-01","Cleveland median","12m",1.783614
"2010-01-01","Cleveland median","12m",1.599068
"2010-02-01","Cleveland median","12m",1.466583
"2010-03-01","Cleveland median","12m",1.349841
"2010-04-01","Cleveland median","12m",1.284873
"2010-05-01","Cleveland median","12m",1.17557
"2010-06-01","Cleveland median","12m",1.112949
"2010-07-01","Cleveland median","12m",1.13112
"2010-08-01","Cleveland median","12m",1.203502
"2010-09-01","Cleveland median","12m",1.263319
"2010-10-01","Cleveland median","12m",1.042044
"2010-11-01","Cleveland median","12m",0.970286
"2010-12-01","Cleveland median","12m",1.01271
"2011-01-01","Cleveland median","12m",1.142065
"2011-02-01","Cleveland median","12m",1.253698
"2011-03-01","Cleveland median","12m",1.38675
"2011-04-01","Cleveland median","12m",1.500082
"2011-05-01","Cleveland median","12m",1.646594
"2011-06-01","Cleveland median","12m",1.714904
"2011-07-01","Cleveland median","12m",1.846484
"2011-08-01","Cleveland median","12m",1.89677
"2011-09-01","Cleveland median","12m",1.942044
"2011-10-01","Cleveland median","12m",2.050795
"2011-11-01","Cleveland median","12m",2.09552
"2011-12-01","Cleveland median","12m",2.193111
"2012-01-01","Cleveland median","12m",2.181321
"2012-02-01","Cleveland median","12m",2.15804
"2012-03-01","Cleveland median","12m",2.162087
"2012-04-01","Cleveland median","12m",2.157699
"2012-05-01","Cleveland median","12m",2.078269
"2012-06-01","Cleveland median","12m",2.027955
"2012-07-01","Cleveland median","12m",2.012792
"2012-08-01","Cleveland median","12m",1.999596
"2012-09-01","Cleveland median","12m",2.013379
"2012-10-01","Cleveland median","12m",2.000084
"2012-11-01","Cleveland median","12m",1.990317
"2012-12-01","Cleveland median","12m",1.956093
"2013-01-01","Cleveland median","12m",1.938259
"2013-02-01","Cleveland median","12m",2.006237
"2013-03-01","Cleveland median","12m",1.974819
"2013-04-01","Cleveland median","12m",1.917848
"2013-05-01","Cleveland median","12m",1.974066
"2013-06-01","Cleveland median","12m",2.073235
"2013-07-01","Cleveland median","12m",2.070664
"2013-08-01","Cleveland median","12m",2.036413
"2013-09-01","Cleveland median","12m",2.033714
"2013-10-01","Cleveland median","12m",2.048427
"2013-11-01","Cleveland median","12m",2.104624
"2013-12-01","Cleveland median","12m",2.096278
"2014-01-01","Cleveland median","12m",2.101433
"2014-02-01","Cleveland median","12m",2.03363
"2014-03-01","Cleveland median","12m",2.03144
"2014-04-01","Cleveland median","12m",2.111574
"2014-05-01","Cleveland median","12m",2.104144
"2014-06-01","Cleveland median","12m",2.094366
"2014-07-01","Cleveland median","12m",2.153352
"2014-08-01","Cleveland median","12m",2.132438
"2014-09-01","Cleveland median","12m",2.148451
"2014-10-01","Cleveland median","12m",2.171282
"2014-11-01","Cleveland median","12m",2.190961
"2014-12-01","Cleveland median","12m",2.17786
"2015-01-01","Cleveland median","12m",2.176104
"2015-02-01","Cleveland median","12m",2.257114
"2015-03-01","Cleveland median","12m",2.227564
"2015-04-01","Cleveland median","12m",2.27354
"2015-05-01","Cleveland median","12m",2.306163
"2015-06-01","Cleveland median","12m",2.283577
"2015-07-01","Cleveland median","12m",2.273755
"2015-08-01","Cleveland median","12m",2.274117
"2015-09-01","Cleveland median","12m",2.259037
"2015-10-01","Cleveland median","12m",2.180375
"2015-11-01","Cleveland median","12m",2.118761
"2015-12-01","Cleveland median","12m",2.109739
"2016-01-01","Cleveland median","12m",2.168562
"2016-02-01","Cleveland median","12m",2.158412
"2016-03-01","Cleveland median","12m",2.235761
"2016-04-01","Cleveland median","12m",2.221493
"2016-05-01","Cleveland median","12m",2.254283
"2016-06-01","Cleveland median","12m",2.236292
"2016-07-01","Cleveland median","12m",2.236463
"2016-08-01","Cleveland median","12m",2.279647
"2016-09-01","Cleveland median","12m",2.272
"2016-10-01","Cleveland median","12m",2.296396
"2016-11-01","Cleveland median","12m",2.263845
"2016-12-01","Cleveland median","12m",2.308665
"2017-01-01","Cleveland median","12m",2.314435
"2017-02-01","Cleveland median","12m",2.244902
"2017-03-01","Cleveland median","12m",2.202447
"2017-04-01","Cleveland median","12m",2.086695
"2017-05-01","Cleveland median","12m",1.954958
"2017-06-01","Cleveland median","12m",1.958502
"2017-07-01","Cleveland median","12m",1.864561
"2017-08-01","Cleveland median","12m",1.835982
"2017-09-01","Cleveland median","12m",1.795233
"2017-10-01","Cleveland median","12m",1.847002
"2017-11-01","Cleveland median","12m",1.900894
"2017-12-01","Cleveland median","12m",1.917616
"2018-01-01","Cleveland median","12m",1.942212
"2018-02-01","Cleveland median","12m",1.99225
"2018-03-01","Cleveland median","12m",1.986721
"2018-04-01","Cleveland median","12m",2.029902
"2018-05-01","Cleveland median","12m",2.122152
"2018-06-01","Cleveland median","12m",2.145968
"2018-07-01","Cleveland median","12m",2.198503
"2018-08-01","Cleveland median","12m",2.2176
"2018-09-01","Cleveland median","12m",2.294641
"2018-10-01","Cleveland median","12m",2.309936
"2018-11-01","Cleveland median","12m",2.390058
"2018-12-01","Cleveland median","12m",2.374581
"2019-01-01","Cleveland median","12m",2.326326
"2019-02-01","Cleveland median","12m",2.375319
"2019-03-01","Cleveland median","12m",2.41852
"2019-04-01","Cleveland median","12m",2.585774
"2019-05-01","Cleveland median","12m",2.557175
"2019-06-01","Cleveland median","12m",2.525542
"2019-07-01","Cleveland median","12m",2.59453
"2019-08-01","Cleveland median","12m",2.614612
"2019-09-01","Cleveland median","12m",2.583327
"2019-10-01","Cleveland median","12m",2.551245
"2019-11-01","Cleveland median","12m",2.454463
"2019-12-01","Cleveland median","12m",2.533848
"2020-01-01","Cleveland median","12m",2.587738
"2020-02-01","Cleveland median","12m",2.571989
"2020-03-01","Cleveland median","12m",2.530892
"2020-04-01","Cleveland median","12m",2.388205
"2020-05-01","Cleveland median","12m",2.448015
"2020-06-01","Cleveland median","12m",2.44716
"2020-07-01","Cleveland median","12m",2.429612
"2020-08-01","Cleveland median","12m",2.397225
"2020-09-01","Cleveland median","12m",2.301927
"2020-10-01","Cleveland median","12m",2.29283
"2020-11-01","Cleveland median","12m",2.197966
"2020-12-01","Cleveland median","12m",2.08989
"2021-01-01","Cleveland median","12m",1.9678
"2021-02-01","Cleveland median","12m",1.993771
"2021-03-01","Cleveland median","12m",2.064539
"2021-04-01","Cleveland median","12m",2.109144
"2021-05-01","Cleveland median","12m",2.15894
"2021-06-01","Cleveland median","12m",2.258608
"2021-07-01","Cleveland median","12m",2.34998
"2021-08-01","Cleveland median","12m",2.462098
"2021-09-01","Cleveland median","12m",2.765862
"2021-10-01","Cleveland median","12m",3.04443
"2021-11-01","Cleveland median","12m",3.366862
"2021-12-01","Cleveland median","12m",3.62545
"2022-01-01","Cleveland median","12m",4.005535
"2022-02-01","Cleveland median","12m",4.226044
"2022-03-01","Cleveland median","12m",4.222979
"2022-04-01","Cleveland median","12m",4.4839
"2022-05-01","Cleveland median","12m",4.798077
"2022-06-01","Cleveland median","12m",5.283671
"2022-07-01","Cleveland median","12m",5.399873
"2022-08-01","Cleveland median","12m",5.665687
"2022-09-01","Cleveland median","12m",5.6596
"2022-10-01","Cleveland median","12m",5.688972
"2022-11-01","Cleveland median","12m",5.581279
"2022-12-01","Cleveland median","12m",5.588949
"2023-01-01","Cleveland median","12m",5.649527
"2023-02-01","Cleveland median","12m",5.531059
"2023-03-01","Cleveland median","12m",5.709924
"2023-04-01","Cleveland median","12m",5.582011
"2023-05-01","Cleveland median","12m",5.282266
"2023-06-01","Cleveland median","12m",4.780523
"2023-07-01","Cleveland median","12m",4.634033
"2023-08-01","Cleveland median","12m",4.356171
"2023-09-01","Cleveland median","12m",4.281291
"2023-10-01","Cleveland median","12m",4.082835
"2023-11-01","Cleveland median","12m",4.09316
"2023-12-01","Cleveland median","12m",3.830758
"2024-01-01","Cleveland median","12m",3.766141
"2024-02-01","Cleveland median","12m",3.623051
"2024-03-01","Cleveland median","12m",3.514878
"2024-04-01","Cleveland median","12m",3.418135
"2024-05-01","Cleveland median","12m",3.41154
"2024-06-01","Cleveland median","12m",3.36499
"2024-07-01","Cleveland median","12m",3.241599
"2024-08-01","Cleveland median","12m",3.208764
"2024-09-01","Cleveland median","12m",3.214576
"2024-10-01","Cleveland median","12m",3.230921
"2024-11-01","Cleveland median","12m",3.207568
"2024-12-01","Cleveland median","12m",3.382206
"2025-01-01","Cleveland median","12m",3.126432
"2025-02-01","Cleveland median","12m",3.223892
"2025-03-01","Cleveland median","12m",3.22147
"2025-04-01","Cleveland median","12m",3.260696
"2025-05-01","Cleveland median","12m",3.209546
"2025-06-01","Cleveland median","12m",3.336668
"2025-07-01","Cleveland median","12m",3.413544
"2025-08-01","Cleveland median","12m",3.493591
"2025-09-01","Cleveland median","12m",3.332326
"2025-10-01","Cleveland median","12m",3.180738
"2025-11-01","Cleveland median","12m",3.073428
"2025-12-01","Cleveland median","12m",3.027
"2026-01-01","Cleveland median","12m",2.984362
"2026-02-01","Cleveland median","12m",2.905489
"2026-03-01","Cleveland median","12m",2.880325
"2026-04-01","Cleveland median","12m",2.805001
"2026-05-01","Cleveland median","12m",2.860602
"2026-06-01","Cleveland median","12m",2.759266
"2026-07-01","Cleveland median","12m",2.780783
"2026-08-01","Cleveland median","12m",2.660197
"1959-03-01","Dallas trimmed mean","1m",0.57909
"1959-04-01","Dallas trimmed mean","1m",2.535772
"1959-05-01","Dallas trimmed mean","1m",0.91129
"1959-06-01","Dallas trimmed mean","1m",2.158723
"1959-07-01","Dallas trimmed mean","1m",1.348469
"1959-08-01","Dallas trimmed mean","1m",0.873664
"1959-09-01","Dallas trimmed mean","1m",1.733686
"1959-10-01","Dallas trimmed mean","1m",1.348031
"1959-11-01","Dallas trimmed mean","1m",0.532577
"1959-12-01","Dallas trimmed mean","1m",1.028801
"1960-01-01","Dallas trimmed mean","1m",0.207585
"1960-02-01","Dallas trimmed mean","1m",0.677684
"1960-03-01","Dallas trimmed mean","1m",0.159404
"1960-04-01","Dallas trimmed mean","1m",1.90287
"1960-05-01","Dallas trimmed mean","1m",0.427752
"1960-06-01","Dallas trimmed mean","1m",0.156704
"1960-07-01","Dallas trimmed mean","1m",1.721306
"1960-08-01","Dallas trimmed mean","1m",0.627212
"1960-09-01","Dallas trimmed mean","1m",0.741735
"1960-10-01","Dallas trimmed mean","1m",0.28307
"1960-11-01","Dallas trimmed mean","1m",1.438942
"1960-12-01","Dallas trimmed mean","1m",0.661366
"1961-01-01","Dallas trimmed mean","1m",0.000705
"1961-02-01","Dallas trimmed mean","1m",0.240848
"1961-03-01","Dallas trimmed mean","1m",-0.099531
"1961-04-01","Dallas trimmed mean","1m",0.562508
"1961-05-01","Dallas trimmed mean","1m",0.038489
"1961-06-01","Dallas trimmed mean","1m",0.327731
"1961-07-01","Dallas trimmed mean","1m",1.09868
"1961-08-01","Dallas trimmed mean","1m",0.131708
"1961-09-01","Dallas trimmed mean","1m",0.762463
"1961-10-01","Dallas trimmed mean","1m",-0.036547
"1961-11-01","Dallas trimmed mean","1m",0.39609
"1961-12-01","Dallas trimmed mean","1m",-0.014588
"1962-01-01","Dallas trimmed mean","1m",2.181052
"1962-02-01","Dallas trimmed mean","1m",1.023439
"1962-03-01","Dallas trimmed mean","1m",1.518467
"1962-04-01","Dallas trimmed mean","1m",-0.289715
"1962-05-01","Dallas trimmed mean","1m",0.472388
"1962-06-01","Dallas trimmed mean","1m",0.573742
"1962-07-01","Dallas trimmed mean","1m",0.303426
"1962-08-01","Dallas trimmed mean","1m",0.85322
"1962-09-01","Dallas trimmed mean","1m",1.150373
"1962-10-01","Dallas trimmed mean","1m",-0.52696
"1962-11-01","Dallas trimmed mean","1m",0.232392
"1962-12-01","Dallas trimmed mean","1m",-0.041649
"1963-01-01","Dallas trimmed mean","1m",1.678111
"1963-02-01","Dallas trimmed mean","1m",0.482992
"1963-03-01","Dallas trimmed mean","1m",-0.037858
"1963-04-01","Dallas trimmed mean","1m",0.032039
"1963-05-01","Dallas trimmed mean","1m",1.880626
"1963-06-01","Dallas trimmed mean","1m",0.629864
"1963-07-01","Dallas trimmed mean","1m",0.529725
"1963-08-01","Dallas trimmed mean","1m",0.278333
"1963-09-01","Dallas trimmed mean","1m",0.269002
"1963-10-01","Dallas trimmed mean","1m",1.713162
"1963-11-01","Dallas trimmed mean","1m",0.351129
"1963-12-01","Dallas trimmed mean","1m",0.400355
"1964-01-01","Dallas trimmed mean","1m",1.03695
"1964-02-01","Dallas trimmed mean","1m",0.811543
"1964-03-01","Dallas trimmed mean","1m",-0.158273
"1964-04-01","Dallas trimmed mean","1m",0.12345
"1964-05-01","Dallas trimmed mean","1m",0.109063
"1964-06-01","Dallas trimmed mean","1m",0.042787
"1964-07-01","Dallas trimmed mean","1m",0.070816
"1964-08-01","Dallas trimmed mean","1m",0.604306
"1964-09-01","Dallas trimmed mean","1m",0.027711
"1964-10-01","Dallas trimmed mean","1m",0.213554
"1964-11-01","Dallas trimmed mean","1m",0.665229
"1964-12-01","Dallas trimmed mean","1m",0.491081
"1965-01-01","Dallas trimmed mean","1m",1.175972
"1965-02-01","Dallas trimmed mean","1m",-0.09714
"1965-03-01","Dallas trimmed mean","1m",0.24361
"1965-04-01","Dallas trimmed mean","1m",1.195182
"1965-05-01","Dallas trimmed mean","1m",1.007473
"1965-06-01","Dallas trimmed mean","1m",1.036604
"1965-07-01","Dallas trimmed mean","1m",0.634753
"1965-08-01","Dallas trimmed mean","1m",1.012387
"1965-09-01","Dallas trimmed mean","1m",1.122424
"1965-10-01","Dallas trimmed mean","1m",0.944659
"1965-11-01","Dallas trimmed mean","1m",1.477287
"1965-12-01","Dallas trimmed mean","1m",2.048484
"1966-01-01","Dallas trimmed mean","1m",1.791308
"1966-02-01","Dallas trimmed mean","1m",2.044911
"1966-03-01","Dallas trimmed mean","1m",1.146703
"1966-04-01","Dallas trimmed mean","1m",3.318969
"1966-05-01","Dallas trimmed mean","1m",1.297218
"1966-06-01","Dallas trimmed mean","1m",1.818546
"1966-07-01","Dallas trimmed mean","1m",1.979894
"1966-08-01","Dallas trimmed mean","1m",1.548982
"1966-09-01","Dallas trimmed mean","1m",3.256354
"1966-10-01","Dallas trimmed mean","1m",3.451964
"1966-11-01","Dallas trimmed mean","1m",1.501874
"1966-12-01","Dallas trimmed mean","1m",1.724213
"1967-01-01","Dallas trimmed mean","1m",1.868909
"1967-02-01","Dallas trimmed mean","1m",2.270655
"1967-03-01","Dallas trimmed mean","1m",0.677934
"1967-04-01","Dallas trimmed mean","1m",1.5905
"1967-05-01","Dallas trimmed mean","1m",1.352208
"1967-06-01","Dallas trimmed mean","1m",2.690805
"1967-07-01","Dallas trimmed mean","1m",2.441503
"1967-08-01","Dallas trimmed mean","1m",2.244953
"1967-09-01","Dallas trimmed mean","1m",4.027426
"1967-10-01","Dallas trimmed mean","1m",3.222679
"1967-11-01","Dallas trimmed mean","1m",2.691958
"1967-12-01","Dallas trimmed mean","1m",2.35907
"1968-01-01","Dallas trimmed mean","1m",4.090349
"1968-02-01","Dallas trimmed mean","1m",3.56268
"1968-03-01","Dallas trimmed mean","1m",2.391737
"1968-04-01","Dallas trimmed mean","1m",3.614403
"1968-05-01","Dallas trimmed mean","1m",4.226705
"1968-06-01","Dallas trimmed mean","1m",3.396511
"1968-07-01","Dallas trimmed mean","1m",2.553218
"1968-08-01","Dallas trimmed mean","1m",4.403997
"1968-09-01","Dallas trimmed mean","1m",4.258816
"1968-10-01","Dallas trimmed mean","1m",4.3381
"1968-11-01","Dallas trimmed mean","1m",3.930302
"1968-12-01","Dallas trimmed mean","1m",3.627681
"1969-01-01","Dallas trimmed mean","1m",3.673709
"1969-02-01","Dallas trimmed mean","1m",2.467337
"1969-03-01","Dallas trimmed mean","1m",4.423043
"1969-04-01","Dallas trimmed mean","1m",4.417373
"1969-05-01","Dallas trimmed mean","1m",4.03323
"1969-06-01","Dallas trimmed mean","1m",4.14686
"1969-07-01","Dallas trimmed mean","1m",5.137059
"1969-08-01","Dallas trimmed mean","1m",2.680094
"1969-09-01","Dallas trimmed mean","1m",4.520663
"1969-10-01","Dallas trimmed mean","1m",4.182705
"1969-11-01","Dallas trimmed mean","1m",4.512974
"1969-12-01","Dallas trimmed mean","1m",4.422214
"1970-01-01","Dallas trimmed mean","1m",3.723816
"1970-02-01","Dallas trimmed mean","1m",4.141214
"1970-03-01","Dallas trimmed mean","1m",4.456835
"1970-04-01","Dallas trimmed mean","1m",4.610529
"1970-05-01","Dallas trimmed mean","1m",3.091172
"1970-06-01","Dallas trimmed mean","1m",3.305884
"1970-07-01","Dallas trimmed mean","1m",4.17885
"1970-08-01","Dallas trimmed mean","1m",3.751098
"1970-09-01","Dallas trimmed mean","1m",4.674479
"1970-10-01","Dallas trimmed mean","1m",4.841987
"1970-11-01","Dallas trimmed mean","1m",4.436033
"1970-12-01","Dallas trimmed mean","1m",5.698883
"1971-01-01","Dallas trimmed mean","1m",3.632141
"1971-02-01","Dallas trimmed mean","1m",2.647481
"1971-03-01","Dallas trimmed mean","1m",2.570717
"1971-04-01","Dallas trimmed mean","1m",3.654969
"1971-05-01","Dallas trimmed mean","1m",4.507073
"1971-06-01","Dallas trimmed mean","1m",4.430923
"1971-07-01","Dallas trimmed mean","1m",3.304637
"1971-08-01","Dallas trimmed mean","1m",3.772609
"1971-09-01","Dallas trimmed mean","1m",2.918205
"1971-10-01","Dallas trimmed mean","1m",1.03287
"1971-11-01","Dallas trimmed mean","1m",1.853942
"1971-12-01","Dallas trimmed mean","1m",3.104133
"1972-01-01","Dallas trimmed mean","1m",3.290951
"1972-02-01","Dallas trimmed mean","1m",3.118163
"1972-03-01","Dallas trimmed mean","1m",2.815828
"1972-04-01","Dallas trimmed mean","1m",1.404429
"1972-05-01","Dallas trimmed mean","1m",1.918334
"1972-06-01","Dallas trimmed mean","1m",1.912583
"1972-07-01","Dallas trimmed mean","1m",3.1073
"1972-08-01","Dallas trimmed mean","1m",2.816367
"1972-09-01","Dallas trimmed mean","1m",3.581895
"1972-10-01","Dallas trimmed mean","1m",2.029755
"1972-11-01","Dallas trimmed mean","1m",3.103267
"1972-12-01","Dallas trimmed mean","1m",3.465131
"1973-01-01","Dallas trimmed mean","1m",2.48418
"1973-02-01","Dallas trimmed mean","1m",4.123326
"1973-03-01","Dallas trimmed mean","1m",4.43944
"1973-04-01","Dallas trimmed mean","1m",6.223398
"1973-05-01","Dallas trimmed mean","1m",4.431228
"1973-06-01","Dallas trimmed mean","1m",3.67091
"1973-07-01","Dallas trimmed mean","1m",2.315768
"1973-08-01","Dallas trimmed mean","1m",5.017005
"1973-09-01","Dallas trimmed mean","1m",3.679875
"1973-10-01","Dallas trimmed mean","1m",4.738833
"1973-11-01","Dallas trimmed mean","1m",4.956474
"1973-12-01","Dallas trimmed mean","1m",6.044983
"1974-01-01","Dallas trimmed mean","1m",5.500138
"1974-02-01","Dallas trimmed mean","1m",7.24107
"1974-03-01","Dallas trimmed mean","1m",8.263377
"1974-04-01","Dallas trimmed mean","1m",7.228088
"1974-05-01","Dallas trimmed mean","1m",9.706824
"1974-06-01","Dallas trimmed mean","1m",9.336566
"1974-07-01","Dallas trimmed mean","1m",7.64093
"1974-08-01","Dallas trimmed mean","1m",10.489035
"1974-09-01","Dallas trimmed mean","1m",9.538469
"1974-10-01","Dallas trimmed mean","1m",8.703184
"1974-11-01","Dallas trimmed mean","1m",7.199751
"1974-12-01","Dallas trimmed mean","1m",7.501558
"1975-01-01","Dallas trimmed mean","1m",7.414345
"1975-02-01","Dallas trimmed mean","1m",6.240563
"1975-03-01","Dallas trimmed mean","1m",4.003631
"1975-04-01","Dallas trimmed mean","1m",5.021301
"1975-05-01","Dallas trimmed mean","1m",3.907271
"1975-06-01","Dallas trimmed mean","1m",4.712482
"1975-07-01","Dallas trimmed mean","1m",5.877101
"1975-08-01","Dallas trimmed mean","1m",4.893637
"1975-09-01","Dallas trimmed mean","1m",6.520361
"1975-10-01","Dallas trimmed mean","1m",7.6298
"1975-11-01","Dallas trimmed mean","1m",5.89479
"1975-12-01","Dallas trimmed mean","1m",5.592427
"1976-01-01","Dallas trimmed mean","1m",5.084275
"1976-02-01","Dallas trimmed mean","1m",4.671801
"1976-03-01","Dallas trimmed mean","1m",3.954005
"1976-04-01","Dallas trimmed mean","1m",3.629237
"1976-05-01","Dallas trimmed mean","1m",5.60739
"1976-06-01","Dallas trimmed mean","1m",4.931249
"1976-07-01","Dallas trimmed mean","1m",5.115278
"1976-08-01","Dallas trimmed mean","1m",6.390515
"1976-09-01","Dallas trimmed mean","1m",5.774486
"1976-10-01","Dallas trimmed mean","1m",6.147743
"1976-11-01","Dallas trimmed mean","1m",5.57009
"1976-12-01","Dallas trimmed mean","1m",4.856508
"1977-01-01","Dallas trimmed mean","1m",6.683127
"1977-02-01","Dallas trimmed mean","1m",7.230255
"1977-03-01","Dallas trimmed mean","1m",6.632676
"1977-04-01","Dallas trimmed mean","1m",4.932696
"1977-05-01","Dallas trimmed mean","1m",5.885653
"1977-06-01","Dallas trimmed mean","1m",6.132003
"1977-07-01","Dallas trimmed mean","1m",5.621056
"1977-08-01","Dallas trimmed mean","1m",6.093358
"1977-09-01","Dallas trimmed mean","1m",5.004371
"1977-10-01","Dallas trimmed mean","1m",4.558002
"1977-11-01","Dallas trimmed mean","1m",6.695519
"1977-12-01","Dallas trimmed mean","1m",5.656227
"1978-01-01","Dallas trimmed mean","1m",4.588232
"1978-02-01","Dallas trimmed mean","1m",5.596702
"1978-03-01","Dallas trimmed mean","1m",6.223157
"1978-04-01","Dallas trimmed mean","1m",6.732896
"1978-05-01","Dallas trimmed mean","1m",7.898503
"1978-06-01","Dallas trimmed mean","1m",6.349945
"1978-07-01","Dallas trimmed mean","1m",6.507143
"1978-08-01","Dallas trimmed mean","1m",6.855947
"1978-09-01","Dallas trimmed mean","1m",6.968266
"1978-10-01","Dallas trimmed mean","1m",8.69505
"1978-11-01","Dallas trimmed mean","1m",7.983552
"1978-12-01","Dallas trimmed mean","1m",6.17419
"1979-01-01","Dallas trimmed mean","1m",8.373726
"1979-02-01","Dallas trimmed mean","1m",7.836574
"1979-03-01","Dallas trimmed mean","1m",6.607104
"1979-04-01","Dallas trimmed mean","1m",6.656575
"1979-05-01","Dallas trimmed mean","1m",9.303286
"1979-06-01","Dallas trimmed mean","1m",6.889908
"1979-07-01","Dallas trimmed mean","1m",7.807123
"1979-08-01","Dallas trimmed mean","1m",8.998512
"1979-09-01","Dallas trimmed mean","1m",8.325163
"1979-10-01","Dallas trimmed mean","1m",9.993169
"1979-11-01","Dallas trimmed mean","1m",7.631541
"1979-12-01","Dallas trimmed mean","1m",8.000493
"1980-01-01","Dallas trimmed mean","1m",9.975963
"1980-02-01","Dallas trimmed mean","1m",10.264438
"1980-03-01","Dallas trimmed mean","1m",9.401096
"1980-04-01","Dallas trimmed mean","1m",6.223074
"1980-05-01","Dallas trimmed mean","1m",9.005635
"1980-06-01","Dallas trimmed mean","1m",8.732689
"1980-07-01","Dallas trimmed mean","1m",6.636151
"1980-08-01","Dallas trimmed mean","1m",8.630991
"1980-09-01","Dallas trimmed mean","1m",9.632495
"1980-10-01","Dallas trimmed mean","1m",8.755731
"1980-11-01","Dallas trimmed mean","1m",8.502106
"1980-12-01","Dallas trimmed mean","1m",8.257824
"1981-01-01","Dallas trimmed mean","1m",9.315982
"1981-02-01","Dallas trimmed mean","1m",10.030644
"1981-03-01","Dallas trimmed mean","1m",7.187258
"1981-04-01","Dallas trimmed mean","1m",7.42414
"1981-05-01","Dallas trimmed mean","1m",6.759949
"1981-06-01","Dallas trimmed mean","1m",5.811131
"1981-07-01","Dallas trimmed mean","1m",6.968371
"1981-08-01","Dallas trimmed mean","1m",7.771587
"1981-09-01","Dallas trimmed mean","1m",7.375108
"1981-10-01","Dallas trimmed mean","1m",6.380236
"1981-11-01","Dallas trimmed mean","1m",6.228921
"1981-12-01","Dallas trimmed mean","1m",5.018784
"1982-01-01","Dallas trimmed mean","1m",5.567572
"1982-02-01","Dallas trimmed mean","1m",4.839339
"1982-03-01","Dallas trimmed mean","1m",5.236615
"1982-04-01","Dallas trimmed mean","1m",3.469553
"1982-05-01","Dallas trimmed mean","1m",6.06331
"1982-06-01","Dallas trimmed mean","1m",5.409274
"1982-07-01","Dallas trimmed mean","1m",7.297031
"1982-08-01","Dallas trimmed mean","1m",4.38128
"1982-09-01","Dallas trimmed mean","1m",3.246622
"1982-10-01","Dallas trimmed mean","1m",5.574996
"1982-11-01","Dallas trimmed mean","1m",2.904792
"1982-12-01","Dallas trimmed mean","1m",2.868893
"1983-01-01","Dallas trimmed mean","1m",5.850794
"1983-02-01","Dallas trimmed mean","1m",4.000204
"1983-03-01","Dallas trimmed mean","1m",2.387165
"1983-04-01","Dallas trimmed mean","1m",4.948962
"1983-05-01","Dallas trimmed mean","1m",3.228202
"1983-06-01","Dallas trimmed mean","1m",3.313752
"1983-07-01","Dallas trimmed mean","1m",3.915652
"1983-08-01","Dallas trimmed mean","1m",3.317343
"1983-09-01","Dallas trimmed mean","1m",4.094002
"1983-10-01","Dallas trimmed mean","1m",2.784869
"1983-11-01","Dallas trimmed mean","1m",4.212791
"1983-12-01","Dallas trimmed mean","1m",2.576175
"1984-01-01","Dallas trimmed mean","1m",5.03877
"1984-02-01","Dallas trimmed mean","1m",4.672959
"1984-03-01","Dallas trimmed mean","1m",4.213785
"1984-04-01","Dallas trimmed mean","1m",4.747034
"1984-05-01","Dallas trimmed mean","1m",2.326839
"1984-06-01","Dallas trimmed mean","1m",3.590547
"1984-07-01","Dallas trimmed mean","1m",5.018383
"1984-08-01","Dallas trimmed mean","1m",4.210867
"1984-09-01","Dallas trimmed mean","1m",3.92453
"1984-10-01","Dallas trimmed mean","1m",3.56369
"1984-11-01","Dallas trimmed mean","1m",2.215032
"1984-12-01","Dallas trimmed mean","1m",3.919004
"1985-01-01","Dallas trimmed mean","1m",3.280612
"1985-02-01","Dallas trimmed mean","1m",5.690024
"1985-03-01","Dallas trimmed mean","1m",4.133264
"1985-04-01","Dallas trimmed mean","1m",2.528748
"1985-05-01","Dallas trimmed mean","1m",3.177612
"1985-06-01","Dallas trimmed mean","1m",4.188217
"1985-07-01","Dallas trimmed mean","1m",2.562512
"1985-08-01","Dallas trimmed mean","1m",3.89296
"1985-09-01","Dallas trimmed mean","1m",3.470449
"1985-10-01","Dallas trimmed mean","1m",2.931874
"1985-11-01","Dallas trimmed mean","1m",3.763017
"1985-12-01","Dallas trimmed mean","1m",4.001203
"1986-01-01","Dallas trimmed mean","1m",4.670819
"1986-02-01","Dallas trimmed mean","1m",2.869874
"1986-03-01","Dallas trimmed mean","1m",1.97199
"1986-04-01","Dallas trimmed mean","1m",3.208
"1986-05-01","Dallas trimmed mean","1m",2.304806
"1986-06-01","Dallas trimmed mean","1m",4.118341
"1986-07-01","Dallas trimmed mean","1m",2.926919
"1986-08-01","Dallas trimmed mean","1m",3.059114
"1986-09-01","Dallas trimmed mean","1m",3.871385
"1986-10-01","Dallas trimmed mean","1m",3.87102
"1986-11-01","Dallas trimmed mean","1m",3.148226
"1986-12-01","Dallas trimmed mean","1m",3.212167
"1987-01-01","Dallas trimmed mean","1m",4.984244
"1987-02-01","Dallas trimmed mean","1m",3.264404
"1987-03-01","Dallas trimmed mean","1m",4.158428
"1987-04-01","Dallas trimmed mean","1m",5.014427
"1987-05-01","Dallas trimmed mean","1m",3.423736
"1987-06-01","Dallas trimmed mean","1m",3.307439
"1987-07-01","Dallas trimmed mean","1m",2.710427
"1987-08-01","Dallas trimmed mean","1m",4.602605
"1987-09-01","Dallas trimmed mean","1m",3.541825
"1987-10-01","Dallas trimmed mean","1m",4.008864
"1987-11-01","Dallas trimmed mean","1m",3.059754
"1987-12-01","Dallas trimmed mean","1m",2.118541
"1988-01-01","Dallas trimmed mean","1m",4.688946
"1988-02-01","Dallas trimmed mean","1m",3.017028
"1988-03-01","Dallas trimmed mean","1m",3.872383
"1988-04-01","Dallas trimmed mean","1m",4.503179
"1988-05-01","Dallas trimmed mean","1m",3.20954
"1988-06-01","Dallas trimmed mean","1m",4.61791
"1988-07-01","Dallas trimmed mean","1m",5.036742
"1988-08-01","Dallas trimmed mean","1m",4.096139
"1988-09-01","Dallas trimmed mean","1m",5.428443
"1988-10-01","Dallas trimmed mean","1m",3.490915
"1988-11-01","Dallas trimmed mean","1m",3.598479
"1988-12-01","Dallas trimmed mean","1m",3.744965
"1989-01-01","Dallas trimmed mean","1m",5.403563
"1989-02-01","Dallas trimmed mean","1m",4.14295
"1989-03-01","Dallas trimmed mean","1m",3.894153
"1989-04-01","Dallas trimmed mean","1m",4.488506
"1989-05-01","Dallas trimmed mean","1m",4.209603
"1989-06-01","Dallas trimmed mean","1m",3.281446
"1989-07-01","Dallas trimmed mean","1m",3.98705
"1989-08-01","Dallas trimmed mean","1m",3.14829
"1989-09-01","Dallas trimmed mean","1m",3.573416
"1989-10-01","Dallas trimmed mean","1m",5.237375
"1989-11-01","Dallas trimmed mean","1m",3.400779
"1989-12-01","Dallas trimmed mean","1m",4.026949
"1990-01-01","Dallas trimmed mean","1m",4.099914
"1990-02-01","Dallas trimmed mean","1m",3.757934
"1990-03-01","Dallas trimmed mean","1m",5.697291
"1990-04-01","Dallas trimmed mean","1m",3.961754
"1990-05-01","Dallas trimmed mean","1m",3.081471
"1990-06-01","Dallas trimmed mean","1m",4.98007
"1990-07-01","Dallas trimmed mean","1m",4.200203
"1990-08-01","Dallas trimmed mean","1m",5.275275
"1990-09-01","Dallas trimmed mean","1m",3.465548
"1990-10-01","Dallas trimmed mean","1m",3.836558
"1990-11-01","Dallas trimmed mean","1m",1.898238
"1990-12-01","Dallas trimmed mean","1m",3.497516
"1991-01-01","Dallas trimmed mean","1m",4.113945
"1991-02-01","Dallas trimmed mean","1m",2.614418
"1991-03-01","Dallas trimmed mean","1m",2.080446
"1991-04-01","Dallas trimmed mean","1m",2.94959
"1991-05-01","Dallas trimmed mean","1m",4.066861
"1991-06-01","Dallas trimmed mean","1m",2.268422
"1991-07-01","Dallas trimmed mean","1m",2.605263
"1991-08-01","Dallas trimmed mean","1m",2.90988
"1991-09-01","Dallas trimmed mean","1m",3.258697
"1991-10-01","Dallas trimmed mean","1m",3.000111
"1991-11-01","Dallas trimmed mean","1m",3.566766
"1991-12-01","Dallas trimmed mean","1m",3.87916
"1992-01-01","Dallas trimmed mean","1m",2.652854
"1992-02-01","Dallas trimmed mean","1m",2.816607
"1992-03-01","Dallas trimmed mean","1m",3.132255
"1992-04-01","Dallas trimmed mean","1m",2.15225
"1992-05-01","Dallas trimmed mean","1m",2.614961
"1992-06-01","Dallas trimmed mean","1m",2.227067
"1992-07-01","Dallas trimmed mean","1m",2.688046
"1992-08-01","Dallas trimmed mean","1m",2.127343
"1992-09-01","Dallas trimmed mean","1m",1.628255
"1992-10-01","Dallas trimmed mean","1m",3.388727
"1992-11-01","Dallas trimmed mean","1m",3.186868
"1992-12-01","Dallas trimmed mean","1m",2.550733
"1993-01-01","Dallas trimmed mean","1m",2.650693
"1993-02-01","Dallas trimmed mean","1m",2.723851
"1993-03-01","Dallas trimmed mean","1m",2.326792
"1993-04-01","Dallas trimmed mean","1m",3.161104
"1993-05-01","Dallas trimmed mean","1m",3.232492
"1993-06-01","Dallas trimmed mean","1m",1.848385
"1993-07-01","Dallas trimmed mean","1m",2.356963
"1993-08-01","Dallas trimmed mean","1m",1.96134
"1993-09-01","Dallas trimmed mean","1m",1.972467
"1993-10-01","Dallas trimmed mean","1m",2.739161
"1993-11-01","Dallas trimmed mean","1m",2.380642
"1993-12-01","Dallas trimmed mean","1m",2.140769
"1994-01-01","Dallas trimmed mean","1m",2.186601
"1994-02-01","Dallas trimmed mean","1m",2.737923
"1994-03-01","Dallas trimmed mean","1m",2.894977
"1994-04-01","Dallas trimmed mean","1m",1.965831
"1994-05-01","Dallas trimmed mean","1m",2.795496
"1994-06-01","Dallas trimmed mean","1m",2.449267
"1994-07-01","Dallas trimmed mean","1m",2.491725
"1994-08-01","Dallas trimmed mean","1m",1.750595
"1994-09-01","Dallas trimmed mean","1m",1.687839
"1994-10-01","Dallas trimmed mean","1m",2.147073
"1994-11-01","Dallas trimmed mean","1m",2.540665
"1994-12-01","Dallas trimmed mean","1m",1.688637
"1995-01-01","Dallas trimmed mean","1m",3.432606
"1995-02-01","Dallas trimmed mean","1m",1.880788
"1995-03-01","Dallas trimmed mean","1m",2.38401
"1995-04-01","Dallas trimmed mean","1m",2.585814
"1995-05-01","Dallas trimmed mean","1m",2.134825
"1995-06-01","Dallas trimmed mean","1m",1.727859
"1995-07-01","Dallas trimmed mean","1m",2.017004
"1995-08-01","Dallas trimmed mean","1m",2.353532
"1995-09-01","Dallas trimmed mean","1m",1.999129
"1995-10-01","Dallas trimmed mean","1m",3.189115
"1995-11-01","Dallas trimmed mean","1m",2.19659
"1995-12-01","Dallas trimmed mean","1m",2.286021
"1996-01-01","Dallas trimmed mean","1m",2.539502
"1996-02-01","Dallas trimmed mean","1m",1.977722
"1996-03-01","Dallas trimmed mean","1m",2.47798
"1996-04-01","Dallas trimmed mean","1m",1.994595
"1996-05-01","Dallas trimmed mean","1m",2.455018
"1996-06-01","Dallas trimmed mean","1m",2.172771
"1996-07-01","Dallas trimmed mean","1m",2.387789
"1996-08-01","Dallas trimmed mean","1m",2.300881
"1996-09-01","Dallas trimmed mean","1m",2.54873
"1996-10-01","Dallas trimmed mean","1m",2.812302
"1996-11-01","Dallas trimmed mean","1m",2.673054
"1996-12-01","Dallas trimmed mean","1m",2.021803
"1997-01-01","Dallas trimmed mean","1m",2.191461
"1997-02-01","Dallas trimmed mean","1m",1.964935
"1997-03-01","Dallas trimmed mean","1m",1.987442
"1997-04-01","Dallas trimmed mean","1m",2.154402
"1997-05-01","Dallas trimmed mean","1m",1.563347
"1997-06-01","Dallas trimmed mean","1m",2.052837
"1997-07-01","Dallas trimmed mean","1m",1.315156
"1997-08-01","Dallas trimmed mean","1m",1.504801
"1997-09-01","Dallas trimmed mean","1m",2.390903
"1997-10-01","Dallas trimmed mean","1m",0.946607
"1997-11-01","Dallas trimmed mean","1m",1.644036
"1997-12-01","Dallas trimmed mean","1m",1.219242
"1998-01-01","Dallas trimmed mean","1m",1.301526
"1998-02-01","Dallas trimmed mean","1m",1.341942
"1998-03-01","Dallas trimmed mean","1m",2.389356
"1998-04-01","Dallas trimmed mean","1m",1.843311
"1998-05-01","Dallas trimmed mean","1m",2.329011
"1998-06-01","Dallas trimmed mean","1m",1.238619
"1998-07-01","Dallas trimmed mean","1m",1.922854
"1998-08-01","Dallas trimmed mean","1m",2.029422
"1998-09-01","Dallas trimmed mean","1m",1.888232
"1998-10-01","Dallas trimmed mean","1m",1.980054
"1998-11-01","Dallas trimmed mean","1m",1.832364
"1998-12-01","Dallas trimmed mean","1m",1.569162
"1999-01-01","Dallas trimmed mean","1m",1.756648
"1999-02-01","Dallas trimmed mean","1m",0.806928
"1999-03-01","Dallas trimmed mean","1m",1.452943
"1999-04-01","Dallas trimmed mean","1m",2.435838
"1999-05-01","Dallas trimmed mean","1m",1.856766
"1999-06-01","Dallas trimmed mean","1m",1.449744
"1999-07-01","Dallas trimmed mean","1m",2.361185
"1999-08-01","Dallas trimmed mean","1m",1.570008
"1999-09-01","Dallas trimmed mean","1m",2.306435
"1999-10-01","Dallas trimmed mean","1m",1.919517
"1999-11-01","Dallas trimmed mean","1m",2.322713
"1999-12-01","Dallas trimmed mean","1m",1.820307
"2000-01-01","Dallas trimmed mean","1m",3.334238
"2000-02-01","Dallas trimmed mean","1m",2.29414
"2000-03-01","Dallas trimmed mean","1m",2.76931
"2000-04-01","Dallas trimmed mean","1m",1.727346
"2000-05-01","Dallas trimmed mean","1m",2.277982
"2000-06-01","Dallas trimmed mean","1m",2.074593
"2000-07-01","Dallas trimmed mean","1m",2.899667
"2000-08-01","Dallas trimmed mean","1m",1.868492
"2000-09-01","Dallas trimmed mean","1m",3.074852
"2000-10-01","Dallas trimmed mean","1m",2.518155
"2000-11-01","Dallas trimmed mean","1m",2.505619
"2000-12-01","Dallas trimmed mean","1m",2.326759
"2001-01-01","Dallas trimmed mean","1m",3.33732
"2001-02-01","Dallas trimmed mean","1m",2.679491
"2001-03-01","Dallas trimmed mean","1m",2.500817
"2001-04-01","Dallas trimmed mean","1m",3.034262
"2001-05-01","Dallas trimmed mean","1m",2.21469
"2001-06-01","Dallas trimmed mean","1m",3.094736
"2001-07-01","Dallas trimmed mean","1m",2.274172
"2001-08-01","Dallas trimmed mean","1m",2.436357
"2001-09-01","Dallas trimmed mean","1m",1.966959
"2001-10-01","Dallas trimmed mean","1m",2.204095
"2001-11-01","Dallas trimmed mean","1m",2.311134
"2001-12-01","Dallas trimmed mean","1m",1.421708
"2002-01-01","Dallas trimmed mean","1m",1.749845
"2002-02-01","Dallas trimmed mean","1m",2.323142
"2002-03-01","Dallas trimmed mean","1m",2.326661
"2002-04-01","Dallas trimmed mean","1m",2.32626
"2002-05-01","Dallas trimmed mean","1m",1.790373
"2002-06-01","Dallas trimmed mean","1m",1.929785
"2002-07-01","Dallas trimmed mean","1m",2.549285
"2002-08-01","Dallas trimmed mean","1m",2.047028
"2002-09-01","Dallas trimmed mean","1m",2.661317
"2002-10-01","Dallas trimmed mean","1m",2.290399
"2002-11-01","Dallas trimmed mean","1m",2.079556
"2002-12-01","Dallas trimmed mean","1m",1.927255
"2003-01-01","Dallas trimmed mean","1m",1.893038
"2003-02-01","Dallas trimmed mean","1m",1.785292
"2003-03-01","Dallas trimmed mean","1m",2.218528
"2003-04-01","Dallas trimmed mean","1m",0.773575
"2003-05-01","Dallas trimmed mean","1m",1.657111
"2003-06-01","Dallas trimmed mean","1m",1.118011
"2003-07-01","Dallas trimmed mean","1m",2.891203
"2003-08-01","Dallas trimmed mean","1m",2.17446
"2003-09-01","Dallas trimmed mean","1m",1.856338
"2003-10-01","Dallas trimmed mean","1m",2.212021
"2003-11-01","Dallas trimmed mean","1m",1.902422
"2003-12-01","Dallas trimmed mean","1m",1.54181
"2004-01-01","Dallas trimmed mean","1m",2.672036
"2004-02-01","Dallas trimmed mean","1m",2.597483
"2004-03-01","Dallas trimmed mean","1m",2.207766
"2004-04-01","Dallas trimmed mean","1m",3.251663
"2004-05-01","Dallas trimmed mean","1m",2.631991
"2004-06-01","Dallas trimmed mean","1m",2.502815
"2004-07-01","Dallas trimmed mean","1m",2.128987
"2004-08-01","Dallas trimmed mean","1m",1.758064
"2004-09-01","Dallas trimmed mean","1m",1.784007
"2004-10-01","Dallas trimmed mean","1m",2.306754
"2004-11-01","Dallas trimmed mean","1m",2.329536
"2004-12-01","Dallas trimmed mean","1m",1.865199
"2005-01-01","Dallas trimmed mean","1m",3.479158
"2005-02-01","Dallas trimmed mean","1m",2.842546
"2005-03-01","Dallas trimmed mean","1m",2.143583
"2005-04-01","Dallas trimmed mean","1m",2.158129
"2005-05-01","Dallas trimmed mean","1m",2.166426
"2005-06-01","Dallas trimmed mean","1m",1.749683
"2005-07-01","Dallas trimmed mean","1m",2.726388
"2005-08-01","Dallas trimmed mean","1m",1.851212
"2005-09-01","Dallas trimmed mean","1m",3.309182
"2005-10-01","Dallas trimmed mean","1m",2.950155
"2005-11-01","Dallas trimmed mean","1m",2.716558
"2005-12-01","Dallas trimmed mean","1m",1.558078
"2006-01-01","Dallas trimmed mean","1m",2.985304
"2006-02-01","Dallas trimmed mean","1m",2.05256
"2006-03-01","Dallas trimmed mean","1m",2.912467
"2006-04-01","Dallas trimmed mean","1m",3.084369
"2006-05-01","Dallas trimmed mean","1m",3.839369
"2006-06-01","Dallas trimmed mean","1m",3.677466
"2006-07-01","Dallas trimmed mean","1m",3.051728
"2006-08-01","Dallas trimmed mean","1m",2.813145
"2006-09-01","Dallas trimmed mean","1m",2.285789
"2006-10-01","Dallas trimmed mean","1m",2.270146
"2006-11-01","Dallas trimmed mean","1m",1.125651
"2006-12-01","Dallas trimmed mean","1m",2.864866
"2007-01-01","Dallas trimmed mean","1m",3.347013
"2007-02-01","Dallas trimmed mean","1m",3.40498
"2007-03-01","Dallas trimmed mean","1m",2.129261
"2007-04-01","Dallas trimmed mean","1m",2.070631
"2007-05-01","Dallas trimmed mean","1m",1.968896
"2007-06-01","Dallas trimmed mean","1m",2.407592
"2007-07-01","Dallas trimmed mean","1m",2.052426
"2007-08-01","Dallas trimmed mean","1m",2.105202
"2007-09-01","Dallas trimmed mean","1m",3.228543
"2007-10-01","Dallas trimmed mean","1m",3.227682
"2007-11-01","Dallas trimmed mean","1m",3.434321
"2007-12-01","Dallas trimmed mean","1m",2.517642
"2008-01-01","Dallas trimmed mean","1m",2.552252
"2008-02-01","Dallas trimmed mean","1m",1.991668
"2008-03-01","Dallas trimmed mean","1m",2.489205
"2008-04-01","Dallas trimmed mean","1m",2.419639
"2008-05-01","Dallas trimmed mean","1m",2.266887
"2008-06-01","Dallas trimmed mean","1m",3.120992
"2008-07-01","Dallas trimmed mean","1m",3.387289
"2008-08-01","Dallas trimmed mean","1m",1.662912
"2008-09-01","Dallas trimmed mean","1m",2.138164
"2008-10-01","Dallas trimmed mean","1m",1.825984
"2008-11-01","Dallas trimmed mean","1m",2.33485
"2008-12-01","Dallas trimmed mean","1m",0.826678
"2009-01-01","Dallas trimmed mean","1m",3.003464
"2009-02-01","Dallas trimmed mean","1m",1.944548
"2009-03-01","Dallas trimmed mean","1m",1.757196
"2009-04-01","Dallas trimmed mean","1m",1.52765
"2009-05-01","Dallas trimmed mean","1m",1.522924
"2009-06-01","Dallas trimmed mean","1m",1.514139
"2009-07-01","Dallas trimmed mean","1m",0.222745
"2009-08-01","Dallas trimmed mean","1m",1.514365
"2009-09-01","Dallas trimmed mean","1m",0.635615
"2009-10-01","Dallas trimmed mean","1m",2.020314
"2009-11-01","Dallas trimmed mean","1m",0.877087
"2009-12-01","Dallas trimmed mean","1m",0.753503
"2010-01-01","Dallas trimmed mean","1m",0.77095
"2010-02-01","Dallas trimmed mean","1m",0.552047
"2010-03-01","Dallas trimmed mean","1m",0.703504
"2010-04-01","Dallas trimmed mean","1m",0.852241
"2010-05-01","Dallas trimmed mean","1m",0.745084
"2010-06-01","Dallas trimmed mean","1m",0.784183
"2010-07-01","Dallas trimmed mean","1m",0.757335
"2010-08-01","Dallas trimmed mean","1m",1.450214
"2010-09-01","Dallas trimmed mean","1m",1.249628
"2010-10-01","Dallas trimmed mean","1m",0.742043
"2010-11-01","Dallas trimmed mean","1m",1.407657
"2010-12-01","Dallas trimmed mean","1m",1.101391
"2011-01-01","Dallas trimmed mean","1m",2.184619
"2011-02-01","Dallas trimmed mean","1m",2.45109
"2011-03-01","Dallas trimmed mean","1m",2.299397
"2011-04-01","Dallas trimmed mean","1m",2.378652
"2011-05-01","Dallas trimmed mean","1m",2.322682
"2011-06-01","Dallas trimmed mean","1m",1.45166
"2011-07-01","Dallas trimmed mean","1m",1.719123
"2011-08-01","Dallas trimmed mean","1m",2.52066
"2011-09-01","Dallas trimmed mean","1m",1.888514
"2011-10-01","Dallas trimmed mean","1m",1.83354
"2011-11-01","Dallas trimmed mean","1m",2.063832
"2011-12-01","Dallas trimmed mean","1m",2.070869
"2012-01-01","Dallas trimmed mean","1m",2.498995
"2012-02-01","Dallas trimmed mean","1m",1.605013
"2012-03-01","Dallas trimmed mean","1m",2.063769
"2012-04-01","Dallas trimmed mean","1m",1.88041
"2012-05-01","Dallas trimmed mean","1m",1.706752
"2012-06-01","Dallas trimmed mean","1m",1.009142
"2012-07-01","Dallas trimmed mean","1m",1.351206
"2012-08-01","Dallas trimmed mean","1m",1.870391
"2012-09-01","Dallas trimmed mean","1m",1.852732
"2012-10-01","Dallas trimmed mean","1m",1.557926
"2012-11-01","Dallas trimmed mean","1m",1.092526
"2012-12-01","Dallas trimmed mean","1m",1.180194
"2013-01-01","Dallas trimmed mean","1m",2.08046
"2013-02-01","Dallas trimmed mean","1m",2.149031
"2013-03-01","Dallas trimmed mean","1m",1.392166
"2013-04-01","Dallas trimmed mean","1m",0.104974
"2013-05-01","Dallas trimmed mean","1m",1.460263
"2013-06-01","Dallas trimmed mean","1m",2.2743
"2013-07-01","Dallas trimmed mean","1m",1.774213
"2013-08-01","Dallas trimmed mean","1m",1.702816
"2013-09-01","Dallas trimmed mean","1m",1.761642
"2013-10-01","Dallas trimmed mean","1m",1.823703
"2013-11-01","Dallas trimmed mean","1m",1.995209
"2013-12-01","Dallas trimmed mean","1m",1.612539
"2014-01-01","Dallas trimmed mean","1m",1.676461
"2014-02-01","Dallas trimmed mean","1m",1.326558
"2014-03-01","Dallas trimmed mean","1m",1.609501
"2014-04-01","Dallas trimmed mean","1m",1.812454
"2014-05-01","Dallas trimmed mean","1m",2.01492
"2014-06-01","Dallas trimmed mean","1m",1.776661
"2014-07-01","Dallas trimmed mean","1m",1.796202
"2014-08-01","Dallas trimmed mean","1m",1.131483
"2014-09-01","Dallas trimmed mean","1m",1.761797
"2014-10-01","Dallas trimmed mean","1m",1.284225
"2014-11-01","Dallas trimmed mean","1m",1.703915
"2014-12-01","Dallas trimmed mean","1m",1.399519
"2015-01-01","Dallas trimmed mean","1m",0.190519
"2015-02-01","Dallas trimmed mean","1m",2.098607
"2015-03-01","Dallas trimmed mean","1m",1.572283
"2015-04-01","Dallas trimmed mean","1m",2.278543
"2015-05-01","Dallas trimmed mean","1m",1.548143
"2015-06-01","Dallas trimmed mean","1m",1.780899
"2015-07-01","Dallas trimmed mean","1m",1.781232
"2015-08-01","Dallas trimmed mean","1m",1.179149
"2015-09-01","Dallas trimmed mean","1m",1.816318
"2015-10-01","Dallas trimmed mean","1m",0.873654
"2015-11-01","Dallas trimmed mean","1m",1.387194
"2015-12-01","Dallas trimmed mean","1m",0.974721
"2016-01-01","Dallas trimmed mean","1m",1.687816
"2016-02-01","Dallas trimmed mean","1m",1.926075
"2016-03-01","Dallas trimmed mean","1m",2.04803
"2016-04-01","Dallas trimmed mean","1m",2.329243
"2016-05-01","Dallas trimmed mean","1m",2.315498
"2016-06-01","Dallas trimmed mean","1m",1.591308
"2016-07-01","Dallas trimmed mean","1m",1.793522
"2016-08-01","Dallas trimmed mean","1m",1.625229
"2016-09-01","Dallas trimmed mean","1m",2.17001
"2016-10-01","Dallas trimmed mean","1m",1.9382
"2016-11-01","Dallas trimmed mean","1m",1.398326
"2016-12-01","Dallas trimmed mean","1m",1.651733
"2017-01-01","Dallas trimmed mean","1m",2.319572
"2017-02-01","Dallas trimmed mean","1m",1.43748
"2017-03-01","Dallas trimmed mean","1m",1.293483
"2017-04-01","Dallas trimmed mean","1m",1.618542
"2017-05-01","Dallas trimmed mean","1m",1.136652
"2017-06-01","Dallas trimmed mean","1m",1.798546
"2017-07-01","Dallas trimmed mean","1m",1.078986
"2017-08-01","Dallas trimmed mean","1m",1.79485
"2017-09-01","Dallas trimmed mean","1m",1.755732
"2017-10-01","Dallas trimmed mean","1m",2.182165
"2017-11-01","Dallas trimmed mean","1m",1.700855
"2017-12-01","Dallas trimmed mean","1m",2.054411
"2018-01-01","Dallas trimmed mean","1m",2.918972
"2018-02-01","Dallas trimmed mean","1m",1.989037
"2018-03-01","Dallas trimmed mean","1m",1.578654
"2018-04-01","Dallas trimmed mean","1m",1.529134
"2018-05-01","Dallas trimmed mean","1m",2.1233
"2018-06-01","Dallas trimmed mean","1m",2.040818
"2018-07-01","Dallas trimmed mean","1m",1.800135
"2018-08-01","Dallas trimmed mean","1m",1.674661
"2018-09-01","Dallas trimmed mean","1m",2.07593
"2018-10-01","Dallas trimmed mean","1m",2.1995
"2018-11-01","Dallas trimmed mean","1m",2.444218
"2018-12-01","Dallas trimmed mean","1m",1.794613
"2019-01-01","Dallas trimmed mean","1m",1.626113
"2019-02-01","Dallas trimmed mean","1m",2.697891
"2019-03-01","Dallas trimmed mean","1m",2.027374
"2019-04-01","Dallas trimmed mean","1m",2.964912
"2019-05-01","Dallas trimmed mean","1m",1.090648
"2019-06-01","Dallas trimmed mean","1m",1.500392
"2019-07-01","Dallas trimmed mean","1m",2.147142
"2019-08-01","Dallas trimmed mean","1m",1.891344
"2019-09-01","Dallas trimmed mean","1m",1.224388
"2019-10-01","Dallas trimmed mean","1m",2.157699
"2019-11-01","Dallas trimmed mean","1m",1.651
"2019-12-01","Dallas trimmed mean","1m",1.671165
"2020-01-01","Dallas trimmed mean","1m",2.489893
"2020-02-01","Dallas trimmed mean","1m",2.451827
"2020-03-01","Dallas trimmed mean","1m",1.496412
"2020-04-01","Dallas trimmed mean","1m",1.626241
"2020-05-01","Dallas trimmed mean","1m",2.116769
"2020-06-01","Dallas trimmed mean","1m",1.78574
"2020-07-01","Dallas trimmed mean","1m",2.575293
"2020-08-01","Dallas trimmed mean","1m",2.171735
"2020-09-01","Dallas trimmed mean","1m",1.197743
"2020-10-01","Dallas trimmed mean","1m",1.605078
"2020-11-01","Dallas trimmed mean","1m",0.905682
"2020-12-01","Dallas trimmed mean","1m",1.51743
"2021-01-01","Dallas trimmed mean","1m",1.820402
"2021-02-01","Dallas trimmed mean","1m",2.638205
"2021-03-01","Dallas trimmed mean","1m",2.168283
"2021-04-01","Dallas trimmed mean","1m",2.59893
"2021-05-01","Dallas trimmed mean","1m",2.51522
"2021-06-01","Dallas trimmed mean","1m",2.369067
"2021-07-01","Dallas trimmed mean","1m",3.274137
"2021-08-01","Dallas trimmed mean","1m",2.882585
"2021-09-01","Dallas trimmed mean","1m",4.008432
"2021-10-01","Dallas trimmed mean","1m",4.607378
"2021-11-01","Dallas trimmed mean","1m",3.743444
"2021-12-01","Dallas trimmed mean","1m",4.575512
"2022-01-01","Dallas trimmed mean","1m",6.466862
"2022-02-01","Dallas trimmed mean","1m",4.79752
"2022-03-01","Dallas trimmed mean","1m",3.220403
"2022-04-01","Dallas trimmed mean","1m",3.172055
"2022-05-01","Dallas trimmed mean","1m",5.223039
"2022-06-01","Dallas trimmed mean","1m",7.656873
"2022-07-01","Dallas trimmed mean","1m",4.468953
"2022-08-01","Dallas trimmed mean","1m",5.482212
"2022-09-01","Dallas trimmed mean","1m",3.746066
"2022-10-01","Dallas trimmed mean","1m",5.104267
"2022-11-01","Dallas trimmed mean","1m",3.23748
"2022-12-01","Dallas trimmed mean","1m",4.030169
"2023-01-01","Dallas trimmed mean","1m",4.791642
"2023-02-01","Dallas trimmed mean","1m",4.419206
"2023-03-01","Dallas trimmed mean","1m",4.047533
"2023-04-01","Dallas trimmed mean","1m",4.187678
"2023-05-01","Dallas trimmed mean","1m",3.771031
"2023-06-01","Dallas trimmed mean","1m",2.535997
"2023-07-01","Dallas trimmed mean","1m",2.876632
"2023-08-01","Dallas trimmed mean","1m",2.477971
"2023-09-01","Dallas trimmed mean","1m",2.900023
"2023-10-01","Dallas trimmed mean","1m",3.112008
"2023-11-01","Dallas trimmed mean","1m",2.31755
"2023-12-01","Dallas trimmed mean","1m",2.069758
"2024-01-01","Dallas trimmed mean","1m",5.304006
"2024-02-01","Dallas trimmed mean","1m",2.957146
"2024-03-01","Dallas trimmed mean","1m",3.196675
"2024-04-01","Dallas trimmed mean","1m",2.713611
"2024-05-01","Dallas trimmed mean","1m",2.614562
"2024-06-01","Dallas trimmed mean","1m",2.335563
"2024-07-01","Dallas trimmed mean","1m",1.984481
"2024-08-01","Dallas trimmed mean","1m",2.156883
"2024-09-01","Dallas trimmed mean","1m",3.157676
"2024-10-01","Dallas trimmed mean","1m",3.370882
"2024-11-01","Dallas trimmed mean","1m",2.65861
"2024-12-01","Dallas trimmed mean","1m",3.082832
"2025-01-01","Dallas trimmed mean","1m",2.58761
"2025-02-01","Dallas trimmed mean","1m",2.949694
"2025-03-01","Dallas trimmed mean","1m",2.933061
"2025-04-01","Dallas trimmed mean","1m",3.117913
"2025-05-01","Dallas trimmed mean","1m",2.24438
"2025-06-01","Dallas trimmed mean","1m",3.563263
"2025-07-01","Dallas trimmed mean","1m",1.920599
"2025-08-01","Dallas trimmed mean","1m",2.931542
"2025-09-01","Dallas trimmed mean","1m",2.059521
"2025-10-01","Dallas trimmed mean","1m",1.760078
"2025-11-01","Dallas trimmed mean","1m",1.810325
"2025-12-01","Dallas trimmed mean","1m",2.48737
"2026-01-01","Dallas trimmed mean","1m",2.321858
"2026-02-01","Dallas trimmed mean","1m",1.976982
"2026-03-01","Dallas trimmed mean","1m",2.727915
"2026-04-01","Dallas trimmed mean","1m",2.982496
"2026-05-01","Dallas trimmed mean","1m",2.90339
"2026-06-01","Dallas trimmed mean","1m",1.673344
"2026-07-01","Dallas trimmed mean","1m",1.912981
"2026-08-01","Dallas trimmed mean","1m",2.080648
"1959-05-01","Dallas trimmed mean","3m",1.338457
"1959-06-01","Dallas trimmed mean","3m",1.866223
"1959-07-01","Dallas trimmed mean","3m",1.471513
"1959-08-01","Dallas trimmed mean","3m",1.4589
"1959-09-01","Dallas trimmed mean","3m",1.317996
"1959-10-01","Dallas trimmed mean","3m",1.31785
"1959-11-01","Dallas trimmed mean","3m",1.203524
"1959-12-01","Dallas trimmed mean","3m",0.969245
"1960-01-01","Dallas trimmed mean","3m",0.589088
"1960-02-01","Dallas trimmed mean","3m",0.637461
"1960-03-01","Dallas trimmed mean","3m",0.347952
"1960-04-01","Dallas trimmed mean","3m",0.910677
"1960-05-01","Dallas trimmed mean","3m",0.827105
"1960-06-01","Dallas trimmed mean","3m",0.826199
"1960-07-01","Dallas trimmed mean","3m",0.766281
"1960-08-01","Dallas trimmed mean","3m",0.832948
"1960-09-01","Dallas trimmed mean","3m",1.028894
"1960-10-01","Dallas trimmed mean","3m",0.550483
"1960-11-01","Dallas trimmed mean","3m",0.82013
"1960-12-01","Dallas trimmed mean","3m",0.793312
"1961-01-01","Dallas trimmed mean","3m",0.698623
"1961-02-01","Dallas trimmed mean","3m",0.300601
"1961-03-01","Dallas trimmed mean","3m",0.047239
"1961-04-01","Dallas trimmed mean","3m",0.234244
"1961-05-01","Dallas trimmed mean","3m",0.16675
"1961-06-01","Dallas trimmed mean","3m",0.309347
"1961-07-01","Dallas trimmed mean","3m",0.487305
"1961-08-01","Dallas trimmed mean","3m",0.518508
"1961-09-01","Dallas trimmed mean","3m",0.663485
"1961-10-01","Dallas trimmed mean","3m",0.285286
"1961-11-01","Dallas trimmed mean","3m",0.373471
"1961-12-01","Dallas trimmed mean","3m",0.114787
"1962-01-01","Dallas trimmed mean","3m",0.849698
"1962-02-01","Dallas trimmed mean","3m",1.059324
"1962-03-01","Dallas trimmed mean","3m",1.573213
"1962-04-01","Dallas trimmed mean","3m",0.747834
"1962-05-01","Dallas trimmed mean","3m",0.564317
"1962-06-01","Dallas trimmed mean","3m",0.251396
"1962-07-01","Dallas trimmed mean","3m",0.44979
"1962-08-01","Dallas trimmed mean","3m",0.576546
"1962-09-01","Dallas trimmed mean","3m",0.768395
"1962-10-01","Dallas trimmed mean","3m",0.489546
"1962-11-01","Dallas trimmed mean","3m",0.282925
"1962-12-01","Dallas trimmed mean","3m",-0.112566
"1963-01-01","Dallas trimmed mean","3m",0.620132
"1963-02-01","Dallas trimmed mean","3m",0.703919
"1963-03-01","Dallas trimmed mean","3m",0.705192
"1963-04-01","Dallas trimmed mean","3m",0.158792
"1963-05-01","Dallas trimmed mean","3m",0.62103
"1963-06-01","Dallas trimmed mean","3m",0.844574
"1963-07-01","Dallas trimmed mean","3m",1.01154
"1963-08-01","Dallas trimmed mean","3m",0.479198
"1963-09-01","Dallas trimmed mean","3m",0.358947
"1963-10-01","Dallas trimmed mean","3m",0.751221
"1963-11-01","Dallas trimmed mean","3m",0.775594
"1963-12-01","Dallas trimmed mean","3m",0.819581
"1964-01-01","Dallas trimmed mean","3m",0.59566
"1964-02-01","Dallas trimmed mean","3m",0.749271
"1964-03-01","Dallas trimmed mean","3m",0.562067
"1964-04-01","Dallas trimmed mean","3m",0.25808
"1964-05-01","Dallas trimmed mean","3m",0.024663
"1964-06-01","Dallas trimmed mean","3m",0.091761
"1964-07-01","Dallas trimmed mean","3m",0.074218
"1964-08-01","Dallas trimmed mean","3m",0.238971
"1964-09-01","Dallas trimmed mean","3m",0.233935
"1964-10-01","Dallas trimmed mean","3m",0.281569
"1964-11-01","Dallas trimmed mean","3m",0.301808
"1964-12-01","Dallas trimmed mean","3m",0.456449
"1965-01-01","Dallas trimmed mean","3m",0.777009
"1965-02-01","Dallas trimmed mean","3m",0.521959
"1965-03-01","Dallas trimmed mean","3m",0.439375
"1965-04-01","Dallas trimmed mean","3m",0.445731
"1965-05-01","Dallas trimmed mean","3m",0.81458
"1965-06-01","Dallas trimmed mean","3m",1.079719
"1965-07-01","Dallas trimmed mean","3m",0.892777
"1965-08-01","Dallas trimmed mean","3m",0.894413
"1965-09-01","Dallas trimmed mean","3m",0.922972
"1965-10-01","Dallas trimmed mean","3m",1.026463
"1965-11-01","Dallas trimmed mean","3m",1.181214
"1965-12-01","Dallas trimmed mean","3m",1.489142
"1966-01-01","Dallas trimmed mean","3m",1.772091
"1966-02-01","Dallas trimmed mean","3m",1.961496
"1966-03-01","Dallas trimmed mean","3m",1.66027
"1966-04-01","Dallas trimmed mean","3m",2.166312
"1966-05-01","Dallas trimmed mean","3m",1.916172
"1966-06-01","Dallas trimmed mean","3m",2.141326
"1966-07-01","Dallas trimmed mean","3m",1.698135
"1966-08-01","Dallas trimmed mean","3m",1.782319
"1966-09-01","Dallas trimmed mean","3m",2.25918
"1966-10-01","Dallas trimmed mean","3m",2.748865
"1966-11-01","Dallas trimmed mean","3m",2.732974
"1966-12-01","Dallas trimmed mean","3m",2.222315
"1967-01-01","Dallas trimmed mean","3m",1.69822
"1967-02-01","Dallas trimmed mean","3m",1.95433
"1967-03-01","Dallas trimmed mean","3m",1.603576
"1967-04-01","Dallas trimmed mean","3m",1.510931
"1967-05-01","Dallas trimmed mean","3m",1.206142
"1967-06-01","Dallas trimmed mean","3m",1.876174
"1967-07-01","Dallas trimmed mean","3m",2.159848
"1967-08-01","Dallas trimmed mean","3m",2.458925
"1967-09-01","Dallas trimmed mean","3m",2.901544
"1967-10-01","Dallas trimmed mean","3m",3.162443
"1967-11-01","Dallas trimmed mean","3m",3.312563
"1967-12-01","Dallas trimmed mean","3m",2.757287
"1968-01-01","Dallas trimmed mean","3m",3.044403
"1968-02-01","Dallas trimmed mean","3m",3.334821
"1968-03-01","Dallas trimmed mean","3m",3.345813
"1968-04-01","Dallas trimmed mean","3m",3.188058
"1968-05-01","Dallas trimmed mean","3m",3.40813
"1968-06-01","Dallas trimmed mean","3m",3.745279
"1968-07-01","Dallas trimmed mean","3m",3.389888
"1968-08-01","Dallas trimmed mean","3m",3.448477
"1968-09-01","Dallas trimmed mean","3m",3.735261
"1968-10-01","Dallas trimmed mean","3m",4.333621
"1968-11-01","Dallas trimmed mean","3m",4.17559
"1968-12-01","Dallas trimmed mean","3m",3.964954
"1969-01-01","Dallas trimmed mean","3m",3.743812
"1969-02-01","Dallas trimmed mean","3m",3.25473
"1969-03-01","Dallas trimmed mean","3m",3.518223
"1969-04-01","Dallas trimmed mean","3m",3.76515
"1969-05-01","Dallas trimmed mean","3m",4.291056
"1969-06-01","Dallas trimmed mean","3m",4.19903
"1969-07-01","Dallas trimmed mean","3m",4.437876
"1969-08-01","Dallas trimmed mean","3m",3.983099
"1969-09-01","Dallas trimmed mean","3m",4.107355
"1969-10-01","Dallas trimmed mean","3m",3.791395
"1969-11-01","Dallas trimmed mean","3m",4.405328
"1969-12-01","Dallas trimmed mean","3m",4.372538
"1970-01-01","Dallas trimmed mean","3m",4.219071
"1970-02-01","Dallas trimmed mean","3m",4.095352
"1970-03-01","Dallas trimmed mean","3m",4.106855
"1970-04-01","Dallas trimmed mean","3m",4.402676
"1970-05-01","Dallas trimmed mean","3m",4.050598
"1970-06-01","Dallas trimmed mean","3m",3.667027
"1970-07-01","Dallas trimmed mean","3m",3.524235
"1970-08-01","Dallas trimmed mean","3m",3.744665
"1970-09-01","Dallas trimmed mean","3m",4.200793
"1970-10-01","Dallas trimmed mean","3m",4.421417
"1970-11-01","Dallas trimmed mean","3m",4.6507
"1970-12-01","Dallas trimmed mean","3m",4.990983
"1971-01-01","Dallas trimmed mean","3m",4.585565
"1971-02-01","Dallas trimmed mean","3m",3.985086
"1971-03-01","Dallas trimmed mean","3m",2.948981
"1971-04-01","Dallas trimmed mean","3m",2.95654
"1971-05-01","Dallas trimmed mean","3m",3.574553
"1971-06-01","Dallas trimmed mean","3m",4.196942
"1971-07-01","Dallas trimmed mean","3m",4.079422
"1971-08-01","Dallas trimmed mean","3m",3.835029
"1971-09-01","Dallas trimmed mean","3m",3.331227
"1971-10-01","Dallas trimmed mean","3m",2.568155
"1971-11-01","Dallas trimmed mean","3m",1.932086
"1971-12-01","Dallas trimmed mean","3m",1.993431
"1972-01-01","Dallas trimmed mean","3m",2.747689
"1972-02-01","Dallas trimmed mean","3m",3.171047
"1972-03-01","Dallas trimmed mean","3m",3.074793
"1972-04-01","Dallas trimmed mean","3m",2.443409
"1972-05-01","Dallas trimmed mean","3m",2.044532
"1972-06-01","Dallas trimmed mean","3m",1.74483
"1972-07-01","Dallas trimmed mean","3m",2.3112
"1972-08-01","Dallas trimmed mean","3m",2.61082
"1972-09-01","Dallas trimmed mean","3m",3.168038
"1972-10-01","Dallas trimmed mean","3m",2.807386
"1972-11-01","Dallas trimmed mean","3m",2.902922
"1972-12-01","Dallas trimmed mean","3m",2.864241
"1973-01-01","Dallas trimmed mean","3m",3.016729
"1973-02-01","Dallas trimmed mean","3m",3.355349
"1973-03-01","Dallas trimmed mean","3m",3.678761
"1973-04-01","Dallas trimmed mean","3m",4.924664
"1973-05-01","Dallas trimmed mean","3m",5.027986
"1973-06-01","Dallas trimmed mean","3m",4.769731
"1973-07-01","Dallas trimmed mean","3m",3.468929
"1973-08-01","Dallas trimmed mean","3m",3.662028
"1973-09-01","Dallas trimmed mean","3m",3.665016
"1973-10-01","Dallas trimmed mean","3m",4.476979
"1973-11-01","Dallas trimmed mean","3m",4.456902
"1973-12-01","Dallas trimmed mean","3m",5.245216
"1974-01-01","Dallas trimmed mean","3m",5.499596
"1974-02-01","Dallas trimmed mean","3m",6.259581
"1974-03-01","Dallas trimmed mean","3m",6.995434
"1974-04-01","Dallas trimmed mean","3m",7.57642
"1974-05-01","Dallas trimmed mean","3m",8.394669
"1974-06-01","Dallas trimmed mean","3m",8.751656
"1974-07-01","Dallas trimmed mean","3m",8.891047
"1974-08-01","Dallas trimmed mean","3m",9.149232
"1974-09-01","Dallas trimmed mean","3m",9.216377
"1974-10-01","Dallas trimmed mean","3m",9.574468
"1974-11-01","Dallas trimmed mean","3m",8.476143
"1974-12-01","Dallas trimmed mean","3m",7.799546
"1975-01-01","Dallas trimmed mean","3m",7.37181
"1975-02-01","Dallas trimmed mean","3m",7.050608
"1975-03-01","Dallas trimmed mean","3m",5.876697
"1975-04-01","Dallas trimmed mean","3m",5.084522
"1975-05-01","Dallas trimmed mean","3m",4.30952
"1975-06-01","Dallas trimmed mean","3m",4.545962
"1975-07-01","Dallas trimmed mean","3m",4.829169
"1975-08-01","Dallas trimmed mean","3m",5.159831
"1975-09-01","Dallas trimmed mean","3m",5.761582
"1975-10-01","Dallas trimmed mean","3m",6.341986
"1975-11-01","Dallas trimmed mean","3m",6.679241
"1975-12-01","Dallas trimmed mean","3m",6.368564
"1976-01-01","Dallas trimmed mean","3m",5.5233
"1976-02-01","Dallas trimmed mean","3m",5.115493
"1976-03-01","Dallas trimmed mean","3m",4.568983
"1976-04-01","Dallas trimmed mean","3m",4.084104
"1976-05-01","Dallas trimmed mean","3m",4.393297
"1976-06-01","Dallas trimmed mean","3m",4.719401
"1976-07-01","Dallas trimmed mean","3m",5.217585
"1976-08-01","Dallas trimmed mean","3m",5.477023
"1976-09-01","Dallas trimmed mean","3m",5.758811
"1976-10-01","Dallas trimmed mean","3m",6.103945
"1976-11-01","Dallas trimmed mean","3m",5.830503
"1976-12-01","Dallas trimmed mean","3m",5.523458
"1977-01-01","Dallas trimmed mean","3m",5.700573
"1977-02-01","Dallas trimmed mean","3m",6.251765
"1977-03-01","Dallas trimmed mean","3m",6.848344
"1977-04-01","Dallas trimmed mean","3m",6.260737
"1977-05-01","Dallas trimmed mean","3m",5.81472
"1977-06-01","Dallas trimmed mean","3m",5.648849
"1977-07-01","Dallas trimmed mean","3m",5.879365
"1977-08-01","Dallas trimmed mean","3m",5.948551
"1977-09-01","Dallas trimmed mean","3m",5.571986
"1977-10-01","Dallas trimmed mean","3m",5.216605
"1977-11-01","Dallas trimmed mean","3m",5.415291
"1977-12-01","Dallas trimmed mean","3m",5.632977
"1978-01-01","Dallas trimmed mean","3m",5.643156
"1978-02-01","Dallas trimmed mean","3m",5.279244
"1978-03-01","Dallas trimmed mean","3m",5.467211
"1978-04-01","Dallas trimmed mean","3m",6.183235
"1978-05-01","Dallas trimmed mean","3m",6.949224
"1978-06-01","Dallas trimmed mean","3m",6.991759
"1978-07-01","Dallas trimmed mean","3m",6.916272
"1978-08-01","Dallas trimmed mean","3m",6.570802
"1978-09-01","Dallas trimmed mean","3m",6.776938
"1978-10-01","Dallas trimmed mean","3m",7.503138
"1978-11-01","Dallas trimmed mean","3m",7.87996
"1978-12-01","Dallas trimmed mean","3m",7.612349
"1979-01-01","Dallas trimmed mean","3m",7.506203
"1979-02-01","Dallas trimmed mean","3m",7.457405
"1979-03-01","Dallas trimmed mean","3m",7.603256
"1979-04-01","Dallas trimmed mean","3m",7.031913
"1979-05-01","Dallas trimmed mean","3m",7.514985
"1979-06-01","Dallas trimmed mean","3m",7.609972
"1979-07-01","Dallas trimmed mean","3m",7.995533
"1979-08-01","Dallas trimmed mean","3m",7.895064
"1979-09-01","Dallas trimmed mean","3m",8.375836
"1979-10-01","Dallas trimmed mean","3m",9.103465
"1979-11-01","Dallas trimmed mean","3m",8.64545
"1979-12-01","Dallas trimmed mean","3m",8.536798
"1980-01-01","Dallas trimmed mean","3m",8.531138
"1980-02-01","Dallas trimmed mean","3m",9.408986
"1980-03-01","Dallas trimmed mean","3m",9.879913
"1980-04-01","Dallas trimmed mean","3m",8.615549
"1980-05-01","Dallas trimmed mean","3m",8.20064
"1980-06-01","Dallas trimmed mean","3m",7.979832
"1980-07-01","Dallas trimmed mean","3m",8.119621
"1980-08-01","Dallas trimmed mean","3m",7.995612
"1980-09-01","Dallas trimmed mean","3m",8.292696
"1980-10-01","Dallas trimmed mean","3m",9.005496
"1980-11-01","Dallas trimmed mean","3m",8.962369
"1980-12-01","Dallas trimmed mean","3m",8.50503
"1981-01-01","Dallas trimmed mean","3m",8.691031
"1981-02-01","Dallas trimmed mean","3m",9.199053
"1981-03-01","Dallas trimmed mean","3m",8.837902
"1981-04-01","Dallas trimmed mean","3m",8.206388
"1981-05-01","Dallas trimmed mean","3m",7.12343
"1981-06-01","Dallas trimmed mean","3m",6.663018
"1981-07-01","Dallas trimmed mean","3m",6.511957
"1981-08-01","Dallas trimmed mean","3m",6.84733
"1981-09-01","Dallas trimmed mean","3m",7.371188
"1981-10-01","Dallas trimmed mean","3m",7.174043
"1981-11-01","Dallas trimmed mean","3m",6.660212
"1981-12-01","Dallas trimmed mean","3m",5.874222
"1982-01-01","Dallas trimmed mean","3m",5.603934
"1982-02-01","Dallas trimmed mean","3m",5.141442
"1982-03-01","Dallas trimmed mean","3m",5.214087
"1982-04-01","Dallas trimmed mean","3m",4.51242
"1982-05-01","Dallas trimmed mean","3m",4.917566
"1982-06-01","Dallas trimmed mean","3m",4.974913
"1982-07-01","Dallas trimmed mean","3m",6.25366
"1982-08-01","Dallas trimmed mean","3m",5.688982
"1982-09-01","Dallas trimmed mean","3m",4.961185
"1982-10-01","Dallas trimmed mean","3m",4.396638
"1982-11-01","Dallas trimmed mean","3m",3.902064
"1982-12-01","Dallas trimmed mean","3m",3.7752
"1983-01-01","Dallas trimmed mean","3m",3.865487
"1983-02-01","Dallas trimmed mean","3m",4.232733
"1983-03-01","Dallas trimmed mean","3m",4.069774
"1983-04-01","Dallas trimmed mean","3m",3.773378
"1983-05-01","Dallas trimmed mean","3m",3.515967
"1983-06-01","Dallas trimmed mean","3m",3.827297
"1983-07-01","Dallas trimmed mean","3m",3.485417
"1983-08-01","Dallas trimmed mean","3m",3.515197
"1983-09-01","Dallas trimmed mean","3m",3.775134
"1983-10-01","Dallas trimmed mean","3m",3.397342
"1983-11-01","Dallas trimmed mean","3m",3.695197
"1983-12-01","Dallas trimmed mean","3m",3.188723
"1984-01-01","Dallas trimmed mean","3m",3.937528
"1984-02-01","Dallas trimmed mean","3m",4.090288
"1984-03-01","Dallas trimmed mean","3m",4.641294
"1984-04-01","Dallas trimmed mean","3m",4.544326
"1984-05-01","Dallas trimmed mean","3m",3.757338
"1984-06-01","Dallas trimmed mean","3m",3.550088
"1984-07-01","Dallas trimmed mean","3m",3.639427
"1984-08-01","Dallas trimmed mean","3m",4.271628
"1984-09-01","Dallas trimmed mean","3m",4.383567
"1984-10-01","Dallas trimmed mean","3m",3.899358
"1984-11-01","Dallas trimmed mean","3m",3.231788
"1984-12-01","Dallas trimmed mean","3m",3.229959
"1985-01-01","Dallas trimmed mean","3m",3.135817
"1985-02-01","Dallas trimmed mean","3m",4.291583
"1985-03-01","Dallas trimmed mean","3m",4.363209
"1985-04-01","Dallas trimmed mean","3m",4.109344
"1985-05-01","Dallas trimmed mean","3m",3.277774
"1985-06-01","Dallas trimmed mean","3m",3.295938
"1985-07-01","Dallas trimmed mean","3m",3.307276
"1985-08-01","Dallas trimmed mean","3m",3.545475
"1985-09-01","Dallas trimmed mean","3m",3.307147
"1985-10-01","Dallas trimmed mean","3m",3.431013
"1985-11-01","Dallas trimmed mean","3m",3.387873
"1985-12-01","Dallas trimmed mean","3m",3.564349
"1986-01-01","Dallas trimmed mean","3m",4.144305
"1986-02-01","Dallas trimmed mean","3m",3.844635
"1986-03-01","Dallas trimmed mean","3m",3.164808
"1986-04-01","Dallas trimmed mean","3m",2.681961
"1986-05-01","Dallas trimmed mean","3m",2.493604
"1986-06-01","Dallas trimmed mean","3m",3.207727
"1986-07-01","Dallas trimmed mean","3m",3.113948
"1986-08-01","Dallas trimmed mean","3m",3.366753
"1986-09-01","Dallas trimmed mean","3m",3.284964
"1986-10-01","Dallas trimmed mean","3m",3.599798
"1986-11-01","Dallas trimmed mean","3m",3.629649
"1986-12-01","Dallas trimmed mean","3m",3.409956
"1987-01-01","Dallas trimmed mean","3m",3.778071
"1987-02-01","Dallas trimmed mean","3m",3.817019
"1987-03-01","Dallas trimmed mean","3m",4.133323
"1987-04-01","Dallas trimmed mean","3m",4.143302
"1987-05-01","Dallas trimmed mean","3m",4.196837
"1987-06-01","Dallas trimmed mean","3m",3.912293
"1987-07-01","Dallas trimmed mean","3m",3.146727
"1987-08-01","Dallas trimmed mean","3m",3.537151
"1987-09-01","Dallas trimmed mean","3m",3.615394
"1987-10-01","Dallas trimmed mean","3m",4.050193
"1987-11-01","Dallas trimmed mean","3m",3.536089
"1987-12-01","Dallas trimmed mean","3m",3.059497
"1988-01-01","Dallas trimmed mean","3m",3.283634
"1988-02-01","Dallas trimmed mean","3m",3.269359
"1988-03-01","Dallas trimmed mean","3m",3.857209
"1988-04-01","Dallas trimmed mean","3m",3.795742
"1988-05-01","Dallas trimmed mean","3m",3.860357
"1988-06-01","Dallas trimmed mean","3m",4.108246
"1988-07-01","Dallas trimmed mean","3m",4.285127
"1988-08-01","Dallas trimmed mean","3m",4.582889
"1988-09-01","Dallas trimmed mean","3m",4.852282
"1988-10-01","Dallas trimmed mean","3m",4.335367
"1988-11-01","Dallas trimmed mean","3m",4.168833
"1988-12-01","Dallas trimmed mean","3m",3.611401
"1989-01-01","Dallas trimmed mean","3m",4.2458
"1989-02-01","Dallas trimmed mean","3m",4.428105
"1989-03-01","Dallas trimmed mean","3m",4.478138
"1989-04-01","Dallas trimmed mean","3m",4.174918
"1989-05-01","Dallas trimmed mean","3m",4.197138
"1989-06-01","Dallas trimmed mean","3m",3.991903
"1989-07-01","Dallas trimmed mean","3m",3.825278
"1989-08-01","Dallas trimmed mean","3m",3.471609
"1989-09-01","Dallas trimmed mean","3m",3.569019
"1989-10-01","Dallas trimmed mean","3m",3.982466
"1989-11-01","Dallas trimmed mean","3m",4.067241
"1989-12-01","Dallas trimmed mean","3m",4.218918
"1990-01-01","Dallas trimmed mean","3m",3.842073
"1990-02-01","Dallas trimmed mean","3m",3.961495
"1990-03-01","Dallas trimmed mean","3m",4.514973
"1990-04-01","Dallas trimmed mean","3m",4.468716
"1990-05-01","Dallas trimmed mean","3m",4.241188
"1990-06-01","Dallas trimmed mean","3m",4.004873
"1990-07-01","Dallas trimmed mean","3m",4.084328
"1990-08-01","Dallas trimmed mean","3m",4.817533
"1990-09-01","Dallas trimmed mean","3m",4.311031
"1990-10-01","Dallas trimmed mean","3m",4.189546
"1990-11-01","Dallas trimmed mean","3m",3.063347
"1990-12-01","Dallas trimmed mean","3m",3.07396
"1991-01-01","Dallas trimmed mean","3m",3.165662
"1991-02-01","Dallas trimmed mean","3m",3.406794
"1991-03-01","Dallas trimmed mean","3m",2.932681
"1991-04-01","Dallas trimmed mean","3m",2.547526
"1991-05-01","Dallas trimmed mean","3m",3.029093
"1991-06-01","Dallas trimmed mean","3m",3.092296
"1991-07-01","Dallas trimmed mean","3m",2.977232
"1991-08-01","Dallas trimmed mean","3m",2.594187
"1991-09-01","Dallas trimmed mean","3m",2.924267
"1991-10-01","Dallas trimmed mean","3m",3.056124
"1991-11-01","Dallas trimmed mean","3m",3.274932
"1991-12-01","Dallas trimmed mean","3m",3.481372
"1992-01-01","Dallas trimmed mean","3m",3.364948
"1992-02-01","Dallas trimmed mean","3m",3.114777
"1992-03-01","Dallas trimmed mean","3m",2.867047
"1992-04-01","Dallas trimmed mean","3m",2.699558
"1992-05-01","Dallas trimmed mean","3m",2.632375
"1992-06-01","Dallas trimmed mean","3m",2.331225
"1992-07-01","Dallas trimmed mean","3m",2.509825
"1992-08-01","Dallas trimmed mean","3m",2.347194
"1992-09-01","Dallas trimmed mean","3m",2.146964
"1992-10-01","Dallas trimmed mean","3m",2.378767
"1992-11-01","Dallas trimmed mean","3m",2.731595
"1992-12-01","Dallas trimmed mean","3m",3.04149
"1993-01-01","Dallas trimmed mean","3m",2.795719
"1993-02-01","Dallas trimmed mean","3m",2.641734
"1993-03-01","Dallas trimmed mean","3m",2.566967
"1993-04-01","Dallas trimmed mean","3m",2.736684
"1993-05-01","Dallas trimmed mean","3m",2.905973
"1993-06-01","Dallas trimmed mean","3m",2.745351
"1993-07-01","Dallas trimmed mean","3m",2.477688
"1993-08-01","Dallas trimmed mean","3m",2.05533
"1993-09-01","Dallas trimmed mean","3m",2.096758
"1993-10-01","Dallas trimmed mean","3m",2.223675
"1993-11-01","Dallas trimmed mean","3m",2.36361
"1993-12-01","Dallas trimmed mean","3m",2.419895
"1994-01-01","Dallas trimmed mean","3m",2.235951
"1994-02-01","Dallas trimmed mean","3m",2.354739
"1994-03-01","Dallas trimmed mean","3m",2.60605
"1994-04-01","Dallas trimmed mean","3m",2.532105
"1994-05-01","Dallas trimmed mean","3m",2.551254
"1994-06-01","Dallas trimmed mean","3m",2.402966
"1994-07-01","Dallas trimmed mean","3m",2.578714
"1994-08-01","Dallas trimmed mean","3m",2.229963
"1994-09-01","Dallas trimmed mean","3m",1.976067
"1994-10-01","Dallas trimmed mean","3m",1.861633
"1994-11-01","Dallas trimmed mean","3m",2.124597
"1994-12-01","Dallas trimmed mean","3m",2.124865
"1995-01-01","Dallas trimmed mean","3m",2.551498
"1995-02-01","Dallas trimmed mean","3m",2.331042
"1995-03-01","Dallas trimmed mean","3m",2.563768
"1995-04-01","Dallas trimmed mean","3m",2.283107
"1995-05-01","Dallas trimmed mean","3m",2.36805
"1995-06-01","Dallas trimmed mean","3m",2.148898
"1995-07-01","Dallas trimmed mean","3m",1.959752
"1995-08-01","Dallas trimmed mean","3m",2.032478
"1995-09-01","Dallas trimmed mean","3m",2.123092
"1995-10-01","Dallas trimmed mean","3m",2.512713
"1995-11-01","Dallas trimmed mean","3m",2.460291
"1995-12-01","Dallas trimmed mean","3m",2.556264
"1996-01-01","Dallas trimmed mean","3m",2.340601
"1996-02-01","Dallas trimmed mean","3m",2.26749
"1996-03-01","Dallas trimmed mean","3m",2.331425
"1996-04-01","Dallas trimmed mean","3m",2.149836
"1996-05-01","Dallas trimmed mean","3m",2.308955
"1996-06-01","Dallas trimmed mean","3m",2.207286
"1996-07-01","Dallas trimmed mean","3m",2.338455
"1996-08-01","Dallas trimmed mean","3m",2.287109
"1996-09-01","Dallas trimmed mean","3m",2.412415
"1996-10-01","Dallas trimmed mean","3m",2.553759
"1996-11-01","Dallas trimmed mean","3m",2.677972
"1996-12-01","Dallas trimmed mean","3m",2.501807
"1997-01-01","Dallas trimmed mean","3m",2.295068
"1997-02-01","Dallas trimmed mean","3m",2.059355
"1997-03-01","Dallas trimmed mean","3m",2.047895
"1997-04-01","Dallas trimmed mean","3m",2.035558
"1997-05-01","Dallas trimmed mean","3m",1.901426
"1997-06-01","Dallas trimmed mean","3m",1.923201
"1997-07-01","Dallas trimmed mean","3m",1.643318
"1997-08-01","Dallas trimmed mean","3m",1.623784
"1997-09-01","Dallas trimmed mean","3m",1.735875
"1997-10-01","Dallas trimmed mean","3m",1.612366
"1997-11-01","Dallas trimmed mean","3m",1.658805
"1997-12-01","Dallas trimmed mean","3m",1.269555
"1998-01-01","Dallas trimmed mean","3m",1.388101
"1998-02-01","Dallas trimmed mean","3m",1.287557
"1998-03-01","Dallas trimmed mean","3m",1.676364
"1998-04-01","Dallas trimmed mean","3m",1.857305
"1998-05-01","Dallas trimmed mean","3m",2.186933
"1998-06-01","Dallas trimmed mean","3m",1.802669
"1998-07-01","Dallas trimmed mean","3m",1.829166
"1998-08-01","Dallas trimmed mean","3m",1.729694
"1998-09-01","Dallas trimmed mean","3m",1.946818
"1998-10-01","Dallas trimmed mean","3m",1.965886
"1998-11-01","Dallas trimmed mean","3m",1.900198
"1998-12-01","Dallas trimmed mean","3m",1.793718
"1999-01-01","Dallas trimmed mean","3m",1.719331
"1999-02-01","Dallas trimmed mean","3m",1.376746
"1999-03-01","Dallas trimmed mean","3m",1.338065
"1999-04-01","Dallas trimmed mean","3m",1.56303
"1999-05-01","Dallas trimmed mean","3m",1.914384
"1999-06-01","Dallas trimmed mean","3m",1.913313
"1999-07-01","Dallas trimmed mean","3m",1.88855
"1999-08-01","Dallas trimmed mean","3m",1.792844
"1999-09-01","Dallas trimmed mean","3m",2.078571
"1999-10-01","Dallas trimmed mean","3m",1.931543
"1999-11-01","Dallas trimmed mean","3m",2.182718
"1999-12-01","Dallas trimmed mean","3m",2.020614
"2000-01-01","Dallas trimmed mean","3m",2.490489
"2000-02-01","Dallas trimmed mean","3m",2.480948
"2000-03-01","Dallas trimmed mean","3m",2.798351
"2000-04-01","Dallas trimmed mean","3m",2.262711
"2000-05-01","Dallas trimmed mean","3m",2.257327
"2000-06-01","Dallas trimmed mean","3m",2.026387
"2000-07-01","Dallas trimmed mean","3m",2.416813
"2000-08-01","Dallas trimmed mean","3m",2.279949
"2000-09-01","Dallas trimmed mean","3m",2.612954
"2000-10-01","Dallas trimmed mean","3m",2.48598
"2000-11-01","Dallas trimmed mean","3m",2.699199
"2000-12-01","Dallas trimmed mean","3m",2.45014
"2001-01-01","Dallas trimmed mean","3m",2.722291
"2001-02-01","Dallas trimmed mean","3m",2.780338
"2001-03-01","Dallas trimmed mean","3m",2.838581
"2001-04-01","Dallas trimmed mean","3m",2.737951
"2001-05-01","Dallas trimmed mean","3m",2.582695
"2001-06-01","Dallas trimmed mean","3m",2.780444
"2001-07-01","Dallas trimmed mean","3m",2.527081
"2001-08-01","Dallas trimmed mean","3m",2.601143
"2001-09-01","Dallas trimmed mean","3m",2.225644
"2001-10-01","Dallas trimmed mean","3m",2.202291
"2001-11-01","Dallas trimmed mean","3m",2.160628
"2001-12-01","Dallas trimmed mean","3m",1.978207
"2002-01-01","Dallas trimmed mean","3m",1.826901
"2002-02-01","Dallas trimmed mean","3m",1.830884
"2002-03-01","Dallas trimmed mean","3m",2.132856
"2002-04-01","Dallas trimmed mean","3m",2.325354
"2002-05-01","Dallas trimmed mean","3m",2.147452
"2002-06-01","Dallas trimmed mean","3m",2.01522
"2002-07-01","Dallas trimmed mean","3m",2.089282
"2002-08-01","Dallas trimmed mean","3m",2.175013
"2002-09-01","Dallas trimmed mean","3m",2.418861
"2002-10-01","Dallas trimmed mean","3m",2.332603
"2002-11-01","Dallas trimmed mean","3m",2.343475
"2002-12-01","Dallas trimmed mean","3m",2.098961
"2003-01-01","Dallas trimmed mean","3m",1.966584
"2003-02-01","Dallas trimmed mean","3m",1.86851
"2003-03-01","Dallas trimmed mean","3m",1.965453
"2003-04-01","Dallas trimmed mean","3m",1.590658
"2003-05-01","Dallas trimmed mean","3m",1.547995
"2003-06-01","Dallas trimmed mean","3m",1.182246
"2003-07-01","Dallas trimmed mean","3m",1.886078
"2003-08-01","Dallas trimmed mean","3m",2.058623
"2003-09-01","Dallas trimmed mean","3m",2.306419
"2003-10-01","Dallas trimmed mean","3m",2.080815
"2003-11-01","Dallas trimmed mean","3m",1.990138
"2003-12-01","Dallas trimmed mean","3m",1.885049
"2004-01-01","Dallas trimmed mean","3m",2.037668
"2004-02-01","Dallas trimmed mean","3m",2.269138
"2004-03-01","Dallas trimmed mean","3m",2.492226
"2004-04-01","Dallas trimmed mean","3m",2.684735
"2004-05-01","Dallas trimmed mean","3m",2.696246
"2004-06-01","Dallas trimmed mean","3m",2.794971
"2004-07-01","Dallas trimmed mean","3m",2.421042
"2004-08-01","Dallas trimmed mean","3m",2.129503
"2004-09-01","Dallas trimmed mean","3m",1.890213
"2004-10-01","Dallas trimmed mean","3m",1.949295
"2004-11-01","Dallas trimmed mean","3m",2.139788
"2004-12-01","Dallas trimmed mean","3m",2.166939
"2005-01-01","Dallas trimmed mean","3m",2.555725
"2005-02-01","Dallas trimmed mean","3m",2.726821
"2005-03-01","Dallas trimmed mean","3m",2.820315
"2005-04-01","Dallas trimmed mean","3m",2.380901
"2005-05-01","Dallas trimmed mean","3m",2.156045
"2005-06-01","Dallas trimmed mean","3m",2.02456
"2005-07-01","Dallas trimmed mean","3m",2.213383
"2005-08-01","Dallas trimmed mean","3m",2.108155
"2005-09-01","Dallas trimmed mean","3m",2.627176
"2005-10-01","Dallas trimmed mean","3m",2.701639
"2005-11-01","Dallas trimmed mean","3m",2.991677
"2005-12-01","Dallas trimmed mean","3m",2.406451
"2006-01-01","Dallas trimmed mean","3m",2.418103
"2006-02-01","Dallas trimmed mean","3m",2.196937
"2006-03-01","Dallas trimmed mean","3m",2.649235
"2006-04-01","Dallas trimmed mean","3m",2.682138
"2006-05-01","Dallas trimmed mean","3m",3.277952
"2006-06-01","Dallas trimmed mean","3m",3.533226
"2006-07-01","Dallas trimmed mean","3m",3.522297
"2006-08-01","Dallas trimmed mean","3m",3.180137
"2006-09-01","Dallas trimmed mean","3m",2.716388
"2006-10-01","Dallas trimmed mean","3m",2.45605
"2006-11-01","Dallas trimmed mean","3m",1.89241
"2006-12-01","Dallas trimmed mean","3m",2.084332
"2007-01-01","Dallas trimmed mean","3m",2.441385
"2007-02-01","Dallas trimmed mean","3m",3.205335
"2007-03-01","Dallas trimmed mean","3m",2.958733
"2007-04-01","Dallas trimmed mean","3m",2.533114
"2007-05-01","Dallas trimmed mean","3m",2.056241
"2007-06-01","Dallas trimmed mean","3m",2.148868
"2007-07-01","Dallas trimmed mean","3m",2.142794
"2007-08-01","Dallas trimmed mean","3m",2.188287
"2007-09-01","Dallas trimmed mean","3m",2.460625
"2007-10-01","Dallas trimmed mean","3m",2.852444
"2007-11-01","Dallas trimmed mean","3m",3.296803
"2007-12-01","Dallas trimmed mean","3m",3.059133
"2008-01-01","Dallas trimmed mean","3m",2.833865
"2008-02-01","Dallas trimmed mean","3m",2.353532
"2008-03-01","Dallas trimmed mean","3m",2.344068
"2008-04-01","Dallas trimmed mean","3m",2.299934
"2008-05-01","Dallas trimmed mean","3m",2.391868
"2008-06-01","Dallas trimmed mean","3m",2.601833
"2008-07-01","Dallas trimmed mean","3m",2.923944
"2008-08-01","Dallas trimmed mean","3m",2.720926
"2008-09-01","Dallas trimmed mean","3m",2.393545
"2008-10-01","Dallas trimmed mean","3m",1.875496
"2008-11-01","Dallas trimmed mean","3m",2.099451
"2008-12-01","Dallas trimmed mean","3m",1.660571
"2009-01-01","Dallas trimmed mean","3m",2.050926
"2009-02-01","Dallas trimmed mean","3m",1.921021
"2009-03-01","Dallas trimmed mean","3m",2.233601
"2009-04-01","Dallas trimmed mean","3m",1.742989
"2009-05-01","Dallas trimmed mean","3m",1.602531
"2009-06-01","Dallas trimmed mean","3m",1.521571
"2009-07-01","Dallas trimmed mean","3m",1.084752
"2009-08-01","Dallas trimmed mean","3m",1.081911
"2009-09-01","Dallas trimmed mean","3m",0.789471
"2009-10-01","Dallas trimmed mean","3m",1.388482
"2009-11-01","Dallas trimmed mean","3m",1.175874
"2009-12-01","Dallas trimmed mean","3m",1.215366
"2010-01-01","Dallas trimmed mean","3m",0.800499
"2010-02-01","Dallas trimmed mean","3m",0.692118
"2010-03-01","Dallas trimmed mean","3m",0.675459
"2010-04-01","Dallas trimmed mean","3m",0.702523
"2010-05-01","Dallas trimmed mean","3m",0.766924
"2010-06-01","Dallas trimmed mean","3m",0.793826
"2010-07-01","Dallas trimmed mean","3m",0.762199
"2010-08-01","Dallas trimmed mean","3m",0.996736
"2010-09-01","Dallas trimmed mean","3m",1.151973
"2010-10-01","Dallas trimmed mean","3m",1.146856
"2010-11-01","Dallas trimmed mean","3m",1.13271
"2010-12-01","Dallas trimmed mean","3m",1.083331
"2011-01-01","Dallas trimmed mean","3m",1.563534
"2011-02-01","Dallas trimmed mean","3m",1.910691
"2011-03-01","Dallas trimmed mean","3m",2.311644
"2011-04-01","Dallas trimmed mean","3m",2.376361
"2011-05-01","Dallas trimmed mean","3m",2.333572
"2011-06-01","Dallas trimmed mean","3m",2.050114
"2011-07-01","Dallas trimmed mean","3m",1.830504
"2011-08-01","Dallas trimmed mean","3m",1.896137
"2011-09-01","Dallas trimmed mean","3m",2.042184
"2011-10-01","Dallas trimmed mean","3m",2.080429
"2011-11-01","Dallas trimmed mean","3m",1.928582
"2011-12-01","Dallas trimmed mean","3m",1.989354
"2012-01-01","Dallas trimmed mean","3m",2.21103
"2012-02-01","Dallas trimmed mean","3m",2.057639
"2012-03-01","Dallas trimmed mean","3m",2.055273
"2012-04-01","Dallas trimmed mean","3m",1.849556
"2012-05-01","Dallas trimmed mean","3m",1.883539
"2012-06-01","Dallas trimmed mean","3m",1.531402
"2012-07-01","Dallas trimmed mean","3m",1.3553
"2012-08-01","Dallas trimmed mean","3m",1.409629
"2012-09-01","Dallas trimmed mean","3m",1.691158
"2012-10-01","Dallas trimmed mean","3m",1.760249
"2012-11-01","Dallas trimmed mean","3m",1.500579
"2012-12-01","Dallas trimmed mean","3m",1.276681
"2013-01-01","Dallas trimmed mean","3m",1.450079
"2013-02-01","Dallas trimmed mean","3m",1.802269
"2013-03-01","Dallas trimmed mean","3m",1.873311
"2013-04-01","Dallas trimmed mean","3m",1.211867
"2013-05-01","Dallas trimmed mean","3m",0.983871
"2013-06-01","Dallas trimmed mean","3m",1.275886
"2013-07-01","Dallas trimmed mean","3m",1.835707
"2013-08-01","Dallas trimmed mean","3m",1.916793
"2013-09-01","Dallas trimmed mean","3m",1.746219
"2013-10-01","Dallas trimmed mean","3m",1.762708
"2013-11-01","Dallas trimmed mean","3m",1.860137
"2013-12-01","Dallas trimmed mean","3m",1.810363
"2014-01-01","Dallas trimmed mean","3m",1.761266
"2014-02-01","Dallas trimmed mean","3m",1.538405
"2014-03-01","Dallas trimmed mean","3m",1.537393
"2014-04-01","Dallas trimmed mean","3m",1.582642
"2014-05-01","Dallas trimmed mean","3m",1.812157
"2014-06-01","Dallas trimmed mean","3m",1.867958
"2014-07-01","Dallas trimmed mean","3m",1.862537
"2014-08-01","Dallas trimmed mean","3m",1.567645
"2014-09-01","Dallas trimmed mean","3m",1.562701
"2014-10-01","Dallas trimmed mean","3m",1.392147
"2014-11-01","Dallas trimmed mean","3m",1.583089
"2014-12-01","Dallas trimmed mean","3m",1.462399
"2015-01-01","Dallas trimmed mean","3m",1.095866
"2015-02-01","Dallas trimmed mean","3m",1.226475
"2015-03-01","Dallas trimmed mean","3m",1.283932
"2015-04-01","Dallas trimmed mean","3m",1.982704
"2015-05-01","Dallas trimmed mean","3m",1.799094
"2015-06-01","Dallas trimmed mean","3m",1.86874
"2015-07-01","Dallas trimmed mean","3m",1.703365
"2015-08-01","Dallas trimmed mean","3m",1.58003
"2015-09-01","Dallas trimmed mean","3m",1.591811
"2015-10-01","Dallas trimmed mean","3m",1.288946
"2015-11-01","Dallas trimmed mean","3m",1.358322
"2015-12-01","Dallas trimmed mean","3m",1.078279
"2016-01-01","Dallas trimmed mean","3m",1.349489
"2016-02-01","Dallas trimmed mean","3m",1.528731
"2016-03-01","Dallas trimmed mean","3m",1.887197
"2016-04-01","Dallas trimmed mean","3m",2.100976
"2016-05-01","Dallas trimmed mean","3m",2.230842
"2016-06-01","Dallas trimmed mean","3m",2.0781
"2016-07-01","Dallas trimmed mean","3m",1.899653
"2016-08-01","Dallas trimmed mean","3m",1.669982
"2016-09-01","Dallas trimmed mean","3m",1.862666
"2016-10-01","Dallas trimmed mean","3m",1.910902
"2016-11-01","Dallas trimmed mean","3m",1.834998
"2016-12-01","Dallas trimmed mean","3m",1.662514
"2017-01-01","Dallas trimmed mean","3m",1.789136
"2017-02-01","Dallas trimmed mean","3m",1.802236
"2017-03-01","Dallas trimmed mean","3m",1.682502
"2017-04-01","Dallas trimmed mean","3m",1.449748
"2017-05-01","Dallas trimmed mean","3m",1.34936
"2017-06-01","Dallas trimmed mean","3m",1.517528
"2017-07-01","Dallas trimmed mean","3m",1.337536
"2017-08-01","Dallas trimmed mean","3m",1.556896
"2017-09-01","Dallas trimmed mean","3m",1.542657
"2017-10-01","Dallas trimmed mean","3m",1.910734
"2017-11-01","Dallas trimmed mean","3m",1.879357
"2017-12-01","Dallas trimmed mean","3m",1.97894
"2018-01-01","Dallas trimmed mean","3m",2.223467
"2018-02-01","Dallas trimmed mean","3m",2.319931
"2018-03-01","Dallas trimmed mean","3m",2.160685
"2018-04-01","Dallas trimmed mean","3m",1.698733
"2018-05-01","Dallas trimmed mean","3m",1.74334
"2018-06-01","Dallas trimmed mean","3m",1.897411
"2018-07-01","Dallas trimmed mean","3m",1.987992
"2018-08-01","Dallas trimmed mean","3m",1.838425
"2018-09-01","Dallas trimmed mean","3m",1.850104
"2018-10-01","Dallas trimmed mean","3m",1.983118
"2018-11-01","Dallas trimmed mean","3m",2.239768
"2018-12-01","Dallas trimmed mean","3m",2.145759
"2019-01-01","Dallas trimmed mean","3m",1.954372
"2019-02-01","Dallas trimmed mean","3m",2.038456
"2019-03-01","Dallas trimmed mean","3m",2.11617
"2019-04-01","Dallas trimmed mean","3m",2.562633
"2019-05-01","Dallas trimmed mean","3m",2.024776
"2019-06-01","Dallas trimmed mean","3m",1.848816
"2019-07-01","Dallas trimmed mean","3m",1.578464
"2019-08-01","Dallas trimmed mean","3m",1.845945
"2019-09-01","Dallas trimmed mean","3m",1.753547
"2019-10-01","Dallas trimmed mean","3m",1.757052
"2019-11-01","Dallas trimmed mean","3m",1.67698
"2019-12-01","Dallas trimmed mean","3m",1.826352
"2020-01-01","Dallas trimmed mean","3m",1.936605
"2020-02-01","Dallas trimmed mean","3m",2.203597
"2020-03-01","Dallas trimmed mean","3m",2.145008
"2020-04-01","Dallas trimmed mean","3m",1.857283
"2020-05-01","Dallas trimmed mean","3m",1.746123
"2020-06-01","Dallas trimmed mean","3m",1.842712
"2020-07-01","Dallas trimmed mean","3m",2.158755
"2020-08-01","Dallas trimmed mean","3m",2.177081
"2020-09-01","Dallas trimmed mean","3m",1.979948
"2020-10-01","Dallas trimmed mean","3m",1.657401
"2020-11-01","Dallas trimmed mean","3m",1.235762
"2020-12-01","Dallas trimmed mean","3m",1.342252
"2021-01-01","Dallas trimmed mean","3m",1.41379
"2021-02-01","Dallas trimmed mean","3m",1.990915
"2021-03-01","Dallas trimmed mean","3m",2.208414
"2021-04-01","Dallas trimmed mean","3m",2.468251
"2021-05-01","Dallas trimmed mean","3m",2.427308
"2021-06-01","Dallas trimmed mean","3m",2.494362
"2021-07-01","Dallas trimmed mean","3m",2.71871
"2021-08-01","Dallas trimmed mean","3m",2.841262
"2021-09-01","Dallas trimmed mean","3m",3.387333
"2021-10-01","Dallas trimmed mean","3m",3.830332
"2021-11-01","Dallas trimmed mean","3m",4.119125
"2021-12-01","Dallas trimmed mean","3m",4.30801
"2022-01-01","Dallas trimmed mean","3m",4.922438
"2022-02-01","Dallas trimmed mean","3m",5.276592
"2022-03-01","Dallas trimmed mean","3m",4.819883
"2022-04-01","Dallas trimmed mean","3m",3.727253
"2022-05-01","Dallas trimmed mean","3m",3.867455
"2022-06-01","Dallas trimmed mean","3m",5.334724
"2022-07-01","Dallas trimmed mean","3m",5.774249
"2022-08-01","Dallas trimmed mean","3m",5.861021
"2022-09-01","Dallas trimmed mean","3m",4.563321
"2022-10-01","Dallas trimmed mean","3m",4.774855
"2022-11-01","Dallas trimmed mean","3m",4.026294
"2022-12-01","Dallas trimmed mean","3m",4.121164
"2023-01-01","Dallas trimmed mean","3m",4.017828
"2023-02-01","Dallas trimmed mean","3m",4.413209
"2023-03-01","Dallas trimmed mean","3m",4.419018
"2023-04-01","Dallas trimmed mean","3m",4.218026
"2023-05-01","Dallas trimmed mean","3m",4.001937
"2023-06-01","Dallas trimmed mean","3m",3.495853
"2023-07-01","Dallas trimmed mean","3m",3.059906
"2023-08-01","Dallas trimmed mean","3m",2.630049
"2023-09-01","Dallas trimmed mean","3m",2.751359
"2023-10-01","Dallas trimmed mean","3m",2.829663
"2023-11-01","Dallas trimmed mean","3m",2.775978
"2023-12-01","Dallas trimmed mean","3m",2.498809
"2024-01-01","Dallas trimmed mean","3m",3.220043
"2024-02-01","Dallas trimmed mean","3m",3.434676
"2024-03-01","Dallas trimmed mean","3m",3.813946
"2024-04-01","Dallas trimmed mean","3m",2.955622
"2024-05-01","Dallas trimmed mean","3m",2.841302
"2024-06-01","Dallas trimmed mean","3m",2.554454
"2024-07-01","Dallas trimmed mean","3m",2.311211
"2024-08-01","Dallas trimmed mean","3m",2.158875
"2024-09-01","Dallas trimmed mean","3m",2.43171
"2024-10-01","Dallas trimmed mean","3m",2.893783
"2024-11-01","Dallas trimmed mean","3m",3.061957
"2024-12-01","Dallas trimmed mean","3m",3.037026
"2025-01-01","Dallas trimmed mean","3m",2.776118
"2025-02-01","Dallas trimmed mean","3m",2.873166
"2025-03-01","Dallas trimmed mean","3m",2.82332
"2025-04-01","Dallas trimmed mean","3m",3.000189
"2025-05-01","Dallas trimmed mean","3m",2.76443
"2025-06-01","Dallas trimmed mean","3m",2.973726
"2025-07-01","Dallas trimmed mean","3m",2.573627
"2025-08-01","Dallas trimmed mean","3m",2.802906
"2025-09-01","Dallas trimmed mean","3m",2.302911
"2025-10-01","Dallas trimmed mean","3m",2.249175
"2025-11-01","Dallas trimmed mean","3m",1.876557
"2025-12-01","Dallas trimmed mean","3m",2.018719
"2026-01-01","Dallas trimmed mean","3m",2.206111
"2026-02-01","Dallas trimmed mean","3m",2.261849
"2026-03-01","Dallas trimmed mean","3m",2.341792
"2026-04-01","Dallas trimmed mean","3m",2.561575
"2026-05-01","Dallas trimmed mean","3m",2.871212
"2026-06-01","Dallas trimmed mean","3m",2.517986
"2026-07-01","Dallas trimmed mean","3m",2.161854
"2026-08-01","Dallas trimmed mean","3m",1.888854
"1960-02-01","Dallas trimmed mean","12m",1.159095
"1960-03-01","Dallas trimmed mean","12m",1.123852
"1960-04-01","Dallas trimmed mean","12m",1.071689
"1960-05-01","Dallas trimmed mean","12m",1.031241
"1960-06-01","Dallas trimmed mean","12m",0.864747
"1960-07-01","Dallas trimmed mean","12m",0.895616
"1960-08-01","Dallas trimmed mean","12m",0.875051
"1960-09-01","Dallas trimmed mean","12m",0.792717
"1960-10-01","Dallas trimmed mean","12m",0.704029
"1960-11-01","Dallas trimmed mean","12m",0.779377
"1960-12-01","Dallas trimmed mean","12m",0.748782
"1961-01-01","Dallas trimmed mean","12m",0.731433
"1961-02-01","Dallas trimmed mean","12m",0.694938
"1961-03-01","Dallas trimmed mean","12m",0.673219
"1961-04-01","Dallas trimmed mean","12m",0.562199
"1961-05-01","Dallas trimmed mean","12m",0.529659
"1961-06-01","Dallas trimmed mean","12m",0.543953
"1961-07-01","Dallas trimmed mean","12m",0.492524
"1961-08-01","Dallas trimmed mean","12m",0.451194
"1961-09-01","Dallas trimmed mean","12m",0.452916
"1961-10-01","Dallas trimmed mean","12m",0.426197
"1961-11-01","Dallas trimmed mean","12m",0.339752
"1961-12-01","Dallas trimmed mean","12m",0.283429
"1962-01-01","Dallas trimmed mean","12m",0.463842
"1962-02-01","Dallas trimmed mean","12m",0.528971
"1962-03-01","Dallas trimmed mean","12m",0.663655
"1962-04-01","Dallas trimmed mean","12m",0.592288
"1962-05-01","Dallas trimmed mean","12m",0.628574
"1962-06-01","Dallas trimmed mean","12m",0.649113
"1962-07-01","Dallas trimmed mean","12m",0.582898
"1962-08-01","Dallas trimmed mean","12m",0.643096
"1962-09-01","Dallas trimmed mean","12m",0.675327
"1962-10-01","Dallas trimmed mean","12m",0.634075
"1962-11-01","Dallas trimmed mean","12m",0.620391
"1962-12-01","Dallas trimmed mean","12m",0.618121
"1963-01-01","Dallas trimmed mean","12m",0.576757
"1963-02-01","Dallas trimmed mean","12m",0.531809
"1963-03-01","Dallas trimmed mean","12m",0.402464
"1963-04-01","Dallas trimmed mean","12m",0.429423
"1963-05-01","Dallas trimmed mean","12m",0.545979
"1963-06-01","Dallas trimmed mean","12m",0.550654
"1963-07-01","Dallas trimmed mean","12m",0.569539
"1963-08-01","Dallas trimmed mean","12m",0.521641
"1963-09-01","Dallas trimmed mean","12m",0.448357
"1963-10-01","Dallas trimmed mean","12m",0.634946
"1963-11-01","Dallas trimmed mean","12m",0.644875
"1963-12-01","Dallas trimmed mean","12m",0.681887
"1964-01-01","Dallas trimmed mean","12m",0.628827
"1964-02-01","Dallas trimmed mean","12m",0.656205
"1964-03-01","Dallas trimmed mean","12m",0.646095
"1964-04-01","Dallas trimmed mean","12m",0.653756
"1964-05-01","Dallas trimmed mean","12m",0.506728
"1964-06-01","Dallas trimmed mean","12m",0.457734
"1964-07-01","Dallas trimmed mean","12m",0.419438
"1964-08-01","Dallas trimmed mean","12m",0.446601
"1964-09-01","Dallas trimmed mean","12m",0.426435
"1964-10-01","Dallas trimmed mean","12m",0.302207
"1964-11-01","Dallas trimmed mean","12m",0.328332
"1964-12-01","Dallas trimmed mean","12m",0.335884
"1965-01-01","Dallas trimmed mean","12m",0.347381
"1965-02-01","Dallas trimmed mean","12m",0.271693
"1965-03-01","Dallas trimmed mean","12m",0.305266
"1965-04-01","Dallas trimmed mean","12m",0.394303
"1965-05-01","Dallas trimmed mean","12m",0.469077
"1965-06-01","Dallas trimmed mean","12m",0.551871
"1965-07-01","Dallas trimmed mean","12m",0.598971
"1965-08-01","Dallas trimmed mean","12m",0.632912
"1965-09-01","Dallas trimmed mean","12m",0.724233
"1965-10-01","Dallas trimmed mean","12m",0.785265
"1965-11-01","Dallas trimmed mean","12m",0.852768
"1965-12-01","Dallas trimmed mean","12m",0.982103
"1966-01-01","Dallas trimmed mean","12m",1.03314
"1966-02-01","Dallas trimmed mean","12m",1.211914
"1966-03-01","Dallas trimmed mean","12m",1.287587
"1966-04-01","Dallas trimmed mean","12m",1.463049
"1966-05-01","Dallas trimmed mean","12m",1.487272
"1966-06-01","Dallas trimmed mean","12m",1.552493
"1966-07-01","Dallas trimmed mean","12m",1.664923
"1966-08-01","Dallas trimmed mean","12m",1.709819
"1966-09-01","Dallas trimmed mean","12m",1.886973
"1966-10-01","Dallas trimmed mean","12m",2.095502
"1966-11-01","Dallas trimmed mean","12m",2.097563
"1966-12-01","Dallas trimmed mean","12m",2.070488
"1967-01-01","Dallas trimmed mean","12m",2.07697
"1967-02-01","Dallas trimmed mean","12m",2.095769
"1967-03-01","Dallas trimmed mean","12m",2.056255
"1967-04-01","Dallas trimmed mean","12m",1.912873
"1967-05-01","Dallas trimmed mean","12m",1.917482
"1967-06-01","Dallas trimmed mean","12m",1.989957
"1967-07-01","Dallas trimmed mean","12m",2.028349
"1967-08-01","Dallas trimmed mean","12m",2.086438
"1967-09-01","Dallas trimmed mean","12m",2.149749
"1967-10-01","Dallas trimmed mean","12m",2.130864
"1967-11-01","Dallas trimmed mean","12m",2.23012
"1967-12-01","Dallas trimmed mean","12m",2.283136
"1968-01-01","Dallas trimmed mean","12m",2.467177
"1968-02-01","Dallas trimmed mean","12m",2.574432
"1968-03-01","Dallas trimmed mean","12m",2.718817
"1968-04-01","Dallas trimmed mean","12m",2.887811
"1968-05-01","Dallas trimmed mean","12m",3.127877
"1968-06-01","Dallas trimmed mean","12m",3.186751
"1968-07-01","Dallas trimmed mean","12m",3.196123
"1968-08-01","Dallas trimmed mean","12m",3.375983
"1968-09-01","Dallas trimmed mean","12m",3.395126
"1968-10-01","Dallas trimmed mean","12m",3.487775
"1968-11-01","Dallas trimmed mean","12m",3.591199
"1968-12-01","Dallas trimmed mean","12m",3.697586
"1969-01-01","Dallas trimmed mean","12m",3.662934
"1969-02-01","Dallas trimmed mean","12m",3.571121
"1969-03-01","Dallas trimmed mean","12m",3.740809
"1969-04-01","Dallas trimmed mean","12m",3.807568
"1969-05-01","Dallas trimmed mean","12m",3.791496
"1969-06-01","Dallas trimmed mean","12m",3.854056
"1969-07-01","Dallas trimmed mean","12m",4.069629
"1969-08-01","Dallas trimmed mean","12m",3.925335
"1969-09-01","Dallas trimmed mean","12m",3.947061
"1969-10-01","Dallas trimmed mean","12m",3.934151
"1969-11-01","Dallas trimmed mean","12m",3.982585
"1969-12-01","Dallas trimmed mean","12m",4.04879
"1970-01-01","Dallas trimmed mean","12m",4.05298
"1970-02-01","Dallas trimmed mean","12m",4.193579
"1970-03-01","Dallas trimmed mean","12m",4.196388
"1970-04-01","Dallas trimmed mean","12m",4.212437
"1970-05-01","Dallas trimmed mean","12m",4.133469
"1970-06-01","Dallas trimmed mean","12m",4.063136
"1970-07-01","Dallas trimmed mean","12m",3.983768
"1970-08-01","Dallas trimmed mean","12m",4.073723
"1970-09-01","Dallas trimmed mean","12m",4.086477
"1970-10-01","Dallas trimmed mean","12m",4.141208
"1970-11-01","Dallas trimmed mean","12m",4.134817
"1970-12-01","Dallas trimmed mean","12m",4.240323
"1971-01-01","Dallas trimmed mean","12m",4.232643
"1971-02-01","Dallas trimmed mean","12m",4.107229
"1971-03-01","Dallas trimmed mean","12m",3.949267
"1971-04-01","Dallas trimmed mean","12m",3.869807
"1971-05-01","Dallas trimmed mean","12m",3.987948
"1971-06-01","Dallas trimmed mean","12m",4.081852
"1971-07-01","Dallas trimmed mean","12m",4.008788
"1971-08-01","Dallas trimmed mean","12m",4.010585
"1971-09-01","Dallas trimmed mean","12m",3.864026
"1971-10-01","Dallas trimmed mean","12m",3.544199
"1971-11-01","Dallas trimmed mean","12m",3.328406
"1971-12-01","Dallas trimmed mean","12m",3.11461
"1972-01-01","Dallas trimmed mean","12m",3.086277
"1972-02-01","Dallas trimmed mean","12m",3.125585
"1972-03-01","Dallas trimmed mean","12m",3.146099
"1972-04-01","Dallas trimmed mean","12m",2.957592
"1972-05-01","Dallas trimmed mean","12m",2.74261
"1972-06-01","Dallas trimmed mean","12m",2.533823
"1972-07-01","Dallas trimmed mean","12m",2.517487
"1972-08-01","Dallas trimmed mean","12m",2.43843
"1972-09-01","Dallas trimmed mean","12m",2.493317
"1972-10-01","Dallas trimmed mean","12m",2.577213
"1972-11-01","Dallas trimmed mean","12m",2.681478
"1972-12-01","Dallas trimmed mean","12m",2.71139
"1973-01-01","Dallas trimmed mean","12m",2.644296
"1973-02-01","Dallas trimmed mean","12m",2.727304
"1973-03-01","Dallas trimmed mean","12m",2.86152
"1973-04-01","Dallas trimmed mean","12m",3.260259
"1973-05-01","Dallas trimmed mean","12m",3.470063
"1973-06-01","Dallas trimmed mean","12m",3.617666
"1973-07-01","Dallas trimmed mean","12m",3.551144
"1973-08-01","Dallas trimmed mean","12m",3.734054
"1973-09-01","Dallas trimmed mean","12m",3.742227
"1973-10-01","Dallas trimmed mean","12m",3.969026
"1973-11-01","Dallas trimmed mean","12m",4.123488
"1973-12-01","Dallas trimmed mean","12m",4.33741
"1974-01-01","Dallas trimmed mean","12m",4.589897
"1974-02-01","Dallas trimmed mean","12m",4.847359
"1974-03-01","Dallas trimmed mean","12m",5.162019
"1974-04-01","Dallas trimmed mean","12m",5.244549
"1974-05-01","Dallas trimmed mean","12m",5.677667
"1974-06-01","Dallas trimmed mean","12m",6.147294
"1974-07-01","Dallas trimmed mean","12m",6.597045
"1974-08-01","Dallas trimmed mean","12m",7.049209
"1974-09-01","Dallas trimmed mean","12m",7.540688
"1974-10-01","Dallas trimmed mean","12m",7.874143
"1974-11-01","Dallas trimmed mean","12m",8.064422
"1974-12-01","Dallas trimmed mean","12m",8.187343
"1975-01-01","Dallas trimmed mean","12m",8.349579
"1975-02-01","Dallas trimmed mean","12m",8.264979
"1975-03-01","Dallas trimmed mean","12m",7.903427
"1975-04-01","Dallas trimmed mean","12m",7.716601
"1975-05-01","Dallas trimmed mean","12m",7.230171
"1975-06-01","Dallas trimmed mean","12m",6.844725
"1975-07-01","Dallas trimmed mean","12m",6.697719
"1975-08-01","Dallas trimmed mean","12m",6.236633
"1975-09-01","Dallas trimmed mean","12m",5.98957
"1975-10-01","Dallas trimmed mean","12m",5.901957
"1975-11-01","Dallas trimmed mean","12m",5.793923
"1975-12-01","Dallas trimmed mean","12m",5.636066
"1976-01-01","Dallas trimmed mean","12m",5.443183
"1976-02-01","Dallas trimmed mean","12m",5.312548
"1976-03-01","Dallas trimmed mean","12m",5.308359
"1976-04-01","Dallas trimmed mean","12m",5.191324
"1976-05-01","Dallas trimmed mean","12m",5.333687
"1976-06-01","Dallas trimmed mean","12m",5.352008
"1976-07-01","Dallas trimmed mean","12m",5.288628
"1976-08-01","Dallas trimmed mean","12m",5.413026
"1976-09-01","Dallas trimmed mean","12m",5.351318
"1976-10-01","Dallas trimmed mean","12m",5.229658
"1976-11-01","Dallas trimmed mean","12m",5.202732
"1976-12-01","Dallas trimmed mean","12m",5.141436
"1977-01-01","Dallas trimmed mean","12m",5.273825
"1977-02-01","Dallas trimmed mean","12m",5.48589
"1977-03-01","Dallas trimmed mean","12m",5.70977
"1977-04-01","Dallas trimmed mean","12m",5.819939
"1977-05-01","Dallas trimmed mean","12m",5.843146
"1977-06-01","Dallas trimmed mean","12m",5.943553
"1977-07-01","Dallas trimmed mean","12m",5.98594
"1977-08-01","Dallas trimmed mean","12m",5.96124
"1977-09-01","Dallas trimmed mean","12m",5.896734
"1977-10-01","Dallas trimmed mean","12m",5.763653
"1977-11-01","Dallas trimmed mean","12m",5.857155
"1977-12-01","Dallas trimmed mean","12m",5.9242
"1978-01-01","Dallas trimmed mean","12m",5.749288
"1978-02-01","Dallas trimmed mean","12m",5.614092
"1978-03-01","Dallas trimmed mean","12m",5.580232
"1978-04-01","Dallas trimmed mean","12m",5.73
"1978-05-01","Dallas trimmed mean","12m",5.896049
"1978-06-01","Dallas trimmed mean","12m",5.914154
"1978-07-01","Dallas trimmed mean","12m",5.987916
"1978-08-01","Dallas trimmed mean","12m",6.051194
"1978-09-01","Dallas trimmed mean","12m",6.215083
"1978-10-01","Dallas trimmed mean","12m",6.559106
"1978-11-01","Dallas trimmed mean","12m",6.665716
"1978-12-01","Dallas trimmed mean","12m",6.709194
"1979-01-01","Dallas trimmed mean","12m",7.02583
"1979-02-01","Dallas trimmed mean","12m",7.213198
"1979-03-01","Dallas trimmed mean","12m",7.245438
"1979-04-01","Dallas trimmed mean","12m",7.239045
"1979-05-01","Dallas trimmed mean","12m",7.354707
"1979-06-01","Dallas trimmed mean","12m",7.400023
"1979-07-01","Dallas trimmed mean","12m",7.508657
"1979-08-01","Dallas trimmed mean","12m",7.686665
"1979-09-01","Dallas trimmed mean","12m",7.799842
"1979-10-01","Dallas trimmed mean","12m",7.906545
"1979-11-01","Dallas trimmed mean","12m",7.877188
"1979-12-01","Dallas trimmed mean","12m",8.030615
"1980-01-01","Dallas trimmed mean","12m",8.162819
"1980-02-01","Dallas trimmed mean","12m",8.363688
"1980-03-01","Dallas trimmed mean","12m",8.597561
"1980-04-01","Dallas trimmed mean","12m",8.56071
"1980-05-01","Dallas trimmed mean","12m",8.536043
"1980-06-01","Dallas trimmed mean","12m",8.690755
"1980-07-01","Dallas trimmed mean","12m",8.591881
"1980-08-01","Dallas trimmed mean","12m",8.561321
"1980-09-01","Dallas trimmed mean","12m",8.669903
"1980-10-01","Dallas trimmed mean","12m",8.567495
"1980-11-01","Dallas trimmed mean","12m",8.640403
"1980-12-01","Dallas trimmed mean","12m",8.661951
"1981-01-01","Dallas trimmed mean","12m",8.607459
"1981-02-01","Dallas trimmed mean","12m",8.588251
"1981-03-01","Dallas trimmed mean","12m",8.403414
"1981-04-01","Dallas trimmed mean","12m",8.505032
"1981-05-01","Dallas trimmed mean","12m",8.316969
"1981-06-01","Dallas trimmed mean","12m",8.071397
"1981-07-01","Dallas trimmed mean","12m",8.099415
"1981-08-01","Dallas trimmed mean","12m",8.027888
"1981-09-01","Dallas trimmed mean","12m",7.840753
"1981-10-01","Dallas trimmed mean","12m",7.642468
"1981-11-01","Dallas trimmed mean","12m",7.452708
"1981-12-01","Dallas trimmed mean","12m",7.181049
"1982-01-01","Dallas trimmed mean","12m",6.869861
"1982-02-01","Dallas trimmed mean","12m",6.440309
"1982-03-01","Dallas trimmed mean","12m",6.277526
"1982-04-01","Dallas trimmed mean","12m",5.945861
"1982-05-01","Dallas trimmed mean","12m",5.888077
"1982-06-01","Dallas trimmed mean","12m",5.854506
"1982-07-01","Dallas trimmed mean","12m",5.881571
"1982-08-01","Dallas trimmed mean","12m",5.599916
"1982-09-01","Dallas trimmed mean","12m",5.25545
"1982-10-01","Dallas trimmed mean","12m",5.188825
"1982-11-01","Dallas trimmed mean","12m",4.910512
"1982-12-01","Dallas trimmed mean","12m",4.729837
"1983-01-01","Dallas trimmed mean","12m",4.753223
"1983-02-01","Dallas trimmed mean","12m",4.683095
"1983-03-01","Dallas trimmed mean","12m",4.443907
"1983-04-01","Dallas trimmed mean","12m",4.567544
"1983-05-01","Dallas trimmed mean","12m",4.331713
"1983-06-01","Dallas trimmed mean","12m",4.157276
"1983-07-01","Dallas trimmed mean","12m",3.879708
"1983-08-01","Dallas trimmed mean","12m",3.791058
"1983-09-01","Dallas trimmed mean","12m",3.86178
"1983-10-01","Dallas trimmed mean","12m",3.630224
"1983-11-01","Dallas trimmed mean","12m",3.739358
"1983-12-01","Dallas trimmed mean","12m",3.714726
"1984-01-01","Dallas trimmed mean","12m",3.648189
"1984-02-01","Dallas trimmed mean","12m",3.703897
"1984-03-01","Dallas trimmed mean","12m",3.856826
"1984-04-01","Dallas trimmed mean","12m",3.840159
"1984-05-01","Dallas trimmed mean","12m",3.764296
"1984-06-01","Dallas trimmed mean","12m",3.787435
"1984-07-01","Dallas trimmed mean","12m",3.878772
"1984-08-01","Dallas trimmed mean","12m",3.953342
"1984-09-01","Dallas trimmed mean","12m",3.939228
"1984-10-01","Dallas trimmed mean","12m",4.004632
"1984-11-01","Dallas trimmed mean","12m",3.837006
"1984-12-01","Dallas trimmed mean","12m",3.94961
"1985-01-01","Dallas trimmed mean","12m",3.803492
"1985-02-01","Dallas trimmed mean","12m",3.887171
"1985-03-01","Dallas trimmed mean","12m",3.88048
"1985-04-01","Dallas trimmed mean","12m",3.695348
"1985-05-01","Dallas trimmed mean","12m",3.766922
"1985-06-01","Dallas trimmed mean","12m",3.816681
"1985-07-01","Dallas trimmed mean","12m",3.612165
"1985-08-01","Dallas trimmed mean","12m",3.585788
"1985-09-01","Dallas trimmed mean","12m",3.547996
"1985-10-01","Dallas trimmed mean","12m",3.495205
"1985-11-01","Dallas trimmed mean","12m",3.624921
"1985-12-01","Dallas trimmed mean","12m",3.631749
"1986-01-01","Dallas trimmed mean","12m",3.747283
"1986-02-01","Dallas trimmed mean","12m",3.51372
"1986-03-01","Dallas trimmed mean","12m",3.332959
"1986-04-01","Dallas trimmed mean","12m",3.389835
"1986-05-01","Dallas trimmed mean","12m",3.316667
"1986-06-01","Dallas trimmed mean","12m",3.310891
"1986-07-01","Dallas trimmed mean","12m",3.34143
"1986-08-01","Dallas trimmed mean","12m",3.272057
"1986-09-01","Dallas trimmed mean","12m",3.305345
"1986-10-01","Dallas trimmed mean","12m",3.383564
"1986-11-01","Dallas trimmed mean","12m",3.33238
"1986-12-01","Dallas trimmed mean","12m",3.266822
"1987-01-01","Dallas trimmed mean","12m",3.292555
"1987-02-01","Dallas trimmed mean","12m",3.325509
"1987-03-01","Dallas trimmed mean","12m",3.508341
"1987-04-01","Dallas trimmed mean","12m",3.658117
"1987-05-01","Dallas trimmed mean","12m",3.752124
"1987-06-01","Dallas trimmed mean","12m",3.684545
"1987-07-01","Dallas trimmed mean","12m",3.666354
"1987-08-01","Dallas trimmed mean","12m",3.794856
"1987-09-01","Dallas trimmed mean","12m",3.767373
"1987-10-01","Dallas trimmed mean","12m",3.778842
"1987-11-01","Dallas trimmed mean","12m",3.771421
"1987-12-01","Dallas trimmed mean","12m",3.679344
"1988-01-01","Dallas trimmed mean","12m",3.65501
"1988-02-01","Dallas trimmed mean","12m",3.634295
"1988-03-01","Dallas trimmed mean","12m",3.610548
"1988-04-01","Dallas trimmed mean","12m",3.568419
"1988-05-01","Dallas trimmed mean","12m",3.550528
"1988-06-01","Dallas trimmed mean","12m",3.659359
"1988-07-01","Dallas trimmed mean","12m",3.853008
"1988-08-01","Dallas trimmed mean","12m",3.811011
"1988-09-01","Dallas trimmed mean","12m",3.967337
"1988-10-01","Dallas trimmed mean","12m",3.924093
"1988-11-01","Dallas trimmed mean","12m",3.969255
"1988-12-01","Dallas trimmed mean","12m",4.10625
"1989-01-01","Dallas trimmed mean","12m",4.165285
"1989-02-01","Dallas trimmed mean","12m",4.259686
"1989-03-01","Dallas trimmed mean","12m",4.261507
"1989-04-01","Dallas trimmed mean","12m",4.260287
"1989-05-01","Dallas trimmed mean","12m",4.344102
"1989-06-01","Dallas trimmed mean","12m",4.232366
"1989-07-01","Dallas trimmed mean","12m",4.145161
"1989-08-01","Dallas trimmed mean","12m",4.065805
"1989-09-01","Dallas trimmed mean","12m",3.911973
"1989-10-01","Dallas trimmed mean","12m",4.056985
"1989-11-01","Dallas trimmed mean","12m",4.040423
"1989-12-01","Dallas trimmed mean","12m",4.063959
"1990-01-01","Dallas trimmed mean","12m",3.956089
"1990-02-01","Dallas trimmed mean","12m",3.924008
"1990-03-01","Dallas trimmed mean","12m",4.07313
"1990-04-01","Dallas trimmed mean","12m",4.029307
"1990-05-01","Dallas trimmed mean","12m",3.93499
"1990-06-01","Dallas trimmed mean","12m",4.076375
"1990-07-01","Dallas trimmed mean","12m",4.094136
"1990-08-01","Dallas trimmed mean","12m",4.271342
"1990-09-01","Dallas trimmed mean","12m",4.262288
"1990-10-01","Dallas trimmed mean","12m",4.145923
"1990-11-01","Dallas trimmed mean","12m",4.018961
"1990-12-01","Dallas trimmed mean","12m",3.974742
"1991-01-01","Dallas trimmed mean","12m",3.975909
"1991-02-01","Dallas trimmed mean","12m",3.879931
"1991-03-01","Dallas trimmed mean","12m",3.578959
"1991-04-01","Dallas trimmed mean","12m",3.494545
"1991-05-01","Dallas trimmed mean","12m",3.576631
"1991-06-01","Dallas trimmed mean","12m",3.350998
"1991-07-01","Dallas trimmed mean","12m",3.218235
"1991-08-01","Dallas trimmed mean","12m",3.022951
"1991-09-01","Dallas trimmed mean","12m",3.005772
"1991-10-01","Dallas trimmed mean","12m",2.936369
"1991-11-01","Dallas trimmed mean","12m",3.075786
"1991-12-01","Dallas trimmed mean","12m",3.107407
"1992-01-01","Dallas trimmed mean","12m",2.986044
"1992-02-01","Dallas trimmed mean","12m",3.002939
"1992-03-01","Dallas trimmed mean","12m",3.090966
"1992-04-01","Dallas trimmed mean","12m",3.024193
"1992-05-01","Dallas trimmed mean","12m",2.903641
"1992-06-01","Dallas trimmed mean","12m",2.900172
"1992-07-01","Dallas trimmed mean","12m",2.907088
"1992-08-01","Dallas trimmed mean","12m",2.84165
"1992-09-01","Dallas trimmed mean","12m",2.705339
"1992-10-01","Dallas trimmed mean","12m",2.737576
"1992-11-01","Dallas trimmed mean","12m",2.706118
"1992-12-01","Dallas trimmed mean","12m",2.596019
"1993-01-01","Dallas trimmed mean","12m",2.595839
"1993-02-01","Dallas trimmed mean","12m",2.588123
"1993-03-01","Dallas trimmed mean","12m",2.521115
"1993-04-01","Dallas trimmed mean","12m",2.60511
"1993-05-01","Dallas trimmed mean","12m",2.656425
"1993-06-01","Dallas trimmed mean","12m",2.624681
"1993-07-01","Dallas trimmed mean","12m",2.597067
"1993-08-01","Dallas trimmed mean","12m",2.58316
"1993-09-01","Dallas trimmed mean","12m",2.612069
"1993-10-01","Dallas trimmed mean","12m",2.558189
"1993-11-01","Dallas trimmed mean","12m",2.491173
"1993-12-01","Dallas trimmed mean","12m",2.456966
"1994-01-01","Dallas trimmed mean","12m",2.418285
"1994-02-01","Dallas trimmed mean","12m",2.419454
"1994-03-01","Dallas trimmed mean","12m",2.466725
"1994-04-01","Dallas trimmed mean","12m",2.36726
"1994-05-01","Dallas trimmed mean","12m",2.331079
"1994-06-01","Dallas trimmed mean","12m",2.381254
"1994-07-01","Dallas trimmed mean","12m",2.39248
"1994-08-01","Dallas trimmed mean","12m",2.374827
"1994-09-01","Dallas trimmed mean","12m",2.350984
"1994-10-01","Dallas trimmed mean","12m",2.3017
"1994-11-01","Dallas trimmed mean","12m",2.315015
"1994-12-01","Dallas trimmed mean","12m",2.277196
"1995-01-01","Dallas trimmed mean","12m",2.380546
"1995-02-01","Dallas trimmed mean","12m",2.309093
"1995-03-01","Dallas trimmed mean","12m",2.266658
"1995-04-01","Dallas trimmed mean","12m",2.318332
"1995-05-01","Dallas trimmed mean","12m",2.263369
"1995-06-01","Dallas trimmed mean","12m",2.203167
"1995-07-01","Dallas trimmed mean","12m",2.163634
"1995-08-01","Dallas trimmed mean","12m",2.213946
"1995-09-01","Dallas trimmed mean","12m",2.239985
"1995-10-01","Dallas trimmed mean","12m",2.326497
"1995-11-01","Dallas trimmed mean","12m",2.29784
"1995-12-01","Dallas trimmed mean","12m",2.347785
"1996-01-01","Dallas trimmed mean","12m",2.273848
"1996-02-01","Dallas trimmed mean","12m",2.281953
"1996-03-01","Dallas trimmed mean","12m",2.289773
"1996-04-01","Dallas trimmed mean","12m",2.240516
"1996-05-01","Dallas trimmed mean","12m",2.267189
"1996-06-01","Dallas trimmed mean","12m",2.304387
"1996-07-01","Dallas trimmed mean","12m",2.335321
"1996-08-01","Dallas trimmed mean","12m",2.330933
"1996-09-01","Dallas trimmed mean","12m",2.376769
"1996-10-01","Dallas trimmed mean","12m",2.345563
"1996-11-01","Dallas trimmed mean","12m",2.385242
"1996-12-01","Dallas trimmed mean","12m",2.363176
"1997-01-01","Dallas trimmed mean","12m",2.334177
"1997-02-01","Dallas trimmed mean","12m",2.333108
"1997-03-01","Dallas trimmed mean","12m",2.292198
"1997-04-01","Dallas trimmed mean","12m",2.305544
"1997-05-01","Dallas trimmed mean","12m",2.231049
"1997-06-01","Dallas trimmed mean","12m",2.221043
"1997-07-01","Dallas trimmed mean","12m",2.131371
"1997-08-01","Dallas trimmed mean","12m",2.064904
"1997-09-01","Dallas trimmed mean","12m",2.051805
"1997-10-01","Dallas trimmed mean","12m",1.896181
"1997-11-01","Dallas trimmed mean","12m",1.810685
"1997-12-01","Dallas trimmed mean","12m",1.743702
"1998-01-01","Dallas trimmed mean","12m",1.669569
"1998-02-01","Dallas trimmed mean","12m",1.617658
"1998-03-01","Dallas trimmed mean","12m",1.650969
"1998-04-01","Dallas trimmed mean","12m",1.625136
"1998-05-01","Dallas trimmed mean","12m",1.688761
"1998-06-01","Dallas trimmed mean","12m",1.620903
"1998-07-01","Dallas trimmed mean","12m",1.671558
"1998-08-01","Dallas trimmed mean","12m",1.715245
"1998-09-01","Dallas trimmed mean","12m",1.673538
"1998-10-01","Dallas trimmed mean","12m",1.759875
"1998-11-01","Dallas trimmed mean","12m",1.775573
"1998-12-01","Dallas trimmed mean","12m",1.804847
"1999-01-01","Dallas trimmed mean","12m",1.842884
"1999-02-01","Dallas trimmed mean","12m",1.797971
"1999-03-01","Dallas trimmed mean","12m",1.72006
"1999-04-01","Dallas trimmed mean","12m",1.769246
"1999-05-01","Dallas trimmed mean","12m",1.730025
"1999-06-01","Dallas trimmed mean","12m",1.747687
"1999-07-01","Dallas trimmed mean","12m",1.78408
"1999-08-01","Dallas trimmed mean","12m",1.745809
"1999-09-01","Dallas trimmed mean","12m",1.780545
"1999-10-01","Dallas trimmed mean","12m",1.775509
"1999-11-01","Dallas trimmed mean","12m",1.816258
"1999-12-01","Dallas trimmed mean","12m",1.837214
"2000-01-01","Dallas trimmed mean","12m",1.967858
"2000-02-01","Dallas trimmed mean","12m",2.09238
"2000-03-01","Dallas trimmed mean","12m",2.202118
"2000-04-01","Dallas trimmed mean","12m",2.143024
"2000-05-01","Dallas trimmed mean","12m",2.178157
"2000-06-01","Dallas trimmed mean","12m",2.230455
"2000-07-01","Dallas trimmed mean","12m",2.275163
"2000-08-01","Dallas trimmed mean","12m",2.300176
"2000-09-01","Dallas trimmed mean","12m",2.363987
"2000-10-01","Dallas trimmed mean","12m",2.413957
"2000-11-01","Dallas trimmed mean","12m",2.4292
"2000-12-01","Dallas trimmed mean","12m",2.471561
"2001-01-01","Dallas trimmed mean","12m",2.471815
"2001-02-01","Dallas trimmed mean","12m",2.503928
"2001-03-01","Dallas trimmed mean","12m",2.481585
"2001-04-01","Dallas trimmed mean","12m",2.590661
"2001-05-01","Dallas trimmed mean","12m",2.585369
"2001-06-01","Dallas trimmed mean","12m",2.670418
"2001-07-01","Dallas trimmed mean","12m",2.618264
"2001-08-01","Dallas trimmed mean","12m",2.665813
"2001-09-01","Dallas trimmed mean","12m",2.573399
"2001-10-01","Dallas trimmed mean","12m",2.547176
"2001-11-01","Dallas trimmed mean","12m",2.530948
"2001-12-01","Dallas trimmed mean","12m",2.455069
"2002-01-01","Dallas trimmed mean","12m",2.322976
"2002-02-01","Dallas trimmed mean","12m",2.293336
"2002-03-01","Dallas trimmed mean","12m",2.278841
"2002-04-01","Dallas trimmed mean","12m",2.220088
"2002-05-01","Dallas trimmed mean","12m",2.184659
"2002-06-01","Dallas trimmed mean","12m",2.087935
"2002-07-01","Dallas trimmed mean","12m",2.110791
"2002-08-01","Dallas trimmed mean","12m",2.078394
"2002-09-01","Dallas trimmed mean","12m",2.13614
"2002-10-01","Dallas trimmed mean","12m",2.143324
"2002-11-01","Dallas trimmed mean","12m",2.124038
"2002-12-01","Dallas trimmed mean","12m",2.166362
"2003-01-01","Dallas trimmed mean","12m",2.178336
"2003-02-01","Dallas trimmed mean","12m",2.13347
"2003-03-01","Dallas trimmed mean","12m",2.124472
"2003-04-01","Dallas trimmed mean","12m",1.99443
"2003-05-01","Dallas trimmed mean","12m",1.983296
"2003-06-01","Dallas trimmed mean","12m",1.915364
"2003-07-01","Dallas trimmed mean","12m",1.943638
"2003-08-01","Dallas trimmed mean","12m",1.95424
"2003-09-01","Dallas trimmed mean","12m",1.88738
"2003-10-01","Dallas trimmed mean","12m",1.880872
"2003-11-01","Dallas trimmed mean","12m",1.866128
"2003-12-01","Dallas trimmed mean","12m",1.833971
"2004-01-01","Dallas trimmed mean","12m",1.898623
"2004-02-01","Dallas trimmed mean","12m",1.966135
"2004-03-01","Dallas trimmed mean","12m",1.96524
"2004-04-01","Dallas trimmed mean","12m",2.171871
"2004-05-01","Dallas trimmed mean","12m",2.253166
"2004-06-01","Dallas trimmed mean","12m",2.369135
"2004-07-01","Dallas trimmed mean","12m",2.305724
"2004-08-01","Dallas trimmed mean","12m",2.270915
"2004-09-01","Dallas trimmed mean","12m",2.264861
"2004-10-01","Dallas trimmed mean","12m",2.272756
"2004-11-01","Dallas trimmed mean","12m",2.30841
"2004-12-01","Dallas trimmed mean","12m",2.335523
"2005-01-01","Dallas trimmed mean","12m",2.402322
"2005-02-01","Dallas trimmed mean","12m",2.422683
"2005-03-01","Dallas trimmed mean","12m",2.417321
"2005-04-01","Dallas trimmed mean","12m",2.326488
"2005-05-01","Dallas trimmed mean","12m",2.287726
"2005-06-01","Dallas trimmed mean","12m",2.224885
"2005-07-01","Dallas trimmed mean","12m",2.274582
"2005-08-01","Dallas trimmed mean","12m",2.28238
"2005-09-01","Dallas trimmed mean","12m",2.409231
"2005-10-01","Dallas trimmed mean","12m",2.462748
"2005-11-01","Dallas trimmed mean","12m",2.494986
"2005-12-01","Dallas trimmed mean","12m",2.469198
"2006-01-01","Dallas trimmed mean","12m",2.428356
"2006-02-01","Dallas trimmed mean","12m",2.362557
"2006-03-01","Dallas trimmed mean","12m",2.426548
"2006-04-01","Dallas trimmed mean","12m",2.503618
"2006-05-01","Dallas trimmed mean","12m",2.642451
"2006-06-01","Dallas trimmed mean","12m",2.803118
"2006-07-01","Dallas trimmed mean","12m",2.830211
"2006-08-01","Dallas trimmed mean","12m",2.910794
"2006-09-01","Dallas trimmed mean","12m",2.825452
"2006-10-01","Dallas trimmed mean","12m",2.768682
"2006-11-01","Dallas trimmed mean","12m",2.635088
"2006-12-01","Dallas trimmed mean","12m",2.744498
"2007-01-01","Dallas trimmed mean","12m",2.774521
"2007-02-01","Dallas trimmed mean","12m",2.887337
"2007-03-01","Dallas trimmed mean","12m",2.821857
"2007-04-01","Dallas trimmed mean","12m",2.737211
"2007-05-01","Dallas trimmed mean","12m",2.581705
"2007-06-01","Dallas trimmed mean","12m",2.476408
"2007-07-01","Dallas trimmed mean","12m",2.393228
"2007-08-01","Dallas trimmed mean","12m",2.334287
"2007-09-01","Dallas trimmed mean","12m",2.412557
"2007-10-01","Dallas trimmed mean","12m",2.492122
"2007-11-01","Dallas trimmed mean","12m",2.6851
"2007-12-01","Dallas trimmed mean","12m",2.65617
"2008-01-01","Dallas trimmed mean","12m",2.59015
"2008-02-01","Dallas trimmed mean","12m",2.472564
"2008-03-01","Dallas trimmed mean","12m",2.502611
"2008-04-01","Dallas trimmed mean","12m",2.531773
"2008-05-01","Dallas trimmed mean","12m",2.556709
"2008-06-01","Dallas trimmed mean","12m",2.616056
"2008-07-01","Dallas trimmed mean","12m",2.727244
"2008-08-01","Dallas trimmed mean","12m",2.690088
"2008-09-01","Dallas trimmed mean","12m",2.599257
"2008-10-01","Dallas trimmed mean","12m",2.482431
"2008-11-01","Dallas trimmed mean","12m",2.391206
"2008-12-01","Dallas trimmed mean","12m",2.249391
"2009-01-01","Dallas trimmed mean","12m",2.286805
"2009-02-01","Dallas trimmed mean","12m",2.282866
"2009-03-01","Dallas trimmed mean","12m",2.221788
"2009-04-01","Dallas trimmed mean","12m",2.147302
"2009-05-01","Dallas trimmed mean","12m",2.08517
"2009-06-01","Dallas trimmed mean","12m",1.951654
"2009-07-01","Dallas trimmed mean","12m",1.687883
"2009-08-01","Dallas trimmed mean","12m",1.675493
"2009-09-01","Dallas trimmed mean","12m",1.549999
"2009-10-01","Dallas trimmed mean","12m",1.566135
"2009-11-01","Dallas trimmed mean","12m",1.444773
"2009-12-01","Dallas trimmed mean","12m",1.438636
"2010-01-01","Dallas trimmed mean","12m",1.253574
"2010-02-01","Dallas trimmed mean","12m",1.13759
"2010-03-01","Dallas trimmed mean","12m",1.0499
"2010-04-01","Dallas trimmed mean","12m",0.99371
"2010-05-01","Dallas trimmed mean","12m",0.929
"2010-06-01","Dallas trimmed mean","12m",0.868321
"2010-07-01","Dallas trimmed mean","12m",0.913048
"2010-08-01","Dallas trimmed mean","12m",0.907732
"2010-09-01","Dallas trimmed mean","12m",0.958895
"2010-10-01","Dallas trimmed mean","12m",0.85287
"2010-11-01","Dallas trimmed mean","12m",0.896968
"2010-12-01","Dallas trimmed mean","12m",0.925954
"2011-01-01","Dallas trimmed mean","12m",1.043189
"2011-02-01","Dallas trimmed mean","12m",1.200855
"2011-03-01","Dallas trimmed mean","12m",1.333542
"2011-04-01","Dallas trimmed mean","12m",1.460472
"2011-05-01","Dallas trimmed mean","12m",1.591931
"2011-06-01","Dallas trimmed mean","12m",1.647831
"2011-07-01","Dallas trimmed mean","12m",1.728337
"2011-08-01","Dallas trimmed mean","12m",1.817355
"2011-09-01","Dallas trimmed mean","12m",1.87074
"2011-10-01","Dallas trimmed mean","12m",1.962264
"2011-11-01","Dallas trimmed mean","12m",2.017082
"2011-12-01","Dallas trimmed mean","12m",2.098247
"2012-01-01","Dallas trimmed mean","12m",2.124386
"2012-02-01","Dallas trimmed mean","12m",2.053837
"2012-03-01","Dallas trimmed mean","12m",2.034228
"2012-04-01","Dallas trimmed mean","12m",1.992755
"2012-05-01","Dallas trimmed mean","12m",1.941451
"2012-06-01","Dallas trimmed mean","12m",1.904322
"2012-07-01","Dallas trimmed mean","12m",1.873555
"2012-08-01","Dallas trimmed mean","12m",1.819551
"2012-09-01","Dallas trimmed mean","12m",1.816571
"2012-10-01","Dallas trimmed mean","12m",1.793579
"2012-11-01","Dallas trimmed mean","12m",1.712496
"2012-12-01","Dallas trimmed mean","12m",1.638237
"2013-01-01","Dallas trimmed mean","12m",1.603587
"2013-02-01","Dallas trimmed mean","12m",1.64881
"2013-03-01","Dallas trimmed mean","12m",1.592902
"2013-04-01","Dallas trimmed mean","12m",1.444175
"2013-05-01","Dallas trimmed mean","12m",1.423664
"2013-06-01","Dallas trimmed mean","12m",1.528924
"2013-07-01","Dallas trimmed mean","12m",1.564169
"2013-08-01","Dallas trimmed mean","12m",1.550236
"2013-09-01","Dallas trimmed mean","12m",1.542664
"2013-10-01","Dallas trimmed mean","12m",1.564782
"2013-11-01","Dallas trimmed mean","12m",1.64005
"2013-12-01","Dallas trimmed mean","12m",1.676172
"2014-01-01","Dallas trimmed mean","12m",1.642577
"2014-02-01","Dallas trimmed mean","12m",1.574125
"2014-03-01","Dallas trimmed mean","12m",1.592251
"2014-04-01","Dallas trimmed mean","12m",1.735538
"2014-05-01","Dallas trimmed mean","12m",1.781769
"2014-06-01","Dallas trimmed mean","12m",1.740407
"2014-07-01","Dallas trimmed mean","12m",1.742238
"2014-08-01","Dallas trimmed mean","12m",1.694486
"2014-09-01","Dallas trimmed mean","12m",1.694499
"2014-10-01","Dallas trimmed mean","12m",1.64949
"2014-11-01","Dallas trimmed mean","12m",1.625266
"2014-12-01","Dallas trimmed mean","12m",1.607495
"2015-01-01","Dallas trimmed mean","12m",1.482914
"2015-02-01","Dallas trimmed mean","12m",1.547126
"2015-03-01","Dallas trimmed mean","12m",1.544026
"2015-04-01","Dallas trimmed mean","12m",1.582684
"2015-05-01","Dallas trimmed mean","12m",1.543869
"2015-06-01","Dallas trimmed mean","12m",1.544221
"2015-07-01","Dallas trimmed mean","12m",1.542977
"2015-08-01","Dallas trimmed mean","12m",1.546964
"2015-09-01","Dallas trimmed mean","12m",1.551497
"2015-10-01","Dallas trimmed mean","12m",1.517128
"2015-11-01","Dallas trimmed mean","12m",1.490746
"2015-12-01","Dallas trimmed mean","12m",1.455246
"2016-01-01","Dallas trimmed mean","12m",1.580738
"2016-02-01","Dallas trimmed mean","12m",1.566422
"2016-03-01","Dallas trimmed mean","12m",1.605981
"2016-04-01","Dallas trimmed mean","12m",1.610177
"2016-05-01","Dallas trimmed mean","12m",1.673942
"2016-06-01","Dallas trimmed mean","12m",1.658146
"2016-07-01","Dallas trimmed mean","12m",1.659169
"2016-08-01","Dallas trimmed mean","12m",1.696443
"2016-09-01","Dallas trimmed mean","12m",1.725836
"2016-10-01","Dallas trimmed mean","12m",1.814868
"2016-11-01","Dallas trimmed mean","12m",1.815799
"2016-12-01","Dallas trimmed mean","12m",1.872513
"2017-01-01","Dallas trimmed mean","12m",1.925105
"2017-02-01","Dallas trimmed mean","12m",1.8843
"2017-03-01","Dallas trimmed mean","12m",1.821308
"2017-04-01","Dallas trimmed mean","12m",1.762188
"2017-05-01","Dallas trimmed mean","12m",1.663963
"2017-06-01","Dallas trimmed mean","12m",1.681229
"2017-07-01","Dallas trimmed mean","12m",1.621557
"2017-08-01","Dallas trimmed mean","12m",1.635681
"2017-09-01","Dallas trimmed mean","12m",1.601275
"2017-10-01","Dallas trimmed mean","12m",1.621516
"2017-11-01","Dallas trimmed mean","12m",1.646747
"2017-12-01","Dallas trimmed mean","12m",1.680241
"2018-01-01","Dallas trimmed mean","12m",1.729747
"2018-02-01","Dallas trimmed mean","12m",1.775728
"2018-03-01","Dallas trimmed mean","12m",1.799574
"2018-04-01","Dallas trimmed mean","12m",1.792107
"2018-05-01","Dallas trimmed mean","12m",1.874493
"2018-06-01","Dallas trimmed mean","12m",1.894676
"2018-07-01","Dallas trimmed mean","12m",1.955059
"2018-08-01","Dallas trimmed mean","12m",1.945022
"2018-09-01","Dallas trimmed mean","12m",1.971717
"2018-10-01","Dallas trimmed mean","12m",1.973158
"2018-11-01","Dallas trimmed mean","12m",2.035064
"2018-12-01","Dallas trimmed mean","12m",2.013393
"2019-01-01","Dallas trimmed mean","12m",1.905983
"2019-02-01","Dallas trimmed mean","12m",1.964818
"2019-03-01","Dallas trimmed mean","12m",2.002278
"2019-04-01","Dallas trimmed mean","12m",2.121712
"2019-05-01","Dallas trimmed mean","12m",2.035257
"2019-06-01","Dallas trimmed mean","12m",1.990115
"2019-07-01","Dallas trimmed mean","12m",2.019041
"2019-08-01","Dallas trimmed mean","12m",2.037141
"2019-09-01","Dallas trimmed mean","12m",1.965934
"2019-10-01","Dallas trimmed mean","12m",1.962457
"2019-11-01","Dallas trimmed mean","12m",1.896432
"2019-12-01","Dallas trimmed mean","12m",1.886129
"2020-01-01","Dallas trimmed mean","12m",1.958015
"2020-02-01","Dallas trimmed mean","12m",1.937635
"2020-03-01","Dallas trimmed mean","12m",1.893321
"2020-04-01","Dallas trimmed mean","12m",1.782263
"2020-05-01","Dallas trimmed mean","12m",1.86796
"2020-06-01","Dallas trimmed mean","12m",1.891794
"2020-07-01","Dallas trimmed mean","12m",1.927316
"2020-08-01","Dallas trimmed mean","12m",1.950661
"2020-09-01","Dallas trimmed mean","12m",1.948424
"2020-10-01","Dallas trimmed mean","12m",1.902353
"2020-11-01","Dallas trimmed mean","12m",1.839879
"2020-12-01","Dallas trimmed mean","12m",1.827038
"2021-01-01","Dallas trimmed mean","12m",1.771441
"2021-02-01","Dallas trimmed mean","12m",1.786856
"2021-03-01","Dallas trimmed mean","12m",1.842836
"2021-04-01","Dallas trimmed mean","12m",1.923712
"2021-05-01","Dallas trimmed mean","12m",1.956795
"2021-06-01","Dallas trimmed mean","12m",2.005359
"2021-07-01","Dallas trimmed mean","12m",2.063093
"2021-08-01","Dallas trimmed mean","12m",2.122079
"2021-09-01","Dallas trimmed mean","12m",2.355486
"2021-10-01","Dallas trimmed mean","12m",2.604176
"2021-11-01","Dallas trimmed mean","12m",2.841591
"2021-12-01","Dallas trimmed mean","12m",3.096258
"2022-01-01","Dallas trimmed mean","12m",3.480347
"2022-02-01","Dallas trimmed mean","12m",3.66004
"2022-03-01","Dallas trimmed mean","12m",3.748579
"2022-04-01","Dallas trimmed mean","12m",3.796752
"2022-05-01","Dallas trimmed mean","12m",4.022504
"2022-06-01","Dallas trimmed mean","12m",4.460008
"2022-07-01","Dallas trimmed mean","12m",4.560189
"2022-08-01","Dallas trimmed mean","12m",4.777848
"2022-09-01","Dallas trimmed mean","12m",4.755797
"2022-10-01","Dallas trimmed mean","12m",4.797173
"2022-11-01","Dallas trimmed mean","12m",4.754485
"2022-12-01","Dallas trimmed mean","12m",4.708853
"2023-01-01","Dallas trimmed mean","12m",4.570557
"2023-02-01","Dallas trimmed mean","12m",4.539046
"2023-03-01","Dallas trimmed mean","12m",4.6086
"2023-04-01","Dallas trimmed mean","12m",4.694028
"2023-05-01","Dallas trimmed mean","12m",4.572868
"2023-06-01","Dallas trimmed mean","12m",4.149031
"2023-07-01","Dallas trimmed mean","12m",4.015811
"2023-08-01","Dallas trimmed mean","12m",3.765655
"2023-09-01","Dallas trimmed mean","12m",3.694874
"2023-10-01","Dallas trimmed mean","12m",3.529638
"2023-11-01","Dallas trimmed mean","12m",3.452444
"2023-12-01","Dallas trimmed mean","12m",3.288564
"2024-01-01","Dallas trimmed mean","12m",3.330554
"2024-02-01","Dallas trimmed mean","12m",3.209205
"2024-03-01","Dallas trimmed mean","12m",3.138607
"2024-04-01","Dallas trimmed mean","12m",3.016209
"2024-05-01","Dallas trimmed mean","12m",2.920046
"2024-06-01","Dallas trimmed mean","12m",2.903265
"2024-07-01","Dallas trimmed mean","12m",2.828603
"2024-08-01","Dallas trimmed mean","12m",2.801715
"2024-09-01","Dallas trimmed mean","12m",2.823141
"2024-10-01","Dallas trimmed mean","12m",2.844629
"2024-11-01","Dallas trimmed mean","12m",2.873153
"2024-12-01","Dallas trimmed mean","12m",2.957856
"2025-01-01","Dallas trimmed mean","12m",2.733873
"2025-02-01","Dallas trimmed mean","12m",2.733253
"2025-03-01","Dallas trimmed mean","12m",2.711358
"2025-04-01","Dallas trimmed mean","12m",2.744989
"2025-05-01","Dallas trimmed mean","12m",2.71405
"2025-06-01","Dallas trimmed mean","12m",2.816176
"2025-07-01","Dallas trimmed mean","12m",2.810808
"2025-08-01","Dallas trimmed mean","12m",2.875551
"2025-09-01","Dallas trimmed mean","12m",2.78384
"2025-10-01","Dallas trimmed mean","12m",2.649406
"2025-11-01","Dallas trimmed mean","12m",2.578453
"2025-12-01","Dallas trimmed mean","12m",2.528942
"2026-01-01","Dallas trimmed mean","12m",2.506783
"2026-02-01","Dallas trimmed mean","12m",2.42572
"2026-03-01","Dallas trimmed mean","12m",2.408694
"2026-04-01","Dallas trimmed mean","12m",2.39748
"2026-05-01","Dallas trimmed mean","12m",2.452318
"2026-06-01","Dallas trimmed mean","12m",2.295195
"2026-07-01","Dallas trimmed mean","12m",2.294558
"2026-08-01","Dallas trimmed mean","12m",2.223821
