"date","measure","horizon","value"
"1959-02-01","Headline PCE","1m",1.194
"1959-03-01","Headline PCE","1m",0.793
"1959-04-01","Headline PCE","1m",2.396
"1959-05-01","Headline PCE","1m",0.633
"1959-06-01","Headline PCE","1m",3.523
"1959-07-01","Headline PCE","1m",2.544
"1959-08-01","Headline PCE","1m",1.739
"1959-09-01","Headline PCE","1m",3.177
"1959-10-01","Headline PCE","1m",2.928
"1959-11-01","Headline PCE","1m",0.782
"1959-12-01","Headline PCE","1m",1.411
"1960-01-01","Headline PCE","1m",-0.698
"1960-02-01","Headline PCE","1m",1.252
"1960-03-01","Headline PCE","1m",0.702
"1960-04-01","Headline PCE","1m",4.438
"1960-05-01","Headline PCE","1m",1.246
"1960-06-01","Headline PCE","1m",0.543
"1960-07-01","Headline PCE","1m",2.186
"1960-08-01","Headline PCE","1m",2.025
"1960-09-01","Headline PCE","1m",0.695
"1960-10-01","Headline PCE","1m",1.395
"1960-11-01","Headline PCE","1m",4.152
"1960-12-01","Headline PCE","1m",0.23
"1961-01-01","Headline PCE","1m",0.23
"1961-02-01","Headline PCE","1m",1.078
"1961-03-01","Headline PCE","1m",-0.687
"1961-04-01","Headline PCE","1m",-0.687
"1961-05-01","Headline PCE","1m",0.692
"1961-06-01","Headline PCE","1m",0.537
"1961-07-01","Headline PCE","1m",2.634
"1961-08-01","Headline PCE","1m",0.997
"1961-09-01","Headline PCE","1m",1.382
"1961-10-01","Headline PCE","1m",-0.076
"1961-11-01","Headline PCE","1m",0.076
"1961-12-01","Headline PCE","1m",0.305
"1962-01-01","Headline PCE","1m",2.31
"1962-02-01","Headline PCE","1m",3.242
"1962-03-01","Headline PCE","1m",1.605
"1962-04-01","Headline PCE","1m",1.372
"1962-05-01","Headline PCE","1m",0.759
"1962-06-01","Headline PCE","1m",0.759
"1962-07-01","Headline PCE","1m",-0.678
"1962-08-01","Headline PCE","1m",1.753
"1962-09-01","Headline PCE","1m",6.052
"1962-10-01","Headline PCE","1m",-1.196
"1962-11-01","Headline PCE","1m",0.831
"1962-12-01","Headline PCE","1m",-0.45
"1963-01-01","Headline PCE","1m",2.972
"1963-02-01","Headline PCE","1m",1.283
"1963-03-01","Headline PCE","1m",-0.97
"1963-04-01","Headline PCE","1m",-0.075
"1963-05-01","Headline PCE","1m",1.968
"1963-06-01","Headline PCE","1m",2.652
"1963-07-01","Headline PCE","1m",2.417
"1963-08-01","Headline PCE","1m",1.653
"1963-09-01","Headline PCE","1m",-0.223
"1963-10-01","Headline PCE","1m",2.333
"1963-11-01","Headline PCE","1m",1.723
"1963-12-01","Headline PCE","1m",1.796
"1964-01-01","Headline PCE","1m",2.549
"1964-02-01","Headline PCE","1m",1.715
"1964-03-01","Headline PCE","1m",0.741
"1964-04-01","Headline PCE","1m",0.889
"1964-05-01","Headline PCE","1m",0.148
"1964-06-01","Headline PCE","1m",1.71
"1964-07-01","Headline PCE","1m",1.558
"1964-08-01","Headline PCE","1m",0.886
"1964-09-01","Headline PCE","1m",1.853
"1964-10-01","Headline PCE","1m",0.736
"1964-11-01","Headline PCE","1m",1.7
"1964-12-01","Headline PCE","1m",1.772
"1965-01-01","Headline PCE","1m",1.324
"1965-02-01","Headline PCE","1m",0.513
"1965-03-01","Headline PCE","1m",1.544
"1965-04-01","Headline PCE","1m",1.913
"1965-05-01","Headline PCE","1m",2.728
"1965-06-01","Headline PCE","1m",3.543
"1965-07-01","Headline PCE","1m",0.873
"1965-08-01","Headline PCE","1m",0.29
"1965-09-01","Headline PCE","1m",0.58
"1965-10-01","Headline PCE","1m",0.362
"1965-11-01","Headline PCE","1m",2.044
"1965-12-01","Headline PCE","1m",4.418
"1966-01-01","Headline PCE","1m",1.448
"1966-02-01","Headline PCE","1m",5.071
"1966-03-01","Headline PCE","1m",2.973
"1966-04-01","Headline PCE","1m",4.219
"1966-05-01","Headline PCE","1m",1.504
"1966-06-01","Headline PCE","1m",3.025
"1966-07-01","Headline PCE","1m",2.364
"1966-08-01","Headline PCE","1m",4.695
"1966-09-01","Headline PCE","1m",3.872
"1966-10-01","Headline PCE","1m",3.207
"1966-11-01","Headline PCE","1m",1.765
"1966-12-01","Headline PCE","1m",2.547
"1967-01-01","Headline PCE","1m",0.07
"1967-02-01","Headline PCE","1m",1.405
"1967-03-01","Headline PCE","1m",0.629
"1967-04-01","Headline PCE","1m",2.039
"1967-05-01","Headline PCE","1m",2.32
"1967-06-01","Headline PCE","1m",3.886
"1967-07-01","Headline PCE","1m",4.161
"1967-08-01","Headline PCE","1m",3.789
"1967-09-01","Headline PCE","1m",3.706
"1967-10-01","Headline PCE","1m",3.411
"1967-11-01","Headline PCE","1m",4.038
"1967-12-01","Headline PCE","1m",1.925
"1968-01-01","Headline PCE","1m",5.723
"1968-02-01","Headline PCE","1m",4.986
"1968-03-01","Headline PCE","1m",3.982
"1968-04-01","Headline PCE","1m",3.83
"1968-05-01","Headline PCE","1m",4.513
"1968-06-01","Headline PCE","1m",3.942
"1968-07-01","Headline PCE","1m",3.722
"1968-08-01","Headline PCE","1m",5.022
"1968-09-01","Headline PCE","1m",4.243
"1968-10-01","Headline PCE","1m",5.397
"1968-11-01","Headline PCE","1m",4.141
"1968-12-01","Headline PCE","1m",2.511
"1969-01-01","Headline PCE","1m",4.797
"1969-02-01","Headline PCE","1m",3.096
"1969-03-01","Headline PCE","1m",5.784
"1969-04-01","Headline PCE","1m",5.418
"1969-05-01","Headline PCE","1m",4.923
"1969-06-01","Headline PCE","1m",5.976
"1969-07-01","Headline PCE","1m",5.411
"1969-08-01","Headline PCE","1m",3.345
"1969-09-01","Headline PCE","1m",5.107
"1969-10-01","Headline PCE","1m",4.167
"1969-11-01","Headline PCE","1m",5.331
"1969-12-01","Headline PCE","1m",5.635
"1970-01-01","Headline PCE","1m",4.374
"1970-02-01","Headline PCE","1m",4.874
"1970-03-01","Headline PCE","1m",3.001
"1970-04-01","Headline PCE","1m",6.265
"1970-05-01","Headline PCE","1m",3.862
"1970-06-01","Headline PCE","1m",3.157
"1970-07-01","Headline PCE","1m",4.472
"1970-08-01","Headline PCE","1m",3.2
"1970-09-01","Headline PCE","1m",5.518
"1970-10-01","Headline PCE","1m",6.127
"1970-11-01","Headline PCE","1m",4.838
"1970-12-01","Headline PCE","1m",5.443
"1971-01-01","Headline PCE","1m",2.585
"1971-02-01","Headline PCE","1m",3.555
"1971-03-01","Headline PCE","1m",4.034
"1971-04-01","Headline PCE","1m",4.818
"1971-05-01","Headline PCE","1m",5.105
"1971-06-01","Headline PCE","1m",5.451
"1971-07-01","Headline PCE","1m",3.669
"1971-08-01","Headline PCE","1m",3.538
"1971-09-01","Headline PCE","1m",1.808
"1971-10-01","Headline PCE","1m",1.864
"1971-11-01","Headline PCE","1m",2.509
"1971-12-01","Headline PCE","1m",4.824
"1972-01-01","Headline PCE","1m",5.044
"1972-02-01","Headline PCE","1m",4.844
"1972-03-01","Headline PCE","1m",1.72
"1972-04-01","Headline PCE","1m",1.833
"1972-05-01","Headline PCE","1m",2.698
"1972-06-01","Headline PCE","1m",1.826
"1972-07-01","Headline PCE","1m",4.38
"1972-08-01","Headline PCE","1m",3.547
"1972-09-01","Headline PCE","1m",5.524
"1972-10-01","Headline PCE","1m",1.349
"1972-11-01","Headline PCE","1m",3.632
"1972-12-01","Headline PCE","1m",3.909
"1973-01-01","Headline PCE","1m",3.666
"1973-02-01","Headline PCE","1m",6.491
"1973-03-01","Headline PCE","1m",8.87
"1973-04-01","Headline PCE","1m",9.278
"1973-05-01","Headline PCE","1m",6.074
"1973-06-01","Headline PCE","1m",7.073
"1973-07-01","Headline PCE","1m",4.434
"1973-08-01","Headline PCE","1m",14.761
"1973-09-01","Headline PCE","1m",4.862
"1973-10-01","Headline PCE","1m",7.007
"1973-11-01","Headline PCE","1m",10.298
"1973-12-01","Headline PCE","1m",10.324
"1974-01-01","Headline PCE","1m",12.109
"1974-02-01","Headline PCE","1m",14.909
"1974-03-01","Headline PCE","1m",14.841
"1974-04-01","Headline PCE","1m",8.811
"1974-05-01","Headline PCE","1m",12.493
"1974-06-01","Headline PCE","1m",10.685
"1974-07-01","Headline PCE","1m",9.213
"1974-08-01","Headline PCE","1m",13.291
"1974-09-01","Headline PCE","1m",13.199
"1974-10-01","Headline PCE","1m",8.948
"1974-11-01","Headline PCE","1m",9.39
"1974-12-01","Headline PCE","1m",9.925
"1975-01-01","Headline PCE","1m",7.698
"1975-02-01","Headline PCE","1m",6.719
"1975-03-01","Headline PCE","1m",4.141
"1975-04-01","Headline PCE","1m",4.127
"1975-05-01","Headline PCE","1m",4.916
"1975-06-01","Headline PCE","1m",7.764
"1975-07-01","Headline PCE","1m",10.782
"1975-08-01","Headline PCE","1m",5.335
"1975-09-01","Headline PCE","1m",6.105
"1975-10-01","Headline PCE","1m",7.197
"1975-11-01","Headline PCE","1m",7.998
"1975-12-01","Headline PCE","1m",6.828
"1976-01-01","Headline PCE","1m",4.646
"1976-02-01","Headline PCE","1m",1.565
"1976-03-01","Headline PCE","1m",1.826
"1976-04-01","Headline PCE","1m",2.746
"1976-05-01","Headline PCE","1m",5.865
"1976-06-01","Headline PCE","1m",5.387
"1976-07-01","Headline PCE","1m",6.26
"1976-08-01","Headline PCE","1m",6.81
"1976-09-01","Headline PCE","1m",6.951
"1976-10-01","Headline PCE","1m",6.467
"1976-11-01","Headline PCE","1m",5.597
"1976-12-01","Headline PCE","1m",6.93
"1977-01-01","Headline PCE","1m",7.198
"1977-02-01","Headline PCE","1m",9.806
"1977-03-01","Headline PCE","1m",6.191
"1977-04-01","Headline PCE","1m",7.19
"1977-05-01","Headline PCE","1m",6.25
"1977-06-01","Headline PCE","1m",6.94
"1977-07-01","Headline PCE","1m",6.393
"1977-08-01","Headline PCE","1m",5.732
"1977-09-01","Headline PCE","1m",4.631
"1977-10-01","Headline PCE","1m",5.724
"1977-11-01","Headline PCE","1m",7.104
"1977-12-01","Headline PCE","1m",5.991
"1978-01-01","Headline PCE","1m",7.316
"1978-02-01","Headline PCE","1m",5.723
"1978-03-01","Headline PCE","1m",8.056
"1978-04-01","Headline PCE","1m",9.481
"1978-05-01","Headline PCE","1m",8.916
"1978-06-01","Headline PCE","1m",8.123
"1978-07-01","Headline PCE","1m",6.756
"1978-08-01","Headline PCE","1m",6.247
"1978-09-01","Headline PCE","1m",7.036
"1978-10-01","Headline PCE","1m",9.996
"1978-11-01","Headline PCE","1m",7.015
"1978-12-01","Headline PCE","1m",5.75
"1979-01-01","Headline PCE","1m",9.455
"1979-02-01","Headline PCE","1m",6.584
"1979-03-01","Headline PCE","1m",9.793
"1979-04-01","Headline PCE","1m",13.258
"1979-05-01","Headline PCE","1m",13.152
"1979-06-01","Headline PCE","1m",10.373
"1979-07-01","Headline PCE","1m",9.538
"1979-08-01","Headline PCE","1m",9.573
"1979-09-01","Headline PCE","1m",11.121
"1979-10-01","Headline PCE","1m",10.249
"1979-11-01","Headline PCE","1m",8.65
"1979-12-01","Headline PCE","1m",10.558
"1980-01-01","Headline PCE","1m",13.326
"1980-02-01","Headline PCE","1m",13.797
"1980-03-01","Headline PCE","1m",15.78
"1980-04-01","Headline PCE","1m",6.437
"1980-05-01","Headline PCE","1m",9.743
"1980-06-01","Headline PCE","1m",7.846
"1980-07-01","Headline PCE","1m",9.737
"1980-08-01","Headline PCE","1m",10.464
"1980-09-01","Headline PCE","1m",11.683
"1980-10-01","Headline PCE","1m",10.043
"1980-11-01","Headline PCE","1m",10.222
"1980-12-01","Headline PCE","1m",8.074
"1981-01-01","Headline PCE","1m",12.149
"1981-02-01","Headline PCE","1m",12.842
"1981-03-01","Headline PCE","1m",8.7
"1981-04-01","Headline PCE","1m",5.363
"1981-05-01","Headline PCE","1m",5.52
"1981-06-01","Headline PCE","1m",4.897
"1981-07-01","Headline PCE","1m",7.487
"1981-08-01","Headline PCE","1m",7.773
"1981-09-01","Headline PCE","1m",7.513
"1981-10-01","Headline PCE","1m",5.575
"1981-11-01","Headline PCE","1m",6.634
"1981-12-01","Headline PCE","1m",3.763
"1982-01-01","Headline PCE","1m",7.367
"1982-02-01","Headline PCE","1m",3.672
"1982-03-01","Headline PCE","1m",3.127
"1982-04-01","Headline PCE","1m",0.6
"1982-05-01","Headline PCE","1m",7.363
"1982-06-01","Headline PCE","1m",9.062
"1982-07-01","Headline PCE","1m",7.35
"1982-08-01","Headline PCE","1m",3.773
"1982-09-01","Headline PCE","1m",3.377
"1982-10-01","Headline PCE","1m",6.951
"1982-11-01","Headline PCE","1m",3.675
"1982-12-01","Headline PCE","1m",1.83
"1983-01-01","Headline PCE","1m",5.74
"1983-02-01","Headline PCE","1m",2.058
"1983-03-01","Headline PCE","1m",1.551
"1983-04-01","Headline PCE","1m",5.613
"1983-05-01","Headline PCE","1m",3.452
"1983-06-01","Headline PCE","1m",4.569
"1983-07-01","Headline PCE","1m",6.993
"1983-08-01","Headline PCE","1m",5.248
"1983-09-01","Headline PCE","1m",4.293
"1983-10-01","Headline PCE","1m",2.054
"1983-11-01","Headline PCE","1m",1.714
"1983-12-01","Headline PCE","1m",0.661
"1984-01-01","Headline PCE","1m",5.347
"1984-02-01","Headline PCE","1m",8.379
"1984-03-01","Headline PCE","1m",4.006
"1984-04-01","Headline PCE","1m",4.668
"1984-05-01","Headline PCE","1m",1.529
"1984-06-01","Headline PCE","1m",2.158
"1984-07-01","Headline PCE","1m",4.377
"1984-08-01","Headline PCE","1m",3.746
"1984-09-01","Headline PCE","1m",1.639
"1984-10-01","Headline PCE","1m",2.867
"1984-11-01","Headline PCE","1m",1.707
"1984-12-01","Headline PCE","1m",3.436
"1985-01-01","Headline PCE","1m",6.157
"1985-02-01","Headline PCE","1m",5.716
"1985-03-01","Headline PCE","1m",4.8
"1985-04-01","Headline PCE","1m",1.751
"1985-05-01","Headline PCE","1m",2.879
"1985-06-01","Headline PCE","1m",3.317
"1985-07-01","Headline PCE","1m",2.988
"1985-08-01","Headline PCE","1m",4.041
"1985-09-01","Headline PCE","1m",2.044
"1985-10-01","Headline PCE","1m",2.016
"1985-11-01","Headline PCE","1m",3.547
"1985-12-01","Headline PCE","1m",4.1
"1986-01-01","Headline PCE","1m",5.664
"1986-02-01","Headline PCE","1m",0
"1986-03-01","Headline PCE","1m",-2.599
"1986-04-01","Headline PCE","1m",-2.421
"1986-05-01","Headline PCE","1m",2.216
"1986-06-01","Headline PCE","1m",4.567
"1986-07-01","Headline PCE","1m",0.305
"1986-08-01","Headline PCE","1m",1.511
"1986-09-01","Headline PCE","1m",4.007
"1986-10-01","Headline PCE","1m",2.169
"1986-11-01","Headline PCE","1m",2.165
"1986-12-01","Headline PCE","1m",1.664
"1987-01-01","Headline PCE","1m",5.794
"1987-02-01","Headline PCE","1m",4.291
"1987-03-01","Headline PCE","1m",3.227
"1987-04-01","Headline PCE","1m",4.575
"1987-05-01","Headline PCE","1m",3.088
"1987-06-01","Headline PCE","1m",4.641
"1987-07-01","Headline PCE","1m",2.811
"1987-08-01","Headline PCE","1m",4.849
"1987-09-01","Headline PCE","1m",4.123
"1987-10-01","Headline PCE","1m",3.876
"1987-11-01","Headline PCE","1m",2.293
"1987-12-01","Headline PCE","1m",2.242
"1988-01-01","Headline PCE","1m",4.756
"1988-02-01","Headline PCE","1m",1.798
"1988-03-01","Headline PCE","1m",4.197
"1988-04-01","Headline PCE","1m",5.993
"1988-05-01","Headline PCE","1m",3.544
"1988-06-01","Headline PCE","1m",5.228
"1988-07-01","Headline PCE","1m",5.989
"1988-08-01","Headline PCE","1m",3.614
"1988-09-01","Headline PCE","1m",6.01
"1988-10-01","Headline PCE","1m",3.989
"1988-11-01","Headline PCE","1m",2.819
"1988-12-01","Headline PCE","1m",3.81
"1989-01-01","Headline PCE","1m",6.335
"1989-02-01","Headline PCE","1m",4.066
"1989-03-01","Headline PCE","1m",4.561
"1989-04-01","Headline PCE","1m",8.291
"1989-05-01","Headline PCE","1m",4.469
"1989-06-01","Headline PCE","1m",2.654
"1989-07-01","Headline PCE","1m",2.906
"1989-08-01","Headline PCE","1m",0.146
"1989-09-01","Headline PCE","1m",2.706
"1989-10-01","Headline PCE","1m",4.79
"1989-11-01","Headline PCE","1m",2.647
"1989-12-01","Headline PCE","1m",3.535
"1990-01-01","Headline PCE","1m",9.474
"1990-02-01","Headline PCE","1m",5.418
"1990-03-01","Headline PCE","1m",4.625
"1990-04-01","Headline PCE","1m",2.55
"1990-05-01","Headline PCE","1m",2.732
"1990-06-01","Headline PCE","1m",5.434
"1990-07-01","Headline PCE","1m",3.003
"1990-08-01","Headline PCE","1m",8.278
"1990-09-01","Headline PCE","1m",7.622
"1990-10-01","Headline PCE","1m",7.087
"1990-11-01","Headline PCE","1m",1.53
"1990-12-01","Headline PCE","1m",1.129
"1991-01-01","Headline PCE","1m",4.665
"1991-02-01","Headline PCE","1m",0.61
"1991-03-01","Headline PCE","1m",0.255
"1991-04-01","Headline PCE","1m",2.198
"1991-05-01","Headline PCE","1m",5.084
"1991-06-01","Headline PCE","1m",2.045
"1991-07-01","Headline PCE","1m",1.903
"1991-08-01","Headline PCE","1m",2.833
"1991-09-01","Headline PCE","1m",4.206
"1991-10-01","Headline PCE","1m",2.263
"1991-11-01","Headline PCE","1m",2.673
"1991-12-01","Headline PCE","1m",3.042
"1992-01-01","Headline PCE","1m",1.643
"1992-02-01","Headline PCE","1m",3.089
"1992-03-01","Headline PCE","1m",2.944
"1992-04-01","Headline PCE","1m",3.289
"1992-05-01","Headline PCE","1m",1.609
"1992-06-01","Headline PCE","1m",2.147
"1992-07-01","Headline PCE","1m",4.034
"1992-08-01","Headline PCE","1m",1.618
"1992-09-01","Headline PCE","1m",1.98
"1992-10-01","Headline PCE","1m",4.321
"1992-11-01","Headline PCE","1m",2.391
"1992-12-01","Headline PCE","1m",2.118
"1993-01-01","Headline PCE","1m",2.956
"1993-02-01","Headline PCE","1m",1.824
"1993-03-01","Headline PCE","1m",2.486
"1993-04-01","Headline PCE","1m",3.244
"1993-05-01","Headline PCE","1m",3.771
"1993-06-01","Headline PCE","1m",0.407
"1993-07-01","Headline PCE","1m",1.938
"1993-08-01","Headline PCE","1m",2.067
"1993-09-01","Headline PCE","1m",1.259
"1993-10-01","Headline PCE","1m",3.837
"1993-11-01","Headline PCE","1m",2.298
"1993-12-01","Headline PCE","1m",0.275
"1994-01-01","Headline PCE","1m",0.403
"1994-02-01","Headline PCE","1m",2.816
"1994-03-01","Headline PCE","1m",3.354
"1994-04-01","Headline PCE","1m",1.429
"1994-05-01","Headline PCE","1m",1.759
"1994-06-01","Headline PCE","1m",2.962
"1994-07-01","Headline PCE","1m",3.851
"1994-08-01","Headline PCE","1m",2.797
"1994-09-01","Headline PCE","1m",1.341
"1994-10-01","Headline PCE","1m",2.052
"1994-11-01","Headline PCE","1m",2.305
"1994-12-01","Headline PCE","1m",0.773
"1995-01-01","Headline PCE","1m",2.464
"1995-02-01","Headline PCE","1m",2.148
"1995-03-01","Headline PCE","1m",2.235
"1995-04-01","Headline PCE","1m",3.199
"1995-05-01","Headline PCE","1m",1.863
"1995-06-01","Headline PCE","1m",1.177
"1995-07-01","Headline PCE","1m",1.517
"1995-08-01","Headline PCE","1m",2.615
"1995-09-01","Headline PCE","1m",0.833
"1995-10-01","Headline PCE","1m",3.151
"1995-11-01","Headline PCE","1m",-0.035
"1995-12-01","Headline PCE","1m",2.331
"1996-01-01","Headline PCE","1m",2.704
"1996-02-01","Headline PCE","1m",1.91
"1996-03-01","Headline PCE","1m",3.684
"1996-04-01","Headline PCE","1m",3.655
"1996-05-01","Headline PCE","1m",2.09
"1996-06-01","Headline PCE","1m",-0.017
"1996-07-01","Headline PCE","1m",2.565
"1996-08-01","Headline PCE","1m",1.15
"1996-09-01","Headline PCE","1m",3.447
"1996-10-01","Headline PCE","1m",3.687
"1996-11-01","Headline PCE","1m",2.156
"1996-12-01","Headline PCE","1m",1.401
"1997-01-01","Headline PCE","1m",1.573
"1997-02-01","Headline PCE","1m",2.532
"1997-03-01","Headline PCE","1m",1.273
"1997-04-01","Headline PCE","1m",1.185
"1997-05-01","Headline PCE","1m",-0.545
"1997-06-01","Headline PCE","1m",1.548
"1997-07-01","Headline PCE","1m",0.719
"1997-08-01","Headline PCE","1m",0.959
"1997-09-01","Headline PCE","1m",2.934
"1997-10-01","Headline PCE","1m",1.575
"1997-11-01","Headline PCE","1m",0.068
"1997-12-01","Headline PCE","1m",-0.254
"1998-01-01","Headline PCE","1m",0.596
"1998-02-01","Headline PCE","1m",-0.626
"1998-03-01","Headline PCE","1m",0.187
"1998-04-01","Headline PCE","1m",1.504
"1998-05-01","Headline PCE","1m",1.657
"1998-06-01","Headline PCE","1m",-1.011
"1998-07-01","Headline PCE","1m",3.005
"1998-08-01","Headline PCE","1m",1.669
"1998-09-01","Headline PCE","1m",-0.69
"1998-10-01","Headline PCE","1m",2.666
"1998-11-01","Headline PCE","1m",0.051
"1998-12-01","Headline PCE","1m",1.22
"1999-01-01","Headline PCE","1m",1.696
"1999-02-01","Headline PCE","1m",-0.67
"1999-03-01","Headline PCE","1m",0.912
"1999-04-01","Headline PCE","1m",5.954
"1999-05-01","Headline PCE","1m",0.789
"1999-06-01","Headline PCE","1m",0.368
"1999-07-01","Headline PCE","1m",3.238
"1999-08-01","Headline PCE","1m",2.205
"1999-09-01","Headline PCE","1m",4.394
"1999-10-01","Headline PCE","1m",2.041
"1999-11-01","Headline PCE","1m",1.081
"1999-12-01","Headline PCE","1m",2.83
"2000-01-01","Headline PCE","1m",3.315
"2000-02-01","Headline PCE","1m",3.849
"2000-03-01","Headline PCE","1m",5.271
"2000-04-01","Headline PCE","1m",-0.991
"2000-05-01","Headline PCE","1m",1.001
"2000-06-01","Headline PCE","1m",4.142
"2000-07-01","Headline PCE","1m",3.052
"2000-08-01","Headline PCE","1m",-0.081
"2000-09-01","Headline PCE","1m",5.285
"2000-10-01","Headline PCE","1m",1.645
"2000-11-01","Headline PCE","1m",1.691
"2000-12-01","Headline PCE","1m",1.853
"2001-01-01","Headline PCE","1m",5.966
"2001-02-01","Headline PCE","1m",1.874
"2001-03-01","Headline PCE","1m",0.112
"2001-04-01","Headline PCE","1m",2.131
"2001-05-01","Headline PCE","1m",3.206
"2001-06-01","Headline PCE","1m",2.138
"2001-07-01","Headline PCE","1m",-0.397
"2001-08-01","Headline PCE","1m",-0.143
"2001-09-01","Headline PCE","1m",-4.01
"2001-10-01","Headline PCE","1m",4.31
"2001-11-01","Headline PCE","1m",-0.808
"2001-12-01","Headline PCE","1m",-1.234
"2002-01-01","Headline PCE","1m",1.088
"2002-02-01","Headline PCE","1m",2.039
"2002-03-01","Headline PCE","1m",3.305
"2002-04-01","Headline PCE","1m",5.138
"2002-05-01","Headline PCE","1m",0.792
"2002-06-01","Headline PCE","1m",1.508
"2002-07-01","Headline PCE","1m",2.677
"2002-08-01","Headline PCE","1m",2.382
"2002-09-01","Headline PCE","1m",2.185
"2002-10-01","Headline PCE","1m",2.213
"2002-11-01","Headline PCE","1m",1.194
"2002-12-01","Headline PCE","1m",1.161
"2003-01-01","Headline PCE","1m",3.645
"2003-02-01","Headline PCE","1m",5.17
"2003-03-01","Headline PCE","1m",3.124
"2003-04-01","Headline PCE","1m",-2.019
"2003-05-01","Headline PCE","1m",-1.368
"2003-06-01","Headline PCE","1m",1.308
"2003-07-01","Headline PCE","1m",3.584
"2003-08-01","Headline PCE","1m",4.132
"2003-09-01","Headline PCE","1m",3.815
"2003-10-01","Headline PCE","1m",0.153
"2003-11-01","Headline PCE","1m",1.527
"2003-12-01","Headline PCE","1m",2.679
"2004-01-01","Headline PCE","1m",4.741
"2004-02-01","Headline PCE","1m",2.585
"2004-03-01","Headline PCE","1m",1.867
"2004-04-01","Headline PCE","1m",2.25
"2004-05-01","Headline PCE","1m",3.972
"2004-06-01","Headline PCE","1m",3.476
"2004-07-01","Headline PCE","1m",1.118
"2004-08-01","Headline PCE","1m",0.617
"2004-09-01","Headline PCE","1m",2.398
"2004-10-01","Headline PCE","1m",5.277
"2004-11-01","Headline PCE","1m",4.723
"2004-12-01","Headline PCE","1m",0.641
"2005-01-01","Headline PCE","1m",1.586
"2005-02-01","Headline PCE","1m",3.389
"2005-03-01","Headline PCE","1m",3.654
"2005-04-01","Headline PCE","1m",3.415
"2005-05-01","Headline PCE","1m",0.679
"2005-06-01","Headline PCE","1m",0.752
"2005-07-01","Headline PCE","1m",5.202
"2005-08-01","Headline PCE","1m",4.95
"2005-09-01","Headline PCE","1m",12.216
"2005-10-01","Headline PCE","1m",1.936
"2005-11-01","Headline PCE","1m",-2.478
"2005-12-01","Headline PCE","1m",0
"2006-01-01","Headline PCE","1m",5.975
"2006-02-01","Headline PCE","1m",0.721
"2006-03-01","Headline PCE","1m",2.351
"2006-04-01","Headline PCE","1m",5.719
"2006-05-01","Headline PCE","1m",3.271
"2006-06-01","Headline PCE","1m",2.999
"2006-07-01","Headline PCE","1m",4.179
"2006-08-01","Headline PCE","1m",3.842
"2006-09-01","Headline PCE","1m",-3.099
"2006-10-01","Headline PCE","1m",-2.79
"2006-11-01","Headline PCE","1m",0.412
"2006-12-01","Headline PCE","1m",4.347
"2007-01-01","Headline PCE","1m",4.082
"2007-02-01","Headline PCE","1m",3.792
"2007-03-01","Headline PCE","1m",4.478
"2007-04-01","Headline PCE","1m",2.859
"2007-05-01","Headline PCE","1m",3.541
"2007-06-01","Headline PCE","1m",2.573
"2007-07-01","Headline PCE","1m",1.846
"2007-08-01","Headline PCE","1m",0.82
"2007-09-01","Headline PCE","1m",4.721
"2007-10-01","Headline PCE","1m",3.7
"2007-11-01","Headline PCE","1m",6.552
"2007-12-01","Headline PCE","1m",2.811
"2008-01-01","Headline PCE","1m",3.07
"2008-02-01","Headline PCE","1m",2.421
"2008-03-01","Headline PCE","1m",3.49
"2008-04-01","Headline PCE","1m",2.243
"2008-05-01","Headline PCE","1m",5.272
"2008-06-01","Headline PCE","1m",9.062
"2008-07-01","Headline PCE","1m",5.729
"2008-08-01","Headline PCE","1m",-0.966
"2008-09-01","Headline PCE","1m",1.003
"2008-10-01","Headline PCE","1m",-7.643
"2008-11-01","Headline PCE","1m",-13.278
"2008-12-01","Headline PCE","1m",-6.503
"2009-01-01","Headline PCE","1m",0.136
"2009-02-01","Headline PCE","1m",2.173
"2009-03-01","Headline PCE","1m",-1.311
"2009-04-01","Headline PCE","1m",1.728
"2009-05-01","Headline PCE","1m",1.258
"2009-06-01","Headline PCE","1m",7.365
"2009-07-01","Headline PCE","1m",0.135
"2009-08-01","Headline PCE","1m",3.538
"2009-09-01","Headline PCE","1m",1.955
"2009-10-01","Headline PCE","1m",4.65
"2009-11-01","Headline PCE","1m",3.039
"2009-12-01","Headline PCE","1m",0.696
"2010-01-01","Headline PCE","1m",2.66
"2010-02-01","Headline PCE","1m",-0.027
"2010-03-01","Headline PCE","1m",1.704
"2010-04-01","Headline PCE","1m",0.653
"2010-05-01","Headline PCE","1m",0.386
"2010-06-01","Headline PCE","1m",-0.504
"2010-07-01","Headline PCE","1m",1.028
"2010-08-01","Headline PCE","1m",1.659
"2010-09-01","Headline PCE","1m",1.2
"2010-10-01","Headline PCE","1m",3.896
"2010-11-01","Headline PCE","1m",2.416
"2010-12-01","Headline PCE","1m",2.749
"2011-01-01","Headline PCE","1m",3.663
"2011-02-01","Headline PCE","1m",3.394
"2011-03-01","Headline PCE","1m",4.932
"2011-04-01","Headline PCE","1m",5.211
"2011-05-01","Headline PCE","1m",3.705
"2011-06-01","Headline PCE","1m",-0.245
"2011-07-01","Headline PCE","1m",2.062
"2011-08-01","Headline PCE","1m",2.863
"2011-09-01","Headline PCE","1m",1.7
"2011-10-01","Headline PCE","1m",0.026
"2011-11-01","Headline PCE","1m",2.484
"2011-12-01","Headline PCE","1m",0.695
"2012-01-01","Headline PCE","1m",4.182
"2012-02-01","Headline PCE","1m",2.717
"2012-03-01","Headline PCE","1m",2.32
"2012-04-01","Headline PCE","1m",1.59
"2012-05-01","Headline PCE","1m",-1.339
"2012-06-01","Headline PCE","1m",-0.609
"2012-07-01","Headline PCE","1m",0.434
"2012-08-01","Headline PCE","1m",4.11
"2012-09-01","Headline PCE","1m",3.715
"2012-10-01","Headline PCE","1m",3.612
"2012-11-01","Headline PCE","1m",-0.816
"2012-12-01","Headline PCE","1m",-0.189
"2013-01-01","Headline PCE","1m",2.308
"2013-02-01","Headline PCE","1m",4.354
"2013-03-01","Headline PCE","1m",-1.57
"2013-04-01","Headline PCE","1m",-1.212
"2013-05-01","Headline PCE","1m",0.884
"2013-06-01","Headline PCE","1m",2.698
"2013-07-01","Headline PCE","1m",1.503
"2013-08-01","Headline PCE","1m",1.793
"2013-09-01","Headline PCE","1m",0.527
"2013-10-01","Headline PCE","1m",1.6
"2013-11-01","Headline PCE","1m",1.8
"2013-12-01","Headline PCE","1m",2.115
"2014-01-01","Headline PCE","1m",2.518
"2014-02-01","Headline PCE","1m",0.573
"2014-03-01","Headline PCE","1m",1.941
"2014-04-01","Headline PCE","1m",2.153
"2014-05-01","Headline PCE","1m",1.998
"2014-06-01","Headline PCE","1m",1.317
"2014-07-01","Headline PCE","1m",1.716
"2014-08-01","Headline PCE","1m",-0.148
"2014-09-01","Headline PCE","1m",0.42
"2014-10-01","Headline PCE","1m",-0.357
"2014-11-01","Headline PCE","1m",-1.14
"2014-12-01","Headline PCE","1m",-2.089
"2015-01-01","Headline PCE","1m",-5.608
"2015-02-01","Headline PCE","1m",2.144
"2015-03-01","Headline PCE","1m",2.292
"2015-04-01","Headline PCE","1m",1.069
"2015-05-01","Headline PCE","1m",2.918
"2015-06-01","Headline PCE","1m",2.355
"2015-07-01","Headline PCE","1m",1.101
"2015-08-01","Headline PCE","1m",0.086
"2015-09-01","Headline PCE","1m",-1.647
"2015-10-01","Headline PCE","1m",0
"2015-11-01","Headline PCE","1m",0.754
"2015-12-01","Headline PCE","1m",-1.004
"2016-01-01","Headline PCE","1m",0.494
"2016-02-01","Headline PCE","1m",-0.626
"2016-03-01","Headline PCE","1m",2.844
"2016-04-01","Headline PCE","1m",4.003
"2016-05-01","Headline PCE","1m",1.977
"2016-06-01","Headline PCE","1m",2.123
"2016-07-01","Headline PCE","1m",0.208
"2016-08-01","Headline PCE","1m",1.685
"2016-09-01","Headline PCE","1m",2.303
"2016-10-01","Headline PCE","1m",2.485
"2016-11-01","Headline PCE","1m",0.401
"2016-12-01","Headline PCE","1m",2.082
"2017-01-01","Headline PCE","1m",4.701
"2017-02-01","Headline PCE","1m",1.641
"2017-03-01","Headline PCE","1m",-0.613
"2017-04-01","Headline PCE","1m",2.315
"2017-05-01","Headline PCE","1m",-0.516
"2017-06-01","Headline PCE","1m",1.016
"2017-07-01","Headline PCE","1m",0.446
"2017-08-01","Headline PCE","1m",2.727
"2017-09-01","Headline PCE","1m",4.568
"2017-10-01","Headline PCE","1m",1.577
"2017-11-01","Headline PCE","1m",1.732
"2017-12-01","Headline PCE","1m",1.754
"2018-01-01","Headline PCE","1m",4.593
"2018-02-01","Headline PCE","1m",2.604
"2018-03-01","Headline PCE","1m",1.285
"2018-04-01","Headline PCE","1m",2.898
"2018-05-01","Headline PCE","1m",2.083
"2018-06-01","Headline PCE","1m",1.041
"2018-07-01","Headline PCE","1m",1.278
"2018-08-01","Headline PCE","1m",0.837
"2018-09-01","Headline PCE","1m",2.494
"2018-10-01","Headline PCE","1m",2.094
"2018-11-01","Headline PCE","1m",0.41
"2018-12-01","Headline PCE","1m",0.833
"2019-01-01","Headline PCE","1m",-0.618
"2019-02-01","Headline PCE","1m",2.22
"2019-03-01","Headline PCE","1m",2.753
"2019-04-01","Headline PCE","1m",3.441
"2019-05-01","Headline PCE","1m",0.874
"2019-06-01","Headline PCE","1m",0.57
"2019-07-01","Headline PCE","1m",1.612
"2019-08-01","Headline PCE","1m",0.557
"2019-09-01","Headline PCE","1m",0.732
"2019-10-01","Headline PCE","1m",2.149
"2019-11-01","Headline PCE","1m",1.243
"2019-12-01","Headline PCE","1m",3.314
"2020-01-01","Headline PCE","1m",2.126
"2020-02-01","Headline PCE","1m",0.957
"2020-03-01","Headline PCE","1m",-3.411
"2020-04-01","Headline PCE","1m",-4.871
"2020-05-01","Headline PCE","1m",1.209
"2020-06-01","Headline PCE","1m",3.853
"2020-07-01","Headline PCE","1m",3.603
"2020-08-01","Headline PCE","1m",3.403
"2020-09-01","Headline PCE","1m",2.161
"2020-10-01","Headline PCE","1m",1.079
"2020-11-01","Headline PCE","1m",1.228
"2020-12-01","Headline PCE","1m",5.145
"2021-01-01","Headline PCE","1m",4.235
"2021-02-01","Headline PCE","1m",4.338
"2021-03-01","Headline PCE","1m",6.714
"2021-04-01","Headline PCE","1m",6.155
"2021-05-01","Headline PCE","1m",5.912
"2021-06-01","Headline PCE","1m",6.858
"2021-07-01","Headline PCE","1m",5.594
"2021-08-01","Headline PCE","1m",4.911
"2021-09-01","Headline PCE","1m",3.889
"2021-10-01","Headline PCE","1m",8.523
"2021-11-01","Headline PCE","1m",8.265
"2021-12-01","Headline PCE","1m",7.263
"2022-01-01","Headline PCE","1m",6.503
"2022-02-01","Headline PCE","1m",7.624
"2022-03-01","Headline PCE","1m",11.757
"2022-04-01","Headline PCE","1m",2.793
"2022-05-01","Headline PCE","1m",7.721
"2022-06-01","Headline PCE","1m",12.185
"2022-07-01","Headline PCE","1m",1.431
"2022-08-01","Headline PCE","1m",2.855
"2022-09-01","Headline PCE","1m",4.002
"2022-10-01","Headline PCE","1m",6.259
"2022-11-01","Headline PCE","1m",3.296
"2022-12-01","Headline PCE","1m",1.544
"2023-01-01","Headline PCE","1m",5.891
"2023-02-01","Headline PCE","1m",3.35
"2023-03-01","Headline PCE","1m",3.05
"2023-04-01","Headline PCE","1m",3.28
"2023-05-01","Headline PCE","1m",2.46
"2023-06-01","Headline PCE","1m",2.843
"2023-07-01","Headline PCE","1m",1.616
"2023-08-01","Headline PCE","1m",3.776
"2023-09-01","Headline PCE","1m",4.65
"2023-10-01","Headline PCE","1m",1.533
"2023-11-01","Headline PCE","1m",0.783
"2023-12-01","Headline PCE","1m",1.23
"2024-01-01","Headline PCE","1m",4.485
"2024-02-01","Headline PCE","1m",4.071
"2024-03-01","Headline PCE","1m",4.8
"2024-04-01","Headline PCE","1m",1.928
"2024-05-01","Headline PCE","1m",0.781
"2024-06-01","Headline PCE","1m",1.321
"2024-07-01","Headline PCE","1m",1.931
"2024-08-01","Headline PCE","1m",1.859
"2024-09-01","Headline PCE","1m",2.498
"2024-10-01","Headline PCE","1m",3.297
"2024-11-01","Headline PCE","1m",1.788
"2024-12-01","Headline PCE","1m",3.104
"2025-01-01","Headline PCE","1m",4.297
"2025-02-01","Headline PCE","1m",3.371
"2025-03-01","Headline PCE","1m",0.949
"2025-04-01","Headline PCE","1m",2.839
"2025-05-01","Headline PCE","1m",2.355
"2025-06-01","Headline PCE","1m",3.1
"2025-07-01","Headline PCE","1m",1.679
"2025-08-01","Headline PCE","1m",3.097
"2025-09-01","Headline PCE","1m",3.566
"2025-10-01","Headline PCE","1m",1.792
"2025-11-01","Headline PCE","1m",2.421
"2025-12-01","Headline PCE","1m",3.911
"2026-01-01","Headline PCE","1m",3.705
"2026-02-01","Headline PCE","1m",4.253
"2026-03-01","Headline PCE","1m",7.802
"2026-04-01","Headline PCE","1m",5.357
"2026-05-01","Headline PCE","1m",5.352
"2026-06-01","Headline PCE","1m",-1.227
"2026-07-01","Headline PCE","1m",0.606
"2026-08-01","Headline PCE","1m",3.788
"1959-04-01","Headline PCE","3m",1.459
"1959-05-01","Headline PCE","3m",1.271
"1959-06-01","Headline PCE","3m",2.177
"1959-07-01","Headline PCE","3m",2.226
"1959-08-01","Headline PCE","3m",2.599
"1959-09-01","Headline PCE","3m",2.485
"1959-10-01","Headline PCE","3m",2.613
"1959-11-01","Headline PCE","3m",2.29
"1959-12-01","Headline PCE","3m",1.703
"1960-01-01","Headline PCE","3m",0.494
"1960-02-01","Headline PCE","3m",0.65
"1960-03-01","Headline PCE","3m",0.415
"1960-04-01","Headline PCE","3m",2.118
"1960-05-01","Headline PCE","3m",2.115
"1960-06-01","Headline PCE","3m",2.062
"1960-07-01","Headline PCE","3m",1.322
"1960-08-01","Headline PCE","3m",1.582
"1960-09-01","Headline PCE","3m",1.633
"1960-10-01","Headline PCE","3m",1.37
"1960-11-01","Headline PCE","3m",2.07
"1960-12-01","Headline PCE","3m",1.912
"1961-01-01","Headline PCE","3m",1.521
"1961-02-01","Headline PCE","3m",0.512
"1961-03-01","Headline PCE","3m",0.204
"1961-04-01","Headline PCE","3m",-0.102
"1961-05-01","Headline PCE","3m",-0.229
"1961-06-01","Headline PCE","3m",0.179
"1961-07-01","Headline PCE","3m",1.283
"1961-08-01","Headline PCE","3m",1.386
"1961-09-01","Headline PCE","3m",1.669
"1961-10-01","Headline PCE","3m",0.766
"1961-11-01","Headline PCE","3m",0.459
"1961-12-01","Headline PCE","3m",0.102
"1962-01-01","Headline PCE","3m",0.892
"1962-02-01","Headline PCE","3m",1.945
"1962-03-01","Headline PCE","3m",2.384
"1962-04-01","Headline PCE","3m",2.07
"1962-05-01","Headline PCE","3m",1.245
"1962-06-01","Headline PCE","3m",0.963
"1962-07-01","Headline PCE","3m",0.278
"1962-08-01","Headline PCE","3m",0.606
"1962-09-01","Headline PCE","3m",2.338
"1962-10-01","Headline PCE","3m",2.16
"1962-11-01","Headline PCE","3m",1.85
"1962-12-01","Headline PCE","3m",-0.275
"1963-01-01","Headline PCE","3m",1.108
"1963-02-01","Headline PCE","3m",1.259
"1963-03-01","Headline PCE","3m",1.082
"1963-04-01","Headline PCE","3m",0.075
"1963-05-01","Headline PCE","3m",0.3
"1963-06-01","Headline PCE","3m",1.508
"1963-07-01","Headline PCE","3m",2.345
"1963-08-01","Headline PCE","3m",2.24
"1963-09-01","Headline PCE","3m",1.276
"1963-10-01","Headline PCE","3m",1.249
"1963-11-01","Headline PCE","3m",1.272
"1963-12-01","Headline PCE","3m",1.951
"1964-01-01","Headline PCE","3m",2.022
"1964-02-01","Headline PCE","3m",2.019
"1964-03-01","Headline PCE","3m",1.666
"1964-04-01","Headline PCE","3m",1.114
"1964-05-01","Headline PCE","3m",0.592
"1964-06-01","Headline PCE","3m",0.913
"1964-07-01","Headline PCE","3m",1.136
"1964-08-01","Headline PCE","3m",1.384
"1964-09-01","Headline PCE","3m",1.431
"1964-10-01","Headline PCE","3m",1.157
"1964-11-01","Headline PCE","3m",1.429
"1964-12-01","Headline PCE","3m",1.402
"1965-01-01","Headline PCE","3m",1.599
"1965-02-01","Headline PCE","3m",1.202
"1965-03-01","Headline PCE","3m",1.126
"1965-04-01","Headline PCE","3m",1.321
"1965-05-01","Headline PCE","3m",2.06
"1965-06-01","Headline PCE","3m",2.726
"1965-07-01","Headline PCE","3m",2.375
"1965-08-01","Headline PCE","3m",1.559
"1965-09-01","Headline PCE","3m",0.581
"1965-10-01","Headline PCE","3m",0.411
"1965-11-01","Headline PCE","3m",0.993
"1965-12-01","Headline PCE","3m",2.261
"1966-01-01","Headline PCE","3m",2.629
"1966-02-01","Headline PCE","3m",3.634
"1966-03-01","Headline PCE","3m",3.154
"1966-04-01","Headline PCE","3m",4.084
"1966-05-01","Headline PCE","3m",2.893
"1966-06-01","Headline PCE","3m",2.91
"1966-07-01","Headline PCE","3m",2.296
"1966-08-01","Headline PCE","3m",3.357
"1966-09-01","Headline PCE","3m",3.639
"1966-10-01","Headline PCE","3m",3.923
"1966-11-01","Headline PCE","3m",2.944
"1966-12-01","Headline PCE","3m",2.505
"1967-01-01","Headline PCE","3m",1.456
"1967-02-01","Headline PCE","3m",1.336
"1967-03-01","Headline PCE","3m",0.7
"1967-04-01","Headline PCE","3m",1.356
"1967-05-01","Headline PCE","3m",1.66
"1967-06-01","Headline PCE","3m",2.745
"1967-07-01","Headline PCE","3m",3.452
"1967-08-01","Headline PCE","3m",3.945
"1967-09-01","Headline PCE","3m",3.885
"1967-10-01","Headline PCE","3m",3.635
"1967-11-01","Headline PCE","3m",3.718
"1967-12-01","Headline PCE","3m",3.121
"1968-01-01","Headline PCE","3m",3.883
"1968-02-01","Headline PCE","3m",4.198
"1968-03-01","Headline PCE","3m",4.895
"1968-04-01","Headline PCE","3m",4.265
"1968-05-01","Headline PCE","3m",4.108
"1968-06-01","Headline PCE","3m",4.095
"1968-07-01","Headline PCE","3m",4.059
"1968-08-01","Headline PCE","3m",4.227
"1968-09-01","Headline PCE","3m",4.328
"1968-10-01","Headline PCE","3m",4.886
"1968-11-01","Headline PCE","3m",4.592
"1968-12-01","Headline PCE","3m",4.01
"1969-01-01","Headline PCE","3m",3.812
"1969-02-01","Headline PCE","3m",3.463
"1969-03-01","Headline PCE","3m",4.553
"1969-04-01","Headline PCE","3m",4.759
"1969-05-01","Headline PCE","3m",5.374
"1969-06-01","Headline PCE","3m",5.438
"1969-07-01","Headline PCE","3m",5.436
"1969-08-01","Headline PCE","3m",4.905
"1969-09-01","Headline PCE","3m",4.617
"1969-10-01","Headline PCE","3m",4.204
"1969-11-01","Headline PCE","3m",4.867
"1969-12-01","Headline PCE","3m",5.042
"1970-01-01","Headline PCE","3m",5.112
"1970-02-01","Headline PCE","3m",4.96
"1970-03-01","Headline PCE","3m",4.08
"1970-04-01","Headline PCE","3m",4.705
"1970-05-01","Headline PCE","3m",4.367
"1970-06-01","Headline PCE","3m",4.42
"1970-07-01","Headline PCE","3m",3.829
"1970-08-01","Headline PCE","3m",3.608
"1970-09-01","Headline PCE","3m",4.392
"1970-10-01","Headline PCE","3m",4.941
"1970-11-01","Headline PCE","3m",5.493
"1970-12-01","Headline PCE","3m",5.468
"1971-01-01","Headline PCE","3m",4.282
"1971-02-01","Headline PCE","3m",3.855
"1971-03-01","Headline PCE","3m",3.39
"1971-04-01","Headline PCE","3m",4.134
"1971-05-01","Headline PCE","3m",4.651
"1971-06-01","Headline PCE","3m",5.124
"1971-07-01","Headline PCE","3m",4.739
"1971-08-01","Headline PCE","3m",4.215
"1971-09-01","Headline PCE","3m",3.001
"1971-10-01","Headline PCE","3m",2.4
"1971-11-01","Headline PCE","3m",2.06
"1971-12-01","Headline PCE","3m",3.058
"1972-01-01","Headline PCE","3m",4.119
"1972-02-01","Headline PCE","3m",4.904
"1972-03-01","Headline PCE","3m",3.858
"1972-04-01","Headline PCE","3m",2.789
"1972-05-01","Headline PCE","3m",2.083
"1972-06-01","Headline PCE","3m",2.118
"1972-07-01","Headline PCE","3m",2.962
"1972-08-01","Headline PCE","3m",3.245
"1972-09-01","Headline PCE","3m",4.48
"1972-10-01","Headline PCE","3m",3.459
"1972-11-01","Headline PCE","3m",3.488
"1972-12-01","Headline PCE","3m",2.957
"1973-01-01","Headline PCE","3m",3.735
"1973-02-01","Headline PCE","3m",4.681
"1973-03-01","Headline PCE","3m",6.321
"1973-04-01","Headline PCE","3m",8.206
"1973-05-01","Headline PCE","3m",8.065
"1973-06-01","Headline PCE","3m",7.467
"1973-07-01","Headline PCE","3m",5.855
"1973-08-01","Headline PCE","3m",8.669
"1973-09-01","Headline PCE","3m",7.916
"1973-10-01","Headline PCE","3m",8.795
"1973-11-01","Headline PCE","3m",7.366
"1973-12-01","Headline PCE","3m",9.199
"1974-01-01","Headline PCE","3m",10.907
"1974-02-01","Headline PCE","3m",12.432
"1974-03-01","Headline PCE","3m",13.946
"1974-04-01","Headline PCE","3m",12.817
"1974-05-01","Headline PCE","3m",12.021
"1974-06-01","Headline PCE","3m",10.653
"1974-07-01","Headline PCE","3m",10.789
"1974-08-01","Headline PCE","3m",11.051
"1974-09-01","Headline PCE","3m",11.885
"1974-10-01","Headline PCE","3m",11.794
"1974-11-01","Headline PCE","3m",10.496
"1974-12-01","Headline PCE","3m",9.42
"1975-01-01","Headline PCE","3m",9
"1975-02-01","Headline PCE","3m",8.106
"1975-03-01","Headline PCE","3m",6.176
"1975-04-01","Headline PCE","3m",4.989
"1975-05-01","Headline PCE","3m",4.394
"1975-06-01","Headline PCE","3m",5.591
"1975-07-01","Headline PCE","3m",7.794
"1975-08-01","Headline PCE","3m",7.937
"1975-09-01","Headline PCE","3m",7.38
"1975-10-01","Headline PCE","3m",6.209
"1975-11-01","Headline PCE","3m",7.097
"1975-12-01","Headline PCE","3m",7.34
"1976-01-01","Headline PCE","3m",6.482
"1976-02-01","Headline PCE","3m",4.324
"1976-03-01","Headline PCE","3m",2.67
"1976-04-01","Headline PCE","3m",2.045
"1976-05-01","Headline PCE","3m",3.465
"1976-06-01","Headline PCE","3m",4.657
"1976-07-01","Headline PCE","3m",5.837
"1976-08-01","Headline PCE","3m",6.151
"1976-09-01","Headline PCE","3m",6.673
"1976-10-01","Headline PCE","3m",6.743
"1976-11-01","Headline PCE","3m",6.337
"1976-12-01","Headline PCE","3m",6.33
"1977-01-01","Headline PCE","3m",6.572
"1977-02-01","Headline PCE","3m",7.97
"1977-03-01","Headline PCE","3m",7.721
"1977-04-01","Headline PCE","3m",7.718
"1977-05-01","Headline PCE","3m",6.543
"1977-06-01","Headline PCE","3m",6.793
"1977-07-01","Headline PCE","3m",6.527
"1977-08-01","Headline PCE","3m",6.354
"1977-09-01","Headline PCE","3m",5.583
"1977-10-01","Headline PCE","3m",5.361
"1977-11-01","Headline PCE","3m",5.815
"1977-12-01","Headline PCE","3m",6.271
"1978-01-01","Headline PCE","3m",6.802
"1978-02-01","Headline PCE","3m",6.341
"1978-03-01","Headline PCE","3m",7.027
"1978-04-01","Headline PCE","3m",7.742
"1978-05-01","Headline PCE","3m",8.816
"1978-06-01","Headline PCE","3m",8.839
"1978-07-01","Headline PCE","3m",7.928
"1978-08-01","Headline PCE","3m",7.039
"1978-09-01","Headline PCE","3m",6.679
"1978-10-01","Headline PCE","3m",7.748
"1978-11-01","Headline PCE","3m",8.007
"1978-12-01","Headline PCE","3m",7.573
"1979-01-01","Headline PCE","3m",7.396
"1979-02-01","Headline PCE","3m",7.252
"1979-03-01","Headline PCE","3m",8.601
"1979-04-01","Headline PCE","3m",9.845
"1979-05-01","Headline PCE","3m",12.056
"1979-06-01","Headline PCE","3m",12.253
"1979-07-01","Headline PCE","3m",11.01
"1979-08-01","Headline PCE","3m",9.827
"1979-09-01","Headline PCE","3m",10.075
"1979-10-01","Headline PCE","3m",10.313
"1979-11-01","Headline PCE","3m",10.002
"1979-12-01","Headline PCE","3m",9.816
"1980-01-01","Headline PCE","3m",10.828
"1980-02-01","Headline PCE","3m",12.551
"1980-03-01","Headline PCE","3m",14.296
"1980-04-01","Headline PCE","3m",11.931
"1980-05-01","Headline PCE","3m",10.586
"1980-06-01","Headline PCE","3m",8
"1980-07-01","Headline PCE","3m",9.105
"1980-08-01","Headline PCE","3m",9.343
"1980-09-01","Headline PCE","3m",10.625
"1980-10-01","Headline PCE","3m",10.728
"1980-11-01","Headline PCE","3m",10.647
"1980-12-01","Headline PCE","3m",9.442
"1981-01-01","Headline PCE","3m",10.136
"1981-02-01","Headline PCE","3m",11.002
"1981-03-01","Headline PCE","3m",11.216
"1981-04-01","Headline PCE","3m",8.926
"1981-05-01","Headline PCE","3m",6.517
"1981-06-01","Headline PCE","3m",5.259
"1981-07-01","Headline PCE","3m",5.962
"1981-08-01","Headline PCE","3m",6.711
"1981-09-01","Headline PCE","3m",7.591
"1981-10-01","Headline PCE","3m",6.949
"1981-11-01","Headline PCE","3m",6.571
"1981-12-01","Headline PCE","3m",5.317
"1982-01-01","Headline PCE","3m",5.91
"1982-02-01","Headline PCE","3m",4.92
"1982-03-01","Headline PCE","3m",4.705
"1982-04-01","Headline PCE","3m",2.458
"1982-05-01","Headline PCE","3m",3.659
"1982-06-01","Headline PCE","3m",5.611
"1982-07-01","Headline PCE","3m",7.922
"1982-08-01","Headline PCE","3m",6.706
"1982-09-01","Headline PCE","3m",4.818
"1982-10-01","Headline PCE","3m",4.688
"1982-11-01","Headline PCE","3m",4.655
"1982-12-01","Headline PCE","3m",4.13
"1983-01-01","Headline PCE","3m",3.736
"1983-02-01","Headline PCE","3m",3.194
"1983-03-01","Headline PCE","3m",3.099
"1983-04-01","Headline PCE","3m",3.058
"1983-05-01","Headline PCE","3m",3.525
"1983-06-01","Headline PCE","3m",4.541
"1983-07-01","Headline PCE","3m",4.994
"1983-08-01","Headline PCE","3m",5.598
"1983-09-01","Headline PCE","3m",5.506
"1983-10-01","Headline PCE","3m",3.856
"1983-11-01","Headline PCE","3m",2.681
"1983-12-01","Headline PCE","3m",1.475
"1984-01-01","Headline PCE","3m",2.555
"1984-02-01","Headline PCE","3m",4.747
"1984-03-01","Headline PCE","3m",5.895
"1984-04-01","Headline PCE","3m",5.667
"1984-05-01","Headline PCE","3m",3.392
"1984-06-01","Headline PCE","3m",2.776
"1984-07-01","Headline PCE","3m",2.681
"1984-08-01","Headline PCE","3m",3.423
"1984-09-01","Headline PCE","3m",3.247
"1984-10-01","Headline PCE","3m",2.747
"1984-11-01","Headline PCE","3m",2.07
"1984-12-01","Headline PCE","3m",2.668
"1985-01-01","Headline PCE","3m",3.751
"1985-02-01","Headline PCE","3m",5.096
"1985-03-01","Headline PCE","3m",5.556
"1985-04-01","Headline PCE","3m",4.075
"1985-05-01","Headline PCE","3m",3.136
"1985-06-01","Headline PCE","3m",2.647
"1985-07-01","Headline PCE","3m",3.061
"1985-08-01","Headline PCE","3m",3.448
"1985-09-01","Headline PCE","3m",3.021
"1985-10-01","Headline PCE","3m",2.696
"1985-11-01","Headline PCE","3m",2.533
"1985-12-01","Headline PCE","3m",3.218
"1986-01-01","Headline PCE","3m",4.433
"1986-02-01","Headline PCE","3m",3.227
"1986-03-01","Headline PCE","3m",0.963
"1986-04-01","Headline PCE","3m",-1.681
"1986-05-01","Headline PCE","3m",-0.96
"1986-06-01","Headline PCE","3m",1.412
"1986-07-01","Headline PCE","3m",2.348
"1986-08-01","Headline PCE","3m",2.112
"1986-09-01","Headline PCE","3m",1.93
"1986-10-01","Headline PCE","3m",2.557
"1986-11-01","Headline PCE","3m",2.777
"1986-12-01","Headline PCE","3m",1.999
"1987-01-01","Headline PCE","3m",3.192
"1987-02-01","Headline PCE","3m",3.902
"1987-03-01","Headline PCE","3m",4.432
"1987-04-01","Headline PCE","3m",4.029
"1987-05-01","Headline PCE","3m",3.628
"1987-06-01","Headline PCE","3m",4.099
"1987-07-01","Headline PCE","3m",3.51
"1987-08-01","Headline PCE","3m",4.096
"1987-09-01","Headline PCE","3m",3.924
"1987-10-01","Headline PCE","3m",4.282
"1987-11-01","Headline PCE","3m",3.427
"1987-12-01","Headline PCE","3m",2.801
"1988-01-01","Headline PCE","3m",3.09
"1988-02-01","Headline PCE","3m",2.924
"1988-03-01","Headline PCE","3m",3.575
"1988-04-01","Headline PCE","3m",3.982
"1988-05-01","Headline PCE","3m",4.573
"1988-06-01","Headline PCE","3m",4.917
"1988-07-01","Headline PCE","3m",4.916
"1988-08-01","Headline PCE","3m",4.939
"1988-09-01","Headline PCE","3m",5.198
"1988-10-01","Headline PCE","3m",4.532
"1988-11-01","Headline PCE","3m",4.264
"1988-12-01","Headline PCE","3m",3.538
"1989-01-01","Headline PCE","3m",4.311
"1989-02-01","Headline PCE","3m",4.731
"1989-03-01","Headline PCE","3m",4.982
"1989-04-01","Headline PCE","3m",5.622
"1989-05-01","Headline PCE","3m",5.758
"1989-06-01","Headline PCE","3m",5.112
"1989-07-01","Headline PCE","3m",3.34
"1989-08-01","Headline PCE","3m",1.895
"1989-09-01","Headline PCE","3m",1.912
"1989-10-01","Headline PCE","3m",2.53
"1989-11-01","Headline PCE","3m",3.376
"1989-12-01","Headline PCE","3m",3.654
"1990-01-01","Headline PCE","3m",5.175
"1990-02-01","Headline PCE","3m",6.113
"1990-03-01","Headline PCE","3m",6.484
"1990-04-01","Headline PCE","3m",4.19
"1990-05-01","Headline PCE","3m",3.298
"1990-06-01","Headline PCE","3m",3.563
"1990-07-01","Headline PCE","3m",3.715
"1990-08-01","Headline PCE","3m",5.55
"1990-09-01","Headline PCE","3m",6.275
"1990-10-01","Headline PCE","3m",7.661
"1990-11-01","Headline PCE","3m",5.377
"1990-12-01","Headline PCE","3m",3.213
"1991-01-01","Headline PCE","3m",2.429
"1991-02-01","Headline PCE","3m",2.119
"1991-03-01","Headline PCE","3m",1.824
"1991-04-01","Headline PCE","3m",1.017
"1991-05-01","Headline PCE","3m",2.493
"1991-06-01","Headline PCE","3m",3.1
"1991-07-01","Headline PCE","3m",3.001
"1991-08-01","Headline PCE","3m",2.26
"1991-09-01","Headline PCE","3m",2.976
"1991-10-01","Headline PCE","3m",3.097
"1991-11-01","Headline PCE","3m",3.044
"1991-12-01","Headline PCE","3m",2.659
"1992-01-01","Headline PCE","3m",2.451
"1992-02-01","Headline PCE","3m",2.589
"1992-03-01","Headline PCE","3m",2.556
"1992-04-01","Headline PCE","3m",3.107
"1992-05-01","Headline PCE","3m",2.611
"1992-06-01","Headline PCE","3m",2.346
"1992-07-01","Headline PCE","3m",2.591
"1992-08-01","Headline PCE","3m",2.594
"1992-09-01","Headline PCE","3m",2.538
"1992-10-01","Headline PCE","3m",2.632
"1992-11-01","Headline PCE","3m",2.892
"1992-12-01","Headline PCE","3m",2.939
"1993-01-01","Headline PCE","3m",2.488
"1993-02-01","Headline PCE","3m",2.299
"1993-03-01","Headline PCE","3m",2.421
"1993-04-01","Headline PCE","3m",2.517
"1993-05-01","Headline PCE","3m",3.166
"1993-06-01","Headline PCE","3m",2.464
"1993-07-01","Headline PCE","3m",2.03
"1993-08-01","Headline PCE","3m",1.468
"1993-09-01","Headline PCE","3m",1.754
"1993-10-01","Headline PCE","3m",2.382
"1993-11-01","Headline PCE","3m",2.459
"1993-12-01","Headline PCE","3m",2.126
"1994-01-01","Headline PCE","3m",0.988
"1994-02-01","Headline PCE","3m",1.158
"1994-03-01","Headline PCE","3m",2.183
"1994-04-01","Headline PCE","3m",2.53
"1994-05-01","Headline PCE","3m",2.177
"1994-06-01","Headline PCE","3m",2.048
"1994-07-01","Headline PCE","3m",2.854
"1994-08-01","Headline PCE","3m",3.202
"1994-09-01","Headline PCE","3m",2.658
"1994-10-01","Headline PCE","3m",2.061
"1994-11-01","Headline PCE","3m",1.898
"1994-12-01","Headline PCE","3m",1.708
"1995-01-01","Headline PCE","3m",1.844
"1995-02-01","Headline PCE","3m",1.792
"1995-03-01","Headline PCE","3m",2.282
"1995-04-01","Headline PCE","3m",2.526
"1995-05-01","Headline PCE","3m",2.431
"1995-06-01","Headline PCE","3m",2.076
"1995-07-01","Headline PCE","3m",1.519
"1995-08-01","Headline PCE","3m",1.768
"1995-09-01","Headline PCE","3m",1.652
"1995-10-01","Headline PCE","3m",2.195
"1995-11-01","Headline PCE","3m",1.307
"1995-12-01","Headline PCE","3m",1.806
"1996-01-01","Headline PCE","3m",1.659
"1996-02-01","Headline PCE","3m",2.314
"1996-03-01","Headline PCE","3m",2.763
"1996-04-01","Headline PCE","3m",3.079
"1996-05-01","Headline PCE","3m",3.14
"1996-06-01","Headline PCE","3m",1.898
"1996-07-01","Headline PCE","3m",1.54
"1996-08-01","Headline PCE","3m",1.227
"1996-09-01","Headline PCE","3m",2.383
"1996-10-01","Headline PCE","3m",2.755
"1996-11-01","Headline PCE","3m",3.094
"1996-12-01","Headline PCE","3m",2.41
"1997-01-01","Headline PCE","3m",1.709
"1997-02-01","Headline PCE","3m",1.834
"1997-03-01","Headline PCE","3m",1.791
"1997-04-01","Headline PCE","3m",1.662
"1997-05-01","Headline PCE","3m",0.634
"1997-06-01","Headline PCE","3m",0.725
"1997-07-01","Headline PCE","3m",0.57
"1997-08-01","Headline PCE","3m",1.075
"1997-09-01","Headline PCE","3m",1.532
"1997-10-01","Headline PCE","3m",1.819
"1997-11-01","Headline PCE","3m",1.519
"1997-12-01","Headline PCE","3m",0.46
"1998-01-01","Headline PCE","3m",0.136
"1998-02-01","Headline PCE","3m",-0.096
"1998-03-01","Headline PCE","3m",0.051
"1998-04-01","Headline PCE","3m",0.351
"1998-05-01","Headline PCE","3m",1.114
"1998-06-01","Headline PCE","3m",0.709
"1998-07-01","Headline PCE","3m",1.203
"1998-08-01","Headline PCE","3m",1.207
"1998-09-01","Headline PCE","3m",1.317
"1998-10-01","Headline PCE","3m",1.205
"1998-11-01","Headline PCE","3m",0.665
"1998-12-01","Headline PCE","3m",1.307
"1999-01-01","Headline PCE","3m",0.986
"1999-02-01","Headline PCE","3m",0.743
"1999-03-01","Headline PCE","3m",0.641
"1999-04-01","Headline PCE","3m",2.026
"1999-05-01","Headline PCE","3m",2.524
"1999-06-01","Headline PCE","3m",2.339
"1999-07-01","Headline PCE","3m",1.457
"1999-08-01","Headline PCE","3m",1.93
"1999-09-01","Headline PCE","3m",3.275
"1999-10-01","Headline PCE","3m",2.874
"1999-11-01","Headline PCE","3m",2.496
"1999-12-01","Headline PCE","3m",1.981
"2000-01-01","Headline PCE","3m",2.404
"2000-02-01","Headline PCE","3m",3.33
"2000-03-01","Headline PCE","3m",4.142
"2000-04-01","Headline PCE","3m",2.674
"2000-05-01","Headline PCE","3m",1.727
"2000-06-01","Headline PCE","3m",1.362
"2000-07-01","Headline PCE","3m",2.723
"2000-08-01","Headline PCE","3m",2.355
"2000-09-01","Headline PCE","3m",2.728
"2000-10-01","Headline PCE","3m",2.259
"2000-11-01","Headline PCE","3m",2.86
"2000-12-01","Headline PCE","3m",1.73
"2001-01-01","Headline PCE","3m",3.151
"2001-02-01","Headline PCE","3m",3.213
"2001-03-01","Headline PCE","3m",2.622
"2001-04-01","Headline PCE","3m",1.368
"2001-05-01","Headline PCE","3m",1.808
"2001-06-01","Headline PCE","3m",2.49
"2001-07-01","Headline PCE","3m",1.638
"2001-08-01","Headline PCE","3m",0.526
"2001-09-01","Headline PCE","3m",-1.532
"2001-10-01","Headline PCE","3m",-0.005
"2001-11-01","Headline PCE","3m",-0.228
"2001-12-01","Headline PCE","3m",0.725
"2002-01-01","Headline PCE","3m",-0.323
"2002-02-01","Headline PCE","3m",0.622
"2002-03-01","Headline PCE","3m",2.14
"2002-04-01","Headline PCE","3m",3.486
"2002-05-01","Headline PCE","3m",3.063
"2002-06-01","Headline PCE","3m",2.462
"2002-07-01","Headline PCE","3m",1.656
"2002-08-01","Headline PCE","3m",2.188
"2002-09-01","Headline PCE","3m",2.414
"2002-10-01","Headline PCE","3m",2.26
"2002-11-01","Headline PCE","3m",1.863
"2002-12-01","Headline PCE","3m",1.521
"2003-01-01","Headline PCE","3m",1.993
"2003-02-01","Headline PCE","3m",3.312
"2003-03-01","Headline PCE","3m",3.976
"2003-04-01","Headline PCE","3m",2.047
"2003-05-01","Headline PCE","3m",-0.113
"2003-06-01","Headline PCE","3m",-0.703
"2003-07-01","Headline PCE","3m",1.155
"2003-08-01","Headline PCE","3m",3.001
"2003-09-01","Headline PCE","3m",3.843
"2003-10-01","Headline PCE","3m",2.684
"2003-11-01","Headline PCE","3m",1.821
"2003-12-01","Headline PCE","3m",1.448
"2004-01-01","Headline PCE","3m",2.974
"2004-02-01","Headline PCE","3m",3.33
"2004-03-01","Headline PCE","3m",3.057
"2004-04-01","Headline PCE","3m",2.234
"2004-05-01","Headline PCE","3m",2.693
"2004-06-01","Headline PCE","3m",3.23
"2004-07-01","Headline PCE","3m",2.848
"2004-08-01","Headline PCE","3m",1.73
"2004-09-01","Headline PCE","3m",1.375
"2004-10-01","Headline PCE","3m",2.746
"2004-11-01","Headline PCE","3m",4.125
"2004-12-01","Headline PCE","3m",3.526
"2005-01-01","Headline PCE","3m",2.302
"2005-02-01","Headline PCE","3m",1.865
"2005-03-01","Headline PCE","3m",2.872
"2005-04-01","Headline PCE","3m",3.486
"2005-05-01","Headline PCE","3m",2.573
"2005-06-01","Headline PCE","3m",1.607
"2005-07-01","Headline PCE","3m",2.189
"2005-08-01","Headline PCE","3m",3.614
"2005-09-01","Headline PCE","3m",7.404
"2005-10-01","Headline PCE","3m",6.281
"2005-11-01","Headline PCE","3m",3.712
"2005-12-01","Headline PCE","3m",-0.197
"2006-01-01","Headline PCE","3m",1.104
"2006-02-01","Headline PCE","3m",2.198
"2006-03-01","Headline PCE","3m",2.992
"2006-04-01","Headline PCE","3m",2.909
"2006-05-01","Headline PCE","3m",3.771
"2006-06-01","Headline PCE","3m",3.989
"2006-07-01","Headline PCE","3m",3.482
"2006-08-01","Headline PCE","3m",3.672
"2006-09-01","Headline PCE","3m",1.584
"2006-10-01","Headline PCE","3m",-0.733
"2006-11-01","Headline PCE","3m",-1.839
"2006-12-01","Headline PCE","3m",0.614
"2007-01-01","Headline PCE","3m",2.931
"2007-02-01","Headline PCE","3m",4.073
"2007-03-01","Headline PCE","3m",4.117
"2007-04-01","Headline PCE","3m",3.707
"2007-05-01","Headline PCE","3m",3.624
"2007-06-01","Headline PCE","3m",2.99
"2007-07-01","Headline PCE","3m",2.651
"2007-08-01","Headline PCE","3m",1.744
"2007-09-01","Headline PCE","3m",2.449
"2007-10-01","Headline PCE","3m",3.067
"2007-11-01","Headline PCE","3m",4.984
"2007-12-01","Headline PCE","3m",4.342
"2008-01-01","Headline PCE","3m",4.13
"2008-02-01","Headline PCE","3m",2.767
"2008-03-01","Headline PCE","3m",2.993
"2008-04-01","Headline PCE","3m",2.716
"2008-05-01","Headline PCE","3m",3.661
"2008-06-01","Headline PCE","3m",5.489
"2008-07-01","Headline PCE","3m",6.674
"2008-08-01","Headline PCE","3m",4.524
"2008-09-01","Headline PCE","3m",1.883
"2008-10-01","Headline PCE","3m",-2.607
"2008-11-01","Headline PCE","3m",-6.823
"2008-12-01","Headline PCE","3m",-9.19
"2009-01-01","Headline PCE","3m",-6.709
"2009-02-01","Headline PCE","3m",-1.468
"2009-03-01","Headline PCE","3m",0.323
"2009-04-01","Headline PCE","3m",0.852
"2009-05-01","Headline PCE","3m",0.549
"2009-06-01","Headline PCE","3m",3.414
"2009-07-01","Headline PCE","3m",2.871
"2009-08-01","Headline PCE","3m",3.637
"2009-09-01","Headline PCE","3m",1.866
"2009-10-01","Headline PCE","3m",3.375
"2009-11-01","Headline PCE","3m",3.209
"2009-12-01","Headline PCE","3m",2.783
"2010-01-01","Headline PCE","3m",2.127
"2010-02-01","Headline PCE","3m",1.104
"2010-03-01","Headline PCE","3m",1.44
"2010-04-01","Headline PCE","3m",0.774
"2010-05-01","Headline PCE","3m",0.913
"2010-06-01","Headline PCE","3m",0.177
"2010-07-01","Headline PCE","3m",0.302
"2010-08-01","Headline PCE","3m",0.724
"2010-09-01","Headline PCE","3m",1.295
"2010-10-01","Headline PCE","3m",2.245
"2010-11-01","Headline PCE","3m",2.498
"2010-12-01","Headline PCE","3m",3.018
"2011-01-01","Headline PCE","3m",2.941
"2011-02-01","Headline PCE","3m",3.268
"2011-03-01","Headline PCE","3m",3.994
"2011-04-01","Headline PCE","3m",4.509
"2011-05-01","Headline PCE","3m",4.614
"2011-06-01","Headline PCE","3m",2.864
"2011-07-01","Headline PCE","3m",1.827
"2011-08-01","Headline PCE","3m",1.551
"2011-09-01","Headline PCE","3m",2.207
"2011-10-01","Headline PCE","3m",1.523
"2011-11-01","Headline PCE","3m",1.398
"2011-12-01","Headline PCE","3m",1.063
"2012-01-01","Headline PCE","3m",2.444
"2012-02-01","Headline PCE","3m",2.521
"2012-03-01","Headline PCE","3m",3.07
"2012-04-01","Headline PCE","3m",2.208
"2012-05-01","Headline PCE","3m",0.844
"2012-06-01","Headline PCE","3m",-0.127
"2012-07-01","Headline PCE","3m",-0.507
"2012-08-01","Headline PCE","3m",1.291
"2012-09-01","Headline PCE","3m",2.74
"2012-10-01","Headline PCE","3m",3.812
"2012-11-01","Headline PCE","3m",2.148
"2012-12-01","Headline PCE","3m",0.85
"2013-01-01","Headline PCE","3m",0.425
"2013-02-01","Headline PCE","3m",2.141
"2013-03-01","Headline PCE","3m",1.668
"2013-04-01","Headline PCE","3m",0.488
"2013-05-01","Headline PCE","3m",-0.639
"2013-06-01","Headline PCE","3m",0.777
"2013-07-01","Headline PCE","3m",1.692
"2013-08-01","Headline PCE","3m",1.997
"2013-09-01","Headline PCE","3m",1.273
"2013-10-01","Headline PCE","3m",1.305
"2013-11-01","Headline PCE","3m",1.307
"2013-12-01","Headline PCE","3m",1.838
"2014-01-01","Headline PCE","3m",2.144
"2014-02-01","Headline PCE","3m",1.732
"2014-03-01","Headline PCE","3m",1.674
"2014-04-01","Headline PCE","3m",1.553
"2014-05-01","Headline PCE","3m",2.031
"2014-06-01","Headline PCE","3m",1.822
"2014-07-01","Headline PCE","3m",1.677
"2014-08-01","Headline PCE","3m",0.959
"2014-09-01","Headline PCE","3m",0.66
"2014-10-01","Headline PCE","3m",-0.029
"2014-11-01","Headline PCE","3m",-0.361
"2014-12-01","Headline PCE","3m",-1.198
"2015-01-01","Headline PCE","3m",-2.965
"2015-02-01","Headline PCE","3m",-1.902
"2015-03-01","Headline PCE","3m",-0.46
"2015-04-01","Headline PCE","3m",1.833
"2015-05-01","Headline PCE","3m",2.09
"2015-06-01","Headline PCE","3m",2.111
"2015-07-01","Headline PCE","3m",2.122
"2015-08-01","Headline PCE","3m",1.176
"2015-09-01","Headline PCE","3m",-0.16
"2015-10-01","Headline PCE","3m",-0.524
"2015-11-01","Headline PCE","3m",-0.303
"2015-12-01","Headline PCE","3m",-0.086
"2016-01-01","Headline PCE","3m",0.078
"2016-02-01","Headline PCE","3m",-0.381
"2016-03-01","Headline PCE","3m",0.894
"2016-04-01","Headline PCE","3m",2.055
"2016-05-01","Headline PCE","3m",2.938
"2016-06-01","Headline PCE","3m",2.697
"2016-07-01","Headline PCE","3m",1.432
"2016-08-01","Headline PCE","3m",1.335
"2016-09-01","Headline PCE","3m",1.394
"2016-10-01","Headline PCE","3m",2.157
"2016-11-01","Headline PCE","3m",1.725
"2016-12-01","Headline PCE","3m",1.652
"2017-01-01","Headline PCE","3m",2.38
"2017-02-01","Headline PCE","3m",2.799
"2017-03-01","Headline PCE","3m",1.887
"2017-04-01","Headline PCE","3m",1.107
"2017-05-01","Headline PCE","3m",0.386
"2017-06-01","Headline PCE","3m",0.932
"2017-07-01","Headline PCE","3m",0.313
"2017-08-01","Headline PCE","3m",1.392
"2017-09-01","Headline PCE","3m",2.566
"2017-10-01","Headline PCE","3m",2.95
"2017-11-01","Headline PCE","3m",2.617
"2017-12-01","Headline PCE","3m",1.688
"2018-01-01","Headline PCE","3m",2.684
"2018-02-01","Headline PCE","3m",2.977
"2018-03-01","Headline PCE","3m",2.818
"2018-04-01","Headline PCE","3m",2.26
"2018-05-01","Headline PCE","3m",2.087
"2018-06-01","Headline PCE","3m",2.005
"2018-07-01","Headline PCE","3m",1.466
"2018-08-01","Headline PCE","3m",1.052
"2018-09-01","Headline PCE","3m",1.534
"2018-10-01","Headline PCE","3m",1.806
"2018-11-01","Headline PCE","3m",1.662
"2018-12-01","Headline PCE","3m",1.11
"2019-01-01","Headline PCE","3m",0.207
"2019-02-01","Headline PCE","3m",0.805
"2019-03-01","Headline PCE","3m",1.441
"2019-04-01","Headline PCE","3m",2.804
"2019-05-01","Headline PCE","3m",2.35
"2019-06-01","Headline PCE","3m",1.62
"2019-07-01","Headline PCE","3m",1.018
"2019-08-01","Headline PCE","3m",0.912
"2019-09-01","Headline PCE","3m",0.966
"2019-10-01","Headline PCE","3m",1.144
"2019-11-01","Headline PCE","3m",1.373
"2019-12-01","Headline PCE","3m",2.232
"2020-01-01","Headline PCE","3m",2.224
"2020-02-01","Headline PCE","3m",2.128
"2020-03-01","Headline PCE","3m",-0.138
"2020-04-01","Headline PCE","3m",-2.473
"2020-05-01","Headline PCE","3m",-2.392
"2020-06-01","Headline PCE","3m",-0.004
"2020-07-01","Headline PCE","3m",2.881
"2020-08-01","Headline PCE","3m",3.619
"2020-09-01","Headline PCE","3m",3.053
"2020-10-01","Headline PCE","3m",2.21
"2020-11-01","Headline PCE","3m",1.488
"2020-12-01","Headline PCE","3m",2.467
"2021-01-01","Headline PCE","3m",3.523
"2021-02-01","Headline PCE","3m",4.572
"2021-03-01","Headline PCE","3m",5.09
"2021-04-01","Headline PCE","3m",5.731
"2021-05-01","Headline PCE","3m",6.26
"2021-06-01","Headline PCE","3m",6.307
"2021-07-01","Headline PCE","3m",6.12
"2021-08-01","Headline PCE","3m",5.784
"2021-09-01","Headline PCE","3m",4.796
"2021-10-01","Headline PCE","3m",5.756
"2021-11-01","Headline PCE","3m",6.871
"2021-12-01","Headline PCE","3m",8.016
"2022-01-01","Headline PCE","3m",7.341
"2022-02-01","Headline PCE","3m",7.129
"2022-03-01","Headline PCE","3m",8.604
"2022-04-01","Headline PCE","3m",7.329
"2022-05-01","Headline PCE","3m",7.361
"2022-06-01","Headline PCE","3m",7.498
"2022-07-01","Headline PCE","3m",7.021
"2022-08-01","Headline PCE","3m",5.384
"2022-09-01","Headline PCE","3m",2.757
"2022-10-01","Headline PCE","3m",4.363
"2022-11-01","Headline PCE","3m",4.511
"2022-12-01","Headline PCE","3m",3.681
"2023-01-01","Headline PCE","3m",3.561
"2023-02-01","Headline PCE","3m",3.579
"2023-03-01","Headline PCE","3m",4.089
"2023-04-01","Headline PCE","3m",3.227
"2023-05-01","Headline PCE","3m",2.929
"2023-06-01","Headline PCE","3m",2.86
"2023-07-01","Headline PCE","3m",2.305
"2023-08-01","Headline PCE","3m",2.741
"2023-09-01","Headline PCE","3m",3.34
"2023-10-01","Headline PCE","3m",3.311
"2023-11-01","Headline PCE","3m",2.308
"2023-12-01","Headline PCE","3m",1.181
"2024-01-01","Headline PCE","3m",2.153
"2024-02-01","Headline PCE","3m",3.252
"2024-03-01","Headline PCE","3m",4.452
"2024-04-01","Headline PCE","3m",3.592
"2024-05-01","Headline PCE","3m",2.489
"2024-06-01","Headline PCE","3m",1.342
"2024-07-01","Headline PCE","3m",1.343
"2024-08-01","Headline PCE","3m",1.703
"2024-09-01","Headline PCE","3m",2.096
"2024-10-01","Headline PCE","3m",2.549
"2024-11-01","Headline PCE","3m",2.526
"2024-12-01","Headline PCE","3m",2.728
"2025-01-01","Headline PCE","3m",3.058
"2025-02-01","Headline PCE","3m",3.59
"2025-03-01","Headline PCE","3m",2.863
"2025-04-01","Headline PCE","3m",2.381
"2025-05-01","Headline PCE","3m",2.045
"2025-06-01","Headline PCE","3m",2.764
"2025-07-01","Headline PCE","3m",2.377
"2025-08-01","Headline PCE","3m",2.623
"2025-09-01","Headline PCE","3m",2.778
"2025-10-01","Headline PCE","3m",2.816
"2025-11-01","Headline PCE","3m",2.59
"2025-12-01","Headline PCE","3m",2.704
"2026-01-01","Headline PCE","3m",3.343
"2026-02-01","Headline PCE","3m",3.956
"2026-03-01","Headline PCE","3m",5.238
"2026-04-01","Headline PCE","3m",5.794
"2026-05-01","Headline PCE","3m",6.164
"2026-06-01","Headline PCE","3m",3.113
"2026-07-01","Headline PCE","3m",1.539
"2026-08-01","Headline PCE","3m",1.034
"1960-01-01","Headline PCE","12m",1.695
"1960-02-01","Headline PCE","12m",1.7
"1960-03-01","Headline PCE","12m",1.692
"1960-04-01","Headline PCE","12m",1.86
"1960-05-01","Headline PCE","12m",1.911
"1960-06-01","Headline PCE","12m",1.663
"1960-07-01","Headline PCE","12m",1.634
"1960-08-01","Headline PCE","12m",1.657
"1960-09-01","Headline PCE","12m",1.451
"1960-10-01","Headline PCE","12m",1.325
"1960-11-01","Headline PCE","12m",1.603
"1960-12-01","Headline PCE","12m",1.504
"1961-01-01","Headline PCE","12m",1.582
"1961-02-01","Headline PCE","12m",1.568
"1961-03-01","Headline PCE","12m",1.45
"1961-04-01","Headline PCE","12m",1.026
"1961-05-01","Headline PCE","12m",0.98
"1961-06-01","Headline PCE","12m",0.979
"1961-07-01","Headline PCE","12m",1.016
"1961-08-01","Headline PCE","12m",0.931
"1961-09-01","Headline PCE","12m",0.988
"1961-10-01","Headline PCE","12m",0.865
"1961-11-01","Headline PCE","12m",0.53
"1961-12-01","Headline PCE","12m",0.536
"1962-01-01","Headline PCE","12m",0.709
"1962-02-01","Headline PCE","12m",0.887
"1962-03-01","Headline PCE","12m",1.078
"1962-04-01","Headline PCE","12m",1.252
"1962-05-01","Headline PCE","12m",1.257
"1962-06-01","Headline PCE","12m",1.276
"1962-07-01","Headline PCE","12m",0.999
"1962-08-01","Headline PCE","12m",1.062
"1962-09-01","Headline PCE","12m",1.442
"1962-10-01","Headline PCE","12m",1.347
"1962-11-01","Headline PCE","12m",1.41
"1962-12-01","Headline PCE","12m",1.346
"1963-01-01","Headline PCE","12m",1.401
"1963-02-01","Headline PCE","12m",1.239
"1963-03-01","Headline PCE","12m",1.023
"1963-04-01","Headline PCE","12m",0.902
"1963-05-01","Headline PCE","12m",1.002
"1963-06-01","Headline PCE","12m",1.159
"1963-07-01","Headline PCE","12m",1.418
"1963-08-01","Headline PCE","12m",1.41
"1963-09-01","Headline PCE","12m",0.895
"1963-10-01","Headline PCE","12m",1.191
"1963-11-01","Headline PCE","12m",1.265
"1963-12-01","Headline PCE","12m",1.454
"1964-01-01","Headline PCE","12m",1.419
"1964-02-01","Headline PCE","12m",1.455
"1964-03-01","Headline PCE","12m",1.6
"1964-04-01","Headline PCE","12m",1.681
"1964-05-01","Headline PCE","12m",1.529
"1964-06-01","Headline PCE","12m",1.451
"1964-07-01","Headline PCE","12m",1.379
"1964-08-01","Headline PCE","12m",1.316
"1964-09-01","Headline PCE","12m",1.49
"1964-10-01","Headline PCE","12m",1.357
"1964-11-01","Headline PCE","12m",1.355
"1964-12-01","Headline PCE","12m",1.353
"1965-01-01","Headline PCE","12m",1.251
"1965-02-01","Headline PCE","12m",1.151
"1965-03-01","Headline PCE","12m",1.218
"1965-04-01","Headline PCE","12m",1.303
"1965-05-01","Headline PCE","12m",1.518
"1965-06-01","Headline PCE","12m",1.669
"1965-07-01","Headline PCE","12m",1.612
"1965-08-01","Headline PCE","12m",1.562
"1965-09-01","Headline PCE","12m",1.455
"1965-10-01","Headline PCE","12m",1.424
"1965-11-01","Headline PCE","12m",1.453
"1965-12-01","Headline PCE","12m",1.67
"1966-01-01","Headline PCE","12m",1.68
"1966-02-01","Headline PCE","12m",2.057
"1966-03-01","Headline PCE","12m",2.176
"1966-04-01","Headline PCE","12m",2.366
"1966-05-01","Headline PCE","12m",2.264
"1966-06-01","Headline PCE","12m",2.221
"1966-07-01","Headline PCE","12m",2.346
"1966-08-01","Headline PCE","12m",2.714
"1966-09-01","Headline PCE","12m",2.99
"1966-10-01","Headline PCE","12m",3.23
"1966-11-01","Headline PCE","12m",3.206
"1966-12-01","Headline PCE","12m",3.051
"1967-01-01","Headline PCE","12m",2.934
"1967-02-01","Headline PCE","12m",2.629
"1967-03-01","Headline PCE","12m",2.433
"1967-04-01","Headline PCE","12m",2.252
"1967-05-01","Headline PCE","12m",2.321
"1967-06-01","Headline PCE","12m",2.392
"1967-07-01","Headline PCE","12m",2.54
"1967-08-01","Headline PCE","12m",2.466
"1967-09-01","Headline PCE","12m",2.452
"1967-10-01","Headline PCE","12m",2.469
"1967-11-01","Headline PCE","12m",2.658
"1967-12-01","Headline PCE","12m",2.606
"1968-01-01","Headline PCE","12m",3.077
"1968-02-01","Headline PCE","12m",3.375
"1968-03-01","Headline PCE","12m",3.658
"1968-04-01","Headline PCE","12m",3.808
"1968-05-01","Headline PCE","12m",3.992
"1968-06-01","Headline PCE","12m",3.997
"1968-07-01","Headline PCE","12m",3.96
"1968-08-01","Headline PCE","12m",4.063
"1968-09-01","Headline PCE","12m",4.107
"1968-10-01","Headline PCE","12m",4.273
"1968-11-01","Headline PCE","12m",4.281
"1968-12-01","Headline PCE","12m",4.331
"1969-01-01","Headline PCE","12m",4.255
"1969-02-01","Headline PCE","12m",4.097
"1969-03-01","Headline PCE","12m",4.246
"1969-04-01","Headline PCE","12m",4.378
"1969-05-01","Headline PCE","12m",4.412
"1969-06-01","Headline PCE","12m",4.581
"1969-07-01","Headline PCE","12m",4.722
"1969-08-01","Headline PCE","12m",4.581
"1969-09-01","Headline PCE","12m",4.653
"1969-10-01","Headline PCE","12m",4.551
"1969-11-01","Headline PCE","12m",4.65
"1969-12-01","Headline PCE","12m",4.912
"1970-01-01","Headline PCE","12m",4.877
"1970-02-01","Headline PCE","12m",5.026
"1970-03-01","Headline PCE","12m",4.793
"1970-04-01","Headline PCE","12m",4.863
"1970-05-01","Headline PCE","12m",4.774
"1970-06-01","Headline PCE","12m",4.539
"1970-07-01","Headline PCE","12m",4.461
"1970-08-01","Headline PCE","12m",4.449
"1970-09-01","Headline PCE","12m",4.483
"1970-10-01","Headline PCE","12m",4.645
"1970-11-01","Headline PCE","12m",4.605
"1970-12-01","Headline PCE","12m",4.589
"1971-01-01","Headline PCE","12m",4.438
"1971-02-01","Headline PCE","12m",4.328
"1971-03-01","Headline PCE","12m",4.415
"1971-04-01","Headline PCE","12m",4.296
"1971-05-01","Headline PCE","12m",4.399
"1971-06-01","Headline PCE","12m",4.591
"1971-07-01","Headline PCE","12m",4.523
"1971-08-01","Headline PCE","12m",4.552
"1971-09-01","Headline PCE","12m",4.24
"1971-10-01","Headline PCE","12m",3.885
"1971-11-01","Headline PCE","12m",3.691
"1971-12-01","Headline PCE","12m",3.64
"1972-01-01","Headline PCE","12m",3.844
"1972-02-01","Headline PCE","12m",3.952
"1972-03-01","Headline PCE","12m",3.757
"1972-04-01","Headline PCE","12m",3.507
"1972-05-01","Headline PCE","12m",3.308
"1972-06-01","Headline PCE","12m",3.007
"1972-07-01","Headline PCE","12m",3.066
"1972-08-01","Headline PCE","12m",3.066
"1972-09-01","Headline PCE","12m",3.375
"1972-10-01","Headline PCE","12m",3.331
"1972-11-01","Headline PCE","12m",3.425
"1972-12-01","Headline PCE","12m",3.349
"1973-01-01","Headline PCE","12m",3.236
"1973-02-01","Headline PCE","12m",3.37
"1973-03-01","Headline PCE","12m",3.957
"1973-04-01","Headline PCE","12m",4.57
"1973-05-01","Headline PCE","12m",4.852
"1973-06-01","Headline PCE","12m",5.292
"1973-07-01","Headline PCE","12m",5.297
"1973-08-01","Headline PCE","12m",6.203
"1973-09-01","Headline PCE","12m",6.147
"1973-10-01","Headline PCE","12m",6.629
"1973-11-01","Headline PCE","12m",7.184
"1973-12-01","Headline PCE","12m",7.721
"1974-01-01","Headline PCE","12m",8.426
"1974-02-01","Headline PCE","12m",9.116
"1974-03-01","Headline PCE","12m",9.602
"1974-04-01","Headline PCE","12m",9.563
"1974-05-01","Headline PCE","12m",10.101
"1974-06-01","Headline PCE","12m",10.406
"1974-07-01","Headline PCE","12m",10.818
"1974-08-01","Headline PCE","12m",10.699
"1974-09-01","Headline PCE","12m",11.407
"1974-10-01","Headline PCE","12m",11.574
"1974-11-01","Headline PCE","12m",11.497
"1974-12-01","Headline PCE","12m",11.464
"1975-01-01","Headline PCE","12m",11.091
"1975-02-01","Headline PCE","12m",10.409
"1975-03-01","Headline PCE","12m",9.513
"1975-04-01","Headline PCE","12m",9.112
"1975-05-01","Headline PCE","12m",8.48
"1975-06-01","Headline PCE","12m",8.238
"1975-07-01","Headline PCE","12m",8.367
"1975-08-01","Headline PCE","12m",7.711
"1975-09-01","Headline PCE","12m",7.132
"1975-10-01","Headline PCE","12m",6.987
"1975-11-01","Headline PCE","12m",6.873
"1975-12-01","Headline PCE","12m",6.619
"1976-01-01","Headline PCE","12m",6.364
"1976-02-01","Headline PCE","12m",5.926
"1976-03-01","Headline PCE","12m",5.728
"1976-04-01","Headline PCE","12m",5.61
"1976-05-01","Headline PCE","12m",5.689
"1976-06-01","Headline PCE","12m",5.493
"1976-07-01","Headline PCE","12m",5.127
"1976-08-01","Headline PCE","12m",5.249
"1976-09-01","Headline PCE","12m",5.319
"1976-10-01","Headline PCE","12m",5.259
"1976-11-01","Headline PCE","12m",5.062
"1976-12-01","Headline PCE","12m",5.07
"1977-01-01","Headline PCE","12m",5.282
"1977-02-01","Headline PCE","12m",5.968
"1977-03-01","Headline PCE","12m",6.339
"1977-04-01","Headline PCE","12m",6.715
"1977-05-01","Headline PCE","12m",6.748
"1977-06-01","Headline PCE","12m",6.878
"1977-07-01","Headline PCE","12m",6.889
"1977-08-01","Headline PCE","12m",6.799
"1977-09-01","Headline PCE","12m",6.604
"1977-10-01","Headline PCE","12m",6.541
"1977-11-01","Headline PCE","12m",6.667
"1977-12-01","Headline PCE","12m",6.589
"1978-01-01","Headline PCE","12m",6.599
"1978-02-01","Headline PCE","12m",6.263
"1978-03-01","Headline PCE","12m",6.417
"1978-04-01","Headline PCE","12m",6.605
"1978-05-01","Headline PCE","12m",6.825
"1978-06-01","Headline PCE","12m",6.923
"1978-07-01","Headline PCE","12m",6.953
"1978-08-01","Headline PCE","12m",6.997
"1978-09-01","Headline PCE","12m",7.2
"1978-10-01","Headline PCE","12m",7.554
"1978-11-01","Headline PCE","12m",7.547
"1978-12-01","Headline PCE","12m",7.526
"1979-01-01","Headline PCE","12m",7.703
"1979-02-01","Headline PCE","12m",7.776
"1979-03-01","Headline PCE","12m",7.92
"1979-04-01","Headline PCE","12m",8.225
"1979-05-01","Headline PCE","12m",8.57
"1979-06-01","Headline PCE","12m",8.756
"1979-07-01","Headline PCE","12m",8.99
"1979-08-01","Headline PCE","12m",9.27
"1979-09-01","Headline PCE","12m",9.612
"1979-10-01","Headline PCE","12m",9.632
"1979-11-01","Headline PCE","12m",9.771
"1979-12-01","Headline PCE","12m",10.178
"1980-01-01","Headline PCE","12m",10.498
"1980-02-01","Headline PCE","12m",11.103
"1980-03-01","Headline PCE","12m",11.595
"1980-04-01","Headline PCE","12m",11.019
"1980-05-01","Headline PCE","12m",10.736
"1980-06-01","Headline PCE","12m",10.523
"1980-07-01","Headline PCE","12m",10.54
"1980-08-01","Headline PCE","12m",10.614
"1980-09-01","Headline PCE","12m",10.661
"1980-10-01","Headline PCE","12m",10.643
"1980-11-01","Headline PCE","12m",10.776
"1980-12-01","Headline PCE","12m",10.566
"1981-01-01","Headline PCE","12m",10.47
"1981-02-01","Headline PCE","12m",10.393
"1981-03-01","Headline PCE","12m",9.814
"1981-04-01","Headline PCE","12m",9.721
"1981-05-01","Headline PCE","12m",9.363
"1981-06-01","Headline PCE","12m",9.11
"1981-07-01","Headline PCE","12m",8.922
"1981-08-01","Headline PCE","12m",8.699
"1981-09-01","Headline PCE","12m",8.355
"1981-10-01","Headline PCE","12m",7.981
"1981-11-01","Headline PCE","12m",7.684
"1981-12-01","Headline PCE","12m",7.319
"1982-01-01","Headline PCE","12m",6.93
"1982-02-01","Headline PCE","12m",6.177
"1982-03-01","Headline PCE","12m",5.713
"1982-04-01","Headline PCE","12m",5.306
"1982-05-01","Headline PCE","12m",5.458
"1982-06-01","Headline PCE","12m",5.801
"1982-07-01","Headline PCE","12m",5.789
"1982-08-01","Headline PCE","12m",5.457
"1982-09-01","Headline PCE","12m",5.112
"1982-10-01","Headline PCE","12m",5.226
"1982-11-01","Headline PCE","12m",4.979
"1982-12-01","Headline PCE","12m",4.815
"1983-01-01","Headline PCE","12m",4.682
"1983-02-01","Headline PCE","12m",4.545
"1983-03-01","Headline PCE","12m",4.411
"1983-04-01","Headline PCE","12m",4.835
"1983-05-01","Headline PCE","12m",4.511
"1983-06-01","Headline PCE","12m",4.145
"1983-07-01","Headline PCE","12m",4.116
"1983-08-01","Headline PCE","12m",4.239
"1983-09-01","Headline PCE","12m",4.315
"1983-10-01","Headline PCE","12m",3.909
"1983-11-01","Headline PCE","12m",3.744
"1983-12-01","Headline PCE","12m",3.644
"1984-01-01","Headline PCE","12m",3.612
"1984-02-01","Headline PCE","12m",4.132
"1984-03-01","Headline PCE","12m",4.339
"1984-04-01","Headline PCE","12m",4.261
"1984-05-01","Headline PCE","12m",4.098
"1984-06-01","Headline PCE","12m",3.896
"1984-07-01","Headline PCE","12m",3.682
"1984-08-01","Headline PCE","12m",3.558
"1984-09-01","Headline PCE","12m",3.336
"1984-10-01","Headline PCE","12m",3.404
"1984-11-01","Headline PCE","12m",3.404
"1984-12-01","Headline PCE","12m",3.638
"1985-01-01","Headline PCE","12m",3.704
"1985-02-01","Headline PCE","12m",3.49
"1985-03-01","Headline PCE","12m",3.555
"1985-04-01","Headline PCE","12m",3.312
"1985-05-01","Headline PCE","12m",3.425
"1985-06-01","Headline PCE","12m",3.523
"1985-07-01","Headline PCE","12m",3.407
"1985-08-01","Headline PCE","12m",3.432
"1985-09-01","Headline PCE","12m",3.466
"1985-10-01","Headline PCE","12m",3.394
"1985-11-01","Headline PCE","12m",3.549
"1985-12-01","Headline PCE","12m",3.604
"1986-01-01","Headline PCE","12m",3.564
"1986-02-01","Headline PCE","12m",3.085
"1986-03-01","Headline PCE","12m",2.458
"1986-04-01","Headline PCE","12m",2.102
"1986-05-01","Headline PCE","12m",2.046
"1986-06-01","Headline PCE","12m",2.149
"1986-07-01","Headline PCE","12m",1.924
"1986-08-01","Headline PCE","12m",1.716
"1986-09-01","Headline PCE","12m",1.877
"1986-10-01","Headline PCE","12m",1.89
"1986-11-01","Headline PCE","12m",1.776
"1986-12-01","Headline PCE","12m",1.575
"1987-01-01","Headline PCE","12m",1.586
"1987-02-01","Headline PCE","12m",1.942
"1987-03-01","Headline PCE","12m",2.437
"1987-04-01","Headline PCE","12m",3.029
"1987-05-01","Headline PCE","12m",3.102
"1987-06-01","Headline PCE","12m",3.108
"1987-07-01","Headline PCE","12m",3.321
"1987-08-01","Headline PCE","12m",3.6
"1987-09-01","Headline PCE","12m",3.609
"1987-10-01","Headline PCE","12m",3.752
"1987-11-01","Headline PCE","12m",3.763
"1987-12-01","Headline PCE","12m",3.812
"1988-01-01","Headline PCE","12m",3.727
"1988-02-01","Headline PCE","12m",3.518
"1988-03-01","Headline PCE","12m",3.599
"1988-04-01","Headline PCE","12m",3.715
"1988-05-01","Headline PCE","12m",3.753
"1988-06-01","Headline PCE","12m",3.802
"1988-07-01","Headline PCE","12m",4.065
"1988-08-01","Headline PCE","12m",3.963
"1988-09-01","Headline PCE","12m",4.118
"1988-10-01","Headline PCE","12m",4.128
"1988-11-01","Headline PCE","12m",4.172
"1988-12-01","Headline PCE","12m",4.304
"1989-01-01","Headline PCE","12m",4.434
"1989-02-01","Headline PCE","12m",4.626
"1989-03-01","Headline PCE","12m",4.657
"1989-04-01","Headline PCE","12m",4.844
"1989-05-01","Headline PCE","12m",4.922
"1989-06-01","Headline PCE","12m",4.705
"1989-07-01","Headline PCE","12m",4.448
"1989-08-01","Headline PCE","12m",4.152
"1989-09-01","Headline PCE","12m",3.878
"1989-10-01","Headline PCE","12m",3.944
"1989-11-01","Headline PCE","12m",3.93
"1989-12-01","Headline PCE","12m",3.907
"1990-01-01","Headline PCE","12m",4.159
"1990-02-01","Headline PCE","12m",4.271
"1990-03-01","Headline PCE","12m",4.276
"1990-04-01","Headline PCE","12m",3.804
"1990-05-01","Headline PCE","12m",3.659
"1990-06-01","Headline PCE","12m",3.89
"1990-07-01","Headline PCE","12m",3.898
"1990-08-01","Headline PCE","12m",4.577
"1990-09-01","Headline PCE","12m",4.985
"1990-10-01","Headline PCE","12m",5.175
"1990-11-01","Headline PCE","12m",5.079
"1990-12-01","Headline PCE","12m",4.873
"1991-01-01","Headline PCE","12m",4.481
"1991-02-01","Headline PCE","12m",4.076
"1991-03-01","Headline PCE","12m",3.706
"1991-04-01","Headline PCE","12m",3.677
"1991-05-01","Headline PCE","12m",3.872
"1991-06-01","Headline PCE","12m",3.59
"1991-07-01","Headline PCE","12m",3.498
"1991-08-01","Headline PCE","12m",3.053
"1991-09-01","Headline PCE","12m",2.777
"1991-10-01","Headline PCE","12m",2.383
"1991-11-01","Headline PCE","12m",2.478
"1991-12-01","Headline PCE","12m",2.638
"1992-01-01","Headline PCE","12m",2.388
"1992-02-01","Headline PCE","12m",2.596
"1992-03-01","Headline PCE","12m",2.823
"1992-04-01","Headline PCE","12m",2.914
"1992-05-01","Headline PCE","12m",2.626
"1992-06-01","Headline PCE","12m",2.634
"1992-07-01","Headline PCE","12m",2.811
"1992-08-01","Headline PCE","12m",2.709
"1992-09-01","Headline PCE","12m",2.525
"1992-10-01","Headline PCE","12m",2.695
"1992-11-01","Headline PCE","12m",2.672
"1992-12-01","Headline PCE","12m",2.595
"1993-01-01","Headline PCE","12m",2.704
"1993-02-01","Headline PCE","12m",2.599
"1993-03-01","Headline PCE","12m",2.561
"1993-04-01","Headline PCE","12m",2.557
"1993-05-01","Headline PCE","12m",2.737
"1993-06-01","Headline PCE","12m",2.59
"1993-07-01","Headline PCE","12m",2.416
"1993-08-01","Headline PCE","12m",2.454
"1993-09-01","Headline PCE","12m",2.394
"1993-10-01","Headline PCE","12m",2.354
"1993-11-01","Headline PCE","12m",2.346
"1993-12-01","Headline PCE","12m",2.191
"1994-01-01","Headline PCE","12m",1.977
"1994-02-01","Headline PCE","12m",2.06
"1994-03-01","Headline PCE","12m",2.131
"1994-04-01","Headline PCE","12m",1.98
"1994-05-01","Headline PCE","12m",1.814
"1994-06-01","Headline PCE","12m",2.028
"1994-07-01","Headline PCE","12m",2.186
"1994-08-01","Headline PCE","12m",2.246
"1994-09-01","Headline PCE","12m",2.253
"1994-10-01","Headline PCE","12m",2.106
"1994-11-01","Headline PCE","12m",2.106
"1994-12-01","Headline PCE","12m",2.148
"1995-01-01","Headline PCE","12m",2.322
"1995-02-01","Headline PCE","12m",2.266
"1995-03-01","Headline PCE","12m",2.173
"1995-04-01","Headline PCE","12m",2.321
"1995-05-01","Headline PCE","12m",2.329
"1995-06-01","Headline PCE","12m",2.18
"1995-07-01","Headline PCE","12m",1.987
"1995-08-01","Headline PCE","12m",1.972
"1995-09-01","Headline PCE","12m",1.929
"1995-10-01","Headline PCE","12m",2.02
"1995-11-01","Headline PCE","12m",1.824
"1995-12-01","Headline PCE","12m",1.954
"1996-01-01","Headline PCE","12m",1.974
"1996-02-01","Headline PCE","12m",1.954
"1996-03-01","Headline PCE","12m",2.074
"1996-04-01","Headline PCE","12m",2.111
"1996-05-01","Headline PCE","12m",2.13
"1996-06-01","Headline PCE","12m",2.029
"1996-07-01","Headline PCE","12m",2.116
"1996-08-01","Headline PCE","12m",1.994
"1996-09-01","Headline PCE","12m",2.212
"1996-10-01","Headline PCE","12m",2.256
"1996-11-01","Headline PCE","12m",2.441
"1996-12-01","Headline PCE","12m",2.363
"1997-01-01","Headline PCE","12m",2.269
"1997-02-01","Headline PCE","12m",2.321
"1997-03-01","Headline PCE","12m",2.12
"1997-04-01","Headline PCE","12m",1.915
"1997-05-01","Headline PCE","12m",1.693
"1997-06-01","Headline PCE","12m",1.825
"1997-07-01","Headline PCE","12m",1.671
"1997-08-01","Headline PCE","12m",1.655
"1997-09-01","Headline PCE","12m",1.613
"1997-10-01","Headline PCE","12m",1.439
"1997-11-01","Headline PCE","12m",1.264
"1997-12-01","Headline PCE","12m",1.126
"1998-01-01","Headline PCE","12m",1.044
"1998-02-01","Headline PCE","12m",0.781
"1998-03-01","Headline PCE","12m",0.691
"1998-04-01","Headline PCE","12m",0.717
"1998-05-01","Headline PCE","12m",0.901
"1998-06-01","Headline PCE","12m",0.687
"1998-07-01","Headline PCE","12m",0.875
"1998-08-01","Headline PCE","12m",0.934
"1998-09-01","Headline PCE","12m",0.633
"1998-10-01","Headline PCE","12m",0.723
"1998-11-01","Headline PCE","12m",0.721
"1998-12-01","Headline PCE","12m",0.844
"1999-01-01","Headline PCE","12m",0.936
"1999-02-01","Headline PCE","12m",0.932
"1999-03-01","Headline PCE","12m",0.993
"1999-04-01","Headline PCE","12m",1.355
"1999-05-01","Headline PCE","12m",1.282
"1999-06-01","Headline PCE","12m",1.399
"1999-07-01","Headline PCE","12m",1.418
"1999-08-01","Headline PCE","12m",1.463
"1999-09-01","Headline PCE","12m",1.886
"1999-10-01","Headline PCE","12m",1.834
"1999-11-01","Headline PCE","12m",1.921
"1999-12-01","Headline PCE","12m",2.055
"2000-01-01","Headline PCE","12m",2.189
"2000-02-01","Headline PCE","12m",2.569
"2000-03-01","Headline PCE","12m",2.931
"2000-04-01","Headline PCE","12m",2.351
"2000-05-01","Headline PCE","12m",2.369
"2000-06-01","Headline PCE","12m",2.684
"2000-07-01","Headline PCE","12m",2.669
"2000-08-01","Headline PCE","12m",2.475
"2000-09-01","Headline PCE","12m",2.548
"2000-10-01","Headline PCE","12m",2.515
"2000-11-01","Headline PCE","12m",2.566
"2000-12-01","Headline PCE","12m",2.485
"2001-01-01","Headline PCE","12m",2.701
"2001-02-01","Headline PCE","12m",2.537
"2001-03-01","Headline PCE","12m",2.109
"2001-04-01","Headline PCE","12m",2.373
"2001-05-01","Headline PCE","12m",2.558
"2001-06-01","Headline PCE","12m",2.392
"2001-07-01","Headline PCE","12m",2.102
"2001-08-01","Headline PCE","12m",2.096
"2001-09-01","Headline PCE","12m",1.313
"2001-10-01","Headline PCE","12m",1.532
"2001-11-01","Headline PCE","12m",1.322
"2001-12-01","Headline PCE","12m",1.062
"2002-01-01","Headline PCE","12m",0.666
"2002-02-01","Headline PCE","12m",0.68
"2002-03-01","Headline PCE","12m",0.943
"2002-04-01","Headline PCE","12m",1.188
"2002-05-01","Headline PCE","12m",0.988
"2002-06-01","Headline PCE","12m",0.936
"2002-07-01","Headline PCE","12m",1.192
"2002-08-01","Headline PCE","12m",1.403
"2002-09-01","Headline PCE","12m",1.933
"2002-10-01","Headline PCE","12m",1.76
"2002-11-01","Headline PCE","12m",1.93
"2002-12-01","Headline PCE","12m",2.134
"2003-01-01","Headline PCE","12m",2.347
"2003-02-01","Headline PCE","12m",2.605
"2003-03-01","Headline PCE","12m",2.59
"2003-04-01","Headline PCE","12m",1.989
"2003-05-01","Headline PCE","12m",1.805
"2003-06-01","Headline PCE","12m",1.788
"2003-07-01","Headline PCE","12m",1.863
"2003-08-01","Headline PCE","12m",2.007
"2003-09-01","Headline PCE","12m",2.141
"2003-10-01","Headline PCE","12m",1.968
"2003-11-01","Headline PCE","12m",1.996
"2003-12-01","Headline PCE","12m",2.123
"2004-01-01","Headline PCE","12m",2.212
"2004-02-01","Headline PCE","12m",2.001
"2004-03-01","Headline PCE","12m",1.896
"2004-04-01","Headline PCE","12m",2.259
"2004-05-01","Headline PCE","12m",2.71
"2004-06-01","Headline PCE","12m",2.891
"2004-07-01","Headline PCE","12m",2.685
"2004-08-01","Headline PCE","12m",2.391
"2004-09-01","Headline PCE","12m",2.274
"2004-10-01","Headline PCE","12m",2.7
"2004-11-01","Headline PCE","12m",2.966
"2004-12-01","Headline PCE","12m",2.794
"2005-01-01","Headline PCE","12m",2.532
"2005-02-01","Headline PCE","12m",2.599
"2005-03-01","Headline PCE","12m",2.748
"2005-04-01","Headline PCE","12m",2.845
"2005-05-01","Headline PCE","12m",2.569
"2005-06-01","Headline PCE","12m",2.341
"2005-07-01","Headline PCE","12m",2.679
"2005-08-01","Headline PCE","12m",3.041
"2005-09-01","Headline PCE","12m",3.83
"2005-10-01","Headline PCE","12m",3.551
"2005-11-01","Headline PCE","12m",2.938
"2005-12-01","Headline PCE","12m",2.884
"2006-01-01","Headline PCE","12m",3.247
"2006-02-01","Headline PCE","12m",3.022
"2006-03-01","Headline PCE","12m",2.914
"2006-04-01","Headline PCE","12m",3.103
"2006-05-01","Headline PCE","12m",3.322
"2006-06-01","Headline PCE","12m",3.512
"2006-07-01","Headline PCE","12m",3.427
"2006-08-01","Headline PCE","12m",3.336
"2006-09-01","Headline PCE","12m",2.08
"2006-10-01","Headline PCE","12m",1.677
"2006-11-01","Headline PCE","12m",1.925
"2006-12-01","Headline PCE","12m",2.287
"2007-01-01","Headline PCE","12m",2.133
"2007-02-01","Headline PCE","12m",2.389
"2007-03-01","Headline PCE","12m",2.565
"2007-04-01","Headline PCE","12m",2.331
"2007-05-01","Headline PCE","12m",2.353
"2007-06-01","Headline PCE","12m",2.318
"2007-07-01","Headline PCE","12m",2.125
"2007-08-01","Headline PCE","12m",1.874
"2007-09-01","Headline PCE","12m",2.535
"2007-10-01","Headline PCE","12m",3.088
"2007-11-01","Headline PCE","12m",3.6
"2007-12-01","Headline PCE","12m",3.472
"2008-01-01","Headline PCE","12m",3.387
"2008-02-01","Headline PCE","12m",3.273
"2008-03-01","Headline PCE","12m",3.191
"2008-04-01","Headline PCE","12m",3.14
"2008-05-01","Headline PCE","12m",3.282
"2008-06-01","Headline PCE","12m",3.811
"2008-07-01","Headline PCE","12m",4.136
"2008-08-01","Headline PCE","12m",3.981
"2008-09-01","Headline PCE","12m",3.668
"2008-10-01","Headline PCE","12m",2.672
"2008-11-01","Headline PCE","12m",0.925
"2008-12-01","Headline PCE","12m",0.13
"2009-01-01","Headline PCE","12m",-0.111
"2009-02-01","Headline PCE","12m",-0.131
"2009-03-01","Headline PCE","12m",-0.526
"2009-04-01","Headline PCE","12m",-0.568
"2009-05-01","Headline PCE","12m",-0.889
"2009-06-01","Headline PCE","12m",-1.019
"2009-07-01","Headline PCE","12m",-1.466
"2009-08-01","Headline PCE","12m",-1.1
"2009-09-01","Headline PCE","12m",-1.023
"2009-10-01","Headline PCE","12m",0.013
"2009-11-01","Headline PCE","12m",1.461
"2009-12-01","Headline PCE","12m",2.09
"2010-01-01","Headline PCE","12m",2.302
"2010-02-01","Headline PCE","12m",2.116
"2010-03-01","Headline PCE","12m",2.373
"2010-04-01","Headline PCE","12m",2.282
"2010-05-01","Headline PCE","12m",2.208
"2010-06-01","Headline PCE","12m",1.562
"2010-07-01","Headline PCE","12m",1.637
"2010-08-01","Headline PCE","12m",1.482
"2010-09-01","Headline PCE","12m",1.42
"2010-10-01","Headline PCE","12m",1.358
"2010-11-01","Headline PCE","12m",1.307
"2010-12-01","Headline PCE","12m",1.478
"2011-01-01","Headline PCE","12m",1.56
"2011-02-01","Headline PCE","12m",1.845
"2011-03-01","Headline PCE","12m",2.111
"2011-04-01","Headline PCE","12m",2.488
"2011-05-01","Headline PCE","12m",2.766
"2011-06-01","Headline PCE","12m",2.788
"2011-07-01","Headline PCE","12m",2.876
"2011-08-01","Headline PCE","12m",2.977
"2011-09-01","Headline PCE","12m",3.019
"2011-10-01","Headline PCE","12m",2.694
"2011-11-01","Headline PCE","12m",2.699
"2011-12-01","Headline PCE","12m",2.527
"2012-01-01","Headline PCE","12m",2.569
"2012-02-01","Headline PCE","12m",2.513
"2012-03-01","Headline PCE","12m",2.298
"2012-04-01","Headline PCE","12m",2
"2012-05-01","Headline PCE","12m",1.577
"2012-06-01","Headline PCE","12m",1.546
"2012-07-01","Headline PCE","12m",1.41
"2012-08-01","Headline PCE","12m",1.512
"2012-09-01","Headline PCE","12m",1.678
"2012-10-01","Headline PCE","12m",1.977
"2012-11-01","Headline PCE","12m",1.699
"2012-12-01","Headline PCE","12m",1.624
"2013-01-01","Headline PCE","12m",1.471
"2013-02-01","Headline PCE","12m",1.605
"2013-03-01","Headline PCE","12m",1.277
"2013-04-01","Headline PCE","12m",1.041
"2013-05-01","Headline PCE","12m",1.229
"2013-06-01","Headline PCE","12m",1.506
"2013-07-01","Headline PCE","12m",1.595
"2013-08-01","Headline PCE","12m",1.405
"2013-09-01","Headline PCE","12m",1.141
"2013-10-01","Headline PCE","12m",0.976
"2013-11-01","Headline PCE","12m",1.195
"2013-12-01","Headline PCE","12m",1.388
"2014-01-01","Headline PCE","12m",1.405
"2014-02-01","Headline PCE","12m",1.094
"2014-03-01","Headline PCE","12m",1.39
"2014-04-01","Headline PCE","12m",1.673
"2014-05-01","Headline PCE","12m",1.766
"2014-06-01","Headline PCE","12m",1.651
"2014-07-01","Headline PCE","12m",1.669
"2014-08-01","Headline PCE","12m",1.506
"2014-09-01","Headline PCE","12m",1.497
"2014-10-01","Headline PCE","12m",1.333
"2014-11-01","Headline PCE","12m",1.086
"2014-12-01","Headline PCE","12m",0.732
"2015-01-01","Headline PCE","12m",0.041
"2015-02-01","Headline PCE","12m",0.171
"2015-03-01","Headline PCE","12m",0.199
"2015-04-01","Headline PCE","12m",0.11
"2015-05-01","Headline PCE","12m",0.185
"2015-06-01","Headline PCE","12m",0.27
"2015-07-01","Headline PCE","12m",0.22
"2015-08-01","Headline PCE","12m",0.239
"2015-09-01","Headline PCE","12m",0.066
"2015-10-01","Headline PCE","12m",0.095
"2015-11-01","Headline PCE","12m",0.254
"2015-12-01","Headline PCE","12m",0.346
"2016-01-01","Headline PCE","12m",0.871
"2016-02-01","Headline PCE","12m",0.64
"2016-03-01","Headline PCE","12m",0.686
"2016-04-01","Headline PCE","12m",0.926
"2016-05-01","Headline PCE","12m",0.849
"2016-06-01","Headline PCE","12m",0.83
"2016-07-01","Headline PCE","12m",0.755
"2016-08-01","Headline PCE","12m",0.888
"2016-09-01","Headline PCE","12m",1.22
"2016-10-01","Headline PCE","12m",1.427
"2016-11-01","Headline PCE","12m",1.397
"2016-12-01","Headline PCE","12m",1.657
"2017-01-01","Headline PCE","12m",2.005
"2017-02-01","Headline PCE","12m",2.197
"2017-03-01","Headline PCE","12m",1.906
"2017-04-01","Headline PCE","12m",1.767
"2017-05-01","Headline PCE","12m",1.558
"2017-06-01","Headline PCE","12m",1.466
"2017-07-01","Headline PCE","12m",1.486
"2017-08-01","Headline PCE","12m",1.572
"2017-09-01","Headline PCE","12m",1.757
"2017-10-01","Headline PCE","12m",1.682
"2017-11-01","Headline PCE","12m",1.794
"2017-12-01","Headline PCE","12m",1.766
"2018-01-01","Headline PCE","12m",1.758
"2018-02-01","Headline PCE","12m",1.838
"2018-03-01","Headline PCE","12m",1.998
"2018-04-01","Headline PCE","12m",2.047
"2018-05-01","Headline PCE","12m",2.266
"2018-06-01","Headline PCE","12m",2.268
"2018-07-01","Headline PCE","12m",2.339
"2018-08-01","Headline PCE","12m",2.18
"2018-09-01","Headline PCE","12m",2.01
"2018-10-01","Headline PCE","12m",2.053
"2018-11-01","Headline PCE","12m",1.942
"2018-12-01","Headline PCE","12m",1.865
"2019-01-01","Headline PCE","12m",1.432
"2019-02-01","Headline PCE","12m",1.4
"2019-03-01","Headline PCE","12m",1.522
"2019-04-01","Headline PCE","12m",1.566
"2019-05-01","Headline PCE","12m",1.466
"2019-06-01","Headline PCE","12m",1.426
"2019-07-01","Headline PCE","12m",1.454
"2019-08-01","Headline PCE","12m",1.43
"2019-09-01","Headline PCE","12m",1.284
"2019-10-01","Headline PCE","12m",1.289
"2019-11-01","Headline PCE","12m",1.358
"2019-12-01","Headline PCE","12m",1.564
"2020-01-01","Headline PCE","12m",1.794
"2020-02-01","Headline PCE","12m",1.689
"2020-03-01","Headline PCE","12m",1.166
"2020-04-01","Headline PCE","12m",0.462
"2020-05-01","Headline PCE","12m",0.49
"2020-06-01","Headline PCE","12m",0.76
"2020-07-01","Headline PCE","12m",0.923
"2020-08-01","Headline PCE","12m",1.158
"2020-09-01","Headline PCE","12m",1.276
"2020-10-01","Headline PCE","12m",1.187
"2020-11-01","Headline PCE","12m",1.186
"2020-12-01","Headline PCE","12m",1.335
"2021-01-01","Headline PCE","12m",1.507
"2021-02-01","Headline PCE","12m",1.786
"2021-03-01","Headline PCE","12m",2.635
"2021-04-01","Headline PCE","12m",3.578
"2021-05-01","Headline PCE","12m",3.97
"2021-06-01","Headline PCE","12m",4.218
"2021-07-01","Headline PCE","12m",4.383
"2021-08-01","Headline PCE","12m",4.509
"2021-09-01","Headline PCE","12m",4.656
"2021-10-01","Headline PCE","12m",5.277
"2021-11-01","Headline PCE","12m",5.868
"2021-12-01","Headline PCE","12m",6.045
"2022-01-01","Headline PCE","12m",6.235
"2022-02-01","Headline PCE","12m",6.51
"2022-03-01","Headline PCE","12m",6.92
"2022-04-01","Headline PCE","12m",6.634
"2022-05-01","Headline PCE","12m",6.785
"2022-06-01","Headline PCE","12m",7.218
"2022-07-01","Headline PCE","12m",6.86
"2022-08-01","Headline PCE","12m",6.683
"2022-09-01","Headline PCE","12m",6.693
"2022-10-01","Headline PCE","12m",6.506
"2022-11-01","Headline PCE","12m",6.09
"2022-12-01","Headline PCE","12m",5.606
"2023-01-01","Headline PCE","12m",5.556
"2023-02-01","Headline PCE","12m",5.2
"2023-03-01","Headline PCE","12m",4.491
"2023-04-01","Headline PCE","12m",4.532
"2023-05-01","Headline PCE","12m",4.097
"2023-06-01","Headline PCE","12m",3.346
"2023-07-01","Headline PCE","12m",3.361
"2023-08-01","Headline PCE","12m",3.438
"2023-09-01","Headline PCE","12m",3.492
"2023-10-01","Headline PCE","12m",3.1
"2023-11-01","Headline PCE","12m",2.889
"2023-12-01","Headline PCE","12m",2.862
"2024-01-01","Headline PCE","12m",2.748
"2024-02-01","Headline PCE","12m",2.807
"2024-03-01","Headline PCE","12m",2.952
"2024-04-01","Headline PCE","12m",2.839
"2024-05-01","Headline PCE","12m",2.697
"2024-06-01","Headline PCE","12m",2.57
"2024-07-01","Headline PCE","12m",2.596
"2024-08-01","Headline PCE","12m",2.437
"2024-09-01","Headline PCE","12m",2.259
"2024-10-01","Headline PCE","12m",2.406
"2024-11-01","Headline PCE","12m",2.491
"2024-12-01","Headline PCE","12m",2.648
"2025-01-01","Headline PCE","12m",2.632
"2025-02-01","Headline PCE","12m",2.575
"2025-03-01","Headline PCE","12m",2.255
"2025-04-01","Headline PCE","12m",2.331
"2025-05-01","Headline PCE","12m",2.463
"2025-06-01","Headline PCE","12m",2.612
"2025-07-01","Headline PCE","12m",2.591
"2025-08-01","Headline PCE","12m",2.694
"2025-09-01","Headline PCE","12m",2.783
"2025-10-01","Headline PCE","12m",2.657
"2025-11-01","Headline PCE","12m",2.71
"2025-12-01","Headline PCE","12m",2.777
"2026-01-01","Headline PCE","12m",2.728
"2026-02-01","Headline PCE","12m",2.801
"2026-03-01","Headline PCE","12m",3.365
"2026-04-01","Headline PCE","12m",3.574
"2026-05-01","Headline PCE","12m",3.823
"2026-06-01","Headline PCE","12m",3.453
"2026-07-01","Headline PCE","12m",3.362
"2026-08-01","Headline PCE","12m",3.419
"1959-02-01","Core PCE","1m",0.933
"1959-03-01","Core PCE","1m",1.401
"1959-04-01","Core PCE","1m",3.055
"1959-05-01","Core PCE","1m",1.474
"1959-06-01","Core PCE","1m",3.599
"1959-07-01","Core PCE","1m",2.877
"1959-08-01","Core PCE","1m",1.931
"1959-09-01","Core PCE","1m",3.18
"1959-10-01","Core PCE","1m",2.078
"1959-11-01","Core PCE","1m",2.23
"1959-12-01","Core PCE","1m",1.839
"1960-01-01","Core PCE","1m",0.304
"1960-02-01","Core PCE","1m",2.299
"1960-03-01","Core PCE","1m",0.076
"1960-04-01","Core PCE","1m",2.217
"1960-05-01","Core PCE","1m",1.982
"1960-06-01","Core PCE","1m",0.681
"1960-07-01","Core PCE","1m",2.131
"1960-08-01","Core PCE","1m",1.745
"1960-09-01","Core PCE","1m",0.981
"1960-10-01","Core PCE","1m",0.678
"1960-11-01","Core PCE","1m",3.275
"1960-12-01","Core PCE","1m",-0.374
"1961-01-01","Core PCE","1m",0.3
"1961-02-01","Core PCE","1m",1.204
"1961-03-01","Core PCE","1m",0.375
"1961-04-01","Core PCE","1m",1.657
"1961-05-01","Core PCE","1m",1.579
"1961-06-01","Core PCE","1m",1.804
"1961-07-01","Core PCE","1m",1.877
"1961-08-01","Core PCE","1m",1.271
"1961-09-01","Core PCE","1m",2.402
"1961-10-01","Core PCE","1m",0.371
"1961-11-01","Core PCE","1m",0.222
"1961-12-01","Core PCE","1m",1.042
"1962-01-01","Core PCE","1m",1.415
"1962-02-01","Core PCE","1m",2.014
"1962-03-01","Core PCE","1m",2.84
"1962-04-01","Core PCE","1m",0.221
"1962-05-01","Core PCE","1m",1.706
"1962-06-01","Core PCE","1m",2.227
"1962-07-01","Core PCE","1m",1.032
"1962-08-01","Core PCE","1m",0.147
"1962-09-01","Core PCE","1m",2.371
"1962-10-01","Core PCE","1m",-0.073
"1962-11-01","Core PCE","1m",0.881
"1962-12-01","Core PCE","1m",0.366
"1963-01-01","Core PCE","1m",2.289
"1963-02-01","Core PCE","1m",1.395
"1963-03-01","Core PCE","1m",0.731
"1963-04-01","Core PCE","1m",1.466
"1963-05-01","Core PCE","1m",2.204
"1963-06-01","Core PCE","1m",2.052
"1963-07-01","Core PCE","1m",1.093
"1963-08-01","Core PCE","1m",1.092
"1963-09-01","Core PCE","1m",2.192
"1963-10-01","Core PCE","1m",2.705
"1963-11-01","Core PCE","1m",1.086
"1963-12-01","Core PCE","1m",1.741
"1964-01-01","Core PCE","1m",1.666
"1964-02-01","Core PCE","1m",2.321
"1964-03-01","Core PCE","1m",1.152
"1964-04-01","Core PCE","1m",1.079
"1964-05-01","Core PCE","1m",1.006
"1964-06-01","Core PCE","1m",0.861
"1964-07-01","Core PCE","1m",1.221
"1964-08-01","Core PCE","1m",1.581
"1964-09-01","Core PCE","1m",0.5
"1964-10-01","Core PCE","1m",0.5
"1964-11-01","Core PCE","1m",1.722
"1964-12-01","Core PCE","1m",1.719
"1965-01-01","Core PCE","1m",1.645
"1965-02-01","Core PCE","1m",1.427
"1965-03-01","Core PCE","1m",0.71
"1965-04-01","Core PCE","1m",1.424
"1965-05-01","Core PCE","1m",2.213
"1965-06-01","Core PCE","1m",-0.282
"1965-07-01","Core PCE","1m",1.206
"1965-08-01","Core PCE","1m",2.279
"1965-09-01","Core PCE","1m",1.416
"1965-10-01","Core PCE","1m",-0.421
"1965-11-01","Core PCE","1m",2.273
"1965-12-01","Core PCE","1m",3.71
"1966-01-01","Core PCE","1m",0.35
"1966-02-01","Core PCE","1m",2.977
"1966-03-01","Core PCE","1m",1.546
"1966-04-01","Core PCE","1m",4.406
"1966-05-01","Core PCE","1m",3.241
"1966-06-01","Core PCE","1m",3.947
"1966-07-01","Core PCE","1m",3.577
"1966-08-01","Core PCE","1m",2.224
"1966-09-01","Core PCE","1m",3.773
"1966-10-01","Core PCE","1m",3.974
"1966-11-01","Core PCE","1m",3.045
"1966-12-01","Core PCE","1m",3.739
"1967-01-01","Core PCE","1m",1.091
"1967-02-01","Core PCE","1m",2.192
"1967-03-01","Core PCE","1m",1.843
"1967-04-01","Core PCE","1m",3.363
"1967-05-01","Core PCE","1m",2.661
"1967-06-01","Core PCE","1m",3.069
"1967-07-01","Core PCE","1m",4.17
"1967-08-01","Core PCE","1m",3.74
"1967-09-01","Core PCE","1m",4.35
"1967-10-01","Core PCE","1m",4.542
"1967-11-01","Core PCE","1m",3.906
"1967-12-01","Core PCE","1m",3.009
"1968-01-01","Core PCE","1m",5.462
"1968-02-01","Core PCE","1m",5.3
"1968-03-01","Core PCE","1m",4.867
"1968-04-01","Core PCE","1m",4.509
"1968-05-01","Core PCE","1m",4.627
"1968-06-01","Core PCE","1m",4.811
"1968-07-01","Core PCE","1m",4.056
"1968-08-01","Core PCE","1m",4.775
"1968-09-01","Core PCE","1m",4.956
"1968-10-01","Core PCE","1m",5.002
"1968-11-01","Core PCE","1m",4.651
"1968-12-01","Core PCE","1m",3.652
"1969-01-01","Core PCE","1m",4.619
"1969-02-01","Core PCE","1m",4.211
"1969-03-01","Core PCE","1m",5.761
"1969-04-01","Core PCE","1m",4.693
"1969-05-01","Core PCE","1m",4.933
"1969-06-01","Core PCE","1m",4.207
"1969-07-01","Core PCE","1m",5.732
"1969-08-01","Core PCE","1m",3.413
"1969-09-01","Core PCE","1m",4.922
"1969-10-01","Core PCE","1m",5.283
"1969-11-01","Core PCE","1m",4.691
"1969-12-01","Core PCE","1m",4.547
"1970-01-01","Core PCE","1m",4.032
"1970-02-01","Core PCE","1m",4.702
"1970-03-01","Core PCE","1m",4.56
"1970-04-01","Core PCE","1m",4.852
"1970-05-01","Core PCE","1m",4.34
"1970-06-01","Core PCE","1m",4.385
"1970-07-01","Core PCE","1m",4.675
"1970-08-01","Core PCE","1m",4.231
"1970-09-01","Core PCE","1m",5.127
"1970-10-01","Core PCE","1m",6.081
"1970-11-01","Core PCE","1m",6.355
"1970-12-01","Core PCE","1m",6.201
"1971-01-01","Core PCE","1m",4.848
"1971-02-01","Core PCE","1m",4.65
"1971-03-01","Core PCE","1m",3.925
"1971-04-01","Core PCE","1m",4.558
"1971-05-01","Core PCE","1m",5.365
"1971-06-01","Core PCE","1m",4.872
"1971-07-01","Core PCE","1m",4.677
"1971-08-01","Core PCE","1m",1.682
"1971-09-01","Core PCE","1m",2.019
"1971-10-01","Core PCE","1m",1.902
"1971-11-01","Core PCE","1m",2.748
"1971-12-01","Core PCE","1m",3.823
"1972-01-01","Core PCE","1m",5.245
"1972-02-01","Core PCE","1m",3.285
"1972-03-01","Core PCE","1m",2.378
"1972-04-01","Core PCE","1m",2.82
"1972-05-01","Core PCE","1m",2.814
"1972-06-01","Core PCE","1m",2.473
"1972-07-01","Core PCE","1m",3.471
"1972-08-01","Core PCE","1m",2.572
"1972-09-01","Core PCE","1m",4.067
"1972-10-01","Core PCE","1m",0.701
"1972-11-01","Core PCE","1m",3.218
"1972-12-01","Core PCE","1m",3.652
"1973-01-01","Core PCE","1m",0.751
"1973-02-01","Core PCE","1m",3.86
"1973-03-01","Core PCE","1m",4.955
"1973-04-01","Core PCE","1m",7.174
"1973-05-01","Core PCE","1m",4.741
"1973-06-01","Core PCE","1m",5.326
"1973-07-01","Core PCE","1m",5.248
"1973-08-01","Core PCE","1m",5.717
"1973-09-01","Core PCE","1m",6.237
"1973-10-01","Core PCE","1m",4.742
"1973-11-01","Core PCE","1m",5.963
"1973-12-01","Core PCE","1m",6.854
"1974-01-01","Core PCE","1m",6.061
"1974-02-01","Core PCE","1m",7.914
"1974-03-01","Core PCE","1m",9.764
"1974-04-01","Core PCE","1m",9.36
"1974-05-01","Core PCE","1m",12.169
"1974-06-01","Core PCE","1m",13.031
"1974-07-01","Core PCE","1m",11.167
"1974-08-01","Core PCE","1m",12.182
"1974-09-01","Core PCE","1m",11.321
"1974-10-01","Core PCE","1m",9.817
"1974-11-01","Core PCE","1m",9.127
"1974-12-01","Core PCE","1m",8.806
"1975-01-01","Core PCE","1m",7.205
"1975-02-01","Core PCE","1m",8.839
"1975-03-01","Core PCE","1m",6.432
"1975-04-01","Core PCE","1m",6.014
"1975-05-01","Core PCE","1m",5.225
"1975-06-01","Core PCE","1m",6.006
"1975-07-01","Core PCE","1m",7.64
"1975-08-01","Core PCE","1m",4.216
"1975-09-01","Core PCE","1m",6.714
"1975-10-01","Core PCE","1m",6.164
"1975-11-01","Core PCE","1m",8.236
"1975-12-01","Core PCE","1m",7.526
"1976-01-01","Core PCE","1m",6.328
"1976-02-01","Core PCE","1m",4.89
"1976-03-01","Core PCE","1m",4.021
"1976-04-01","Core PCE","1m",4.809
"1976-05-01","Core PCE","1m",5.818
"1976-06-01","Core PCE","1m",4.989
"1976-07-01","Core PCE","1m",6.793
"1976-08-01","Core PCE","1m",7.157
"1976-09-01","Core PCE","1m",7.248
"1976-10-01","Core PCE","1m",6.059
"1976-11-01","Core PCE","1m",5.594
"1976-12-01","Core PCE","1m",6.697
"1977-01-01","Core PCE","1m",7.576
"1977-02-01","Core PCE","1m",7.615
"1977-03-01","Core PCE","1m",5.214
"1977-04-01","Core PCE","1m",6.08
"1977-05-01","Core PCE","1m",6.303
"1977-06-01","Core PCE","1m",7.414
"1977-07-01","Core PCE","1m",7.665
"1977-08-01","Core PCE","1m",6.068
"1977-09-01","Core PCE","1m",5.173
"1977-10-01","Core PCE","1m",5.971
"1977-11-01","Core PCE","1m",6.392
"1977-12-01","Core PCE","1m",6.358
"1978-01-01","Core PCE","1m",7.428
"1978-02-01","Core PCE","1m",4.721
"1978-03-01","Core PCE","1m",6.705
"1978-04-01","Core PCE","1m",8.041
"1978-05-01","Core PCE","1m",7.303
"1978-06-01","Core PCE","1m",6.901
"1978-07-01","Core PCE","1m",7.297
"1978-08-01","Core PCE","1m",6.624
"1978-09-01","Core PCE","1m",7.135
"1978-10-01","Core PCE","1m",9.174
"1978-11-01","Core PCE","1m",6.654
"1978-12-01","Core PCE","1m",4.756
"1979-01-01","Core PCE","1m",6.324
"1979-02-01","Core PCE","1m",4.006
"1979-03-01","Core PCE","1m",7.102
"1979-04-01","Core PCE","1m",11.677
"1979-05-01","Core PCE","1m",10.945
"1979-06-01","Core PCE","1m",6.931
"1979-07-01","Core PCE","1m",6.194
"1979-08-01","Core PCE","1m",8.256
"1979-09-01","Core PCE","1m",8.494
"1979-10-01","Core PCE","1m",9.132
"1979-11-01","Core PCE","1m",7.936
"1979-12-01","Core PCE","1m",8.967
"1980-01-01","Core PCE","1m",9.514
"1980-02-01","Core PCE","1m",12.64
"1980-03-01","Core PCE","1m",11.709
"1980-04-01","Core PCE","1m",6.336
"1980-05-01","Core PCE","1m",10.116
"1980-06-01","Core PCE","1m",8.264
"1980-07-01","Core PCE","1m",8.755
"1980-08-01","Core PCE","1m",9.033
"1980-09-01","Core PCE","1m",11.917
"1980-10-01","Core PCE","1m",10.331
"1980-11-01","Core PCE","1m",9.873
"1980-12-01","Core PCE","1m",7.452
"1981-01-01","Core PCE","1m",10.927
"1981-02-01","Core PCE","1m",9.121
"1981-03-01","Core PCE","1m",6.872
"1981-04-01","Core PCE","1m",7.943
"1981-05-01","Core PCE","1m",8.59
"1981-06-01","Core PCE","1m",6.15
"1981-07-01","Core PCE","1m",7.483
"1981-08-01","Core PCE","1m",8.338
"1981-09-01","Core PCE","1m",8.157
"1981-10-01","Core PCE","1m",7.397
"1981-11-01","Core PCE","1m",7.23
"1981-12-01","Core PCE","1m",4.534
"1982-01-01","Core PCE","1m",7.611
"1982-02-01","Core PCE","1m",4.722
"1982-03-01","Core PCE","1m",5.375
"1982-04-01","Core PCE","1m",4.857
"1982-05-01","Core PCE","1m",6.732
"1982-06-01","Core PCE","1m",6.198
"1982-07-01","Core PCE","1m",8.063
"1982-08-01","Core PCE","1m",5.667
"1982-09-01","Core PCE","1m",4.535
"1982-10-01","Core PCE","1m",7.883
"1982-11-01","Core PCE","1m",4.516
"1982-12-01","Core PCE","1m",3.889
"1983-01-01","Core PCE","1m",8.52
"1983-02-01","Core PCE","1m",4.536
"1983-03-01","Core PCE","1m",1.54
"1983-04-01","Core PCE","1m",3.694
"1983-05-01","Core PCE","1m",1.746
"1983-06-01","Core PCE","1m",5.755
"1983-07-01","Core PCE","1m",8.393
"1983-08-01","Core PCE","1m",6.372
"1983-09-01","Core PCE","1m",4.956
"1983-10-01","Core PCE","1m",2.152
"1983-11-01","Core PCE","1m",2.83
"1983-12-01","Core PCE","1m",0.899
"1984-01-01","Core PCE","1m",4.06
"1984-02-01","Core PCE","1m",7.831
"1984-03-01","Core PCE","1m",4.652
"1984-04-01","Core PCE","1m",5.796
"1984-05-01","Core PCE","1m",2.821
"1984-06-01","Core PCE","1m",2.866
"1984-07-01","Core PCE","1m",5.294
"1984-08-01","Core PCE","1m",4.027
"1984-09-01","Core PCE","1m",1.85
"1984-10-01","Core PCE","1m",2.731
"1984-11-01","Core PCE","1m",2.573
"1984-12-01","Core PCE","1m",4.861
"1985-01-01","Core PCE","1m",6.936
"1985-02-01","Core PCE","1m",6.405
"1985-03-01","Core PCE","1m",4.283
"1985-04-01","Core PCE","1m",1.437
"1985-05-01","Core PCE","1m",4.212
"1985-06-01","Core PCE","1m",4.047
"1985-07-01","Core PCE","1m",3.562
"1985-08-01","Core PCE","1m",6.05
"1985-09-01","Core PCE","1m",2.505
"1985-10-01","Core PCE","1m",1.942
"1985-11-01","Core PCE","1m",2.983
"1985-12-01","Core PCE","1m",3.316
"1986-01-01","Core PCE","1m",6.664
"1986-02-01","Core PCE","1m",3.144
"1986-03-01","Core PCE","1m",3.716
"1986-04-01","Core PCE","1m",2.193
"1986-05-01","Core PCE","1m",2.071
"1986-06-01","Core PCE","1m",3.667
"1986-07-01","Core PCE","1m",2.203
"1986-08-01","Core PCE","1m",2.483
"1986-09-01","Core PCE","1m",4.024
"1986-10-01","Core PCE","1m",4.154
"1986-11-01","Core PCE","1m",2.578
"1986-12-01","Core PCE","1m",1.569
"1987-01-01","Core PCE","1m",2.921
"1987-02-01","Core PCE","1m",2.47
"1987-03-01","Core PCE","1m",3.612
"1987-04-01","Core PCE","1m",5.207
"1987-05-01","Core PCE","1m",3.422
"1987-06-01","Core PCE","1m",3.343
"1987-07-01","Core PCE","1m",3.148
"1987-08-01","Core PCE","1m",4.136
"1987-09-01","Core PCE","1m",4.867
"1987-10-01","Core PCE","1m",5.243
"1987-11-01","Core PCE","1m",2.534
"1987-12-01","Core PCE","1m",2.552
"1988-01-01","Core PCE","1m",5.824
"1988-02-01","Core PCE","1m",2.489
"1988-03-01","Core PCE","1m",5.254
"1988-04-01","Core PCE","1m",5.989
"1988-05-01","Core PCE","1m",4.163
"1988-06-01","Core PCE","1m",5.187
"1988-07-01","Core PCE","1m",5.007
"1988-08-01","Core PCE","1m",3.027
"1988-09-01","Core PCE","1m",6.621
"1988-10-01","Core PCE","1m",4.657
"1988-11-01","Core PCE","1m",3.341
"1988-12-01","Core PCE","1m",4.054
"1989-01-01","Core PCE","1m",6.25
"1989-02-01","Core PCE","1m",3.087
"1989-03-01","Core PCE","1m",3.641
"1989-04-01","Core PCE","1m",4.105
"1989-05-01","Core PCE","1m",3.639
"1989-06-01","Core PCE","1m",3.243
"1989-07-01","Core PCE","1m",3.127
"1989-08-01","Core PCE","1m",1.685
"1989-09-01","Core PCE","1m",4.244
"1989-10-01","Core PCE","1m",4.443
"1989-11-01","Core PCE","1m",3.24
"1989-12-01","Core PCE","1m",3.463
"1990-01-01","Core PCE","1m",4.72
"1990-02-01","Core PCE","1m",5.977
"1990-03-01","Core PCE","1m",5.926
"1990-04-01","Core PCE","1m",3.634
"1990-05-01","Core PCE","1m",3.726
"1990-06-01","Core PCE","1m",4.772
"1990-07-01","Core PCE","1m",3.065
"1990-08-01","Core PCE","1m",5.114
"1990-09-01","Core PCE","1m",4.269
"1990-10-01","Core PCE","1m",4.151
"1990-11-01","Core PCE","1m",1.461
"1990-12-01","Core PCE","1m",1.678
"1991-01-01","Core PCE","1m",6.154
"1991-02-01","Core PCE","1m",3.36
"1991-03-01","Core PCE","1m",2.534
"1991-04-01","Core PCE","1m",2.429
"1991-05-01","Core PCE","1m",4.882
"1991-06-01","Core PCE","1m",2.631
"1991-07-01","Core PCE","1m",3.713
"1991-08-01","Core PCE","1m",3.346
"1991-09-01","Core PCE","1m",4.903
"1991-10-01","Core PCE","1m",2.678
"1991-11-01","Core PCE","1m",2.264
"1991-12-01","Core PCE","1m",2.997
"1992-01-01","Core PCE","1m",3.32
"1992-02-01","Core PCE","1m",3.311
"1992-03-01","Core PCE","1m",3.031
"1992-04-01","Core PCE","1m",4.011
"1992-05-01","Core PCE","1m",1.696
"1992-06-01","Core PCE","1m",0.938
"1992-07-01","Core PCE","1m",4.629
"1992-08-01","Core PCE","1m",1.102
"1992-09-01","Core PCE","1m",1.967
"1992-10-01","Core PCE","1m",4.715
"1992-11-01","Core PCE","1m",2.654
"1992-12-01","Core PCE","1m",2.253
"1993-01-01","Core PCE","1m",3.551
"1993-02-01","Core PCE","1m",2.317
"1993-03-01","Core PCE","1m",2.649
"1993-04-01","Core PCE","1m",3.545
"1993-05-01","Core PCE","1m",4.138
"1993-06-01","Core PCE","1m",1.149
"1993-07-01","Core PCE","1m",2.513
"1993-08-01","Core PCE","1m",2.267
"1993-09-01","Core PCE","1m",1.821
"1993-10-01","Core PCE","1m",1.984
"1993-11-01","Core PCE","1m",3.141
"1993-12-01","Core PCE","1m",0.54
"1994-01-01","Core PCE","1m",0.956
"1994-02-01","Core PCE","1m",2.632
"1994-03-01","Core PCE","1m",4.158
"1994-04-01","Core PCE","1m",1.817
"1994-05-01","Core PCE","1m",2.705
"1994-06-01","Core PCE","1m",2.698
"1994-07-01","Core PCE","1m",2.547
"1994-08-01","Core PCE","1m",1.353
"1994-09-01","Core PCE","1m",1.836
"1994-10-01","Core PCE","1m",2.86
"1994-11-01","Core PCE","1m",2.223
"1994-12-01","Core PCE","1m",0.405
"1995-01-01","Core PCE","1m",3.028
"1995-02-01","Core PCE","1m",1.981
"1995-03-01","Core PCE","1m",2.979
"1995-04-01","Core PCE","1m",2.829
"1995-05-01","Core PCE","1m",2.056
"1995-06-01","Core PCE","1m",1.048
"1995-07-01","Core PCE","1m",1.91
"1995-08-01","Core PCE","1m",2.917
"1995-09-01","Core PCE","1m",1.586
"1995-10-01","Core PCE","1m",2.959
"1995-11-01","Core PCE","1m",0.778
"1995-12-01","Core PCE","1m",1.701
"1996-01-01","Core PCE","1m",1.367
"1996-02-01","Core PCE","1m",1.575
"1996-03-01","Core PCE","1m",2.815
"1996-04-01","Core PCE","1m",1.638
"1996-05-01","Core PCE","1m",2.106
"1996-06-01","Core PCE","1m",0.925
"1996-07-01","Core PCE","1m",2.274
"1996-08-01","Core PCE","1m",1.043
"1996-09-01","Core PCE","1m",3.7
"1996-10-01","Core PCE","1m",2.886
"1996-11-01","Core PCE","1m",1.584
"1996-12-01","Core PCE","1m",0.457
"1997-01-01","Core PCE","1m",1.291
"1997-02-01","Core PCE","1m",2.491
"1997-03-01","Core PCE","1m",2.899
"1997-04-01","Core PCE","1m",2.376
"1997-05-01","Core PCE","1m",0.875
"1997-06-01","Core PCE","1m",1.79
"1997-07-01","Core PCE","1m",0.823
"1997-08-01","Core PCE","1m",-0.484
"1997-09-01","Core PCE","1m",2.52
"1997-10-01","Core PCE","1m",1.834
"1997-11-01","Core PCE","1m",0.367
"1997-12-01","Core PCE","1m",0.702
"1998-01-01","Core PCE","1m",1.846
"1998-02-01","Core PCE","1m",1.035
"1998-03-01","Core PCE","1m",1.286
"1998-04-01","Core PCE","1m",2.228
"1998-05-01","Core PCE","1m",1.165
"1998-06-01","Core PCE","1m",-1.495
"1998-07-01","Core PCE","1m",3.431
"1998-08-01","Core PCE","1m",2.37
"1998-09-01","Core PCE","1m",-0.198
"1998-10-01","Core PCE","1m",2.366
"1998-11-01","Core PCE","1m",0.214
"1998-12-01","Core PCE","1m",2.092
"1999-01-01","Core PCE","1m",1.721
"1999-02-01","Core PCE","1m",-0.409
"1999-03-01","Core PCE","1m",0.361
"1999-04-01","Core PCE","1m",3.127
"1999-05-01","Core PCE","1m",1.151
"1999-06-01","Core PCE","1m",0.639
"1999-07-01","Core PCE","1m",2.177
"1999-08-01","Core PCE","1m",0.588
"1999-09-01","Core PCE","1m",3.224
"1999-10-01","Core PCE","1m",2.067
"1999-11-01","Core PCE","1m",1.158
"1999-12-01","Core PCE","1m",1.534
"2000-01-01","Core PCE","1m",2.92
"2000-02-01","Core PCE","1m",1.775
"2000-03-01","Core PCE","1m",2.495
"2000-04-01","Core PCE","1m",0.791
"2000-05-01","Core PCE","1m",1.294
"2000-06-01","Core PCE","1m",0.92
"2000-07-01","Core PCE","1m",2.78
"2000-08-01","Core PCE","1m",1.548
"2000-09-01","Core PCE","1m",2.95
"2000-10-01","Core PCE","1m",1.688
"2000-11-01","Core PCE","1m",2.14
"2000-12-01","Core PCE","1m",1.183
"2001-01-01","Core PCE","1m",4.558
"2001-02-01","Core PCE","1m",2.142
"2001-03-01","Core PCE","1m",1.256
"2001-04-01","Core PCE","1m",1.927
"2001-05-01","Core PCE","1m",0.284
"2001-06-01","Core PCE","1m",2.712
"2001-07-01","Core PCE","1m",3.142
"2001-08-01","Core PCE","1m",0.598
"2001-09-01","Core PCE","1m",-6.61
"2001-10-01","Core PCE","1m",8.785
"2001-11-01","Core PCE","1m",2.47
"2001-12-01","Core PCE","1m",0.282
"2002-01-01","Core PCE","1m",0.674
"2002-02-01","Core PCE","1m",2.319
"2002-03-01","Core PCE","1m",1.443
"2002-04-01","Core PCE","1m",3.398
"2002-05-01","Core PCE","1m",1.343
"2002-06-01","Core PCE","1m",1.923
"2002-07-01","Core PCE","1m",2.473
"2002-08-01","Core PCE","1m",2.389
"2002-09-01","Core PCE","1m",1.975
"2002-10-01","Core PCE","1m",1.02
"2002-11-01","Core PCE","1m",1.175
"2002-12-01","Core PCE","1m",1.127
"2003-01-01","Core PCE","1m",0.816
"2003-02-01","Core PCE","1m",1.669
"2003-03-01","Core PCE","1m",1.947
"2003-04-01","Core PCE","1m",1.339
"2003-05-01","Core PCE","1m",1.74
"2003-06-01","Core PCE","1m",0.673
"2003-07-01","Core PCE","1m",3.045
"2003-08-01","Core PCE","1m",1.362
"2003-09-01","Core PCE","1m",1.684
"2003-10-01","Core PCE","1m",2.237
"2003-11-01","Core PCE","1m",1.647
"2003-12-01","Core PCE","1m",1.507
"2004-01-01","Core PCE","1m",3.124
"2004-02-01","Core PCE","1m",1.96
"2004-03-01","Core PCE","1m",2.034
"2004-04-01","Core PCE","1m",3.168
"2004-05-01","Core PCE","1m",1.66
"2004-06-01","Core PCE","1m",1.916
"2004-07-01","Core PCE","1m",1.428
"2004-08-01","Core PCE","1m",0.463
"2004-09-01","Core PCE","1m",2.274
"2004-10-01","Core PCE","1m",2.635
"2004-11-01","Core PCE","1m",2.614
"2004-12-01","Core PCE","1m",1.552
"2005-01-01","Core PCE","1m",4.407
"2005-02-01","Core PCE","1m",2.008
"2005-03-01","Core PCE","1m",2.999
"2005-04-01","Core PCE","1m",1.389
"2005-05-01","Core PCE","1m",2.492
"2005-06-01","Core PCE","1m",0.837
"2005-07-01","Core PCE","1m",1.769
"2005-08-01","Core PCE","1m",0.983
"2005-09-01","Core PCE","1m",2.688
"2005-10-01","Core PCE","1m",3.506
"2005-11-01","Core PCE","1m",3.106
"2005-12-01","Core PCE","1m",1.252
"2006-01-01","Core PCE","1m",2.724
"2006-02-01","Core PCE","1m",1.951
"2006-03-01","Core PCE","1m",3.365
"2006-04-01","Core PCE","1m",3.726
"2006-05-01","Core PCE","1m",3.05
"2006-06-01","Core PCE","1m",3.072
"2006-07-01","Core PCE","1m",1.175
"2006-08-01","Core PCE","1m",2.477
"2006-09-01","Core PCE","1m",1.907
"2006-10-01","Core PCE","1m",2.193
"2006-11-01","Core PCE","1m",0.568
"2006-12-01","Core PCE","1m",1.626
"2007-01-01","Core PCE","1m",4.973
"2007-02-01","Core PCE","1m",2.622
"2007-03-01","Core PCE","1m",1.215
"2007-04-01","Core PCE","1m",1.726
"2007-05-01","Core PCE","1m",1.425
"2007-06-01","Core PCE","1m",2.006
"2007-07-01","Core PCE","1m",1.818
"2007-08-01","Core PCE","1m",1.801
"2007-09-01","Core PCE","1m",3.324
"2007-10-01","Core PCE","1m",3.172
"2007-11-01","Core PCE","1m",2.382
"2007-12-01","Core PCE","1m",2.434
"2008-01-01","Core PCE","1m",2.415
"2008-02-01","Core PCE","1m",1.177
"2008-03-01","Core PCE","1m",2.379
"2008-04-01","Core PCE","1m",0.703
"2008-05-01","Core PCE","1m",2.205
"2008-06-01","Core PCE","1m",2.79
"2008-07-01","Core PCE","1m",2.182
"2008-08-01","Core PCE","1m",1.484
"2008-09-01","Core PCE","1m",1.234
"2008-10-01","Core PCE","1m",-1.689
"2008-11-01","Core PCE","1m",-0.531
"2008-12-01","Core PCE","1m",-0.585
"2009-01-01","Core PCE","1m",-0.368
"2009-02-01","Core PCE","1m",0.96
"2009-03-01","Core PCE","1m",0.863
"2009-04-01","Core PCE","1m",2.705
"2009-05-01","Core PCE","1m",0.929
"2009-06-01","Core PCE","1m",1.547
"2009-07-01","Core PCE","1m",1.037
"2009-08-01","Core PCE","1m",1.791
"2009-09-01","Core PCE","1m",2.133
"2009-10-01","Core PCE","1m",4.512
"2009-11-01","Core PCE","1m",1.056
"2009-12-01","Core PCE","1m",1.028
"2010-01-01","Core PCE","1m",1.79
"2010-02-01","Core PCE","1m",1.052
"2010-03-01","Core PCE","1m",1.799
"2010-04-01","Core PCE","1m",0.618
"2010-05-01","Core PCE","1m",1.334
"2010-06-01","Core PCE","1m",0.577
"2010-07-01","Core PCE","1m",0.027
"2010-08-01","Core PCE","1m",1.156
"2010-09-01","Core PCE","1m",0.683
"2010-10-01","Core PCE","1m",1.844
"2010-11-01","Core PCE","1m",1.57
"2010-12-01","Core PCE","1m",0.253
"2011-01-01","Core PCE","1m",2.599
"2011-02-01","Core PCE","1m",2.118
"2011-03-01","Core PCE","1m",1.831
"2011-04-01","Core PCE","1m",2.788
"2011-05-01","Core PCE","1m",2.89
"2011-06-01","Core PCE","1m",1.325
"2011-07-01","Core PCE","1m",1.791
"2011-08-01","Core PCE","1m",2.418
"2011-09-01","Core PCE","1m",0.816
"2011-10-01","Core PCE","1m",0.578
"2011-11-01","Core PCE","1m",2.571
"2011-12-01","Core PCE","1m",2.005
"2012-01-01","Core PCE","1m",3.648
"2012-02-01","Core PCE","1m",1.691
"2012-03-01","Core PCE","1m",2.059
"2012-04-01","Core PCE","1m",1.831
"2012-05-01","Core PCE","1m",1.224
"2012-06-01","Core PCE","1m",1.236
"2012-07-01","Core PCE","1m",1.248
"2012-08-01","Core PCE","1m",0.764
"2012-09-01","Core PCE","1m",1.481
"2012-10-01","Core PCE","1m",2.952
"2012-11-01","Core PCE","1m",1.293
"2012-12-01","Core PCE","1m",0.89
"2013-01-01","Core PCE","1m",2.452
"2013-02-01","Core PCE","1m",1.314
"2013-03-01","Core PCE","1m",1.106
"2013-04-01","Core PCE","1m",0.59
"2013-05-01","Core PCE","1m",1.414
"2013-06-01","Core PCE","1m",2.087
"2013-07-01","Core PCE","1m",1.539
"2013-08-01","Core PCE","1m",1.305
"2013-09-01","Core PCE","1m",1.433
"2013-10-01","Core PCE","1m",2.05
"2013-11-01","Core PCE","1m",2.008
"2013-12-01","Core PCE","1m",1.285
"2014-01-01","Core PCE","1m",1.309
"2014-02-01","Core PCE","1m",0.57
"2014-03-01","Core PCE","1m",1.794
"2014-04-01","Core PCE","1m",2.073
"2014-05-01","Core PCE","1m",2.044
"2014-06-01","Core PCE","1m",1.364
"2014-07-01","Core PCE","1m",2.102
"2014-08-01","Core PCE","1m",0.464
"2014-09-01","Core PCE","1m",1.614
"2014-10-01","Core PCE","1m",1.042
"2014-11-01","Core PCE","1m",1.067
"2014-12-01","Core PCE","1m",0.852
"2015-01-01","Core PCE","1m",-0.435
"2015-02-01","Core PCE","1m",1.381
"2015-03-01","Core PCE","1m",1.834
"2015-04-01","Core PCE","1m",2.237
"2015-05-01","Core PCE","1m",1.475
"2015-06-01","Core PCE","1m",1.448
"2015-07-01","Core PCE","1m",1.196
"2015-08-01","Core PCE","1m",0.969
"2015-09-01","Core PCE","1m",1.745
"2015-10-01","Core PCE","1m",0.396
"2015-11-01","Core PCE","1m",1.291
"2015-12-01","Core PCE","1m",0.792
"2016-01-01","Core PCE","1m",2.127
"2016-02-01","Core PCE","1m",2.098
"2016-03-01","Core PCE","1m",1.733
"2016-04-01","Core PCE","1m",2.995
"2016-05-01","Core PCE","1m",2.062
"2016-06-01","Core PCE","1m",1.253
"2016-07-01","Core PCE","1m",1.758
"2016-08-01","Core PCE","1m",2.14
"2016-09-01","Core PCE","1m",1.604
"2016-10-01","Core PCE","1m",1.553
"2016-11-01","Core PCE","1m",0.535
"2016-12-01","Core PCE","1m",1.403
"2017-01-01","Core PCE","1m",3.256
"2017-02-01","Core PCE","1m",2.146
"2017-03-01","Core PCE","1m",-0.505
"2017-04-01","Core PCE","1m",2.488
"2017-05-01","Core PCE","1m",0.967
"2017-06-01","Core PCE","1m",1.623
"2017-07-01","Core PCE","1m",0.88
"2017-08-01","Core PCE","1m",1.304
"2017-09-01","Core PCE","1m",1.472
"2017-10-01","Core PCE","1m",2.985
"2017-11-01","Core PCE","1m",0.587
"2017-12-01","Core PCE","1m",1.781
"2018-01-01","Core PCE","1m",3.931
"2018-02-01","Core PCE","1m",2.293
"2018-03-01","Core PCE","1m",2.652
"2018-04-01","Core PCE","1m",2.187
"2018-05-01","Core PCE","1m",2.123
"2018-06-01","Core PCE","1m",1.09
"2018-07-01","Core PCE","1m",1.59
"2018-08-01","Core PCE","1m",0.118
"2018-09-01","Core PCE","1m",2.246
"2018-10-01","Core PCE","1m",1.907
"2018-11-01","Core PCE","1m",2.25
"2018-12-01","Core PCE","1m",2.115
"2019-01-01","Core PCE","1m",1.588
"2019-02-01","Core PCE","1m",1.09
"2019-03-01","Core PCE","1m",1.113
"2019-04-01","Core PCE","1m",2.437
"2019-05-01","Core PCE","1m",1.239
"2019-06-01","Core PCE","1m",2.216
"2019-07-01","Core PCE","1m",1.376
"2019-08-01","Core PCE","1m",1.386
"2019-09-01","Core PCE","1m",0.882
"2019-10-01","Core PCE","1m",1.805
"2019-11-01","Core PCE","1m",0.741
"2019-12-01","Core PCE","1m",2.684
"2020-01-01","Core PCE","1m",2.149
"2020-02-01","Core PCE","1m",2.368
"2020-03-01","Core PCE","1m",-0.902
"2020-04-01","Core PCE","1m",-3.819
"2020-05-01","Core PCE","1m",1.261
"2020-06-01","Core PCE","1m",1.89
"2020-07-01","Core PCE","1m",4.354
"2020-08-01","Core PCE","1m",3.556
"2020-09-01","Core PCE","1m",1.921
"2020-10-01","Core PCE","1m",1.11
"2020-11-01","Core PCE","1m",1.12
"2020-12-01","Core PCE","1m",3.357
"2021-01-01","Core PCE","1m",3.126
"2021-02-01","Core PCE","1m",3.06
"2021-03-01","Core PCE","1m",4.957
"2021-04-01","Core PCE","1m",7.284
"2021-05-01","Core PCE","1m",5.68
"2021-06-01","Core PCE","1m",6.086
"2021-07-01","Core PCE","1m",5.079
"2021-08-01","Core PCE","1m",4.14
"2021-09-01","Core PCE","1m",2.307
"2021-10-01","Core PCE","1m",6.437
"2021-11-01","Core PCE","1m",6.184
"2021-12-01","Core PCE","1m",6.807
"2022-01-01","Core PCE","1m",6.004
"2022-02-01","Core PCE","1m",5.951
"2022-03-01","Core PCE","1m",4.857
"2022-04-01","Core PCE","1m",4.019
"2022-05-01","Core PCE","1m",4.247
"2022-06-01","Core PCE","1m",7.675
"2022-07-01","Core PCE","1m",4.119
"2022-08-01","Core PCE","1m",6.353
"2022-09-01","Core PCE","1m",5.103
"2022-10-01","Core PCE","1m",4.865
"2022-11-01","Core PCE","1m",3.505
"2022-12-01","Core PCE","1m",4.23
"2023-01-01","Core PCE","1m",5.168
"2023-02-01","Core PCE","1m",4.272
"2023-03-01","Core PCE","1m",4.893
"2023-04-01","Core PCE","1m",3.882
"2023-05-01","Core PCE","1m",4.016
"2023-06-01","Core PCE","1m",2.952
"2023-07-01","Core PCE","1m",1.672
"2023-08-01","Core PCE","1m",1.486
"2023-09-01","Core PCE","1m",3.992
"2023-10-01","Core PCE","1m",2.712
"2023-11-01","Core PCE","1m",2.054
"2023-12-01","Core PCE","1m",1.696
"2024-01-01","Core PCE","1m",5.159
"2024-02-01","Core PCE","1m",3.715
"2024-03-01","Core PCE","1m",4.492
"2024-04-01","Core PCE","1m",2.346
"2024-05-01","Core PCE","1m",1.522
"2024-06-01","Core PCE","1m",2.589
"2024-07-01","Core PCE","1m",2.024
"2024-08-01","Core PCE","1m",2.599
"2024-09-01","Core PCE","1m",3.234
"2024-10-01","Core PCE","1m",3.496
"2024-11-01","Core PCE","1m",1.69
"2024-12-01","Core PCE","1m",2.042
"2025-01-01","Core PCE","1m",4.044
"2025-02-01","Core PCE","1m",3.851
"2025-03-01","Core PCE","1m",1.372
"2025-04-01","Core PCE","1m",3.705
"2025-05-01","Core PCE","1m",2.847
"2025-06-01","Core PCE","1m",3.046
"2025-07-01","Core PCE","1m",2.21
"2025-08-01","Core PCE","1m",2.721
"2025-09-01","Core PCE","1m",2.822
"2025-10-01","Core PCE","1m",2.148
"2025-11-01","Core PCE","1m",1.885
"2025-12-01","Core PCE","1m",3.854
"2026-01-01","Core PCE","1m",4.848
"2026-02-01","Core PCE","1m",4.107
"2026-03-01","Core PCE","1m",3.111
"2026-04-01","Core PCE","1m",3.448
"2026-05-01","Core PCE","1m",3.783
"2026-06-01","Core PCE","1m",1.611
"2026-07-01","Core PCE","1m",1.525
"2026-08-01","Core PCE","1m",3.01
"1959-04-01","Core PCE","3m",1.792
"1959-05-01","Core PCE","3m",1.974
"1959-06-01","Core PCE","3m",2.706
"1959-07-01","Core PCE","3m",2.646
"1959-08-01","Core PCE","3m",2.8
"1959-09-01","Core PCE","3m",2.661
"1959-10-01","Core PCE","3m",2.395
"1959-11-01","Core PCE","3m",2.495
"1959-12-01","Core PCE","3m",2.049
"1960-01-01","Core PCE","3m",1.454
"1960-02-01","Core PCE","3m",1.477
"1960-03-01","Core PCE","3m",0.888
"1960-04-01","Core PCE","3m",1.526
"1960-05-01","Core PCE","3m",1.421
"1960-06-01","Core PCE","3m",1.625
"1960-07-01","Core PCE","3m",1.596
"1960-08-01","Core PCE","3m",1.517
"1960-09-01","Core PCE","3m",1.618
"1960-10-01","Core PCE","3m",1.134
"1960-11-01","Core PCE","3m",1.638
"1960-12-01","Core PCE","3m",1.182
"1961-01-01","Core PCE","3m",1.055
"1961-02-01","Core PCE","3m",0.375
"1961-03-01","Core PCE","3m",0.625
"1961-04-01","Core PCE","3m",1.077
"1961-05-01","Core PCE","3m",1.202
"1961-06-01","Core PCE","3m",1.68
"1961-07-01","Core PCE","3m",1.753
"1961-08-01","Core PCE","3m",1.65
"1961-09-01","Core PCE","3m",1.849
"1961-10-01","Core PCE","3m",1.345
"1961-11-01","Core PCE","3m",0.994
"1961-12-01","Core PCE","3m",0.545
"1962-01-01","Core PCE","3m",0.892
"1962-02-01","Core PCE","3m",1.49
"1962-03-01","Core PCE","3m",2.088
"1962-04-01","Core PCE","3m",1.686
"1962-05-01","Core PCE","3m",1.584
"1962-06-01","Core PCE","3m",1.381
"1962-07-01","Core PCE","3m",1.654
"1962-08-01","Core PCE","3m",1.132
"1962-09-01","Core PCE","3m",1.179
"1962-10-01","Core PCE","3m",0.809
"1962-11-01","Core PCE","3m",1.055
"1962-12-01","Core PCE","3m",0.391
"1963-01-01","Core PCE","3m",1.176
"1963-02-01","Core PCE","3m",1.347
"1963-03-01","Core PCE","3m",1.47
"1963-04-01","Core PCE","3m",1.197
"1963-05-01","Core PCE","3m",1.465
"1963-06-01","Core PCE","3m",1.907
"1963-07-01","Core PCE","3m",1.781
"1963-08-01","Core PCE","3m",1.411
"1963-09-01","Core PCE","3m",1.457
"1963-10-01","Core PCE","3m",1.994
"1963-11-01","Core PCE","3m",1.992
"1963-12-01","Core PCE","3m",1.842
"1964-01-01","Core PCE","3m",1.497
"1964-02-01","Core PCE","3m",1.909
"1964-03-01","Core PCE","3m",1.712
"1964-04-01","Core PCE","3m",1.516
"1964-05-01","Core PCE","3m",1.079
"1964-06-01","Core PCE","3m",0.982
"1964-07-01","Core PCE","3m",1.029
"1964-08-01","Core PCE","3m",1.22
"1964-09-01","Core PCE","3m",1.099
"1964-10-01","Core PCE","3m",0.859
"1964-11-01","Core PCE","3m",0.905
"1964-12-01","Core PCE","3m",1.312
"1965-01-01","Core PCE","3m",1.695
"1965-02-01","Core PCE","3m",1.597
"1965-03-01","Core PCE","3m",1.26
"1965-04-01","Core PCE","3m",1.187
"1965-05-01","Core PCE","3m",1.447
"1965-06-01","Core PCE","3m",1.113
"1965-07-01","Core PCE","3m",1.041
"1965-08-01","Core PCE","3m",1.062
"1965-09-01","Core PCE","3m",1.633
"1965-10-01","Core PCE","3m",1.085
"1965-11-01","Core PCE","3m",1.083
"1965-12-01","Core PCE","3m",1.84
"1966-01-01","Core PCE","3m",2.102
"1966-02-01","Core PCE","3m",2.336
"1966-03-01","Core PCE","3m",1.619
"1966-04-01","Core PCE","3m",2.97
"1966-05-01","Core PCE","3m",3.058
"1966-06-01","Core PCE","3m",3.864
"1966-07-01","Core PCE","3m",3.588
"1966-08-01","Core PCE","3m",3.247
"1966-09-01","Core PCE","3m",3.189
"1966-10-01","Core PCE","3m",3.321
"1966-11-01","Core PCE","3m",3.596
"1966-12-01","Core PCE","3m",3.585
"1967-01-01","Core PCE","3m",2.619
"1967-02-01","Core PCE","3m",2.335
"1967-03-01","Core PCE","3m",1.708
"1967-04-01","Core PCE","3m",2.464
"1967-05-01","Core PCE","3m",2.62
"1967-06-01","Core PCE","3m",3.03
"1967-07-01","Core PCE","3m",3.298
"1967-08-01","Core PCE","3m",3.659
"1967-09-01","Core PCE","3m",4.086
"1967-10-01","Core PCE","3m",4.21
"1967-11-01","Core PCE","3m",4.266
"1967-12-01","Core PCE","3m",3.817
"1968-01-01","Core PCE","3m",4.121
"1968-02-01","Core PCE","3m",4.584
"1968-03-01","Core PCE","3m",5.209
"1968-04-01","Core PCE","3m",4.891
"1968-05-01","Core PCE","3m",4.667
"1968-06-01","Core PCE","3m",4.648
"1968-07-01","Core PCE","3m",4.497
"1968-08-01","Core PCE","3m",4.547
"1968-09-01","Core PCE","3m",4.595
"1968-10-01","Core PCE","3m",4.911
"1968-11-01","Core PCE","3m",4.87
"1968-12-01","Core PCE","3m",4.433
"1969-01-01","Core PCE","3m",4.306
"1969-02-01","Core PCE","3m",4.16
"1969-03-01","Core PCE","3m",4.862
"1969-04-01","Core PCE","3m",4.886
"1969-05-01","Core PCE","3m",5.128
"1969-06-01","Core PCE","3m",4.61
"1969-07-01","Core PCE","3m",4.955
"1969-08-01","Core PCE","3m",4.446
"1969-09-01","Core PCE","3m",4.685
"1969-10-01","Core PCE","3m",4.536
"1969-11-01","Core PCE","3m",4.965
"1969-12-01","Core PCE","3m",4.84
"1970-01-01","Core PCE","3m",4.423
"1970-02-01","Core PCE","3m",4.427
"1970-03-01","Core PCE","3m",4.431
"1970-04-01","Core PCE","3m",4.704
"1970-05-01","Core PCE","3m",4.583
"1970-06-01","Core PCE","3m",4.525
"1970-07-01","Core PCE","3m",4.466
"1970-08-01","Core PCE","3m",4.43
"1970-09-01","Core PCE","3m",4.677
"1970-10-01","Core PCE","3m",5.144
"1970-11-01","Core PCE","3m",5.853
"1970-12-01","Core PCE","3m",6.212
"1971-01-01","Core PCE","3m",5.799
"1971-02-01","Core PCE","3m",5.231
"1971-03-01","Core PCE","3m",4.474
"1971-04-01","Core PCE","3m",4.377
"1971-05-01","Core PCE","3m",4.615
"1971-06-01","Core PCE","3m",4.931
"1971-07-01","Core PCE","3m",4.971
"1971-08-01","Core PCE","3m",3.733
"1971-09-01","Core PCE","3m",2.784
"1971-10-01","Core PCE","3m",1.868
"1971-11-01","Core PCE","3m",2.222
"1971-12-01","Core PCE","3m",2.821
"1972-01-01","Core PCE","3m",3.934
"1972-02-01","Core PCE","3m",4.114
"1972-03-01","Core PCE","3m",3.629
"1972-04-01","Core PCE","3m",2.827
"1972-05-01","Core PCE","3m",2.67
"1972-06-01","Core PCE","3m",2.702
"1972-07-01","Core PCE","3m",2.918
"1972-08-01","Core PCE","3m",2.838
"1972-09-01","Core PCE","3m",3.368
"1972-10-01","Core PCE","3m",2.438
"1972-11-01","Core PCE","3m",2.652
"1972-12-01","Core PCE","3m",2.516
"1973-01-01","Core PCE","3m",2.532
"1973-02-01","Core PCE","3m",2.744
"1973-03-01","Core PCE","3m",3.173
"1973-04-01","Core PCE","3m",5.32
"1973-05-01","Core PCE","3m",5.617
"1973-06-01","Core PCE","3m",5.742
"1973-07-01","Core PCE","3m",5.105
"1973-08-01","Core PCE","3m",5.43
"1973-09-01","Core PCE","3m",5.733
"1973-10-01","Core PCE","3m",5.564
"1973-11-01","Core PCE","3m",5.645
"1973-12-01","Core PCE","3m",5.849
"1974-01-01","Core PCE","3m",6.292
"1974-02-01","Core PCE","3m",6.94
"1974-03-01","Core PCE","3m",7.903
"1974-04-01","Core PCE","3m",9.01
"1974-05-01","Core PCE","3m",10.424
"1974-06-01","Core PCE","3m",11.509
"1974-07-01","Core PCE","3m",12.12
"1974-08-01","Core PCE","3m",12.124
"1974-09-01","Core PCE","3m",11.556
"1974-10-01","Core PCE","3m",11.103
"1974-11-01","Core PCE","3m",10.085
"1974-12-01","Core PCE","3m",9.249
"1975-01-01","Core PCE","3m",8.376
"1975-02-01","Core PCE","3m",8.281
"1975-03-01","Core PCE","3m",7.487
"1975-04-01","Core PCE","3m",7.088
"1975-05-01","Core PCE","3m",5.889
"1975-06-01","Core PCE","3m",5.748
"1975-07-01","Core PCE","3m",6.285
"1975-08-01","Core PCE","3m",5.945
"1975-09-01","Core PCE","3m",6.18
"1975-10-01","Core PCE","3m",5.693
"1975-11-01","Core PCE","3m",7.034
"1975-12-01","Core PCE","3m",7.305
"1976-01-01","Core PCE","3m",7.36
"1976-02-01","Core PCE","3m",6.242
"1976-03-01","Core PCE","3m",5.075
"1976-04-01","Core PCE","3m",4.573
"1976-05-01","Core PCE","3m",4.88
"1976-06-01","Core PCE","3m",5.204
"1976-07-01","Core PCE","3m",5.864
"1976-08-01","Core PCE","3m",6.309
"1976-09-01","Core PCE","3m",7.066
"1976-10-01","Core PCE","3m",6.82
"1976-11-01","Core PCE","3m",6.298
"1976-12-01","Core PCE","3m",6.116
"1977-01-01","Core PCE","3m",6.619
"1977-02-01","Core PCE","3m",7.295
"1977-03-01","Core PCE","3m",6.796
"1977-04-01","Core PCE","3m",6.298
"1977-05-01","Core PCE","3m",5.865
"1977-06-01","Core PCE","3m",6.598
"1977-07-01","Core PCE","3m",7.126
"1977-08-01","Core PCE","3m",7.047
"1977-09-01","Core PCE","3m",6.297
"1977-10-01","Core PCE","3m",5.736
"1977-11-01","Core PCE","3m",5.844
"1977-12-01","Core PCE","3m",6.24
"1978-01-01","Core PCE","3m",6.725
"1978-02-01","Core PCE","3m",6.163
"1978-03-01","Core PCE","3m",6.278
"1978-04-01","Core PCE","3m",6.48
"1978-05-01","Core PCE","3m",7.348
"1978-06-01","Core PCE","3m",7.414
"1978-07-01","Core PCE","3m",7.167
"1978-08-01","Core PCE","3m",6.94
"1978-09-01","Core PCE","3m",7.018
"1978-10-01","Core PCE","3m",7.638
"1978-11-01","Core PCE","3m",7.648
"1978-12-01","Core PCE","3m",6.846
"1979-01-01","Core PCE","3m",5.908
"1979-02-01","Core PCE","3m",5.024
"1979-03-01","Core PCE","3m",5.803
"1979-04-01","Core PCE","3m",7.549
"1979-05-01","Core PCE","3m",9.89
"1979-06-01","Core PCE","3m",9.831
"1979-07-01","Core PCE","3m",8.004
"1979-08-01","Core PCE","3m",7.124
"1979-09-01","Core PCE","3m",7.643
"1979-10-01","Core PCE","3m",8.627
"1979-11-01","Core PCE","3m",8.52
"1979-12-01","Core PCE","3m",8.677
"1980-01-01","Core PCE","3m",8.804
"1980-02-01","Core PCE","3m",10.362
"1980-03-01","Core PCE","3m",11.28
"1980-04-01","Core PCE","3m",10.193
"1980-05-01","Core PCE","3m",9.364
"1980-06-01","Core PCE","3m",8.228
"1980-07-01","Core PCE","3m",9.042
"1980-08-01","Core PCE","3m",8.684
"1980-09-01","Core PCE","3m",9.893
"1980-10-01","Core PCE","3m",10.421
"1980-11-01","Core PCE","3m",10.703
"1980-12-01","Core PCE","3m",9.211
"1981-01-01","Core PCE","3m",9.408
"1981-02-01","Core PCE","3m",9.158
"1981-03-01","Core PCE","3m",8.961
"1981-04-01","Core PCE","3m",7.975
"1981-05-01","Core PCE","3m",7.799
"1981-06-01","Core PCE","3m",7.556
"1981-07-01","Core PCE","3m",7.403
"1981-08-01","Core PCE","3m",7.32
"1981-09-01","Core PCE","3m",7.992
"1981-10-01","Core PCE","3m",7.963
"1981-11-01","Core PCE","3m",7.594
"1981-12-01","Core PCE","3m",6.379
"1982-01-01","Core PCE","3m",6.449
"1982-02-01","Core PCE","3m",5.613
"1982-03-01","Core PCE","3m",5.896
"1982-04-01","Core PCE","3m",4.984
"1982-05-01","Core PCE","3m",5.652
"1982-06-01","Core PCE","3m",5.926
"1982-07-01","Core PCE","3m",6.995
"1982-08-01","Core PCE","3m",6.638
"1982-09-01","Core PCE","3m",6.078
"1982-10-01","Core PCE","3m",6.019
"1982-11-01","Core PCE","3m",5.633
"1982-12-01","Core PCE","3m",5.415
"1983-01-01","Core PCE","3m",5.622
"1983-02-01","Core PCE","3m",5.629
"1983-03-01","Core PCE","3m",4.826
"1983-04-01","Core PCE","3m",3.249
"1983-05-01","Core PCE","3m",2.322
"1983-06-01","Core PCE","3m",3.719
"1983-07-01","Core PCE","3m",5.263
"1983-08-01","Core PCE","3m",6.834
"1983-09-01","Core PCE","3m",6.564
"1983-10-01","Core PCE","3m",4.478
"1983-11-01","Core PCE","3m",3.306
"1983-12-01","Core PCE","3m",1.957
"1984-01-01","Core PCE","3m",2.588
"1984-02-01","Core PCE","3m",4.225
"1984-03-01","Core PCE","3m",5.501
"1984-04-01","Core PCE","3m",6.085
"1984-05-01","Core PCE","3m",4.416
"1984-06-01","Core PCE","3m",3.818
"1984-07-01","Core PCE","3m",3.654
"1984-08-01","Core PCE","3m",4.058
"1984-09-01","Core PCE","3m",3.714
"1984-10-01","Core PCE","3m",2.865
"1984-11-01","Core PCE","3m",2.384
"1984-12-01","Core PCE","3m",3.383
"1985-01-01","Core PCE","3m",4.775
"1985-02-01","Core PCE","3m",6.064
"1985-03-01","Core PCE","3m",5.868
"1985-04-01","Core PCE","3m",4.021
"1985-05-01","Core PCE","3m",3.302
"1985-06-01","Core PCE","3m",3.224
"1985-07-01","Core PCE","3m",3.94
"1985-08-01","Core PCE","3m",4.547
"1985-09-01","Core PCE","3m",4.028
"1985-10-01","Core PCE","3m",3.483
"1985-11-01","Core PCE","3m",2.476
"1985-12-01","Core PCE","3m",2.746
"1986-01-01","Core PCE","3m",4.308
"1986-02-01","Core PCE","3m",4.362
"1986-03-01","Core PCE","3m",4.497
"1986-04-01","Core PCE","3m",3.016
"1986-05-01","Core PCE","3m",2.657
"1986-06-01","Core PCE","3m",2.641
"1986-07-01","Core PCE","3m",2.644
"1986-08-01","Core PCE","3m",2.782
"1986-09-01","Core PCE","3m",2.9
"1986-10-01","Core PCE","3m",3.551
"1986-11-01","Core PCE","3m",3.583
"1986-12-01","Core PCE","3m",2.762
"1987-01-01","Core PCE","3m",2.354
"1987-02-01","Core PCE","3m",2.318
"1987-03-01","Core PCE","3m",3
"1987-04-01","Core PCE","3m",3.757
"1987-05-01","Core PCE","3m",4.077
"1987-06-01","Core PCE","3m",3.987
"1987-07-01","Core PCE","3m",3.304
"1987-08-01","Core PCE","3m",3.541
"1987-09-01","Core PCE","3m",4.048
"1987-10-01","Core PCE","3m",4.748
"1987-11-01","Core PCE","3m",4.208
"1987-12-01","Core PCE","3m",3.435
"1988-01-01","Core PCE","3m",3.625
"1988-02-01","Core PCE","3m",3.61
"1988-03-01","Core PCE","3m",4.512
"1988-04-01","Core PCE","3m",4.567
"1988-05-01","Core PCE","3m",5.133
"1988-06-01","Core PCE","3m",5.11
"1988-07-01","Core PCE","3m",4.785
"1988-08-01","Core PCE","3m",4.402
"1988-09-01","Core PCE","3m",4.874
"1988-10-01","Core PCE","3m",4.758
"1988-11-01","Core PCE","3m",4.864
"1988-12-01","Core PCE","3m",4.016
"1989-01-01","Core PCE","3m",4.541
"1989-02-01","Core PCE","3m",4.455
"1989-03-01","Core PCE","3m",4.317
"1989-04-01","Core PCE","3m",3.61
"1989-05-01","Core PCE","3m",3.795
"1989-06-01","Core PCE","3m",3.662
"1989-07-01","Core PCE","3m",3.336
"1989-08-01","Core PCE","3m",2.682
"1989-09-01","Core PCE","3m",3.013
"1989-10-01","Core PCE","3m",3.45
"1989-11-01","Core PCE","3m",3.974
"1989-12-01","Core PCE","3m",3.714
"1990-01-01","Core PCE","3m",3.805
"1990-02-01","Core PCE","3m",4.715
"1990-03-01","Core PCE","3m",5.539
"1990-04-01","Core PCE","3m",5.173
"1990-05-01","Core PCE","3m",4.423
"1990-06-01","Core PCE","3m",4.043
"1990-07-01","Core PCE","3m",3.852
"1990-08-01","Core PCE","3m",4.313
"1990-09-01","Core PCE","3m",4.146
"1990-10-01","Core PCE","3m",4.511
"1990-11-01","Core PCE","3m",3.286
"1990-12-01","Core PCE","3m",2.423
"1991-01-01","Core PCE","3m",3.075
"1991-02-01","Core PCE","3m",3.715
"1991-03-01","Core PCE","3m",4.005
"1991-04-01","Core PCE","3m",2.773
"1991-05-01","Core PCE","3m",3.275
"1991-06-01","Core PCE","3m",3.308
"1991-07-01","Core PCE","3m",3.738
"1991-08-01","Core PCE","3m",3.229
"1991-09-01","Core PCE","3m",3.985
"1991-10-01","Core PCE","3m",3.638
"1991-11-01","Core PCE","3m",3.275
"1991-12-01","Core PCE","3m",2.646
"1992-01-01","Core PCE","3m",2.86
"1992-02-01","Core PCE","3m",3.21
"1992-03-01","Core PCE","3m",3.221
"1992-04-01","Core PCE","3m",3.45
"1992-05-01","Core PCE","3m",2.908
"1992-06-01","Core PCE","3m",2.206
"1992-07-01","Core PCE","3m",2.408
"1992-08-01","Core PCE","3m",2.209
"1992-09-01","Core PCE","3m",2.555
"1992-10-01","Core PCE","3m",2.583
"1992-11-01","Core PCE","3m",3.106
"1992-12-01","Core PCE","3m",3.202
"1993-01-01","Core PCE","3m",2.818
"1993-02-01","Core PCE","3m",2.705
"1993-03-01","Core PCE","3m",2.838
"1993-04-01","Core PCE","3m",2.836
"1993-05-01","Core PCE","3m",3.442
"1993-06-01","Core PCE","3m",2.936
"1993-07-01","Core PCE","3m",2.593
"1993-08-01","Core PCE","3m",1.975
"1993-09-01","Core PCE","3m",2.2
"1993-10-01","Core PCE","3m",2.024
"1993-11-01","Core PCE","3m",2.314
"1993-12-01","Core PCE","3m",1.883
"1994-01-01","Core PCE","3m",1.539
"1994-02-01","Core PCE","3m",1.372
"1994-03-01","Core PCE","3m",2.573
"1994-04-01","Core PCE","3m",2.864
"1994-05-01","Core PCE","3m",2.888
"1994-06-01","Core PCE","3m",2.406
"1994-07-01","Core PCE","3m",2.65
"1994-08-01","Core PCE","3m",2.198
"1994-09-01","Core PCE","3m",1.911
"1994-10-01","Core PCE","3m",2.015
"1994-11-01","Core PCE","3m",2.306
"1994-12-01","Core PCE","3m",1.824
"1995-01-01","Core PCE","3m",1.879
"1995-02-01","Core PCE","3m",1.799
"1995-03-01","Core PCE","3m",2.661
"1995-04-01","Core PCE","3m",2.595
"1995-05-01","Core PCE","3m",2.621
"1995-06-01","Core PCE","3m",1.975
"1995-07-01","Core PCE","3m",1.67
"1995-08-01","Core PCE","3m",1.955
"1995-09-01","Core PCE","3m",2.136
"1995-10-01","Core PCE","3m",2.485
"1995-11-01","Core PCE","3m",1.77
"1995-12-01","Core PCE","3m",1.809
"1996-01-01","Core PCE","3m",1.281
"1996-02-01","Core PCE","3m",1.548
"1996-03-01","Core PCE","3m",1.917
"1996-04-01","Core PCE","3m",2.008
"1996-05-01","Core PCE","3m",2.185
"1996-06-01","Core PCE","3m",1.555
"1996-07-01","Core PCE","3m",1.767
"1996-08-01","Core PCE","3m",1.412
"1996-09-01","Core PCE","3m",2.334
"1996-10-01","Core PCE","3m",2.537
"1996-11-01","Core PCE","3m",2.72
"1996-12-01","Core PCE","3m",1.638
"1997-01-01","Core PCE","3m",1.11
"1997-02-01","Core PCE","3m",1.409
"1997-03-01","Core PCE","3m",2.225
"1997-04-01","Core PCE","3m",2.589
"1997-05-01","Core PCE","3m",2.047
"1997-06-01","Core PCE","3m",1.679
"1997-07-01","Core PCE","3m",1.161
"1997-08-01","Core PCE","3m",0.705
"1997-09-01","Core PCE","3m",0.945
"1997-10-01","Core PCE","3m",1.282
"1997-11-01","Core PCE","3m",1.57
"1997-12-01","Core PCE","3m",0.966
"1998-01-01","Core PCE","3m",0.97
"1998-02-01","Core PCE","3m",1.193
"1998-03-01","Core PCE","3m",1.389
"1998-04-01","Core PCE","3m",1.515
"1998-05-01","Core PCE","3m",1.559
"1998-06-01","Core PCE","3m",0.621
"1998-07-01","Core PCE","3m",1.014
"1998-08-01","Core PCE","3m",1.413
"1998-09-01","Core PCE","3m",1.857
"1998-10-01","Core PCE","3m",1.506
"1998-11-01","Core PCE","3m",0.788
"1998-12-01","Core PCE","3m",1.553
"1999-01-01","Core PCE","3m",1.339
"1999-02-01","Core PCE","3m",1.129
"1999-03-01","Core PCE","3m",0.554
"1999-04-01","Core PCE","3m",1.015
"1999-05-01","Core PCE","3m",1.54
"1999-06-01","Core PCE","3m",1.633
"1999-07-01","Core PCE","3m",1.32
"1999-08-01","Core PCE","3m",1.132
"1999-09-01","Core PCE","3m",1.991
"1999-10-01","Core PCE","3m",1.954
"1999-11-01","Core PCE","3m",2.146
"1999-12-01","Core PCE","3m",1.586
"2000-01-01","Core PCE","3m",1.868
"2000-02-01","Core PCE","3m",2.074
"2000-03-01","Core PCE","3m",2.395
"2000-04-01","Core PCE","3m",1.685
"2000-05-01","Core PCE","3m",1.524
"2000-06-01","Core PCE","3m",1.001
"2000-07-01","Core PCE","3m",1.661
"2000-08-01","Core PCE","3m",1.746
"2000-09-01","Core PCE","3m",2.424
"2000-10-01","Core PCE","3m",2.06
"2000-11-01","Core PCE","3m",2.258
"2000-12-01","Core PCE","3m",1.67
"2001-01-01","Core PCE","3m",2.617
"2001-02-01","Core PCE","3m",2.618
"2001-03-01","Core PCE","3m",2.642
"2001-04-01","Core PCE","3m",1.774
"2001-05-01","Core PCE","3m",1.153
"2001-06-01","Core PCE","3m",1.636
"2001-07-01","Core PCE","3m",2.038
"2001-08-01","Core PCE","3m",2.144
"2001-09-01","Core PCE","3m",-1.044
"2001-10-01","Core PCE","3m",0.729
"2001-11-01","Core PCE","3m",1.35
"2001-12-01","Core PCE","3m",3.784
"2002-01-01","Core PCE","3m",1.137
"2002-02-01","Core PCE","3m",1.088
"2002-03-01","Core PCE","3m",1.476
"2002-04-01","Core PCE","3m",2.383
"2002-05-01","Core PCE","3m",2.057
"2002-06-01","Core PCE","3m",2.218
"2002-07-01","Core PCE","3m",1.912
"2002-08-01","Core PCE","3m",2.262
"2002-09-01","Core PCE","3m",2.279
"2002-10-01","Core PCE","3m",1.793
"2002-11-01","Core PCE","3m",1.389
"2002-12-01","Core PCE","3m",1.108
"2003-01-01","Core PCE","3m",1.039
"2003-02-01","Core PCE","3m",1.204
"2003-03-01","Core PCE","3m",1.476
"2003-04-01","Core PCE","3m",1.651
"2003-05-01","Core PCE","3m",1.675
"2003-06-01","Core PCE","3m",1.25
"2003-07-01","Core PCE","3m",1.815
"2003-08-01","Core PCE","3m",1.688
"2003-09-01","Core PCE","3m",2.027
"2003-10-01","Core PCE","3m",1.76
"2003-11-01","Core PCE","3m",1.856
"2003-12-01","Core PCE","3m",1.797
"2004-01-01","Core PCE","3m",2.09
"2004-02-01","Core PCE","3m",2.195
"2004-03-01","Core PCE","3m",2.371
"2004-04-01","Core PCE","3m",2.386
"2004-05-01","Core PCE","3m",2.285
"2004-06-01","Core PCE","3m",2.246
"2004-07-01","Core PCE","3m",1.667
"2004-08-01","Core PCE","3m",1.267
"2004-09-01","Core PCE","3m",1.386
"2004-10-01","Core PCE","3m",1.786
"2004-11-01","Core PCE","3m",2.508
"2004-12-01","Core PCE","3m",2.266
"2005-01-01","Core PCE","3m",2.851
"2005-02-01","Core PCE","3m",2.648
"2005-03-01","Core PCE","3m",3.133
"2005-04-01","Core PCE","3m",2.13
"2005-05-01","Core PCE","3m",2.291
"2005-06-01","Core PCE","3m",1.57
"2005-07-01","Core PCE","3m",1.697
"2005-08-01","Core PCE","3m",1.196
"2005-09-01","Core PCE","3m",1.811
"2005-10-01","Core PCE","3m",2.387
"2005-11-01","Core PCE","3m",3.099
"2005-12-01","Core PCE","3m",2.617
"2006-01-01","Core PCE","3m",2.358
"2006-02-01","Core PCE","3m",1.974
"2006-03-01","Core PCE","3m",2.678
"2006-04-01","Core PCE","3m",3.011
"2006-05-01","Core PCE","3m",3.38
"2006-06-01","Core PCE","3m",3.282
"2006-07-01","Core PCE","3m",2.429
"2006-08-01","Core PCE","3m",2.238
"2006-09-01","Core PCE","3m",1.852
"2006-10-01","Core PCE","3m",2.192
"2006-11-01","Core PCE","3m",1.553
"2006-12-01","Core PCE","3m",1.46
"2007-01-01","Core PCE","3m",2.372
"2007-02-01","Core PCE","3m",3.064
"2007-03-01","Core PCE","3m",2.925
"2007-04-01","Core PCE","3m",1.853
"2007-05-01","Core PCE","3m",1.455
"2007-06-01","Core PCE","3m",1.719
"2007-07-01","Core PCE","3m",1.749
"2007-08-01","Core PCE","3m",1.875
"2007-09-01","Core PCE","3m",2.312
"2007-10-01","Core PCE","3m",2.763
"2007-11-01","Core PCE","3m",2.959
"2007-12-01","Core PCE","3m",2.662
"2008-01-01","Core PCE","3m",2.41
"2008-02-01","Core PCE","3m",2.007
"2008-03-01","Core PCE","3m",1.989
"2008-04-01","Core PCE","3m",1.417
"2008-05-01","Core PCE","3m",1.76
"2008-06-01","Core PCE","3m",1.895
"2008-07-01","Core PCE","3m",2.392
"2008-08-01","Core PCE","3m",2.151
"2008-09-01","Core PCE","3m",1.633
"2008-10-01","Core PCE","3m",0.333
"2008-11-01","Core PCE","3m",-0.336
"2008-12-01","Core PCE","3m",-0.936
"2009-01-01","Core PCE","3m",-0.495
"2009-02-01","Core PCE","3m",0
"2009-03-01","Core PCE","3m",0.483
"2009-04-01","Core PCE","3m",1.506
"2009-05-01","Core PCE","3m",1.495
"2009-06-01","Core PCE","3m",1.724
"2009-07-01","Core PCE","3m",1.17
"2009-08-01","Core PCE","3m",1.458
"2009-09-01","Core PCE","3m",1.653
"2009-10-01","Core PCE","3m",2.805
"2009-11-01","Core PCE","3m",2.557
"2009-12-01","Core PCE","3m",2.185
"2010-01-01","Core PCE","3m",1.29
"2010-02-01","Core PCE","3m",1.289
"2010-03-01","Core PCE","3m",1.546
"2010-04-01","Core PCE","3m",1.155
"2010-05-01","Core PCE","3m",1.249
"2010-06-01","Core PCE","3m",0.842
"2010-07-01","Core PCE","3m",0.644
"2010-08-01","Core PCE","3m",0.585
"2010-09-01","Core PCE","3m",0.621
"2010-10-01","Core PCE","3m",1.227
"2010-11-01","Core PCE","3m",1.365
"2010-12-01","Core PCE","3m",1.22
"2011-01-01","Core PCE","3m",1.47
"2011-02-01","Core PCE","3m",1.652
"2011-03-01","Core PCE","3m",2.182
"2011-04-01","Core PCE","3m",2.245
"2011-05-01","Core PCE","3m",2.502
"2011-06-01","Core PCE","3m",2.332
"2011-07-01","Core PCE","3m",2
"2011-08-01","Core PCE","3m",1.844
"2011-09-01","Core PCE","3m",1.673
"2011-10-01","Core PCE","3m",1.267
"2011-11-01","Core PCE","3m",1.318
"2011-12-01","Core PCE","3m",1.715
"2012-01-01","Core PCE","3m",2.739
"2012-02-01","Core PCE","3m",2.445
"2012-03-01","Core PCE","3m",2.463
"2012-04-01","Core PCE","3m",1.86
"2012-05-01","Core PCE","3m",1.704
"2012-06-01","Core PCE","3m",1.43
"2012-07-01","Core PCE","3m",1.236
"2012-08-01","Core PCE","3m",1.082
"2012-09-01","Core PCE","3m",1.164
"2012-10-01","Core PCE","3m",1.728
"2012-11-01","Core PCE","3m",1.906
"2012-12-01","Core PCE","3m",1.708
"2013-01-01","Core PCE","3m",1.543
"2013-02-01","Core PCE","3m",1.55
"2013-03-01","Core PCE","3m",1.622
"2013-04-01","Core PCE","3m",1.003
"2013-05-01","Core PCE","3m",1.036
"2013-06-01","Core PCE","3m",1.362
"2013-07-01","Core PCE","3m",1.68
"2013-08-01","Core PCE","3m",1.643
"2013-09-01","Core PCE","3m",1.426
"2013-10-01","Core PCE","3m",1.595
"2013-11-01","Core PCE","3m",1.83
"2013-12-01","Core PCE","3m",1.78
"2014-01-01","Core PCE","3m",1.534
"2014-02-01","Core PCE","3m",1.054
"2014-03-01","Core PCE","3m",1.223
"2014-04-01","Core PCE","3m",1.477
"2014-05-01","Core PCE","3m",1.97
"2014-06-01","Core PCE","3m",1.827
"2014-07-01","Core PCE","3m",1.836
"2014-08-01","Core PCE","3m",1.308
"2014-09-01","Core PCE","3m",1.391
"2014-10-01","Core PCE","3m",1.039
"2014-11-01","Core PCE","3m",1.241
"2014-12-01","Core PCE","3m",0.987
"2015-01-01","Core PCE","3m",0.492
"2015-02-01","Core PCE","3m",0.596
"2015-03-01","Core PCE","3m",0.922
"2015-04-01","Core PCE","3m",1.817
"2015-05-01","Core PCE","3m",1.848
"2015-06-01","Core PCE","3m",1.719
"2015-07-01","Core PCE","3m",1.373
"2015-08-01","Core PCE","3m",1.204
"2015-09-01","Core PCE","3m",1.303
"2015-10-01","Core PCE","3m",1.035
"2015-11-01","Core PCE","3m",1.142
"2015-12-01","Core PCE","3m",0.826
"2016-01-01","Core PCE","3m",1.402
"2016-02-01","Core PCE","3m",1.671
"2016-03-01","Core PCE","3m",1.986
"2016-04-01","Core PCE","3m",2.274
"2016-05-01","Core PCE","3m",2.262
"2016-06-01","Core PCE","3m",2.101
"2016-07-01","Core PCE","3m",1.69
"2016-08-01","Core PCE","3m",1.716
"2016-09-01","Core PCE","3m",1.834
"2016-10-01","Core PCE","3m",1.765
"2016-11-01","Core PCE","3m",1.23
"2016-12-01","Core PCE","3m",1.163
"2017-01-01","Core PCE","3m",1.725
"2017-02-01","Core PCE","3m",2.265
"2017-03-01","Core PCE","3m",1.62
"2017-04-01","Core PCE","3m",1.367
"2017-05-01","Core PCE","3m",0.976
"2017-06-01","Core PCE","3m",1.691
"2017-07-01","Core PCE","3m",1.156
"2017-08-01","Core PCE","3m",1.268
"2017-09-01","Core PCE","3m",1.218
"2017-10-01","Core PCE","3m",1.917
"2017-11-01","Core PCE","3m",1.676
"2017-12-01","Core PCE","3m",1.78
"2018-01-01","Core PCE","3m",2.09
"2018-02-01","Core PCE","3m",2.664
"2018-03-01","Core PCE","3m",2.956
"2018-04-01","Core PCE","3m",2.377
"2018-05-01","Core PCE","3m",2.32
"2018-06-01","Core PCE","3m",1.799
"2018-07-01","Core PCE","3m",1.6
"2018-08-01","Core PCE","3m",0.931
"2018-09-01","Core PCE","3m",1.314
"2018-10-01","Core PCE","3m",1.419
"2018-11-01","Core PCE","3m",2.134
"2018-12-01","Core PCE","3m",2.09
"2019-01-01","Core PCE","3m",1.984
"2019-02-01","Core PCE","3m",1.597
"2019-03-01","Core PCE","3m",1.264
"2019-04-01","Core PCE","3m",1.545
"2019-05-01","Core PCE","3m",1.594
"2019-06-01","Core PCE","3m",1.963
"2019-07-01","Core PCE","3m",1.609
"2019-08-01","Core PCE","3m",1.659
"2019-09-01","Core PCE","3m",1.214
"2019-10-01","Core PCE","3m",1.357
"2019-11-01","Core PCE","3m",1.142
"2019-12-01","Core PCE","3m",1.74
"2020-01-01","Core PCE","3m",1.855
"2020-02-01","Core PCE","3m",2.4
"2020-03-01","Core PCE","3m",1.194
"2020-04-01","Core PCE","3m",-0.817
"2020-05-01","Core PCE","3m",-1.175
"2020-06-01","Core PCE","3m",-0.256
"2020-07-01","Core PCE","3m",2.493
"2020-08-01","Core PCE","3m",3.261
"2020-09-01","Core PCE","3m",3.272
"2020-10-01","Core PCE","3m",2.19
"2020-11-01","Core PCE","3m",1.383
"2020-12-01","Core PCE","3m",1.857
"2021-01-01","Core PCE","3m",2.53
"2021-02-01","Core PCE","3m",3.181
"2021-03-01","Core PCE","3m",3.711
"2021-04-01","Core PCE","3m",5.086
"2021-05-01","Core PCE","3m",5.969
"2021-06-01","Core PCE","3m",6.348
"2021-07-01","Core PCE","3m",5.614
"2021-08-01","Core PCE","3m",5.099
"2021-09-01","Core PCE","3m",3.836
"2021-10-01","Core PCE","3m",4.281
"2021-11-01","Core PCE","3m",4.959
"2021-12-01","Core PCE","3m",6.476
"2022-01-01","Core PCE","3m",6.331
"2022-02-01","Core PCE","3m",6.253
"2022-03-01","Core PCE","3m",5.603
"2022-04-01","Core PCE","3m",4.94
"2022-05-01","Core PCE","3m",4.374
"2022-06-01","Core PCE","3m",5.3
"2022-07-01","Core PCE","3m",5.334
"2022-08-01","Core PCE","3m",6.039
"2022-09-01","Core PCE","3m",5.188
"2022-10-01","Core PCE","3m",5.438
"2022-11-01","Core PCE","3m",4.488
"2022-12-01","Core PCE","3m",4.198
"2023-01-01","Core PCE","3m",4.299
"2023-02-01","Core PCE","3m",4.556
"2023-03-01","Core PCE","3m",4.777
"2023-04-01","Core PCE","3m",4.348
"2023-05-01","Core PCE","3m",4.263
"2023-06-01","Core PCE","3m",3.615
"2023-07-01","Core PCE","3m",2.875
"2023-08-01","Core PCE","3m",2.034
"2023-09-01","Core PCE","3m",2.377
"2023-10-01","Core PCE","3m",2.725
"2023-11-01","Core PCE","3m",2.916
"2023-12-01","Core PCE","3m",2.153
"2024-01-01","Core PCE","3m",2.958
"2024-02-01","Core PCE","3m",3.514
"2024-03-01","Core PCE","3m",4.454
"2024-04-01","Core PCE","3m",3.514
"2024-05-01","Core PCE","3m",2.779
"2024-06-01","Core PCE","3m",2.151
"2024-07-01","Core PCE","3m",2.044
"2024-08-01","Core PCE","3m",2.404
"2024-09-01","Core PCE","3m",2.618
"2024-10-01","Core PCE","3m",3.109
"2024-11-01","Core PCE","3m",2.803
"2024-12-01","Core PCE","3m",2.406
"2025-01-01","Core PCE","3m",2.587
"2025-02-01","Core PCE","3m",3.308
"2025-03-01","Core PCE","3m",3.082
"2025-04-01","Core PCE","3m",2.97
"2025-05-01","Core PCE","3m",2.637
"2025-06-01","Core PCE","3m",3.199
"2025-07-01","Core PCE","3m",2.701
"2025-08-01","Core PCE","3m",2.658
"2025-09-01","Core PCE","3m",2.584
"2025-10-01","Core PCE","3m",2.563
"2025-11-01","Core PCE","3m",2.284
"2025-12-01","Core PCE","3m",2.625
"2026-01-01","Core PCE","3m",3.521
"2026-02-01","Core PCE","3m",4.269
"2026-03-01","Core PCE","3m",4.02
"2026-04-01","Core PCE","3m",3.555
"2026-05-01","Core PCE","3m",3.447
"2026-06-01","Core PCE","3m",2.943
"2026-07-01","Core PCE","3m",2.301
"2026-08-01","Core PCE","3m",2.046
"1960-01-01","Core PCE","12m",2.071
"1960-02-01","Core PCE","12m",2.185
"1960-03-01","Core PCE","12m",2.073
"1960-04-01","Core PCE","12m",2.004
"1960-05-01","Core PCE","12m",2.046
"1960-06-01","Core PCE","12m",1.804
"1960-07-01","Core PCE","12m",1.742
"1960-08-01","Core PCE","12m",1.726
"1960-09-01","Core PCE","12m",1.544
"1960-10-01","Core PCE","12m",1.427
"1960-11-01","Core PCE","12m",1.513
"1960-12-01","Core PCE","12m",1.328
"1961-01-01","Core PCE","12m",1.327
"1961-02-01","Core PCE","12m",1.236
"1961-03-01","Core PCE","12m",1.262
"1961-04-01","Core PCE","12m",1.215
"1961-05-01","Core PCE","12m",1.182
"1961-06-01","Core PCE","12m",1.275
"1961-07-01","Core PCE","12m",1.254
"1961-08-01","Core PCE","12m",1.215
"1961-09-01","Core PCE","12m",1.333
"1961-10-01","Core PCE","12m",1.307
"1961-11-01","Core PCE","12m",1.054
"1961-12-01","Core PCE","12m",1.173
"1962-01-01","Core PCE","12m",1.266
"1962-02-01","Core PCE","12m",1.333
"1962-03-01","Core PCE","12m",1.539
"1962-04-01","Core PCE","12m",1.418
"1962-05-01","Core PCE","12m",1.429
"1962-06-01","Core PCE","12m",1.464
"1962-07-01","Core PCE","12m",1.394
"1962-08-01","Core PCE","12m",1.299
"1962-09-01","Core PCE","12m",1.297
"1962-10-01","Core PCE","12m",1.259
"1962-11-01","Core PCE","12m",1.315
"1962-12-01","Core PCE","12m",1.258
"1963-01-01","Core PCE","12m",1.33
"1963-02-01","Core PCE","12m",1.279
"1963-03-01","Core PCE","12m",1.104
"1963-04-01","Core PCE","12m",1.208
"1963-05-01","Core PCE","12m",1.25
"1963-06-01","Core PCE","12m",1.235
"1963-07-01","Core PCE","12m",1.24
"1963-08-01","Core PCE","12m",1.319
"1963-09-01","Core PCE","12m",1.305
"1963-10-01","Core PCE","12m",1.536
"1963-11-01","Core PCE","12m",1.553
"1963-12-01","Core PCE","12m",1.669
"1964-01-01","Core PCE","12m",1.617
"1964-02-01","Core PCE","12m",1.694
"1964-03-01","Core PCE","12m",1.729
"1964-04-01","Core PCE","12m",1.697
"1964-05-01","Core PCE","12m",1.597
"1964-06-01","Core PCE","12m",1.498
"1964-07-01","Core PCE","12m",1.508
"1964-08-01","Core PCE","12m",1.549
"1964-09-01","Core PCE","12m",1.408
"1964-10-01","Core PCE","12m",1.225
"1964-11-01","Core PCE","12m",1.278
"1964-12-01","Core PCE","12m",1.276
"1965-01-01","Core PCE","12m",1.274
"1965-02-01","Core PCE","12m",1.2
"1965-03-01","Core PCE","12m",1.163
"1965-04-01","Core PCE","12m",1.192
"1965-05-01","Core PCE","12m",1.292
"1965-06-01","Core PCE","12m",1.196
"1965-07-01","Core PCE","12m",1.195
"1965-08-01","Core PCE","12m",1.253
"1965-09-01","Core PCE","12m",1.329
"1965-10-01","Core PCE","12m",1.252
"1965-11-01","Core PCE","12m",1.297
"1965-12-01","Core PCE","12m",1.461
"1966-01-01","Core PCE","12m",1.353
"1966-02-01","Core PCE","12m",1.481
"1966-03-01","Core PCE","12m",1.551
"1966-04-01","Core PCE","12m",1.796
"1966-05-01","Core PCE","12m",1.881
"1966-06-01","Core PCE","12m",2.234
"1966-07-01","Core PCE","12m",2.432
"1966-08-01","Core PCE","12m",2.427
"1966-09-01","Core PCE","12m",2.624
"1966-10-01","Core PCE","12m",2.994
"1966-11-01","Core PCE","12m",3.058
"1966-12-01","Core PCE","12m",3.061
"1967-01-01","Core PCE","12m",3.124
"1967-02-01","Core PCE","12m",3.058
"1967-03-01","Core PCE","12m",3.083
"1967-04-01","Core PCE","12m",2.997
"1967-05-01","Core PCE","12m",2.948
"1967-06-01","Core PCE","12m",2.876
"1967-07-01","Core PCE","12m",2.925
"1967-08-01","Core PCE","12m",3.051
"1967-09-01","Core PCE","12m",3.099
"1967-10-01","Core PCE","12m",3.145
"1967-11-01","Core PCE","12m",3.217
"1967-12-01","Core PCE","12m",3.156
"1968-01-01","Core PCE","12m",3.521
"1968-02-01","Core PCE","12m",3.78
"1968-03-01","Core PCE","12m",4.033
"1968-04-01","Core PCE","12m",4.129
"1968-05-01","Core PCE","12m",4.293
"1968-06-01","Core PCE","12m",4.439
"1968-07-01","Core PCE","12m",4.429
"1968-08-01","Core PCE","12m",4.516
"1968-09-01","Core PCE","12m",4.566
"1968-10-01","Core PCE","12m",4.605
"1968-11-01","Core PCE","12m",4.667
"1968-12-01","Core PCE","12m",4.721
"1969-01-01","Core PCE","12m",4.651
"1969-02-01","Core PCE","12m",4.561
"1969-03-01","Core PCE","12m",4.635
"1969-04-01","Core PCE","12m",4.65
"1969-05-01","Core PCE","12m",4.675
"1969-06-01","Core PCE","12m",4.625
"1969-07-01","Core PCE","12m",4.764
"1969-08-01","Core PCE","12m",4.65
"1969-09-01","Core PCE","12m",4.647
"1969-10-01","Core PCE","12m",4.671
"1969-11-01","Core PCE","12m",4.674
"1969-12-01","Core PCE","12m",4.749
"1970-01-01","Core PCE","12m",4.7
"1970-02-01","Core PCE","12m",4.741
"1970-03-01","Core PCE","12m",4.641
"1970-04-01","Core PCE","12m",4.655
"1970-05-01","Core PCE","12m",4.605
"1970-06-01","Core PCE","12m",4.62
"1970-07-01","Core PCE","12m",4.532
"1970-08-01","Core PCE","12m",4.601
"1970-09-01","Core PCE","12m",4.618
"1970-10-01","Core PCE","12m",4.684
"1970-11-01","Core PCE","12m",4.822
"1970-12-01","Core PCE","12m",4.959
"1971-01-01","Core PCE","12m",5.027
"1971-02-01","Core PCE","12m",5.023
"1971-03-01","Core PCE","12m",4.97
"1971-04-01","Core PCE","12m",4.945
"1971-05-01","Core PCE","12m",5.031
"1971-06-01","Core PCE","12m",5.071
"1971-07-01","Core PCE","12m",5.072
"1971-08-01","Core PCE","12m",4.855
"1971-09-01","Core PCE","12m",4.593
"1971-10-01","Core PCE","12m",4.243
"1971-11-01","Core PCE","12m",3.944
"1971-12-01","Core PCE","12m",3.748
"1972-01-01","Core PCE","12m",3.781
"1972-02-01","Core PCE","12m",3.667
"1972-03-01","Core PCE","12m",3.538
"1972-04-01","Core PCE","12m",3.393
"1972-05-01","Core PCE","12m",3.182
"1972-06-01","Core PCE","12m",2.983
"1972-07-01","Core PCE","12m",2.884
"1972-08-01","Core PCE","12m",2.959
"1972-09-01","Core PCE","12m",3.129
"1972-10-01","Core PCE","12m",3.028
"1972-11-01","Core PCE","12m",3.067
"1972-12-01","Core PCE","12m",3.053
"1973-01-01","Core PCE","12m",2.679
"1973-02-01","Core PCE","12m",2.726
"1973-03-01","Core PCE","12m",2.939
"1973-04-01","Core PCE","12m",3.296
"1973-05-01","Core PCE","12m",3.455
"1973-06-01","Core PCE","12m",3.692
"1973-07-01","Core PCE","12m",3.84
"1973-08-01","Core PCE","12m",4.101
"1973-09-01","Core PCE","12m",4.281
"1973-10-01","Core PCE","12m",4.623
"1973-11-01","Core PCE","12m",4.852
"1973-12-01","Core PCE","12m",5.118
"1974-01-01","Core PCE","12m",5.569
"1974-02-01","Core PCE","12m",5.907
"1974-03-01","Core PCE","12m",6.303
"1974-04-01","Core PCE","12m",6.482
"1974-05-01","Core PCE","12m",7.092
"1974-06-01","Core PCE","12m",7.723
"1974-07-01","Core PCE","12m",8.216
"1974-08-01","Core PCE","12m",8.752
"1974-09-01","Core PCE","12m",9.177
"1974-10-01","Core PCE","12m",9.608
"1974-11-01","Core PCE","12m",9.877
"1974-12-01","Core PCE","12m",10.043
"1975-01-01","Core PCE","12m",10.142
"1975-02-01","Core PCE","12m",10.22
"1975-03-01","Core PCE","12m",9.937
"1975-04-01","Core PCE","12m",9.653
"1975-05-01","Core PCE","12m",9.07
"1975-06-01","Core PCE","12m",8.489
"1975-07-01","Core PCE","12m",8.198
"1975-08-01","Core PCE","12m",7.536
"1975-09-01","Core PCE","12m",7.157
"1975-10-01","Core PCE","12m",6.856
"1975-11-01","Core PCE","12m",6.783
"1975-12-01","Core PCE","12m",6.677
"1976-01-01","Core PCE","12m",6.604
"1976-02-01","Core PCE","12m",6.277
"1976-03-01","Core PCE","12m",6.074
"1976-04-01","Core PCE","12m",5.973
"1976-05-01","Core PCE","12m",6.023
"1976-06-01","Core PCE","12m",5.937
"1976-07-01","Core PCE","12m",5.868
"1976-08-01","Core PCE","12m",6.114
"1976-09-01","Core PCE","12m",6.158
"1976-10-01","Core PCE","12m",6.149
"1976-11-01","Core PCE","12m",5.931
"1976-12-01","Core PCE","12m",5.862
"1977-01-01","Core PCE","12m",5.965
"1977-02-01","Core PCE","12m",6.192
"1977-03-01","Core PCE","12m",6.293
"1977-04-01","Core PCE","12m",6.4
"1977-05-01","Core PCE","12m",6.44
"1977-06-01","Core PCE","12m",6.643
"1977-07-01","Core PCE","12m",6.715
"1977-08-01","Core PCE","12m",6.625
"1977-09-01","Core PCE","12m",6.451
"1977-10-01","Core PCE","12m",6.444
"1977-11-01","Core PCE","12m",6.511
"1977-12-01","Core PCE","12m",6.482
"1978-01-01","Core PCE","12m",6.47
"1978-02-01","Core PCE","12m",6.229
"1978-03-01","Core PCE","12m",6.353
"1978-04-01","Core PCE","12m",6.516
"1978-05-01","Core PCE","12m",6.599
"1978-06-01","Core PCE","12m",6.556
"1978-07-01","Core PCE","12m",6.526
"1978-08-01","Core PCE","12m",6.572
"1978-09-01","Core PCE","12m",6.736
"1978-10-01","Core PCE","12m",7.002
"1978-11-01","Core PCE","12m",7.024
"1978-12-01","Core PCE","12m",6.888
"1979-01-01","Core PCE","12m",6.796
"1979-02-01","Core PCE","12m",6.735
"1979-03-01","Core PCE","12m",6.768
"1979-04-01","Core PCE","12m",7.063
"1979-05-01","Core PCE","12m",7.362
"1979-06-01","Core PCE","12m",7.364
"1979-07-01","Core PCE","12m",7.272
"1979-08-01","Core PCE","12m",7.408
"1979-09-01","Core PCE","12m",7.521
"1979-10-01","Core PCE","12m",7.517
"1979-11-01","Core PCE","12m",7.624
"1979-12-01","Core PCE","12m",7.978
"1980-01-01","Core PCE","12m",8.245
"1980-02-01","Core PCE","12m",8.966
"1980-03-01","Core PCE","12m",9.35
"1980-04-01","Core PCE","12m",8.904
"1980-05-01","Core PCE","12m",8.836
"1980-06-01","Core PCE","12m",8.948
"1980-07-01","Core PCE","12m",9.165
"1980-08-01","Core PCE","12m",9.23
"1980-09-01","Core PCE","12m",9.513
"1980-10-01","Core PCE","12m",9.613
"1980-11-01","Core PCE","12m",9.775
"1980-12-01","Core PCE","12m",9.647
"1981-01-01","Core PCE","12m",9.765
"1981-02-01","Core PCE","12m",9.475
"1981-03-01","Core PCE","12m",9.072
"1981-04-01","Core PCE","12m",9.208
"1981-05-01","Core PCE","12m",9.081
"1981-06-01","Core PCE","12m",8.902
"1981-07-01","Core PCE","12m",8.795
"1981-08-01","Core PCE","12m",8.737
"1981-09-01","Core PCE","12m",8.428
"1981-10-01","Core PCE","12m",8.185
"1981-11-01","Core PCE","12m",7.965
"1981-12-01","Core PCE","12m",7.718
"1982-01-01","Core PCE","12m",7.446
"1982-02-01","Core PCE","12m",7.078
"1982-03-01","Core PCE","12m",6.952
"1982-04-01","Core PCE","12m",6.694
"1982-05-01","Core PCE","12m",6.541
"1982-06-01","Core PCE","12m",6.545
"1982-07-01","Core PCE","12m",6.593
"1982-08-01","Core PCE","12m",6.371
"1982-09-01","Core PCE","12m",6.069
"1982-10-01","Core PCE","12m",6.109
"1982-11-01","Core PCE","12m",5.883
"1982-12-01","Core PCE","12m",5.828
"1983-01-01","Core PCE","12m",5.903
"1983-02-01","Core PCE","12m",5.887
"1983-03-01","Core PCE","12m",5.56
"1983-04-01","Core PCE","12m",5.462
"1983-05-01","Core PCE","12m",5.043
"1983-06-01","Core PCE","12m",5.006
"1983-07-01","Core PCE","12m",5.033
"1983-08-01","Core PCE","12m",5.091
"1983-09-01","Core PCE","12m",5.126
"1983-10-01","Core PCE","12m",4.649
"1983-11-01","Core PCE","12m",4.507
"1983-12-01","Core PCE","12m",4.253
"1984-01-01","Core PCE","12m",3.889
"1984-02-01","Core PCE","12m",4.158
"1984-03-01","Core PCE","12m",4.421
"1984-04-01","Core PCE","12m",4.595
"1984-05-01","Core PCE","12m",4.687
"1984-06-01","Core PCE","12m",4.446
"1984-07-01","Core PCE","12m",4.193
"1984-08-01","Core PCE","12m",4
"1984-09-01","Core PCE","12m",3.74
"1984-10-01","Core PCE","12m",3.789
"1984-11-01","Core PCE","12m",3.767
"1984-12-01","Core PCE","12m",4.101
"1985-01-01","Core PCE","12m",4.338
"1985-02-01","Core PCE","12m",4.222
"1985-03-01","Core PCE","12m",4.191
"1985-04-01","Core PCE","12m",3.827
"1985-05-01","Core PCE","12m",3.943
"1985-06-01","Core PCE","12m",4.042
"1985-07-01","Core PCE","12m",3.898
"1985-08-01","Core PCE","12m",4.065
"1985-09-01","Core PCE","12m",4.121
"1985-10-01","Core PCE","12m",4.054
"1985-11-01","Core PCE","12m",4.088
"1985-12-01","Core PCE","12m",3.96
"1986-01-01","Core PCE","12m",3.938
"1986-02-01","Core PCE","12m",3.669
"1986-03-01","Core PCE","12m",3.621
"1986-04-01","Core PCE","12m",3.686
"1986-05-01","Core PCE","12m",3.506
"1986-06-01","Core PCE","12m",3.475
"1986-07-01","Core PCE","12m",3.361
"1986-08-01","Core PCE","12m",3.067
"1986-09-01","Core PCE","12m",3.193
"1986-10-01","Core PCE","12m",3.378
"1986-11-01","Core PCE","12m",3.344
"1986-12-01","Core PCE","12m",3.197
"1987-01-01","Core PCE","12m",2.89
"1987-02-01","Core PCE","12m",2.834
"1987-03-01","Core PCE","12m",2.826
"1987-04-01","Core PCE","12m",3.075
"1987-05-01","Core PCE","12m",3.188
"1987-06-01","Core PCE","12m",3.161
"1987-07-01","Core PCE","12m",3.24
"1987-08-01","Core PCE","12m",3.378
"1987-09-01","Core PCE","12m",3.447
"1987-10-01","Core PCE","12m",3.537
"1987-11-01","Core PCE","12m",3.534
"1987-12-01","Core PCE","12m",3.617
"1988-01-01","Core PCE","12m",3.857
"1988-02-01","Core PCE","12m",3.859
"1988-03-01","Core PCE","12m",3.995
"1988-04-01","Core PCE","12m",4.059
"1988-05-01","Core PCE","12m",4.121
"1988-06-01","Core PCE","12m",4.275
"1988-07-01","Core PCE","12m",4.43
"1988-08-01","Core PCE","12m",4.337
"1988-09-01","Core PCE","12m",4.481
"1988-10-01","Core PCE","12m",4.433
"1988-11-01","Core PCE","12m",4.501
"1988-12-01","Core PCE","12m",4.628
"1989-01-01","Core PCE","12m",4.662
"1989-02-01","Core PCE","12m",4.713
"1989-03-01","Core PCE","12m",4.579
"1989-04-01","Core PCE","12m",4.422
"1989-05-01","Core PCE","12m",4.379
"1989-06-01","Core PCE","12m",4.216
"1989-07-01","Core PCE","12m",4.06
"1989-08-01","Core PCE","12m",3.946
"1989-09-01","Core PCE","12m",3.751
"1989-10-01","Core PCE","12m",3.733
"1989-11-01","Core PCE","12m",3.725
"1989-12-01","Core PCE","12m",3.675
"1990-01-01","Core PCE","12m",3.55
"1990-02-01","Core PCE","12m",3.789
"1990-03-01","Core PCE","12m",3.978
"1990-04-01","Core PCE","12m",3.939
"1990-05-01","Core PCE","12m",3.946
"1990-06-01","Core PCE","12m",4.073
"1990-07-01","Core PCE","12m",4.068
"1990-08-01","Core PCE","12m",4.356
"1990-09-01","Core PCE","12m",4.358
"1990-10-01","Core PCE","12m",4.334
"1990-11-01","Core PCE","12m",4.183
"1990-12-01","Core PCE","12m",4.032
"1991-01-01","Core PCE","12m",4.15
"1991-02-01","Core PCE","12m",3.933
"1991-03-01","Core PCE","12m",3.652
"1991-04-01","Core PCE","12m",3.551
"1991-05-01","Core PCE","12m",3.646
"1991-06-01","Core PCE","12m",3.468
"1991-07-01","Core PCE","12m",3.522
"1991-08-01","Core PCE","12m",3.376
"1991-09-01","Core PCE","12m",3.428
"1991-10-01","Core PCE","12m",3.305
"1991-11-01","Core PCE","12m",3.373
"1991-12-01","Core PCE","12m",3.484
"1992-01-01","Core PCE","12m",3.251
"1992-02-01","Core PCE","12m",3.247
"1992-03-01","Core PCE","12m",3.289
"1992-04-01","Core PCE","12m",3.421
"1992-05-01","Core PCE","12m",3.155
"1992-06-01","Core PCE","12m",3.012
"1992-07-01","Core PCE","12m",3.088
"1992-08-01","Core PCE","12m",2.899
"1992-09-01","Core PCE","12m",2.656
"1992-10-01","Core PCE","12m",2.825
"1992-11-01","Core PCE","12m",2.857
"1992-12-01","Core PCE","12m",2.795
"1993-01-01","Core PCE","12m",2.814
"1993-02-01","Core PCE","12m",2.731
"1993-03-01","Core PCE","12m",2.7
"1993-04-01","Core PCE","12m",2.661
"1993-05-01","Core PCE","12m",2.864
"1993-06-01","Core PCE","12m",2.882
"1993-07-01","Core PCE","12m",2.707
"1993-08-01","Core PCE","12m",2.805
"1993-09-01","Core PCE","12m",2.793
"1993-10-01","Core PCE","12m",2.567
"1993-11-01","Core PCE","12m",2.607
"1993-12-01","Core PCE","12m",2.463
"1994-01-01","Core PCE","12m",2.247
"1994-02-01","Core PCE","12m",2.273
"1994-03-01","Core PCE","12m",2.397
"1994-04-01","Core PCE","12m",2.254
"1994-05-01","Core PCE","12m",2.136
"1994-06-01","Core PCE","12m",2.265
"1994-07-01","Core PCE","12m",2.268
"1994-08-01","Core PCE","12m",2.192
"1994-09-01","Core PCE","12m",2.193
"1994-10-01","Core PCE","12m",2.266
"1994-11-01","Core PCE","12m",2.189
"1994-12-01","Core PCE","12m",2.178
"1995-01-01","Core PCE","12m",2.351
"1995-02-01","Core PCE","12m",2.297
"1995-03-01","Core PCE","12m",2.2
"1995-04-01","Core PCE","12m",2.284
"1995-05-01","Core PCE","12m",2.23
"1995-06-01","Core PCE","12m",2.092
"1995-07-01","Core PCE","12m",2.039
"1995-08-01","Core PCE","12m",2.17
"1995-09-01","Core PCE","12m",2.149
"1995-10-01","Core PCE","12m",2.157
"1995-11-01","Core PCE","12m",2.036
"1995-12-01","Core PCE","12m",2.145
"1996-01-01","Core PCE","12m",2.007
"1996-02-01","Core PCE","12m",1.973
"1996-03-01","Core PCE","12m",1.959
"1996-04-01","Core PCE","12m",1.86
"1996-05-01","Core PCE","12m",1.864
"1996-06-01","Core PCE","12m",1.854
"1996-07-01","Core PCE","12m",1.884
"1996-08-01","Core PCE","12m",1.728
"1996-09-01","Core PCE","12m",1.903
"1996-10-01","Core PCE","12m",1.897
"1996-11-01","Core PCE","12m",1.965
"1996-12-01","Core PCE","12m",1.86
"1997-01-01","Core PCE","12m",1.854
"1997-02-01","Core PCE","12m",1.93
"1997-03-01","Core PCE","12m",1.937
"1997-04-01","Core PCE","12m",1.999
"1997-05-01","Core PCE","12m",1.896
"1997-06-01","Core PCE","12m",1.968
"1997-07-01","Core PCE","12m",1.847
"1997-08-01","Core PCE","12m",1.718
"1997-09-01","Core PCE","12m",1.621
"1997-10-01","Core PCE","12m",1.534
"1997-11-01","Core PCE","12m",1.432
"1997-12-01","Core PCE","12m",1.452
"1998-01-01","Core PCE","12m",1.498
"1998-02-01","Core PCE","12m",1.377
"1998-03-01","Core PCE","12m",1.244
"1998-04-01","Core PCE","12m",1.232
"1998-05-01","Core PCE","12m",1.256
"1998-06-01","Core PCE","12m",0.98
"1998-07-01","Core PCE","12m",1.195
"1998-08-01","Core PCE","12m",1.434
"1998-09-01","Core PCE","12m",1.207
"1998-10-01","Core PCE","12m",1.251
"1998-11-01","Core PCE","12m",1.238
"1998-12-01","Core PCE","12m",1.354
"1999-01-01","Core PCE","12m",1.343
"1999-02-01","Core PCE","12m",1.222
"1999-03-01","Core PCE","12m",1.144
"1999-04-01","Core PCE","12m",1.218
"1999-05-01","Core PCE","12m",1.217
"1999-06-01","Core PCE","12m",1.398
"1999-07-01","Core PCE","12m",1.295
"1999-08-01","Core PCE","12m",1.147
"1999-09-01","Core PCE","12m",1.431
"1999-10-01","Core PCE","12m",1.407
"1999-11-01","Core PCE","12m",1.486
"1999-12-01","Core PCE","12m",1.44
"2000-01-01","Core PCE","12m",1.539
"2000-02-01","Core PCE","12m",1.722
"2000-03-01","Core PCE","12m",1.901
"2000-04-01","Core PCE","12m",1.707
"2000-05-01","Core PCE","12m",1.719
"2000-06-01","Core PCE","12m",1.742
"2000-07-01","Core PCE","12m",1.792
"2000-08-01","Core PCE","12m",1.873
"2000-09-01","Core PCE","12m",1.85
"2000-10-01","Core PCE","12m",1.818
"2000-11-01","Core PCE","12m",1.9
"2000-12-01","Core PCE","12m",1.871
"2001-01-01","Core PCE","12m",2.005
"2001-02-01","Core PCE","12m",2.036
"2001-03-01","Core PCE","12m",1.932
"2001-04-01","Core PCE","12m",2.028
"2001-05-01","Core PCE","12m",1.943
"2001-06-01","Core PCE","12m",2.092
"2001-07-01","Core PCE","12m",2.122
"2001-08-01","Core PCE","12m",2.042
"2001-09-01","Core PCE","12m",1.217
"2001-10-01","Core PCE","12m",1.787
"2001-11-01","Core PCE","12m",1.815
"2001-12-01","Core PCE","12m",1.739
"2002-01-01","Core PCE","12m",1.418
"2002-02-01","Core PCE","12m",1.433
"2002-03-01","Core PCE","12m",1.449
"2002-04-01","Core PCE","12m",1.57
"2002-05-01","Core PCE","12m",1.659
"2002-06-01","Core PCE","12m",1.593
"2002-07-01","Core PCE","12m",1.538
"2002-08-01","Core PCE","12m",1.688
"2002-09-01","Core PCE","12m",2.436
"2002-10-01","Core PCE","12m",1.806
"2002-11-01","Core PCE","12m",1.698
"2002-12-01","Core PCE","12m",1.769
"2003-01-01","Core PCE","12m",1.781
"2003-02-01","Core PCE","12m",1.727
"2003-03-01","Core PCE","12m",1.769
"2003-04-01","Core PCE","12m",1.598
"2003-05-01","Core PCE","12m",1.632
"2003-06-01","Core PCE","12m",1.527
"2003-07-01","Core PCE","12m",1.574
"2003-08-01","Core PCE","12m",1.489
"2003-09-01","Core PCE","12m",1.465
"2003-10-01","Core PCE","12m",1.566
"2003-11-01","Core PCE","12m",1.605
"2003-12-01","Core PCE","12m",1.637
"2004-01-01","Core PCE","12m",1.829
"2004-02-01","Core PCE","12m",1.853
"2004-03-01","Core PCE","12m",1.86
"2004-04-01","Core PCE","12m",2.012
"2004-05-01","Core PCE","12m",2.006
"2004-06-01","Core PCE","12m",2.11
"2004-07-01","Core PCE","12m",1.976
"2004-08-01","Core PCE","12m",1.9
"2004-09-01","Core PCE","12m",1.949
"2004-10-01","Core PCE","12m",1.982
"2004-11-01","Core PCE","12m",2.063
"2004-12-01","Core PCE","12m",2.066
"2005-01-01","Core PCE","12m",2.171
"2005-02-01","Core PCE","12m",2.175
"2005-03-01","Core PCE","12m",2.256
"2005-04-01","Core PCE","12m",2.108
"2005-05-01","Core PCE","12m",2.177
"2005-06-01","Core PCE","12m",2.086
"2005-07-01","Core PCE","12m",2.115
"2005-08-01","Core PCE","12m",2.159
"2005-09-01","Core PCE","12m",2.193
"2005-10-01","Core PCE","12m",2.265
"2005-11-01","Core PCE","12m",2.306
"2005-12-01","Core PCE","12m",2.281
"2006-01-01","Core PCE","12m",2.142
"2006-02-01","Core PCE","12m",2.138
"2006-03-01","Core PCE","12m",2.168
"2006-04-01","Core PCE","12m",2.362
"2006-05-01","Core PCE","12m",2.409
"2006-06-01","Core PCE","12m",2.596
"2006-07-01","Core PCE","12m",2.546
"2006-08-01","Core PCE","12m",2.671
"2006-09-01","Core PCE","12m",2.606
"2006-10-01","Core PCE","12m",2.497
"2006-11-01","Core PCE","12m",2.284
"2006-12-01","Core PCE","12m",2.316
"2007-01-01","Core PCE","12m",2.5
"2007-02-01","Core PCE","12m",2.556
"2007-03-01","Core PCE","12m",2.377
"2007-04-01","Core PCE","12m",2.211
"2007-05-01","Core PCE","12m",2.076
"2007-06-01","Core PCE","12m",1.987
"2007-07-01","Core PCE","12m",2.041
"2007-08-01","Core PCE","12m",1.985
"2007-09-01","Core PCE","12m",2.102
"2007-10-01","Core PCE","12m",2.184
"2007-11-01","Core PCE","12m",2.336
"2007-12-01","Core PCE","12m",2.403
"2008-01-01","Core PCE","12m",2.193
"2008-02-01","Core PCE","12m",2.072
"2008-03-01","Core PCE","12m",2.17
"2008-04-01","Core PCE","12m",2.084
"2008-05-01","Core PCE","12m",2.149
"2008-06-01","Core PCE","12m",2.214
"2008-07-01","Core PCE","12m",2.244
"2008-08-01","Core PCE","12m",2.218
"2008-09-01","Core PCE","12m",2.044
"2008-10-01","Core PCE","12m",1.634
"2008-11-01","Core PCE","12m",1.39
"2008-12-01","Core PCE","12m",1.138
"2009-01-01","Core PCE","12m",0.906
"2009-02-01","Core PCE","12m",0.888
"2009-03-01","Core PCE","12m",0.762
"2009-04-01","Core PCE","12m",0.928
"2009-05-01","Core PCE","12m",0.822
"2009-06-01","Core PCE","12m",0.72
"2009-07-01","Core PCE","12m",0.626
"2009-08-01","Core PCE","12m",0.651
"2009-09-01","Core PCE","12m",0.725
"2009-10-01","Core PCE","12m",1.24
"2009-11-01","Core PCE","12m",1.373
"2009-12-01","Core PCE","12m",1.51
"2010-01-01","Core PCE","12m",1.691
"2010-02-01","Core PCE","12m",1.699
"2010-03-01","Core PCE","12m",1.777
"2010-04-01","Core PCE","12m",1.603
"2010-05-01","Core PCE","12m",1.637
"2010-06-01","Core PCE","12m",1.556
"2010-07-01","Core PCE","12m",1.471
"2010-08-01","Core PCE","12m",1.418
"2010-09-01","Core PCE","12m",1.297
"2010-10-01","Core PCE","12m",1.079
"2010-11-01","Core PCE","12m",1.122
"2010-12-01","Core PCE","12m",1.057
"2011-01-01","Core PCE","12m",1.123
"2011-02-01","Core PCE","12m",1.212
"2011-03-01","Core PCE","12m",1.215
"2011-04-01","Core PCE","12m",1.395
"2011-05-01","Core PCE","12m",1.524
"2011-06-01","Core PCE","12m",1.586
"2011-07-01","Core PCE","12m",1.734
"2011-08-01","Core PCE","12m",1.84
"2011-09-01","Core PCE","12m",1.851
"2011-10-01","Core PCE","12m",1.745
"2011-11-01","Core PCE","12m",1.828
"2011-12-01","Core PCE","12m",1.975
"2012-01-01","Core PCE","12m",2.061
"2012-02-01","Core PCE","12m",2.026
"2012-03-01","Core PCE","12m",2.045
"2012-04-01","Core PCE","12m",1.965
"2012-05-01","Core PCE","12m",1.827
"2012-06-01","Core PCE","12m",1.819
"2012-07-01","Core PCE","12m",1.774
"2012-08-01","Core PCE","12m",1.636
"2012-09-01","Core PCE","12m",1.692
"2012-10-01","Core PCE","12m",1.889
"2012-11-01","Core PCE","12m",1.783
"2012-12-01","Core PCE","12m",1.69
"2013-01-01","Core PCE","12m",1.592
"2013-02-01","Core PCE","12m",1.56
"2013-03-01","Core PCE","12m",1.481
"2013-04-01","Core PCE","12m",1.377
"2013-05-01","Core PCE","12m",1.393
"2013-06-01","Core PCE","12m",1.464
"2013-07-01","Core PCE","12m",1.488
"2013-08-01","Core PCE","12m",1.533
"2013-09-01","Core PCE","12m",1.529
"2013-10-01","Core PCE","12m",1.455
"2013-11-01","Core PCE","12m",1.514
"2013-12-01","Core PCE","12m",1.547
"2014-01-01","Core PCE","12m",1.452
"2014-02-01","Core PCE","12m",1.39
"2014-03-01","Core PCE","12m",1.447
"2014-04-01","Core PCE","12m",1.571
"2014-05-01","Core PCE","12m",1.624
"2014-06-01","Core PCE","12m",1.564
"2014-07-01","Core PCE","12m",1.61
"2014-08-01","Core PCE","12m",1.54
"2014-09-01","Core PCE","12m",1.555
"2014-10-01","Core PCE","12m",1.471
"2014-11-01","Core PCE","12m",1.393
"2014-12-01","Core PCE","12m",1.356
"2015-01-01","Core PCE","12m",1.21
"2015-02-01","Core PCE","12m",1.277
"2015-03-01","Core PCE","12m",1.281
"2015-04-01","Core PCE","12m",1.294
"2015-05-01","Core PCE","12m",1.247
"2015-06-01","Core PCE","12m",1.254
"2015-07-01","Core PCE","12m",1.179
"2015-08-01","Core PCE","12m",1.221
"2015-09-01","Core PCE","12m",1.232
"2015-10-01","Core PCE","12m",1.178
"2015-11-01","Core PCE","12m",1.197
"2015-12-01","Core PCE","12m",1.192
"2016-01-01","Core PCE","12m",1.406
"2016-02-01","Core PCE","12m",1.466
"2016-03-01","Core PCE","12m",1.457
"2016-04-01","Core PCE","12m",1.52
"2016-05-01","Core PCE","12m",1.569
"2016-06-01","Core PCE","12m",1.552
"2016-07-01","Core PCE","12m",1.599
"2016-08-01","Core PCE","12m",1.697
"2016-09-01","Core PCE","12m",1.685
"2016-10-01","Core PCE","12m",1.782
"2016-11-01","Core PCE","12m",1.719
"2016-12-01","Core PCE","12m",1.77
"2017-01-01","Core PCE","12m",1.863
"2017-02-01","Core PCE","12m",1.867
"2017-03-01","Core PCE","12m",1.679
"2017-04-01","Core PCE","12m",1.637
"2017-05-01","Core PCE","12m",1.546
"2017-06-01","Core PCE","12m",1.576
"2017-07-01","Core PCE","12m",1.503
"2017-08-01","Core PCE","12m",1.434
"2017-09-01","Core PCE","12m",1.423
"2017-10-01","Core PCE","12m",1.541
"2017-11-01","Core PCE","12m",1.545
"2017-12-01","Core PCE","12m",1.577
"2018-01-01","Core PCE","12m",1.632
"2018-02-01","Core PCE","12m",1.644
"2018-03-01","Core PCE","12m",1.909
"2018-04-01","Core PCE","12m",1.884
"2018-05-01","Core PCE","12m",1.981
"2018-06-01","Core PCE","12m",1.936
"2018-07-01","Core PCE","12m",1.996
"2018-08-01","Core PCE","12m",1.896
"2018-09-01","Core PCE","12m",1.96
"2018-10-01","Core PCE","12m",1.871
"2018-11-01","Core PCE","12m",2.01
"2018-12-01","Core PCE","12m",2.038
"2019-01-01","Core PCE","12m",1.844
"2019-02-01","Core PCE","12m",1.744
"2019-03-01","Core PCE","12m",1.616
"2019-04-01","Core PCE","12m",1.637
"2019-05-01","Core PCE","12m",1.563
"2019-06-01","Core PCE","12m",1.657
"2019-07-01","Core PCE","12m",1.639
"2019-08-01","Core PCE","12m",1.746
"2019-09-01","Core PCE","12m",1.632
"2019-10-01","Core PCE","12m",1.624
"2019-11-01","Core PCE","12m",1.498
"2019-12-01","Core PCE","12m",1.545
"2020-01-01","Core PCE","12m",1.591
"2020-02-01","Core PCE","12m",1.698
"2020-03-01","Core PCE","12m",1.527
"2020-04-01","Core PCE","12m",0.995
"2020-05-01","Core PCE","12m",0.997
"2020-06-01","Core PCE","12m",0.97
"2020-07-01","Core PCE","12m",1.214
"2020-08-01","Core PCE","12m",1.393
"2020-09-01","Core PCE","12m",1.48
"2020-10-01","Core PCE","12m",1.422
"2020-11-01","Core PCE","12m",1.454
"2020-12-01","Core PCE","12m",1.509
"2021-01-01","Core PCE","12m",1.589
"2021-02-01","Core PCE","12m",1.646
"2021-03-01","Core PCE","12m",2.134
"2021-04-01","Core PCE","12m",3.068
"2021-05-01","Core PCE","12m",3.436
"2021-06-01","Core PCE","12m",3.784
"2021-07-01","Core PCE","12m",3.844
"2021-08-01","Core PCE","12m",3.893
"2021-09-01","Core PCE","12m",3.926
"2021-10-01","Core PCE","12m",4.371
"2021-11-01","Core PCE","12m",4.797
"2021-12-01","Core PCE","12m",5.084
"2022-01-01","Core PCE","12m",5.326
"2022-02-01","Core PCE","12m",5.569
"2022-03-01","Core PCE","12m",5.56
"2022-04-01","Core PCE","12m",5.289
"2022-05-01","Core PCE","12m",5.169
"2022-06-01","Core PCE","12m",5.299
"2022-07-01","Core PCE","12m",5.219
"2022-08-01","Core PCE","12m",5.403
"2022-09-01","Core PCE","12m",5.64
"2022-10-01","Core PCE","12m",5.509
"2022-11-01","Core PCE","12m",5.285
"2022-12-01","Core PCE","12m",5.071
"2023-01-01","Core PCE","12m",5.002
"2023-02-01","Core PCE","12m",4.862
"2023-03-01","Core PCE","12m",4.865
"2023-04-01","Core PCE","12m",4.853
"2023-05-01","Core PCE","12m",4.834
"2023-06-01","Core PCE","12m",4.443
"2023-07-01","Core PCE","12m",4.236
"2023-08-01","Core PCE","12m",3.83
"2023-09-01","Core PCE","12m",3.738
"2023-10-01","Core PCE","12m",3.559
"2023-11-01","Core PCE","12m",3.437
"2023-12-01","Core PCE","12m",3.225
"2024-01-01","Core PCE","12m",3.224
"2024-02-01","Core PCE","12m",3.178
"2024-03-01","Core PCE","12m",3.146
"2024-04-01","Core PCE","12m",3.018
"2024-05-01","Core PCE","12m",2.809
"2024-06-01","Core PCE","12m",2.779
"2024-07-01","Core PCE","12m",2.809
"2024-08-01","Core PCE","12m",2.902
"2024-09-01","Core PCE","12m",2.84
"2024-10-01","Core PCE","12m",2.905
"2024-11-01","Core PCE","12m",2.874
"2024-12-01","Core PCE","12m",2.903
"2025-01-01","Core PCE","12m",2.812
"2025-02-01","Core PCE","12m",2.823
"2025-03-01","Core PCE","12m",2.564
"2025-04-01","Core PCE","12m",2.676
"2025-05-01","Core PCE","12m",2.787
"2025-06-01","Core PCE","12m",2.826
"2025-07-01","Core PCE","12m",2.841
"2025-08-01","Core PCE","12m",2.851
"2025-09-01","Core PCE","12m",2.817
"2025-10-01","Core PCE","12m",2.705
"2025-11-01","Core PCE","12m",2.721
"2025-12-01","Core PCE","12m",2.872
"2026-01-01","Core PCE","12m",2.938
"2026-02-01","Core PCE","12m",2.959
"2026-03-01","Core PCE","12m",3.105
"2026-04-01","Core PCE","12m",3.084
"2026-05-01","Core PCE","12m",3.162
"2026-06-01","Core PCE","12m",3.041
"2026-07-01","Core PCE","12m",2.983
"2026-08-01","Core PCE","12m",3.008
"1959-03-01","Cleveland median","1m",0
"1959-04-01","Cleveland median","1m",3.14
"1959-05-01","Cleveland median","1m",0.164
"1959-06-01","Cleveland median","1m",2.977
"1959-07-01","Cleveland median","1m",0.208
"1959-08-01","Cleveland median","1m",0
"1959-09-01","Cleveland median","1m",2.19
"1959-10-01","Cleveland median","1m",0.138
"1959-11-01","Cleveland median","1m",0
"1959-12-01","Cleveland median","1m",0.054
"1960-01-01","Cleveland median","1m",0
"1960-02-01","Cleveland median","1m",0
"1960-03-01","Cleveland median","1m",0
"1960-04-01","Cleveland median","1m",2.78
"1960-05-01","Cleveland median","1m",0
"1960-06-01","Cleveland median","1m",0
"1960-07-01","Cleveland median","1m",2.152
"1960-08-01","Cleveland median","1m",0.085
"1960-09-01","Cleveland median","1m",0.055
"1960-10-01","Cleveland median","1m",0
"1960-11-01","Cleveland median","1m",0.351
"1960-12-01","Cleveland median","1m",0.103
"1961-01-01","Cleveland median","1m",0
"1961-02-01","Cleveland median","1m",0
"1961-03-01","Cleveland median","1m",0
"1961-04-01","Cleveland median","1m",0.091
"1961-05-01","Cleveland median","1m",0
"1961-06-01","Cleveland median","1m",0
"1961-07-01","Cleveland median","1m",0.133
"1961-08-01","Cleveland median","1m",0
"1961-09-01","Cleveland median","1m",0.103
"1961-10-01","Cleveland median","1m",0
"1961-11-01","Cleveland median","1m",0.038
"1961-12-01","Cleveland median","1m",0
"1962-01-01","Cleveland median","1m",2.371
"1962-02-01","Cleveland median","1m",0.209
"1962-03-01","Cleveland median","1m",2.15
"1962-04-01","Cleveland median","1m",0
"1962-05-01","Cleveland median","1m",0
"1962-06-01","Cleveland median","1m",0
"1962-07-01","Cleveland median","1m",0
"1962-08-01","Cleveland median","1m",0.101
"1962-09-01","Cleveland median","1m",0.033
"1962-10-01","Cleveland median","1m",0
"1962-11-01","Cleveland median","1m",0
"1962-12-01","Cleveland median","1m",0
"1963-01-01","Cleveland median","1m",1.069
"1963-02-01","Cleveland median","1m",0.043
"1963-03-01","Cleveland median","1m",0
"1963-04-01","Cleveland median","1m",0
"1963-05-01","Cleveland median","1m",2.454
"1963-06-01","Cleveland median","1m",0
"1963-07-01","Cleveland median","1m",0
"1963-08-01","Cleveland median","1m",0
"1963-09-01","Cleveland median","1m",0
"1963-10-01","Cleveland median","1m",2.33
"1963-11-01","Cleveland median","1m",0
"1963-12-01","Cleveland median","1m",0.065
"1964-01-01","Cleveland median","1m",0.51
"1964-02-01","Cleveland median","1m",0.387
"1964-03-01","Cleveland median","1m",0
"1964-04-01","Cleveland median","1m",0
"1964-05-01","Cleveland median","1m",0
"1964-06-01","Cleveland median","1m",0
"1964-07-01","Cleveland median","1m",0
"1964-08-01","Cleveland median","1m",0
"1964-09-01","Cleveland median","1m",0
"1964-10-01","Cleveland median","1m",0
"1964-11-01","Cleveland median","1m",0.056
"1964-12-01","Cleveland median","1m",0.055
"1965-01-01","Cleveland median","1m",1.148
"1965-02-01","Cleveland median","1m",0.024
"1965-03-01","Cleveland median","1m",0
"1965-04-01","Cleveland median","1m",0.63
"1965-05-01","Cleveland median","1m",0.102
"1965-06-01","Cleveland median","1m",0.111
"1965-07-01","Cleveland median","1m",0
"1965-08-01","Cleveland median","1m",0.197
"1965-09-01","Cleveland median","1m",0.034
"1965-10-01","Cleveland median","1m",0.028
"1965-11-01","Cleveland median","1m",2.195
"1965-12-01","Cleveland median","1m",2.801
"1966-01-01","Cleveland median","1m",2.387
"1966-02-01","Cleveland median","1m",2.726
"1966-03-01","Cleveland median","1m",0.034
"1966-04-01","Cleveland median","1m",4.256
"1966-05-01","Cleveland median","1m",1.315
"1966-06-01","Cleveland median","1m",2.469
"1966-07-01","Cleveland median","1m",2.607
"1966-08-01","Cleveland median","1m",2.318
"1966-09-01","Cleveland median","1m",4.142
"1966-10-01","Cleveland median","1m",4.128
"1966-11-01","Cleveland median","1m",2.041
"1966-12-01","Cleveland median","1m",2.639
"1967-01-01","Cleveland median","1m",2.859
"1967-02-01","Cleveland median","1m",3.204
"1967-03-01","Cleveland median","1m",0.053
"1967-04-01","Cleveland median","1m",2.499
"1967-05-01","Cleveland median","1m",2.314
"1967-06-01","Cleveland median","1m",3.539
"1967-07-01","Cleveland median","1m",3.302
"1967-08-01","Cleveland median","1m",2.871
"1967-09-01","Cleveland median","1m",4.057
"1967-10-01","Cleveland median","1m",3.824
"1967-11-01","Cleveland median","1m",3.142
"1967-12-01","Cleveland median","1m",3.144
"1968-01-01","Cleveland median","1m",4.488
"1968-02-01","Cleveland median","1m",4.564
"1968-03-01","Cleveland median","1m",3.107
"1968-04-01","Cleveland median","1m",4.312
"1968-05-01","Cleveland median","1m",4.602
"1968-06-01","Cleveland median","1m",4.49
"1968-07-01","Cleveland median","1m",3.203
"1968-08-01","Cleveland median","1m",4.376
"1968-09-01","Cleveland median","1m",4.477
"1968-10-01","Cleveland median","1m",4.55
"1968-11-01","Cleveland median","1m",4.632
"1968-12-01","Cleveland median","1m",4.475
"1969-01-01","Cleveland median","1m",4.427
"1969-02-01","Cleveland median","1m",3.095
"1969-03-01","Cleveland median","1m",4.499
"1969-04-01","Cleveland median","1m",4.569
"1969-05-01","Cleveland median","1m",4.216
"1969-06-01","Cleveland median","1m",4.357
"1969-07-01","Cleveland median","1m",5.542
"1969-08-01","Cleveland median","1m",3.926
"1969-09-01","Cleveland median","1m",4.402
"1969-10-01","Cleveland median","1m",4.401
"1969-11-01","Cleveland median","1m",4.385
"1969-12-01","Cleveland median","1m",4.447
"1970-01-01","Cleveland median","1m",4.353
"1970-02-01","Cleveland median","1m",4.252
"1970-03-01","Cleveland median","1m",4.718
"1970-04-01","Cleveland median","1m",4.671
"1970-05-01","Cleveland median","1m",4.207
"1970-06-01","Cleveland median","1m",4.276
"1970-07-01","Cleveland median","1m",4.261
"1970-08-01","Cleveland median","1m",3.972
"1970-09-01","Cleveland median","1m",4.343
"1970-10-01","Cleveland median","1m",4.82
"1970-11-01","Cleveland median","1m",4.186
"1970-12-01","Cleveland median","1m",6.193
"1971-01-01","Cleveland median","1m",4.077
"1971-02-01","Cleveland median","1m",3.277
"1971-03-01","Cleveland median","1m",3.177
"1971-04-01","Cleveland median","1m",4.035
"1971-05-01","Cleveland median","1m",4.149
"1971-06-01","Cleveland median","1m",4.076
"1971-07-01","Cleveland median","1m",3.845
"1971-08-01","Cleveland median","1m",4.047
"1971-09-01","Cleveland median","1m",3.335
"1971-10-01","Cleveland median","1m",0.67
"1971-11-01","Cleveland median","1m",2.543
"1971-12-01","Cleveland median","1m",3.348
"1972-01-01","Cleveland median","1m",3.451
"1972-02-01","Cleveland median","1m",3.23
"1972-03-01","Cleveland median","1m",3.057
"1972-04-01","Cleveland median","1m",2.243
"1972-05-01","Cleveland median","1m",2.323
"1972-06-01","Cleveland median","1m",2.688
"1972-07-01","Cleveland median","1m",3.404
"1972-08-01","Cleveland median","1m",3.829
"1972-09-01","Cleveland median","1m",3.9
"1972-10-01","Cleveland median","1m",2.898
"1972-11-01","Cleveland median","1m",3.814
"1972-12-01","Cleveland median","1m",3.625
"1973-01-01","Cleveland median","1m",2.793
"1973-02-01","Cleveland median","1m",3.987
"1973-03-01","Cleveland median","1m",4.109
"1973-04-01","Cleveland median","1m",6.828
"1973-05-01","Cleveland median","1m",5.132
"1973-06-01","Cleveland median","1m",5.311
"1973-07-01","Cleveland median","1m",2.873
"1973-08-01","Cleveland median","1m",5.569
"1973-09-01","Cleveland median","1m",3.734
"1973-10-01","Cleveland median","1m",4.106
"1973-11-01","Cleveland median","1m",5.179
"1973-12-01","Cleveland median","1m",7.411
"1974-01-01","Cleveland median","1m",6.959
"1974-02-01","Cleveland median","1m",7.899
"1974-03-01","Cleveland median","1m",8.856
"1974-04-01","Cleveland median","1m",7.756
"1974-05-01","Cleveland median","1m",11.675
"1974-06-01","Cleveland median","1m",8.414
"1974-07-01","Cleveland median","1m",8.607
"1974-08-01","Cleveland median","1m",12.687
"1974-09-01","Cleveland median","1m",9.974
"1974-10-01","Cleveland median","1m",9.018
"1974-11-01","Cleveland median","1m",7.182
"1974-12-01","Cleveland median","1m",7.275
"1975-01-01","Cleveland median","1m",8.825
"1975-02-01","Cleveland median","1m",7.084
"1975-03-01","Cleveland median","1m",3.881
"1975-04-01","Cleveland median","1m",6.593
"1975-05-01","Cleveland median","1m",4.551
"1975-06-01","Cleveland median","1m",5.88
"1975-07-01","Cleveland median","1m",6.902
"1975-08-01","Cleveland median","1m",4.833
"1975-09-01","Cleveland median","1m",6.775
"1975-10-01","Cleveland median","1m",8.213
"1975-11-01","Cleveland median","1m",6.748
"1975-12-01","Cleveland median","1m",6.622
"1976-01-01","Cleveland median","1m",5.362
"1976-02-01","Cleveland median","1m",6.059
"1976-03-01","Cleveland median","1m",4.329
"1976-04-01","Cleveland median","1m",3.48
"1976-05-01","Cleveland median","1m",6.482
"1976-06-01","Cleveland median","1m",5.905
"1976-07-01","Cleveland median","1m",5.916
"1976-08-01","Cleveland median","1m",7.457
"1976-09-01","Cleveland median","1m",6.328
"1976-10-01","Cleveland median","1m",6.048
"1976-11-01","Cleveland median","1m",6.245
"1976-12-01","Cleveland median","1m",5.553
"1977-01-01","Cleveland median","1m",7.848
"1977-02-01","Cleveland median","1m",8.23
"1977-03-01","Cleveland median","1m",7.197
"1977-04-01","Cleveland median","1m",5.781
"1977-05-01","Cleveland median","1m",6.278
"1977-06-01","Cleveland median","1m",6.824
"1977-07-01","Cleveland median","1m",5.87
"1977-08-01","Cleveland median","1m",6.438
"1977-09-01","Cleveland median","1m",5.232
"1977-10-01","Cleveland median","1m",5.555
"1977-11-01","Cleveland median","1m",7.715
"1977-12-01","Cleveland median","1m",5.738
"1978-01-01","Cleveland median","1m",5.699
"1978-02-01","Cleveland median","1m",5.641
"1978-03-01","Cleveland median","1m",6.414
"1978-04-01","Cleveland median","1m",7.082
"1978-05-01","Cleveland median","1m",8.523
"1978-06-01","Cleveland median","1m",5.782
"1978-07-01","Cleveland median","1m",6.635
"1978-08-01","Cleveland median","1m",6.536
"1978-09-01","Cleveland median","1m",8.131
"1978-10-01","Cleveland median","1m",8.77
"1978-11-01","Cleveland median","1m",8.17
"1978-12-01","Cleveland median","1m",6.795
"1979-01-01","Cleveland median","1m",8.079
"1979-02-01","Cleveland median","1m",8.921
"1979-03-01","Cleveland median","1m",7.492
"1979-04-01","Cleveland median","1m",6.227
"1979-05-01","Cleveland median","1m",10.158
"1979-06-01","Cleveland median","1m",7.833
"1979-07-01","Cleveland median","1m",7.817
"1979-08-01","Cleveland median","1m",9.689
"1979-09-01","Cleveland median","1m",9.171
"1979-10-01","Cleveland median","1m",10.818
"1979-11-01","Cleveland median","1m",8.3
"1979-12-01","Cleveland median","1m",8.086
"1980-01-01","Cleveland median","1m",10.812
"1980-02-01","Cleveland median","1m",10.371
"1980-03-01","Cleveland median","1m",9.868
"1980-04-01","Cleveland median","1m",7.585
"1980-05-01","Cleveland median","1m",9.615
"1980-06-01","Cleveland median","1m",9.727
"1980-07-01","Cleveland median","1m",7.104
"1980-08-01","Cleveland median","1m",8.795
"1980-09-01","Cleveland median","1m",10.273
"1980-10-01","Cleveland median","1m",9.329
"1980-11-01","Cleveland median","1m",9.207
"1980-12-01","Cleveland median","1m",9.073
"1981-01-01","Cleveland median","1m",9.666
"1981-02-01","Cleveland median","1m",9.745
"1981-03-01","Cleveland median","1m",8.462
"1981-04-01","Cleveland median","1m",8.104
"1981-05-01","Cleveland median","1m",6.755
"1981-06-01","Cleveland median","1m",6.522
"1981-07-01","Cleveland median","1m",8.344
"1981-08-01","Cleveland median","1m",7.649
"1981-09-01","Cleveland median","1m",8.531
"1981-10-01","Cleveland median","1m",6.542
"1981-11-01","Cleveland median","1m",6.456
"1981-12-01","Cleveland median","1m",5.967
"1982-01-01","Cleveland median","1m",6.112
"1982-02-01","Cleveland median","1m",4.368
"1982-03-01","Cleveland median","1m",6.308
"1982-04-01","Cleveland median","1m",3.654
"1982-05-01","Cleveland median","1m",6.28
"1982-06-01","Cleveland median","1m",6.374
"1982-07-01","Cleveland median","1m",7.64
"1982-08-01","Cleveland median","1m",4.964
"1982-09-01","Cleveland median","1m",4.875
"1982-10-01","Cleveland median","1m",6.181
"1982-11-01","Cleveland median","1m",3.56
"1982-12-01","Cleveland median","1m",3.849
"1983-01-01","Cleveland median","1m",5.888
"1983-02-01","Cleveland median","1m",4.113
"1983-03-01","Cleveland median","1m",2.358
"1983-04-01","Cleveland median","1m",6.065
"1983-05-01","Cleveland median","1m",2.866
"1983-06-01","Cleveland median","1m",3.733
"1983-07-01","Cleveland median","1m",4.678
"1983-08-01","Cleveland median","1m",3.579
"1983-09-01","Cleveland median","1m",4.746
"1983-10-01","Cleveland median","1m",2.932
"1983-11-01","Cleveland median","1m",5.19
"1983-12-01","Cleveland median","1m",2.99
"1984-01-01","Cleveland median","1m",4.754
"1984-02-01","Cleveland median","1m",5.122
"1984-03-01","Cleveland median","1m",4.683
"1984-04-01","Cleveland median","1m",5.495
"1984-05-01","Cleveland median","1m",2.698
"1984-06-01","Cleveland median","1m",4.428
"1984-07-01","Cleveland median","1m",5.622
"1984-08-01","Cleveland median","1m",4.292
"1984-09-01","Cleveland median","1m",5.042
"1984-10-01","Cleveland median","1m",3.778
"1984-11-01","Cleveland median","1m",3.224
"1984-12-01","Cleveland median","1m",5.691
"1985-01-01","Cleveland median","1m",3.769
"1985-02-01","Cleveland median","1m",5.719
"1985-03-01","Cleveland median","1m",4.28
"1985-04-01","Cleveland median","1m",2.572
"1985-05-01","Cleveland median","1m",4.194
"1985-06-01","Cleveland median","1m",4.737
"1985-07-01","Cleveland median","1m",2.32
"1985-08-01","Cleveland median","1m",4.165
"1985-09-01","Cleveland median","1m",3.496
"1985-10-01","Cleveland median","1m",3.322
"1985-11-01","Cleveland median","1m",3.279
"1985-12-01","Cleveland median","1m",4.677
"1986-01-01","Cleveland median","1m",4.802
"1986-02-01","Cleveland median","1m",3.237
"1986-03-01","Cleveland median","1m",2.835
"1986-04-01","Cleveland median","1m",4.345
"1986-05-01","Cleveland median","1m",2.516
"1986-06-01","Cleveland median","1m",4.524
"1986-07-01","Cleveland median","1m",3.09
"1986-08-01","Cleveland median","1m",3.486
"1986-09-01","Cleveland median","1m",4.143
"1986-10-01","Cleveland median","1m",5.38
"1986-11-01","Cleveland median","1m",3.385
"1986-12-01","Cleveland median","1m",3.806
"1987-01-01","Cleveland median","1m",4.926
"1987-02-01","Cleveland median","1m",4.028
"1987-03-01","Cleveland median","1m",4.556
"1987-04-01","Cleveland median","1m",6.202
"1987-05-01","Cleveland median","1m",3.759
"1987-06-01","Cleveland median","1m",3.735
"1987-07-01","Cleveland median","1m",3.51
"1987-08-01","Cleveland median","1m",6.127
"1987-09-01","Cleveland median","1m",3.542
"1987-10-01","Cleveland median","1m",4.367
"1987-11-01","Cleveland median","1m",3.437
"1987-12-01","Cleveland median","1m",2.921
"1988-01-01","Cleveland median","1m",5.613
"1988-02-01","Cleveland median","1m",3.907
"1988-03-01","Cleveland median","1m",4.349
"1988-04-01","Cleveland median","1m",4.56
"1988-05-01","Cleveland median","1m",3.381
"1988-06-01","Cleveland median","1m",4.904
"1988-07-01","Cleveland median","1m",5.389
"1988-08-01","Cleveland median","1m",4.393
"1988-09-01","Cleveland median","1m",5.169
"1988-10-01","Cleveland median","1m",3.764
"1988-11-01","Cleveland median","1m",3.803
"1988-12-01","Cleveland median","1m",3.509
"1989-01-01","Cleveland median","1m",5.464
"1989-02-01","Cleveland median","1m",3.996
"1989-03-01","Cleveland median","1m",4.036
"1989-04-01","Cleveland median","1m",4.707
"1989-05-01","Cleveland median","1m",4.989
"1989-06-01","Cleveland median","1m",3.294
"1989-07-01","Cleveland median","1m",4.707
"1989-08-01","Cleveland median","1m",4.201
"1989-09-01","Cleveland median","1m",4.106
"1989-10-01","Cleveland median","1m",6.059
"1989-11-01","Cleveland median","1m",3.964
"1989-12-01","Cleveland median","1m",4.303
"1990-01-01","Cleveland median","1m",4.587
"1990-02-01","Cleveland median","1m",4.491
"1990-03-01","Cleveland median","1m",6.305
"1990-04-01","Cleveland median","1m",4.273
"1990-05-01","Cleveland median","1m",3.006
"1990-06-01","Cleveland median","1m",5.614
"1990-07-01","Cleveland median","1m",4.645
"1990-08-01","Cleveland median","1m",5.277
"1990-09-01","Cleveland median","1m",4.222
"1990-10-01","Cleveland median","1m",3.988
"1990-11-01","Cleveland median","1m",3.03
"1990-12-01","Cleveland median","1m",3.817
"1991-01-01","Cleveland median","1m",3.825
"1991-02-01","Cleveland median","1m",2.225
"1991-03-01","Cleveland median","1m",2.296
"1991-04-01","Cleveland median","1m",3.198
"1991-05-01","Cleveland median","1m",4.273
"1991-06-01","Cleveland median","1m",2.207
"1991-07-01","Cleveland median","1m",2.785
"1991-08-01","Cleveland median","1m",2.524
"1991-09-01","Cleveland median","1m",3.134
"1991-10-01","Cleveland median","1m",3.481
"1991-11-01","Cleveland median","1m",3.748
"1991-12-01","Cleveland median","1m",3.91
"1992-01-01","Cleveland median","1m",2.919
"1992-02-01","Cleveland median","1m",3.081
"1992-03-01","Cleveland median","1m",3.304
"1992-04-01","Cleveland median","1m",2.465
"1992-05-01","Cleveland median","1m",2.439
"1992-06-01","Cleveland median","1m",1.881
"1992-07-01","Cleveland median","1m",2.825
"1992-08-01","Cleveland median","1m",2.449
"1992-09-01","Cleveland median","1m",2.582
"1992-10-01","Cleveland median","1m",4.05
"1992-11-01","Cleveland median","1m",4.013
"1992-12-01","Cleveland median","1m",3.06
"1993-01-01","Cleveland median","1m",3.209
"1993-02-01","Cleveland median","1m",3.004
"1993-03-01","Cleveland median","1m",2.769
"1993-04-01","Cleveland median","1m",3.578
"1993-05-01","Cleveland median","1m",3.261
"1993-06-01","Cleveland median","1m",2.266
"1993-07-01","Cleveland median","1m",2.298
"1993-08-01","Cleveland median","1m",2.336
"1993-09-01","Cleveland median","1m",1.621
"1993-10-01","Cleveland median","1m",2.736
"1993-11-01","Cleveland median","1m",2.648
"1993-12-01","Cleveland median","1m",3.016
"1994-01-01","Cleveland median","1m",3.027
"1994-02-01","Cleveland median","1m",3.3
"1994-03-01","Cleveland median","1m",3.278
"1994-04-01","Cleveland median","1m",2.262
"1994-05-01","Cleveland median","1m",3.733
"1994-06-01","Cleveland median","1m",2.389
"1994-07-01","Cleveland median","1m",2.374
"1994-08-01","Cleveland median","1m",2.339
"1994-09-01","Cleveland median","1m",2.056
"1994-10-01","Cleveland median","1m",2.592
"1994-11-01","Cleveland median","1m",3.092
"1994-12-01","Cleveland median","1m",1.921
"1995-01-01","Cleveland median","1m",4.152
"1995-02-01","Cleveland median","1m",2.261
"1995-03-01","Cleveland median","1m",3.275
"1995-04-01","Cleveland median","1m",2.819
"1995-05-01","Cleveland median","1m",2.22
"1995-06-01","Cleveland median","1m",1.962
"1995-07-01","Cleveland median","1m",2.161
"1995-08-01","Cleveland median","1m",2.458
"1995-09-01","Cleveland median","1m",2.531
"1995-10-01","Cleveland median","1m",3.341
"1995-11-01","Cleveland median","1m",2.584
"1995-12-01","Cleveland median","1m",2.319
"1996-01-01","Cleveland median","1m",2.551
"1996-02-01","Cleveland median","1m",2.032
"1996-03-01","Cleveland median","1m",2.685
"1996-04-01","Cleveland median","1m",2.091
"1996-05-01","Cleveland median","1m",2.791
"1996-06-01","Cleveland median","1m",2.288
"1996-07-01","Cleveland median","1m",3.07
"1996-08-01","Cleveland median","1m",2.624
"1996-09-01","Cleveland median","1m",2.705
"1996-10-01","Cleveland median","1m",2.964
"1996-11-01","Cleveland median","1m",2.872
"1996-12-01","Cleveland median","1m",2.465
"1997-01-01","Cleveland median","1m",2.855
"1997-02-01","Cleveland median","1m",2.245
"1997-03-01","Cleveland median","1m",2.637
"1997-04-01","Cleveland median","1m",2.468
"1997-05-01","Cleveland median","1m",1.766
"1997-06-01","Cleveland median","1m",2.565
"1997-07-01","Cleveland median","1m",2.501
"1997-08-01","Cleveland median","1m",1.932
"1997-09-01","Cleveland median","1m",2.555
"1997-10-01","Cleveland median","1m",2.3
"1997-11-01","Cleveland median","1m",2.171
"1997-12-01","Cleveland median","1m",1.83
"1998-01-01","Cleveland median","1m",2.254
"1998-02-01","Cleveland median","1m",2.341
"1998-03-01","Cleveland median","1m",2.963
"1998-04-01","Cleveland median","1m",2.381
"1998-05-01","Cleveland median","1m",2.901
"1998-06-01","Cleveland median","1m",1.565
"1998-07-01","Cleveland median","1m",2.406
"1998-08-01","Cleveland median","1m",3.239
"1998-09-01","Cleveland median","1m",3.25
"1998-10-01","Cleveland median","1m",2.297
"1998-11-01","Cleveland median","1m",2.47
"1998-12-01","Cleveland median","1m",2.392
"1999-01-01","Cleveland median","1m",2.547
"1999-02-01","Cleveland median","1m",1.715
"1999-03-01","Cleveland median","1m",2.069
"1999-04-01","Cleveland median","1m",2.532
"1999-05-01","Cleveland median","1m",2.527
"1999-06-01","Cleveland median","1m",1.881
"1999-07-01","Cleveland median","1m",2.518
"1999-08-01","Cleveland median","1m",2.512
"1999-09-01","Cleveland median","1m",2.507
"1999-10-01","Cleveland median","1m",1.895
"1999-11-01","Cleveland median","1m",3.023
"1999-12-01","Cleveland median","1m",2.104
"2000-01-01","Cleveland median","1m",3.84
"2000-02-01","Cleveland median","1m",2.598
"2000-03-01","Cleveland median","1m",2.985
"2000-04-01","Cleveland median","1m",2.463
"2000-05-01","Cleveland median","1m",2.485
"2000-06-01","Cleveland median","1m",2.96
"2000-07-01","Cleveland median","1m",3.193
"2000-08-01","Cleveland median","1m",2.164
"2000-09-01","Cleveland median","1m",3.223
"2000-10-01","Cleveland median","1m",2.54
"2000-11-01","Cleveland median","1m",3.036
"2000-12-01","Cleveland median","1m",2.613
"2001-01-01","Cleveland median","1m",3.637
"2001-02-01","Cleveland median","1m",3.626
"2001-03-01","Cleveland median","1m",3.041
"2001-04-01","Cleveland median","1m",3.2
"2001-05-01","Cleveland median","1m",3.046
"2001-06-01","Cleveland median","1m",3.352
"2001-07-01","Cleveland median","1m",3.541
"2001-08-01","Cleveland median","1m",3.803
"2001-09-01","Cleveland median","1m",2.925
"2001-10-01","Cleveland median","1m",3.107
"2001-11-01","Cleveland median","1m",2.922
"2001-12-01","Cleveland median","1m",2.239
"2002-01-01","Cleveland median","1m",2.926
"2002-02-01","Cleveland median","1m",3.258
"2002-03-01","Cleveland median","1m",3.596
"2002-04-01","Cleveland median","1m",2.416
"2002-05-01","Cleveland median","1m",2.43
"2002-06-01","Cleveland median","1m",2.567
"2002-07-01","Cleveland median","1m",3.006
"2002-08-01","Cleveland median","1m",2.253
"2002-09-01","Cleveland median","1m",3.013
"2002-10-01","Cleveland median","1m",2.813
"2002-11-01","Cleveland median","1m",2.806
"2002-12-01","Cleveland median","1m",2.782
"2003-01-01","Cleveland median","1m",3.364
"2003-02-01","Cleveland median","1m",1.787
"2003-03-01","Cleveland median","1m",2.685
"2003-04-01","Cleveland median","1m",0.733
"2003-05-01","Cleveland median","1m",1.668
"2003-06-01","Cleveland median","1m",1.549
"2003-07-01","Cleveland median","1m",2.994
"2003-08-01","Cleveland median","1m",2.343
"2003-09-01","Cleveland median","1m",2.488
"2003-10-01","Cleveland median","1m",3.162
"2003-11-01","Cleveland median","1m",2.587
"2003-12-01","Cleveland median","1m",1.544
"2004-01-01","Cleveland median","1m",2.357
"2004-02-01","Cleveland median","1m",2.604
"2004-03-01","Cleveland median","1m",2.729
"2004-04-01","Cleveland median","1m",3.82
"2004-05-01","Cleveland median","1m",2.677
"2004-06-01","Cleveland median","1m",2.709
"2004-07-01","Cleveland median","1m",2.525
"2004-08-01","Cleveland median","1m",2.449
"2004-09-01","Cleveland median","1m",1.797
"2004-10-01","Cleveland median","1m",2.028
"2004-11-01","Cleveland median","1m",2.029
"2004-12-01","Cleveland median","1m",2.136
"2005-01-01","Cleveland median","1m",3.409
"2005-02-01","Cleveland median","1m",3.214
"2005-03-01","Cleveland median","1m",2.121
"2005-04-01","Cleveland median","1m",2.005
"2005-05-01","Cleveland median","1m",2.654
"2005-06-01","Cleveland median","1m",1.575
"2005-07-01","Cleveland median","1m",2.939
"2005-08-01","Cleveland median","1m",2.103
"2005-09-01","Cleveland median","1m",3.286
"2005-10-01","Cleveland median","1m",3.206
"2005-11-01","Cleveland median","1m",3.159
"2005-12-01","Cleveland median","1m",1.81
"2006-01-01","Cleveland median","1m",3.663
"2006-02-01","Cleveland median","1m",2.387
"2006-03-01","Cleveland median","1m",3.639
"2006-04-01","Cleveland median","1m",3.844
"2006-05-01","Cleveland median","1m",4.311
"2006-06-01","Cleveland median","1m",3.979
"2006-07-01","Cleveland median","1m",3.35
"2006-08-01","Cleveland median","1m",3.369
"2006-09-01","Cleveland median","1m",2.856
"2006-10-01","Cleveland median","1m",3.516
"2006-11-01","Cleveland median","1m",2.422
"2006-12-01","Cleveland median","1m",3.52
"2007-01-01","Cleveland median","1m",3.783
"2007-02-01","Cleveland median","1m",3.376
"2007-03-01","Cleveland median","1m",2.817
"2007-04-01","Cleveland median","1m",1.933
"2007-05-01","Cleveland median","1m",1.904
"2007-06-01","Cleveland median","1m",2.232
"2007-07-01","Cleveland median","1m",2.274
"2007-08-01","Cleveland median","1m",2.548
"2007-09-01","Cleveland median","1m",3.313
"2007-10-01","Cleveland median","1m",3.356
"2007-11-01","Cleveland median","1m",3.951
"2007-12-01","Cleveland median","1m",3.209
"2008-01-01","Cleveland median","1m",2.732
"2008-02-01","Cleveland median","1m",2.256
"2008-03-01","Cleveland median","1m",2.91
"2008-04-01","Cleveland median","1m",2.567
"2008-05-01","Cleveland median","1m",1.433
"2008-06-01","Cleveland median","1m",2.68
"2008-07-01","Cleveland median","1m",3.215
"2008-08-01","Cleveland median","1m",1.783
"2008-09-01","Cleveland median","1m",2.785
"2008-10-01","Cleveland median","1m",1.732
"2008-11-01","Cleveland median","1m",3.173
"2008-12-01","Cleveland median","1m",0.808
"2009-01-01","Cleveland median","1m",3.076
"2009-02-01","Cleveland median","1m",2.156
"2009-03-01","Cleveland median","1m",2.071
"2009-04-01","Cleveland median","1m",1.757
"2009-05-01","Cleveland median","1m",2.016
"2009-06-01","Cleveland median","1m",1.791
"2009-07-01","Cleveland median","1m",0.307
"2009-08-01","Cleveland median","1m",1.101
"2009-09-01","Cleveland median","1m",0.76
"2009-10-01","Cleveland median","1m",3.658
"2009-11-01","Cleveland median","1m",2.158
"2009-12-01","Cleveland median","1m",0.604
"2010-01-01","Cleveland median","1m",0.855
"2010-02-01","Cleveland median","1m",0.569
"2010-03-01","Cleveland median","1m",0.671
"2010-04-01","Cleveland median","1m",0.977
"2010-05-01","Cleveland median","1m",0.703
"2010-06-01","Cleveland median","1m",1.037
"2010-07-01","Cleveland median","1m",0.524
"2010-08-01","Cleveland median","1m",1.973
"2010-09-01","Cleveland median","1m",1.477
"2010-10-01","Cleveland median","1m",0.972
"2010-11-01","Cleveland median","1m",1.291
"2010-12-01","Cleveland median","1m",1.113
"2011-01-01","Cleveland median","1m",2.416
"2011-02-01","Cleveland median","1m",1.909
"2011-03-01","Cleveland median","1m",2.27
"2011-04-01","Cleveland median","1m",2.34
"2011-05-01","Cleveland median","1m",2.461
"2011-06-01","Cleveland median","1m",1.855
"2011-07-01","Cleveland median","1m",2.095
"2011-08-01","Cleveland median","1m",2.579
"2011-09-01","Cleveland median","1m",2.02
"2011-10-01","Cleveland median","1m",2.272
"2011-11-01","Cleveland median","1m",1.825
"2011-12-01","Cleveland median","1m",2.279
"2012-01-01","Cleveland median","1m",2.274
"2012-02-01","Cleveland median","1m",1.631
"2012-03-01","Cleveland median","1m",2.319
"2012-04-01","Cleveland median","1m",2.287
"2012-05-01","Cleveland median","1m",1.509
"2012-06-01","Cleveland median","1m",1.254
"2012-07-01","Cleveland median","1m",1.913
"2012-08-01","Cleveland median","1m",2.42
"2012-09-01","Cleveland median","1m",2.185
"2012-10-01","Cleveland median","1m",2.112
"2012-11-01","Cleveland median","1m",1.708
"2012-12-01","Cleveland median","1m",1.868
"2013-01-01","Cleveland median","1m",2.06
"2013-02-01","Cleveland median","1m",2.447
"2013-03-01","Cleveland median","1m",1.941
"2013-04-01","Cleveland median","1m",1.604
"2013-05-01","Cleveland median","1m",2.183
"2013-06-01","Cleveland median","1m",2.442
"2013-07-01","Cleveland median","1m",1.882
"2013-08-01","Cleveland median","1m",2.008
"2013-09-01","Cleveland median","1m",2.153
"2013-10-01","Cleveland median","1m",2.289
"2013-11-01","Cleveland median","1m",2.382
"2013-12-01","Cleveland median","1m",1.768
"2014-01-01","Cleveland median","1m",2.122
"2014-02-01","Cleveland median","1m",1.634
"2014-03-01","Cleveland median","1m",1.915
"2014-04-01","Cleveland median","1m",2.565
"2014-05-01","Cleveland median","1m",2.094
"2014-06-01","Cleveland median","1m",2.325
"2014-07-01","Cleveland median","1m",2.591
"2014-08-01","Cleveland median","1m",1.758
"2014-09-01","Cleveland median","1m",2.345
"2014-10-01","Cleveland median","1m",2.564
"2014-11-01","Cleveland median","1m",2.619
"2014-12-01","Cleveland median","1m",1.611
"2015-01-01","Cleveland median","1m",2.101
"2015-02-01","Cleveland median","1m",2.605
"2015-03-01","Cleveland median","1m",1.562
"2015-04-01","Cleveland median","1m",3.12
"2015-05-01","Cleveland median","1m",2.485
"2015-06-01","Cleveland median","1m",2.054
"2015-07-01","Cleveland median","1m",2.473
"2015-08-01","Cleveland median","1m",1.762
"2015-09-01","Cleveland median","1m",2.164
"2015-10-01","Cleveland median","1m",1.621
"2015-11-01","Cleveland median","1m",1.879
"2015-12-01","Cleveland median","1m",1.504
"2016-01-01","Cleveland median","1m",2.809
"2016-02-01","Cleveland median","1m",2.483
"2016-03-01","Cleveland median","1m",2.489
"2016-04-01","Cleveland median","1m",2.948
"2016-05-01","Cleveland median","1m",2.88
"2016-06-01","Cleveland median","1m",1.839
"2016-07-01","Cleveland median","1m",2.475
"2016-08-01","Cleveland median","1m",2.279
"2016-09-01","Cleveland median","1m",2.073
"2016-10-01","Cleveland median","1m",1.912
"2016-11-01","Cleveland median","1m",1.49
"2016-12-01","Cleveland median","1m",2.039
"2017-01-01","Cleveland median","1m",2.878
"2017-02-01","Cleveland median","1m",1.65
"2017-03-01","Cleveland median","1m",1.979
"2017-04-01","Cleveland median","1m",1.557
"2017-05-01","Cleveland median","1m",1.299
"2017-06-01","Cleveland median","1m",1.881
"2017-07-01","Cleveland median","1m",1.348
"2017-08-01","Cleveland median","1m",1.935
"2017-09-01","Cleveland median","1m",1.584
"2017-10-01","Cleveland median","1m",2.536
"2017-11-01","Cleveland median","1m",2.137
"2017-12-01","Cleveland median","1m",2.24
"2018-01-01","Cleveland median","1m",3.177
"2018-02-01","Cleveland median","1m",2.25
"2018-03-01","Cleveland median","1m",1.913
"2018-04-01","Cleveland median","1m",2.074
"2018-05-01","Cleveland median","1m",2.403
"2018-06-01","Cleveland median","1m",2.167
"2018-07-01","Cleveland median","1m",1.975
"2018-08-01","Cleveland median","1m",2.164
"2018-09-01","Cleveland median","1m",2.506
"2018-10-01","Cleveland median","1m",2.72
"2018-11-01","Cleveland median","1m",3.101
"2018-12-01","Cleveland median","1m",2.055
"2019-01-01","Cleveland median","1m",2.595
"2019-02-01","Cleveland median","1m",2.839
"2019-03-01","Cleveland median","1m",2.43
"2019-04-01","Cleveland median","1m",4.093
"2019-05-01","Cleveland median","1m",2.061
"2019-06-01","Cleveland median","1m",1.789
"2019-07-01","Cleveland median","1m",2.801
"2019-08-01","Cleveland median","1m",2.404
"2019-09-01","Cleveland median","1m",2.132
"2019-10-01","Cleveland median","1m",2.335
"2019-11-01","Cleveland median","1m",1.939
"2019-12-01","Cleveland median","1m",3.008
"2020-01-01","Cleveland median","1m",3.244
"2020-02-01","Cleveland median","1m",2.65
"2020-03-01","Cleveland median","1m",1.939
"2020-04-01","Cleveland median","1m",2.368
"2020-05-01","Cleveland median","1m",2.779
"2020-06-01","Cleveland median","1m",1.779
"2020-07-01","Cleveland median","1m",2.59
"2020-08-01","Cleveland median","1m",2.016
"2020-09-01","Cleveland median","1m",0.997
"2020-10-01","Cleveland median","1m",2.226
"2020-11-01","Cleveland median","1m",0.81
"2020-12-01","Cleveland median","1m",1.708
"2021-01-01","Cleveland median","1m",1.772
"2021-02-01","Cleveland median","1m",2.964
"2021-03-01","Cleveland median","1m",2.791
"2021-04-01","Cleveland median","1m",2.906
"2021-05-01","Cleveland median","1m",3.382
"2021-06-01","Cleveland median","1m",2.977
"2021-07-01","Cleveland median","1m",3.696
"2021-08-01","Cleveland median","1m",3.365
"2021-09-01","Cleveland median","1m",4.649
"2021-10-01","Cleveland median","1m",5.601
"2021-11-01","Cleveland median","1m",4.661
"2021-12-01","Cleveland median","1m",4.804
"2022-01-01","Cleveland median","1m",6.343
"2022-02-01","Cleveland median","1m",5.615
"2022-03-01","Cleveland median","1m",2.754
"2022-04-01","Cleveland median","1m",6.04
"2022-05-01","Cleveland median","1m",7.175
"2022-06-01","Cleveland median","1m",8.851
"2022-07-01","Cleveland median","1m",5.078
"2022-08-01","Cleveland median","1m",6.537
"2022-09-01","Cleveland median","1m",4.577
"2022-10-01","Cleveland median","1m",5.954
"2022-11-01","Cleveland median","1m",3.389
"2022-12-01","Cleveland median","1m",4.895
"2023-01-01","Cleveland median","1m",7.077
"2023-02-01","Cleveland median","1m",4.202
"2023-03-01","Cleveland median","1m",4.864
"2023-04-01","Cleveland median","1m",4.511
"2023-05-01","Cleveland median","1m",3.58
"2023-06-01","Cleveland median","1m",2.787
"2023-07-01","Cleveland median","1m",3.328
"2023-08-01","Cleveland median","1m",3.191
"2023-09-01","Cleveland median","1m",3.68
"2023-10-01","Cleveland median","1m",3.56
"2023-11-01","Cleveland median","1m",3.512
"2023-12-01","Cleveland median","1m",1.766
"2024-01-01","Cleveland median","1m",6.28
"2024-02-01","Cleveland median","1m",2.491
"2024-03-01","Cleveland median","1m",3.558
"2024-04-01","Cleveland median","1m",3.345
"2024-05-01","Cleveland median","1m",3.501
"2024-06-01","Cleveland median","1m",2.233
"2024-07-01","Cleveland median","1m",1.858
"2024-08-01","Cleveland median","1m",2.798
"2024-09-01","Cleveland median","1m",3.75
"2024-10-01","Cleveland median","1m",3.757
"2024-11-01","Cleveland median","1m",3.231
"2024-12-01","Cleveland median","1m",3.851
"2025-01-01","Cleveland median","1m",3.167
"2025-02-01","Cleveland median","1m",3.659
"2025-03-01","Cleveland median","1m",3.529
"2025-04-01","Cleveland median","1m",3.817
"2025-05-01","Cleveland median","1m",2.887
"2025-06-01","Cleveland median","1m",3.754
"2025-07-01","Cleveland median","1m",2.771
"2025-08-01","Cleveland median","1m",3.757
"2025-09-01","Cleveland median","1m",1.827
"2025-10-01","Cleveland median","1m",1.945
"2025-11-01","Cleveland median","1m",1.95
"2025-12-01","Cleveland median","1m",3.291
"2026-01-01","Cleveland median","1m",2.656
"2026-02-01","Cleveland median","1m",2.711
"2026-03-01","Cleveland median","1m",3.225
"2026-04-01","Cleveland median","1m",2.909
"2026-05-01","Cleveland median","1m",3.557
"2026-06-01","Cleveland median","1m",2.534
"2026-07-01","Cleveland median","1m",3.029
"2026-08-01","Cleveland median","1m",2.306
"1959-05-01","Cleveland median","3m",1.091
"1959-06-01","Cleveland median","3m",2.085
"1959-07-01","Cleveland median","3m",1.108
"1959-08-01","Cleveland median","3m",1.053
"1959-09-01","Cleveland median","3m",0.795
"1959-10-01","Cleveland median","3m",0.771
"1959-11-01","Cleveland median","3m",0.771
"1959-12-01","Cleveland median","3m",0.064
"1960-01-01","Cleveland median","3m",0.018
"1960-02-01","Cleveland median","3m",0.018
"1960-03-01","Cleveland median","3m",0
"1960-04-01","Cleveland median","3m",0.918
"1960-05-01","Cleveland median","3m",0.918
"1960-06-01","Cleveland median","3m",0.918
"1960-07-01","Cleveland median","3m",0.712
"1960-08-01","Cleveland median","3m",0.741
"1960-09-01","Cleveland median","3m",0.759
"1960-10-01","Cleveland median","3m",0.046
"1960-11-01","Cleveland median","3m",0.135
"1960-12-01","Cleveland median","3m",0.151
"1961-01-01","Cleveland median","3m",0.151
"1961-02-01","Cleveland median","3m",0.034
"1961-03-01","Cleveland median","3m",0
"1961-04-01","Cleveland median","3m",0.03
"1961-05-01","Cleveland median","3m",0.03
"1961-06-01","Cleveland median","3m",0.03
"1961-07-01","Cleveland median","3m",0.044
"1961-08-01","Cleveland median","3m",0.044
"1961-09-01","Cleveland median","3m",0.078
"1961-10-01","Cleveland median","3m",0.034
"1961-11-01","Cleveland median","3m",0.047
"1961-12-01","Cleveland median","3m",0.013
"1962-01-01","Cleveland median","3m",0.797
"1962-02-01","Cleveland median","3m",0.855
"1962-03-01","Cleveland median","3m",1.572
"1962-04-01","Cleveland median","3m",0.782
"1962-05-01","Cleveland median","3m",0.712
"1962-06-01","Cleveland median","3m",0
"1962-07-01","Cleveland median","3m",0
"1962-08-01","Cleveland median","3m",0.034
"1962-09-01","Cleveland median","3m",0.045
"1962-10-01","Cleveland median","3m",0.045
"1962-11-01","Cleveland median","3m",0.011
"1962-12-01","Cleveland median","3m",0
"1963-01-01","Cleveland median","3m",0.355
"1963-02-01","Cleveland median","3m",0.37
"1963-03-01","Cleveland median","3m",0.37
"1963-04-01","Cleveland median","3m",0.014
"1963-05-01","Cleveland median","3m",0.812
"1963-06-01","Cleveland median","3m",0.812
"1963-07-01","Cleveland median","3m",0.812
"1963-08-01","Cleveland median","3m",0
"1963-09-01","Cleveland median","3m",0
"1963-10-01","Cleveland median","3m",0.771
"1963-11-01","Cleveland median","3m",0.771
"1963-12-01","Cleveland median","3m",0.793
"1964-01-01","Cleveland median","3m",0.192
"1964-02-01","Cleveland median","3m",0.321
"1964-03-01","Cleveland median","3m",0.299
"1964-04-01","Cleveland median","3m",0.129
"1964-05-01","Cleveland median","3m",0
"1964-06-01","Cleveland median","3m",0
"1964-07-01","Cleveland median","3m",0
"1964-08-01","Cleveland median","3m",0
"1964-09-01","Cleveland median","3m",0
"1964-10-01","Cleveland median","3m",0
"1964-11-01","Cleveland median","3m",0.019
"1964-12-01","Cleveland median","3m",0.037
"1965-01-01","Cleveland median","3m",0.418
"1965-02-01","Cleveland median","3m",0.408
"1965-03-01","Cleveland median","3m",0.389
"1965-04-01","Cleveland median","3m",0.218
"1965-05-01","Cleveland median","3m",0.244
"1965-06-01","Cleveland median","3m",0.281
"1965-07-01","Cleveland median","3m",0.071
"1965-08-01","Cleveland median","3m",0.103
"1965-09-01","Cleveland median","3m",0.077
"1965-10-01","Cleveland median","3m",0.086
"1965-11-01","Cleveland median","3m",0.747
"1965-12-01","Cleveland median","3m",1.668
"1966-01-01","Cleveland median","3m",2.461
"1966-02-01","Cleveland median","3m",2.638
"1966-03-01","Cleveland median","3m",1.709
"1966-04-01","Cleveland median","3m",2.324
"1966-05-01","Cleveland median","3m",1.853
"1966-06-01","Cleveland median","3m",2.673
"1966-07-01","Cleveland median","3m",2.129
"1966-08-01","Cleveland median","3m",2.465
"1966-09-01","Cleveland median","3m",3.02
"1966-10-01","Cleveland median","3m",3.526
"1966-11-01","Cleveland median","3m",3.432
"1966-12-01","Cleveland median","3m",2.932
"1967-01-01","Cleveland median","3m",2.512
"1967-02-01","Cleveland median","3m",2.9
"1967-03-01","Cleveland median","3m",2.029
"1967-04-01","Cleveland median","3m",1.909
"1967-05-01","Cleveland median","3m",1.616
"1967-06-01","Cleveland median","3m",2.782
"1967-07-01","Cleveland median","3m",3.05
"1967-08-01","Cleveland median","3m",3.237
"1967-09-01","Cleveland median","3m",3.409
"1967-10-01","Cleveland median","3m",3.583
"1967-11-01","Cleveland median","3m",3.674
"1967-12-01","Cleveland median","3m",3.37
"1968-01-01","Cleveland median","3m",3.589
"1968-02-01","Cleveland median","3m",4.063
"1968-03-01","Cleveland median","3m",4.051
"1968-04-01","Cleveland median","3m",3.992
"1968-05-01","Cleveland median","3m",4.005
"1968-06-01","Cleveland median","3m",4.468
"1968-07-01","Cleveland median","3m",4.097
"1968-08-01","Cleveland median","3m",4.021
"1968-09-01","Cleveland median","3m",4.017
"1968-10-01","Cleveland median","3m",4.468
"1968-11-01","Cleveland median","3m",4.553
"1968-12-01","Cleveland median","3m",4.552
"1969-01-01","Cleveland median","3m",4.511
"1969-02-01","Cleveland median","3m",3.997
"1969-03-01","Cleveland median","3m",4.005
"1969-04-01","Cleveland median","3m",4.052
"1969-05-01","Cleveland median","3m",4.428
"1969-06-01","Cleveland median","3m",4.38
"1969-07-01","Cleveland median","3m",4.703
"1969-08-01","Cleveland median","3m",4.606
"1969-09-01","Cleveland median","3m",4.621
"1969-10-01","Cleveland median","3m",4.243
"1969-11-01","Cleveland median","3m",4.396
"1969-12-01","Cleveland median","3m",4.411
"1970-01-01","Cleveland median","3m",4.395
"1970-02-01","Cleveland median","3m",4.351
"1970-03-01","Cleveland median","3m",4.441
"1970-04-01","Cleveland median","3m",4.547
"1970-05-01","Cleveland median","3m",4.532
"1970-06-01","Cleveland median","3m",4.385
"1970-07-01","Cleveland median","3m",4.248
"1970-08-01","Cleveland median","3m",4.17
"1970-09-01","Cleveland median","3m",4.192
"1970-10-01","Cleveland median","3m",4.378
"1970-11-01","Cleveland median","3m",4.449
"1970-12-01","Cleveland median","3m",5.063
"1971-01-01","Cleveland median","3m",4.814
"1971-02-01","Cleveland median","3m",4.508
"1971-03-01","Cleveland median","3m",3.51
"1971-04-01","Cleveland median","3m",3.496
"1971-05-01","Cleveland median","3m",3.786
"1971-06-01","Cleveland median","3m",4.086
"1971-07-01","Cleveland median","3m",4.023
"1971-08-01","Cleveland median","3m",3.989
"1971-09-01","Cleveland median","3m",3.742
"1971-10-01","Cleveland median","3m",2.674
"1971-11-01","Cleveland median","3m",2.177
"1971-12-01","Cleveland median","3m",2.181
"1972-01-01","Cleveland median","3m",3.113
"1972-02-01","Cleveland median","3m",3.343
"1972-03-01","Cleveland median","3m",3.246
"1972-04-01","Cleveland median","3m",2.843
"1972-05-01","Cleveland median","3m",2.54
"1972-06-01","Cleveland median","3m",2.418
"1972-07-01","Cleveland median","3m",2.804
"1972-08-01","Cleveland median","3m",3.306
"1972-09-01","Cleveland median","3m",3.711
"1972-10-01","Cleveland median","3m",3.541
"1972-11-01","Cleveland median","3m",3.536
"1972-12-01","Cleveland median","3m",3.445
"1973-01-01","Cleveland median","3m",3.41
"1973-02-01","Cleveland median","3m",3.467
"1973-03-01","Cleveland median","3m",3.628
"1973-04-01","Cleveland median","3m",4.966
"1973-05-01","Cleveland median","3m",5.35
"1973-06-01","Cleveland median","3m",5.754
"1973-07-01","Cleveland median","3m",4.433
"1973-08-01","Cleveland median","3m",4.577
"1973-09-01","Cleveland median","3m",4.053
"1973-10-01","Cleveland median","3m",4.467
"1973-11-01","Cleveland median","3m",4.338
"1973-12-01","Cleveland median","3m",5.556
"1974-01-01","Cleveland median","3m",6.512
"1974-02-01","Cleveland median","3m",7.422
"1974-03-01","Cleveland median","3m",7.902
"1974-04-01","Cleveland median","3m",8.17
"1974-05-01","Cleveland median","3m",9.417
"1974-06-01","Cleveland median","3m",9.268
"1974-07-01","Cleveland median","3m",9.555
"1974-08-01","Cleveland median","3m",9.885
"1974-09-01","Cleveland median","3m",10.41
"1974-10-01","Cleveland median","3m",10.548
"1974-11-01","Cleveland median","3m",8.718
"1974-12-01","Cleveland median","3m",7.822
"1975-01-01","Cleveland median","3m",7.758
"1975-02-01","Cleveland median","3m",7.725
"1975-03-01","Cleveland median","3m",6.577
"1975-04-01","Cleveland median","3m",5.843
"1975-05-01","Cleveland median","3m",5.002
"1975-06-01","Cleveland median","3m",5.672
"1975-07-01","Cleveland median","3m",5.773
"1975-08-01","Cleveland median","3m",5.869
"1975-09-01","Cleveland median","3m",6.166
"1975-10-01","Cleveland median","3m",6.598
"1975-11-01","Cleveland median","3m",7.243
"1975-12-01","Cleveland median","3m",7.192
"1976-01-01","Cleveland median","3m",6.242
"1976-02-01","Cleveland median","3m",6.013
"1976-03-01","Cleveland median","3m",5.247
"1976-04-01","Cleveland median","3m",4.617
"1976-05-01","Cleveland median","3m",4.756
"1976-06-01","Cleveland median","3m",5.281
"1976-07-01","Cleveland median","3m",6.101
"1976-08-01","Cleveland median","3m",6.423
"1976-09-01","Cleveland median","3m",6.565
"1976-10-01","Cleveland median","3m",6.609
"1976-11-01","Cleveland median","3m",6.207
"1976-12-01","Cleveland median","3m",5.948
"1977-01-01","Cleveland median","3m",6.544
"1977-02-01","Cleveland median","3m",7.204
"1977-03-01","Cleveland median","3m",7.758
"1977-04-01","Cleveland median","3m",7.065
"1977-05-01","Cleveland median","3m",6.417
"1977-06-01","Cleveland median","3m",6.294
"1977-07-01","Cleveland median","3m",6.323
"1977-08-01","Cleveland median","3m",6.377
"1977-09-01","Cleveland median","3m",5.845
"1977-10-01","Cleveland median","3m",5.74
"1977-11-01","Cleveland median","3m",6.162
"1977-12-01","Cleveland median","3m",6.331
"1978-01-01","Cleveland median","3m",6.38
"1978-02-01","Cleveland median","3m",5.693
"1978-03-01","Cleveland median","3m",5.917
"1978-04-01","Cleveland median","3m",6.377
"1978-05-01","Cleveland median","3m",7.336
"1978-06-01","Cleveland median","3m",7.123
"1978-07-01","Cleveland median","3m",6.974
"1978-08-01","Cleveland median","3m",6.317
"1978-09-01","Cleveland median","3m",7.098
"1978-10-01","Cleveland median","3m",7.808
"1978-11-01","Cleveland median","3m",8.357
"1978-12-01","Cleveland median","3m",7.909
"1979-01-01","Cleveland median","3m",7.68
"1979-02-01","Cleveland median","3m",7.928
"1979-03-01","Cleveland median","3m",8.163
"1979-04-01","Cleveland median","3m",7.541
"1979-05-01","Cleveland median","3m",7.947
"1979-06-01","Cleveland median","3m",8.061
"1979-07-01","Cleveland median","3m",8.597
"1979-08-01","Cleveland median","3m",8.443
"1979-09-01","Cleveland median","3m",8.89
"1979-10-01","Cleveland median","3m",9.891
"1979-11-01","Cleveland median","3m",9.425
"1979-12-01","Cleveland median","3m",9.061
"1980-01-01","Cleveland median","3m",9.059
"1980-02-01","Cleveland median","3m",9.75
"1980-03-01","Cleveland median","3m",10.349
"1980-04-01","Cleveland median","3m",9.268
"1980-05-01","Cleveland median","3m",9.018
"1980-06-01","Cleveland median","3m",8.971
"1980-07-01","Cleveland median","3m",8.808
"1980-08-01","Cleveland median","3m",8.536
"1980-09-01","Cleveland median","3m",8.716
"1980-10-01","Cleveland median","3m",9.464
"1980-11-01","Cleveland median","3m",9.602
"1980-12-01","Cleveland median","3m",9.203
"1981-01-01","Cleveland median","3m",9.315
"1981-02-01","Cleveland median","3m",9.494
"1981-03-01","Cleveland median","3m",9.289
"1981-04-01","Cleveland median","3m",8.768
"1981-05-01","Cleveland median","3m",7.771
"1981-06-01","Cleveland median","3m",7.125
"1981-07-01","Cleveland median","3m",7.204
"1981-08-01","Cleveland median","3m",7.502
"1981-09-01","Cleveland median","3m",8.174
"1981-10-01","Cleveland median","3m",7.571
"1981-11-01","Cleveland median","3m",7.172
"1981-12-01","Cleveland median","3m",6.322
"1982-01-01","Cleveland median","3m",6.178
"1982-02-01","Cleveland median","3m",5.479
"1982-03-01","Cleveland median","3m",5.592
"1982-04-01","Cleveland median","3m",4.771
"1982-05-01","Cleveland median","3m",5.407
"1982-06-01","Cleveland median","3m",5.428
"1982-07-01","Cleveland median","3m",6.763
"1982-08-01","Cleveland median","3m",6.32
"1982-09-01","Cleveland median","3m",5.818
"1982-10-01","Cleveland median","3m",5.338
"1982-11-01","Cleveland median","3m",4.867
"1982-12-01","Cleveland median","3m",4.523
"1983-01-01","Cleveland median","3m",4.427
"1983-02-01","Cleveland median","3m",4.613
"1983-03-01","Cleveland median","3m",4.11
"1983-04-01","Cleveland median","3m",4.168
"1983-05-01","Cleveland median","3m",3.75
"1983-06-01","Cleveland median","3m",4.213
"1983-07-01","Cleveland median","3m",3.756
"1983-08-01","Cleveland median","3m",3.996
"1983-09-01","Cleveland median","3m",4.333
"1983-10-01","Cleveland median","3m",3.75
"1983-11-01","Cleveland median","3m",4.285
"1983-12-01","Cleveland median","3m",3.699
"1984-01-01","Cleveland median","3m",4.307
"1984-02-01","Cleveland median","3m",4.285
"1984-03-01","Cleveland median","3m",4.853
"1984-04-01","Cleveland median","3m",5.1
"1984-05-01","Cleveland median","3m",4.285
"1984-06-01","Cleveland median","3m",4.201
"1984-07-01","Cleveland median","3m",4.242
"1984-08-01","Cleveland median","3m",4.779
"1984-09-01","Cleveland median","3m",4.984
"1984-10-01","Cleveland median","3m",4.369
"1984-11-01","Cleveland median","3m",4.012
"1984-12-01","Cleveland median","3m",4.226
"1985-01-01","Cleveland median","3m",4.223
"1985-02-01","Cleveland median","3m",5.056
"1985-03-01","Cleveland median","3m",4.586
"1985-04-01","Cleveland median","3m",4.182
"1985-05-01","Cleveland median","3m",3.679
"1985-06-01","Cleveland median","3m",3.83
"1985-07-01","Cleveland median","3m",3.745
"1985-08-01","Cleveland median","3m",3.735
"1985-09-01","Cleveland median","3m",3.324
"1985-10-01","Cleveland median","3m",3.66
"1985-11-01","Cleveland median","3m",3.366
"1985-12-01","Cleveland median","3m",3.757
"1986-01-01","Cleveland median","3m",4.25
"1986-02-01","Cleveland median","3m",4.236
"1986-03-01","Cleveland median","3m",3.621
"1986-04-01","Cleveland median","3m",3.47
"1986-05-01","Cleveland median","3m",3.229
"1986-06-01","Cleveland median","3m",3.791
"1986-07-01","Cleveland median","3m",3.373
"1986-08-01","Cleveland median","3m",3.698
"1986-09-01","Cleveland median","3m",3.572
"1986-10-01","Cleveland median","3m",4.334
"1986-11-01","Cleveland median","3m",4.3
"1986-12-01","Cleveland median","3m",4.187
"1987-01-01","Cleveland median","3m",4.037
"1987-02-01","Cleveland median","3m",4.252
"1987-03-01","Cleveland median","3m",4.503
"1987-04-01","Cleveland median","3m",4.925
"1987-05-01","Cleveland median","3m",4.834
"1987-06-01","Cleveland median","3m",4.559
"1987-07-01","Cleveland median","3m",3.668
"1987-08-01","Cleveland median","3m",4.451
"1987-09-01","Cleveland median","3m",4.386
"1987-10-01","Cleveland median","3m",4.673
"1987-11-01","Cleveland median","3m",3.781
"1987-12-01","Cleveland median","3m",3.573
"1988-01-01","Cleveland median","3m",3.984
"1988-02-01","Cleveland median","3m",4.141
"1988-03-01","Cleveland median","3m",4.621
"1988-04-01","Cleveland median","3m",4.272
"1988-05-01","Cleveland median","3m",4.096
"1988-06-01","Cleveland median","3m",4.28
"1988-07-01","Cleveland median","3m",4.555
"1988-08-01","Cleveland median","3m",4.895
"1988-09-01","Cleveland median","3m",4.983
"1988-10-01","Cleveland median","3m",4.441
"1988-11-01","Cleveland median","3m",4.243
"1988-12-01","Cleveland median","3m",3.692
"1989-01-01","Cleveland median","3m",4.255
"1989-02-01","Cleveland median","3m",4.32
"1989-03-01","Cleveland median","3m",4.496
"1989-04-01","Cleveland median","3m",4.246
"1989-05-01","Cleveland median","3m",4.577
"1989-06-01","Cleveland median","3m",4.327
"1989-07-01","Cleveland median","3m",4.327
"1989-08-01","Cleveland median","3m",4.066
"1989-09-01","Cleveland median","3m",4.338
"1989-10-01","Cleveland median","3m",4.785
"1989-11-01","Cleveland median","3m",4.705
"1989-12-01","Cleveland median","3m",4.771
"1990-01-01","Cleveland median","3m",4.284
"1990-02-01","Cleveland median","3m",4.46
"1990-03-01","Cleveland median","3m",5.124
"1990-04-01","Cleveland median","3m",5.019
"1990-05-01","Cleveland median","3m",4.519
"1990-06-01","Cleveland median","3m",4.292
"1990-07-01","Cleveland median","3m",4.416
"1990-08-01","Cleveland median","3m",5.178
"1990-09-01","Cleveland median","3m",4.714
"1990-10-01","Cleveland median","3m",4.494
"1990-11-01","Cleveland median","3m",3.745
"1990-12-01","Cleveland median","3m",3.611
"1991-01-01","Cleveland median","3m",3.557
"1991-02-01","Cleveland median","3m",3.286
"1991-03-01","Cleveland median","3m",2.779
"1991-04-01","Cleveland median","3m",2.572
"1991-05-01","Cleveland median","3m",3.252
"1991-06-01","Cleveland median","3m",3.222
"1991-07-01","Cleveland median","3m",3.085
"1991-08-01","Cleveland median","3m",2.505
"1991-09-01","Cleveland median","3m",2.814
"1991-10-01","Cleveland median","3m",3.046
"1991-11-01","Cleveland median","3m",3.454
"1991-12-01","Cleveland median","3m",3.713
"1992-01-01","Cleveland median","3m",3.525
"1992-02-01","Cleveland median","3m",3.302
"1992-03-01","Cleveland median","3m",3.101
"1992-04-01","Cleveland median","3m",2.949
"1992-05-01","Cleveland median","3m",2.735
"1992-06-01","Cleveland median","3m",2.261
"1992-07-01","Cleveland median","3m",2.381
"1992-08-01","Cleveland median","3m",2.384
"1992-09-01","Cleveland median","3m",2.618
"1992-10-01","Cleveland median","3m",3.024
"1992-11-01","Cleveland median","3m",3.546
"1992-12-01","Cleveland median","3m",3.707
"1993-01-01","Cleveland median","3m",3.426
"1993-02-01","Cleveland median","3m",3.091
"1993-03-01","Cleveland median","3m",2.994
"1993-04-01","Cleveland median","3m",3.116
"1993-05-01","Cleveland median","3m",3.202
"1993-06-01","Cleveland median","3m",3.034
"1993-07-01","Cleveland median","3m",2.607
"1993-08-01","Cleveland median","3m",2.3
"1993-09-01","Cleveland median","3m",2.084
"1993-10-01","Cleveland median","3m",2.23
"1993-11-01","Cleveland median","3m",2.334
"1993-12-01","Cleveland median","3m",2.8
"1994-01-01","Cleveland median","3m",2.897
"1994-02-01","Cleveland median","3m",3.114
"1994-03-01","Cleveland median","3m",3.202
"1994-04-01","Cleveland median","3m",2.946
"1994-05-01","Cleveland median","3m",3.089
"1994-06-01","Cleveland median","3m",2.793
"1994-07-01","Cleveland median","3m",2.83
"1994-08-01","Cleveland median","3m",2.367
"1994-09-01","Cleveland median","3m",2.256
"1994-10-01","Cleveland median","3m",2.329
"1994-11-01","Cleveland median","3m",2.579
"1994-12-01","Cleveland median","3m",2.534
"1995-01-01","Cleveland median","3m",3.051
"1995-02-01","Cleveland median","3m",2.773
"1995-03-01","Cleveland median","3m",3.226
"1995-04-01","Cleveland median","3m",2.784
"1995-05-01","Cleveland median","3m",2.771
"1995-06-01","Cleveland median","3m",2.333
"1995-07-01","Cleveland median","3m",2.114
"1995-08-01","Cleveland median","3m",2.193
"1995-09-01","Cleveland median","3m",2.383
"1995-10-01","Cleveland median","3m",2.776
"1995-11-01","Cleveland median","3m",2.818
"1995-12-01","Cleveland median","3m",2.747
"1996-01-01","Cleveland median","3m",2.485
"1996-02-01","Cleveland median","3m",2.3
"1996-03-01","Cleveland median","3m",2.422
"1996-04-01","Cleveland median","3m",2.269
"1996-05-01","Cleveland median","3m",2.522
"1996-06-01","Cleveland median","3m",2.39
"1996-07-01","Cleveland median","3m",2.716
"1996-08-01","Cleveland median","3m",2.66
"1996-09-01","Cleveland median","3m",2.8
"1996-10-01","Cleveland median","3m",2.764
"1996-11-01","Cleveland median","3m",2.847
"1996-12-01","Cleveland median","3m",2.767
"1997-01-01","Cleveland median","3m",2.731
"1997-02-01","Cleveland median","3m",2.521
"1997-03-01","Cleveland median","3m",2.579
"1997-04-01","Cleveland median","3m",2.45
"1997-05-01","Cleveland median","3m",2.29
"1997-06-01","Cleveland median","3m",2.266
"1997-07-01","Cleveland median","3m",2.277
"1997-08-01","Cleveland median","3m",2.332
"1997-09-01","Cleveland median","3m",2.329
"1997-10-01","Cleveland median","3m",2.262
"1997-11-01","Cleveland median","3m",2.342
"1997-12-01","Cleveland median","3m",2.1
"1998-01-01","Cleveland median","3m",2.085
"1998-02-01","Cleveland median","3m",2.141
"1998-03-01","Cleveland median","3m",2.519
"1998-04-01","Cleveland median","3m",2.561
"1998-05-01","Cleveland median","3m",2.748
"1998-06-01","Cleveland median","3m",2.281
"1998-07-01","Cleveland median","3m",2.289
"1998-08-01","Cleveland median","3m",2.401
"1998-09-01","Cleveland median","3m",2.964
"1998-10-01","Cleveland median","3m",2.928
"1998-11-01","Cleveland median","3m",2.672
"1998-12-01","Cleveland median","3m",2.386
"1999-01-01","Cleveland median","3m",2.47
"1999-02-01","Cleveland median","3m",2.217
"1999-03-01","Cleveland median","3m",2.11
"1999-04-01","Cleveland median","3m",2.105
"1999-05-01","Cleveland median","3m",2.376
"1999-06-01","Cleveland median","3m",2.313
"1999-07-01","Cleveland median","3m",2.308
"1999-08-01","Cleveland median","3m",2.303
"1999-09-01","Cleveland median","3m",2.512
"1999-10-01","Cleveland median","3m",2.304
"1999-11-01","Cleveland median","3m",2.474
"1999-12-01","Cleveland median","3m",2.34
"2000-01-01","Cleveland median","3m",2.987
"2000-02-01","Cleveland median","3m",2.845
"2000-03-01","Cleveland median","3m",3.14
"2000-04-01","Cleveland median","3m",2.682
"2000-05-01","Cleveland median","3m",2.644
"2000-06-01","Cleveland median","3m",2.636
"2000-07-01","Cleveland median","3m",2.879
"2000-08-01","Cleveland median","3m",2.772
"2000-09-01","Cleveland median","3m",2.859
"2000-10-01","Cleveland median","3m",2.642
"2000-11-01","Cleveland median","3m",2.933
"2000-12-01","Cleveland median","3m",2.73
"2001-01-01","Cleveland median","3m",3.095
"2001-02-01","Cleveland median","3m",3.291
"2001-03-01","Cleveland median","3m",3.434
"2001-04-01","Cleveland median","3m",3.289
"2001-05-01","Cleveland median","3m",3.096
"2001-06-01","Cleveland median","3m",3.199
"2001-07-01","Cleveland median","3m",3.313
"2001-08-01","Cleveland median","3m",3.566
"2001-09-01","Cleveland median","3m",3.423
"2001-10-01","Cleveland median","3m",3.278
"2001-11-01","Cleveland median","3m",2.985
"2001-12-01","Cleveland median","3m",2.755
"2002-01-01","Cleveland median","3m",2.695
"2002-02-01","Cleveland median","3m",2.807
"2002-03-01","Cleveland median","3m",3.26
"2002-04-01","Cleveland median","3m",3.089
"2002-05-01","Cleveland median","3m",2.812
"2002-06-01","Cleveland median","3m",2.471
"2002-07-01","Cleveland median","3m",2.667
"2002-08-01","Cleveland median","3m",2.608
"2002-09-01","Cleveland median","3m",2.757
"2002-10-01","Cleveland median","3m",2.692
"2002-11-01","Cleveland median","3m",2.877
"2002-12-01","Cleveland median","3m",2.801
"2003-01-01","Cleveland median","3m",2.984
"2003-02-01","Cleveland median","3m",2.642
"2003-03-01","Cleveland median","3m",2.61
"2003-04-01","Cleveland median","3m",1.732
"2003-05-01","Cleveland median","3m",1.692
"2003-06-01","Cleveland median","3m",1.316
"2003-07-01","Cleveland median","3m",2.068
"2003-08-01","Cleveland median","3m",2.294
"2003-09-01","Cleveland median","3m",2.608
"2003-10-01","Cleveland median","3m",2.664
"2003-11-01","Cleveland median","3m",2.745
"2003-12-01","Cleveland median","3m",2.429
"2004-01-01","Cleveland median","3m",2.162
"2004-02-01","Cleveland median","3m",2.167
"2004-03-01","Cleveland median","3m",2.563
"2004-04-01","Cleveland median","3m",3.049
"2004-05-01","Cleveland median","3m",3.074
"2004-06-01","Cleveland median","3m",3.067
"2004-07-01","Cleveland median","3m",2.637
"2004-08-01","Cleveland median","3m",2.561
"2004-09-01","Cleveland median","3m",2.257
"2004-10-01","Cleveland median","3m",2.091
"2004-11-01","Cleveland median","3m",1.951
"2004-12-01","Cleveland median","3m",2.064
"2005-01-01","Cleveland median","3m",2.523
"2005-02-01","Cleveland median","3m",2.918
"2005-03-01","Cleveland median","3m",2.913
"2005-04-01","Cleveland median","3m",2.445
"2005-05-01","Cleveland median","3m",2.26
"2005-06-01","Cleveland median","3m",2.077
"2005-07-01","Cleveland median","3m",2.387
"2005-08-01","Cleveland median","3m",2.204
"2005-09-01","Cleveland median","3m",2.774
"2005-10-01","Cleveland median","3m",2.863
"2005-11-01","Cleveland median","3m",3.217
"2005-12-01","Cleveland median","3m",2.723
"2006-01-01","Cleveland median","3m",2.874
"2006-02-01","Cleveland median","3m",2.617
"2006-03-01","Cleveland median","3m",3.228
"2006-04-01","Cleveland median","3m",3.288
"2006-05-01","Cleveland median","3m",3.931
"2006-06-01","Cleveland median","3m",4.044
"2006-07-01","Cleveland median","3m",3.879
"2006-08-01","Cleveland median","3m",3.566
"2006-09-01","Cleveland median","3m",3.192
"2006-10-01","Cleveland median","3m",3.247
"2006-11-01","Cleveland median","3m",2.93
"2006-12-01","Cleveland median","3m",3.151
"2007-01-01","Cleveland median","3m",3.24
"2007-02-01","Cleveland median","3m",3.56
"2007-03-01","Cleveland median","3m",3.325
"2007-04-01","Cleveland median","3m",2.707
"2007-05-01","Cleveland median","3m",2.217
"2007-06-01","Cleveland median","3m",2.023
"2007-07-01","Cleveland median","3m",2.136
"2007-08-01","Cleveland median","3m",2.351
"2007-09-01","Cleveland median","3m",2.71
"2007-10-01","Cleveland median","3m",3.071
"2007-11-01","Cleveland median","3m",3.54
"2007-12-01","Cleveland median","3m",3.505
"2008-01-01","Cleveland median","3m",3.296
"2008-02-01","Cleveland median","3m",2.732
"2008-03-01","Cleveland median","3m",2.632
"2008-04-01","Cleveland median","3m",2.577
"2008-05-01","Cleveland median","3m",2.301
"2008-06-01","Cleveland median","3m",2.225
"2008-07-01","Cleveland median","3m",2.44
"2008-08-01","Cleveland median","3m",2.557
"2008-09-01","Cleveland median","3m",2.592
"2008-10-01","Cleveland median","3m",2.098
"2008-11-01","Cleveland median","3m",2.561
"2008-12-01","Cleveland median","3m",1.9
"2009-01-01","Cleveland median","3m",2.346
"2009-02-01","Cleveland median","3m",2.009
"2009-03-01","Cleveland median","3m",2.433
"2009-04-01","Cleveland median","3m",1.995
"2009-05-01","Cleveland median","3m",1.948
"2009-06-01","Cleveland median","3m",1.855
"2009-07-01","Cleveland median","3m",1.368
"2009-08-01","Cleveland median","3m",1.065
"2009-09-01","Cleveland median","3m",0.722
"2009-10-01","Cleveland median","3m",1.832
"2009-11-01","Cleveland median","3m",2.185
"2009-12-01","Cleveland median","3m",2.132
"2010-01-01","Cleveland median","3m",1.204
"2010-02-01","Cleveland median","3m",0.676
"2010-03-01","Cleveland median","3m",0.698
"2010-04-01","Cleveland median","3m",0.739
"2010-05-01","Cleveland median","3m",0.784
"2010-06-01","Cleveland median","3m",0.906
"2010-07-01","Cleveland median","3m",0.754
"2010-08-01","Cleveland median","3m",1.176
"2010-09-01","Cleveland median","3m",1.323
"2010-10-01","Cleveland median","3m",1.473
"2010-11-01","Cleveland median","3m",1.246
"2010-12-01","Cleveland median","3m",1.125
"2011-01-01","Cleveland median","3m",1.605
"2011-02-01","Cleveland median","3m",1.811
"2011-03-01","Cleveland median","3m",2.198
"2011-04-01","Cleveland median","3m",2.173
"2011-05-01","Cleveland median","3m",2.357
"2011-06-01","Cleveland median","3m",2.218
"2011-07-01","Cleveland median","3m",2.137
"2011-08-01","Cleveland median","3m",2.176
"2011-09-01","Cleveland median","3m",2.231
"2011-10-01","Cleveland median","3m",2.29
"2011-11-01","Cleveland median","3m",2.039
"2011-12-01","Cleveland median","3m",2.125
"2012-01-01","Cleveland median","3m",2.126
"2012-02-01","Cleveland median","3m",2.061
"2012-03-01","Cleveland median","3m",2.074
"2012-04-01","Cleveland median","3m",2.078
"2012-05-01","Cleveland median","3m",2.038
"2012-06-01","Cleveland median","3m",1.683
"2012-07-01","Cleveland median","3m",1.559
"2012-08-01","Cleveland median","3m",1.861
"2012-09-01","Cleveland median","3m",2.172
"2012-10-01","Cleveland median","3m",2.239
"2012-11-01","Cleveland median","3m",2.002
"2012-12-01","Cleveland median","3m",1.896
"2013-01-01","Cleveland median","3m",1.878
"2013-02-01","Cleveland median","3m",2.125
"2013-03-01","Cleveland median","3m",2.149
"2013-04-01","Cleveland median","3m",1.997
"2013-05-01","Cleveland median","3m",1.909
"2013-06-01","Cleveland median","3m",2.076
"2013-07-01","Cleveland median","3m",2.169
"2013-08-01","Cleveland median","3m",2.111
"2013-09-01","Cleveland median","3m",2.014
"2013-10-01","Cleveland median","3m",2.15
"2013-11-01","Cleveland median","3m",2.275
"2013-12-01","Cleveland median","3m",2.146
"2014-01-01","Cleveland median","3m",2.09
"2014-02-01","Cleveland median","3m",1.841
"2014-03-01","Cleveland median","3m",1.89
"2014-04-01","Cleveland median","3m",2.037
"2014-05-01","Cleveland median","3m",2.191
"2014-06-01","Cleveland median","3m",2.328
"2014-07-01","Cleveland median","3m",2.336
"2014-08-01","Cleveland median","3m",2.224
"2014-09-01","Cleveland median","3m",2.231
"2014-10-01","Cleveland median","3m",2.222
"2014-11-01","Cleveland median","3m",2.509
"2014-12-01","Cleveland median","3m",2.264
"2015-01-01","Cleveland median","3m",2.109
"2015-02-01","Cleveland median","3m",2.105
"2015-03-01","Cleveland median","3m",2.088
"2015-04-01","Cleveland median","3m",2.427
"2015-05-01","Cleveland median","3m",2.387
"2015-06-01","Cleveland median","3m",2.552
"2015-07-01","Cleveland median","3m",2.337
"2015-08-01","Cleveland median","3m",2.096
"2015-09-01","Cleveland median","3m",2.133
"2015-10-01","Cleveland median","3m",1.849
"2015-11-01","Cleveland median","3m",1.888
"2015-12-01","Cleveland median","3m",1.668
"2016-01-01","Cleveland median","3m",2.062
"2016-02-01","Cleveland median","3m",2.264
"2016-03-01","Cleveland median","3m",2.593
"2016-04-01","Cleveland median","3m",2.639
"2016-05-01","Cleveland median","3m",2.772
"2016-06-01","Cleveland median","3m",2.554
"2016-07-01","Cleveland median","3m",2.397
"2016-08-01","Cleveland median","3m",2.197
"2016-09-01","Cleveland median","3m",2.275
"2016-10-01","Cleveland median","3m",2.088
"2016-11-01","Cleveland median","3m",1.825
"2016-12-01","Cleveland median","3m",1.814
"2017-01-01","Cleveland median","3m",2.134
"2017-02-01","Cleveland median","3m",2.188
"2017-03-01","Cleveland median","3m",2.168
"2017-04-01","Cleveland median","3m",1.729
"2017-05-01","Cleveland median","3m",1.611
"2017-06-01","Cleveland median","3m",1.579
"2017-07-01","Cleveland median","3m",1.509
"2017-08-01","Cleveland median","3m",1.721
"2017-09-01","Cleveland median","3m",1.622
"2017-10-01","Cleveland median","3m",2.017
"2017-11-01","Cleveland median","3m",2.085
"2017-12-01","Cleveland median","3m",2.304
"2018-01-01","Cleveland median","3m",2.517
"2018-02-01","Cleveland median","3m",2.555
"2018-03-01","Cleveland median","3m",2.445
"2018-04-01","Cleveland median","3m",2.079
"2018-05-01","Cleveland median","3m",2.13
"2018-06-01","Cleveland median","3m",2.215
"2018-07-01","Cleveland median","3m",2.181
"2018-08-01","Cleveland median","3m",2.102
"2018-09-01","Cleveland median","3m",2.215
"2018-10-01","Cleveland median","3m",2.463
"2018-11-01","Cleveland median","3m",2.775
"2018-12-01","Cleveland median","3m",2.624
"2019-01-01","Cleveland median","3m",2.582
"2019-02-01","Cleveland median","3m",2.496
"2019-03-01","Cleveland median","3m",2.621
"2019-04-01","Cleveland median","3m",3.118
"2019-05-01","Cleveland median","3m",2.858
"2019-06-01","Cleveland median","3m",2.643
"2019-07-01","Cleveland median","3m",2.216
"2019-08-01","Cleveland median","3m",2.331
"2019-09-01","Cleveland median","3m",2.445
"2019-10-01","Cleveland median","3m",2.29
"2019-11-01","Cleveland median","3m",2.135
"2019-12-01","Cleveland median","3m",2.426
"2020-01-01","Cleveland median","3m",2.728
"2020-02-01","Cleveland median","3m",2.967
"2020-03-01","Cleveland median","3m",2.609
"2020-04-01","Cleveland median","3m",2.318
"2020-05-01","Cleveland median","3m",2.361
"2020-06-01","Cleveland median","3m",2.308
"2020-07-01","Cleveland median","3m",2.382
"2020-08-01","Cleveland median","3m",2.128
"2020-09-01","Cleveland median","3m",1.866
"2020-10-01","Cleveland median","3m",1.745
"2020-11-01","Cleveland median","3m",1.343
"2020-12-01","Cleveland median","3m",1.58
"2021-01-01","Cleveland median","3m",1.429
"2021-02-01","Cleveland median","3m",2.146
"2021-03-01","Cleveland median","3m",2.508
"2021-04-01","Cleveland median","3m",2.887
"2021-05-01","Cleveland median","3m",3.026
"2021-06-01","Cleveland median","3m",3.088
"2021-07-01","Cleveland median","3m",3.351
"2021-08-01","Cleveland median","3m",3.346
"2021-09-01","Cleveland median","3m",3.902
"2021-10-01","Cleveland median","3m",4.535
"2021-11-01","Cleveland median","3m",4.97
"2021-12-01","Cleveland median","3m",5.021
"2022-01-01","Cleveland median","3m",5.266
"2022-02-01","Cleveland median","3m",5.585
"2022-03-01","Cleveland median","3m",4.892
"2022-04-01","Cleveland median","3m",4.793
"2022-05-01","Cleveland median","3m",5.306
"2022-06-01","Cleveland median","3m",7.349
"2022-07-01","Cleveland median","3m",7.023
"2022-08-01","Cleveland median","3m",6.811
"2022-09-01","Cleveland median","3m",5.394
"2022-10-01","Cleveland median","3m",5.686
"2022-11-01","Cleveland median","3m",4.635
"2022-12-01","Cleveland median","3m",4.741
"2023-01-01","Cleveland median","3m",5.109
"2023-02-01","Cleveland median","3m",5.384
"2023-03-01","Cleveland median","3m",5.374
"2023-04-01","Cleveland median","3m",4.525
"2023-05-01","Cleveland median","3m",4.317
"2023-06-01","Cleveland median","3m",3.623
"2023-07-01","Cleveland median","3m",3.231
"2023-08-01","Cleveland median","3m",3.102
"2023-09-01","Cleveland median","3m",3.4
"2023-10-01","Cleveland median","3m",3.477
"2023-11-01","Cleveland median","3m",3.584
"2023-12-01","Cleveland median","3m",2.942
"2024-01-01","Cleveland median","3m",3.836
"2024-02-01","Cleveland median","3m",3.493
"2024-03-01","Cleveland median","3m",4.097
"2024-04-01","Cleveland median","3m",3.13
"2024-05-01","Cleveland median","3m",3.468
"2024-06-01","Cleveland median","3m",3.024
"2024-07-01","Cleveland median","3m",2.528
"2024-08-01","Cleveland median","3m",2.296
"2024-09-01","Cleveland median","3m",2.799
"2024-10-01","Cleveland median","3m",3.434
"2024-11-01","Cleveland median","3m",3.579
"2024-12-01","Cleveland median","3m",3.613
"2025-01-01","Cleveland median","3m",3.416
"2025-02-01","Cleveland median","3m",3.559
"2025-03-01","Cleveland median","3m",3.452
"2025-04-01","Cleveland median","3m",3.668
"2025-05-01","Cleveland median","3m",3.41
"2025-06-01","Cleveland median","3m",3.485
"2025-07-01","Cleveland median","3m",3.136
"2025-08-01","Cleveland median","3m",3.426
"2025-09-01","Cleveland median","3m",2.782
"2025-10-01","Cleveland median","3m",2.506
"2025-11-01","Cleveland median","3m",1.907
"2025-12-01","Cleveland median","3m",2.394
"2026-01-01","Cleveland median","3m",2.631
"2026-02-01","Cleveland median","3m",2.886
"2026-03-01","Cleveland median","3m",2.864
"2026-04-01","Cleveland median","3m",2.948
"2026-05-01","Cleveland median","3m",3.23
"2026-06-01","Cleveland median","3m",2.999
"2026-07-01","Cleveland median","3m",3.039
"2026-08-01","Cleveland median","3m",2.623
"1960-02-01","Cleveland median","12m",0.732
"1960-03-01","Cleveland median","12m",0.732
"1960-04-01","Cleveland median","12m",0.703
"1960-05-01","Cleveland median","12m",0.689
"1960-06-01","Cleveland median","12m",0.443
"1960-07-01","Cleveland median","12m",0.604
"1960-08-01","Cleveland median","12m",0.611
"1960-09-01","Cleveland median","12m",0.435
"1960-10-01","Cleveland median","12m",0.423
"1960-11-01","Cleveland median","12m",0.452
"1960-12-01","Cleveland median","12m",0.456
"1961-01-01","Cleveland median","12m",0.456
"1961-02-01","Cleveland median","12m",0.456
"1961-03-01","Cleveland median","12m",0.456
"1961-04-01","Cleveland median","12m",0.235
"1961-05-01","Cleveland median","12m",0.235
"1961-06-01","Cleveland median","12m",0.235
"1961-07-01","Cleveland median","12m",0.068
"1961-08-01","Cleveland median","12m",0.061
"1961-09-01","Cleveland median","12m",0.065
"1961-10-01","Cleveland median","12m",0.065
"1961-11-01","Cleveland median","12m",0.039
"1961-12-01","Cleveland median","12m",0.03
"1962-01-01","Cleveland median","12m",0.226
"1962-02-01","Cleveland median","12m",0.243
"1962-03-01","Cleveland median","12m",0.421
"1962-04-01","Cleveland median","12m",0.414
"1962-05-01","Cleveland median","12m",0.414
"1962-06-01","Cleveland median","12m",0.414
"1962-07-01","Cleveland median","12m",0.403
"1962-08-01","Cleveland median","12m",0.411
"1962-09-01","Cleveland median","12m",0.405
"1962-10-01","Cleveland median","12m",0.405
"1962-11-01","Cleveland median","12m",0.402
"1962-12-01","Cleveland median","12m",0.402
"1963-01-01","Cleveland median","12m",0.295
"1963-02-01","Cleveland median","12m",0.281
"1963-03-01","Cleveland median","12m",0.103
"1963-04-01","Cleveland median","12m",0.103
"1963-05-01","Cleveland median","12m",0.306
"1963-06-01","Cleveland median","12m",0.306
"1963-07-01","Cleveland median","12m",0.306
"1963-08-01","Cleveland median","12m",0.297
"1963-09-01","Cleveland median","12m",0.295
"1963-10-01","Cleveland median","12m",0.487
"1963-11-01","Cleveland median","12m",0.487
"1963-12-01","Cleveland median","12m",0.493
"1964-01-01","Cleveland median","12m",0.446
"1964-02-01","Cleveland median","12m",0.475
"1964-03-01","Cleveland median","12m",0.475
"1964-04-01","Cleveland median","12m",0.475
"1964-05-01","Cleveland median","12m",0.272
"1964-06-01","Cleveland median","12m",0.272
"1964-07-01","Cleveland median","12m",0.272
"1964-08-01","Cleveland median","12m",0.272
"1964-09-01","Cleveland median","12m",0.272
"1964-10-01","Cleveland median","12m",0.08
"1964-11-01","Cleveland median","12m",0.085
"1964-12-01","Cleveland median","12m",0.084
"1965-01-01","Cleveland median","12m",0.137
"1965-02-01","Cleveland median","12m",0.106
"1965-03-01","Cleveland median","12m",0.106
"1965-04-01","Cleveland median","12m",0.159
"1965-05-01","Cleveland median","12m",0.167
"1965-06-01","Cleveland median","12m",0.177
"1965-07-01","Cleveland median","12m",0.177
"1965-08-01","Cleveland median","12m",0.193
"1965-09-01","Cleveland median","12m",0.196
"1965-10-01","Cleveland median","12m",0.198
"1965-11-01","Cleveland median","12m",0.375
"1965-12-01","Cleveland median","12m",0.602
"1966-01-01","Cleveland median","12m",0.704
"1966-02-01","Cleveland median","12m",0.928
"1966-03-01","Cleveland median","12m",0.931
"1966-04-01","Cleveland median","12m",1.229
"1966-05-01","Cleveland median","12m",1.33
"1966-06-01","Cleveland median","12m",1.527
"1966-07-01","Cleveland median","12m",1.745
"1966-08-01","Cleveland median","12m",1.923
"1966-09-01","Cleveland median","12m",2.265
"1966-10-01","Cleveland median","12m",2.608
"1966-11-01","Cleveland median","12m",2.595
"1966-12-01","Cleveland median","12m",2.582
"1967-01-01","Cleveland median","12m",2.621
"1967-02-01","Cleveland median","12m",2.661
"1967-03-01","Cleveland median","12m",2.663
"1967-04-01","Cleveland median","12m",2.517
"1967-05-01","Cleveland median","12m",2.601
"1967-06-01","Cleveland median","12m",2.69
"1967-07-01","Cleveland median","12m",2.748
"1967-08-01","Cleveland median","12m",2.794
"1967-09-01","Cleveland median","12m",2.787
"1967-10-01","Cleveland median","12m",2.762
"1967-11-01","Cleveland median","12m",2.854
"1967-12-01","Cleveland median","12m",2.896
"1968-01-01","Cleveland median","12m",3.031
"1968-02-01","Cleveland median","12m",3.143
"1968-03-01","Cleveland median","12m",3.402
"1968-04-01","Cleveland median","12m",3.553
"1968-05-01","Cleveland median","12m",3.744
"1968-06-01","Cleveland median","12m",3.823
"1968-07-01","Cleveland median","12m",3.815
"1968-08-01","Cleveland median","12m",3.941
"1968-09-01","Cleveland median","12m",3.976
"1968-10-01","Cleveland median","12m",4.036
"1968-11-01","Cleveland median","12m",4.16
"1968-12-01","Cleveland median","12m",4.272
"1969-01-01","Cleveland median","12m",4.267
"1969-02-01","Cleveland median","12m",4.144
"1969-03-01","Cleveland median","12m",4.26
"1969-04-01","Cleveland median","12m",4.282
"1969-05-01","Cleveland median","12m",4.25
"1969-06-01","Cleveland median","12m",4.238
"1969-07-01","Cleveland median","12m",4.433
"1969-08-01","Cleveland median","12m",4.396
"1969-09-01","Cleveland median","12m",4.389
"1969-10-01","Cleveland median","12m",4.377
"1969-11-01","Cleveland median","12m",4.356
"1969-12-01","Cleveland median","12m",4.354
"1970-01-01","Cleveland median","12m",4.348
"1970-02-01","Cleveland median","12m",4.445
"1970-03-01","Cleveland median","12m",4.463
"1970-04-01","Cleveland median","12m",4.472
"1970-05-01","Cleveland median","12m",4.471
"1970-06-01","Cleveland median","12m",4.464
"1970-07-01","Cleveland median","12m",4.358
"1970-08-01","Cleveland median","12m",4.362
"1970-09-01","Cleveland median","12m",4.357
"1970-10-01","Cleveland median","12m",4.392
"1970-11-01","Cleveland median","12m",4.375
"1970-12-01","Cleveland median","12m",4.52
"1971-01-01","Cleveland median","12m",4.497
"1971-02-01","Cleveland median","12m",4.415
"1971-03-01","Cleveland median","12m",4.286
"1971-04-01","Cleveland median","12m",4.233
"1971-05-01","Cleveland median","12m",4.228
"1971-06-01","Cleveland median","12m",4.211
"1971-07-01","Cleveland median","12m",4.177
"1971-08-01","Cleveland median","12m",4.183
"1971-09-01","Cleveland median","12m",4.099
"1971-10-01","Cleveland median","12m",3.749
"1971-11-01","Cleveland median","12m",3.611
"1971-12-01","Cleveland median","12m",3.377
"1972-01-01","Cleveland median","12m",3.325
"1972-02-01","Cleveland median","12m",3.321
"1972-03-01","Cleveland median","12m",3.311
"1972-04-01","Cleveland median","12m",3.162
"1972-05-01","Cleveland median","12m",3.01
"1972-06-01","Cleveland median","12m",2.895
"1972-07-01","Cleveland median","12m",2.858
"1972-08-01","Cleveland median","12m",2.84
"1972-09-01","Cleveland median","12m",2.887
"1972-10-01","Cleveland median","12m",3.075
"1972-11-01","Cleveland median","12m",3.181
"1972-12-01","Cleveland median","12m",3.204
"1973-01-01","Cleveland median","12m",3.149
"1973-02-01","Cleveland median","12m",3.212
"1973-03-01","Cleveland median","12m",3.299
"1973-04-01","Cleveland median","12m",3.677
"1973-05-01","Cleveland median","12m",3.912
"1973-06-01","Cleveland median","12m",4.13
"1973-07-01","Cleveland median","12m",4.086
"1973-08-01","Cleveland median","12m",4.23
"1973-09-01","Cleveland median","12m",4.216
"1973-10-01","Cleveland median","12m",4.317
"1973-11-01","Cleveland median","12m",4.431
"1973-12-01","Cleveland median","12m",4.744
"1974-01-01","Cleveland median","12m",5.091
"1974-02-01","Cleveland median","12m",5.415
"1974-03-01","Cleveland median","12m",5.807
"1974-04-01","Cleveland median","12m",5.884
"1974-05-01","Cleveland median","12m",6.418
"1974-06-01","Cleveland median","12m",6.676
"1974-07-01","Cleveland median","12m",7.159
"1974-08-01","Cleveland median","12m",7.743
"1974-09-01","Cleveland median","12m",8.269
"1974-10-01","Cleveland median","12m",8.686
"1974-11-01","Cleveland median","12m",8.857
"1974-12-01","Cleveland median","12m",8.845
"1975-01-01","Cleveland median","12m",9.002
"1975-02-01","Cleveland median","12m",8.933
"1975-03-01","Cleveland median","12m",8.51
"1975-04-01","Cleveland median","12m",8.411
"1975-05-01","Cleveland median","12m",7.818
"1975-06-01","Cleveland median","12m",7.605
"1975-07-01","Cleveland median","12m",7.463
"1975-08-01","Cleveland median","12m",6.818
"1975-09-01","Cleveland median","12m",6.556
"1975-10-01","Cleveland median","12m",6.49
"1975-11-01","Cleveland median","12m",6.454
"1975-12-01","Cleveland median","12m",6.4
"1976-01-01","Cleveland median","12m",6.114
"1976-02-01","Cleveland median","12m",6.029
"1976-03-01","Cleveland median","12m",6.067
"1976-04-01","Cleveland median","12m",5.805
"1976-05-01","Cleveland median","12m",5.967
"1976-06-01","Cleveland median","12m",5.969
"1976-07-01","Cleveland median","12m",5.887
"1976-08-01","Cleveland median","12m",6.105
"1976-09-01","Cleveland median","12m",6.068
"1976-10-01","Cleveland median","12m",5.89
"1976-11-01","Cleveland median","12m",5.848
"1976-12-01","Cleveland median","12m",5.759
"1977-01-01","Cleveland median","12m",5.965
"1977-02-01","Cleveland median","12m",6.144
"1977-03-01","Cleveland median","12m",6.384
"1977-04-01","Cleveland median","12m",6.579
"1977-05-01","Cleveland median","12m",6.562
"1977-06-01","Cleveland median","12m",6.639
"1977-07-01","Cleveland median","12m",6.635
"1977-08-01","Cleveland median","12m",6.55
"1977-09-01","Cleveland median","12m",6.458
"1977-10-01","Cleveland median","12m",6.417
"1977-11-01","Cleveland median","12m",6.539
"1977-12-01","Cleveland median","12m",6.555
"1978-01-01","Cleveland median","12m",6.376
"1978-02-01","Cleveland median","12m",6.162
"1978-03-01","Cleveland median","12m",6.097
"1978-04-01","Cleveland median","12m",6.205
"1978-05-01","Cleveland median","12m",6.39
"1978-06-01","Cleveland median","12m",6.303
"1978-07-01","Cleveland median","12m",6.367
"1978-08-01","Cleveland median","12m",6.375
"1978-09-01","Cleveland median","12m",6.616
"1978-10-01","Cleveland median","12m",6.883
"1978-11-01","Cleveland median","12m",6.921
"1978-12-01","Cleveland median","12m",7.01
"1979-01-01","Cleveland median","12m",7.208
"1979-02-01","Cleveland median","12m",7.482
"1979-03-01","Cleveland median","12m",7.572
"1979-04-01","Cleveland median","12m",7.5
"1979-05-01","Cleveland median","12m",7.634
"1979-06-01","Cleveland median","12m",7.807
"1979-07-01","Cleveland median","12m",7.906
"1979-08-01","Cleveland median","12m",8.168
"1979-09-01","Cleveland median","12m",8.255
"1979-10-01","Cleveland median","12m",8.423
"1979-11-01","Cleveland median","12m",8.434
"1979-12-01","Cleveland median","12m",8.543
"1980-01-01","Cleveland median","12m",8.769
"1980-02-01","Cleveland median","12m",8.889
"1980-03-01","Cleveland median","12m",9.087
"1980-04-01","Cleveland median","12m",9.203
"1980-05-01","Cleveland median","12m",9.158
"1980-06-01","Cleveland median","12m",9.316
"1980-07-01","Cleveland median","12m",9.256
"1980-08-01","Cleveland median","12m",9.181
"1980-09-01","Cleveland median","12m",9.273
"1980-10-01","Cleveland median","12m",9.15
"1980-11-01","Cleveland median","12m",9.225
"1980-12-01","Cleveland median","12m",9.308
"1981-01-01","Cleveland median","12m",9.214
"1981-02-01","Cleveland median","12m",9.162
"1981-03-01","Cleveland median","12m",9.045
"1981-04-01","Cleveland median","12m",9.088
"1981-05-01","Cleveland median","12m",8.848
"1981-06-01","Cleveland median","12m",8.58
"1981-07-01","Cleveland median","12m",8.684
"1981-08-01","Cleveland median","12m",8.588
"1981-09-01","Cleveland median","12m",8.444
"1981-10-01","Cleveland median","12m",8.211
"1981-11-01","Cleveland median","12m",7.981
"1981-12-01","Cleveland median","12m",7.722
"1982-01-01","Cleveland median","12m",7.426
"1982-02-01","Cleveland median","12m",6.977
"1982-03-01","Cleveland median","12m",6.799
"1982-04-01","Cleveland median","12m",6.425
"1982-05-01","Cleveland median","12m",6.386
"1982-06-01","Cleveland median","12m",6.373
"1982-07-01","Cleveland median","12m",6.316
"1982-08-01","Cleveland median","12m",6.092
"1982-09-01","Cleveland median","12m",5.79
"1982-10-01","Cleveland median","12m",5.76
"1982-11-01","Cleveland median","12m",5.517
"1982-12-01","Cleveland median","12m",5.339
"1983-01-01","Cleveland median","12m",5.321
"1983-02-01","Cleveland median","12m",5.299
"1983-03-01","Cleveland median","12m",4.968
"1983-04-01","Cleveland median","12m",5.169
"1983-05-01","Cleveland median","12m",4.883
"1983-06-01","Cleveland median","12m",4.664
"1983-07-01","Cleveland median","12m",4.421
"1983-08-01","Cleveland median","12m",4.305
"1983-09-01","Cleveland median","12m",4.295
"1983-10-01","Cleveland median","12m",4.025
"1983-11-01","Cleveland median","12m",4.16
"1983-12-01","Cleveland median","12m",4.088
"1984-01-01","Cleveland median","12m",3.995
"1984-02-01","Cleveland median","12m",4.079
"1984-03-01","Cleveland median","12m",4.273
"1984-04-01","Cleveland median","12m",4.227
"1984-05-01","Cleveland median","12m",4.212
"1984-06-01","Cleveland median","12m",4.27
"1984-07-01","Cleveland median","12m",4.349
"1984-08-01","Cleveland median","12m",4.408
"1984-09-01","Cleveland median","12m",4.433
"1984-10-01","Cleveland median","12m",4.504
"1984-11-01","Cleveland median","12m",4.34
"1984-12-01","Cleveland median","12m",4.565
"1985-01-01","Cleveland median","12m",4.483
"1985-02-01","Cleveland median","12m",4.532
"1985-03-01","Cleveland median","12m",4.499
"1985-04-01","Cleveland median","12m",4.254
"1985-05-01","Cleveland median","12m",4.38
"1985-06-01","Cleveland median","12m",4.406
"1985-07-01","Cleveland median","12m",4.13
"1985-08-01","Cleveland median","12m",4.119
"1985-09-01","Cleveland median","12m",3.99
"1985-10-01","Cleveland median","12m",3.952
"1985-11-01","Cleveland median","12m",3.957
"1985-12-01","Cleveland median","12m",3.873
"1986-01-01","Cleveland median","12m",3.959
"1986-02-01","Cleveland median","12m",3.754
"1986-03-01","Cleveland median","12m",3.633
"1986-04-01","Cleveland median","12m",3.781
"1986-05-01","Cleveland median","12m",3.641
"1986-06-01","Cleveland median","12m",3.623
"1986-07-01","Cleveland median","12m",3.688
"1986-08-01","Cleveland median","12m",3.631
"1986-09-01","Cleveland median","12m",3.685
"1986-10-01","Cleveland median","12m",3.856
"1986-11-01","Cleveland median","12m",3.865
"1986-12-01","Cleveland median","12m",3.792
"1987-01-01","Cleveland median","12m",3.803
"1987-02-01","Cleveland median","12m",3.869
"1987-03-01","Cleveland median","12m",4.013
"1987-04-01","Cleveland median","12m",4.166
"1987-05-01","Cleveland median","12m",4.27
"1987-06-01","Cleveland median","12m",4.205
"1987-07-01","Cleveland median","12m",4.24
"1987-08-01","Cleveland median","12m",4.459
"1987-09-01","Cleveland median","12m",4.409
"1987-10-01","Cleveland median","12m",4.324
"1987-11-01","Cleveland median","12m",4.329
"1987-12-01","Cleveland median","12m",4.254
"1988-01-01","Cleveland median","12m",4.311
"1988-02-01","Cleveland median","12m",4.301
"1988-03-01","Cleveland median","12m",4.284
"1988-04-01","Cleveland median","12m",4.149
"1988-05-01","Cleveland median","12m",4.117
"1988-06-01","Cleveland median","12m",4.214
"1988-07-01","Cleveland median","12m",4.37
"1988-08-01","Cleveland median","12m",4.227
"1988-09-01","Cleveland median","12m",4.363
"1988-10-01","Cleveland median","12m",4.312
"1988-11-01","Cleveland median","12m",4.343
"1988-12-01","Cleveland median","12m",4.393
"1989-01-01","Cleveland median","12m",4.38
"1989-02-01","Cleveland median","12m",4.388
"1989-03-01","Cleveland median","12m",4.362
"1989-04-01","Cleveland median","12m",4.374
"1989-05-01","Cleveland median","12m",4.508
"1989-06-01","Cleveland median","12m",4.374
"1989-07-01","Cleveland median","12m",4.317
"1989-08-01","Cleveland median","12m",4.301
"1989-09-01","Cleveland median","12m",4.213
"1989-10-01","Cleveland median","12m",4.403
"1989-11-01","Cleveland median","12m",4.417
"1989-12-01","Cleveland median","12m",4.483
"1990-01-01","Cleveland median","12m",4.41
"1990-02-01","Cleveland median","12m",4.452
"1990-03-01","Cleveland median","12m",4.64
"1990-04-01","Cleveland median","12m",4.603
"1990-05-01","Cleveland median","12m",4.437
"1990-06-01","Cleveland median","12m",4.631
"1990-07-01","Cleveland median","12m",4.626
"1990-08-01","Cleveland median","12m",4.715
"1990-09-01","Cleveland median","12m",4.725
"1990-10-01","Cleveland median","12m",4.553
"1990-11-01","Cleveland median","12m",4.474
"1990-12-01","Cleveland median","12m",4.434
"1991-01-01","Cleveland median","12m",4.37
"1991-02-01","Cleveland median","12m",4.18
"1991-03-01","Cleveland median","12m",3.846
"1991-04-01","Cleveland median","12m",3.757
"1991-05-01","Cleveland median","12m",3.863
"1991-06-01","Cleveland median","12m",3.579
"1991-07-01","Cleveland median","12m",3.424
"1991-08-01","Cleveland median","12m",3.196
"1991-09-01","Cleveland median","12m",3.106
"1991-10-01","Cleveland median","12m",3.064
"1991-11-01","Cleveland median","12m",3.124
"1991-12-01","Cleveland median","12m",3.131
"1992-01-01","Cleveland median","12m",3.056
"1992-02-01","Cleveland median","12m",3.128
"1992-03-01","Cleveland median","12m",3.212
"1992-04-01","Cleveland median","12m",3.151
"1992-05-01","Cleveland median","12m",2.998
"1992-06-01","Cleveland median","12m",2.971
"1992-07-01","Cleveland median","12m",2.974
"1992-08-01","Cleveland median","12m",2.968
"1992-09-01","Cleveland median","12m",2.922
"1992-10-01","Cleveland median","12m",2.969
"1992-11-01","Cleveland median","12m",2.991
"1992-12-01","Cleveland median","12m",2.92
"1993-01-01","Cleveland median","12m",2.945
"1993-02-01","Cleveland median","12m",2.938
"1993-03-01","Cleveland median","12m",2.894
"1993-04-01","Cleveland median","12m",2.986
"1993-05-01","Cleveland median","12m",3.055
"1993-06-01","Cleveland median","12m",3.087
"1993-07-01","Cleveland median","12m",3.043
"1993-08-01","Cleveland median","12m",3.034
"1993-09-01","Cleveland median","12m",2.953
"1993-10-01","Cleveland median","12m",2.844
"1993-11-01","Cleveland median","12m",2.731
"1993-12-01","Cleveland median","12m",2.727
"1994-01-01","Cleveland median","12m",2.712
"1994-02-01","Cleveland median","12m",2.737
"1994-03-01","Cleveland median","12m",2.779
"1994-04-01","Cleveland median","12m",2.67
"1994-05-01","Cleveland median","12m",2.709
"1994-06-01","Cleveland median","12m",2.719
"1994-07-01","Cleveland median","12m",2.725
"1994-08-01","Cleveland median","12m",2.725
"1994-09-01","Cleveland median","12m",2.762
"1994-10-01","Cleveland median","12m",2.75
"1994-11-01","Cleveland median","12m",2.787
"1994-12-01","Cleveland median","12m",2.696
"1995-01-01","Cleveland median","12m",2.788
"1995-02-01","Cleveland median","12m",2.702
"1995-03-01","Cleveland median","12m",2.702
"1995-04-01","Cleveland median","12m",2.748
"1995-05-01","Cleveland median","12m",2.622
"1995-06-01","Cleveland median","12m",2.587
"1995-07-01","Cleveland median","12m",2.569
"1995-08-01","Cleveland median","12m",2.579
"1995-09-01","Cleveland median","12m",2.619
"1995-10-01","Cleveland median","12m",2.681
"1995-11-01","Cleveland median","12m",2.638
"1995-12-01","Cleveland median","12m",2.672
"1996-01-01","Cleveland median","12m",2.539
"1996-02-01","Cleveland median","12m",2.52
"1996-03-01","Cleveland median","12m",2.471
"1996-04-01","Cleveland median","12m",2.411
"1996-05-01","Cleveland median","12m",2.458
"1996-06-01","Cleveland median","12m",2.485
"1996-07-01","Cleveland median","12m",2.561
"1996-08-01","Cleveland median","12m",2.575
"1996-09-01","Cleveland median","12m",2.589
"1996-10-01","Cleveland median","12m",2.558
"1996-11-01","Cleveland median","12m",2.582
"1996-12-01","Cleveland median","12m",2.594
"1997-01-01","Cleveland median","12m",2.62
"1997-02-01","Cleveland median","12m",2.638
"1997-03-01","Cleveland median","12m",2.634
"1997-04-01","Cleveland median","12m",2.665
"1997-05-01","Cleveland median","12m",2.579
"1997-06-01","Cleveland median","12m",2.602
"1997-07-01","Cleveland median","12m",2.555
"1997-08-01","Cleveland median","12m",2.497
"1997-09-01","Cleveland median","12m",2.485
"1997-10-01","Cleveland median","12m",2.43
"1997-11-01","Cleveland median","12m",2.371
"1997-12-01","Cleveland median","12m",2.318
"1998-01-01","Cleveland median","12m",2.268
"1998-02-01","Cleveland median","12m",2.276
"1998-03-01","Cleveland median","12m",2.303
"1998-04-01","Cleveland median","12m",2.296
"1998-05-01","Cleveland median","12m",2.391
"1998-06-01","Cleveland median","12m",2.307
"1998-07-01","Cleveland median","12m",2.299
"1998-08-01","Cleveland median","12m",2.408
"1998-09-01","Cleveland median","12m",2.465
"1998-10-01","Cleveland median","12m",2.465
"1998-11-01","Cleveland median","12m",2.49
"1998-12-01","Cleveland median","12m",2.537
"1999-01-01","Cleveland median","12m",2.562
"1999-02-01","Cleveland median","12m",2.509
"1999-03-01","Cleveland median","12m",2.435
"1999-04-01","Cleveland median","12m",2.447
"1999-05-01","Cleveland median","12m",2.416
"1999-06-01","Cleveland median","12m",2.443
"1999-07-01","Cleveland median","12m",2.452
"1999-08-01","Cleveland median","12m",2.392
"1999-09-01","Cleveland median","12m",2.33
"1999-10-01","Cleveland median","12m",2.297
"1999-11-01","Cleveland median","12m",2.343
"1999-12-01","Cleveland median","12m",2.318
"2000-01-01","Cleveland median","12m",2.425
"2000-02-01","Cleveland median","12m",2.499
"2000-03-01","Cleveland median","12m",2.576
"2000-04-01","Cleveland median","12m",2.57
"2000-05-01","Cleveland median","12m",2.566
"2000-06-01","Cleveland median","12m",2.657
"2000-07-01","Cleveland median","12m",2.713
"2000-08-01","Cleveland median","12m",2.684
"2000-09-01","Cleveland median","12m",2.743
"2000-10-01","Cleveland median","12m",2.797
"2000-11-01","Cleveland median","12m",2.798
"2000-12-01","Cleveland median","12m",2.841
"2001-01-01","Cleveland median","12m",2.824
"2001-02-01","Cleveland median","12m",2.91
"2001-03-01","Cleveland median","12m",2.914
"2001-04-01","Cleveland median","12m",2.976
"2001-05-01","Cleveland median","12m",3.023
"2001-06-01","Cleveland median","12m",3.055
"2001-07-01","Cleveland median","12m",3.084
"2001-08-01","Cleveland median","12m",3.221
"2001-09-01","Cleveland median","12m",3.196
"2001-10-01","Cleveland median","12m",3.244
"2001-11-01","Cleveland median","12m",3.234
"2001-12-01","Cleveland median","12m",3.203
"2002-01-01","Cleveland median","12m",3.143
"2002-02-01","Cleveland median","12m",3.113
"2002-03-01","Cleveland median","12m",3.159
"2002-04-01","Cleveland median","12m",3.093
"2002-05-01","Cleveland median","12m",3.042
"2002-06-01","Cleveland median","12m",2.976
"2002-07-01","Cleveland median","12m",2.932
"2002-08-01","Cleveland median","12m",2.803
"2002-09-01","Cleveland median","12m",2.81
"2002-10-01","Cleveland median","12m",2.786
"2002-11-01","Cleveland median","12m",2.776
"2002-12-01","Cleveland median","12m",2.822
"2003-01-01","Cleveland median","12m",2.858
"2003-02-01","Cleveland median","12m",2.735
"2003-03-01","Cleveland median","12m",2.659
"2003-04-01","Cleveland median","12m",2.518
"2003-05-01","Cleveland median","12m",2.454
"2003-06-01","Cleveland median","12m",2.369
"2003-07-01","Cleveland median","12m",2.368
"2003-08-01","Cleveland median","12m",2.376
"2003-09-01","Cleveland median","12m",2.332
"2003-10-01","Cleveland median","12m",2.361
"2003-11-01","Cleveland median","12m",2.343
"2003-12-01","Cleveland median","12m",2.239
"2004-01-01","Cleveland median","12m",2.156
"2004-02-01","Cleveland median","12m",2.224
"2004-03-01","Cleveland median","12m",2.228
"2004-04-01","Cleveland median","12m",2.485
"2004-05-01","Cleveland median","12m",2.569
"2004-06-01","Cleveland median","12m",2.667
"2004-07-01","Cleveland median","12m",2.628
"2004-08-01","Cleveland median","12m",2.636
"2004-09-01","Cleveland median","12m",2.579
"2004-10-01","Cleveland median","12m",2.484
"2004-11-01","Cleveland median","12m",2.438
"2004-12-01","Cleveland median","12m",2.487
"2005-01-01","Cleveland median","12m",2.574
"2005-02-01","Cleveland median","12m",2.625
"2005-03-01","Cleveland median","12m",2.574
"2005-04-01","Cleveland median","12m",2.424
"2005-05-01","Cleveland median","12m",2.422
"2005-06-01","Cleveland median","12m",2.327
"2005-07-01","Cleveland median","12m",2.361
"2005-08-01","Cleveland median","12m",2.333
"2005-09-01","Cleveland median","12m",2.456
"2005-10-01","Cleveland median","12m",2.554
"2005-11-01","Cleveland median","12m",2.649
"2005-12-01","Cleveland median","12m",2.621
"2006-01-01","Cleveland median","12m",2.642
"2006-02-01","Cleveland median","12m",2.574
"2006-03-01","Cleveland median","12m",2.7
"2006-04-01","Cleveland median","12m",2.853
"2006-05-01","Cleveland median","12m",2.99
"2006-06-01","Cleveland median","12m",3.191
"2006-07-01","Cleveland median","12m",3.225
"2006-08-01","Cleveland median","12m",3.332
"2006-09-01","Cleveland median","12m",3.296
"2006-10-01","Cleveland median","12m",3.322
"2006-11-01","Cleveland median","12m",3.26
"2006-12-01","Cleveland median","12m",3.403
"2007-01-01","Cleveland median","12m",3.413
"2007-02-01","Cleveland median","12m",3.496
"2007-03-01","Cleveland median","12m",3.427
"2007-04-01","Cleveland median","12m",3.267
"2007-05-01","Cleveland median","12m",3.067
"2007-06-01","Cleveland median","12m",2.921
"2007-07-01","Cleveland median","12m",2.831
"2007-08-01","Cleveland median","12m",2.763
"2007-09-01","Cleveland median","12m",2.801
"2007-10-01","Cleveland median","12m",2.788
"2007-11-01","Cleveland median","12m",2.915
"2007-12-01","Cleveland median","12m",2.889
"2008-01-01","Cleveland median","12m",2.802
"2008-02-01","Cleveland median","12m",2.708
"2008-03-01","Cleveland median","12m",2.716
"2008-04-01","Cleveland median","12m",2.769
"2008-05-01","Cleveland median","12m",2.73
"2008-06-01","Cleveland median","12m",2.767
"2008-07-01","Cleveland median","12m",2.846
"2008-08-01","Cleveland median","12m",2.781
"2008-09-01","Cleveland median","12m",2.738
"2008-10-01","Cleveland median","12m",2.602
"2008-11-01","Cleveland median","12m",2.538
"2008-12-01","Cleveland median","12m",2.337
"2009-01-01","Cleveland median","12m",2.365
"2009-02-01","Cleveland median","12m",2.357
"2009-03-01","Cleveland median","12m",2.287
"2009-04-01","Cleveland median","12m",2.22
"2009-05-01","Cleveland median","12m",2.269
"2009-06-01","Cleveland median","12m",2.194
"2009-07-01","Cleveland median","12m",1.951
"2009-08-01","Cleveland median","12m",1.894
"2009-09-01","Cleveland median","12m",1.726
"2009-10-01","Cleveland median","12m",1.885
"2009-11-01","Cleveland median","12m",1.801
"2009-12-01","Cleveland median","12m",1.784
"2010-01-01","Cleveland median","12m",1.599
"2010-02-01","Cleveland median","12m",1.467
"2010-03-01","Cleveland median","12m",1.35
"2010-04-01","Cleveland median","12m",1.285
"2010-05-01","Cleveland median","12m",1.176
"2010-06-01","Cleveland median","12m",1.113
"2010-07-01","Cleveland median","12m",1.131
"2010-08-01","Cleveland median","12m",1.204
"2010-09-01","Cleveland median","12m",1.263
"2010-10-01","Cleveland median","12m",1.042
"2010-11-01","Cleveland median","12m",0.97
"2010-12-01","Cleveland median","12m",1.013
"2011-01-01","Cleveland median","12m",1.142
"2011-02-01","Cleveland median","12m",1.254
"2011-03-01","Cleveland median","12m",1.387
"2011-04-01","Cleveland median","12m",1.5
"2011-05-01","Cleveland median","12m",1.647
"2011-06-01","Cleveland median","12m",1.715
"2011-07-01","Cleveland median","12m",1.846
"2011-08-01","Cleveland median","12m",1.897
"2011-09-01","Cleveland median","12m",1.942
"2011-10-01","Cleveland median","12m",2.051
"2011-11-01","Cleveland median","12m",2.096
"2011-12-01","Cleveland median","12m",2.193
"2012-01-01","Cleveland median","12m",2.181
"2012-02-01","Cleveland median","12m",2.158
"2012-03-01","Cleveland median","12m",2.162
"2012-04-01","Cleveland median","12m",2.158
"2012-05-01","Cleveland median","12m",2.078
"2012-06-01","Cleveland median","12m",2.028
"2012-07-01","Cleveland median","12m",2.013
"2012-08-01","Cleveland median","12m",2
"2012-09-01","Cleveland median","12m",2.013
"2012-10-01","Cleveland median","12m",2
"2012-11-01","Cleveland median","12m",1.99
"2012-12-01","Cleveland median","12m",1.956
"2013-01-01","Cleveland median","12m",1.938
"2013-02-01","Cleveland median","12m",2.006
"2013-03-01","Cleveland median","12m",1.975
"2013-04-01","Cleveland median","12m",1.918
"2013-05-01","Cleveland median","12m",1.974
"2013-06-01","Cleveland median","12m",2.073
"2013-07-01","Cleveland median","12m",2.071
"2013-08-01","Cleveland median","12m",2.036
"2013-09-01","Cleveland median","12m",2.034
"2013-10-01","Cleveland median","12m",2.048
"2013-11-01","Cleveland median","12m",2.105
"2013-12-01","Cleveland median","12m",2.096
"2014-01-01","Cleveland median","12m",2.101
"2014-02-01","Cleveland median","12m",2.034
"2014-03-01","Cleveland median","12m",2.031
"2014-04-01","Cleveland median","12m",2.112
"2014-05-01","Cleveland median","12m",2.104
"2014-06-01","Cleveland median","12m",2.094
"2014-07-01","Cleveland median","12m",2.153
"2014-08-01","Cleveland median","12m",2.132
"2014-09-01","Cleveland median","12m",2.148
"2014-10-01","Cleveland median","12m",2.171
"2014-11-01","Cleveland median","12m",2.191
"2014-12-01","Cleveland median","12m",2.178
"2015-01-01","Cleveland median","12m",2.176
"2015-02-01","Cleveland median","12m",2.257
"2015-03-01","Cleveland median","12m",2.228
"2015-04-01","Cleveland median","12m",2.274
"2015-05-01","Cleveland median","12m",2.306
"2015-06-01","Cleveland median","12m",2.284
"2015-07-01","Cleveland median","12m",2.274
"2015-08-01","Cleveland median","12m",2.274
"2015-09-01","Cleveland median","12m",2.259
"2015-10-01","Cleveland median","12m",2.18
"2015-11-01","Cleveland median","12m",2.119
"2015-12-01","Cleveland median","12m",2.11
"2016-01-01","Cleveland median","12m",2.169
"2016-02-01","Cleveland median","12m",2.158
"2016-03-01","Cleveland median","12m",2.236
"2016-04-01","Cleveland median","12m",2.221
"2016-05-01","Cleveland median","12m",2.254
"2016-06-01","Cleveland median","12m",2.236
"2016-07-01","Cleveland median","12m",2.236
"2016-08-01","Cleveland median","12m",2.28
"2016-09-01","Cleveland median","12m",2.272
"2016-10-01","Cleveland median","12m",2.296
"2016-11-01","Cleveland median","12m",2.264
"2016-12-01","Cleveland median","12m",2.309
"2017-01-01","Cleveland median","12m",2.314
"2017-02-01","Cleveland median","12m",2.245
"2017-03-01","Cleveland median","12m",2.202
"2017-04-01","Cleveland median","12m",2.087
"2017-05-01","Cleveland median","12m",1.955
"2017-06-01","Cleveland median","12m",1.959
"2017-07-01","Cleveland median","12m",1.865
"2017-08-01","Cleveland median","12m",1.836
"2017-09-01","Cleveland median","12m",1.795
"2017-10-01","Cleveland median","12m",1.847
"2017-11-01","Cleveland median","12m",1.901
"2017-12-01","Cleveland median","12m",1.918
"2018-01-01","Cleveland median","12m",1.942
"2018-02-01","Cleveland median","12m",1.992
"2018-03-01","Cleveland median","12m",1.987
"2018-04-01","Cleveland median","12m",2.03
"2018-05-01","Cleveland median","12m",2.122
"2018-06-01","Cleveland median","12m",2.146
"2018-07-01","Cleveland median","12m",2.199
"2018-08-01","Cleveland median","12m",2.218
"2018-09-01","Cleveland median","12m",2.295
"2018-10-01","Cleveland median","12m",2.31
"2018-11-01","Cleveland median","12m",2.39
"2018-12-01","Cleveland median","12m",2.375
"2019-01-01","Cleveland median","12m",2.326
"2019-02-01","Cleveland median","12m",2.375
"2019-03-01","Cleveland median","12m",2.419
"2019-04-01","Cleveland median","12m",2.586
"2019-05-01","Cleveland median","12m",2.557
"2019-06-01","Cleveland median","12m",2.526
"2019-07-01","Cleveland median","12m",2.595
"2019-08-01","Cleveland median","12m",2.615
"2019-09-01","Cleveland median","12m",2.583
"2019-10-01","Cleveland median","12m",2.551
"2019-11-01","Cleveland median","12m",2.454
"2019-12-01","Cleveland median","12m",2.534
"2020-01-01","Cleveland median","12m",2.588
"2020-02-01","Cleveland median","12m",2.572
"2020-03-01","Cleveland median","12m",2.531
"2020-04-01","Cleveland median","12m",2.388
"2020-05-01","Cleveland median","12m",2.448
"2020-06-01","Cleveland median","12m",2.447
"2020-07-01","Cleveland median","12m",2.43
"2020-08-01","Cleveland median","12m",2.397
"2020-09-01","Cleveland median","12m",2.302
"2020-10-01","Cleveland median","12m",2.293
"2020-11-01","Cleveland median","12m",2.198
"2020-12-01","Cleveland median","12m",2.09
"2021-01-01","Cleveland median","12m",1.968
"2021-02-01","Cleveland median","12m",1.994
"2021-03-01","Cleveland median","12m",2.065
"2021-04-01","Cleveland median","12m",2.109
"2021-05-01","Cleveland median","12m",2.159
"2021-06-01","Cleveland median","12m",2.259
"2021-07-01","Cleveland median","12m",2.35
"2021-08-01","Cleveland median","12m",2.462
"2021-09-01","Cleveland median","12m",2.766
"2021-10-01","Cleveland median","12m",3.044
"2021-11-01","Cleveland median","12m",3.367
"2021-12-01","Cleveland median","12m",3.625
"2022-01-01","Cleveland median","12m",4.006
"2022-02-01","Cleveland median","12m",4.226
"2022-03-01","Cleveland median","12m",4.223
"2022-04-01","Cleveland median","12m",4.484
"2022-05-01","Cleveland median","12m",4.798
"2022-06-01","Cleveland median","12m",5.284
"2022-07-01","Cleveland median","12m",5.4
"2022-08-01","Cleveland median","12m",5.666
"2022-09-01","Cleveland median","12m",5.66
"2022-10-01","Cleveland median","12m",5.689
"2022-11-01","Cleveland median","12m",5.581
"2022-12-01","Cleveland median","12m",5.589
"2023-01-01","Cleveland median","12m",5.65
"2023-02-01","Cleveland median","12m",5.531
"2023-03-01","Cleveland median","12m",5.71
"2023-04-01","Cleveland median","12m",5.582
"2023-05-01","Cleveland median","12m",5.282
"2023-06-01","Cleveland median","12m",4.781
"2023-07-01","Cleveland median","12m",4.634
"2023-08-01","Cleveland median","12m",4.356
"2023-09-01","Cleveland median","12m",4.281
"2023-10-01","Cleveland median","12m",4.083
"2023-11-01","Cleveland median","12m",4.093
"2023-12-01","Cleveland median","12m",3.831
"2024-01-01","Cleveland median","12m",3.766
"2024-02-01","Cleveland median","12m",3.623
"2024-03-01","Cleveland median","12m",3.515
"2024-04-01","Cleveland median","12m",3.418
"2024-05-01","Cleveland median","12m",3.412
"2024-06-01","Cleveland median","12m",3.365
"2024-07-01","Cleveland median","12m",3.242
"2024-08-01","Cleveland median","12m",3.209
"2024-09-01","Cleveland median","12m",3.215
"2024-10-01","Cleveland median","12m",3.231
"2024-11-01","Cleveland median","12m",3.208
"2024-12-01","Cleveland median","12m",3.382
"2025-01-01","Cleveland median","12m",3.126
"2025-02-01","Cleveland median","12m",3.224
"2025-03-01","Cleveland median","12m",3.221
"2025-04-01","Cleveland median","12m",3.261
"2025-05-01","Cleveland median","12m",3.21
"2025-06-01","Cleveland median","12m",3.337
"2025-07-01","Cleveland median","12m",3.414
"2025-08-01","Cleveland median","12m",3.494
"2025-09-01","Cleveland median","12m",3.332
"2025-10-01","Cleveland median","12m",3.181
"2025-11-01","Cleveland median","12m",3.073
"2025-12-01","Cleveland median","12m",3.027
"2026-01-01","Cleveland median","12m",2.984
"2026-02-01","Cleveland median","12m",2.905
"2026-03-01","Cleveland median","12m",2.88
"2026-04-01","Cleveland median","12m",2.805
"2026-05-01","Cleveland median","12m",2.861
"2026-06-01","Cleveland median","12m",2.759
"2026-07-01","Cleveland median","12m",2.781
"2026-08-01","Cleveland median","12m",2.66
"1959-03-01","Dallas trimmed mean","1m",0.579
"1959-04-01","Dallas trimmed mean","1m",2.536
"1959-05-01","Dallas trimmed mean","1m",0.911
"1959-06-01","Dallas trimmed mean","1m",2.159
"1959-07-01","Dallas trimmed mean","1m",1.348
"1959-08-01","Dallas trimmed mean","1m",0.874
"1959-09-01","Dallas trimmed mean","1m",1.734
"1959-10-01","Dallas trimmed mean","1m",1.348
"1959-11-01","Dallas trimmed mean","1m",0.533
"1959-12-01","Dallas trimmed mean","1m",1.029
"1960-01-01","Dallas trimmed mean","1m",0.208
"1960-02-01","Dallas trimmed mean","1m",0.678
"1960-03-01","Dallas trimmed mean","1m",0.159
"1960-04-01","Dallas trimmed mean","1m",1.903
"1960-05-01","Dallas trimmed mean","1m",0.428
"1960-06-01","Dallas trimmed mean","1m",0.157
"1960-07-01","Dallas trimmed mean","1m",1.721
"1960-08-01","Dallas trimmed mean","1m",0.627
"1960-09-01","Dallas trimmed mean","1m",0.742
"1960-10-01","Dallas trimmed mean","1m",0.283
"1960-11-01","Dallas trimmed mean","1m",1.439
"1960-12-01","Dallas trimmed mean","1m",0.661
"1961-01-01","Dallas trimmed mean","1m",0.001
"1961-02-01","Dallas trimmed mean","1m",0.241
"1961-03-01","Dallas trimmed mean","1m",-0.1
"1961-04-01","Dallas trimmed mean","1m",0.563
"1961-05-01","Dallas trimmed mean","1m",0.038
"1961-06-01","Dallas trimmed mean","1m",0.328
"1961-07-01","Dallas trimmed mean","1m",1.099
"1961-08-01","Dallas trimmed mean","1m",0.132
"1961-09-01","Dallas trimmed mean","1m",0.762
"1961-10-01","Dallas trimmed mean","1m",-0.037
"1961-11-01","Dallas trimmed mean","1m",0.396
"1961-12-01","Dallas trimmed mean","1m",-0.015
"1962-01-01","Dallas trimmed mean","1m",2.181
"1962-02-01","Dallas trimmed mean","1m",1.023
"1962-03-01","Dallas trimmed mean","1m",1.518
"1962-04-01","Dallas trimmed mean","1m",-0.29
"1962-05-01","Dallas trimmed mean","1m",0.472
"1962-06-01","Dallas trimmed mean","1m",0.574
"1962-07-01","Dallas trimmed mean","1m",0.303
"1962-08-01","Dallas trimmed mean","1m",0.853
"1962-09-01","Dallas trimmed mean","1m",1.15
"1962-10-01","Dallas trimmed mean","1m",-0.527
"1962-11-01","Dallas trimmed mean","1m",0.232
"1962-12-01","Dallas trimmed mean","1m",-0.042
"1963-01-01","Dallas trimmed mean","1m",1.678
"1963-02-01","Dallas trimmed mean","1m",0.483
"1963-03-01","Dallas trimmed mean","1m",-0.038
"1963-04-01","Dallas trimmed mean","1m",0.032
"1963-05-01","Dallas trimmed mean","1m",1.881
"1963-06-01","Dallas trimmed mean","1m",0.63
"1963-07-01","Dallas trimmed mean","1m",0.53
"1963-08-01","Dallas trimmed mean","1m",0.278
"1963-09-01","Dallas trimmed mean","1m",0.269
"1963-10-01","Dallas trimmed mean","1m",1.713
"1963-11-01","Dallas trimmed mean","1m",0.351
"1963-12-01","Dallas trimmed mean","1m",0.4
"1964-01-01","Dallas trimmed mean","1m",1.037
"1964-02-01","Dallas trimmed mean","1m",0.812
"1964-03-01","Dallas trimmed mean","1m",-0.158
"1964-04-01","Dallas trimmed mean","1m",0.123
"1964-05-01","Dallas trimmed mean","1m",0.109
"1964-06-01","Dallas trimmed mean","1m",0.043
"1964-07-01","Dallas trimmed mean","1m",0.071
"1964-08-01","Dallas trimmed mean","1m",0.604
"1964-09-01","Dallas trimmed mean","1m",0.028
"1964-10-01","Dallas trimmed mean","1m",0.214
"1964-11-01","Dallas trimmed mean","1m",0.665
"1964-12-01","Dallas trimmed mean","1m",0.491
"1965-01-01","Dallas trimmed mean","1m",1.176
"1965-02-01","Dallas trimmed mean","1m",-0.097
"1965-03-01","Dallas trimmed mean","1m",0.244
"1965-04-01","Dallas trimmed mean","1m",1.195
"1965-05-01","Dallas trimmed mean","1m",1.007
"1965-06-01","Dallas trimmed mean","1m",1.037
"1965-07-01","Dallas trimmed mean","1m",0.635
"1965-08-01","Dallas trimmed mean","1m",1.012
"1965-09-01","Dallas trimmed mean","1m",1.122
"1965-10-01","Dallas trimmed mean","1m",0.945
"1965-11-01","Dallas trimmed mean","1m",1.477
"1965-12-01","Dallas trimmed mean","1m",2.048
"1966-01-01","Dallas trimmed mean","1m",1.791
"1966-02-01","Dallas trimmed mean","1m",2.045
"1966-03-01","Dallas trimmed mean","1m",1.147
"1966-04-01","Dallas trimmed mean","1m",3.319
"1966-05-01","Dallas trimmed mean","1m",1.297
"1966-06-01","Dallas trimmed mean","1m",1.819
"1966-07-01","Dallas trimmed mean","1m",1.98
"1966-08-01","Dallas trimmed mean","1m",1.549
"1966-09-01","Dallas trimmed mean","1m",3.256
"1966-10-01","Dallas trimmed mean","1m",3.452
"1966-11-01","Dallas trimmed mean","1m",1.502
"1966-12-01","Dallas trimmed mean","1m",1.724
"1967-01-01","Dallas trimmed mean","1m",1.869
"1967-02-01","Dallas trimmed mean","1m",2.271
"1967-03-01","Dallas trimmed mean","1m",0.678
"1967-04-01","Dallas trimmed mean","1m",1.591
"1967-05-01","Dallas trimmed mean","1m",1.352
"1967-06-01","Dallas trimmed mean","1m",2.691
"1967-07-01","Dallas trimmed mean","1m",2.442
"1967-08-01","Dallas trimmed mean","1m",2.245
"1967-09-01","Dallas trimmed mean","1m",4.027
"1967-10-01","Dallas trimmed mean","1m",3.223
"1967-11-01","Dallas trimmed mean","1m",2.692
"1967-12-01","Dallas trimmed mean","1m",2.359
"1968-01-01","Dallas trimmed mean","1m",4.09
"1968-02-01","Dallas trimmed mean","1m",3.563
"1968-03-01","Dallas trimmed mean","1m",2.392
"1968-04-01","Dallas trimmed mean","1m",3.614
"1968-05-01","Dallas trimmed mean","1m",4.227
"1968-06-01","Dallas trimmed mean","1m",3.397
"1968-07-01","Dallas trimmed mean","1m",2.553
"1968-08-01","Dallas trimmed mean","1m",4.404
"1968-09-01","Dallas trimmed mean","1m",4.259
"1968-10-01","Dallas trimmed mean","1m",4.338
"1968-11-01","Dallas trimmed mean","1m",3.93
"1968-12-01","Dallas trimmed mean","1m",3.628
"1969-01-01","Dallas trimmed mean","1m",3.674
"1969-02-01","Dallas trimmed mean","1m",2.467
"1969-03-01","Dallas trimmed mean","1m",4.423
"1969-04-01","Dallas trimmed mean","1m",4.417
"1969-05-01","Dallas trimmed mean","1m",4.033
"1969-06-01","Dallas trimmed mean","1m",4.147
"1969-07-01","Dallas trimmed mean","1m",5.137
"1969-08-01","Dallas trimmed mean","1m",2.68
"1969-09-01","Dallas trimmed mean","1m",4.521
"1969-10-01","Dallas trimmed mean","1m",4.183
"1969-11-01","Dallas trimmed mean","1m",4.513
"1969-12-01","Dallas trimmed mean","1m",4.422
"1970-01-01","Dallas trimmed mean","1m",3.724
"1970-02-01","Dallas trimmed mean","1m",4.141
"1970-03-01","Dallas trimmed mean","1m",4.457
"1970-04-01","Dallas trimmed mean","1m",4.611
"1970-05-01","Dallas trimmed mean","1m",3.091
"1970-06-01","Dallas trimmed mean","1m",3.306
"1970-07-01","Dallas trimmed mean","1m",4.179
"1970-08-01","Dallas trimmed mean","1m",3.751
"1970-09-01","Dallas trimmed mean","1m",4.674
"1970-10-01","Dallas trimmed mean","1m",4.842
"1970-11-01","Dallas trimmed mean","1m",4.436
"1970-12-01","Dallas trimmed mean","1m",5.699
"1971-01-01","Dallas trimmed mean","1m",3.632
"1971-02-01","Dallas trimmed mean","1m",2.647
"1971-03-01","Dallas trimmed mean","1m",2.571
"1971-04-01","Dallas trimmed mean","1m",3.655
"1971-05-01","Dallas trimmed mean","1m",4.507
"1971-06-01","Dallas trimmed mean","1m",4.431
"1971-07-01","Dallas trimmed mean","1m",3.305
"1971-08-01","Dallas trimmed mean","1m",3.773
"1971-09-01","Dallas trimmed mean","1m",2.918
"1971-10-01","Dallas trimmed mean","1m",1.033
"1971-11-01","Dallas trimmed mean","1m",1.854
"1971-12-01","Dallas trimmed mean","1m",3.104
"1972-01-01","Dallas trimmed mean","1m",3.291
"1972-02-01","Dallas trimmed mean","1m",3.118
"1972-03-01","Dallas trimmed mean","1m",2.816
"1972-04-01","Dallas trimmed mean","1m",1.404
"1972-05-01","Dallas trimmed mean","1m",1.918
"1972-06-01","Dallas trimmed mean","1m",1.913
"1972-07-01","Dallas trimmed mean","1m",3.107
"1972-08-01","Dallas trimmed mean","1m",2.816
"1972-09-01","Dallas trimmed mean","1m",3.582
"1972-10-01","Dallas trimmed mean","1m",2.03
"1972-11-01","Dallas trimmed mean","1m",3.103
"1972-12-01","Dallas trimmed mean","1m",3.465
"1973-01-01","Dallas trimmed mean","1m",2.484
"1973-02-01","Dallas trimmed mean","1m",4.123
"1973-03-01","Dallas trimmed mean","1m",4.439
"1973-04-01","Dallas trimmed mean","1m",6.223
"1973-05-01","Dallas trimmed mean","1m",4.431
"1973-06-01","Dallas trimmed mean","1m",3.671
"1973-07-01","Dallas trimmed mean","1m",2.316
"1973-08-01","Dallas trimmed mean","1m",5.017
"1973-09-01","Dallas trimmed mean","1m",3.68
"1973-10-01","Dallas trimmed mean","1m",4.739
"1973-11-01","Dallas trimmed mean","1m",4.956
"1973-12-01","Dallas trimmed mean","1m",6.045
"1974-01-01","Dallas trimmed mean","1m",5.5
"1974-02-01","Dallas trimmed mean","1m",7.241
"1974-03-01","Dallas trimmed mean","1m",8.263
"1974-04-01","Dallas trimmed mean","1m",7.228
"1974-05-01","Dallas trimmed mean","1m",9.707
"1974-06-01","Dallas trimmed mean","1m",9.337
"1974-07-01","Dallas trimmed mean","1m",7.641
"1974-08-01","Dallas trimmed mean","1m",10.489
"1974-09-01","Dallas trimmed mean","1m",9.538
"1974-10-01","Dallas trimmed mean","1m",8.703
"1974-11-01","Dallas trimmed mean","1m",7.2
"1974-12-01","Dallas trimmed mean","1m",7.502
"1975-01-01","Dallas trimmed mean","1m",7.414
"1975-02-01","Dallas trimmed mean","1m",6.241
"1975-03-01","Dallas trimmed mean","1m",4.004
"1975-04-01","Dallas trimmed mean","1m",5.021
"1975-05-01","Dallas trimmed mean","1m",3.907
"1975-06-01","Dallas trimmed mean","1m",4.712
"1975-07-01","Dallas trimmed mean","1m",5.877
"1975-08-01","Dallas trimmed mean","1m",4.894
"1975-09-01","Dallas trimmed mean","1m",6.52
"1975-10-01","Dallas trimmed mean","1m",7.63
"1975-11-01","Dallas trimmed mean","1m",5.895
"1975-12-01","Dallas trimmed mean","1m",5.592
"1976-01-01","Dallas trimmed mean","1m",5.084
"1976-02-01","Dallas trimmed mean","1m",4.672
"1976-03-01","Dallas trimmed mean","1m",3.954
"1976-04-01","Dallas trimmed mean","1m",3.629
"1976-05-01","Dallas trimmed mean","1m",5.607
"1976-06-01","Dallas trimmed mean","1m",4.931
"1976-07-01","Dallas trimmed mean","1m",5.115
"1976-08-01","Dallas trimmed mean","1m",6.391
"1976-09-01","Dallas trimmed mean","1m",5.774
"1976-10-01","Dallas trimmed mean","1m",6.148
"1976-11-01","Dallas trimmed mean","1m",5.57
"1976-12-01","Dallas trimmed mean","1m",4.857
"1977-01-01","Dallas trimmed mean","1m",6.683
"1977-02-01","Dallas trimmed mean","1m",7.23
"1977-03-01","Dallas trimmed mean","1m",6.633
"1977-04-01","Dallas trimmed mean","1m",4.933
"1977-05-01","Dallas trimmed mean","1m",5.886
"1977-06-01","Dallas trimmed mean","1m",6.132
"1977-07-01","Dallas trimmed mean","1m",5.621
"1977-08-01","Dallas trimmed mean","1m",6.093
"1977-09-01","Dallas trimmed mean","1m",5.004
"1977-10-01","Dallas trimmed mean","1m",4.558
"1977-11-01","Dallas trimmed mean","1m",6.696
"1977-12-01","Dallas trimmed mean","1m",5.656
"1978-01-01","Dallas trimmed mean","1m",4.588
"1978-02-01","Dallas trimmed mean","1m",5.597
"1978-03-01","Dallas trimmed mean","1m",6.223
"1978-04-01","Dallas trimmed mean","1m",6.733
"1978-05-01","Dallas trimmed mean","1m",7.899
"1978-06-01","Dallas trimmed mean","1m",6.35
"1978-07-01","Dallas trimmed mean","1m",6.507
"1978-08-01","Dallas trimmed mean","1m",6.856
"1978-09-01","Dallas trimmed mean","1m",6.968
"1978-10-01","Dallas trimmed mean","1m",8.695
"1978-11-01","Dallas trimmed mean","1m",7.984
"1978-12-01","Dallas trimmed mean","1m",6.174
"1979-01-01","Dallas trimmed mean","1m",8.374
"1979-02-01","Dallas trimmed mean","1m",7.837
"1979-03-01","Dallas trimmed mean","1m",6.607
"1979-04-01","Dallas trimmed mean","1m",6.657
"1979-05-01","Dallas trimmed mean","1m",9.303
"1979-06-01","Dallas trimmed mean","1m",6.89
"1979-07-01","Dallas trimmed mean","1m",7.807
"1979-08-01","Dallas trimmed mean","1m",8.999
"1979-09-01","Dallas trimmed mean","1m",8.325
"1979-10-01","Dallas trimmed mean","1m",9.993
"1979-11-01","Dallas trimmed mean","1m",7.632
"1979-12-01","Dallas trimmed mean","1m",8
"1980-01-01","Dallas trimmed mean","1m",9.976
"1980-02-01","Dallas trimmed mean","1m",10.264
"1980-03-01","Dallas trimmed mean","1m",9.401
"1980-04-01","Dallas trimmed mean","1m",6.223
"1980-05-01","Dallas trimmed mean","1m",9.006
"1980-06-01","Dallas trimmed mean","1m",8.733
"1980-07-01","Dallas trimmed mean","1m",6.636
"1980-08-01","Dallas trimmed mean","1m",8.631
"1980-09-01","Dallas trimmed mean","1m",9.632
"1980-10-01","Dallas trimmed mean","1m",8.756
"1980-11-01","Dallas trimmed mean","1m",8.502
"1980-12-01","Dallas trimmed mean","1m",8.258
"1981-01-01","Dallas trimmed mean","1m",9.316
"1981-02-01","Dallas trimmed mean","1m",10.031
"1981-03-01","Dallas trimmed mean","1m",7.187
"1981-04-01","Dallas trimmed mean","1m",7.424
"1981-05-01","Dallas trimmed mean","1m",6.76
"1981-06-01","Dallas trimmed mean","1m",5.811
"1981-07-01","Dallas trimmed mean","1m",6.968
"1981-08-01","Dallas trimmed mean","1m",7.772
"1981-09-01","Dallas trimmed mean","1m",7.375
"1981-10-01","Dallas trimmed mean","1m",6.38
"1981-11-01","Dallas trimmed mean","1m",6.229
"1981-12-01","Dallas trimmed mean","1m",5.019
"1982-01-01","Dallas trimmed mean","1m",5.568
"1982-02-01","Dallas trimmed mean","1m",4.839
"1982-03-01","Dallas trimmed mean","1m",5.237
"1982-04-01","Dallas trimmed mean","1m",3.47
"1982-05-01","Dallas trimmed mean","1m",6.063
"1982-06-01","Dallas trimmed mean","1m",5.409
"1982-07-01","Dallas trimmed mean","1m",7.297
"1982-08-01","Dallas trimmed mean","1m",4.381
"1982-09-01","Dallas trimmed mean","1m",3.247
"1982-10-01","Dallas trimmed mean","1m",5.575
"1982-11-01","Dallas trimmed mean","1m",2.905
"1982-12-01","Dallas trimmed mean","1m",2.869
"1983-01-01","Dallas trimmed mean","1m",5.851
"1983-02-01","Dallas trimmed mean","1m",4
"1983-03-01","Dallas trimmed mean","1m",2.387
"1983-04-01","Dallas trimmed mean","1m",4.949
"1983-05-01","Dallas trimmed mean","1m",3.228
"1983-06-01","Dallas trimmed mean","1m",3.314
"1983-07-01","Dallas trimmed mean","1m",3.916
"1983-08-01","Dallas trimmed mean","1m",3.317
"1983-09-01","Dallas trimmed mean","1m",4.094
"1983-10-01","Dallas trimmed mean","1m",2.785
"1983-11-01","Dallas trimmed mean","1m",4.213
"1983-12-01","Dallas trimmed mean","1m",2.576
"1984-01-01","Dallas trimmed mean","1m",5.039
"1984-02-01","Dallas trimmed mean","1m",4.673
"1984-03-01","Dallas trimmed mean","1m",4.214
"1984-04-01","Dallas trimmed mean","1m",4.747
"1984-05-01","Dallas trimmed mean","1m",2.327
"1984-06-01","Dallas trimmed mean","1m",3.591
"1984-07-01","Dallas trimmed mean","1m",5.018
"1984-08-01","Dallas trimmed mean","1m",4.211
"1984-09-01","Dallas trimmed mean","1m",3.925
"1984-10-01","Dallas trimmed mean","1m",3.564
"1984-11-01","Dallas trimmed mean","1m",2.215
"1984-12-01","Dallas trimmed mean","1m",3.919
"1985-01-01","Dallas trimmed mean","1m",3.281
"1985-02-01","Dallas trimmed mean","1m",5.69
"1985-03-01","Dallas trimmed mean","1m",4.133
"1985-04-01","Dallas trimmed mean","1m",2.529
"1985-05-01","Dallas trimmed mean","1m",3.178
"1985-06-01","Dallas trimmed mean","1m",4.188
"1985-07-01","Dallas trimmed mean","1m",2.563
"1985-08-01","Dallas trimmed mean","1m",3.893
"1985-09-01","Dallas trimmed mean","1m",3.47
"1985-10-01","Dallas trimmed mean","1m",2.932
"1985-11-01","Dallas trimmed mean","1m",3.763
"1985-12-01","Dallas trimmed mean","1m",4.001
"1986-01-01","Dallas trimmed mean","1m",4.671
"1986-02-01","Dallas trimmed mean","1m",2.87
"1986-03-01","Dallas trimmed mean","1m",1.972
"1986-04-01","Dallas trimmed mean","1m",3.208
"1986-05-01","Dallas trimmed mean","1m",2.305
"1986-06-01","Dallas trimmed mean","1m",4.118
"1986-07-01","Dallas trimmed mean","1m",2.927
"1986-08-01","Dallas trimmed mean","1m",3.059
"1986-09-01","Dallas trimmed mean","1m",3.871
"1986-10-01","Dallas trimmed mean","1m",3.871
"1986-11-01","Dallas trimmed mean","1m",3.148
"1986-12-01","Dallas trimmed mean","1m",3.212
"1987-01-01","Dallas trimmed mean","1m",4.984
"1987-02-01","Dallas trimmed mean","1m",3.264
"1987-03-01","Dallas trimmed mean","1m",4.158
"1987-04-01","Dallas trimmed mean","1m",5.014
"1987-05-01","Dallas trimmed mean","1m",3.424
"1987-06-01","Dallas trimmed mean","1m",3.307
"1987-07-01","Dallas trimmed mean","1m",2.71
"1987-08-01","Dallas trimmed mean","1m",4.603
"1987-09-01","Dallas trimmed mean","1m",3.542
"1987-10-01","Dallas trimmed mean","1m",4.009
"1987-11-01","Dallas trimmed mean","1m",3.06
"1987-12-01","Dallas trimmed mean","1m",2.119
"1988-01-01","Dallas trimmed mean","1m",4.689
"1988-02-01","Dallas trimmed mean","1m",3.017
"1988-03-01","Dallas trimmed mean","1m",3.872
"1988-04-01","Dallas trimmed mean","1m",4.503
"1988-05-01","Dallas trimmed mean","1m",3.21
"1988-06-01","Dallas trimmed mean","1m",4.618
"1988-07-01","Dallas trimmed mean","1m",5.037
"1988-08-01","Dallas trimmed mean","1m",4.096
"1988-09-01","Dallas trimmed mean","1m",5.428
"1988-10-01","Dallas trimmed mean","1m",3.491
"1988-11-01","Dallas trimmed mean","1m",3.598
"1988-12-01","Dallas trimmed mean","1m",3.745
"1989-01-01","Dallas trimmed mean","1m",5.404
"1989-02-01","Dallas trimmed mean","1m",4.143
"1989-03-01","Dallas trimmed mean","1m",3.894
"1989-04-01","Dallas trimmed mean","1m",4.489
"1989-05-01","Dallas trimmed mean","1m",4.21
"1989-06-01","Dallas trimmed mean","1m",3.281
"1989-07-01","Dallas trimmed mean","1m",3.987
"1989-08-01","Dallas trimmed mean","1m",3.148
"1989-09-01","Dallas trimmed mean","1m",3.573
"1989-10-01","Dallas trimmed mean","1m",5.237
"1989-11-01","Dallas trimmed mean","1m",3.401
"1989-12-01","Dallas trimmed mean","1m",4.027
"1990-01-01","Dallas trimmed mean","1m",4.1
"1990-02-01","Dallas trimmed mean","1m",3.758
"1990-03-01","Dallas trimmed mean","1m",5.697
"1990-04-01","Dallas trimmed mean","1m",3.962
"1990-05-01","Dallas trimmed mean","1m",3.081
"1990-06-01","Dallas trimmed mean","1m",4.98
"1990-07-01","Dallas trimmed mean","1m",4.2
"1990-08-01","Dallas trimmed mean","1m",5.275
"1990-09-01","Dallas trimmed mean","1m",3.466
"1990-10-01","Dallas trimmed mean","1m",3.837
"1990-11-01","Dallas trimmed mean","1m",1.898
"1990-12-01","Dallas trimmed mean","1m",3.498
"1991-01-01","Dallas trimmed mean","1m",4.114
"1991-02-01","Dallas trimmed mean","1m",2.614
"1991-03-01","Dallas trimmed mean","1m",2.08
"1991-04-01","Dallas trimmed mean","1m",2.95
"1991-05-01","Dallas trimmed mean","1m",4.067
"1991-06-01","Dallas trimmed mean","1m",2.268
"1991-07-01","Dallas trimmed mean","1m",2.605
"1991-08-01","Dallas trimmed mean","1m",2.91
"1991-09-01","Dallas trimmed mean","1m",3.259
"1991-10-01","Dallas trimmed mean","1m",3
"1991-11-01","Dallas trimmed mean","1m",3.567
"1991-12-01","Dallas trimmed mean","1m",3.879
"1992-01-01","Dallas trimmed mean","1m",2.653
"1992-02-01","Dallas trimmed mean","1m",2.817
"1992-03-01","Dallas trimmed mean","1m",3.132
"1992-04-01","Dallas trimmed mean","1m",2.152
"1992-05-01","Dallas trimmed mean","1m",2.615
"1992-06-01","Dallas trimmed mean","1m",2.227
"1992-07-01","Dallas trimmed mean","1m",2.688
"1992-08-01","Dallas trimmed mean","1m",2.127
"1992-09-01","Dallas trimmed mean","1m",1.628
"1992-10-01","Dallas trimmed mean","1m",3.389
"1992-11-01","Dallas trimmed mean","1m",3.187
"1992-12-01","Dallas trimmed mean","1m",2.551
"1993-01-01","Dallas trimmed mean","1m",2.651
"1993-02-01","Dallas trimmed mean","1m",2.724
"1993-03-01","Dallas trimmed mean","1m",2.327
"1993-04-01","Dallas trimmed mean","1m",3.161
"1993-05-01","Dallas trimmed mean","1m",3.232
"1993-06-01","Dallas trimmed mean","1m",1.848
"1993-07-01","Dallas trimmed mean","1m",2.357
"1993-08-01","Dallas trimmed mean","1m",1.961
"1993-09-01","Dallas trimmed mean","1m",1.972
"1993-10-01","Dallas trimmed mean","1m",2.739
"1993-11-01","Dallas trimmed mean","1m",2.381
"1993-12-01","Dallas trimmed mean","1m",2.141
"1994-01-01","Dallas trimmed mean","1m",2.187
"1994-02-01","Dallas trimmed mean","1m",2.738
"1994-03-01","Dallas trimmed mean","1m",2.895
"1994-04-01","Dallas trimmed mean","1m",1.966
"1994-05-01","Dallas trimmed mean","1m",2.795
"1994-06-01","Dallas trimmed mean","1m",2.449
"1994-07-01","Dallas trimmed mean","1m",2.492
"1994-08-01","Dallas trimmed mean","1m",1.751
"1994-09-01","Dallas trimmed mean","1m",1.688
"1994-10-01","Dallas trimmed mean","1m",2.147
"1994-11-01","Dallas trimmed mean","1m",2.541
"1994-12-01","Dallas trimmed mean","1m",1.689
"1995-01-01","Dallas trimmed mean","1m",3.433
"1995-02-01","Dallas trimmed mean","1m",1.881
"1995-03-01","Dallas trimmed mean","1m",2.384
"1995-04-01","Dallas trimmed mean","1m",2.586
"1995-05-01","Dallas trimmed mean","1m",2.135
"1995-06-01","Dallas trimmed mean","1m",1.728
"1995-07-01","Dallas trimmed mean","1m",2.017
"1995-08-01","Dallas trimmed mean","1m",2.354
"1995-09-01","Dallas trimmed mean","1m",1.999
"1995-10-01","Dallas trimmed mean","1m",3.189
"1995-11-01","Dallas trimmed mean","1m",2.197
"1995-12-01","Dallas trimmed mean","1m",2.286
"1996-01-01","Dallas trimmed mean","1m",2.54
"1996-02-01","Dallas trimmed mean","1m",1.978
"1996-03-01","Dallas trimmed mean","1m",2.478
"1996-04-01","Dallas trimmed mean","1m",1.995
"1996-05-01","Dallas trimmed mean","1m",2.455
"1996-06-01","Dallas trimmed mean","1m",2.173
"1996-07-01","Dallas trimmed mean","1m",2.388
"1996-08-01","Dallas trimmed mean","1m",2.301
"1996-09-01","Dallas trimmed mean","1m",2.549
"1996-10-01","Dallas trimmed mean","1m",2.812
"1996-11-01","Dallas trimmed mean","1m",2.673
"1996-12-01","Dallas trimmed mean","1m",2.022
"1997-01-01","Dallas trimmed mean","1m",2.191
"1997-02-01","Dallas trimmed mean","1m",1.965
"1997-03-01","Dallas trimmed mean","1m",1.987
"1997-04-01","Dallas trimmed mean","1m",2.154
"1997-05-01","Dallas trimmed mean","1m",1.563
"1997-06-01","Dallas trimmed mean","1m",2.053
"1997-07-01","Dallas trimmed mean","1m",1.315
"1997-08-01","Dallas trimmed mean","1m",1.505
"1997-09-01","Dallas trimmed mean","1m",2.391
"1997-10-01","Dallas trimmed mean","1m",0.947
"1997-11-01","Dallas trimmed mean","1m",1.644
"1997-12-01","Dallas trimmed mean","1m",1.219
"1998-01-01","Dallas trimmed mean","1m",1.302
"1998-02-01","Dallas trimmed mean","1m",1.342
"1998-03-01","Dallas trimmed mean","1m",2.389
"1998-04-01","Dallas trimmed mean","1m",1.843
"1998-05-01","Dallas trimmed mean","1m",2.329
"1998-06-01","Dallas trimmed mean","1m",1.239
"1998-07-01","Dallas trimmed mean","1m",1.923
"1998-08-01","Dallas trimmed mean","1m",2.029
"1998-09-01","Dallas trimmed mean","1m",1.888
"1998-10-01","Dallas trimmed mean","1m",1.98
"1998-11-01","Dallas trimmed mean","1m",1.832
"1998-12-01","Dallas trimmed mean","1m",1.569
"1999-01-01","Dallas trimmed mean","1m",1.757
"1999-02-01","Dallas trimmed mean","1m",0.807
"1999-03-01","Dallas trimmed mean","1m",1.453
"1999-04-01","Dallas trimmed mean","1m",2.436
"1999-05-01","Dallas trimmed mean","1m",1.857
"1999-06-01","Dallas trimmed mean","1m",1.45
"1999-07-01","Dallas trimmed mean","1m",2.361
"1999-08-01","Dallas trimmed mean","1m",1.57
"1999-09-01","Dallas trimmed mean","1m",2.306
"1999-10-01","Dallas trimmed mean","1m",1.92
"1999-11-01","Dallas trimmed mean","1m",2.323
"1999-12-01","Dallas trimmed mean","1m",1.82
"2000-01-01","Dallas trimmed mean","1m",3.334
"2000-02-01","Dallas trimmed mean","1m",2.294
"2000-03-01","Dallas trimmed mean","1m",2.769
"2000-04-01","Dallas trimmed mean","1m",1.727
"2000-05-01","Dallas trimmed mean","1m",2.278
"2000-06-01","Dallas trimmed mean","1m",2.075
"2000-07-01","Dallas trimmed mean","1m",2.9
"2000-08-01","Dallas trimmed mean","1m",1.868
"2000-09-01","Dallas trimmed mean","1m",3.075
"2000-10-01","Dallas trimmed mean","1m",2.518
"2000-11-01","Dallas trimmed mean","1m",2.506
"2000-12-01","Dallas trimmed mean","1m",2.327
"2001-01-01","Dallas trimmed mean","1m",3.337
"2001-02-01","Dallas trimmed mean","1m",2.679
"2001-03-01","Dallas trimmed mean","1m",2.501
"2001-04-01","Dallas trimmed mean","1m",3.034
"2001-05-01","Dallas trimmed mean","1m",2.215
"2001-06-01","Dallas trimmed mean","1m",3.095
"2001-07-01","Dallas trimmed mean","1m",2.274
"2001-08-01","Dallas trimmed mean","1m",2.436
"2001-09-01","Dallas trimmed mean","1m",1.967
"2001-10-01","Dallas trimmed mean","1m",2.204
"2001-11-01","Dallas trimmed mean","1m",2.311
"2001-12-01","Dallas trimmed mean","1m",1.422
"2002-01-01","Dallas trimmed mean","1m",1.75
"2002-02-01","Dallas trimmed mean","1m",2.323
"2002-03-01","Dallas trimmed mean","1m",2.327
"2002-04-01","Dallas trimmed mean","1m",2.326
"2002-05-01","Dallas trimmed mean","1m",1.79
"2002-06-01","Dallas trimmed mean","1m",1.93
"2002-07-01","Dallas trimmed mean","1m",2.549
"2002-08-01","Dallas trimmed mean","1m",2.047
"2002-09-01","Dallas trimmed mean","1m",2.661
"2002-10-01","Dallas trimmed mean","1m",2.29
"2002-11-01","Dallas trimmed mean","1m",2.08
"2002-12-01","Dallas trimmed mean","1m",1.927
"2003-01-01","Dallas trimmed mean","1m",1.893
"2003-02-01","Dallas trimmed mean","1m",1.785
"2003-03-01","Dallas trimmed mean","1m",2.219
"2003-04-01","Dallas trimmed mean","1m",0.774
"2003-05-01","Dallas trimmed mean","1m",1.657
"2003-06-01","Dallas trimmed mean","1m",1.118
"2003-07-01","Dallas trimmed mean","1m",2.891
"2003-08-01","Dallas trimmed mean","1m",2.174
"2003-09-01","Dallas trimmed mean","1m",1.856
"2003-10-01","Dallas trimmed mean","1m",2.212
"2003-11-01","Dallas trimmed mean","1m",1.902
"2003-12-01","Dallas trimmed mean","1m",1.542
"2004-01-01","Dallas trimmed mean","1m",2.672
"2004-02-01","Dallas trimmed mean","1m",2.597
"2004-03-01","Dallas trimmed mean","1m",2.208
"2004-04-01","Dallas trimmed mean","1m",3.252
"2004-05-01","Dallas trimmed mean","1m",2.632
"2004-06-01","Dallas trimmed mean","1m",2.503
"2004-07-01","Dallas trimmed mean","1m",2.129
"2004-08-01","Dallas trimmed mean","1m",1.758
"2004-09-01","Dallas trimmed mean","1m",1.784
"2004-10-01","Dallas trimmed mean","1m",2.307
"2004-11-01","Dallas trimmed mean","1m",2.33
"2004-12-01","Dallas trimmed mean","1m",1.865
"2005-01-01","Dallas trimmed mean","1m",3.479
"2005-02-01","Dallas trimmed mean","1m",2.843
"2005-03-01","Dallas trimmed mean","1m",2.144
"2005-04-01","Dallas trimmed mean","1m",2.158
"2005-05-01","Dallas trimmed mean","1m",2.166
"2005-06-01","Dallas trimmed mean","1m",1.75
"2005-07-01","Dallas trimmed mean","1m",2.726
"2005-08-01","Dallas trimmed mean","1m",1.851
"2005-09-01","Dallas trimmed mean","1m",3.309
"2005-10-01","Dallas trimmed mean","1m",2.95
"2005-11-01","Dallas trimmed mean","1m",2.717
"2005-12-01","Dallas trimmed mean","1m",1.558
"2006-01-01","Dallas trimmed mean","1m",2.985
"2006-02-01","Dallas trimmed mean","1m",2.053
"2006-03-01","Dallas trimmed mean","1m",2.912
"2006-04-01","Dallas trimmed mean","1m",3.084
"2006-05-01","Dallas trimmed mean","1m",3.839
"2006-06-01","Dallas trimmed mean","1m",3.677
"2006-07-01","Dallas trimmed mean","1m",3.052
"2006-08-01","Dallas trimmed mean","1m",2.813
"2006-09-01","Dallas trimmed mean","1m",2.286
"2006-10-01","Dallas trimmed mean","1m",2.27
"2006-11-01","Dallas trimmed mean","1m",1.126
"2006-12-01","Dallas trimmed mean","1m",2.865
"2007-01-01","Dallas trimmed mean","1m",3.347
"2007-02-01","Dallas trimmed mean","1m",3.405
"2007-03-01","Dallas trimmed mean","1m",2.129
"2007-04-01","Dallas trimmed mean","1m",2.071
"2007-05-01","Dallas trimmed mean","1m",1.969
"2007-06-01","Dallas trimmed mean","1m",2.408
"2007-07-01","Dallas trimmed mean","1m",2.052
"2007-08-01","Dallas trimmed mean","1m",2.105
"2007-09-01","Dallas trimmed mean","1m",3.229
"2007-10-01","Dallas trimmed mean","1m",3.228
"2007-11-01","Dallas trimmed mean","1m",3.434
"2007-12-01","Dallas trimmed mean","1m",2.518
"2008-01-01","Dallas trimmed mean","1m",2.552
"2008-02-01","Dallas trimmed mean","1m",1.992
"2008-03-01","Dallas trimmed mean","1m",2.489
"2008-04-01","Dallas trimmed mean","1m",2.42
"2008-05-01","Dallas trimmed mean","1m",2.267
"2008-06-01","Dallas trimmed mean","1m",3.121
"2008-07-01","Dallas trimmed mean","1m",3.387
"2008-08-01","Dallas trimmed mean","1m",1.663
"2008-09-01","Dallas trimmed mean","1m",2.138
"2008-10-01","Dallas trimmed mean","1m",1.826
"2008-11-01","Dallas trimmed mean","1m",2.335
"2008-12-01","Dallas trimmed mean","1m",0.827
"2009-01-01","Dallas trimmed mean","1m",3.003
"2009-02-01","Dallas trimmed mean","1m",1.945
"2009-03-01","Dallas trimmed mean","1m",1.757
"2009-04-01","Dallas trimmed mean","1m",1.528
"2009-05-01","Dallas trimmed mean","1m",1.523
"2009-06-01","Dallas trimmed mean","1m",1.514
"2009-07-01","Dallas trimmed mean","1m",0.223
"2009-08-01","Dallas trimmed mean","1m",1.514
"2009-09-01","Dallas trimmed mean","1m",0.636
"2009-10-01","Dallas trimmed mean","1m",2.02
"2009-11-01","Dallas trimmed mean","1m",0.877
"2009-12-01","Dallas trimmed mean","1m",0.754
"2010-01-01","Dallas trimmed mean","1m",0.771
"2010-02-01","Dallas trimmed mean","1m",0.552
"2010-03-01","Dallas trimmed mean","1m",0.704
"2010-04-01","Dallas trimmed mean","1m",0.852
"2010-05-01","Dallas trimmed mean","1m",0.745
"2010-06-01","Dallas trimmed mean","1m",0.784
"2010-07-01","Dallas trimmed mean","1m",0.757
"2010-08-01","Dallas trimmed mean","1m",1.45
"2010-09-01","Dallas trimmed mean","1m",1.25
"2010-10-01","Dallas trimmed mean","1m",0.742
"2010-11-01","Dallas trimmed mean","1m",1.408
"2010-12-01","Dallas trimmed mean","1m",1.101
"2011-01-01","Dallas trimmed mean","1m",2.185
"2011-02-01","Dallas trimmed mean","1m",2.451
"2011-03-01","Dallas trimmed mean","1m",2.299
"2011-04-01","Dallas trimmed mean","1m",2.379
"2011-05-01","Dallas trimmed mean","1m",2.323
"2011-06-01","Dallas trimmed mean","1m",1.452
"2011-07-01","Dallas trimmed mean","1m",1.719
"2011-08-01","Dallas trimmed mean","1m",2.521
"2011-09-01","Dallas trimmed mean","1m",1.889
"2011-10-01","Dallas trimmed mean","1m",1.834
"2011-11-01","Dallas trimmed mean","1m",2.064
"2011-12-01","Dallas trimmed mean","1m",2.071
"2012-01-01","Dallas trimmed mean","1m",2.499
"2012-02-01","Dallas trimmed mean","1m",1.605
"2012-03-01","Dallas trimmed mean","1m",2.064
"2012-04-01","Dallas trimmed mean","1m",1.88
"2012-05-01","Dallas trimmed mean","1m",1.707
"2012-06-01","Dallas trimmed mean","1m",1.009
"2012-07-01","Dallas trimmed mean","1m",1.351
"2012-08-01","Dallas trimmed mean","1m",1.87
"2012-09-01","Dallas trimmed mean","1m",1.853
"2012-10-01","Dallas trimmed mean","1m",1.558
"2012-11-01","Dallas trimmed mean","1m",1.093
"2012-12-01","Dallas trimmed mean","1m",1.18
"2013-01-01","Dallas trimmed mean","1m",2.08
"2013-02-01","Dallas trimmed mean","1m",2.149
"2013-03-01","Dallas trimmed mean","1m",1.392
"2013-04-01","Dallas trimmed mean","1m",0.105
"2013-05-01","Dallas trimmed mean","1m",1.46
"2013-06-01","Dallas trimmed mean","1m",2.274
"2013-07-01","Dallas trimmed mean","1m",1.774
"2013-08-01","Dallas trimmed mean","1m",1.703
"2013-09-01","Dallas trimmed mean","1m",1.762
"2013-10-01","Dallas trimmed mean","1m",1.824
"2013-11-01","Dallas trimmed mean","1m",1.995
"2013-12-01","Dallas trimmed mean","1m",1.613
"2014-01-01","Dallas trimmed mean","1m",1.676
"2014-02-01","Dallas trimmed mean","1m",1.327
"2014-03-01","Dallas trimmed mean","1m",1.61
"2014-04-01","Dallas trimmed mean","1m",1.812
"2014-05-01","Dallas trimmed mean","1m",2.015
"2014-06-01","Dallas trimmed mean","1m",1.777
"2014-07-01","Dallas trimmed mean","1m",1.796
"2014-08-01","Dallas trimmed mean","1m",1.131
"2014-09-01","Dallas trimmed mean","1m",1.762
"2014-10-01","Dallas trimmed mean","1m",1.284
"2014-11-01","Dallas trimmed mean","1m",1.704
"2014-12-01","Dallas trimmed mean","1m",1.4
"2015-01-01","Dallas trimmed mean","1m",0.191
"2015-02-01","Dallas trimmed mean","1m",2.099
"2015-03-01","Dallas trimmed mean","1m",1.572
"2015-04-01","Dallas trimmed mean","1m",2.279
"2015-05-01","Dallas trimmed mean","1m",1.548
"2015-06-01","Dallas trimmed mean","1m",1.781
"2015-07-01","Dallas trimmed mean","1m",1.781
"2015-08-01","Dallas trimmed mean","1m",1.179
"2015-09-01","Dallas trimmed mean","1m",1.816
"2015-10-01","Dallas trimmed mean","1m",0.874
"2015-11-01","Dallas trimmed mean","1m",1.387
"2015-12-01","Dallas trimmed mean","1m",0.975
"2016-01-01","Dallas trimmed mean","1m",1.688
"2016-02-01","Dallas trimmed mean","1m",1.926
"2016-03-01","Dallas trimmed mean","1m",2.048
"2016-04-01","Dallas trimmed mean","1m",2.329
"2016-05-01","Dallas trimmed mean","1m",2.315
"2016-06-01","Dallas trimmed mean","1m",1.591
"2016-07-01","Dallas trimmed mean","1m",1.794
"2016-08-01","Dallas trimmed mean","1m",1.625
"2016-09-01","Dallas trimmed mean","1m",2.17
"2016-10-01","Dallas trimmed mean","1m",1.938
"2016-11-01","Dallas trimmed mean","1m",1.398
"2016-12-01","Dallas trimmed mean","1m",1.652
"2017-01-01","Dallas trimmed mean","1m",2.32
"2017-02-01","Dallas trimmed mean","1m",1.437
"2017-03-01","Dallas trimmed mean","1m",1.293
"2017-04-01","Dallas trimmed mean","1m",1.619
"2017-05-01","Dallas trimmed mean","1m",1.137
"2017-06-01","Dallas trimmed mean","1m",1.799
"2017-07-01","Dallas trimmed mean","1m",1.079
"2017-08-01","Dallas trimmed mean","1m",1.795
"2017-09-01","Dallas trimmed mean","1m",1.756
"2017-10-01","Dallas trimmed mean","1m",2.182
"2017-11-01","Dallas trimmed mean","1m",1.701
"2017-12-01","Dallas trimmed mean","1m",2.054
"2018-01-01","Dallas trimmed mean","1m",2.919
"2018-02-01","Dallas trimmed mean","1m",1.989
"2018-03-01","Dallas trimmed mean","1m",1.579
"2018-04-01","Dallas trimmed mean","1m",1.529
"2018-05-01","Dallas trimmed mean","1m",2.123
"2018-06-01","Dallas trimmed mean","1m",2.041
"2018-07-01","Dallas trimmed mean","1m",1.8
"2018-08-01","Dallas trimmed mean","1m",1.675
"2018-09-01","Dallas trimmed mean","1m",2.076
"2018-10-01","Dallas trimmed mean","1m",2.199
"2018-11-01","Dallas trimmed mean","1m",2.444
"2018-12-01","Dallas trimmed mean","1m",1.795
"2019-01-01","Dallas trimmed mean","1m",1.626
"2019-02-01","Dallas trimmed mean","1m",2.698
"2019-03-01","Dallas trimmed mean","1m",2.027
"2019-04-01","Dallas trimmed mean","1m",2.965
"2019-05-01","Dallas trimmed mean","1m",1.091
"2019-06-01","Dallas trimmed mean","1m",1.5
"2019-07-01","Dallas trimmed mean","1m",2.147
"2019-08-01","Dallas trimmed mean","1m",1.891
"2019-09-01","Dallas trimmed mean","1m",1.224
"2019-10-01","Dallas trimmed mean","1m",2.158
"2019-11-01","Dallas trimmed mean","1m",1.651
"2019-12-01","Dallas trimmed mean","1m",1.671
"2020-01-01","Dallas trimmed mean","1m",2.49
"2020-02-01","Dallas trimmed mean","1m",2.452
"2020-03-01","Dallas trimmed mean","1m",1.496
"2020-04-01","Dallas trimmed mean","1m",1.626
"2020-05-01","Dallas trimmed mean","1m",2.117
"2020-06-01","Dallas trimmed mean","1m",1.786
"2020-07-01","Dallas trimmed mean","1m",2.575
"2020-08-01","Dallas trimmed mean","1m",2.172
"2020-09-01","Dallas trimmed mean","1m",1.198
"2020-10-01","Dallas trimmed mean","1m",1.605
"2020-11-01","Dallas trimmed mean","1m",0.906
"2020-12-01","Dallas trimmed mean","1m",1.517
"2021-01-01","Dallas trimmed mean","1m",1.82
"2021-02-01","Dallas trimmed mean","1m",2.638
"2021-03-01","Dallas trimmed mean","1m",2.168
"2021-04-01","Dallas trimmed mean","1m",2.599
"2021-05-01","Dallas trimmed mean","1m",2.515
"2021-06-01","Dallas trimmed mean","1m",2.369
"2021-07-01","Dallas trimmed mean","1m",3.274
"2021-08-01","Dallas trimmed mean","1m",2.883
"2021-09-01","Dallas trimmed mean","1m",4.008
"2021-10-01","Dallas trimmed mean","1m",4.607
"2021-11-01","Dallas trimmed mean","1m",3.743
"2021-12-01","Dallas trimmed mean","1m",4.576
"2022-01-01","Dallas trimmed mean","1m",6.467
"2022-02-01","Dallas trimmed mean","1m",4.798
"2022-03-01","Dallas trimmed mean","1m",3.22
"2022-04-01","Dallas trimmed mean","1m",3.172
"2022-05-01","Dallas trimmed mean","1m",5.223
"2022-06-01","Dallas trimmed mean","1m",7.657
"2022-07-01","Dallas trimmed mean","1m",4.469
"2022-08-01","Dallas trimmed mean","1m",5.482
"2022-09-01","Dallas trimmed mean","1m",3.746
"2022-10-01","Dallas trimmed mean","1m",5.104
"2022-11-01","Dallas trimmed mean","1m",3.237
"2022-12-01","Dallas trimmed mean","1m",4.03
"2023-01-01","Dallas trimmed mean","1m",4.792
"2023-02-01","Dallas trimmed mean","1m",4.419
"2023-03-01","Dallas trimmed mean","1m",4.048
"2023-04-01","Dallas trimmed mean","1m",4.188
"2023-05-01","Dallas trimmed mean","1m",3.771
"2023-06-01","Dallas trimmed mean","1m",2.536
"2023-07-01","Dallas trimmed mean","1m",2.877
"2023-08-01","Dallas trimmed mean","1m",2.478
"2023-09-01","Dallas trimmed mean","1m",2.9
"2023-10-01","Dallas trimmed mean","1m",3.112
"2023-11-01","Dallas trimmed mean","1m",2.318
"2023-12-01","Dallas trimmed mean","1m",2.07
"2024-01-01","Dallas trimmed mean","1m",5.304
"2024-02-01","Dallas trimmed mean","1m",2.957
"2024-03-01","Dallas trimmed mean","1m",3.197
"2024-04-01","Dallas trimmed mean","1m",2.714
"2024-05-01","Dallas trimmed mean","1m",2.615
"2024-06-01","Dallas trimmed mean","1m",2.336
"2024-07-01","Dallas trimmed mean","1m",1.984
"2024-08-01","Dallas trimmed mean","1m",2.157
"2024-09-01","Dallas trimmed mean","1m",3.158
"2024-10-01","Dallas trimmed mean","1m",3.371
"2024-11-01","Dallas trimmed mean","1m",2.659
"2024-12-01","Dallas trimmed mean","1m",3.083
"2025-01-01","Dallas trimmed mean","1m",2.588
"2025-02-01","Dallas trimmed mean","1m",2.95
"2025-03-01","Dallas trimmed mean","1m",2.933
"2025-04-01","Dallas trimmed mean","1m",3.118
"2025-05-01","Dallas trimmed mean","1m",2.244
"2025-06-01","Dallas trimmed mean","1m",3.563
"2025-07-01","Dallas trimmed mean","1m",1.921
"2025-08-01","Dallas trimmed mean","1m",2.932
"2025-09-01","Dallas trimmed mean","1m",2.06
"2025-10-01","Dallas trimmed mean","1m",1.76
"2025-11-01","Dallas trimmed mean","1m",1.81
"2025-12-01","Dallas trimmed mean","1m",2.487
"2026-01-01","Dallas trimmed mean","1m",2.322
"2026-02-01","Dallas trimmed mean","1m",1.977
"2026-03-01","Dallas trimmed mean","1m",2.728
"2026-04-01","Dallas trimmed mean","1m",2.982
"2026-05-01","Dallas trimmed mean","1m",2.903
"2026-06-01","Dallas trimmed mean","1m",1.673
"2026-07-01","Dallas trimmed mean","1m",1.913
"2026-08-01","Dallas trimmed mean","1m",2.081
"1959-05-01","Dallas trimmed mean","3m",1.338
"1959-06-01","Dallas trimmed mean","3m",1.866
"1959-07-01","Dallas trimmed mean","3m",1.472
"1959-08-01","Dallas trimmed mean","3m",1.459
"1959-09-01","Dallas trimmed mean","3m",1.318
"1959-10-01","Dallas trimmed mean","3m",1.318
"1959-11-01","Dallas trimmed mean","3m",1.204
"1959-12-01","Dallas trimmed mean","3m",0.969
"1960-01-01","Dallas trimmed mean","3m",0.589
"1960-02-01","Dallas trimmed mean","3m",0.637
"1960-03-01","Dallas trimmed mean","3m",0.348
"1960-04-01","Dallas trimmed mean","3m",0.911
"1960-05-01","Dallas trimmed mean","3m",0.827
"1960-06-01","Dallas trimmed mean","3m",0.826
"1960-07-01","Dallas trimmed mean","3m",0.766
"1960-08-01","Dallas trimmed mean","3m",0.833
"1960-09-01","Dallas trimmed mean","3m",1.029
"1960-10-01","Dallas trimmed mean","3m",0.55
"1960-11-01","Dallas trimmed mean","3m",0.82
"1960-12-01","Dallas trimmed mean","3m",0.793
"1961-01-01","Dallas trimmed mean","3m",0.699
"1961-02-01","Dallas trimmed mean","3m",0.301
"1961-03-01","Dallas trimmed mean","3m",0.047
"1961-04-01","Dallas trimmed mean","3m",0.234
"1961-05-01","Dallas trimmed mean","3m",0.167
"1961-06-01","Dallas trimmed mean","3m",0.309
"1961-07-01","Dallas trimmed mean","3m",0.487
"1961-08-01","Dallas trimmed mean","3m",0.519
"1961-09-01","Dallas trimmed mean","3m",0.663
"1961-10-01","Dallas trimmed mean","3m",0.285
"1961-11-01","Dallas trimmed mean","3m",0.373
"1961-12-01","Dallas trimmed mean","3m",0.115
"1962-01-01","Dallas trimmed mean","3m",0.85
"1962-02-01","Dallas trimmed mean","3m",1.059
"1962-03-01","Dallas trimmed mean","3m",1.573
"1962-04-01","Dallas trimmed mean","3m",0.748
"1962-05-01","Dallas trimmed mean","3m",0.564
"1962-06-01","Dallas trimmed mean","3m",0.251
"1962-07-01","Dallas trimmed mean","3m",0.45
"1962-08-01","Dallas trimmed mean","3m",0.577
"1962-09-01","Dallas trimmed mean","3m",0.768
"1962-10-01","Dallas trimmed mean","3m",0.49
"1962-11-01","Dallas trimmed mean","3m",0.283
"1962-12-01","Dallas trimmed mean","3m",-0.113
"1963-01-01","Dallas trimmed mean","3m",0.62
"1963-02-01","Dallas trimmed mean","3m",0.704
"1963-03-01","Dallas trimmed mean","3m",0.705
"1963-04-01","Dallas trimmed mean","3m",0.159
"1963-05-01","Dallas trimmed mean","3m",0.621
"1963-06-01","Dallas trimmed mean","3m",0.845
"1963-07-01","Dallas trimmed mean","3m",1.012
"1963-08-01","Dallas trimmed mean","3m",0.479
"1963-09-01","Dallas trimmed mean","3m",0.359
"1963-10-01","Dallas trimmed mean","3m",0.751
"1963-11-01","Dallas trimmed mean","3m",0.776
"1963-12-01","Dallas trimmed mean","3m",0.82
"1964-01-01","Dallas trimmed mean","3m",0.596
"1964-02-01","Dallas trimmed mean","3m",0.749
"1964-03-01","Dallas trimmed mean","3m",0.562
"1964-04-01","Dallas trimmed mean","3m",0.258
"1964-05-01","Dallas trimmed mean","3m",0.025
"1964-06-01","Dallas trimmed mean","3m",0.092
"1964-07-01","Dallas trimmed mean","3m",0.074
"1964-08-01","Dallas trimmed mean","3m",0.239
"1964-09-01","Dallas trimmed mean","3m",0.234
"1964-10-01","Dallas trimmed mean","3m",0.282
"1964-11-01","Dallas trimmed mean","3m",0.302
"1964-12-01","Dallas trimmed mean","3m",0.456
"1965-01-01","Dallas trimmed mean","3m",0.777
"1965-02-01","Dallas trimmed mean","3m",0.522
"1965-03-01","Dallas trimmed mean","3m",0.439
"1965-04-01","Dallas trimmed mean","3m",0.446
"1965-05-01","Dallas trimmed mean","3m",0.815
"1965-06-01","Dallas trimmed mean","3m",1.08
"1965-07-01","Dallas trimmed mean","3m",0.893
"1965-08-01","Dallas trimmed mean","3m",0.894
"1965-09-01","Dallas trimmed mean","3m",0.923
"1965-10-01","Dallas trimmed mean","3m",1.026
"1965-11-01","Dallas trimmed mean","3m",1.181
"1965-12-01","Dallas trimmed mean","3m",1.489
"1966-01-01","Dallas trimmed mean","3m",1.772
"1966-02-01","Dallas trimmed mean","3m",1.961
"1966-03-01","Dallas trimmed mean","3m",1.66
"1966-04-01","Dallas trimmed mean","3m",2.166
"1966-05-01","Dallas trimmed mean","3m",1.916
"1966-06-01","Dallas trimmed mean","3m",2.141
"1966-07-01","Dallas trimmed mean","3m",1.698
"1966-08-01","Dallas trimmed mean","3m",1.782
"1966-09-01","Dallas trimmed mean","3m",2.259
"1966-10-01","Dallas trimmed mean","3m",2.749
"1966-11-01","Dallas trimmed mean","3m",2.733
"1966-12-01","Dallas trimmed mean","3m",2.222
"1967-01-01","Dallas trimmed mean","3m",1.698
"1967-02-01","Dallas trimmed mean","3m",1.954
"1967-03-01","Dallas trimmed mean","3m",1.604
"1967-04-01","Dallas trimmed mean","3m",1.511
"1967-05-01","Dallas trimmed mean","3m",1.206
"1967-06-01","Dallas trimmed mean","3m",1.876
"1967-07-01","Dallas trimmed mean","3m",2.16
"1967-08-01","Dallas trimmed mean","3m",2.459
"1967-09-01","Dallas trimmed mean","3m",2.902
"1967-10-01","Dallas trimmed mean","3m",3.162
"1967-11-01","Dallas trimmed mean","3m",3.313
"1967-12-01","Dallas trimmed mean","3m",2.757
"1968-01-01","Dallas trimmed mean","3m",3.044
"1968-02-01","Dallas trimmed mean","3m",3.335
"1968-03-01","Dallas trimmed mean","3m",3.346
"1968-04-01","Dallas trimmed mean","3m",3.188
"1968-05-01","Dallas trimmed mean","3m",3.408
"1968-06-01","Dallas trimmed mean","3m",3.745
"1968-07-01","Dallas trimmed mean","3m",3.39
"1968-08-01","Dallas trimmed mean","3m",3.448
"1968-09-01","Dallas trimmed mean","3m",3.735
"1968-10-01","Dallas trimmed mean","3m",4.334
"1968-11-01","Dallas trimmed mean","3m",4.176
"1968-12-01","Dallas trimmed mean","3m",3.965
"1969-01-01","Dallas trimmed mean","3m",3.744
"1969-02-01","Dallas trimmed mean","3m",3.255
"1969-03-01","Dallas trimmed mean","3m",3.518
"1969-04-01","Dallas trimmed mean","3m",3.765
"1969-05-01","Dallas trimmed mean","3m",4.291
"1969-06-01","Dallas trimmed mean","3m",4.199
"1969-07-01","Dallas trimmed mean","3m",4.438
"1969-08-01","Dallas trimmed mean","3m",3.983
"1969-09-01","Dallas trimmed mean","3m",4.107
"1969-10-01","Dallas trimmed mean","3m",3.791
"1969-11-01","Dallas trimmed mean","3m",4.405
"1969-12-01","Dallas trimmed mean","3m",4.373
"1970-01-01","Dallas trimmed mean","3m",4.219
"1970-02-01","Dallas trimmed mean","3m",4.095
"1970-03-01","Dallas trimmed mean","3m",4.107
"1970-04-01","Dallas trimmed mean","3m",4.403
"1970-05-01","Dallas trimmed mean","3m",4.051
"1970-06-01","Dallas trimmed mean","3m",3.667
"1970-07-01","Dallas trimmed mean","3m",3.524
"1970-08-01","Dallas trimmed mean","3m",3.745
"1970-09-01","Dallas trimmed mean","3m",4.201
"1970-10-01","Dallas trimmed mean","3m",4.421
"1970-11-01","Dallas trimmed mean","3m",4.651
"1970-12-01","Dallas trimmed mean","3m",4.991
"1971-01-01","Dallas trimmed mean","3m",4.586
"1971-02-01","Dallas trimmed mean","3m",3.985
"1971-03-01","Dallas trimmed mean","3m",2.949
"1971-04-01","Dallas trimmed mean","3m",2.957
"1971-05-01","Dallas trimmed mean","3m",3.575
"1971-06-01","Dallas trimmed mean","3m",4.197
"1971-07-01","Dallas trimmed mean","3m",4.079
"1971-08-01","Dallas trimmed mean","3m",3.835
"1971-09-01","Dallas trimmed mean","3m",3.331
"1971-10-01","Dallas trimmed mean","3m",2.568
"1971-11-01","Dallas trimmed mean","3m",1.932
"1971-12-01","Dallas trimmed mean","3m",1.993
"1972-01-01","Dallas trimmed mean","3m",2.748
"1972-02-01","Dallas trimmed mean","3m",3.171
"1972-03-01","Dallas trimmed mean","3m",3.075
"1972-04-01","Dallas trimmed mean","3m",2.443
"1972-05-01","Dallas trimmed mean","3m",2.045
"1972-06-01","Dallas trimmed mean","3m",1.745
"1972-07-01","Dallas trimmed mean","3m",2.311
"1972-08-01","Dallas trimmed mean","3m",2.611
"1972-09-01","Dallas trimmed mean","3m",3.168
"1972-10-01","Dallas trimmed mean","3m",2.807
"1972-11-01","Dallas trimmed mean","3m",2.903
"1972-12-01","Dallas trimmed mean","3m",2.864
"1973-01-01","Dallas trimmed mean","3m",3.017
"1973-02-01","Dallas trimmed mean","3m",3.355
"1973-03-01","Dallas trimmed mean","3m",3.679
"1973-04-01","Dallas trimmed mean","3m",4.925
"1973-05-01","Dallas trimmed mean","3m",5.028
"1973-06-01","Dallas trimmed mean","3m",4.77
"1973-07-01","Dallas trimmed mean","3m",3.469
"1973-08-01","Dallas trimmed mean","3m",3.662
"1973-09-01","Dallas trimmed mean","3m",3.665
"1973-10-01","Dallas trimmed mean","3m",4.477
"1973-11-01","Dallas trimmed mean","3m",4.457
"1973-12-01","Dallas trimmed mean","3m",5.245
"1974-01-01","Dallas trimmed mean","3m",5.5
"1974-02-01","Dallas trimmed mean","3m",6.26
"1974-03-01","Dallas trimmed mean","3m",6.995
"1974-04-01","Dallas trimmed mean","3m",7.576
"1974-05-01","Dallas trimmed mean","3m",8.395
"1974-06-01","Dallas trimmed mean","3m",8.752
"1974-07-01","Dallas trimmed mean","3m",8.891
"1974-08-01","Dallas trimmed mean","3m",9.149
"1974-09-01","Dallas trimmed mean","3m",9.216
"1974-10-01","Dallas trimmed mean","3m",9.574
"1974-11-01","Dallas trimmed mean","3m",8.476
"1974-12-01","Dallas trimmed mean","3m",7.8
"1975-01-01","Dallas trimmed mean","3m",7.372
"1975-02-01","Dallas trimmed mean","3m",7.051
"1975-03-01","Dallas trimmed mean","3m",5.877
"1975-04-01","Dallas trimmed mean","3m",5.085
"1975-05-01","Dallas trimmed mean","3m",4.31
"1975-06-01","Dallas trimmed mean","3m",4.546
"1975-07-01","Dallas trimmed mean","3m",4.829
"1975-08-01","Dallas trimmed mean","3m",5.16
"1975-09-01","Dallas trimmed mean","3m",5.762
"1975-10-01","Dallas trimmed mean","3m",6.342
"1975-11-01","Dallas trimmed mean","3m",6.679
"1975-12-01","Dallas trimmed mean","3m",6.369
"1976-01-01","Dallas trimmed mean","3m",5.523
"1976-02-01","Dallas trimmed mean","3m",5.115
"1976-03-01","Dallas trimmed mean","3m",4.569
"1976-04-01","Dallas trimmed mean","3m",4.084
"1976-05-01","Dallas trimmed mean","3m",4.393
"1976-06-01","Dallas trimmed mean","3m",4.719
"1976-07-01","Dallas trimmed mean","3m",5.218
"1976-08-01","Dallas trimmed mean","3m",5.477
"1976-09-01","Dallas trimmed mean","3m",5.759
"1976-10-01","Dallas trimmed mean","3m",6.104
"1976-11-01","Dallas trimmed mean","3m",5.831
"1976-12-01","Dallas trimmed mean","3m",5.523
"1977-01-01","Dallas trimmed mean","3m",5.701
"1977-02-01","Dallas trimmed mean","3m",6.252
"1977-03-01","Dallas trimmed mean","3m",6.848
"1977-04-01","Dallas trimmed mean","3m",6.261
"1977-05-01","Dallas trimmed mean","3m",5.815
"1977-06-01","Dallas trimmed mean","3m",5.649
"1977-07-01","Dallas trimmed mean","3m",5.879
"1977-08-01","Dallas trimmed mean","3m",5.949
"1977-09-01","Dallas trimmed mean","3m",5.572
"1977-10-01","Dallas trimmed mean","3m",5.217
"1977-11-01","Dallas trimmed mean","3m",5.415
"1977-12-01","Dallas trimmed mean","3m",5.633
"1978-01-01","Dallas trimmed mean","3m",5.643
"1978-02-01","Dallas trimmed mean","3m",5.279
"1978-03-01","Dallas trimmed mean","3m",5.467
"1978-04-01","Dallas trimmed mean","3m",6.183
"1978-05-01","Dallas trimmed mean","3m",6.949
"1978-06-01","Dallas trimmed mean","3m",6.992
"1978-07-01","Dallas trimmed mean","3m",6.916
"1978-08-01","Dallas trimmed mean","3m",6.571
"1978-09-01","Dallas trimmed mean","3m",6.777
"1978-10-01","Dallas trimmed mean","3m",7.503
"1978-11-01","Dallas trimmed mean","3m",7.88
"1978-12-01","Dallas trimmed mean","3m",7.612
"1979-01-01","Dallas trimmed mean","3m",7.506
"1979-02-01","Dallas trimmed mean","3m",7.457
"1979-03-01","Dallas trimmed mean","3m",7.603
"1979-04-01","Dallas trimmed mean","3m",7.032
"1979-05-01","Dallas trimmed mean","3m",7.515
"1979-06-01","Dallas trimmed mean","3m",7.61
"1979-07-01","Dallas trimmed mean","3m",7.996
"1979-08-01","Dallas trimmed mean","3m",7.895
"1979-09-01","Dallas trimmed mean","3m",8.376
"1979-10-01","Dallas trimmed mean","3m",9.103
"1979-11-01","Dallas trimmed mean","3m",8.645
"1979-12-01","Dallas trimmed mean","3m",8.537
"1980-01-01","Dallas trimmed mean","3m",8.531
"1980-02-01","Dallas trimmed mean","3m",9.409
"1980-03-01","Dallas trimmed mean","3m",9.88
"1980-04-01","Dallas trimmed mean","3m",8.616
"1980-05-01","Dallas trimmed mean","3m",8.201
"1980-06-01","Dallas trimmed mean","3m",7.98
"1980-07-01","Dallas trimmed mean","3m",8.12
"1980-08-01","Dallas trimmed mean","3m",7.996
"1980-09-01","Dallas trimmed mean","3m",8.293
"1980-10-01","Dallas trimmed mean","3m",9.005
"1980-11-01","Dallas trimmed mean","3m",8.962
"1980-12-01","Dallas trimmed mean","3m",8.505
"1981-01-01","Dallas trimmed mean","3m",8.691
"1981-02-01","Dallas trimmed mean","3m",9.199
"1981-03-01","Dallas trimmed mean","3m",8.838
"1981-04-01","Dallas trimmed mean","3m",8.206
"1981-05-01","Dallas trimmed mean","3m",7.123
"1981-06-01","Dallas trimmed mean","3m",6.663
"1981-07-01","Dallas trimmed mean","3m",6.512
"1981-08-01","Dallas trimmed mean","3m",6.847
"1981-09-01","Dallas trimmed mean","3m",7.371
"1981-10-01","Dallas trimmed mean","3m",7.174
"1981-11-01","Dallas trimmed mean","3m",6.66
"1981-12-01","Dallas trimmed mean","3m",5.874
"1982-01-01","Dallas trimmed mean","3m",5.604
"1982-02-01","Dallas trimmed mean","3m",5.141
"1982-03-01","Dallas trimmed mean","3m",5.214
"1982-04-01","Dallas trimmed mean","3m",4.512
"1982-05-01","Dallas trimmed mean","3m",4.918
"1982-06-01","Dallas trimmed mean","3m",4.975
"1982-07-01","Dallas trimmed mean","3m",6.254
"1982-08-01","Dallas trimmed mean","3m",5.689
"1982-09-01","Dallas trimmed mean","3m",4.961
"1982-10-01","Dallas trimmed mean","3m",4.397
"1982-11-01","Dallas trimmed mean","3m",3.902
"1982-12-01","Dallas trimmed mean","3m",3.775
"1983-01-01","Dallas trimmed mean","3m",3.865
"1983-02-01","Dallas trimmed mean","3m",4.233
"1983-03-01","Dallas trimmed mean","3m",4.07
"1983-04-01","Dallas trimmed mean","3m",3.773
"1983-05-01","Dallas trimmed mean","3m",3.516
"1983-06-01","Dallas trimmed mean","3m",3.827
"1983-07-01","Dallas trimmed mean","3m",3.485
"1983-08-01","Dallas trimmed mean","3m",3.515
"1983-09-01","Dallas trimmed mean","3m",3.775
"1983-10-01","Dallas trimmed mean","3m",3.397
"1983-11-01","Dallas trimmed mean","3m",3.695
"1983-12-01","Dallas trimmed mean","3m",3.189
"1984-01-01","Dallas trimmed mean","3m",3.938
"1984-02-01","Dallas trimmed mean","3m",4.09
"1984-03-01","Dallas trimmed mean","3m",4.641
"1984-04-01","Dallas trimmed mean","3m",4.544
"1984-05-01","Dallas trimmed mean","3m",3.757
"1984-06-01","Dallas trimmed mean","3m",3.55
"1984-07-01","Dallas trimmed mean","3m",3.639
"1984-08-01","Dallas trimmed mean","3m",4.272
"1984-09-01","Dallas trimmed mean","3m",4.384
"1984-10-01","Dallas trimmed mean","3m",3.899
"1984-11-01","Dallas trimmed mean","3m",3.232
"1984-12-01","Dallas trimmed mean","3m",3.23
"1985-01-01","Dallas trimmed mean","3m",3.136
"1985-02-01","Dallas trimmed mean","3m",4.292
"1985-03-01","Dallas trimmed mean","3m",4.363
"1985-04-01","Dallas trimmed mean","3m",4.109
"1985-05-01","Dallas trimmed mean","3m",3.278
"1985-06-01","Dallas trimmed mean","3m",3.296
"1985-07-01","Dallas trimmed mean","3m",3.307
"1985-08-01","Dallas trimmed mean","3m",3.545
"1985-09-01","Dallas trimmed mean","3m",3.307
"1985-10-01","Dallas trimmed mean","3m",3.431
"1985-11-01","Dallas trimmed mean","3m",3.388
"1985-12-01","Dallas trimmed mean","3m",3.564
"1986-01-01","Dallas trimmed mean","3m",4.144
"1986-02-01","Dallas trimmed mean","3m",3.845
"1986-03-01","Dallas trimmed mean","3m",3.165
"1986-04-01","Dallas trimmed mean","3m",2.682
"1986-05-01","Dallas trimmed mean","3m",2.494
"1986-06-01","Dallas trimmed mean","3m",3.208
"1986-07-01","Dallas trimmed mean","3m",3.114
"1986-08-01","Dallas trimmed mean","3m",3.367
"1986-09-01","Dallas trimmed mean","3m",3.285
"1986-10-01","Dallas trimmed mean","3m",3.6
"1986-11-01","Dallas trimmed mean","3m",3.63
"1986-12-01","Dallas trimmed mean","3m",3.41
"1987-01-01","Dallas trimmed mean","3m",3.778
"1987-02-01","Dallas trimmed mean","3m",3.817
"1987-03-01","Dallas trimmed mean","3m",4.133
"1987-04-01","Dallas trimmed mean","3m",4.143
"1987-05-01","Dallas trimmed mean","3m",4.197
"1987-06-01","Dallas trimmed mean","3m",3.912
"1987-07-01","Dallas trimmed mean","3m",3.147
"1987-08-01","Dallas trimmed mean","3m",3.537
"1987-09-01","Dallas trimmed mean","3m",3.615
"1987-10-01","Dallas trimmed mean","3m",4.05
"1987-11-01","Dallas trimmed mean","3m",3.536
"1987-12-01","Dallas trimmed mean","3m",3.059
"1988-01-01","Dallas trimmed mean","3m",3.284
"1988-02-01","Dallas trimmed mean","3m",3.269
"1988-03-01","Dallas trimmed mean","3m",3.857
"1988-04-01","Dallas trimmed mean","3m",3.796
"1988-05-01","Dallas trimmed mean","3m",3.86
"1988-06-01","Dallas trimmed mean","3m",4.108
"1988-07-01","Dallas trimmed mean","3m",4.285
"1988-08-01","Dallas trimmed mean","3m",4.583
"1988-09-01","Dallas trimmed mean","3m",4.852
"1988-10-01","Dallas trimmed mean","3m",4.335
"1988-11-01","Dallas trimmed mean","3m",4.169
"1988-12-01","Dallas trimmed mean","3m",3.611
"1989-01-01","Dallas trimmed mean","3m",4.246
"1989-02-01","Dallas trimmed mean","3m",4.428
"1989-03-01","Dallas trimmed mean","3m",4.478
"1989-04-01","Dallas trimmed mean","3m",4.175
"1989-05-01","Dallas trimmed mean","3m",4.197
"1989-06-01","Dallas trimmed mean","3m",3.992
"1989-07-01","Dallas trimmed mean","3m",3.825
"1989-08-01","Dallas trimmed mean","3m",3.472
"1989-09-01","Dallas trimmed mean","3m",3.569
"1989-10-01","Dallas trimmed mean","3m",3.982
"1989-11-01","Dallas trimmed mean","3m",4.067
"1989-12-01","Dallas trimmed mean","3m",4.219
"1990-01-01","Dallas trimmed mean","3m",3.842
"1990-02-01","Dallas trimmed mean","3m",3.961
"1990-03-01","Dallas trimmed mean","3m",4.515
"1990-04-01","Dallas trimmed mean","3m",4.469
"1990-05-01","Dallas trimmed mean","3m",4.241
"1990-06-01","Dallas trimmed mean","3m",4.005
"1990-07-01","Dallas trimmed mean","3m",4.084
"1990-08-01","Dallas trimmed mean","3m",4.818
"1990-09-01","Dallas trimmed mean","3m",4.311
"1990-10-01","Dallas trimmed mean","3m",4.19
"1990-11-01","Dallas trimmed mean","3m",3.063
"1990-12-01","Dallas trimmed mean","3m",3.074
"1991-01-01","Dallas trimmed mean","3m",3.166
"1991-02-01","Dallas trimmed mean","3m",3.407
"1991-03-01","Dallas trimmed mean","3m",2.933
"1991-04-01","Dallas trimmed mean","3m",2.548
"1991-05-01","Dallas trimmed mean","3m",3.029
"1991-06-01","Dallas trimmed mean","3m",3.092
"1991-07-01","Dallas trimmed mean","3m",2.977
"1991-08-01","Dallas trimmed mean","3m",2.594
"1991-09-01","Dallas trimmed mean","3m",2.924
"1991-10-01","Dallas trimmed mean","3m",3.056
"1991-11-01","Dallas trimmed mean","3m",3.275
"1991-12-01","Dallas trimmed mean","3m",3.481
"1992-01-01","Dallas trimmed mean","3m",3.365
"1992-02-01","Dallas trimmed mean","3m",3.115
"1992-03-01","Dallas trimmed mean","3m",2.867
"1992-04-01","Dallas trimmed mean","3m",2.7
"1992-05-01","Dallas trimmed mean","3m",2.632
"1992-06-01","Dallas trimmed mean","3m",2.331
"1992-07-01","Dallas trimmed mean","3m",2.51
"1992-08-01","Dallas trimmed mean","3m",2.347
"1992-09-01","Dallas trimmed mean","3m",2.147
"1992-10-01","Dallas trimmed mean","3m",2.379
"1992-11-01","Dallas trimmed mean","3m",2.732
"1992-12-01","Dallas trimmed mean","3m",3.041
"1993-01-01","Dallas trimmed mean","3m",2.796
"1993-02-01","Dallas trimmed mean","3m",2.642
"1993-03-01","Dallas trimmed mean","3m",2.567
"1993-04-01","Dallas trimmed mean","3m",2.737
"1993-05-01","Dallas trimmed mean","3m",2.906
"1993-06-01","Dallas trimmed mean","3m",2.745
"1993-07-01","Dallas trimmed mean","3m",2.478
"1993-08-01","Dallas trimmed mean","3m",2.055
"1993-09-01","Dallas trimmed mean","3m",2.097
"1993-10-01","Dallas trimmed mean","3m",2.224
"1993-11-01","Dallas trimmed mean","3m",2.364
"1993-12-01","Dallas trimmed mean","3m",2.42
"1994-01-01","Dallas trimmed mean","3m",2.236
"1994-02-01","Dallas trimmed mean","3m",2.355
"1994-03-01","Dallas trimmed mean","3m",2.606
"1994-04-01","Dallas trimmed mean","3m",2.532
"1994-05-01","Dallas trimmed mean","3m",2.551
"1994-06-01","Dallas trimmed mean","3m",2.403
"1994-07-01","Dallas trimmed mean","3m",2.579
"1994-08-01","Dallas trimmed mean","3m",2.23
"1994-09-01","Dallas trimmed mean","3m",1.976
"1994-10-01","Dallas trimmed mean","3m",1.862
"1994-11-01","Dallas trimmed mean","3m",2.125
"1994-12-01","Dallas trimmed mean","3m",2.125
"1995-01-01","Dallas trimmed mean","3m",2.551
"1995-02-01","Dallas trimmed mean","3m",2.331
"1995-03-01","Dallas trimmed mean","3m",2.564
"1995-04-01","Dallas trimmed mean","3m",2.283
"1995-05-01","Dallas trimmed mean","3m",2.368
"1995-06-01","Dallas trimmed mean","3m",2.149
"1995-07-01","Dallas trimmed mean","3m",1.96
"1995-08-01","Dallas trimmed mean","3m",2.032
"1995-09-01","Dallas trimmed mean","3m",2.123
"1995-10-01","Dallas trimmed mean","3m",2.513
"1995-11-01","Dallas trimmed mean","3m",2.46
"1995-12-01","Dallas trimmed mean","3m",2.556
"1996-01-01","Dallas trimmed mean","3m",2.341
"1996-02-01","Dallas trimmed mean","3m",2.267
"1996-03-01","Dallas trimmed mean","3m",2.331
"1996-04-01","Dallas trimmed mean","3m",2.15
"1996-05-01","Dallas trimmed mean","3m",2.309
"1996-06-01","Dallas trimmed mean","3m",2.207
"1996-07-01","Dallas trimmed mean","3m",2.338
"1996-08-01","Dallas trimmed mean","3m",2.287
"1996-09-01","Dallas trimmed mean","3m",2.412
"1996-10-01","Dallas trimmed mean","3m",2.554
"1996-11-01","Dallas trimmed mean","3m",2.678
"1996-12-01","Dallas trimmed mean","3m",2.502
"1997-01-01","Dallas trimmed mean","3m",2.295
"1997-02-01","Dallas trimmed mean","3m",2.059
"1997-03-01","Dallas trimmed mean","3m",2.048
"1997-04-01","Dallas trimmed mean","3m",2.036
"1997-05-01","Dallas trimmed mean","3m",1.901
"1997-06-01","Dallas trimmed mean","3m",1.923
"1997-07-01","Dallas trimmed mean","3m",1.643
"1997-08-01","Dallas trimmed mean","3m",1.624
"1997-09-01","Dallas trimmed mean","3m",1.736
"1997-10-01","Dallas trimmed mean","3m",1.612
"1997-11-01","Dallas trimmed mean","3m",1.659
"1997-12-01","Dallas trimmed mean","3m",1.27
"1998-01-01","Dallas trimmed mean","3m",1.388
"1998-02-01","Dallas trimmed mean","3m",1.288
"1998-03-01","Dallas trimmed mean","3m",1.676
"1998-04-01","Dallas trimmed mean","3m",1.857
"1998-05-01","Dallas trimmed mean","3m",2.187
"1998-06-01","Dallas trimmed mean","3m",1.803
"1998-07-01","Dallas trimmed mean","3m",1.829
"1998-08-01","Dallas trimmed mean","3m",1.73
"1998-09-01","Dallas trimmed mean","3m",1.947
"1998-10-01","Dallas trimmed mean","3m",1.966
"1998-11-01","Dallas trimmed mean","3m",1.9
"1998-12-01","Dallas trimmed mean","3m",1.794
"1999-01-01","Dallas trimmed mean","3m",1.719
"1999-02-01","Dallas trimmed mean","3m",1.377
"1999-03-01","Dallas trimmed mean","3m",1.338
"1999-04-01","Dallas trimmed mean","3m",1.563
"1999-05-01","Dallas trimmed mean","3m",1.914
"1999-06-01","Dallas trimmed mean","3m",1.913
"1999-07-01","Dallas trimmed mean","3m",1.889
"1999-08-01","Dallas trimmed mean","3m",1.793
"1999-09-01","Dallas trimmed mean","3m",2.079
"1999-10-01","Dallas trimmed mean","3m",1.932
"1999-11-01","Dallas trimmed mean","3m",2.183
"1999-12-01","Dallas trimmed mean","3m",2.021
"2000-01-01","Dallas trimmed mean","3m",2.49
"2000-02-01","Dallas trimmed mean","3m",2.481
"2000-03-01","Dallas trimmed mean","3m",2.798
"2000-04-01","Dallas trimmed mean","3m",2.263
"2000-05-01","Dallas trimmed mean","3m",2.257
"2000-06-01","Dallas trimmed mean","3m",2.026
"2000-07-01","Dallas trimmed mean","3m",2.417
"2000-08-01","Dallas trimmed mean","3m",2.28
"2000-09-01","Dallas trimmed mean","3m",2.613
"2000-10-01","Dallas trimmed mean","3m",2.486
"2000-11-01","Dallas trimmed mean","3m",2.699
"2000-12-01","Dallas trimmed mean","3m",2.45
"2001-01-01","Dallas trimmed mean","3m",2.722
"2001-02-01","Dallas trimmed mean","3m",2.78
"2001-03-01","Dallas trimmed mean","3m",2.839
"2001-04-01","Dallas trimmed mean","3m",2.738
"2001-05-01","Dallas trimmed mean","3m",2.583
"2001-06-01","Dallas trimmed mean","3m",2.78
"2001-07-01","Dallas trimmed mean","3m",2.527
"2001-08-01","Dallas trimmed mean","3m",2.601
"2001-09-01","Dallas trimmed mean","3m",2.226
"2001-10-01","Dallas trimmed mean","3m",2.202
"2001-11-01","Dallas trimmed mean","3m",2.161
"2001-12-01","Dallas trimmed mean","3m",1.978
"2002-01-01","Dallas trimmed mean","3m",1.827
"2002-02-01","Dallas trimmed mean","3m",1.831
"2002-03-01","Dallas trimmed mean","3m",2.133
"2002-04-01","Dallas trimmed mean","3m",2.325
"2002-05-01","Dallas trimmed mean","3m",2.147
"2002-06-01","Dallas trimmed mean","3m",2.015
"2002-07-01","Dallas trimmed mean","3m",2.089
"2002-08-01","Dallas trimmed mean","3m",2.175
"2002-09-01","Dallas trimmed mean","3m",2.419
"2002-10-01","Dallas trimmed mean","3m",2.333
"2002-11-01","Dallas trimmed mean","3m",2.343
"2002-12-01","Dallas trimmed mean","3m",2.099
"2003-01-01","Dallas trimmed mean","3m",1.967
"2003-02-01","Dallas trimmed mean","3m",1.869
"2003-03-01","Dallas trimmed mean","3m",1.965
"2003-04-01","Dallas trimmed mean","3m",1.591
"2003-05-01","Dallas trimmed mean","3m",1.548
"2003-06-01","Dallas trimmed mean","3m",1.182
"2003-07-01","Dallas trimmed mean","3m",1.886
"2003-08-01","Dallas trimmed mean","3m",2.059
"2003-09-01","Dallas trimmed mean","3m",2.306
"2003-10-01","Dallas trimmed mean","3m",2.081
"2003-11-01","Dallas trimmed mean","3m",1.99
"2003-12-01","Dallas trimmed mean","3m",1.885
"2004-01-01","Dallas trimmed mean","3m",2.038
"2004-02-01","Dallas trimmed mean","3m",2.269
"2004-03-01","Dallas trimmed mean","3m",2.492
"2004-04-01","Dallas trimmed mean","3m",2.685
"2004-05-01","Dallas trimmed mean","3m",2.696
"2004-06-01","Dallas trimmed mean","3m",2.795
"2004-07-01","Dallas trimmed mean","3m",2.421
"2004-08-01","Dallas trimmed mean","3m",2.13
"2004-09-01","Dallas trimmed mean","3m",1.89
"2004-10-01","Dallas trimmed mean","3m",1.949
"2004-11-01","Dallas trimmed mean","3m",2.14
"2004-12-01","Dallas trimmed mean","3m",2.167
"2005-01-01","Dallas trimmed mean","3m",2.556
"2005-02-01","Dallas trimmed mean","3m",2.727
"2005-03-01","Dallas trimmed mean","3m",2.82
"2005-04-01","Dallas trimmed mean","3m",2.381
"2005-05-01","Dallas trimmed mean","3m",2.156
"2005-06-01","Dallas trimmed mean","3m",2.025
"2005-07-01","Dallas trimmed mean","3m",2.213
"2005-08-01","Dallas trimmed mean","3m",2.108
"2005-09-01","Dallas trimmed mean","3m",2.627
"2005-10-01","Dallas trimmed mean","3m",2.702
"2005-11-01","Dallas trimmed mean","3m",2.992
"2005-12-01","Dallas trimmed mean","3m",2.406
"2006-01-01","Dallas trimmed mean","3m",2.418
"2006-02-01","Dallas trimmed mean","3m",2.197
"2006-03-01","Dallas trimmed mean","3m",2.649
"2006-04-01","Dallas trimmed mean","3m",2.682
"2006-05-01","Dallas trimmed mean","3m",3.278
"2006-06-01","Dallas trimmed mean","3m",3.533
"2006-07-01","Dallas trimmed mean","3m",3.522
"2006-08-01","Dallas trimmed mean","3m",3.18
"2006-09-01","Dallas trimmed mean","3m",2.716
"2006-10-01","Dallas trimmed mean","3m",2.456
"2006-11-01","Dallas trimmed mean","3m",1.892
"2006-12-01","Dallas trimmed mean","3m",2.084
"2007-01-01","Dallas trimmed mean","3m",2.441
"2007-02-01","Dallas trimmed mean","3m",3.205
"2007-03-01","Dallas trimmed mean","3m",2.959
"2007-04-01","Dallas trimmed mean","3m",2.533
"2007-05-01","Dallas trimmed mean","3m",2.056
"2007-06-01","Dallas trimmed mean","3m",2.149
"2007-07-01","Dallas trimmed mean","3m",2.143
"2007-08-01","Dallas trimmed mean","3m",2.188
"2007-09-01","Dallas trimmed mean","3m",2.461
"2007-10-01","Dallas trimmed mean","3m",2.852
"2007-11-01","Dallas trimmed mean","3m",3.297
"2007-12-01","Dallas trimmed mean","3m",3.059
"2008-01-01","Dallas trimmed mean","3m",2.834
"2008-02-01","Dallas trimmed mean","3m",2.354
"2008-03-01","Dallas trimmed mean","3m",2.344
"2008-04-01","Dallas trimmed mean","3m",2.3
"2008-05-01","Dallas trimmed mean","3m",2.392
"2008-06-01","Dallas trimmed mean","3m",2.602
"2008-07-01","Dallas trimmed mean","3m",2.924
"2008-08-01","Dallas trimmed mean","3m",2.721
"2008-09-01","Dallas trimmed mean","3m",2.394
"2008-10-01","Dallas trimmed mean","3m",1.875
"2008-11-01","Dallas trimmed mean","3m",2.099
"2008-12-01","Dallas trimmed mean","3m",1.661
"2009-01-01","Dallas trimmed mean","3m",2.051
"2009-02-01","Dallas trimmed mean","3m",1.921
"2009-03-01","Dallas trimmed mean","3m",2.234
"2009-04-01","Dallas trimmed mean","3m",1.743
"2009-05-01","Dallas trimmed mean","3m",1.603
"2009-06-01","Dallas trimmed mean","3m",1.522
"2009-07-01","Dallas trimmed mean","3m",1.085
"2009-08-01","Dallas trimmed mean","3m",1.082
"2009-09-01","Dallas trimmed mean","3m",0.789
"2009-10-01","Dallas trimmed mean","3m",1.388
"2009-11-01","Dallas trimmed mean","3m",1.176
"2009-12-01","Dallas trimmed mean","3m",1.215
"2010-01-01","Dallas trimmed mean","3m",0.8
"2010-02-01","Dallas trimmed mean","3m",0.692
"2010-03-01","Dallas trimmed mean","3m",0.675
"2010-04-01","Dallas trimmed mean","3m",0.703
"2010-05-01","Dallas trimmed mean","3m",0.767
"2010-06-01","Dallas trimmed mean","3m",0.794
"2010-07-01","Dallas trimmed mean","3m",0.762
"2010-08-01","Dallas trimmed mean","3m",0.997
"2010-09-01","Dallas trimmed mean","3m",1.152
"2010-10-01","Dallas trimmed mean","3m",1.147
"2010-11-01","Dallas trimmed mean","3m",1.133
"2010-12-01","Dallas trimmed mean","3m",1.083
"2011-01-01","Dallas trimmed mean","3m",1.564
"2011-02-01","Dallas trimmed mean","3m",1.911
"2011-03-01","Dallas trimmed mean","3m",2.312
"2011-04-01","Dallas trimmed mean","3m",2.376
"2011-05-01","Dallas trimmed mean","3m",2.334
"2011-06-01","Dallas trimmed mean","3m",2.05
"2011-07-01","Dallas trimmed mean","3m",1.831
"2011-08-01","Dallas trimmed mean","3m",1.896
"2011-09-01","Dallas trimmed mean","3m",2.042
"2011-10-01","Dallas trimmed mean","3m",2.08
"2011-11-01","Dallas trimmed mean","3m",1.929
"2011-12-01","Dallas trimmed mean","3m",1.989
"2012-01-01","Dallas trimmed mean","3m",2.211
"2012-02-01","Dallas trimmed mean","3m",2.058
"2012-03-01","Dallas trimmed mean","3m",2.055
"2012-04-01","Dallas trimmed mean","3m",1.85
"2012-05-01","Dallas trimmed mean","3m",1.884
"2012-06-01","Dallas trimmed mean","3m",1.531
"2012-07-01","Dallas trimmed mean","3m",1.355
"2012-08-01","Dallas trimmed mean","3m",1.41
"2012-09-01","Dallas trimmed mean","3m",1.691
"2012-10-01","Dallas trimmed mean","3m",1.76
"2012-11-01","Dallas trimmed mean","3m",1.501
"2012-12-01","Dallas trimmed mean","3m",1.277
"2013-01-01","Dallas trimmed mean","3m",1.45
"2013-02-01","Dallas trimmed mean","3m",1.802
"2013-03-01","Dallas trimmed mean","3m",1.873
"2013-04-01","Dallas trimmed mean","3m",1.212
"2013-05-01","Dallas trimmed mean","3m",0.984
"2013-06-01","Dallas trimmed mean","3m",1.276
"2013-07-01","Dallas trimmed mean","3m",1.836
"2013-08-01","Dallas trimmed mean","3m",1.917
"2013-09-01","Dallas trimmed mean","3m",1.746
"2013-10-01","Dallas trimmed mean","3m",1.763
"2013-11-01","Dallas trimmed mean","3m",1.86
"2013-12-01","Dallas trimmed mean","3m",1.81
"2014-01-01","Dallas trimmed mean","3m",1.761
"2014-02-01","Dallas trimmed mean","3m",1.538
"2014-03-01","Dallas trimmed mean","3m",1.537
"2014-04-01","Dallas trimmed mean","3m",1.583
"2014-05-01","Dallas trimmed mean","3m",1.812
"2014-06-01","Dallas trimmed mean","3m",1.868
"2014-07-01","Dallas trimmed mean","3m",1.863
"2014-08-01","Dallas trimmed mean","3m",1.568
"2014-09-01","Dallas trimmed mean","3m",1.563
"2014-10-01","Dallas trimmed mean","3m",1.392
"2014-11-01","Dallas trimmed mean","3m",1.583
"2014-12-01","Dallas trimmed mean","3m",1.462
"2015-01-01","Dallas trimmed mean","3m",1.096
"2015-02-01","Dallas trimmed mean","3m",1.226
"2015-03-01","Dallas trimmed mean","3m",1.284
"2015-04-01","Dallas trimmed mean","3m",1.983
"2015-05-01","Dallas trimmed mean","3m",1.799
"2015-06-01","Dallas trimmed mean","3m",1.869
"2015-07-01","Dallas trimmed mean","3m",1.703
"2015-08-01","Dallas trimmed mean","3m",1.58
"2015-09-01","Dallas trimmed mean","3m",1.592
"2015-10-01","Dallas trimmed mean","3m",1.289
"2015-11-01","Dallas trimmed mean","3m",1.358
"2015-12-01","Dallas trimmed mean","3m",1.078
"2016-01-01","Dallas trimmed mean","3m",1.349
"2016-02-01","Dallas trimmed mean","3m",1.529
"2016-03-01","Dallas trimmed mean","3m",1.887
"2016-04-01","Dallas trimmed mean","3m",2.101
"2016-05-01","Dallas trimmed mean","3m",2.231
"2016-06-01","Dallas trimmed mean","3m",2.078
"2016-07-01","Dallas trimmed mean","3m",1.9
"2016-08-01","Dallas trimmed mean","3m",1.67
"2016-09-01","Dallas trimmed mean","3m",1.863
"2016-10-01","Dallas trimmed mean","3m",1.911
"2016-11-01","Dallas trimmed mean","3m",1.835
"2016-12-01","Dallas trimmed mean","3m",1.663
"2017-01-01","Dallas trimmed mean","3m",1.789
"2017-02-01","Dallas trimmed mean","3m",1.802
"2017-03-01","Dallas trimmed mean","3m",1.683
"2017-04-01","Dallas trimmed mean","3m",1.45
"2017-05-01","Dallas trimmed mean","3m",1.349
"2017-06-01","Dallas trimmed mean","3m",1.518
"2017-07-01","Dallas trimmed mean","3m",1.338
"2017-08-01","Dallas trimmed mean","3m",1.557
"2017-09-01","Dallas trimmed mean","3m",1.543
"2017-10-01","Dallas trimmed mean","3m",1.911
"2017-11-01","Dallas trimmed mean","3m",1.879
"2017-12-01","Dallas trimmed mean","3m",1.979
"2018-01-01","Dallas trimmed mean","3m",2.223
"2018-02-01","Dallas trimmed mean","3m",2.32
"2018-03-01","Dallas trimmed mean","3m",2.161
"2018-04-01","Dallas trimmed mean","3m",1.699
"2018-05-01","Dallas trimmed mean","3m",1.743
"2018-06-01","Dallas trimmed mean","3m",1.897
"2018-07-01","Dallas trimmed mean","3m",1.988
"2018-08-01","Dallas trimmed mean","3m",1.838
"2018-09-01","Dallas trimmed mean","3m",1.85
"2018-10-01","Dallas trimmed mean","3m",1.983
"2018-11-01","Dallas trimmed mean","3m",2.24
"2018-12-01","Dallas trimmed mean","3m",2.146
"2019-01-01","Dallas trimmed mean","3m",1.954
"2019-02-01","Dallas trimmed mean","3m",2.038
"2019-03-01","Dallas trimmed mean","3m",2.116
"2019-04-01","Dallas trimmed mean","3m",2.563
"2019-05-01","Dallas trimmed mean","3m",2.025
"2019-06-01","Dallas trimmed mean","3m",1.849
"2019-07-01","Dallas trimmed mean","3m",1.578
"2019-08-01","Dallas trimmed mean","3m",1.846
"2019-09-01","Dallas trimmed mean","3m",1.754
"2019-10-01","Dallas trimmed mean","3m",1.757
"2019-11-01","Dallas trimmed mean","3m",1.677
"2019-12-01","Dallas trimmed mean","3m",1.826
"2020-01-01","Dallas trimmed mean","3m",1.937
"2020-02-01","Dallas trimmed mean","3m",2.204
"2020-03-01","Dallas trimmed mean","3m",2.145
"2020-04-01","Dallas trimmed mean","3m",1.857
"2020-05-01","Dallas trimmed mean","3m",1.746
"2020-06-01","Dallas trimmed mean","3m",1.843
"2020-07-01","Dallas trimmed mean","3m",2.159
"2020-08-01","Dallas trimmed mean","3m",2.177
"2020-09-01","Dallas trimmed mean","3m",1.98
"2020-10-01","Dallas trimmed mean","3m",1.657
"2020-11-01","Dallas trimmed mean","3m",1.236
"2020-12-01","Dallas trimmed mean","3m",1.342
"2021-01-01","Dallas trimmed mean","3m",1.414
"2021-02-01","Dallas trimmed mean","3m",1.991
"2021-03-01","Dallas trimmed mean","3m",2.208
"2021-04-01","Dallas trimmed mean","3m",2.468
"2021-05-01","Dallas trimmed mean","3m",2.427
"2021-06-01","Dallas trimmed mean","3m",2.494
"2021-07-01","Dallas trimmed mean","3m",2.719
"2021-08-01","Dallas trimmed mean","3m",2.841
"2021-09-01","Dallas trimmed mean","3m",3.387
"2021-10-01","Dallas trimmed mean","3m",3.83
"2021-11-01","Dallas trimmed mean","3m",4.119
"2021-12-01","Dallas trimmed mean","3m",4.308
"2022-01-01","Dallas trimmed mean","3m",4.922
"2022-02-01","Dallas trimmed mean","3m",5.277
"2022-03-01","Dallas trimmed mean","3m",4.82
"2022-04-01","Dallas trimmed mean","3m",3.727
"2022-05-01","Dallas trimmed mean","3m",3.867
"2022-06-01","Dallas trimmed mean","3m",5.335
"2022-07-01","Dallas trimmed mean","3m",5.774
"2022-08-01","Dallas trimmed mean","3m",5.861
"2022-09-01","Dallas trimmed mean","3m",4.563
"2022-10-01","Dallas trimmed mean","3m",4.775
"2022-11-01","Dallas trimmed mean","3m",4.026
"2022-12-01","Dallas trimmed mean","3m",4.121
"2023-01-01","Dallas trimmed mean","3m",4.018
"2023-02-01","Dallas trimmed mean","3m",4.413
"2023-03-01","Dallas trimmed mean","3m",4.419
"2023-04-01","Dallas trimmed mean","3m",4.218
"2023-05-01","Dallas trimmed mean","3m",4.002
"2023-06-01","Dallas trimmed mean","3m",3.496
"2023-07-01","Dallas trimmed mean","3m",3.06
"2023-08-01","Dallas trimmed mean","3m",2.63
"2023-09-01","Dallas trimmed mean","3m",2.751
"2023-10-01","Dallas trimmed mean","3m",2.83
"2023-11-01","Dallas trimmed mean","3m",2.776
"2023-12-01","Dallas trimmed mean","3m",2.499
"2024-01-01","Dallas trimmed mean","3m",3.22
"2024-02-01","Dallas trimmed mean","3m",3.435
"2024-03-01","Dallas trimmed mean","3m",3.814
"2024-04-01","Dallas trimmed mean","3m",2.956
"2024-05-01","Dallas trimmed mean","3m",2.841
"2024-06-01","Dallas trimmed mean","3m",2.554
"2024-07-01","Dallas trimmed mean","3m",2.311
"2024-08-01","Dallas trimmed mean","3m",2.159
"2024-09-01","Dallas trimmed mean","3m",2.432
"2024-10-01","Dallas trimmed mean","3m",2.894
"2024-11-01","Dallas trimmed mean","3m",3.062
"2024-12-01","Dallas trimmed mean","3m",3.037
"2025-01-01","Dallas trimmed mean","3m",2.776
"2025-02-01","Dallas trimmed mean","3m",2.873
"2025-03-01","Dallas trimmed mean","3m",2.823
"2025-04-01","Dallas trimmed mean","3m",3
"2025-05-01","Dallas trimmed mean","3m",2.764
"2025-06-01","Dallas trimmed mean","3m",2.974
"2025-07-01","Dallas trimmed mean","3m",2.574
"2025-08-01","Dallas trimmed mean","3m",2.803
"2025-09-01","Dallas trimmed mean","3m",2.303
"2025-10-01","Dallas trimmed mean","3m",2.249
"2025-11-01","Dallas trimmed mean","3m",1.877
"2025-12-01","Dallas trimmed mean","3m",2.019
"2026-01-01","Dallas trimmed mean","3m",2.206
"2026-02-01","Dallas trimmed mean","3m",2.262
"2026-03-01","Dallas trimmed mean","3m",2.342
"2026-04-01","Dallas trimmed mean","3m",2.562
"2026-05-01","Dallas trimmed mean","3m",2.871
"2026-06-01","Dallas trimmed mean","3m",2.518
"2026-07-01","Dallas trimmed mean","3m",2.162
"2026-08-01","Dallas trimmed mean","3m",1.889
"1960-02-01","Dallas trimmed mean","12m",1.159
"1960-03-01","Dallas trimmed mean","12m",1.124
"1960-04-01","Dallas trimmed mean","12m",1.072
"1960-05-01","Dallas trimmed mean","12m",1.031
"1960-06-01","Dallas trimmed mean","12m",0.865
"1960-07-01","Dallas trimmed mean","12m",0.896
"1960-08-01","Dallas trimmed mean","12m",0.875
"1960-09-01","Dallas trimmed mean","12m",0.793
"1960-10-01","Dallas trimmed mean","12m",0.704
"1960-11-01","Dallas trimmed mean","12m",0.779
"1960-12-01","Dallas trimmed mean","12m",0.749
"1961-01-01","Dallas trimmed mean","12m",0.731
"1961-02-01","Dallas trimmed mean","12m",0.695
"1961-03-01","Dallas trimmed mean","12m",0.673
"1961-04-01","Dallas trimmed mean","12m",0.562
"1961-05-01","Dallas trimmed mean","12m",0.53
"1961-06-01","Dallas trimmed mean","12m",0.544
"1961-07-01","Dallas trimmed mean","12m",0.493
"1961-08-01","Dallas trimmed mean","12m",0.451
"1961-09-01","Dallas trimmed mean","12m",0.453
"1961-10-01","Dallas trimmed mean","12m",0.426
"1961-11-01","Dallas trimmed mean","12m",0.34
"1961-12-01","Dallas trimmed mean","12m",0.283
"1962-01-01","Dallas trimmed mean","12m",0.464
"1962-02-01","Dallas trimmed mean","12m",0.529
"1962-03-01","Dallas trimmed mean","12m",0.664
"1962-04-01","Dallas trimmed mean","12m",0.592
"1962-05-01","Dallas trimmed mean","12m",0.629
"1962-06-01","Dallas trimmed mean","12m",0.649
"1962-07-01","Dallas trimmed mean","12m",0.583
"1962-08-01","Dallas trimmed mean","12m",0.643
"1962-09-01","Dallas trimmed mean","12m",0.675
"1962-10-01","Dallas trimmed mean","12m",0.634
"1962-11-01","Dallas trimmed mean","12m",0.62
"1962-12-01","Dallas trimmed mean","12m",0.618
"1963-01-01","Dallas trimmed mean","12m",0.577
"1963-02-01","Dallas trimmed mean","12m",0.532
"1963-03-01","Dallas trimmed mean","12m",0.402
"1963-04-01","Dallas trimmed mean","12m",0.429
"1963-05-01","Dallas trimmed mean","12m",0.546
"1963-06-01","Dallas trimmed mean","12m",0.551
"1963-07-01","Dallas trimmed mean","12m",0.57
"1963-08-01","Dallas trimmed mean","12m",0.522
"1963-09-01","Dallas trimmed mean","12m",0.448
"1963-10-01","Dallas trimmed mean","12m",0.635
"1963-11-01","Dallas trimmed mean","12m",0.645
"1963-12-01","Dallas trimmed mean","12m",0.682
"1964-01-01","Dallas trimmed mean","12m",0.629
"1964-02-01","Dallas trimmed mean","12m",0.656
"1964-03-01","Dallas trimmed mean","12m",0.646
"1964-04-01","Dallas trimmed mean","12m",0.654
"1964-05-01","Dallas trimmed mean","12m",0.507
"1964-06-01","Dallas trimmed mean","12m",0.458
"1964-07-01","Dallas trimmed mean","12m",0.419
"1964-08-01","Dallas trimmed mean","12m",0.447
"1964-09-01","Dallas trimmed mean","12m",0.426
"1964-10-01","Dallas trimmed mean","12m",0.302
"1964-11-01","Dallas trimmed mean","12m",0.328
"1964-12-01","Dallas trimmed mean","12m",0.336
"1965-01-01","Dallas trimmed mean","12m",0.347
"1965-02-01","Dallas trimmed mean","12m",0.272
"1965-03-01","Dallas trimmed mean","12m",0.305
"1965-04-01","Dallas trimmed mean","12m",0.394
"1965-05-01","Dallas trimmed mean","12m",0.469
"1965-06-01","Dallas trimmed mean","12m",0.552
"1965-07-01","Dallas trimmed mean","12m",0.599
"1965-08-01","Dallas trimmed mean","12m",0.633
"1965-09-01","Dallas trimmed mean","12m",0.724
"1965-10-01","Dallas trimmed mean","12m",0.785
"1965-11-01","Dallas trimmed mean","12m",0.853
"1965-12-01","Dallas trimmed mean","12m",0.982
"1966-01-01","Dallas trimmed mean","12m",1.033
"1966-02-01","Dallas trimmed mean","12m",1.212
"1966-03-01","Dallas trimmed mean","12m",1.288
"1966-04-01","Dallas trimmed mean","12m",1.463
"1966-05-01","Dallas trimmed mean","12m",1.487
"1966-06-01","Dallas trimmed mean","12m",1.552
"1966-07-01","Dallas trimmed mean","12m",1.665
"1966-08-01","Dallas trimmed mean","12m",1.71
"1966-09-01","Dallas trimmed mean","12m",1.887
"1966-10-01","Dallas trimmed mean","12m",2.096
"1966-11-01","Dallas trimmed mean","12m",2.098
"1966-12-01","Dallas trimmed mean","12m",2.07
"1967-01-01","Dallas trimmed mean","12m",2.077
"1967-02-01","Dallas trimmed mean","12m",2.096
"1967-03-01","Dallas trimmed mean","12m",2.056
"1967-04-01","Dallas trimmed mean","12m",1.913
"1967-05-01","Dallas trimmed mean","12m",1.917
"1967-06-01","Dallas trimmed mean","12m",1.99
"1967-07-01","Dallas trimmed mean","12m",2.028
"1967-08-01","Dallas trimmed mean","12m",2.086
"1967-09-01","Dallas trimmed mean","12m",2.15
"1967-10-01","Dallas trimmed mean","12m",2.131
"1967-11-01","Dallas trimmed mean","12m",2.23
"1967-12-01","Dallas trimmed mean","12m",2.283
"1968-01-01","Dallas trimmed mean","12m",2.467
"1968-02-01","Dallas trimmed mean","12m",2.574
"1968-03-01","Dallas trimmed mean","12m",2.719
"1968-04-01","Dallas trimmed mean","12m",2.888
"1968-05-01","Dallas trimmed mean","12m",3.128
"1968-06-01","Dallas trimmed mean","12m",3.187
"1968-07-01","Dallas trimmed mean","12m",3.196
"1968-08-01","Dallas trimmed mean","12m",3.376
"1968-09-01","Dallas trimmed mean","12m",3.395
"1968-10-01","Dallas trimmed mean","12m",3.488
"1968-11-01","Dallas trimmed mean","12m",3.591
"1968-12-01","Dallas trimmed mean","12m",3.698
"1969-01-01","Dallas trimmed mean","12m",3.663
"1969-02-01","Dallas trimmed mean","12m",3.571
"1969-03-01","Dallas trimmed mean","12m",3.741
"1969-04-01","Dallas trimmed mean","12m",3.808
"1969-05-01","Dallas trimmed mean","12m",3.791
"1969-06-01","Dallas trimmed mean","12m",3.854
"1969-07-01","Dallas trimmed mean","12m",4.07
"1969-08-01","Dallas trimmed mean","12m",3.925
"1969-09-01","Dallas trimmed mean","12m",3.947
"1969-10-01","Dallas trimmed mean","12m",3.934
"1969-11-01","Dallas trimmed mean","12m",3.983
"1969-12-01","Dallas trimmed mean","12m",4.049
"1970-01-01","Dallas trimmed mean","12m",4.053
"1970-02-01","Dallas trimmed mean","12m",4.194
"1970-03-01","Dallas trimmed mean","12m",4.196
"1970-04-01","Dallas trimmed mean","12m",4.212
"1970-05-01","Dallas trimmed mean","12m",4.133
"1970-06-01","Dallas trimmed mean","12m",4.063
"1970-07-01","Dallas trimmed mean","12m",3.984
"1970-08-01","Dallas trimmed mean","12m",4.074
"1970-09-01","Dallas trimmed mean","12m",4.086
"1970-10-01","Dallas trimmed mean","12m",4.141
"1970-11-01","Dallas trimmed mean","12m",4.135
"1970-12-01","Dallas trimmed mean","12m",4.24
"1971-01-01","Dallas trimmed mean","12m",4.233
"1971-02-01","Dallas trimmed mean","12m",4.107
"1971-03-01","Dallas trimmed mean","12m",3.949
"1971-04-01","Dallas trimmed mean","12m",3.87
"1971-05-01","Dallas trimmed mean","12m",3.988
"1971-06-01","Dallas trimmed mean","12m",4.082
"1971-07-01","Dallas trimmed mean","12m",4.009
"1971-08-01","Dallas trimmed mean","12m",4.011
"1971-09-01","Dallas trimmed mean","12m",3.864
"1971-10-01","Dallas trimmed mean","12m",3.544
"1971-11-01","Dallas trimmed mean","12m",3.328
"1971-12-01","Dallas trimmed mean","12m",3.115
"1972-01-01","Dallas trimmed mean","12m",3.086
"1972-02-01","Dallas trimmed mean","12m",3.126
"1972-03-01","Dallas trimmed mean","12m",3.146
"1972-04-01","Dallas trimmed mean","12m",2.958
"1972-05-01","Dallas trimmed mean","12m",2.743
"1972-06-01","Dallas trimmed mean","12m",2.534
"1972-07-01","Dallas trimmed mean","12m",2.517
"1972-08-01","Dallas trimmed mean","12m",2.438
"1972-09-01","Dallas trimmed mean","12m",2.493
"1972-10-01","Dallas trimmed mean","12m",2.577
"1972-11-01","Dallas trimmed mean","12m",2.681
"1972-12-01","Dallas trimmed mean","12m",2.711
"1973-01-01","Dallas trimmed mean","12m",2.644
"1973-02-01","Dallas trimmed mean","12m",2.727
"1973-03-01","Dallas trimmed mean","12m",2.862
"1973-04-01","Dallas trimmed mean","12m",3.26
"1973-05-01","Dallas trimmed mean","12m",3.47
"1973-06-01","Dallas trimmed mean","12m",3.618
"1973-07-01","Dallas trimmed mean","12m",3.551
"1973-08-01","Dallas trimmed mean","12m",3.734
"1973-09-01","Dallas trimmed mean","12m",3.742
"1973-10-01","Dallas trimmed mean","12m",3.969
"1973-11-01","Dallas trimmed mean","12m",4.123
"1973-12-01","Dallas trimmed mean","12m",4.337
"1974-01-01","Dallas trimmed mean","12m",4.59
"1974-02-01","Dallas trimmed mean","12m",4.847
"1974-03-01","Dallas trimmed mean","12m",5.162
"1974-04-01","Dallas trimmed mean","12m",5.245
"1974-05-01","Dallas trimmed mean","12m",5.678
"1974-06-01","Dallas trimmed mean","12m",6.147
"1974-07-01","Dallas trimmed mean","12m",6.597
"1974-08-01","Dallas trimmed mean","12m",7.049
"1974-09-01","Dallas trimmed mean","12m",7.541
"1974-10-01","Dallas trimmed mean","12m",7.874
"1974-11-01","Dallas trimmed mean","12m",8.064
"1974-12-01","Dallas trimmed mean","12m",8.187
"1975-01-01","Dallas trimmed mean","12m",8.35
"1975-02-01","Dallas trimmed mean","12m",8.265
"1975-03-01","Dallas trimmed mean","12m",7.903
"1975-04-01","Dallas trimmed mean","12m",7.717
"1975-05-01","Dallas trimmed mean","12m",7.23
"1975-06-01","Dallas trimmed mean","12m",6.845
"1975-07-01","Dallas trimmed mean","12m",6.698
"1975-08-01","Dallas trimmed mean","12m",6.237
"1975-09-01","Dallas trimmed mean","12m",5.99
"1975-10-01","Dallas trimmed mean","12m",5.902
"1975-11-01","Dallas trimmed mean","12m",5.794
"1975-12-01","Dallas trimmed mean","12m",5.636
"1976-01-01","Dallas trimmed mean","12m",5.443
"1976-02-01","Dallas trimmed mean","12m",5.313
"1976-03-01","Dallas trimmed mean","12m",5.308
"1976-04-01","Dallas trimmed mean","12m",5.191
"1976-05-01","Dallas trimmed mean","12m",5.334
"1976-06-01","Dallas trimmed mean","12m",5.352
"1976-07-01","Dallas trimmed mean","12m",5.289
"1976-08-01","Dallas trimmed mean","12m",5.413
"1976-09-01","Dallas trimmed mean","12m",5.351
"1976-10-01","Dallas trimmed mean","12m",5.23
"1976-11-01","Dallas trimmed mean","12m",5.203
"1976-12-01","Dallas trimmed mean","12m",5.141
"1977-01-01","Dallas trimmed mean","12m",5.274
"1977-02-01","Dallas trimmed mean","12m",5.486
"1977-03-01","Dallas trimmed mean","12m",5.71
"1977-04-01","Dallas trimmed mean","12m",5.82
"1977-05-01","Dallas trimmed mean","12m",5.843
"1977-06-01","Dallas trimmed mean","12m",5.944
"1977-07-01","Dallas trimmed mean","12m",5.986
"1977-08-01","Dallas trimmed mean","12m",5.961
"1977-09-01","Dallas trimmed mean","12m",5.897
"1977-10-01","Dallas trimmed mean","12m",5.764
"1977-11-01","Dallas trimmed mean","12m",5.857
"1977-12-01","Dallas trimmed mean","12m",5.924
"1978-01-01","Dallas trimmed mean","12m",5.749
"1978-02-01","Dallas trimmed mean","12m",5.614
"1978-03-01","Dallas trimmed mean","12m",5.58
"1978-04-01","Dallas trimmed mean","12m",5.73
"1978-05-01","Dallas trimmed mean","12m",5.896
"1978-06-01","Dallas trimmed mean","12m",5.914
"1978-07-01","Dallas trimmed mean","12m",5.988
"1978-08-01","Dallas trimmed mean","12m",6.051
"1978-09-01","Dallas trimmed mean","12m",6.215
"1978-10-01","Dallas trimmed mean","12m",6.559
"1978-11-01","Dallas trimmed mean","12m",6.666
"1978-12-01","Dallas trimmed mean","12m",6.709
"1979-01-01","Dallas trimmed mean","12m",7.026
"1979-02-01","Dallas trimmed mean","12m",7.213
"1979-03-01","Dallas trimmed mean","12m",7.245
"1979-04-01","Dallas trimmed mean","12m",7.239
"1979-05-01","Dallas trimmed mean","12m",7.355
"1979-06-01","Dallas trimmed mean","12m",7.4
"1979-07-01","Dallas trimmed mean","12m",7.509
"1979-08-01","Dallas trimmed mean","12m",7.687
"1979-09-01","Dallas trimmed mean","12m",7.8
"1979-10-01","Dallas trimmed mean","12m",7.907
"1979-11-01","Dallas trimmed mean","12m",7.877
"1979-12-01","Dallas trimmed mean","12m",8.031
"1980-01-01","Dallas trimmed mean","12m",8.163
"1980-02-01","Dallas trimmed mean","12m",8.364
"1980-03-01","Dallas trimmed mean","12m",8.598
"1980-04-01","Dallas trimmed mean","12m",8.561
"1980-05-01","Dallas trimmed mean","12m",8.536
"1980-06-01","Dallas trimmed mean","12m",8.691
"1980-07-01","Dallas trimmed mean","12m",8.592
"1980-08-01","Dallas trimmed mean","12m",8.561
"1980-09-01","Dallas trimmed mean","12m",8.67
"1980-10-01","Dallas trimmed mean","12m",8.567
"1980-11-01","Dallas trimmed mean","12m",8.64
"1980-12-01","Dallas trimmed mean","12m",8.662
"1981-01-01","Dallas trimmed mean","12m",8.607
"1981-02-01","Dallas trimmed mean","12m",8.588
"1981-03-01","Dallas trimmed mean","12m",8.403
"1981-04-01","Dallas trimmed mean","12m",8.505
"1981-05-01","Dallas trimmed mean","12m",8.317
"1981-06-01","Dallas trimmed mean","12m",8.071
"1981-07-01","Dallas trimmed mean","12m",8.099
"1981-08-01","Dallas trimmed mean","12m",8.028
"1981-09-01","Dallas trimmed mean","12m",7.841
"1981-10-01","Dallas trimmed mean","12m",7.642
"1981-11-01","Dallas trimmed mean","12m",7.453
"1981-12-01","Dallas trimmed mean","12m",7.181
"1982-01-01","Dallas trimmed mean","12m",6.87
"1982-02-01","Dallas trimmed mean","12m",6.44
"1982-03-01","Dallas trimmed mean","12m",6.278
"1982-04-01","Dallas trimmed mean","12m",5.946
"1982-05-01","Dallas trimmed mean","12m",5.888
"1982-06-01","Dallas trimmed mean","12m",5.855
"1982-07-01","Dallas trimmed mean","12m",5.882
"1982-08-01","Dallas trimmed mean","12m",5.6
"1982-09-01","Dallas trimmed mean","12m",5.255
"1982-10-01","Dallas trimmed mean","12m",5.189
"1982-11-01","Dallas trimmed mean","12m",4.911
"1982-12-01","Dallas trimmed mean","12m",4.73
"1983-01-01","Dallas trimmed mean","12m",4.753
"1983-02-01","Dallas trimmed mean","12m",4.683
"1983-03-01","Dallas trimmed mean","12m",4.444
"1983-04-01","Dallas trimmed mean","12m",4.568
"1983-05-01","Dallas trimmed mean","12m",4.332
"1983-06-01","Dallas trimmed mean","12m",4.157
"1983-07-01","Dallas trimmed mean","12m",3.88
"1983-08-01","Dallas trimmed mean","12m",3.791
"1983-09-01","Dallas trimmed mean","12m",3.862
"1983-10-01","Dallas trimmed mean","12m",3.63
"1983-11-01","Dallas trimmed mean","12m",3.739
"1983-12-01","Dallas trimmed mean","12m",3.715
"1984-01-01","Dallas trimmed mean","12m",3.648
"1984-02-01","Dallas trimmed mean","12m",3.704
"1984-03-01","Dallas trimmed mean","12m",3.857
"1984-04-01","Dallas trimmed mean","12m",3.84
"1984-05-01","Dallas trimmed mean","12m",3.764
"1984-06-01","Dallas trimmed mean","12m",3.787
"1984-07-01","Dallas trimmed mean","12m",3.879
"1984-08-01","Dallas trimmed mean","12m",3.953
"1984-09-01","Dallas trimmed mean","12m",3.939
"1984-10-01","Dallas trimmed mean","12m",4.005
"1984-11-01","Dallas trimmed mean","12m",3.837
"1984-12-01","Dallas trimmed mean","12m",3.95
"1985-01-01","Dallas trimmed mean","12m",3.803
"1985-02-01","Dallas trimmed mean","12m",3.887
"1985-03-01","Dallas trimmed mean","12m",3.88
"1985-04-01","Dallas trimmed mean","12m",3.695
"1985-05-01","Dallas trimmed mean","12m",3.767
"1985-06-01","Dallas trimmed mean","12m",3.817
"1985-07-01","Dallas trimmed mean","12m",3.612
"1985-08-01","Dallas trimmed mean","12m",3.586
"1985-09-01","Dallas trimmed mean","12m",3.548
"1985-10-01","Dallas trimmed mean","12m",3.495
"1985-11-01","Dallas trimmed mean","12m",3.625
"1985-12-01","Dallas trimmed mean","12m",3.632
"1986-01-01","Dallas trimmed mean","12m",3.747
"1986-02-01","Dallas trimmed mean","12m",3.514
"1986-03-01","Dallas trimmed mean","12m",3.333
"1986-04-01","Dallas trimmed mean","12m",3.39
"1986-05-01","Dallas trimmed mean","12m",3.317
"1986-06-01","Dallas trimmed mean","12m",3.311
"1986-07-01","Dallas trimmed mean","12m",3.341
"1986-08-01","Dallas trimmed mean","12m",3.272
"1986-09-01","Dallas trimmed mean","12m",3.305
"1986-10-01","Dallas trimmed mean","12m",3.384
"1986-11-01","Dallas trimmed mean","12m",3.332
"1986-12-01","Dallas trimmed mean","12m",3.267
"1987-01-01","Dallas trimmed mean","12m",3.293
"1987-02-01","Dallas trimmed mean","12m",3.326
"1987-03-01","Dallas trimmed mean","12m",3.508
"1987-04-01","Dallas trimmed mean","12m",3.658
"1987-05-01","Dallas trimmed mean","12m",3.752
"1987-06-01","Dallas trimmed mean","12m",3.685
"1987-07-01","Dallas trimmed mean","12m",3.666
"1987-08-01","Dallas trimmed mean","12m",3.795
"1987-09-01","Dallas trimmed mean","12m",3.767
"1987-10-01","Dallas trimmed mean","12m",3.779
"1987-11-01","Dallas trimmed mean","12m",3.771
"1987-12-01","Dallas trimmed mean","12m",3.679
"1988-01-01","Dallas trimmed mean","12m",3.655
"1988-02-01","Dallas trimmed mean","12m",3.634
"1988-03-01","Dallas trimmed mean","12m",3.611
"1988-04-01","Dallas trimmed mean","12m",3.568
"1988-05-01","Dallas trimmed mean","12m",3.551
"1988-06-01","Dallas trimmed mean","12m",3.659
"1988-07-01","Dallas trimmed mean","12m",3.853
"1988-08-01","Dallas trimmed mean","12m",3.811
"1988-09-01","Dallas trimmed mean","12m",3.967
"1988-10-01","Dallas trimmed mean","12m",3.924
"1988-11-01","Dallas trimmed mean","12m",3.969
"1988-12-01","Dallas trimmed mean","12m",4.106
"1989-01-01","Dallas trimmed mean","12m",4.165
"1989-02-01","Dallas trimmed mean","12m",4.26
"1989-03-01","Dallas trimmed mean","12m",4.262
"1989-04-01","Dallas trimmed mean","12m",4.26
"1989-05-01","Dallas trimmed mean","12m",4.344
"1989-06-01","Dallas trimmed mean","12m",4.232
"1989-07-01","Dallas trimmed mean","12m",4.145
"1989-08-01","Dallas trimmed mean","12m",4.066
"1989-09-01","Dallas trimmed mean","12m",3.912
"1989-10-01","Dallas trimmed mean","12m",4.057
"1989-11-01","Dallas trimmed mean","12m",4.04
"1989-12-01","Dallas trimmed mean","12m",4.064
"1990-01-01","Dallas trimmed mean","12m",3.956
"1990-02-01","Dallas trimmed mean","12m",3.924
"1990-03-01","Dallas trimmed mean","12m",4.073
"1990-04-01","Dallas trimmed mean","12m",4.029
"1990-05-01","Dallas trimmed mean","12m",3.935
"1990-06-01","Dallas trimmed mean","12m",4.076
"1990-07-01","Dallas trimmed mean","12m",4.094
"1990-08-01","Dallas trimmed mean","12m",4.271
"1990-09-01","Dallas trimmed mean","12m",4.262
"1990-10-01","Dallas trimmed mean","12m",4.146
"1990-11-01","Dallas trimmed mean","12m",4.019
"1990-12-01","Dallas trimmed mean","12m",3.975
"1991-01-01","Dallas trimmed mean","12m",3.976
"1991-02-01","Dallas trimmed mean","12m",3.88
"1991-03-01","Dallas trimmed mean","12m",3.579
"1991-04-01","Dallas trimmed mean","12m",3.495
"1991-05-01","Dallas trimmed mean","12m",3.577
"1991-06-01","Dallas trimmed mean","12m",3.351
"1991-07-01","Dallas trimmed mean","12m",3.218
"1991-08-01","Dallas trimmed mean","12m",3.023
"1991-09-01","Dallas trimmed mean","12m",3.006
"1991-10-01","Dallas trimmed mean","12m",2.936
"1991-11-01","Dallas trimmed mean","12m",3.076
"1991-12-01","Dallas trimmed mean","12m",3.107
"1992-01-01","Dallas trimmed mean","12m",2.986
"1992-02-01","Dallas trimmed mean","12m",3.003
"1992-03-01","Dallas trimmed mean","12m",3.091
"1992-04-01","Dallas trimmed mean","12m",3.024
"1992-05-01","Dallas trimmed mean","12m",2.904
"1992-06-01","Dallas trimmed mean","12m",2.9
"1992-07-01","Dallas trimmed mean","12m",2.907
"1992-08-01","Dallas trimmed mean","12m",2.842
"1992-09-01","Dallas trimmed mean","12m",2.705
"1992-10-01","Dallas trimmed mean","12m",2.738
"1992-11-01","Dallas trimmed mean","12m",2.706
"1992-12-01","Dallas trimmed mean","12m",2.596
"1993-01-01","Dallas trimmed mean","12m",2.596
"1993-02-01","Dallas trimmed mean","12m",2.588
"1993-03-01","Dallas trimmed mean","12m",2.521
"1993-04-01","Dallas trimmed mean","12m",2.605
"1993-05-01","Dallas trimmed mean","12m",2.656
"1993-06-01","Dallas trimmed mean","12m",2.625
"1993-07-01","Dallas trimmed mean","12m",2.597
"1993-08-01","Dallas trimmed mean","12m",2.583
"1993-09-01","Dallas trimmed mean","12m",2.612
"1993-10-01","Dallas trimmed mean","12m",2.558
"1993-11-01","Dallas trimmed mean","12m",2.491
"1993-12-01","Dallas trimmed mean","12m",2.457
"1994-01-01","Dallas trimmed mean","12m",2.418
"1994-02-01","Dallas trimmed mean","12m",2.419
"1994-03-01","Dallas trimmed mean","12m",2.467
"1994-04-01","Dallas trimmed mean","12m",2.367
"1994-05-01","Dallas trimmed mean","12m",2.331
"1994-06-01","Dallas trimmed mean","12m",2.381
"1994-07-01","Dallas trimmed mean","12m",2.392
"1994-08-01","Dallas trimmed mean","12m",2.375
"1994-09-01","Dallas trimmed mean","12m",2.351
"1994-10-01","Dallas trimmed mean","12m",2.302
"1994-11-01","Dallas trimmed mean","12m",2.315
"1994-12-01","Dallas trimmed mean","12m",2.277
"1995-01-01","Dallas trimmed mean","12m",2.381
"1995-02-01","Dallas trimmed mean","12m",2.309
"1995-03-01","Dallas trimmed mean","12m",2.267
"1995-04-01","Dallas trimmed mean","12m",2.318
"1995-05-01","Dallas trimmed mean","12m",2.263
"1995-06-01","Dallas trimmed mean","12m",2.203
"1995-07-01","Dallas trimmed mean","12m",2.164
"1995-08-01","Dallas trimmed mean","12m",2.214
"1995-09-01","Dallas trimmed mean","12m",2.24
"1995-10-01","Dallas trimmed mean","12m",2.326
"1995-11-01","Dallas trimmed mean","12m",2.298
"1995-12-01","Dallas trimmed mean","12m",2.348
"1996-01-01","Dallas trimmed mean","12m",2.274
"1996-02-01","Dallas trimmed mean","12m",2.282
"1996-03-01","Dallas trimmed mean","12m",2.29
"1996-04-01","Dallas trimmed mean","12m",2.241
"1996-05-01","Dallas trimmed mean","12m",2.267
"1996-06-01","Dallas trimmed mean","12m",2.304
"1996-07-01","Dallas trimmed mean","12m",2.335
"1996-08-01","Dallas trimmed mean","12m",2.331
"1996-09-01","Dallas trimmed mean","12m",2.377
"1996-10-01","Dallas trimmed mean","12m",2.346
"1996-11-01","Dallas trimmed mean","12m",2.385
"1996-12-01","Dallas trimmed mean","12m",2.363
"1997-01-01","Dallas trimmed mean","12m",2.334
"1997-02-01","Dallas trimmed mean","12m",2.333
"1997-03-01","Dallas trimmed mean","12m",2.292
"1997-04-01","Dallas trimmed mean","12m",2.306
"1997-05-01","Dallas trimmed mean","12m",2.231
"1997-06-01","Dallas trimmed mean","12m",2.221
"1997-07-01","Dallas trimmed mean","12m",2.131
"1997-08-01","Dallas trimmed mean","12m",2.065
"1997-09-01","Dallas trimmed mean","12m",2.052
"1997-10-01","Dallas trimmed mean","12m",1.896
"1997-11-01","Dallas trimmed mean","12m",1.811
"1997-12-01","Dallas trimmed mean","12m",1.744
"1998-01-01","Dallas trimmed mean","12m",1.67
"1998-02-01","Dallas trimmed mean","12m",1.618
"1998-03-01","Dallas trimmed mean","12m",1.651
"1998-04-01","Dallas trimmed mean","12m",1.625
"1998-05-01","Dallas trimmed mean","12m",1.689
"1998-06-01","Dallas trimmed mean","12m",1.621
"1998-07-01","Dallas trimmed mean","12m",1.672
"1998-08-01","Dallas trimmed mean","12m",1.715
"1998-09-01","Dallas trimmed mean","12m",1.674
"1998-10-01","Dallas trimmed mean","12m",1.76
"1998-11-01","Dallas trimmed mean","12m",1.776
"1998-12-01","Dallas trimmed mean","12m",1.805
"1999-01-01","Dallas trimmed mean","12m",1.843
"1999-02-01","Dallas trimmed mean","12m",1.798
"1999-03-01","Dallas trimmed mean","12m",1.72
"1999-04-01","Dallas trimmed mean","12m",1.769
"1999-05-01","Dallas trimmed mean","12m",1.73
"1999-06-01","Dallas trimmed mean","12m",1.748
"1999-07-01","Dallas trimmed mean","12m",1.784
"1999-08-01","Dallas trimmed mean","12m",1.746
"1999-09-01","Dallas trimmed mean","12m",1.781
"1999-10-01","Dallas trimmed mean","12m",1.776
"1999-11-01","Dallas trimmed mean","12m",1.816
"1999-12-01","Dallas trimmed mean","12m",1.837
"2000-01-01","Dallas trimmed mean","12m",1.968
"2000-02-01","Dallas trimmed mean","12m",2.092
"2000-03-01","Dallas trimmed mean","12m",2.202
"2000-04-01","Dallas trimmed mean","12m",2.143
"2000-05-01","Dallas trimmed mean","12m",2.178
"2000-06-01","Dallas trimmed mean","12m",2.23
"2000-07-01","Dallas trimmed mean","12m",2.275
"2000-08-01","Dallas trimmed mean","12m",2.3
"2000-09-01","Dallas trimmed mean","12m",2.364
"2000-10-01","Dallas trimmed mean","12m",2.414
"2000-11-01","Dallas trimmed mean","12m",2.429
"2000-12-01","Dallas trimmed mean","12m",2.472
"2001-01-01","Dallas trimmed mean","12m",2.472
"2001-02-01","Dallas trimmed mean","12m",2.504
"2001-03-01","Dallas trimmed mean","12m",2.482
"2001-04-01","Dallas trimmed mean","12m",2.591
"2001-05-01","Dallas trimmed mean","12m",2.585
"2001-06-01","Dallas trimmed mean","12m",2.67
"2001-07-01","Dallas trimmed mean","12m",2.618
"2001-08-01","Dallas trimmed mean","12m",2.666
"2001-09-01","Dallas trimmed mean","12m",2.573
"2001-10-01","Dallas trimmed mean","12m",2.547
"2001-11-01","Dallas trimmed mean","12m",2.531
"2001-12-01","Dallas trimmed mean","12m",2.455
"2002-01-01","Dallas trimmed mean","12m",2.323
"2002-02-01","Dallas trimmed mean","12m",2.293
"2002-03-01","Dallas trimmed mean","12m",2.279
"2002-04-01","Dallas trimmed mean","12m",2.22
"2002-05-01","Dallas trimmed mean","12m",2.185
"2002-06-01","Dallas trimmed mean","12m",2.088
"2002-07-01","Dallas trimmed mean","12m",2.111
"2002-08-01","Dallas trimmed mean","12m",2.078
"2002-09-01","Dallas trimmed mean","12m",2.136
"2002-10-01","Dallas trimmed mean","12m",2.143
"2002-11-01","Dallas trimmed mean","12m",2.124
"2002-12-01","Dallas trimmed mean","12m",2.166
"2003-01-01","Dallas trimmed mean","12m",2.178
"2003-02-01","Dallas trimmed mean","12m",2.133
"2003-03-01","Dallas trimmed mean","12m",2.124
"2003-04-01","Dallas trimmed mean","12m",1.994
"2003-05-01","Dallas trimmed mean","12m",1.983
"2003-06-01","Dallas trimmed mean","12m",1.915
"2003-07-01","Dallas trimmed mean","12m",1.944
"2003-08-01","Dallas trimmed mean","12m",1.954
"2003-09-01","Dallas trimmed mean","12m",1.887
"2003-10-01","Dallas trimmed mean","12m",1.881
"2003-11-01","Dallas trimmed mean","12m",1.866
"2003-12-01","Dallas trimmed mean","12m",1.834
"2004-01-01","Dallas trimmed mean","12m",1.899
"2004-02-01","Dallas trimmed mean","12m",1.966
"2004-03-01","Dallas trimmed mean","12m",1.965
"2004-04-01","Dallas trimmed mean","12m",2.172
"2004-05-01","Dallas trimmed mean","12m",2.253
"2004-06-01","Dallas trimmed mean","12m",2.369
"2004-07-01","Dallas trimmed mean","12m",2.306
"2004-08-01","Dallas trimmed mean","12m",2.271
"2004-09-01","Dallas trimmed mean","12m",2.265
"2004-10-01","Dallas trimmed mean","12m",2.273
"2004-11-01","Dallas trimmed mean","12m",2.308
"2004-12-01","Dallas trimmed mean","12m",2.336
"2005-01-01","Dallas trimmed mean","12m",2.402
"2005-02-01","Dallas trimmed mean","12m",2.423
"2005-03-01","Dallas trimmed mean","12m",2.417
"2005-04-01","Dallas trimmed mean","12m",2.326
"2005-05-01","Dallas trimmed mean","12m",2.288
"2005-06-01","Dallas trimmed mean","12m",2.225
"2005-07-01","Dallas trimmed mean","12m",2.275
"2005-08-01","Dallas trimmed mean","12m",2.282
"2005-09-01","Dallas trimmed mean","12m",2.409
"2005-10-01","Dallas trimmed mean","12m",2.463
"2005-11-01","Dallas trimmed mean","12m",2.495
"2005-12-01","Dallas trimmed mean","12m",2.469
"2006-01-01","Dallas trimmed mean","12m",2.428
"2006-02-01","Dallas trimmed mean","12m",2.363
"2006-03-01","Dallas trimmed mean","12m",2.427
"2006-04-01","Dallas trimmed mean","12m",2.504
"2006-05-01","Dallas trimmed mean","12m",2.642
"2006-06-01","Dallas trimmed mean","12m",2.803
"2006-07-01","Dallas trimmed mean","12m",2.83
"2006-08-01","Dallas trimmed mean","12m",2.911
"2006-09-01","Dallas trimmed mean","12m",2.825
"2006-10-01","Dallas trimmed mean","12m",2.769
"2006-11-01","Dallas trimmed mean","12m",2.635
"2006-12-01","Dallas trimmed mean","12m",2.744
"2007-01-01","Dallas trimmed mean","12m",2.775
"2007-02-01","Dallas trimmed mean","12m",2.887
"2007-03-01","Dallas trimmed mean","12m",2.822
"2007-04-01","Dallas trimmed mean","12m",2.737
"2007-05-01","Dallas trimmed mean","12m",2.582
"2007-06-01","Dallas trimmed mean","12m",2.476
"2007-07-01","Dallas trimmed mean","12m",2.393
"2007-08-01","Dallas trimmed mean","12m",2.334
"2007-09-01","Dallas trimmed mean","12m",2.413
"2007-10-01","Dallas trimmed mean","12m",2.492
"2007-11-01","Dallas trimmed mean","12m",2.685
"2007-12-01","Dallas trimmed mean","12m",2.656
"2008-01-01","Dallas trimmed mean","12m",2.59
"2008-02-01","Dallas trimmed mean","12m",2.473
"2008-03-01","Dallas trimmed mean","12m",2.503
"2008-04-01","Dallas trimmed mean","12m",2.532
"2008-05-01","Dallas trimmed mean","12m",2.557
"2008-06-01","Dallas trimmed mean","12m",2.616
"2008-07-01","Dallas trimmed mean","12m",2.727
"2008-08-01","Dallas trimmed mean","12m",2.69
"2008-09-01","Dallas trimmed mean","12m",2.599
"2008-10-01","Dallas trimmed mean","12m",2.482
"2008-11-01","Dallas trimmed mean","12m",2.391
"2008-12-01","Dallas trimmed mean","12m",2.249
"2009-01-01","Dallas trimmed mean","12m",2.287
"2009-02-01","Dallas trimmed mean","12m",2.283
"2009-03-01","Dallas trimmed mean","12m",2.222
"2009-04-01","Dallas trimmed mean","12m",2.147
"2009-05-01","Dallas trimmed mean","12m",2.085
"2009-06-01","Dallas trimmed mean","12m",1.952
"2009-07-01","Dallas trimmed mean","12m",1.688
"2009-08-01","Dallas trimmed mean","12m",1.675
"2009-09-01","Dallas trimmed mean","12m",1.55
"2009-10-01","Dallas trimmed mean","12m",1.566
"2009-11-01","Dallas trimmed mean","12m",1.445
"2009-12-01","Dallas trimmed mean","12m",1.439
"2010-01-01","Dallas trimmed mean","12m",1.254
"2010-02-01","Dallas trimmed mean","12m",1.138
"2010-03-01","Dallas trimmed mean","12m",1.05
"2010-04-01","Dallas trimmed mean","12m",0.994
"2010-05-01","Dallas trimmed mean","12m",0.929
"2010-06-01","Dallas trimmed mean","12m",0.868
"2010-07-01","Dallas trimmed mean","12m",0.913
"2010-08-01","Dallas trimmed mean","12m",0.908
"2010-09-01","Dallas trimmed mean","12m",0.959
"2010-10-01","Dallas trimmed mean","12m",0.853
"2010-11-01","Dallas trimmed mean","12m",0.897
"2010-12-01","Dallas trimmed mean","12m",0.926
"2011-01-01","Dallas trimmed mean","12m",1.043
"2011-02-01","Dallas trimmed mean","12m",1.201
"2011-03-01","Dallas trimmed mean","12m",1.334
"2011-04-01","Dallas trimmed mean","12m",1.46
"2011-05-01","Dallas trimmed mean","12m",1.592
"2011-06-01","Dallas trimmed mean","12m",1.648
"2011-07-01","Dallas trimmed mean","12m",1.728
"2011-08-01","Dallas trimmed mean","12m",1.817
"2011-09-01","Dallas trimmed mean","12m",1.871
"2011-10-01","Dallas trimmed mean","12m",1.962
"2011-11-01","Dallas trimmed mean","12m",2.017
"2011-12-01","Dallas trimmed mean","12m",2.098
"2012-01-01","Dallas trimmed mean","12m",2.124
"2012-02-01","Dallas trimmed mean","12m",2.054
"2012-03-01","Dallas trimmed mean","12m",2.034
"2012-04-01","Dallas trimmed mean","12m",1.993
"2012-05-01","Dallas trimmed mean","12m",1.941
"2012-06-01","Dallas trimmed mean","12m",1.904
"2012-07-01","Dallas trimmed mean","12m",1.874
"2012-08-01","Dallas trimmed mean","12m",1.82
"2012-09-01","Dallas trimmed mean","12m",1.817
"2012-10-01","Dallas trimmed mean","12m",1.794
"2012-11-01","Dallas trimmed mean","12m",1.712
"2012-12-01","Dallas trimmed mean","12m",1.638
"2013-01-01","Dallas trimmed mean","12m",1.604
"2013-02-01","Dallas trimmed mean","12m",1.649
"2013-03-01","Dallas trimmed mean","12m",1.593
"2013-04-01","Dallas trimmed mean","12m",1.444
"2013-05-01","Dallas trimmed mean","12m",1.424
"2013-06-01","Dallas trimmed mean","12m",1.529
"2013-07-01","Dallas trimmed mean","12m",1.564
"2013-08-01","Dallas trimmed mean","12m",1.55
"2013-09-01","Dallas trimmed mean","12m",1.543
"2013-10-01","Dallas trimmed mean","12m",1.565
"2013-11-01","Dallas trimmed mean","12m",1.64
"2013-12-01","Dallas trimmed mean","12m",1.676
"2014-01-01","Dallas trimmed mean","12m",1.643
"2014-02-01","Dallas trimmed mean","12m",1.574
"2014-03-01","Dallas trimmed mean","12m",1.592
"2014-04-01","Dallas trimmed mean","12m",1.736
"2014-05-01","Dallas trimmed mean","12m",1.782
"2014-06-01","Dallas trimmed mean","12m",1.74
"2014-07-01","Dallas trimmed mean","12m",1.742
"2014-08-01","Dallas trimmed mean","12m",1.694
"2014-09-01","Dallas trimmed mean","12m",1.694
"2014-10-01","Dallas trimmed mean","12m",1.649
"2014-11-01","Dallas trimmed mean","12m",1.625
"2014-12-01","Dallas trimmed mean","12m",1.607
"2015-01-01","Dallas trimmed mean","12m",1.483
"2015-02-01","Dallas trimmed mean","12m",1.547
"2015-03-01","Dallas trimmed mean","12m",1.544
"2015-04-01","Dallas trimmed mean","12m",1.583
"2015-05-01","Dallas trimmed mean","12m",1.544
"2015-06-01","Dallas trimmed mean","12m",1.544
"2015-07-01","Dallas trimmed mean","12m",1.543
"2015-08-01","Dallas trimmed mean","12m",1.547
"2015-09-01","Dallas trimmed mean","12m",1.551
"2015-10-01","Dallas trimmed mean","12m",1.517
"2015-11-01","Dallas trimmed mean","12m",1.491
"2015-12-01","Dallas trimmed mean","12m",1.455
"2016-01-01","Dallas trimmed mean","12m",1.581
"2016-02-01","Dallas trimmed mean","12m",1.566
"2016-03-01","Dallas trimmed mean","12m",1.606
"2016-04-01","Dallas trimmed mean","12m",1.61
"2016-05-01","Dallas trimmed mean","12m",1.674
"2016-06-01","Dallas trimmed mean","12m",1.658
"2016-07-01","Dallas trimmed mean","12m",1.659
"2016-08-01","Dallas trimmed mean","12m",1.696
"2016-09-01","Dallas trimmed mean","12m",1.726
"2016-10-01","Dallas trimmed mean","12m",1.815
"2016-11-01","Dallas trimmed mean","12m",1.816
"2016-12-01","Dallas trimmed mean","12m",1.873
"2017-01-01","Dallas trimmed mean","12m",1.925
"2017-02-01","Dallas trimmed mean","12m",1.884
"2017-03-01","Dallas trimmed mean","12m",1.821
"2017-04-01","Dallas trimmed mean","12m",1.762
"2017-05-01","Dallas trimmed mean","12m",1.664
"2017-06-01","Dallas trimmed mean","12m",1.681
"2017-07-01","Dallas trimmed mean","12m",1.622
"2017-08-01","Dallas trimmed mean","12m",1.636
"2017-09-01","Dallas trimmed mean","12m",1.601
"2017-10-01","Dallas trimmed mean","12m",1.622
"2017-11-01","Dallas trimmed mean","12m",1.647
"2017-12-01","Dallas trimmed mean","12m",1.68
"2018-01-01","Dallas trimmed mean","12m",1.73
"2018-02-01","Dallas trimmed mean","12m",1.776
"2018-03-01","Dallas trimmed mean","12m",1.8
"2018-04-01","Dallas trimmed mean","12m",1.792
"2018-05-01","Dallas trimmed mean","12m",1.874
"2018-06-01","Dallas trimmed mean","12m",1.895
"2018-07-01","Dallas trimmed mean","12m",1.955
"2018-08-01","Dallas trimmed mean","12m",1.945
"2018-09-01","Dallas trimmed mean","12m",1.972
"2018-10-01","Dallas trimmed mean","12m",1.973
"2018-11-01","Dallas trimmed mean","12m",2.035
"2018-12-01","Dallas trimmed mean","12m",2.013
"2019-01-01","Dallas trimmed mean","12m",1.906
"2019-02-01","Dallas trimmed mean","12m",1.965
"2019-03-01","Dallas trimmed mean","12m",2.002
"2019-04-01","Dallas trimmed mean","12m",2.122
"2019-05-01","Dallas trimmed mean","12m",2.035
"2019-06-01","Dallas trimmed mean","12m",1.99
"2019-07-01","Dallas trimmed mean","12m",2.019
"2019-08-01","Dallas trimmed mean","12m",2.037
"2019-09-01","Dallas trimmed mean","12m",1.966
"2019-10-01","Dallas trimmed mean","12m",1.962
"2019-11-01","Dallas trimmed mean","12m",1.896
"2019-12-01","Dallas trimmed mean","12m",1.886
"2020-01-01","Dallas trimmed mean","12m",1.958
"2020-02-01","Dallas trimmed mean","12m",1.938
"2020-03-01","Dallas trimmed mean","12m",1.893
"2020-04-01","Dallas trimmed mean","12m",1.782
"2020-05-01","Dallas trimmed mean","12m",1.868
"2020-06-01","Dallas trimmed mean","12m",1.892
"2020-07-01","Dallas trimmed mean","12m",1.927
"2020-08-01","Dallas trimmed mean","12m",1.951
"2020-09-01","Dallas trimmed mean","12m",1.948
"2020-10-01","Dallas trimmed mean","12m",1.902
"2020-11-01","Dallas trimmed mean","12m",1.84
"2020-12-01","Dallas trimmed mean","12m",1.827
"2021-01-01","Dallas trimmed mean","12m",1.771
"2021-02-01","Dallas trimmed mean","12m",1.787
"2021-03-01","Dallas trimmed mean","12m",1.843
"2021-04-01","Dallas trimmed mean","12m",1.924
"2021-05-01","Dallas trimmed mean","12m",1.957
"2021-06-01","Dallas trimmed mean","12m",2.005
"2021-07-01","Dallas trimmed mean","12m",2.063
"2021-08-01","Dallas trimmed mean","12m",2.122
"2021-09-01","Dallas trimmed mean","12m",2.355
"2021-10-01","Dallas trimmed mean","12m",2.604
"2021-11-01","Dallas trimmed mean","12m",2.842
"2021-12-01","Dallas trimmed mean","12m",3.096
"2022-01-01","Dallas trimmed mean","12m",3.48
"2022-02-01","Dallas trimmed mean","12m",3.66
"2022-03-01","Dallas trimmed mean","12m",3.749
"2022-04-01","Dallas trimmed mean","12m",3.797
"2022-05-01","Dallas trimmed mean","12m",4.023
"2022-06-01","Dallas trimmed mean","12m",4.46
"2022-07-01","Dallas trimmed mean","12m",4.56
"2022-08-01","Dallas trimmed mean","12m",4.778
"2022-09-01","Dallas trimmed mean","12m",4.756
"2022-10-01","Dallas trimmed mean","12m",4.797
"2022-11-01","Dallas trimmed mean","12m",4.754
"2022-12-01","Dallas trimmed mean","12m",4.709
"2023-01-01","Dallas trimmed mean","12m",4.571
"2023-02-01","Dallas trimmed mean","12m",4.539
"2023-03-01","Dallas trimmed mean","12m",4.609
"2023-04-01","Dallas trimmed mean","12m",4.694
"2023-05-01","Dallas trimmed mean","12m",4.573
"2023-06-01","Dallas trimmed mean","12m",4.149
"2023-07-01","Dallas trimmed mean","12m",4.016
"2023-08-01","Dallas trimmed mean","12m",3.766
"2023-09-01","Dallas trimmed mean","12m",3.695
"2023-10-01","Dallas trimmed mean","12m",3.53
"2023-11-01","Dallas trimmed mean","12m",3.452
"2023-12-01","Dallas trimmed mean","12m",3.289
"2024-01-01","Dallas trimmed mean","12m",3.331
"2024-02-01","Dallas trimmed mean","12m",3.209
"2024-03-01","Dallas trimmed mean","12m",3.139
"2024-04-01","Dallas trimmed mean","12m",3.016
"2024-05-01","Dallas trimmed mean","12m",2.92
"2024-06-01","Dallas trimmed mean","12m",2.903
"2024-07-01","Dallas trimmed mean","12m",2.829
"2024-08-01","Dallas trimmed mean","12m",2.802
"2024-09-01","Dallas trimmed mean","12m",2.823
"2024-10-01","Dallas trimmed mean","12m",2.845
"2024-11-01","Dallas trimmed mean","12m",2.873
"2024-12-01","Dallas trimmed mean","12m",2.958
"2025-01-01","Dallas trimmed mean","12m",2.734
"2025-02-01","Dallas trimmed mean","12m",2.733
"2025-03-01","Dallas trimmed mean","12m",2.711
"2025-04-01","Dallas trimmed mean","12m",2.745
"2025-05-01","Dallas trimmed mean","12m",2.714
"2025-06-01","Dallas trimmed mean","12m",2.816
"2025-07-01","Dallas trimmed mean","12m",2.811
"2025-08-01","Dallas trimmed mean","12m",2.876
"2025-09-01","Dallas trimmed mean","12m",2.784
"2025-10-01","Dallas trimmed mean","12m",2.649
"2025-11-01","Dallas trimmed mean","12m",2.578
"2025-12-01","Dallas trimmed mean","12m",2.529
"2026-01-01","Dallas trimmed mean","12m",2.507
"2026-02-01","Dallas trimmed mean","12m",2.426
"2026-03-01","Dallas trimmed mean","12m",2.409
"2026-04-01","Dallas trimmed mean","12m",2.397
"2026-05-01","Dallas trimmed mean","12m",2.452
"2026-06-01","Dallas trimmed mean","12m",2.295
"2026-07-01","Dallas trimmed mean","12m",2.295
"2026-08-01","Dallas trimmed mean","12m",2.224
