date,measure,value
1960-01-01,Headline PCE,1.6948034819308901
1960-01-01,Core PCE,2.0708341397329235
1960-02-01,Headline PCE,1.6997167138810028
1960-02-01,Core PCE,2.1852639721523985
1960-02-01,Cleveland median,0.7413407132657
1960-02-01,Dallas trimmed mean,1.1533450522366309
1960-03-01,Headline PCE,1.6920139574692286
1960-03-01,Core PCE,2.0732728092202706
1960-03-01,Cleveland median,0.7324073674544849
1960-03-01,Dallas trimmed mean,1.1590950691697088
1960-04-01,Headline PCE,1.8595177081279957
1960-04-01,Core PCE,2.0038535645471995
1960-04-01,Cleveland median,0.7324073674544849
1960-04-01,Dallas trimmed mean,1.1238521161237855
1960-05-01,Headline PCE,1.9110790044000794
1960-05-01,Core PCE,2.0463147090897422
1960-05-01,Cleveland median,0.702995453276543
1960-05-01,Dallas trimmed mean,1.0716888537543952
1960-06-01,Headline PCE,1.6632833475214426
1960-06-01,Core PCE,1.8036456667732637
1960-06-01,Cleveland median,0.6892561488002826
1960-06-01,Dallas trimmed mean,1.031241134182693
1960-07-01,Headline PCE,1.6336666013200016
1960-07-01,Core PCE,1.741960183767219
1960-07-01,Cleveland median,0.44337862600454514
1960-07-01,Dallas trimmed mean,0.86474670850167
1960-08-01,Headline PCE,1.6574225122349304
1960-08-01,Core PCE,1.7264445435433657
1960-08-01,Cleveland median,0.6043471716734103
1960-08-01,Dallas trimmed mean,0.8956161356422854
1960-09-01,Headline PCE,1.4513504718516117
1960-09-01,Core PCE,1.5440335493709654
1960-09-01,Cleveland median,0.611439976747576
1960-09-01,Dallas trimmed mean,0.875050922027043
1960-10-01,Headline PCE,1.3245033112582831
1960-10-01,Core PCE,1.4272121788772694
1960-10-01,Cleveland median,0.4345037699669234
1960-10-01,Dallas trimmed mean,0.7927173838575783
1960-11-01,Headline PCE,1.602647287827665
1960-11-01,Core PCE,1.5132328732430125
1960-11-01,Cleveland median,0.42293337450021795
1960-11-01,Dallas trimmed mean,0.704028959520457
1960-12-01,Headline PCE,1.5035644847699388
1960-12-01,Core PCE,1.327601466683518
1960-12-01,Cleveland median,0.45223112808608334
1960-12-01,Dallas trimmed mean,0.7793773428695516
1961-01-01,Headline PCE,1.5822579599247746
1961-01-01,Core PCE,1.3272658323852937
1961-01-01,Cleveland median,0.45632502125150154
1961-01-01,Dallas trimmed mean,0.7487823145559958
1961-02-01,Headline PCE,1.5676621105137087
1961-02-01,Core PCE,1.2364370426444395
1961-02-01,Cleveland median,0.45632502125150154
1961-02-01,Dallas trimmed mean,0.7314328203227802
1961-03-01,Headline PCE,1.450213647546292
1961-03-01,Core PCE,1.2615908660821304
1961-03-01,Cleveland median,0.45632502125150154
1961-03-01,Dallas trimmed mean,0.6949377132143866
1961-04-01,Headline PCE,1.025674106566882
1961-04-01,Core PCE,1.2152121899005124
1961-04-01,Cleveland median,0.45632502125150154
1961-04-01,Dallas trimmed mean,0.6732187025134948
1961-05-01,Headline PCE,0.9795076685139747
1961-05-01,Core PCE,1.1817953231078775
1961-05-01,Cleveland median,0.234668484950447
1961-05-01,Dallas trimmed mean,0.5621987653378682
1961-06-01,Headline PCE,0.9790660225442736
1961-06-01,Core PCE,1.2753659609222865
1961-06-01,Cleveland median,0.234668484950447
1961-06-01,Dallas trimmed mean,0.5296588841781045
1961-07-01,Headline PCE,1.0158811804796386
1961-07-01,Core PCE,1.2543116964565542
1961-07-01,Cleveland median,0.234668484950447
1961-07-01,Dallas trimmed mean,0.5439530328789317
1961-08-01,Headline PCE,0.9307400988510182
1961-08-01,Core PCE,1.2149298597194331
1961-08-01,Cleveland median,0.06805565679799486
1961-08-01,Dallas trimmed mean,0.49252367907783423
1961-09-01,Headline PCE,0.9879394405953406
1961-09-01,Core PCE,1.3328327388774142
1961-09-01,Cleveland median,0.06100115869034539
1961-09-01,Dallas trimmed mean,0.4511936209158307
1961-10-01,Headline PCE,0.8650519031141926
1961-10-01,Core PCE,1.3070669168230324
1961-10-01,Cleveland median,0.06499385500168842
1961-10-01,Dallas trimmed mean,0.45291584777997684
1961-11-01,Headline PCE,0.5300466185580177
1961-11-01,Core PCE,1.0540759683153453
1961-11-01,Cleveland median,0.06499385500168842
1961-11-01,Dallas trimmed mean,0.4261969067494533
1961-12-01,Headline PCE,0.5363299706295521
1961-12-01,Core PCE,1.1729473421512466
1961-12-01,Cleveland median,0.03900803864715385
1961-12-01,Dallas trimmed mean,0.33975210458754646
1962-01-01,Headline PCE,0.7085860197893368
1962-01-01,Core PCE,1.26621756487026
1962-01-01,Cleveland median,0.030392156463136644
1962-01-01,Dallas trimmed mean,0.28342905547629016
1962-02-01,Headline PCE,0.8865361311308106
1962-02-01,Core PCE,1.333499501495524
1962-02-01,Cleveland median,0.22592844824676206
1962-02-01,Dallas trimmed mean,0.4638424215698933
1962-03-01,Headline PCE,1.0784939374601095
1962-03-01,Core PCE,1.5386532112377864
1962-03-01,Cleveland median,0.24340920667495425
1962-03-01,Dallas trimmed mean,0.5289707525043355
1962-04-01,Headline PCE,1.251516505970244
1962-04-01,Core PCE,1.4183514774494625
1962-04-01,Cleveland median,0.4212523364519143
1962-04-01,Dallas trimmed mean,0.6636552411146965
1962-05-01,Headline PCE,1.2571793235481863
1962-05-01,Core PCE,1.4289264413518907
1962-05-01,Cleveland median,0.41363543321037355
1962-05-01,Dallas trimmed mean,0.5922875826035181
1962-06-01,Headline PCE,1.2757542897237926
1962-06-01,Core PCE,1.4640198511166318
1962-06-01,Cleveland median,0.41363543321037355
1962-06-01,Dallas trimmed mean,0.628573931350914
1962-07-01,Headline PCE,0.9992998536057627
1962-07-01,Core PCE,1.3936203158872758
1962-07-01,Cleveland median,0.41363543321037355
1962-07-01,Dallas trimmed mean,0.6491132726235378
1962-08-01,Headline PCE,1.0620707199185944
1962-08-01,Core PCE,1.2993441405766646
1962-08-01,Cleveland median,0.40252732058456786
1962-08-01,Dallas trimmed mean,0.5828976757338751
1962-09-01,Headline PCE,1.442002286875848
1962-09-01,Core PCE,1.2967765839199785
1962-09-01,Cleveland median,0.41099939275743225
1962-09-01,Dallas trimmed mean,0.6430960215799644
1962-10-01,Headline PCE,1.3468013468013424
1962-10-01,Core PCE,1.2593369961108465
1962-10-01,Cleveland median,0.40519116227710583
1962-10-01,Dallas trimmed mean,0.6753267289559233
1962-11-01,Headline PCE,1.4102401219667087
1962-11-01,Core PCE,1.3146525120355363
1962-11-01,Cleveland median,0.40519116227710583
1962-11-01,Dallas trimmed mean,0.6340751007163163
1962-12-01,Headline PCE,1.346373682204998
1962-12-01,Core PCE,1.2580167735569887
1962-12-01,Cleveland median,0.40198045649677283
1962-12-01,Dallas trimmed mean,0.6203910388267104
1963-01-01,Headline PCE,1.4008620689655231
1963-01-01,Core PCE,1.3304588851247274
1963-01-01,Cleveland median,0.40198045649677283
1963-01-01,Dallas trimmed mean,0.6181213497804521
1963-02-01,Headline PCE,1.2390947022379493
1963-02-01,Core PCE,1.2790554667322596
1963-02-01,Cleveland median,0.294970232993677
1963-02-01,Dallas trimmed mean,0.5767572991828729
1963-03-01,Headline PCE,1.022791842919375
1963-03-01,Core PCE,1.1042944785276063
1963-03-01,Cleveland median,0.28105259382907377
1963-03-01,Dallas trimmed mean,0.5318088254183664
1963-04-01,Headline PCE,0.901809926215563
1963-04-01,Core PCE,1.2083665583021457
1963-04-01,Cleveland median,0.10345775373623667
1963-04-01,Dallas trimmed mean,0.4024642246464083
1963-05-01,Headline PCE,1.0020797882397403
1963-05-01,Core PCE,1.249540610069829
1963-05-01,Cleveland median,0.10345775373623667
1963-05-01,Dallas trimmed mean,0.4294233801473979
1963-06-01,Headline PCE,1.1589091138124274
1963-06-01,Core PCE,1.2350207874785895
1963-06-01,Cleveland median,0.30593858223215875
1963-06-01,Dallas trimmed mean,0.545979411229851
1963-07-01,Headline PCE,1.4179480715906152
1963-07-01,Core PCE,1.2400733048258985
1963-07-01,Cleveland median,0.30593858223215875
1963-07-01,Dallas trimmed mean,0.5506537251559678
1963-08-01,Headline PCE,1.4096029198917677
1963-08-01,Core PCE,1.3193256779868108
1963-08-01,Cleveland median,0.30593858223215875
1963-08-01,Dallas trimmed mean,0.5695389308132661
1963-09-01,Headline PCE,0.895485002191748
1963-09-01,Core PCE,1.3045598634479347
1963-09-01,Cleveland median,0.2974753744543648
1963-09-01,Dallas trimmed mean,0.5216411593857089
1963-10-01,Headline PCE,1.1909985582649227
1963-10-01,Core PCE,1.536304334572975
1963-10-01,Cleveland median,0.2947103019383235
1963-10-01,Dallas trimmed mean,0.44835693040541
1963-11-01,Headline PCE,1.2653470308193562
1963-11-01,Core PCE,1.553457203777043
1963-11-01,Cleveland median,0.48741392881126444
1963-11-01,Dallas trimmed mean,0.6349459515692786
1963-12-01,Headline PCE,1.4538162677027344
1963-12-01,Core PCE,1.6686967113276268
1963-12-01,Cleveland median,0.48741392881126444
1963-12-01,Dallas trimmed mean,0.6448750071649272
1964-01-01,Headline PCE,1.4190160655122952
1964-01-01,Core PCE,1.61692298340526
1964-01-01,Cleveland median,0.49288978374717374
1964-01-01,Dallas trimmed mean,0.6818867230546317
1964-02-01,Headline PCE,1.4549768952167028
1964-02-01,Core PCE,1.69398907103826
1964-02-01,Cleveland median,0.4464460376458561
1964-02-01,Dallas trimmed mean,0.6288266052680882
1964-03-01,Headline PCE,1.5999000062496123
1964-03-01,Core PCE,1.7293689320388381
1964-03-01,Cleveland median,0.47516477766464504
1964-03-01,Dallas trimmed mean,0.6562046230901046
1964-04-01,Headline PCE,1.6812499999999915
1964-04-01,Core PCE,1.6969696969697026
1964-04-01,Cleveland median,0.47516477766464504
1964-04-01,Dallas trimmed mean,0.6460948047632087
1964-05-01,Headline PCE,1.5287657556470862
1964-05-01,Core PCE,1.5970961887477273
1964-05-01,Cleveland median,0.47516477766464504
1964-05-01,Dallas trimmed mean,0.6537559465943303
1964-06-01,Headline PCE,1.4507191333042755
1964-06-01,Core PCE,1.497765430607572
1964-06-01,Cleveland median,0.2723423436691945
1964-06-01,Dallas trimmed mean,0.5067280206300495
1964-07-01,Headline PCE,1.3794817622568871
1964-07-01,Core PCE,1.5084776443613066
1964-07-01,Cleveland median,0.2723423436691945
1964-07-01,Dallas trimmed mean,0.45773369381379325
1964-08-01,Headline PCE,1.3155445237356815
1964-08-01,Core PCE,1.5493127562092894
1964-08-01,Cleveland median,0.2723423436691945
1964-08-01,Dallas trimmed mean,0.4194384667341353
1964-09-01,Headline PCE,1.4895729890764784
1964-09-01,Core PCE,1.4081116861234904
1964-09-01,Cleveland median,0.2723423436691945
1964-09-01,Dallas trimmed mean,0.44660070960746623
1964-10-01,Headline PCE,1.356625162609177
1964-10-01,Core PCE,1.2248574001801273
1964-10-01,Cleveland median,0.2723423436691945
1964-10-01,Dallas trimmed mean,0.42643527832397865
1964-11-01,Headline PCE,1.3546950389706751
1964-11-01,Core PCE,1.2777444511097542
1964-11-01,Cleveland median,0.08005115724898815
1964-11-01,Dallas trimmed mean,0.3022071900016954
1964-12-01,Headline PCE,1.3526868437306945
1964-12-01,Core PCE,1.275907511680856
1964-12-01,Cleveland median,0.08475383568597294
1964-12-01,Dallas trimmed mean,0.32833201930391454
1965-01-01,Headline PCE,1.2512327416173576
1965-01-01,Core PCE,1.2741520607764585
1965-01-01,Cleveland median,0.0838685909176462
1965-01-01,Dallas trimmed mean,0.3358839369710438
1965-02-01,Headline PCE,1.1509817197021164
1965-02-01,Core PCE,1.2000716460684373
1965-02-01,Cleveland median,0.13662082960266275
1965-02-01,Dallas trimmed mean,0.3473814583242216
1965-03-01,Headline PCE,1.21793688872485
1965-03-01,Core PCE,1.163137488815977
1965-03-01,Cleveland median,0.10643868834516468
1965-03-01,Dallas trimmed mean,0.2716933253011007
1965-04-01,Headline PCE,1.3030917696232223
1965-04-01,Core PCE,1.1918951132300322
1965-04-01,Cleveland median,0.10643868834516468
1965-04-01,Dallas trimmed mean,0.3052658906069752
1965-05-01,Headline PCE,1.5180382275213447
1965-05-01,Core PCE,1.2921281410027206
1965-05-01,Cleveland median,0.15885729742399235
1965-05-01,Dallas trimmed mean,0.39430309782876805
1965-06-01,Headline PCE,1.6693261323186306
1965-06-01,Core PCE,1.1960014280613933
1965-06-01,Cleveland median,0.1673720349312191
1965-06-01,Dallas trimmed mean,0.4690768446024265
1965-07-01,Headline PCE,1.6120134845234162
1965-07-01,Core PCE,1.1947928431314239
1965-07-01,Cleveland median,0.17664335777784856
1965-07-01,Dallas trimmed mean,0.5518714787368566
1965-08-01,Headline PCE,1.5618300973846857
1965-08-01,Core PCE,1.2525972098545708
1965-08-01,Cleveland median,0.17664335777784856
1965-08-01,Dallas trimmed mean,0.5989706078006947
1965-09-01,Headline PCE,1.455479452054803
1965-09-01,Core PCE,1.3292190837882742
1965-09-01,Cleveland median,0.1930805787734471
1965-09-01,Dallas trimmed mean,0.6329124537634243
1965-10-01,Headline PCE,1.4240312920180855
1965-10-01,Core PCE,1.2515570318524283
1965-10-01,Cleveland median,0.19590236266337513
1965-10-01,Dallas trimmed mean,0.7242333490269601
1965-11-01,Headline PCE,1.4525480622520632
1965-11-01,Core PCE,1.2971628265118937
1965-11-01,Cleveland median,0.19823456094003689
1965-11-01,Dallas trimmed mean,0.7852653783613874
1965-12-01,Headline PCE,1.6698153452373816
1965-12-01,Core PCE,1.460933341219615
1965-12-01,Cleveland median,0.37500153055620444
1965-12-01,Dallas trimmed mean,0.8527683028232644
1966-01-01,Headline PCE,1.6801607110245271
1966-01-01,Core PCE,1.3526284701712825
1966-01-01,Cleveland median,0.6017096517229277
1966-01-01,Dallas trimmed mean,0.9821028587681582
1966-02-01,Headline PCE,2.0567116952658893
1966-02-01,Core PCE,1.48082595870207
1966-02-01,Cleveland median,0.7038560535990541
1966-02-01,Dallas trimmed mean,1.0331404437933713
1966-03-01,Headline PCE,2.1756305074445663
1966-03-01,Core PCE,1.550707547169793
1966-03-01,Cleveland median,0.9278038398659731
1966-03-01,Dallas trimmed mean,1.2119141246219982
1966-04-01,Headline PCE,2.3663612644863434
1966-04-01,Core PCE,1.7962308598350916
1966-04-01,Cleveland median,0.930640563884026
1966-04-01,Dallas trimmed mean,1.2875868812758426
1966-05-01,Headline PCE,2.264196633975061
1966-05-01,Core PCE,1.8811357357004397
1966-05-01,Cleveland median,1.22881949295504
1966-05-01,Dallas trimmed mean,1.4630492508592994
1966-06-01,Headline PCE,2.2214173608596184
1966-06-01,Core PCE,2.234374081260654
1966-06-01,Cleveland median,1.3304401771439274
1966-06-01,Dallas trimmed mean,1.4872717779468587
1966-07-01,Headline PCE,2.3464832911086972
1966-07-01,Core PCE,2.4318609022556217
1966-07-01,Cleveland median,1.5271896243808385
1966-07-01,Dallas trimmed mean,1.5524932403644414
1966-08-01,Headline PCE,2.7137860330478816
1966-08-01,Core PCE,2.4272983114446305
1966-08-01,Cleveland median,1.7452030807926064
1966-08-01,Dallas trimmed mean,1.6649234786100209
1966-09-01,Headline PCE,2.9897528631705796
1966-09-01,Core PCE,2.6235652377606016
1966-09-01,Cleveland median,1.9229951616640335
1966-09-01,Dallas trimmed mean,1.7098194361882406
1966-10-01,Headline PCE,3.2298885206387524
1966-10-01,Core PCE,2.993555946104266
1966-10-01,Cleveland median,2.265406606266353
1966-10-01,Dallas trimmed mean,1.8869728862254647
1966-11-01,Headline PCE,3.2064007700174386
1966-11-01,Core PCE,3.058121857092729
1966-11-01,Cleveland median,2.6083001241261172
1966-11-01,Dallas trimmed mean,2.0955020262120883
1966-12-01,Headline PCE,3.051010010190012
1966-12-01,Core PCE,3.0605106680657457
1966-12-01,Cleveland median,2.5953653348084345
1966-12-01,Dallas trimmed mean,2.097563232407353
1967-01-01,Headline PCE,2.9336047416631743
1967-01-01,Core PCE,3.1237251588087815
1967-01-01,Cleveland median,2.581909601966643
1967-01-01,Dallas trimmed mean,2.070488231927854
1967-02-01,Headline PCE,2.629382303839762
1967-02-01,Core PCE,3.0579617464100863
1967-02-01,Cleveland median,2.621198456702018
1967-02-01,Dallas trimmed mean,2.076970476376559
1967-03-01,Headline PCE,2.432641408433952
1967-03-01,Core PCE,3.083086570283939
1967-03-01,Cleveland median,2.6608619447365385
1967-03-01,Dallas trimmed mean,2.0957692997561423
1967-04-01,Headline PCE,2.25238575069649
1967-04-01,Core PCE,2.996818050332678
1967-04-01,Cleveland median,2.6625195830713153
1967-04-01,Dallas trimmed mean,2.056254654171383
1967-05-01,Headline PCE,2.3206251479990385
1967-05-01,Core PCE,2.9484738330159814
1967-05-01,Cleveland median,2.5171685694569845
1967-05-01,Dallas trimmed mean,1.9128732598639573
1967-06-01,Headline PCE,2.391638124483265
1967-06-01,Core PCE,2.875711738655312
1967-06-01,Cleveland median,2.6010678790080846
1967-06-01,Dallas trimmed mean,1.9174824485278492
1967-07-01,Headline PCE,2.5402251429245126
1967-07-01,Core PCE,2.924647321940597
1967-07-01,Cleveland median,2.689919814512294
1967-07-01,Dallas trimmed mean,1.9899572421949472
1967-08-01,Headline PCE,2.465946453734148
1967-08-01,Core PCE,3.050944476244993
1967-08-01,Cleveland median,2.747688949029083
1967-08-01,Dallas trimmed mean,2.0283488330568105
1967-09-01,Headline PCE,2.4523001287603847
1967-09-01,Core PCE,3.098607623830162
1967-09-01,Cleveland median,2.793799037484291
1967-09-01,Dallas trimmed mean,2.086437897487926
1967-10-01,Headline PCE,2.4692078687758965
1967-10-01,Core PCE,3.145441101188794
1967-10-01,Cleveland median,2.7867904319802506
1967-10-01,Dallas trimmed mean,2.1497494821448413
1967-11-01,Headline PCE,2.6579622289577998
1967-11-01,Core PCE,3.2170212765957586
1967-11-01,Cleveland median,2.7617826864315305
1967-11-01,Dallas trimmed mean,2.1308637423522754
1967-12-01,Headline PCE,2.6058631921824116
1967-12-01,Core PCE,3.1562871203122427
1967-12-01,Cleveland median,2.8537363777525258
1967-12-01,Dallas trimmed mean,2.2301196794954024
1968-01-01,Headline PCE,3.076833595067768
1968-01-01,Core PCE,3.5207685786945433
1968-01-01,Cleveland median,2.8958337606572115
1968-01-01,Dallas trimmed mean,2.2831360609999223
1968-02-01,Headline PCE,3.3753558357055624
1968-02-01,Core PCE,3.7795453263383507
1968-02-01,Cleveland median,3.030678291135388
1968-02-01,Dallas trimmed mean,2.4671765093213054
1968-03-01,Headline PCE,3.6581117175705344
1968-03-01,Core PCE,4.032893995719263
1968-03-01,Cleveland median,3.1431741728125075
1968-03-01,Dallas trimmed mean,2.574432486156695
1968-04-01,Headline PCE,3.808474871021957
1968-04-01,Core PCE,4.128517665561972
1968-04-01,Cleveland median,3.40189771773656
1968-04-01,Dallas trimmed mean,2.7188166698632443
1968-05-01,Headline PCE,3.992131451052998
1968-05-01,Core PCE,4.29324066808654
1968-05-01,Cleveland median,3.5530860707403917
1968-05-01,Dallas trimmed mean,2.887810822466548
1968-06-01,Headline PCE,3.996770286637073
1968-06-01,Core PCE,4.43897802873596
1968-06-01,Cleveland median,3.744104072393384
1968-06-01,Dallas trimmed mean,3.1278767543620773
1968-07-01,Headline PCE,3.960225313254398
1968-07-01,Core PCE,4.429462892801411
1968-07-01,Cleveland median,3.8232230178640663
1968-07-01,Dallas trimmed mean,3.1867506906550602
1968-08-01,Headline PCE,4.062571625028653
1968-08-01,Core PCE,4.5159140143309315
1968-08-01,Cleveland median,3.814913155293141
1968-08-01,Dallas trimmed mean,3.1961233694917723
1968-09-01,Headline PCE,4.107397886318196
1968-09-01,Core PCE,4.566336414457297
1968-09-01,Cleveland median,3.940636461614801
1968-09-01,Dallas trimmed mean,3.3759832754114
1968-10-01,Headline PCE,4.272530477384066
1968-10-01,Core PCE,4.604610124627783
1968-10-01,Cleveland median,3.9755841322896686
1968-10-01,Dallas trimmed mean,3.395125531409974
1968-11-01,Headline PCE,4.281171928230762
1968-11-01,Core PCE,4.666886543535625
1968-11-01,Cleveland median,4.035971584600034
1968-11-01,Dallas trimmed mean,3.487774550227968
1968-12-01,Headline PCE,4.33106575963717
1968-12-01,Core PCE,4.721171245270611
1968-12-01,Cleveland median,4.160419084164644
1968-12-01,Dallas trimmed mean,3.5911992785872826
1969-01-01,Headline PCE,4.254598803746745
1969-01-01,Core PCE,4.651162790697683
1969-01-01,Cleveland median,4.271722115837392
1969-01-01,Dallas trimmed mean,3.6975864560137666
1969-02-01,Headline PCE,4.096886590985733
1969-02-01,Core PCE,4.560526172745554
1969-02-01,Cleveland median,4.266657899538814
1969-02-01,Dallas trimmed mean,3.662933853286731
1969-03-01,Headline PCE,4.246022854582108
1969-03-01,Core PCE,4.63454250135355
1969-03-01,Cleveland median,4.1438267749142454
1969-03-01,Dallas trimmed mean,3.571121004031923
1969-04-01,Headline PCE,4.3779316506589225
1969-04-01,Core PCE,4.649908296472091
1969-04-01,Cleveland median,4.260313770155591
1969-04-01,Dallas trimmed mean,3.740808821115678
1969-05-01,Headline PCE,4.41192834093691
1969-05-01,Core PCE,4.675408426483244
1969-05-01,Cleveland median,4.2817059747865045
1969-05-01,Dallas trimmed mean,3.8075678447942067
1969-06-01,Headline PCE,4.5807453416149
1969-06-01,Core PCE,4.625020073871838
1969-06-01,Cleveland median,4.249561205005989
1969-06-01,Dallas trimmed mean,3.7914960189492604
1969-07-01,Headline PCE,4.721623265328674
1969-07-01,Core PCE,4.764445392946712
1969-07-01,Cleveland median,4.238453686044451
1969-07-01,Dallas trimmed mean,3.8540561097122605
1969-08-01,Headline PCE,4.581245526127404
1969-08-01,Core PCE,4.65029761904762
1969-08-01,Cleveland median,4.43333576371225
1969-08-01,Dallas trimmed mean,4.0696292277467165
1969-09-01,Headline PCE,4.653204565408259
1969-09-01,Core PCE,4.647469828498842
1969-09-01,Cleveland median,4.395725953629139
1969-09-01,Dallas trimmed mean,3.925335485200108
1969-10-01,Headline PCE,4.5509178321678405
1969-10-01,Core PCE,4.670778638831763
1969-10-01,Cleveland median,4.389472849000214
1969-10-01,Dallas trimmed mean,3.947061270064495
1969-11-01,Headline PCE,4.649896547969078
1969-11-01,Core PCE,4.674124258179717
1969-11-01,Cleveland median,4.377051227532974
1969-11-01,Dallas trimmed mean,3.934151429469736
1969-12-01,Headline PCE,4.911975657465774
1969-12-01,Core PCE,4.749188396690755
1969-12-01,Cleveland median,4.356454961008666
1969-12-01,Dallas trimmed mean,3.9825848534472073
1970-01-01,Headline PCE,4.8765966659450015
1970-01-01,Core PCE,4.700052164840912
1970-01-01,Cleveland median,4.354128820841112
1970-01-01,Dallas trimmed mean,4.048790361253168
1970-02-01,Headline PCE,5.026183663553425
1970-02-01,Core PCE,4.741110417966297
1970-02-01,Cleveland median,4.347968106269079
1970-02-01,Dallas trimmed mean,4.052980108399311
1970-03-01,Headline PCE,4.793121977431497
1970-03-01,Core PCE,4.641415709407013
1970-03-01,Cleveland median,4.445067481887449
1970-03-01,Dallas trimmed mean,4.193578809422988
1970-04-01,Headline PCE,4.863043013053712
1970-04-01,Core PCE,4.654639175257742
1970-04-01,Cleveland median,4.463300143214639
1970-04-01,Dallas trimmed mean,4.196388190635986
1970-05-01,Headline PCE,4.7743379336068585
1970-05-01,Core PCE,4.605195605298292
1970-05-01,Cleveland median,4.471799907936585
1970-05-01,Dallas trimmed mean,4.212436855311367
1970-06-01,Headline PCE,4.539187612684259
1970-06-01,Core PCE,4.620107444359164
1970-06-01,Cleveland median,4.47108475651747
1970-06-01,Dallas trimmed mean,4.1334685558610715
1970-07-01,Headline PCE,4.46122168840084
1970-07-01,Core PCE,4.53249134243228
1970-07-01,Cleveland median,4.464369928573902
1970-07-01,Dallas trimmed mean,4.063135592615524
1970-08-01,Headline PCE,4.44900752908967
1970-08-01,Core PCE,4.601086790919723
1970-08-01,Cleveland median,4.358090017163136
1970-08-01,Dallas trimmed mean,3.983768349948164
1970-09-01,Headline PCE,4.483011744966433
1970-09-01,Core PCE,4.618108244815389
1970-09-01,Cleveland median,4.362001109609807
1970-09-01,Dallas trimmed mean,4.073722593085648
1970-10-01,Headline PCE,4.645451220149454
1970-10-01,Core PCE,4.683958700579211
1970-10-01,Cleveland median,4.357082346038709
1970-10-01,Dallas trimmed mean,4.086477188065032
1970-11-01,Headline PCE,4.604578563995858
1970-11-01,Core PCE,4.821634639506286
1970-11-01,Cleveland median,4.391927441899085
1970-11-01,Dallas trimmed mean,4.141208009113015
1970-12-01,Headline PCE,4.588771493681378
1970-12-01,Core PCE,4.958760309922525
1970-12-01,Cleveland median,4.375356262309367
1970-12-01,Dallas trimmed mean,4.134816940305313
1971-01-01,Headline PCE,4.438251535325378
1971-01-01,Core PCE,5.027153604703301
1971-01-01,Cleveland median,4.519714495929918
1971-01-01,Dallas trimmed mean,4.2403232803120545
1971-02-01,Headline PCE,4.328158733422427
1971-02-01,Core PCE,5.022831050228319
1971-02-01,Cleveland median,4.49661994941502
1971-02-01,Dallas trimmed mean,4.2326425580071
1971-03-01,Headline PCE,4.414931801866473
1971-03-01,Core PCE,4.969589081738633
1971-03-01,Cleveland median,4.414767379697949
1971-03-01,Dallas trimmed mean,4.107228914294907
1971-04-01,Headline PCE,4.295699199020461
1971-04-01,Core PCE,4.945082007585071
1971-04-01,Cleveland median,4.285867692719705
1971-04-01,Dallas trimmed mean,3.9492668990944537
1971-05-01,Headline PCE,4.39912526064181
1971-05-01,Core PCE,5.030674846625757
1971-05-01,Cleveland median,4.232944324255513
1971-05-01,Dallas trimmed mean,3.8698070710758543
1971-06-01,Headline PCE,4.590646241249871
1971-06-01,Core PCE,5.071400625978086
1971-06-01,Cleveland median,4.228054297721528
1971-06-01,Dallas trimmed mean,3.987948078666534
1971-07-01,Headline PCE,4.523400384109962
1971-07-01,Core PCE,5.071616486407478
1971-07-01,Cleveland median,4.2113417238883954
1971-07-01,Dallas trimmed mean,4.081852453501298
1971-08-01,Headline PCE,4.551870148200422
1971-08-01,Core PCE,4.855075981939123
1971-08-01,Cleveland median,4.176605173275846
1971-08-01,Dallas trimmed mean,4.008787821385297
1971-09-01,Headline PCE,4.240477743764728
1971-09-01,Core PCE,4.593144128027845
1971-09-01,Cleveland median,4.182833031335548
1971-09-01,Dallas trimmed mean,4.010584657468115
1971-10-01,Headline PCE,3.884949565564753
1971-10-01,Core PCE,4.2434447919172555
1971-10-01,Cleveland median,4.098594815582572
1971-10-01,Dallas trimmed mean,3.8640262180153115
1971-11-01,Headline PCE,3.6906242228301522
1971-11-01,Core PCE,3.9440934328929984
1971-11-01,Cleveland median,3.7487790845317903
1971-11-01,Dallas trimmed mean,3.544199386130714
1971-12-01,Headline PCE,3.639694958898687
1971-12-01,Core PCE,3.7481544982616413
1971-12-01,Cleveland median,3.6114177372561755
1971-12-01,Dallas trimmed mean,3.328406231632769
1972-01-01,Headline PCE,3.8444433463458125
1972-01-01,Core PCE,3.780834914611006
1972-01-01,Cleveland median,3.3771486097861896
1972-01-01,Dallas trimmed mean,3.114610034552385
1972-02-01,Headline PCE,3.951517540402037
1972-02-01,Core PCE,3.6672967863894144
1972-02-01,Cleveland median,3.325238511262569
1972-02-01,Dallas trimmed mean,3.0862767414970023
1972-03-01,Headline PCE,3.7568138290035904
1972-03-01,Core PCE,3.5377802901827664
1972-03-01,Cleveland median,3.321351439987424
1972-03-01,Dallas trimmed mean,3.125585321653517
1972-04-01,Headline PCE,3.507313016680527
1972-04-01,Core PCE,3.3932510442577666
1972-04-01,Cleveland median,3.3113174711957356
1972-04-01,Dallas trimmed mean,3.1460992659175417
1972-05-01,Headline PCE,3.3076773187841155
1972-05-01,Core PCE,3.182242990654217
1972-05-01,Cleveland median,3.161804970118382
1972-05-01,Dallas trimmed mean,2.957591642350849
1972-06-01,Headline PCE,3.006935350889961
1972-06-01,Core PCE,2.9834768443099904
1972-06-01,Cleveland median,3.009914221052128
1972-06-01,Dallas trimmed mean,2.7426101180321467
1972-07-01,Headline PCE,3.0656157826023787
1972-07-01,Core PCE,2.88403579542819
1972-07-01,Cleveland median,2.894752926404635
1972-07-01,Dallas trimmed mean,2.5338234558691255
1972-08-01,Headline PCE,3.0663902415505504
1972-08-01,Core PCE,2.9587442700374993
1972-08-01,Cleveland median,2.8582611955475556
1972-08-01,Dallas trimmed mean,2.517487053691042
1972-09-01,Headline PCE,3.3747352204891286
1972-09-01,Core PCE,3.129478112143474
1972-09-01,Cleveland median,2.840320477561903
1972-09-01,Dallas trimmed mean,2.4384295848093984
1972-10-01,Headline PCE,3.331090174966363
1972-10-01,Core PCE,3.027645728527247
1972-10-01,Cleveland median,2.887019633345872
1972-10-01,Dallas trimmed mean,2.493317250488886
1972-11-01,Headline PCE,3.424953230680657
1972-11-01,Core PCE,3.0668631423834967
1972-11-01,Cleveland median,3.0748527839095345
1972-11-01,Dallas trimmed mean,2.5772130605921575
1972-12-01,Headline PCE,3.349419465813
1972-12-01,Core PCE,3.052699228791795
1972-12-01,Cleveland median,3.1807718495086306
1972-12-01,Dallas trimmed mean,2.6814778413396994
1973-01-01,Headline PCE,3.2357839638353454
1973-01-01,Core PCE,2.678612241166519
1973-01-01,Cleveland median,3.2037947296578437
1973-01-01,Dallas trimmed mean,2.7113897182092757
1973-02-01,Headline PCE,3.369987676557031
1973-02-01,Core PCE,2.726112326768785
1973-02-01,Cleveland median,3.1489289835881635
1973-02-01,Dallas trimmed mean,2.644295510551075
1973-03-01,Headline PCE,3.9568345323741028
1973-03-01,Core PCE,2.9391692069703055
1973-03-01,Cleveland median,3.2117615009404403
1973-03-01,Dallas trimmed mean,2.7273040174617478
1973-04-01,Headline PCE,4.569943289224952
1973-04-01,Core PCE,3.2955061280072613
1973-04-01,Cleveland median,3.2990923975697513
1973-04-01,Dallas trimmed mean,2.8615198223646843
1973-05-01,Headline PCE,4.852171452822176
1973-05-01,Core PCE,3.4554594447715203
1973-05-01,Cleveland median,3.6774276925671643
1973-05-01,Dallas trimmed mean,3.260258765134111
1973-06-01,Headline PCE,5.292151231225574
1973-06-01,Core PCE,3.6924884750971785
1973-06-01,Cleveland median,3.911665518620296
1973-06-01,Dallas trimmed mean,3.470063284628935
1973-07-01,Headline PCE,5.296739385409339
1973-07-01,Core PCE,3.8397404119158125
1973-07-01,Cleveland median,4.130318021999059
1973-07-01,Dallas trimmed mean,3.617666265832
1973-08-01,Headline PCE,6.2029283809702065
1973-08-01,Core PCE,4.1014570966001
1973-08-01,Cleveland median,4.085698792832332
1973-08-01,Dallas trimmed mean,3.551144369281573
1973-09-01,Headline PCE,6.147254691938713
1973-09-01,Core PCE,4.280591662931414
1973-09-01,Cleveland median,4.229904894355968
1973-09-01,Dallas trimmed mean,3.734054011102714
1973-10-01,Headline PCE,6.6288319300367675
1973-10-01,Core PCE,4.6230345383685005
1973-10-01,Cleveland median,4.216056896350423
1973-10-01,Dallas trimmed mean,3.742227416997281
1973-11-01,Headline PCE,7.184267891099665
1973-11-01,Core PCE,4.85211330533464
1973-11-01,Cleveland median,4.317455000075327
1973-11-01,Dallas trimmed mean,3.969026042350478
1973-12-01,Headline PCE,7.720758206195114
1973-12-01,Core PCE,5.118268074301739
1973-12-01,Cleveland median,4.431007969157719
1973-12-01,Dallas trimmed mean,4.123488339600385
1974-01-01,Headline PCE,8.42590458631021
1974-01-01,Core PCE,5.56915817121488
1974-01-01,Cleveland median,4.743759920698665
1974-01-01,Dallas trimmed mean,4.337410127072673
1974-02-01,Headline PCE,9.115502774084078
1974-02-01,Core PCE,5.90662998136149
1974-02-01,Cleveland median,5.0910492920926345
1974-02-01,Dallas trimmed mean,4.589897074401122
1974-03-01,Headline PCE,9.602076124567489
1974-03-01,Core PCE,6.302762430939211
1974-03-01,Cleveland median,5.414967505277673
1974-03-01,Dallas trimmed mean,4.847358727637214
1974-04-01,Headline PCE,9.562977357978923
1974-04-01,Core PCE,6.4818069959571005
1974-04-01,Cleveland median,5.807440701767391
1974-04-01,Dallas trimmed mean,5.162018635424673
1974-05-01,Headline PCE,10.100737542723522
1974-05-01,Core PCE,7.091577657152854
1974-05-01,Cleveland median,5.8837483965496205
1974-05-01,Dallas trimmed mean,5.2445490135369965
1974-06-01,Headline PCE,10.405580646603767
1974-06-01,Core PCE,7.723488645774296
1974-06-01,Cleveland median,6.4178121310829965
1974-06-01,Dallas trimmed mean,5.677666865480774
1974-07-01,Headline PCE,10.818036000712894
1974-07-01,Core PCE,8.21578924525845
1974-07-01,Cleveland median,6.675651958672859
1974-07-01,Dallas trimmed mean,6.147293750342044
1974-08-01,Headline PCE,10.699026560366477
1974-08-01,Core PCE,8.752376015206494
1974-08-01,Cleveland median,7.158930783893354
1974-08-01,Dallas trimmed mean,6.597045043244364
1974-09-01,Headline PCE,11.40701092440662
1974-09-01,Core PCE,9.176875134321932
1974-09-01,Cleveland median,7.743183777249612
1974-09-01,Dallas trimmed mean,7.049208823509943
1974-10-01,Headline PCE,11.574033679434592
1974-10-01,Core PCE,9.608220937700708
1974-10-01,Cleveland median,8.26888295028543
1974-10-01,Dallas trimmed mean,7.540688410736166
1974-11-01,Headline PCE,11.497187364777162
1974-11-01,Core PCE,9.877279700017056
1974-11-01,Cleveland median,8.685631894118757
1974-11-01,Dallas trimmed mean,7.874142566208462
1974-12-01,Headline PCE,11.463519313304715
1974-12-01,Core PCE,10.04322400203408
1974-12-01,Cleveland median,8.85666152436653
1974-12-01,Dallas trimmed mean,8.064422134238853
1975-01-01,Headline PCE,11.091272371721288
1975-01-01,Core PCE,10.141688454077766
1975-01-01,Cleveland median,8.845225919753517
1975-01-01,Dallas trimmed mean,8.187342948793216
1975-02-01,Headline PCE,10.408875068285923
1975-02-01,Core PCE,10.219987429289759
1975-02-01,Cleveland median,9.002236550499148
1975-02-01,Dallas trimmed mean,8.34957851783804
1975-03-01,Headline PCE,9.512732106509361
1975-03-01,Core PCE,9.937216747744372
1975-03-01,Cleveland median,8.933362686172373
1975-03-01,Dallas trimmed mean,8.264978774180705
1975-04-01,Headline PCE,9.111908592170948
1975-04-01,Core PCE,9.652923940406907
1975-04-01,Cleveland median,8.509517562046383
1975-04-01,Dallas trimmed mean,7.903427405020992
1975-05-01,Headline PCE,8.479699370966415
1975-05-01,Core PCE,9.070470896010477
1975-05-01,Cleveland median,8.411459883358347
1975-05-01,Dallas trimmed mean,7.7166014189623695
1975-06-01,Headline PCE,8.238153098420398
1975-06-01,Core PCE,8.48877200080922
1975-06-01,Cleveland median,7.817566760452507
1975-06-01,Dallas trimmed mean,7.2301714715932235
1975-07-01,Headline PCE,8.36683821164361
1975-07-01,Core PCE,8.197641774284108
1975-07-01,Cleveland median,7.605287753634002
1975-07-01,Dallas trimmed mean,6.84472508761101
1975-08-01,Headline PCE,7.711284418271518
1975-08-01,Core PCE,7.535552554222619
1975-08-01,Cleveland median,7.463453413381018
1975-08-01,Dallas trimmed mean,6.697719136858993
1975-09-01,Headline PCE,7.1318867404402795
1975-09-01,Core PCE,7.157480314960637
1975-09-01,Cleveland median,6.818469740202573
1975-09-01,Dallas trimmed mean,6.236633278952539
1975-10-01,Headline PCE,6.987292277614856
1975-10-01,Core PCE,6.855736552209052
1975-10-01,Cleveland median,6.556087024258076
1975-10-01,Dallas trimmed mean,5.989569771760188
1975-11-01,Headline PCE,6.873132301005171
1975-11-01,Core PCE,6.7827503296362295
1975-11-01,Cleveland median,6.490288322181186
1975-11-01,Dallas trimmed mean,5.901956834741966
1975-12-01,Headline PCE,6.618921104308669
1975-12-01,Core PCE,6.677449168207033
1975-12-01,Cleveland median,6.454273480556267
1975-12-01,Dallas trimmed mean,5.793922524177361
1976-01-01,Headline PCE,6.36384509413746
1976-01-01,Core PCE,6.604387610551711
1976-01-01,Cleveland median,6.400087659201546
1976-01-01,Dallas trimmed mean,5.63606635429737
1976-02-01,Headline PCE,5.926010504681429
1976-02-01,Core PCE,6.276611922141129
1976-02-01,Cleveland median,6.113705963580756
1976-02-01,Dallas trimmed mean,5.443183077849639
1976-03-01,Headline PCE,5.727724462314626
1976-03-01,Core PCE,6.07390038198254
1976-03-01,Cleveland median,6.02869930039725
1976-03-01,Dallas trimmed mean,5.312547609414949
1976-04-01,Headline PCE,5.610161802510191
1976-04-01,Core PCE,5.972901768912294
1976-04-01,Cleveland median,6.066705442241414
1976-04-01,Dallas trimmed mean,5.3083591468082005
1976-05-01,Headline PCE,5.689434445364853
1976-05-01,Core PCE,6.022561181276458
1976-05-01,Cleveland median,5.80504809683346
1976-05-01,Dallas trimmed mean,5.191324016882334
1976-06-01,Headline PCE,5.4931896422691295
1976-06-01,Core PCE,5.937418416439797
1976-06-01,Cleveland median,5.966524450126158
1976-06-01,Dallas trimmed mean,5.333686881487651
1976-07-01,Headline PCE,5.127444069305824
1976-07-01,Core PCE,5.867744087775222
1976-07-01,Cleveland median,5.968590422291896
1976-07-01,Dallas trimmed mean,5.352008042262256
1976-08-01,Headline PCE,5.249353527890648
1976-08-01,Core PCE,6.113553248864093
1976-08-01,Cleveland median,5.886800585146432
1976-08-01,Dallas trimmed mean,5.2886283940668335
1976-09-01,Headline PCE,5.319070724893393
1976-09-01,Core PCE,6.157689764126673
1976-09-01,Cleveland median,6.105103403674477
1976-09-01,Dallas trimmed mean,5.413026436184708
1976-10-01,Headline PCE,5.259118485490831
1976-10-01,Core PCE,6.149009285662061
1976-10-01,Cleveland median,6.06793337195721
1976-10-01,Dallas trimmed mean,5.3513180273299525
1976-11-01,Headline PCE,5.062096012782334
1976-11-01,Core PCE,5.930633738877788
1976-11-01,Cleveland median,5.889517076988085
1976-11-01,Dallas trimmed mean,5.229658088260592
1976-12-01,Headline PCE,5.070422535211264
1976-12-01,Core PCE,5.862392607031978
1976-12-01,Cleveland median,5.847862345877374
1976-12-01,Dallas trimmed mean,5.202731911662383
1977-01-01,Headline PCE,5.281525454218382
1977-01-01,Core PCE,5.965378537566423
1977-01-01,Cleveland median,5.759015869661383
1977-01-01,Dallas trimmed mean,5.141435615758354
1977-02-01,Headline PCE,5.968164995867923
1977-02-01,Core PCE,6.192094437488834
1977-02-01,Cleveland median,5.964809268963208
1977-02-01,Dallas trimmed mean,5.273825119197426
1977-03-01,Headline PCE,6.339468302658474
1977-03-01,Core PCE,6.293008164866109
1977-03-01,Cleveland median,6.143851598062653
1977-03-01,Dallas trimmed mean,5.485890428736411
1977-04-01,Headline PCE,6.7153493699885445
1977-04-01,Core PCE,6.399829527293392
1977-04-01,Cleveland median,6.384035864330755
1977-04-01,Dallas trimmed mean,5.709770473977386
1977-05-01,Headline PCE,6.747657558160242
1977-05-01,Core PCE,6.44043831742664
1977-05-01,Cleveland median,6.579133515936746
1977-05-01,Dallas trimmed mean,5.819939096225269
1977-06-01,Headline PCE,6.877837684449489
1977-06-01,Core PCE,6.643196620313319
1977-06-01,Cleveland median,6.562126768064488
1977-06-01,Dallas trimmed mean,5.843146393940771
1977-07-01,Headline PCE,6.889006529027711
1977-07-01,Core PCE,6.715451139665987
1977-07-01,Cleveland median,6.638891463834611
1977-07-01,Dallas trimmed mean,5.943553270415464
1977-08-01,Headline PCE,6.798638166438536
1977-08-01,Core PCE,6.624660586228501
1977-08-01,Cleveland median,6.634996570561285
1977-08-01,Dallas trimmed mean,5.98594016280876
1977-09-01,Headline PCE,6.603608949076815
1977-09-01,Core PCE,6.451166332110475
1977-09-01,Cleveland median,6.550389961380063
1977-09-01,Dallas trimmed mean,5.9612395759843935
1977-10-01,Headline PCE,6.541439533349532
1977-10-01,Core PCE,6.443725030995992
1977-10-01,Cleveland median,6.458474972186636
1977-10-01,Dallas trimmed mean,5.896734479006199
1977-11-01,Headline PCE,6.667357942762337
1977-11-01,Core PCE,6.510559517279219
1977-11-01,Cleveland median,6.417090128163963
1977-11-01,Dallas trimmed mean,5.7636533954226365
1977-12-01,Headline PCE,6.588987420086596
1977-12-01,Core PCE,6.482302393780273
1977-12-01,Cleveland median,6.539045916163673
1977-12-01,Dallas trimmed mean,5.857155102018623
1978-01-01,Headline PCE,6.598776612104018
1978-01-01,Core PCE,6.4700898152855615
1978-01-01,Cleveland median,6.5545613210233284
1978-01-01,Dallas trimmed mean,5.92420029698026
1978-02-01,Headline PCE,6.262715312627137
1978-02-01,Core PCE,6.228525230748502
1978-02-01,Cleveland median,6.375919890731225
1978-02-01,Dallas trimmed mean,5.749287741713175
1978-03-01,Headline PCE,6.41700404858301
1978-03-01,Core PCE,6.353146384006436
1978-03-01,Cleveland median,6.161572422029423
1978-03-01,Dallas trimmed mean,5.614091869248682
1978-04-01,Headline PCE,6.604722930363607
1978-04-01,Core PCE,6.5155712807503505
1978-04-01,Cleveland median,6.096702581242624
1978-04-01,Dallas trimmed mean,5.5802316518047945
1978-05-01,Headline PCE,6.825084270600428
1978-05-01,Core PCE,6.598698193411252
1978-05-01,Cleveland median,6.20482796070911
1978-05-01,Dallas trimmed mean,5.730000078076316
1978-06-01,Headline PCE,6.9231024526235245
1978-06-01,Core PCE,6.556186451868456
1978-06-01,Cleveland median,6.389988673119461
1978-06-01,Dallas trimmed mean,5.896049119215803
1978-07-01,Headline PCE,6.953478390068341
1978-07-01,Core PCE,6.525804652383613
1978-07-01,Cleveland median,6.303122882635037
1978-07-01,Dallas trimmed mean,5.914153564035303
1978-08-01,Headline PCE,6.996845011173917
1978-08-01,Core PCE,6.572202814326289
1978-08-01,Cleveland median,6.366995409376358
1978-08-01,Dallas trimmed mean,5.987915806795911
1978-09-01,Headline PCE,7.199685689028584
1978-09-01,Core PCE,6.7364588074647145
1978-09-01,Cleveland median,6.375149263267389
1978-09-01,Dallas trimmed mean,6.051193540208956
1978-10-01,Headline PCE,7.5541795665634766
1978-10-01,Core PCE,7.001650111625196
1978-10-01,Cleveland median,6.616311359460454
1978-10-01,Dallas trimmed mean,6.2150828403719345
1978-11-01,Headline PCE,7.546741842454878
1978-11-01,Core PCE,7.023529790452912
1978-11-01,Cleveland median,6.883278559775107
1978-11-01,Dallas trimmed mean,6.559105531164903
1978-12-01,Headline PCE,7.5263616136209635
1978-12-01,Core PCE,6.888269766548177
1978-12-01,Cleveland median,6.9208160540998165
1978-12-01,Dallas trimmed mean,6.66571578121922
1979-01-01,Headline PCE,7.703404500865545
1979-01-01,Core PCE,6.796332845228221
1979-01-01,Cleveland median,7.009529033587441
1979-01-01,Dallas trimmed mean,6.709194172131802
1979-02-01,Headline PCE,7.776253230798687
1979-02-01,Core PCE,6.735373394640874
1979-02-01,Cleveland median,7.208296044662717
1979-02-01,Dallas trimmed mean,7.025830226644587
1979-03-01,Headline PCE,7.919599264472765
1979-03-01,Core PCE,6.768434996530615
1979-03-01,Cleveland median,7.481790309435766
1979-03-01,Dallas trimmed mean,7.213197748400589
1979-04-01,Headline PCE,8.225040118309693
1979-04-01,Core PCE,7.063395067531573
1979-04-01,Cleveland median,7.572147396058966
1979-04-01,Dallas trimmed mean,7.245438140963941
1979-05-01,Headline PCE,8.569732566858264
1979-05-01,Core PCE,7.361600049845805
1979-05-01,Cleveland median,7.500318287618441
1979-05-01,Dallas trimmed mean,7.239045398288084
1979-06-01,Headline PCE,8.756246702051712
1979-06-01,Core PCE,7.3641489559452395
1979-06-01,Cleveland median,7.634405488874862
1979-06-01,Dallas trimmed mean,7.354706638007883
1979-07-01,Headline PCE,8.989596517766188
1979-07-01,Core PCE,7.2717752864358545
1979-07-01,Cleveland median,7.806745474252978
1979-07-01,Dallas trimmed mean,7.400023316204511
1979-08-01,Headline PCE,9.269895874927059
1979-08-01,Core PCE,7.407634336131366
1979-08-01,Cleveland median,7.905813215050145
1979-08-01,Dallas trimmed mean,7.508656840995158
1979-09-01,Headline PCE,9.611508154663767
1979-09-01,Core PCE,7.52056046299117
1979-09-01,Cleveland median,8.168432919409014
1979-09-01,Dallas trimmed mean,7.686664505858104
1979-10-01,Headline PCE,9.632457655364675
1979-10-01,Core PCE,7.517160049590288
1979-10-01,Cleveland median,8.254799913203058
1979-10-01,Dallas trimmed mean,7.799842174422196
1979-11-01,Headline PCE,9.771015366074124
1979-11-01,Core PCE,7.624289452314343
1979-11-01,Cleveland median,8.423151761975262
1979-11-01,Dallas trimmed mean,7.906545005497463
1979-12-01,Headline PCE,10.17843754685859
1979-12-01,Core PCE,7.978309065851747
1979-12-01,Cleveland median,8.434009781416435
1979-12-01,Dallas trimmed mean,7.877187787600576
1980-01-01,Headline PCE,10.49796112748163
1980-01-01,Core PCE,8.244657068765093
1980-01-01,Cleveland median,8.542603818972296
1980-01-01,Dallas trimmed mean,8.030614934555842
1980-02-01,Headline PCE,11.102558029369973
1980-02-01,Core PCE,8.966398288719219
1980-02-01,Cleveland median,8.768706207915884
1980-02-01,Dallas trimmed mean,8.162818521401888
1980-03-01,Headline PCE,11.595182138660391
1980-03-01,Core PCE,9.349521446295654
1980-03-01,Cleveland median,8.88863588311149
1980-03-01,Dallas trimmed mean,8.363688140723212
1980-04-01,Headline PCE,11.019043465619987
1980-04-01,Core PCE,8.903848968242372
1980-04-01,Cleveland median,9.087151372834
1980-04-01,Dallas trimmed mean,8.597561057077769
1980-05-01,Headline PCE,10.736381686857925
1980-05-01,Core PCE,8.835819163136179
1980-05-01,Cleveland median,9.20273047474079
1980-05-01,Dallas trimmed mean,8.560709832291224
1980-06-01,Headline PCE,10.522860893886659
1980-06-01,Core PCE,8.94820372240656
1980-06-01,Cleveland median,9.157728518505806
1980-06-01,Dallas trimmed mean,8.536043288089928
1980-07-01,Headline PCE,10.539583628381251
1980-07-01,Core PCE,9.164776479370644
1980-07-01,Cleveland median,9.316227367265313
1980-07-01,Dallas trimmed mean,8.69075458819664
1980-08-01,Headline PCE,10.614195361911442
1980-08-01,Core PCE,9.229891614375347
1980-08-01,Cleveland median,9.255737152836602
1980-08-01,Dallas trimmed mean,8.591880573025207
1980-09-01,Headline PCE,10.660648109448573
1980-09-01,Core PCE,9.513017365931049
1980-09-01,Cleveland median,9.18125340888632
1980-09-01,Dallas trimmed mean,8.561320843238633
1980-10-01,Headline PCE,10.6434138521917
1980-10-01,Core PCE,9.61273448266165
1980-10-01,Cleveland median,9.272642585790194
1980-10-01,Dallas trimmed mean,8.66990334583626
1980-11-01,Headline PCE,10.775944885131622
1980-11-01,Core PCE,9.775318578135469
1980-11-01,Cleveland median,9.14957946584154
1980-11-01,Dallas trimmed mean,8.56749491111573
1980-12-01,Headline PCE,10.566428046490131
1980-12-01,Core PCE,9.64734607807776
1980-12-01,Cleveland median,9.225436782496303
1980-12-01,Dallas trimmed mean,8.640402913111316
1981-01-01,Headline PCE,10.470315698739356
1981-01-01,Core PCE,9.76456009913258
1981-01-01,Cleveland median,9.308249197934131
1981-01-01,Dallas trimmed mean,8.661950748578988
1981-02-01,Headline PCE,10.39279432926503
1981-02-01,Core PCE,9.474602611991173
1981-02-01,Cleveland median,9.213651325808144
1981-02-01,Dallas trimmed mean,8.60745943161561
1981-03-01,Headline PCE,9.813883697054251
1981-03-01,Core PCE,9.071507685657949
1981-03-01,Cleveland median,9.161874506653248
1981-03-01,Dallas trimmed mean,8.588250687212337
1981-04-01,Headline PCE,9.721094670682191
1981-04-01,Core PCE,9.207944741580889
1981-04-01,Cleveland median,9.044763347463117
1981-04-01,Dallas trimmed mean,8.403414299948906
1981-05-01,Headline PCE,9.362818980302492
1981-05-01,Core PCE,9.080971551976958
1981-05-01,Cleveland median,9.088448006434007
1981-05-01,Dallas trimmed mean,8.505032040732203
1981-06-01,Headline PCE,9.110393802453203
1981-06-01,Core PCE,8.901896387329174
1981-06-01,Cleveland median,8.848398484311787
1981-06-01,Dallas trimmed mean,8.316968519871764
1981-07-01,Headline PCE,8.922256956900526
1981-07-01,Core PCE,8.795139528155488
1981-07-01,Cleveland median,8.57981762845752
1981-07-01,Dallas trimmed mean,8.071397106784246
1981-08-01,Headline PCE,8.698635358694816
1981-08-01,Core PCE,8.73720493001882
1981-08-01,Cleveland median,8.68408677975296
1981-08-01,Dallas trimmed mean,8.099414745658578
1981-09-01,Headline PCE,8.354525997733859
1981-09-01,Core PCE,8.427969061230826
1981-09-01,Cleveland median,8.588181772131122
1981-09-01,Dallas trimmed mean,8.027888462916891
1981-10-01,Headline PCE,7.9809157445107815
1981-10-01,Core PCE,8.184733803720334
1981-10-01,Cleveland median,8.444168710142819
1981-10-01,Dallas trimmed mean,7.840753464831778
1981-11-01,Headline PCE,7.683540226467443
1981-11-01,Core PCE,7.965480372689797
1981-11-01,Cleveland median,8.211004375235078
1981-11-01,Dallas trimmed mean,7.642468037315723
1981-12-01,Headline PCE,7.318874473794338
1981-12-01,Core PCE,7.718001923174242
1981-12-01,Cleveland median,7.981216841561832
1981-12-01,Dallas trimmed mean,7.4527076885874095
1982-01-01,Headline PCE,6.929848089536961
1982-01-01,Core PCE,7.4458744135872195
1982-01-01,Cleveland median,7.7215990982615494
1982-01-01,Dallas trimmed mean,7.18104929390509
1982-02-01,Headline PCE,6.177279969101534
1982-02-01,Core PCE,7.078103207810329
1982-02-01,Cleveland median,7.426232483389697
1982-02-01,Dallas trimmed mean,6.869860803972827
1982-03-01,Headline PCE,5.712573414838772
1982-03-01,Core PCE,6.952321981424149
1982-03-01,Cleveland median,6.977415752564767
1982-03-01,Dallas trimmed mean,6.440309489370108
1982-04-01,Headline PCE,5.305869155309438
1982-04-01,Core PCE,6.694066399232156
1982-04-01,Cleveland median,6.798787391440925
1982-04-01,Dallas trimmed mean,6.277526348230182
1982-05-01,Headline PCE,5.458001663300465
1982-05-01,Core PCE,6.540708332314921
1982-05-01,Cleveland median,6.425339791189842
1982-05-01,Dallas trimmed mean,5.945861024424204
1982-06-01,Headline PCE,5.800771542849034
1982-06-01,Core PCE,6.544738186151704
1982-06-01,Cleveland median,6.385744775450348
1982-06-01,Dallas trimmed mean,5.888077395655827
1982-07-01,Headline PCE,5.789498447351079
1982-07-01,Core PCE,6.592529916596163
1982-07-01,Cleveland median,6.373413942259447
1982-07-01,Dallas trimmed mean,5.8545064706440115
1982-08-01,Headline PCE,5.4565857764062144
1982-08-01,Core PCE,6.370971615196197
1982-08-01,Cleveland median,6.315620800255402
1982-08-01,Dallas trimmed mean,5.881571450557516
1982-09-01,Headline PCE,5.112355634048285
1982-09-01,Core PCE,6.069426219730417
1982-09-01,Cleveland median,6.092050073823003
1982-09-01,Dallas trimmed mean,5.599916117873917
1982-10-01,Headline PCE,5.22577958730453
1982-10-01,Core PCE,6.1093323846792345
1982-10-01,Cleveland median,5.78952495912641
1982-10-01,Dallas trimmed mean,5.255450191351002
1982-11-01,Headline PCE,4.979291302346994
1982-11-01,Core PCE,5.882907736200508
1982-11-01,Cleveland median,5.759629767229086
1982-11-01,Dallas trimmed mean,5.188824883518066
1982-12-01,Headline PCE,4.814882782034218
1982-12-01,Core PCE,5.828321744033076
1982-12-01,Cleveland median,5.516830871651337
1982-12-01,Dallas trimmed mean,4.910511859839531
1983-01-01,Headline PCE,4.681549722938001
1983-01-01,Core PCE,5.902542669686412
1983-01-01,Cleveland median,5.339393731741993
1983-01-01,Dallas trimmed mean,4.729837442632686
1983-02-01,Headline PCE,4.544731158349435
1983-02-01,Core PCE,5.886867935060707
1983-02-01,Cleveland median,5.320845620852509
1983-02-01,Dallas trimmed mean,4.753223220307049
1983-03-01,Headline PCE,4.410630867613037
1983-03-01,Core PCE,5.560187115001611
1983-03-01,Cleveland median,5.299404899385223
1983-03-01,Dallas trimmed mean,4.683095111612204
1983-04-01,Headline PCE,4.834542157751585
1983-04-01,Core PCE,5.462136415011628
1983-04-01,Cleveland median,4.96768279043269
1983-04-01,Dallas trimmed mean,4.443906863978867
1983-05-01,Headline PCE,4.510837727006447
1983-05-01,Core PCE,5.0425566083186055
1983-05-01,Cleveland median,5.169038408631607
1983-05-01,Dallas trimmed mean,4.567543741365213
1983-06-01,Headline PCE,4.145042949176812
1983-06-01,Core PCE,5.005934989043098
1983-06-01,Cleveland median,4.883306315852181
1983-06-01,Dallas trimmed mean,4.331713217080548
1983-07-01,Headline PCE,4.1161689163646145
1983-07-01,Core PCE,5.032658985757067
1983-07-01,Cleveland median,4.6638430554429675
1983-07-01,Dallas trimmed mean,4.157276436561148
1983-08-01,Headline PCE,4.238715970559554
1983-08-01,Core PCE,5.090868043797258
1983-08-01,Cleveland median,4.4207282018096805
1983-08-01,Dallas trimmed mean,3.8797081106934854
1983-09-01,Headline PCE,4.315433422501286
1983-09-01,Core PCE,5.126071211678166
1983-09-01,Cleveland median,4.305259271512881
1983-09-01,Dallas trimmed mean,3.7910578785699443
1983-10-01,Headline PCE,3.908809110295252
1983-10-01,Core PCE,4.648979683064752
1983-10-01,Cleveland median,4.29455348963603
1983-10-01,Dallas trimmed mean,3.8617796259696746
1983-11-01,Headline PCE,3.7436436963001825
1983-11-01,Core PCE,4.507192802743518
1983-11-01,Cleveland median,4.024847922363634
1983-11-01,Dallas trimmed mean,3.6302238211141713
1983-12-01,Headline PCE,3.643884183572979
1983-12-01,Core PCE,4.253146573730831
1983-12-01,Cleveland median,4.160271137362258
1983-12-01,Dallas trimmed mean,3.7393577619557306
1984-01-01,Headline PCE,3.6117283143815655
1984-01-01,Core PCE,3.8891461075468072
1984-01-01,Cleveland median,4.088222612689989
1984-01-01,Dallas trimmed mean,3.7147260412191656
1984-02-01,Headline PCE,4.131871955462756
1984-02-01,Core PCE,4.158154859967041
1984-02-01,Cleveland median,3.9948957689899203
1984-02-01,Dallas trimmed mean,3.6481886773525076
1984-03-01,Headline PCE,4.339421844797258
1984-03-01,Core PCE,4.4205076453941246
1984-03-01,Cleveland median,4.0785452836204
1984-03-01,Dallas trimmed mean,3.7038968279107394
1984-04-01,Headline PCE,4.261345210040417
1984-04-01,Core PCE,4.595262570809936
1984-04-01,Cleveland median,4.273474619156232
1984-04-01,Dallas trimmed mean,3.8568262923221397
1984-05-01,Headline PCE,4.098395998620205
1984-05-01,Core PCE,4.6869198680848285
1984-05-01,Cleveland median,4.22668264308345
1984-05-01,Dallas trimmed mean,3.840159344329493
1984-06-01,Headline PCE,3.8962991601692494
1984-06-01,Core PCE,4.445555531401496
1984-06-01,Cleveland median,4.2124535493564395
1984-06-01,Dallas trimmed mean,3.7642964489467374
1984-07-01,Headline PCE,3.682187099530097
1984-07-01,Core PCE,4.193388179914052
1984-07-01,Cleveland median,4.270491086332299
1984-07-01,Dallas trimmed mean,3.787434841672848
1984-08-01,Headline PCE,3.5580603998298415
1984-08-01,Core PCE,4
1984-08-01,Cleveland median,4.348527790527285
1984-08-01,Dallas trimmed mean,3.878772317710883
1984-09-01,Headline PCE,3.3358058705097022
1984-09-01,Core PCE,3.7399974324960397
1984-09-01,Cleveland median,4.40817741657564
1984-09-01,Dallas trimmed mean,3.953342088982396
1984-10-01,Headline PCE,3.4042103036073144
1984-10-01,Core PCE,3.788898143995212
1984-10-01,Cleveland median,4.432798123990338
1984-10-01,Dallas trimmed mean,3.9392279268391803
1984-11-01,Headline PCE,3.4036170032958495
1984-11-01,Core PCE,3.7673130193905706
1984-11-01,Cleveland median,4.504019165924291
1984-11-01,Dallas trimmed mean,4.004631716739752
1984-12-01,Headline PCE,3.6382448583132714
1984-12-01,Core PCE,4.1009262216544045
1984-12-01,Cleveland median,4.339870954362723
1984-12-01,Dallas trimmed mean,3.837006366412666
1985-01-01,Headline PCE,3.70448238163317
1985-01-01,Core PCE,4.337768723074632
1985-01-01,Cleveland median,4.565203998808798
1985-01-01,Dallas trimmed mean,3.9496102515258684
1985-02-01,Headline PCE,3.489683401553762
1985-02-01,Core PCE,4.222025391201669
1985-02-01,Cleveland median,4.482871824088647
1985-02-01,Dallas trimmed mean,3.8034918614689985
1985-03-01,Headline PCE,3.5552965175579203
1985-03-01,Core PCE,4.1913525778394245
1985-03-01,Cleveland median,4.532177193682912
1985-03-01,Dallas trimmed mean,3.8871712684358926
1985-04-01,Headline PCE,3.3116290643662865
1985-04-01,Core PCE,3.8266906444732456
1985-04-01,Cleveland median,4.498579742649326
1985-04-01,Dallas trimmed mean,3.8804798009737738
1985-05-01,Headline PCE,3.425494459977216
1985-05-01,Core PCE,3.943003776104149
1985-05-01,Cleveland median,4.254158585460118
1985-05-01,Dallas trimmed mean,3.695348043005737
1985-06-01,Headline PCE,3.522771908788343
1985-06-01,Core PCE,4.041959788535991
1985-06-01,Cleveland median,4.379915605014489
1985-06-01,Dallas trimmed mean,3.7669215949886166
1985-07-01,Headline PCE,3.4072181938035584
1985-07-01,Core PCE,3.898203220525147
1985-07-01,Cleveland median,4.405584312536433
1985-07-01,Dallas trimmed mean,3.816680759831968
1985-08-01,Headline PCE,3.4317047624915347
1985-08-01,Core PCE,4.0651078245063275
1985-08-01,Cleveland median,4.1296381801771815
1985-08-01,Dallas trimmed mean,3.612165236667124
1985-09-01,Headline PCE,3.4660267847987
1985-09-01,Core PCE,4.120777131543136
1985-09-01,Cleveland median,4.119058769073675
1985-09-01,Dallas trimmed mean,3.5857882752450507
1985-10-01,Headline PCE,3.3944428530507054
1985-10-01,Core PCE,4.053915011832501
1985-10-01,Cleveland median,3.9904478113265753
1985-10-01,Dallas trimmed mean,3.5479957899176924
1985-11-01,Headline PCE,3.549026418486818
1985-11-01,Core PCE,4.088463591933959
1985-11-01,Cleveland median,3.9522613927285732
1985-11-01,Dallas trimmed mean,3.495204688484961
1985-12-01,Headline PCE,3.604246042256662
1985-12-01,Core PCE,3.9598290073837603
1985-12-01,Cleveland median,3.9568730582607543
1985-12-01,Dallas trimmed mean,3.624921142967821
1986-01-01,Headline PCE,3.564043303734337
1986-01-01,Core PCE,3.937760602054311
1986-01-01,Cleveland median,3.87338941453892
1986-01-01,Dallas trimmed mean,3.631749183002313
1986-02-01,Headline PCE,3.085460599334084
1986-02-01,Core PCE,3.6685552407931965
1986-02-01,Cleveland median,3.959164274484124
1986-02-01,Dallas trimmed mean,3.747282667827335
1986-03-01,Headline PCE,2.4583408711732915
1986-03-01,Core PCE,3.621478837739204
1986-03-01,Cleveland median,3.753556774940492
1986-03-01,Dallas trimmed mean,3.5137197073383106
1986-04-01,Headline PCE,2.1015234539652
1986-04-01,Core PCE,3.6856521388866526
1986-04-01,Cleveland median,3.633003166282279
1986-04-01,Dallas trimmed mean,3.332959034819055
1986-05-01,Headline PCE,2.0464967260057136
1986-05-01,Core PCE,3.5064127009613912
1986-05-01,Cleveland median,3.7810752515501633
1986-05-01,Dallas trimmed mean,3.3898348837376773
1986-06-01,Headline PCE,2.1487768347478777
1986-06-01,Core PCE,3.4748339601504483
1986-06-01,Cleveland median,3.6407561193909714
1986-06-01,Dallas trimmed mean,3.3166673228741956
1986-07-01,Headline PCE,1.9243794573488913
1986-07-01,Core PCE,3.3609925399928215
1986-07-01,Cleveland median,3.6231557436835544
1986-07-01,Dallas trimmed mean,3.310891267064491
1986-08-01,Headline PCE,1.7155110793424058
1986-08-01,Core PCE,3.0666931321952973
1986-08-01,Cleveland median,3.6879244012257573
1986-08-01,Dallas trimmed mean,3.341430413275617
1986-09-01,Headline PCE,1.8771432535828296
1986-09-01,Core PCE,3.1930908802788878
1986-09-01,Cleveland median,3.6314820790569087
1986-09-01,Dallas trimmed mean,3.2720566351623006
1986-10-01,Headline PCE,1.8898541547107897
1986-10-01,Core PCE,3.377830515178502
1986-10-01,Cleveland median,3.6853242616893027
1986-10-01,Dallas trimmed mean,3.305344832600696
1986-11-01,Headline PCE,1.7758484609313285
1986-11-01,Core PCE,3.3439207717650845
1986-11-01,Cleveland median,3.85593926913657
1986-11-01,Dallas trimmed mean,3.3835643813907836
1986-12-01,Headline PCE,1.575221238938056
1986-12-01,Core PCE,3.197119641135629
1986-12-01,Cleveland median,3.8647991084987012
1986-12-01,Dallas trimmed mean,3.332380023634201
1987-01-01,Headline PCE,1.5856236786469253
1987-01-01,Core PCE,2.8903543961957894
1987-01-01,Cleveland median,3.792464013367521
1987-01-01,Dallas trimmed mean,3.2668215764265085
1987-02-01,Headline PCE,1.94189961631821
1987-02-01,Core PCE,2.834110827006043
1987-02-01,Cleveland median,3.802730156727293
1987-02-01,Dallas trimmed mean,3.2925546424613685
1987-03-01,Headline PCE,2.436631876324256
1987-03-01,Core PCE,2.8255074043083113
1987-03-01,Cleveland median,3.8687977479571174
1987-03-01,Dallas trimmed mean,3.325509318439174
1987-04-01,Headline PCE,3.029409451914745
1987-04-01,Core PCE,3.0748611165067388
1987-04-01,Cleveland median,4.012569013273463
1987-04-01,Dallas trimmed mean,3.50834110802802
1987-05-01,Headline PCE,3.102372402425388
1987-05-01,Core PCE,3.187899941826643
1987-05-01,Cleveland median,4.165565836564696
1987-05-01,Dallas trimmed mean,3.6581169504342483
1987-06-01,Headline PCE,3.108443627690562
1987-06-01,Core PCE,3.1609473175447107
1987-06-01,Cleveland median,4.2702775481754145
1987-06-01,Dallas trimmed mean,3.7521242965880646
1987-07-01,Headline PCE,3.320694238136184
1987-07-01,Core PCE,3.240124278739458
1987-07-01,Cleveland median,4.204509567433945
1987-07-01,Dallas trimmed mean,3.6845452635708966
1987-08-01,Headline PCE,3.5995939720465486
1987-08-01,Core PCE,3.377948964853175
1987-08-01,Cleveland median,4.23980000660751
1987-08-01,Dallas trimmed mean,3.6663539375778385
1987-09-01,Headline PCE,3.60923029029496
1987-09-01,Core PCE,3.4474815724815784
1987-09-01,Cleveland median,4.458928484455683
1987-09-01,Dallas trimmed mean,3.794856315487621
1987-10-01,Headline PCE,3.752330640149168
1987-10-01,Core PCE,3.537198936353363
1987-10-01,Cleveland median,4.408514757412576
1987-10-01,Dallas trimmed mean,3.7673732354931246
1987-11-01,Headline PCE,3.7630864676231113
1987-11-01,Core PCE,3.5335216860109995
1987-11-01,Cleveland median,4.324439516400247
1987-11-01,Dallas trimmed mean,3.778841759971627
1987-12-01,Headline PCE,3.8121236762114847
1987-12-01,Core PCE,3.6166399755967404
1987-12-01,Cleveland median,4.328828847050417
1987-12-01,Dallas trimmed mean,3.771421121956564
1988-01-01,Headline PCE,3.7268277642887426
1988-01-01,Core PCE,3.857126554832817
1988-01-01,Cleveland median,4.254441107917444
1988-01-01,Dallas trimmed mean,3.6793438260539517
1988-02-01,Headline PCE,3.5179353252938057
1988-02-01,Core PCE,3.858783334915074
1988-02-01,Cleveland median,4.311178815711486
1988-02-01,Dallas trimmed mean,3.6550101242677897
1988-03-01,Headline PCE,3.5986517026085068
1988-03-01,Core PCE,3.995003879563214
1988-03-01,Cleveland median,4.301021301989266
1988-03-01,Dallas trimmed mean,3.634294769606015
1988-04-01,Headline PCE,3.715010780591129
1988-04-01,Core PCE,4.059172712710833
1988-04-01,Cleveland median,4.283813472093186
1988-04-01,Dallas trimmed mean,3.6105477264672317
1988-05-01,Headline PCE,3.753187925849801
1988-05-01,Core PCE,4.121095952193031
1988-05-01,Cleveland median,4.14853716400836
1988-05-01,Dallas trimmed mean,3.568419239129824
1988-06-01,Headline PCE,3.8015964809161744
1988-06-01,Core PCE,4.274737631184394
1988-06-01,Cleveland median,4.116824010000087
1988-06-01,Dallas trimmed mean,3.5505275354388317
1988-07-01,Headline PCE,4.06522520477462
1988-07-01,Core PCE,4.430072152229997
1988-07-01,Cleveland median,4.214064481729338
1988-07-01,Dallas trimmed mean,3.659359112032675
1988-08-01,Headline PCE,3.9625414531202665
1988-08-01,Core PCE,4.336891521824171
1988-08-01,Cleveland median,4.37043650822595
1988-08-01,Dallas trimmed mean,3.8530076086607608
1988-09-01,Headline PCE,4.118232521454999
1988-09-01,Core PCE,4.481184591405025
1988-09-01,Cleveland median,4.227257965848381
1988-09-01,Dallas trimmed mean,3.811011258561976
1988-10-01,Headline PCE,4.127667540247089
1988-10-01,Core PCE,4.432578249140832
1988-10-01,Cleveland median,4.362767280234166
1988-10-01,Dallas trimmed mean,3.967336937838212
1988-11-01,Headline PCE,4.172194092038637
1988-11-01,Core PCE,4.500783626809252
1988-11-01,Cleveland median,4.312466710762976
1988-11-01,Dallas trimmed mean,3.9240930035655026
1988-12-01,Headline PCE,4.304364043267441
1988-12-01,Core PCE,4.627500045999014
1988-12-01,Cleveland median,4.34313068712089
1988-12-01,Dallas trimmed mean,3.9692551372485667
1989-01-01,Headline PCE,4.434495058333951
1989-01-01,Core PCE,4.662491301322191
1989-01-01,Cleveland median,4.392709574654205
1989-01-01,Dallas trimmed mean,4.106249589584053
1989-02-01,Headline PCE,4.62640053424353
1989-02-01,Core PCE,4.713257063489152
1989-02-01,Cleveland median,4.3803689966348145
1989-02-01,Dallas trimmed mean,4.165285061055798
1989-03-01,Headline PCE,4.656794779361476
1989-03-01,Core PCE,4.578541272383177
1989-03-01,Cleveland median,4.387799844524281
1989-03-01,Dallas trimmed mean,4.259685718464951
1989-04-01,Headline PCE,4.843991463683864
1989-04-01,Core PCE,4.422390843731321
1989-04-01,Cleveland median,4.3616835176727164
1989-04-01,Dallas trimmed mean,4.261506513109879
1989-05-01,Headline PCE,4.921671497230065
1989-05-01,Core PCE,4.378508130741608
1989-05-01,Cleveland median,4.373900138681108
1989-05-01,Dallas trimmed mean,4.260286525975033
1989-06-01,Headline PCE,4.70536660212619
1989-06-01,Core PCE,4.216315307057755
1989-06-01,Cleveland median,4.508262761191759
1989-06-01,Dallas trimmed mean,4.3441020121581175
1989-07-01,Headline PCE,4.4481204100923435
1989-07-01,Core PCE,4.059568984033788
1989-07-01,Cleveland median,4.373627072155429
1989-07-01,Dallas trimmed mean,4.232365776048724
1989-08-01,Headline PCE,4.1522428636157684
1989-08-01,Core PCE,3.9459353295123663
1989-08-01,Cleveland median,4.317161320756057
1989-08-01,Dallas trimmed mean,4.145161161495864
1989-09-01,Headline PCE,3.8777865954837267
1989-09-01,Core PCE,3.75086578933346
1989-09-01,Cleveland median,4.301109637706801
1989-09-01,Dallas trimmed mean,4.065804857377842
1989-10-01,Headline PCE,3.944269662921357
1989-10-01,Core PCE,3.7331257408750815
1989-10-01,Cleveland median,4.212890628360768
1989-10-01,Dallas trimmed mean,3.911972669430682
1989-11-01,Headline PCE,3.929762886967751
1989-11-01,Core PCE,3.724680640835615
1989-11-01,Cleveland median,4.402981745822387
1989-11-01,Dallas trimmed mean,4.056984917089196
1989-12-01,Headline PCE,3.906808754112447
1989-12-01,Core PCE,3.6754361283061456
1989-12-01,Cleveland median,4.416511950420727
1989-12-01,Dallas trimmed mean,4.040422529736659
1990-01-01,Headline PCE,4.159032286756201
1990-01-01,Core PCE,3.5501819708846654
1990-01-01,Cleveland median,4.482981469671259
1990-01-01,Dallas trimmed mean,4.063958815906176
1990-02-01,Headline PCE,4.271125137406486
1990-02-01,Core PCE,3.7890290940189004
1990-02-01,Cleveland median,4.410336932014218
1990-02-01,Dallas trimmed mean,3.9560892813393025
1990-03-01,Headline PCE,4.276478485126816
1990-03-01,Core PCE,3.9778659427855274
1990-03-01,Cleveland median,4.451685565664221
1990-03-01,Dallas trimmed mean,3.924007755441508
1990-04-01,Headline PCE,3.8042429240730655
1990-04-01,Core PCE,3.9385373129151304
1990-04-01,Cleveland median,4.639636579507993
1990-04-01,Dallas trimmed mean,4.073129836210228
1990-05-01,Headline PCE,3.6592828295190145
1990-05-01,Core PCE,3.9458440682655294
1990-05-01,Cleveland median,4.603450860466893
1990-05-01,Dallas trimmed mean,4.029306970245301
1990-06-01,Headline PCE,3.890303897282024
1990-06-01,Core PCE,4.073326780140363
1990-06-01,Cleveland median,4.437303463932096
1990-06-01,Dallas trimmed mean,3.9349897373936074
1990-07-01,Headline PCE,3.8984319253728756
1990-07-01,Core PCE,4.068047337278102
1990-07-01,Cleveland median,4.630809370965764
1990-07-01,Dallas trimmed mean,4.076374776846151
1990-08-01,Headline PCE,4.576619218320403
1990-08-01,Core PCE,4.356115911159961
1990-08-01,Cleveland median,4.625641769881213
1990-08-01,Dallas trimmed mean,4.094136075603842
1990-09-01,Headline PCE,4.984894259818745
1990-09-01,Core PCE,4.35817114295007
1990-09-01,Cleveland median,4.715301253707963
1990-09-01,Dallas trimmed mean,4.271341529596185
1990-10-01,Headline PCE,5.174769539424744
1990-10-01,Core PCE,4.333884804966658
1990-10-01,Cleveland median,4.725028362385132
1990-10-01,Dallas trimmed mean,4.26228769112906
1990-11-01,Headline PCE,5.078954180688584
1990-11-01,Core PCE,4.182897579396808
1990-11-01,Cleveland median,4.553055493078347
1990-11-01,Dallas trimmed mean,4.145922865048064
1990-12-01,Headline PCE,4.873264157761611
1990-12-01,Core PCE,4.031957119109819
1990-12-01,Cleveland median,4.474487106280222
1990-12-01,Dallas trimmed mean,4.018960979930284
1991-01-01,Headline PCE,4.48141000461122
1991-01-01,Core PCE,4.149980568087727
1991-01-01,Cleveland median,4.433868333151068
1991-01-01,Dallas trimmed mean,3.9747417159729252
1991-02-01,Headline PCE,4.075768138613526
1991-02-01,Core PCE,3.9332077756104127
1991-02-01,Cleveland median,4.370225939278384
1991-02-01,Dallas trimmed mean,3.975909451373653
1991-03-01,Headline PCE,3.706401504243374
1991-03-01,Core PCE,3.6516383840412345
1991-03-01,Cleveland median,4.179709572703388
1991-03-01,Dallas trimmed mean,3.8799305324620263
1991-04-01,Headline PCE,3.6766570312896363
1991-04-01,Core PCE,3.5506907828872727
1991-04-01,Cleveland median,3.846453268326357
1991-04-01,Dallas trimmed mean,3.5789591472241256
1991-05-01,Headline PCE,3.8724911452184188
1991-05-01,Core PCE,3.6463445063628086
1991-05-01,Cleveland median,3.7567980469606113
1991-05-01,Dallas trimmed mean,3.4945453471280956
1991-06-01,Headline PCE,3.590139709833423
1991-06-01,Core PCE,3.468160201494655
1991-06-01,Cleveland median,3.8625514449031044
1991-06-01,Dallas trimmed mean,3.576631212019876
1991-07-01,Headline PCE,3.4975460225464445
1991-07-01,Core PCE,3.5222558304821376
1991-07-01,Cleveland median,3.5791369453299637
1991-07-01,Dallas trimmed mean,3.350997644007549
1991-08-01,Headline PCE,3.05344781682642
1991-08-01,Core PCE,3.3759649729231427
1991-08-01,Cleveland median,3.4244642785981227
1991-08-01,Dallas trimmed mean,3.218235185444442
1991-09-01,Headline PCE,2.776813032332754
1991-09-01,Core PCE,3.428196506192066
1991-09-01,Cleveland median,3.1963173890318757
1991-09-01,Dallas trimmed mean,3.0229512219189587
1991-10-01,Headline PCE,2.3827925868675095
1991-10-01,Core PCE,3.3054338586281347
1991-10-01,Cleveland median,3.106071785054823
1991-10-01,Dallas trimmed mean,3.005771623634601
1991-11-01,Headline PCE,2.478320851399303
1991-11-01,Core PCE,3.37328152042582
1991-11-01,Cleveland median,3.0641235291814013
1991-11-01,Dallas trimmed mean,2.936368822727303
1991-12-01,Headline PCE,2.638444499138572
1991-12-01,Core PCE,3.4843716880533577
1991-12-01,Cleveland median,3.1237670735945926
1991-12-01,Dallas trimmed mean,3.075786120321993
1992-01-01,Headline PCE,2.3881524102195186
1992-01-01,Core PCE,3.251293865697562
1992-01-01,Cleveland median,3.131439249890903
1992-01-01,Dallas trimmed mean,3.1074067364472455
1992-02-01,Headline PCE,2.596065873741992
1992-02-01,Core PCE,3.2472050091413536
1992-02-01,Cleveland median,3.0561666314921325
1992-02-01,Dallas trimmed mean,2.9860437158766473
1992-03-01,Headline PCE,2.8225608859705034
1992-03-01,Core PCE,3.288878842676297
1992-03-01,Cleveland median,3.127786348135146
1992-03-01,Dallas trimmed mean,3.002938516730495
1992-04-01,Headline PCE,2.9136502967455726
1992-04-01,Core PCE,3.4208830164357096
1992-04-01,Cleveland median,3.2121412686573194
1992-04-01,Dallas trimmed mean,3.090966450717019
1992-05-01,Headline PCE,2.625596726528755
1992-05-01,Core PCE,3.15534370134975
1992-05-01,Cleveland median,3.150808434237362
1992-05-01,Dallas trimmed mean,3.0241928133380753
1992-06-01,Headline PCE,2.6341384341060063
1992-06-01,Core PCE,3.012395503026795
1992-06-01,Cleveland median,2.9984276952945095
1992-06-01,Dallas trimmed mean,2.9036405187324874
1992-07-01,Headline PCE,2.811270979332221
1992-07-01,Core PCE,3.0878784008174733
1992-07-01,Cleveland median,2.9709973398755807
1992-07-01,Dallas trimmed mean,2.900172196893976
1992-08-01,Headline PCE,2.70946698745378
1992-08-01,Core PCE,2.899496847334575
1992-08-01,Cleveland median,2.974296610126686
1992-08-01,Dallas trimmed mean,2.9070881072318855
1992-09-01,Headline PCE,2.52478115345005
1992-09-01,Core PCE,2.6564110697010648
1992-09-01,Cleveland median,2.9680079110796953
1992-09-01,Dallas trimmed mean,2.8416500466569232
1992-10-01,Headline PCE,2.695149373594603
1992-10-01,Core PCE,2.82463525018197
1992-10-01,Cleveland median,2.921951610872611
1992-10-01,Dallas trimmed mean,2.705339273052033
1992-11-01,Headline PCE,2.671602801416711
1992-11-01,Core PCE,2.8572782410917483
1992-11-01,Cleveland median,2.9690316432234454
1992-11-01,Dallas trimmed mean,2.7375755601799767
1992-12-01,Headline PCE,2.594599779387096
1992-12-01,Core PCE,2.7951093464422883
1992-12-01,Cleveland median,2.990884315034421
1992-12-01,Dallas trimmed mean,2.7061179259319204
1993-01-01,Headline PCE,2.7044286216034976
1993-01-01,Core PCE,2.814223535142446
1993-01-01,Cleveland median,2.920457854858711
1993-01-01,Dallas trimmed mean,2.5960189709984576
1993-02-01,Headline PCE,2.5988502635476323
1993-02-01,Core PCE,2.731375560221892
1993-02-01,Cleveland median,2.944562041464877
1993-02-01,Dallas trimmed mean,2.5958389366084873
1993-03-01,Headline PCE,2.5608031898838988
1993-03-01,Core PCE,2.699576383786905
1993-03-01,Cleveland median,2.9381815864061736
1993-03-01,Dallas trimmed mean,2.5881227314126676
1993-04-01,Headline PCE,2.5570747318557068
1993-04-01,Core PCE,2.661140800523512
1993-04-01,Cleveland median,2.89365321871324
1993-04-01,Dallas trimmed mean,2.5211147370752656
1993-05-01,Headline PCE,2.737211841210069
1993-05-01,Core PCE,2.8643442814245645
1993-05-01,Cleveland median,2.9863131573729476
1993-05-01,Dallas trimmed mean,2.605110016033535
1993-06-01,Headline PCE,2.5902234857458666
1993-06-01,Core PCE,2.882328249615256
1993-06-01,Cleveland median,3.0549552664736126
1993-06-01,Dallas trimmed mean,2.6564246667534377
1993-07-01,Headline PCE,2.4164095459983486
1993-07-01,Core PCE,2.7073072514945693
1993-07-01,Cleveland median,3.087385080019871
1993-07-01,Dallas trimmed mean,2.6246813791308057
1993-08-01,Headline PCE,2.454055243754823
1993-08-01,Core PCE,2.8054158607350104
1993-08-01,Cleveland median,3.043261475442833
1993-08-01,Dallas trimmed mean,2.5970673120375665
1993-09-01,Headline PCE,2.393546058104306
1993-09-01,Core PCE,2.793140738452024
1993-09-01,Cleveland median,3.0337892600704066
1993-09-01,Dallas trimmed mean,2.5831597178288774
1993-10-01,Headline PCE,2.3538427851981396
1993-10-01,Core PCE,2.56698317918098
1993-10-01,Cleveland median,2.953016033680612
1993-10-01,Dallas trimmed mean,2.612068724468017
1993-11-01,Headline PCE,2.3460914085914055
1993-11-01,Core PCE,2.607453816741142
1993-11-01,Cleveland median,2.843981956954366
1993-11-01,Dallas trimmed mean,2.558189466497268
1993-12-01,Headline PCE,2.190850162054332
1993-12-01,Core PCE,2.463137242880336
1993-12-01,Cleveland median,2.7308675899217434
1993-12-01,Dallas trimmed mean,2.4911729742586743
1994-01-01,Headline PCE,1.9772430516694612
1994-01-01,Core PCE,2.2466071646900474
1994-01-01,Cleveland median,2.7271473733036373
1994-01-01,Dallas trimmed mean,2.4569664289868314
1994-02-01,Headline PCE,2.0596315323844863
1994-02-01,Core PCE,2.2728312765989926
1994-02-01,Cleveland median,2.7120991112241484
1994-02-01,Dallas trimmed mean,2.418284882903748
1994-03-01,Headline PCE,2.1313176685614934
1994-03-01,Core PCE,2.3972602739726057
1994-03-01,Cleveland median,2.7366293105271637
1994-03-01,Dallas trimmed mean,2.4194539822430414
1994-04-01,Headline PCE,1.9804427417236923
1994-04-01,Core PCE,2.253722056122996
1994-04-01,Cleveland median,2.778945481924339
1994-04-01,Dallas trimmed mean,2.4667253824436415
1994-05-01,Headline PCE,1.8141776908505705
1994-05-01,Core PCE,2.135704994403582
1994-05-01,Cleveland median,2.669562044414704
1994-05-01,Dallas trimmed mean,2.3672604196679714
1994-06-01,Headline PCE,2.0275575398352714
1994-06-01,Core PCE,2.265137434456065
1994-06-01,Cleveland median,2.7085482270946386
1994-06-01,Dallas trimmed mean,2.3310790221234186
1994-07-01,Headline PCE,2.1857083570297533
1994-07-01,Core PCE,2.2679977078746703
1994-07-01,Cleveland median,2.718806813662326
1994-07-01,Dallas trimmed mean,2.3812542989235936
1994-08-01,Headline PCE,2.2464324075494915
1994-08-01,Core PCE,2.191516902977213
1994-08-01,Cleveland median,2.7252246263835644
1994-08-01,Dallas trimmed mean,2.392480355764093
1994-09-01,Headline PCE,2.253287961004318
1994-09-01,Core PCE,2.1927319727073353
1994-09-01,Cleveland median,2.725463590160544
1994-09-01,Dallas trimmed mean,2.3748272790682137
1994-10-01,Headline PCE,2.1056491908989443
1994-10-01,Core PCE,2.2656683721697704
1994-10-01,Cleveland median,2.7620309665547893
1994-10-01,Dallas trimmed mean,2.350984152403626
1994-11-01,Headline PCE,2.106242469534976
1994-11-01,Core PCE,2.1894969993564644
1994-11-01,Cleveland median,2.750055901317296
1994-11-01,Dallas trimmed mean,2.301699630226267
1994-12-01,Headline PCE,2.1484553688512165
1994-12-01,Core PCE,2.178043052252093
1994-12-01,Cleveland median,2.7869641278198856
1994-12-01,Dallas trimmed mean,2.3150150552551594
1995-01-01,Headline PCE,2.3215047862935165
1995-01-01,Core PCE,2.351200263071334
1995-01-01,Cleveland median,2.6955200286321173
1995-01-01,Dallas trimmed mean,2.2771963646785736
1995-02-01,Headline PCE,2.2659529168440855
1995-02-01,Core PCE,2.296896207138289
1995-02-01,Cleveland median,2.7884763440417117
1995-02-01,Dallas trimmed mean,2.3805458746947608
1995-03-01,Headline PCE,2.173286622078649
1995-03-01,Core PCE,2.1999256781865455
1995-03-01,Cleveland median,2.7019193556816106
1995-03-01,Dallas trimmed mean,2.3090927672766384
1995-04-01,Headline PCE,2.320684692872831
1995-04-01,Core PCE,2.2841961529328074
1995-04-01,Cleveland median,2.7016726998571556
1995-04-01,Dallas trimmed mean,2.2666580107017182
1995-05-01,Headline PCE,2.3294156796902
1995-05-01,Core PCE,2.230252051061825
1995-05-01,Cleveland median,2.748135718626159
1995-05-01,Dallas trimmed mean,2.3183317880696848
1995-06-01,Headline PCE,2.180408015451448
1995-06-01,Core PCE,2.092322241267212
1995-06-01,Cleveland median,2.6224495484946715
1995-06-01,Dallas trimmed mean,2.2633693424426014
1995-07-01,Headline PCE,1.987033889381948
1995-07-01,Core PCE,2.0392816066531054
1995-07-01,Cleveland median,2.5867158996136084
1995-07-01,Dallas trimmed mean,2.2031665187172536
1995-08-01,Headline PCE,1.971966263469099
1995-08-01,Core PCE,2.1695584293162824
1995-08-01,Cleveland median,2.568855143404363
1995-08-01,Dallas trimmed mean,2.1636337799606764
1995-09-01,Headline PCE,1.9293038316243951
1995-09-01,Core PCE,2.1486242040090104
1995-09-01,Cleveland median,2.57878278274832
1995-09-01,Dallas trimmed mean,2.2139460485562097
1995-10-01,Headline PCE,2.020322952365291
1995-10-01,Core PCE,2.156785069765405
1995-10-01,Cleveland median,2.6185140156232904
1995-10-01,Dallas trimmed mean,2.2399845746212748
1995-11-01,Headline PCE,1.8238035490231113
1995-11-01,Core PCE,2.0356755806801203
1995-11-01,Cleveland median,2.680718917679073
1995-11-01,Dallas trimmed mean,2.3264966159848797
1995-12-01,Headline PCE,1.953993820065378
1995-12-01,Core PCE,2.144791742917775
1995-12-01,Cleveland median,2.6384942782620584
1995-12-01,Dallas trimmed mean,2.2978395214705785
1996-01-01,Headline PCE,1.973870424717333
1996-01-01,Core PCE,2.0065717415115074
1996-01-01,Cleveland median,2.6718069474952983
1996-01-01,Dallas trimmed mean,2.347785399134466
1996-02-01,Headline PCE,1.954019569937259
1996-02-01,Core PCE,1.9726770379226366
1996-02-01,Cleveland median,2.539343537368893
1996-02-01,Dallas trimmed mean,2.2738475647504828
1996-03-01,Headline PCE,2.0736232744544907
1996-03-01,Core PCE,1.9591302450730979
1996-03-01,Cleveland median,2.5201917167454297
1996-03-01,Dallas trimmed mean,2.281952999954001
1996-04-01,Headline PCE,2.111122625727276
1996-04-01,Core PCE,1.8602626423855497
1996-04-01,Cleveland median,2.4712364835282727
1996-04-01,Dallas trimmed mean,2.289772733517154
1996-05-01,Headline PCE,2.1300498144890696
1996-05-01,Core PCE,1.864352763935571
1996-05-01,Cleveland median,2.410584035937873
1996-05-01,Dallas trimmed mean,2.2405164945960507
1996-06-01,Headline PCE,2.02903259152059
1996-06-01,Core PCE,1.8540496728999045
1996-06-01,Cleveland median,2.458107888158324
1996-06-01,Dallas trimmed mean,2.2671885842522386
1996-07-01,Headline PCE,2.1164567416890065
1996-07-01,Core PCE,1.8843658328636934
1996-07-01,Cleveland median,2.4854143001558526
1996-07-01,Dallas trimmed mean,2.3043866690368304
1996-08-01,Headline PCE,1.9941720138929782
1996-08-01,Core PCE,1.7284876093819719
1996-08-01,Cleveland median,2.561131244367786
1996-08-01,Dallas trimmed mean,2.335321007674395
1996-09-01,Headline PCE,2.2119273475990724
1996-09-01,Core PCE,1.9033084741858488
1996-09-01,Cleveland median,2.5749948880860387
1996-09-01,Dallas trimmed mean,2.3309331403637827
1996-10-01,Headline PCE,2.256091299819559
1996-10-01,Core PCE,1.8972525026211144
1996-10-01,Cleveland median,2.5894654156169565
1996-10-01,Dallas trimmed mean,2.3767691985529353
1996-11-01,Headline PCE,2.440992239874447
1996-11-01,Core PCE,1.9649213457342967
1996-11-01,Cleveland median,2.5582415899877446
1996-11-01,Dallas trimmed mean,2.3455630516810118
1996-12-01,Headline PCE,2.363103953147899
1996-12-01,Core PCE,1.8603984520567707
1996-12-01,Cleveland median,2.5822039881486774
1996-12-01,Dallas trimmed mean,2.3852415449329527
1997-01-01,Headline PCE,2.2687430608309285
1997-01-01,Core PCE,1.853999341436534
1997-01-01,Cleveland median,2.5944200661237318
1997-01-01,Dallas trimmed mean,2.3631758984680857
1997-02-01,Headline PCE,2.32059509918318
1997-02-01,Core PCE,1.9302259079210842
1997-02-01,Cleveland median,2.6197768268502557
1997-02-01,Dallas trimmed mean,2.334177224261964
1997-03-01,Headline PCE,2.1202030043480136
1997-03-01,Core PCE,1.9371772559983782
1997-03-01,Cleveland median,2.6376006276688457
1997-03-01,Dallas trimmed mean,2.3331079049753356
1997-04-01,Headline PCE,1.9152421962216977
1997-04-01,Core PCE,1.9986609114349392
1997-04-01,Cleveland median,2.633582059094806
1997-04-01,Dallas trimmed mean,2.2921976925507153
1997-05-01,Headline PCE,1.6933943148266053
1997-05-01,Core PCE,1.8956469801902642
1997-05-01,Cleveland median,2.6651015561271407
1997-05-01,Dallas trimmed mean,2.3055441774024956
1997-06-01,Headline PCE,1.8251291774616334
1997-06-01,Core PCE,1.968084350532152
1997-06-01,Cleveland median,2.579373257609859
1997-06-01,Dallas trimmed mean,2.231048976999773
1997-07-01,Headline PCE,1.6710718257579202
1997-07-01,Core PCE,1.8466775405999698
1997-07-01,Cleveland median,2.6024934603517806
1997-07-01,Dallas trimmed mean,2.22104335760487
1997-08-01,Headline PCE,1.6550510078928937
1997-08-01,Core PCE,1.717541025423003
1997-08-01,Cleveland median,2.555172859013936
1997-08-01,Dallas trimmed mean,2.1313714640755137
1997-09-01,Headline PCE,1.6129728485302195
1997-09-01,Core PCE,1.6205142695676784
1997-09-01,Cleveland median,2.4973427335181384
1997-09-01,Dallas trimmed mean,2.0649039800172204
1997-10-01,Headline PCE,1.4388386004676477
1997-10-01,Core PCE,1.5335175057788746
1997-10-01,Cleveland median,2.4848503992079003
1997-10-01,Dallas trimmed mean,2.051804515950593
1997-11-01,Headline PCE,1.264445176349298
1997-11-01,Core PCE,1.4315676862656943
1997-11-01,Cleveland median,2.4295882618392994
1997-11-01,Dallas trimmed mean,1.8961813861901362
1997-12-01,Headline PCE,1.1256686786623504
1997-12-01,Core PCE,1.452130354027119
1997-12-01,Cleveland median,2.371258528322656
1997-12-01,Dallas trimmed mean,1.8106852600668049
1998-01-01,Headline PCE,1.0442111277765918
1998-01-01,Core PCE,1.498369504104332
1998-01-01,Cleveland median,2.318199171049784
1998-01-01,Dallas trimmed mean,1.7437016561286498
1998-02-01,Headline PCE,0.7811720431640339
1998-02-01,Core PCE,1.3774722962547372
1998-02-01,Cleveland median,2.268162326309536
1998-02-01,Dallas trimmed mean,1.6695689861706597
1998-03-01,Headline PCE,0.6906372374510426
1998-03-01,Core PCE,1.2440526168485917
1998-03-01,Cleveland median,2.2761873107044437
1998-03-01,Dallas trimmed mean,1.6176577445565812
1998-04-01,Headline PCE,0.7169886476797558
1998-04-01,Core PCE,1.2318435754190062
1998-04-01,Cleveland median,2.303248461845911
1998-04-01,Dallas trimmed mean,1.6509689665654008
1998-05-01,Headline PCE,0.900913722922752
1998-05-01,Core PCE,1.2560710098810972
1998-05-01,Cleveland median,2.2959713905625705
1998-05-01,Dallas trimmed mean,1.6251363586073637
1998-06-01,Headline PCE,0.6865476461223494
1998-06-01,Core PCE,0.9796817079628823
1998-06-01,Cleveland median,2.390565958903082
1998-06-01,Dallas trimmed mean,1.68876099042798
1998-07-01,Headline PCE,0.8750745802199162
1998-07-01,Core PCE,1.1948695809600878
1998-07-01,Cleveland median,2.306957919461297
1998-07-01,Dallas trimmed mean,1.6209030897659886
1998-08-01,Headline PCE,0.9339957416607518
1998-08-01,Core PCE,1.433586892919834
1998-08-01,Cleveland median,2.2990363073032825
1998-08-01,Dallas trimmed mean,1.6715583332962183
1998-09-01,Headline PCE,0.6329651656754436
1998-09-01,Core PCE,1.206779095471802
1998-09-01,Cleveland median,2.407733356177971
1998-09-01,Dallas trimmed mean,1.7152451415189773
1998-10-01,Headline PCE,0.7226496209978421
1998-10-01,Core PCE,1.2507635071353036
1998-10-01,Cleveland median,2.4654653957282022
1998-10-01,Dallas trimmed mean,1.6735383579195684
1998-11-01,Headline PCE,0.7211946377057643
1998-11-01,Core PCE,1.2378916983540904
1998-11-01,Cleveland median,2.465207917802786
1998-11-01,Dallas trimmed mean,1.7598746805385588
1998-12-01,Headline PCE,0.8444010692918198
1998-12-01,Core PCE,1.353675450762836
1998-12-01,Cleveland median,2.4901674809309213
1998-12-01,Dallas trimmed mean,1.7755732376018472
1999-01-01,Headline PCE,0.935874236598039
1999-01-01,Core PCE,1.343304251488746
1999-01-01,Cleveland median,2.5372263230987357
1999-01-01,Dallas trimmed mean,1.8048472277559995
1999-02-01,Headline PCE,0.9321206806319822
1999-02-01,Core PCE,1.22177330086339
1999-02-01,Cleveland median,2.5617147278132535
1999-02-01,Dallas trimmed mean,1.8428842674868662
1999-03-01,Headline PCE,0.9927874416631539
1999-03-01,Core PCE,1.1444525840025506
1999-03-01,Cleveland median,2.509270408218896
1999-03-01,Dallas trimmed mean,1.7979705501501826
1999-04-01,Headline PCE,1.3545580383626685
1999-04-01,Core PCE,1.2182334924532938
1999-04-01,Cleveland median,2.434818309430881
1999-04-01,Dallas trimmed mean,1.7200597400909743
1999-05-01,Headline PCE,1.2821778686790424
1999-05-01,Core PCE,1.2170581100452011
1999-05-01,Cleveland median,2.4474502477461755
1999-05-01,Dallas trimmed mean,1.7692462515467469
1999-06-01,Headline PCE,1.3990259052728078
1999-06-01,Core PCE,1.3979934033480106
1999-06-01,Cleveland median,2.416369234683742
1999-06-01,Dallas trimmed mean,1.7300247415547716
1999-07-01,Headline PCE,1.4181101253344366
1999-07-01,Core PCE,1.2949838299043392
1999-07-01,Cleveland median,2.4428819818632235
1999-07-01,Dallas trimmed mean,1.7476870027109044
1999-08-01,Headline PCE,1.462563987174434
1999-08-01,Core PCE,1.146867746233184
1999-08-01,Cleveland median,2.4521741125488745
1999-08-01,Dallas trimmed mean,1.7840800803284367
1999-09-01,Headline PCE,1.8855446269013783
1999-09-01,Core PCE,1.4314169929253495
1999-09-01,Cleveland median,2.3918583125747546
1999-09-01,Dallas trimmed mean,1.7458086180778878
1999-10-01,Headline PCE,1.8336773233365733
1999-10-01,Core PCE,1.4066934477699817
1999-10-01,Cleveland median,2.33021068574854
1999-10-01,Dallas trimmed mean,1.7805448243477997
1999-11-01,Headline PCE,1.9206469547637113
1999-11-01,Core PCE,1.4859492803289953
1999-11-01,Cleveland median,2.296655004066281
1999-11-01,Dallas trimmed mean,1.7755086002219258
1999-12-01,Headline PCE,2.054756094140103
1999-12-01,Core PCE,1.4395971317532599
1999-12-01,Cleveland median,2.342514060220253
1999-12-01,Dallas trimmed mean,1.81625835198777
2000-01-01,Headline PCE,2.1891369506148664
2000-01-01,Core PCE,1.538671768242665
2000-01-01,Cleveland median,2.3184940016708566
2000-01-01,Dallas trimmed mean,1.8372142360757664
2000-02-01,Headline PCE,2.5687379130581007
2000-02-01,Core PCE,1.722370309616565
2000-02-01,Cleveland median,2.4254279692532634
2000-02-01,Dallas trimmed mean,1.9678583811818697
2000-03-01,Headline PCE,2.9308799641516714
2000-03-01,Core PCE,1.900870492094512
2000-03-01,Cleveland median,2.499297446110745
2000-03-01,Dallas trimmed mean,2.0923802906692544
2000-04-01,Headline PCE,2.3509901473026957
2000-04-01,Core PCE,1.706535814080297
2000-04-01,Cleveland median,2.5756293966306743
2000-04-01,Dallas trimmed mean,2.202117887648413
2000-05-01,Headline PCE,2.3689488050804925
2000-05-01,Core PCE,1.7185265881391842
2000-05-01,Cleveland median,2.569882206976388
2000-05-01,Dallas trimmed mean,2.1430240063562707
2000-06-01,Headline PCE,2.6842647509258626
2000-06-01,Core PCE,1.7421128562484824
2000-06-01,Cleveland median,2.5664252622850086
2000-06-01,Dallas trimmed mean,2.1781574635063095
2000-07-01,Headline PCE,2.6688143077328874
2000-07-01,Core PCE,1.7919734804227971
2000-07-01,Cleveland median,2.65655089996082
2000-07-01,Dallas trimmed mean,2.230454661716948
2000-08-01,Headline PCE,2.4754670954149702
2000-08-01,Core PCE,1.872572716656265
2000-08-01,Cleveland median,2.712782468272735
2000-08-01,Dallas trimmed mean,2.275163132336928
2000-09-01,Headline PCE,2.548096178546274
2000-09-01,Core PCE,1.8500209921854918
2000-09-01,Cleveland median,2.683682935389271
2000-09-01,Dallas trimmed mean,2.3001758400094587
2000-10-01,Headline PCE,2.514856126514914
2000-10-01,Core PCE,1.818476805970576
2000-10-01,Cleveland median,2.7432729637540234
2000-10-01,Dallas trimmed mean,2.3639873261372344
2000-11-01,Headline PCE,2.566327795685595
2000-11-01,Core PCE,1.900478158683839
2000-11-01,Cleveland median,2.7973542297744274
2000-11-01,Dallas trimmed mean,2.413957033610444
2000-12-01,Headline PCE,2.484779352143235
2000-12-01,Core PCE,1.8710878480466135
2000-12-01,Cleveland median,2.798457879263111
2000-12-01,Dallas trimmed mean,2.4292003119477386
2001-01-01,Headline PCE,2.7014432367977577
2001-01-01,Core PCE,2.005221651010686
2001-01-01,Cleveland median,2.841066123308721
2001-01-01,Dallas trimmed mean,2.471560557615618
2001-02-01,Headline PCE,2.537197196376596
2001-02-01,Core PCE,2.035879862930855
2001-02-01,Cleveland median,2.8242563967225465
2001-02-01,Dallas trimmed mean,2.4718152533814077
2001-03-01,Headline PCE,2.108700088429387
2001-03-01,Core PCE,1.9324643278618225
2001-03-01,Cleveland median,2.9096783415133274
2001-03-01,Dallas trimmed mean,2.5039281626484353
2001-04-01,Headline PCE,2.373236751810893
2001-04-01,Core PCE,2.0276880603615837
2001-04-01,Cleveland median,2.9143213115741418
2001-04-01,Dallas trimmed mean,2.4815847717874817
2001-05-01,Headline PCE,2.557649139514325
2001-05-01,Core PCE,1.9425144249434254
2001-05-01,Cleveland median,2.9757886481214086
2001-05-01,Dallas trimmed mean,2.590661150898967
2001-06-01,Headline PCE,2.391734685576367
2001-06-01,Core PCE,2.0921957353452427
2001-06-01,Cleveland median,3.022604106201655
2001-06-01,Dallas trimmed mean,2.5853692072191876
2001-07-01,Headline PCE,2.1017325092305867
2001-07-01,Core PCE,2.1221221221221214
2001-07-01,Cleveland median,3.055229950038239
2001-07-01,Dallas trimmed mean,2.670417641349431
2001-08-01,Headline PCE,2.0964644142072615
2001-08-01,Core PCE,2.0420948801002368
2001-08-01,Cleveland median,3.0841410290551607
2001-08-01,Dallas trimmed mean,2.618263774981642
2001-09-01,Headline PCE,1.3130959435436296
2001-09-01,Core PCE,1.2167067803146097
2001-09-01,Cleveland median,3.220963365767517
2001-09-01,Dallas trimmed mean,2.665812807107841
2001-10-01,Headline PCE,1.5318816994606976
2001-10-01,Core PCE,1.787326711637533
2001-10-01,Cleveland median,3.196125060130896
2001-10-01,Dallas trimmed mean,2.5733986509461744
2001-11-01,Headline PCE,1.3215681534308459
2001-11-01,Core PCE,1.814663114221716
2001-11-01,Cleveland median,3.2435438423651988
2001-11-01,Dallas trimmed mean,2.5471760229631286
2001-12-01,Headline PCE,1.062075069396954
2001-12-01,Core PCE,1.7387274051513089
2001-12-01,Cleveland median,3.234007631047646
2001-12-01,Dallas trimmed mean,2.530948273592017
2002-01-01,Headline PCE,0.665937116318787
2002-01-01,Core PCE,1.418280648055287
2002-01-01,Cleveland median,3.202570177386704
2002-01-01,Dallas trimmed mean,2.4550687517248377
2002-02-01,Headline PCE,0.679565078349853
2002-02-01,Core PCE,1.4328987225075593
2002-02-01,Cleveland median,3.1434165815580997
2002-02-01,Dallas trimmed mean,2.322975930475721
2002-03-01,Headline PCE,0.9433082406235371
2002-03-01,Core PCE,1.4485126761304628
2002-03-01,Cleveland median,3.1128566564797353
2002-03-01,Dallas trimmed mean,2.293336099670924
2002-04-01,Headline PCE,1.1877053213986528
2002-04-01,Core PCE,1.5696834362275212
2002-04-01,Cleveland median,3.1590305110897816
2002-04-01,Dallas trimmed mean,2.278841168213887
2002-05-01,Headline PCE,0.9882602639782192
2002-05-01,Core PCE,1.6586121762882868
2002-05-01,Cleveland median,3.0934549836741496
2002-05-01,Dallas trimmed mean,2.220088307606474
2002-06-01,Headline PCE,0.9362006409068044
2002-06-01,Core PCE,1.5933331586257538
2002-06-01,Cleveland median,3.0419460175847917
2002-06-01,Dallas trimmed mean,2.1846592007893406
2002-07-01,Headline PCE,1.1921635118487899
2002-07-01,Core PCE,1.5382604718029
2002-07-01,Cleveland median,2.976445900897275
2002-07-01,Dallas trimmed mean,2.087934951761696
2002-08-01,Headline PCE,1.402946319749887
2002-08-01,Core PCE,1.6877196190874315
2002-08-01,Cleveland median,2.932006188209499
2002-08-01,Dallas trimmed mean,2.1107911004240236
2002-09-01,Headline PCE,1.9328166748640712
2002-09-01,Core PCE,2.4356919519693037
2002-09-01,Cleveland median,2.802977663450349
2002-09-01,Dallas trimmed mean,2.07839359619409
2002-10-01,Headline PCE,1.7604514385630239
2002-10-01,Core PCE,1.805515693897263
2002-10-01,Cleveland median,2.8102967869048996
2002-10-01,Dallas trimmed mean,2.1361399802664067
2002-11-01,Headline PCE,1.929985021407461
2002-11-01,Core PCE,1.6976956125504472
2002-11-01,Cleveland median,2.785798570592405
2002-11-01,Dallas trimmed mean,2.143324446796484
2002-12-01,Headline PCE,2.1336730225707754
2002-12-01,Core PCE,1.7688863435205917
2002-12-01,Cleveland median,2.7761622474458107
2002-12-01,Dallas trimmed mean,2.1240378526055537
2003-01-01,Headline PCE,2.346515358407018
2003-01-01,Core PCE,1.7809056731407082
2003-01-01,Cleveland median,2.8215914119443823
2003-01-01,Dallas trimmed mean,2.1663618804919906
2003-02-01,Headline PCE,2.604621615183021
2003-02-01,Core PCE,1.7268690436002032
2003-02-01,Cleveland median,2.85794329383981
2003-02-01,Dallas trimmed mean,2.178335759771997
2003-03-01,Headline PCE,2.5896545807320166
2003-03-01,Core PCE,1.7689015691868804
2003-03-01,Cleveland median,2.73503550938446
2003-03-01,Dallas trimmed mean,2.1334701777025344
2003-04-01,Headline PCE,1.988696109358571
2003-04-01,Core PCE,1.598448108632411
2003-04-01,Cleveland median,2.6594635232809054
2003-04-01,Dallas trimmed mean,2.124471744635329
2003-05-01,Headline PCE,1.804807566005536
2003-05-01,Core PCE,1.6315510715531474
2003-05-01,Cleveland median,2.517872473624678
2003-05-01,Dallas trimmed mean,1.9944295842837931
2003-06-01,Headline PCE,1.7881272548376614
2003-06-01,Core PCE,1.5270719942218847
2003-06-01,Cleveland median,2.4540963429518854
2003-06-01,Dallas trimmed mean,1.9832955228032745
2003-07-01,Headline PCE,1.8627361145654646
2003-07-01,Core PCE,1.5741646501570443
2003-07-01,Cleveland median,2.369004490166347
2003-07-01,Dallas trimmed mean,1.9153638015945091
2003-08-01,Headline PCE,2.006715179702894
2003-08-01,Core PCE,1.488856060119474
2003-08-01,Cleveland median,2.3679796540337037
2003-08-01,Dallas trimmed mean,1.9436376769033785
2003-09-01,Headline PCE,2.1413387931821433
2003-09-01,Core PCE,1.4646283281177972
2003-09-01,Cleveland median,2.3755298873500834
2003-09-01,Dallas trimmed mean,1.9542401864658814
2003-10-01,Headline PCE,1.9682118170812686
2003-10-01,Core PCE,1.5659037904610642
2003-10-01,Cleveland median,2.331923359672359
2003-10-01,Dallas trimmed mean,1.8873799518014778
2003-11-01,Headline PCE,1.99617670390262
2003-11-01,Core PCE,1.6053460327213998
2003-11-01,Cleveland median,2.360852166354775
2003-11-01,Dallas trimmed mean,1.880871877360363
2003-12-01,Headline PCE,2.122877447350291
2003-12-01,Core PCE,1.6371007968076583
2003-12-01,Cleveland median,2.3426183914019276
2003-12-01,Dallas trimmed mean,1.8661277302718986
2004-01-01,Headline PCE,2.2124065750443833
2004-01-01,Core PCE,1.828987730061371
2004-01-01,Cleveland median,2.2392955712059717
2004-01-01,Dallas trimmed mean,1.8339708147131972
2004-02-01,Headline PCE,2.000619147124837
2004-02-01,Core PCE,1.853270026037677
2004-02-01,Cleveland median,2.155933036871204
2004-02-01,Dallas trimmed mean,1.898623428818297
2004-03-01,Headline PCE,1.8964297201672622
2004-03-01,Core PCE,1.8604888243239657
2004-03-01,Cleveland median,2.22400745167306
2004-03-01,Dallas trimmed mean,1.966134818985978
2004-04-01,Headline PCE,2.259224414573467
2004-04-01,Core PCE,2.0124489250391377
2004-04-01,Cleveland median,2.227583329599142
2004-04-01,Dallas trimmed mean,1.965240168309677
2004-05-01,Headline PCE,2.7095375722543196
2004-05-01,Core PCE,2.005745227139826
2004-05-01,Cleveland median,2.485024977577524
2004-05-01,Dallas trimmed mean,2.171870857588388
2004-06-01,Headline PCE,2.8909109656132443
2004-06-01,Core PCE,2.11006377194542
2004-06-01,Cleveland median,2.5694458527391646
2004-06-01,Dallas trimmed mean,2.2531655139951425
2004-07-01,Headline PCE,2.684537884239745
2004-07-01,Core PCE,1.9755433060888237
2004-07-01,Cleveland median,2.666550373570516
2004-07-01,Dallas trimmed mean,2.3691352552962712
2004-08-01,Headline PCE,2.391167919671105
2004-08-01,Core PCE,1.8999038023391108
2004-08-01,Cleveland median,2.6275086402875587
2004-08-01,Dallas trimmed mean,2.305723970618118
2004-09-01,Headline PCE,2.2739169847937575
2004-09-01,Core PCE,1.949086128877326
2004-09-01,Cleveland median,2.6363306044495687
2004-09-01,Dallas trimmed mean,2.2709146526409967
2004-10-01,Headline PCE,2.700011489410599
2004-10-01,Core PCE,1.982084279586175
2004-10-01,Cleveland median,2.5785100391852325
2004-10-01,Dallas trimmed mean,2.264860609862751
2004-11-01,Headline PCE,2.965626274989802
2004-11-01,Core PCE,2.062544098377188
2004-11-01,Cleveland median,2.4840585201328054
2004-11-01,Dallas trimmed mean,2.272755768501966
2004-12-01,Headline PCE,2.793715412505577
2004-12-01,Core PCE,2.066266500559962
2004-12-01,Cleveland median,2.437508879912002
2004-12-01,Dallas trimmed mean,2.3084095482603857
2005-01-01,Headline PCE,2.532030566855468
2005-01-01,Core PCE,2.1714300058992535
2005-01-01,Cleveland median,2.487157656479752
2005-01-01,Dallas trimmed mean,2.335522559137516
2005-02-01,Headline PCE,2.598732880610058
2005-02-01,Core PCE,2.175438596491233
2005-02-01,Cleveland median,2.57448930563298
2005-02-01,Dallas trimmed mean,2.4023219195790944
2005-03-01,Headline PCE,2.747509438250489
2005-03-01,Core PCE,2.2556108789751477
2005-03-01,Cleveland median,2.6251580687073357
2005-03-01,Dallas trimmed mean,2.422682707874941
2005-04-01,Headline PCE,2.8445038187180103
2005-04-01,Core PCE,2.1075091712210963
2005-04-01,Cleveland median,2.57445968017862
2005-04-01,Dallas trimmed mean,2.4173213033421774
2005-05-01,Headline PCE,2.56896638359882
2005-05-01,Core PCE,2.1768927877186854
2005-05-01,Cleveland median,2.423824542847953
2005-05-01,Dallas trimmed mean,2.3264880466258973
2005-06-01,Headline PCE,2.3411957760769724
2005-06-01,Core PCE,2.0863658418243602
2005-06-01,Cleveland median,2.421872326689538
2005-06-01,Dallas trimmed mean,2.287725775922638
2005-07-01,Headline PCE,2.6794318252925393
2005-07-01,Core PCE,2.114968809801937
2005-07-01,Cleveland median,2.327140705515788
2005-07-01,Dallas trimmed mean,2.224884535112409
2005-08-01,Headline PCE,3.0408025417156637
2005-08-01,Core PCE,2.158872119744103
2005-08-01,Cleveland median,2.3614765108549705
2005-08-01,Dallas trimmed mean,2.27458157654074
2005-09-01,Headline PCE,3.83002097273544
2005-09-01,Core PCE,2.1932652251537235
2005-09-01,Cleveland median,2.3326013407519923
2005-09-01,Dallas trimmed mean,2.2823800542636263
2005-10-01,Headline PCE,3.5513623707239503
2005-10-01,Core PCE,2.2652200269698426
2005-10-01,Cleveland median,2.456434462223541
2005-10-01,Dallas trimmed mean,2.409231396106563
2005-11-01,Headline PCE,2.938408578716661
2005-11-01,Core PCE,2.306030491944952
2005-11-01,Cleveland median,2.5544897283227925
2005-11-01,Dallas trimmed mean,2.4627477849623887
2005-12-01,Headline PCE,2.8836276778752676
2005-12-01,Core PCE,2.2808812832114853
2005-12-01,Cleveland median,2.6486742650044164
2005-12-01,Dallas trimmed mean,2.494985750186345
2006-01-01,Headline PCE,3.24693784221391
2006-01-01,Core PCE,2.14247982211522
2006-01-01,Cleveland median,2.6212679034847213
2006-01-01,Dallas trimmed mean,2.4691984758379135
2006-02-01,Headline PCE,3.022235369521269
2006-02-01,Core PCE,2.137706043956044
2006-02-01,Cleveland median,2.642288474387456
2006-02-01,Dallas trimmed mean,2.428356213049625
2006-03-01,Headline PCE,2.9136712749615867
2006-03-01,Core PCE,2.1679288449539342
2006-03-01,Cleveland median,2.573537125825979
2006-03-01,Dallas trimmed mean,2.362557234424287
2006-04-01,Headline PCE,3.1028271019448113
2006-04-01,Core PCE,2.362185479830387
2006-04-01,Cleveland median,2.6997464509424844
2006-04-01,Dallas trimmed mean,2.4265478071128825
2006-05-01,Headline PCE,3.3215348626437446
2006-05-01,Core PCE,2.408565958121443
2006-05-01,Cleveland median,2.8527394805881983
2006-05-01,Dallas trimmed mean,2.5036175642744922
2006-06-01,Headline PCE,3.5116279069767415
2006-06-01,Core PCE,2.5957882421760843
2006-06-01,Cleveland median,2.99009369911613
2006-06-01,Dallas trimmed mean,2.642450707099215
2006-07-01,Headline PCE,3.427345635375275
2006-07-01,Core PCE,2.5457554517134042
2006-07-01,Cleveland median,3.1911108122093594
2006-07-01,Dallas trimmed mean,2.80311841489673
2006-08-01,Headline PCE,3.3358825885866423
2006-08-01,Core PCE,2.6713519691645473
2006-08-01,Cleveland median,3.22541727080619
2006-08-01,Dallas trimmed mean,2.8302110123969726
2006-09-01,Headline PCE,2.080026932140626
2006-09-01,Core PCE,2.606005459508637
2006-09-01,Cleveland median,3.3315365738674814
2006-09-01,Dallas trimmed mean,2.9107943934985485
2006-10-01,Headline PCE,1.6769701698577535
2006-10-01,Core PCE,2.4969151484357894
2006-10-01,Cleveland median,3.295671877748532
2006-10-01,Dallas trimmed mean,2.8254523563451954
2006-11-01,Headline PCE,1.9246731063020945
2006-11-01,Core PCE,2.284218020344369
2006-11-01,Cleveland median,3.321505645409914
2006-11-01,Dallas trimmed mean,2.768681501884629
2006-12-01,Headline PCE,2.2867522344251796
2006-12-01,Core PCE,2.3156016827589525
2006-12-01,Cleveland median,3.2597629156749974
2006-12-01,Dallas trimmed mean,2.635087558005921
2007-01-01,Headline PCE,2.1332631024493054
2007-01-01,Core PCE,2.5004510193036253
2007-01-01,Cleveland median,3.4032367695057104
2007-01-01,Dallas trimmed mean,2.7444976157421337
2007-02-01,Headline PCE,2.3892132465543625
2007-02-01,Core PCE,2.556466816364278
2007-02-01,Cleveland median,3.4132054470557023
2007-02-01,Dallas trimmed mean,2.7745213056079336
2007-03-01,Headline PCE,2.5648986220237617
2007-03-01,Core PCE,2.3769893065418017
2007-03-01,Cleveland median,3.4960600779011344
2007-03-01,Dallas trimmed mean,2.8873366268312566
2007-04-01,Headline PCE,2.3307779164438074
2007-04-01,Core PCE,2.2109736879805126
2007-04-01,Cleveland median,3.427351392276364
2007-04-01,Dallas trimmed mean,2.8218566972817456
2007-05-01,Headline PCE,2.3529830134777967
2007-05-01,Core PCE,2.0756424607616566
2007-05-01,Cleveland median,3.2674041723260245
2007-05-01,Dallas trimmed mean,2.73721146361747
2007-06-01,Headline PCE,2.3176341212500944
2007-06-01,Core PCE,1.9872662913073214
2007-06-01,Cleveland median,3.066671473451322
2007-06-01,Dallas trimmed mean,2.581705048181007
2007-07-01,Headline PCE,2.1247260128685497
2007-07-01,Core PCE,2.0411069445103607
2007-07-01,Cleveland median,2.921212770296961
2007-07-01,Dallas trimmed mean,2.476408188152604
2007-08-01,Headline PCE,1.8737151248164423
2007-08-01,Core PCE,1.984841307437236
2007-08-01,Cleveland median,2.8314436580271263
2007-08-01,Dallas trimmed mean,2.393227595037729
2007-09-01,Headline PCE,2.5346870509528543
2007-09-01,Core PCE,2.102325801378697
2007-09-01,Cleveland median,2.7630977762503193
2007-09-01,Dallas trimmed mean,2.3342870479134774
2007-10-01,Headline PCE,3.088474888432387
2007-10-01,Core PCE,2.1835091943441114
2007-10-01,Cleveland median,2.8010328419629644
2007-10-01,Dallas trimmed mean,2.4125570412288653
2007-11-01,Headline PCE,3.599627055033011
2007-11-01,Core PCE,2.3358422008824107
2007-11-01,Cleveland median,2.7877571793738696
2007-11-01,Dallas trimmed mean,2.4921219673243087
2007-12-01,Headline PCE,3.471634208298056
2007-12-01,Core PCE,2.4033930254476985
2007-12-01,Cleveland median,2.9148053053422984
2007-12-01,Dallas trimmed mean,2.6850998478157777
2008-01-01,Headline PCE,3.3874068170097047
2008-01-01,Core PCE,2.1930442128977603
2008-01-01,Cleveland median,2.8890065642223703
2008-01-01,Dallas trimmed mean,2.6561702816284765
2008-02-01,Headline PCE,3.272922728175658
2008-02-01,Core PCE,2.0724053952791337
2008-02-01,Cleveland median,2.8017741879393725
2008-02-01,Dallas trimmed mean,2.5901499219688873
2008-03-01,Headline PCE,3.1911425710759715
2008-03-01,Core PCE,2.1697429059349247
2008-03-01,Cleveland median,2.7084990485012383
2008-03-01,Dallas trimmed mean,2.4725635939003183
2008-04-01,Headline PCE,3.1395186768258725
2008-04-01,Core PCE,2.0837226686600587
2008-04-01,Cleveland median,2.716238803583579
2008-04-01,Dallas trimmed mean,2.5026112500234206
2008-05-01,Headline PCE,3.28214393255044
2008-05-01,Core PCE,2.1489319504882474
2008-05-01,Cleveland median,2.7693356108149203
2008-05-01,Dallas trimmed mean,2.5317726260749396
2008-06-01,Headline PCE,3.811438939546278
2008-06-01,Core PCE,2.214095202599637
2008-06-01,Cleveland median,2.7297164876927837
2008-06-01,Dallas trimmed mean,2.5567088849264508
2008-07-01,Headline PCE,4.1356550235976925
2008-07-01,Core PCE,2.244499232451048
2008-07-01,Cleveland median,2.7671519013425723
2008-07-01,Dallas trimmed mean,2.616056185786505
2008-08-01,Headline PCE,3.980627306273064
2008-08-01,Core PCE,2.217938594453983
2008-08-01,Cleveland median,2.84565866393622
2008-08-01,Dallas trimmed mean,2.727244089689634
2008-09-01,Headline PCE,3.667838353206051
2008-09-01,Core PCE,2.043983277553238
2008-09-01,Cleveland median,2.7814754179780437
2008-09-01,Dallas trimmed mean,2.6900881957394773
2008-10-01,Headline PCE,2.6718431480336164
2008-10-01,Core PCE,1.6344021437811875
2008-10-01,Cleveland median,2.737583386263424
2008-10-01,Dallas trimmed mean,2.599256660519771
2008-11-01,Headline PCE,0.9250293343662008
2008-11-01,Core PCE,1.3902658335831006
2008-11-01,Cleveland median,2.6020747974318823
2008-11-01,Dallas trimmed mean,2.4824306436188124
2008-12-01,Headline PCE,0.12956901254774777
2008-12-01,Core PCE,1.1378278877128452
2008-12-01,Cleveland median,2.5378024289669696
2008-12-01,Dallas trimmed mean,2.391205965258166
2009-01-01,Headline PCE,-0.11110355304627717
2009-01-01,Core PCE,0.9059281457752206
2009-01-01,Cleveland median,2.33688297359717
2009-01-01,Dallas trimmed mean,2.249390746042309
2009-02-01,Headline PCE,-0.1312484442533446
2009-02-01,Core PCE,0.8878386748950362
2009-02-01,Cleveland median,2.3653721687153535
2009-02-01,Dallas trimmed mean,2.2868052984659215
2009-03-01,Headline PCE,-0.5257516782309608
2009-03-01,Core PCE,0.7624586429151918
2009-03-01,Cleveland median,2.3570266392219708
2009-03-01,Dallas trimmed mean,2.282866439087371
2009-04-01,Headline PCE,-0.5675739591662108
2009-04-01,Core PCE,0.9279176201372934
2009-04-01,Cleveland median,2.287291323969896
2009-04-01,Dallas trimmed mean,2.2217883023766234
2009-05-01,Headline PCE,-0.8892128279883451
2009-05-01,Core PCE,0.8223026759099525
2009-05-01,Cleveland median,2.2197559892751713
2009-05-01,Dallas trimmed mean,2.147301689876116
2009-06-01,Headline PCE,-1.0186246896812747
2009-06-01,Core PCE,0.7201458523245208
2009-06-01,Cleveland median,2.2685612791252225
2009-06-01,Dallas trimmed mean,2.0851698953818953
2009-07-01,Headline PCE,-1.4660091971854428
2009-07-01,Core PCE,0.6255829295479742
2009-07-01,Cleveland median,2.1944726498175413
2009-07-01,Dallas trimmed mean,1.9516542923432922
2009-08-01,Headline PCE,-1.1001197711041044
2009-08-01,Core PCE,0.6509440392611339
2009-08-01,Cleveland median,1.9513818707802955
2009-08-01,Dallas trimmed mean,1.6878829630711465
2009-09-01,Headline PCE,-1.0227486786264421
2009-09-01,Core PCE,0.725180443960241
2009-09-01,Cleveland median,1.8943264646164266
2009-09-01,Dallas trimmed mean,1.6754927767445622
2009-10-01,Headline PCE,0.013385238313020409
2009-10-01,Core PCE,1.239899535179731
2009-10-01,Cleveland median,1.7255782404033795
2009-10-01,Dallas trimmed mean,1.5499991183557853
2009-11-01,Headline PCE,1.4606120122357282
2009-11-01,Core PCE,1.3734764416954732
2009-11-01,Cleveland median,1.8846734454794927
2009-11-01,Dallas trimmed mean,1.5661353583604267
2009-12-01,Headline PCE,2.089718268292117
2009-12-01,Core PCE,1.509515521732709
2009-12-01,Cleveland median,1.8007850679979498
2009-12-01,Dallas trimmed mean,1.444773190440003
2010-01-01,Headline PCE,2.3017206156081187
2010-01-01,Core PCE,1.6909037117953432
2010-01-01,Cleveland median,1.783614003633076
2010-01-01,Dallas trimmed mean,1.438635888356572
2010-02-01,Headline PCE,2.116330183762713
2010-02-01,Core PCE,1.6986538111697342
2010-02-01,Cleveland median,1.5990676587976225
2010-02-01,Dallas trimmed mean,1.2535737063846426
2010-03-01,Headline PCE,2.372716033980197
2010-03-01,Core PCE,1.7769698346872644
2010-03-01,Cleveland median,1.46658272334858
2010-03-01,Dallas trimmed mean,1.1375904962712866
2010-04-01,Headline PCE,2.2821224304887124
2010-04-01,Core PCE,1.6029746856967932
2010-04-01,Cleveland median,1.3498412851492816
2010-04-01,Dallas trimmed mean,1.0499004984040994
2010-05-01,Headline PCE,2.2084695713170674
2010-05-01,Core PCE,1.6368558773887258
2010-05-01,Cleveland median,1.2848730073007602
2010-05-01,Dallas trimmed mean,0.9937097735819691
2010-06-01,Headline PCE,1.5622188231059937
2010-06-01,Core PCE,1.5555706398769047
2010-06-01,Cleveland median,1.17557008505689
2010-06-01,Dallas trimmed mean,0.9290000640894647
2010-07-01,Headline PCE,1.6373900721981158
2010-07-01,Core PCE,1.470588235294116
2010-07-01,Cleveland median,1.1129493570902156
2010-07-01,Dallas trimmed mean,0.8683207512436724
2010-08-01,Headline PCE,1.4823951558645234
2010-08-01,Core PCE,1.417623223738417
2010-08-01,Cleveland median,1.131120336883157
2010-08-01,Dallas trimmed mean,0.9130476635466067
2010-09-01,Headline PCE,1.4195512964041228
2010-09-01,Core PCE,1.2968283476987352
2010-09-01,Cleveland median,1.203501580691423
2010-09-01,Dallas trimmed mean,0.9077318696637349
2010-10-01,Headline PCE,1.358419861035216
2010-10-01,Core PCE,1.078781347522522
2010-10-01,Cleveland median,1.2633194602719016
2010-10-01,Dallas trimmed mean,0.9588951247921926
2010-11-01,Headline PCE,1.3071968137772956
2010-11-01,Core PCE,1.1215791834903683
2010-11-01,Cleveland median,1.0420441475008602
2010-11-01,Dallas trimmed mean,0.8528704850209579
2010-12-01,Headline PCE,1.4776681973337418
2010-12-01,Core PCE,1.0567483975077323
2010-12-01,Cleveland median,0.9702855977964191
2010-12-01,Dallas trimmed mean,0.8969677984561315
2011-01-01,Headline PCE,1.5598650927487512
2011-01-01,Core PCE,1.1234446334258337
2011-01-01,Cleveland median,1.012710450326722
2011-01-01,Dallas trimmed mean,0.9259538597775219
2011-02-01,Headline PCE,1.8450307320212005
2011-02-01,Core PCE,1.2119043892404306
2011-02-01,Cleveland median,1.1420647409569682
2011-02-01,Dallas trimmed mean,1.0431889321681638
2011-03-01,Headline PCE,2.110546083025895
2011-03-01,Core PCE,1.214570379218344
2011-03-01,Cleveland median,1.2536976190086193
2011-03-01,Dallas trimmed mean,1.200855333053255
2011-04-01,Headline PCE,2.4880965563060613
2011-04-01,Core PCE,1.3947001394700038
2011-04-01,Cleveland median,1.3867502801113005
2011-04-01,Dallas trimmed mean,1.3335422473625016
2011-05-01,Headline PCE,2.766247135788504
2011-05-01,Core PCE,1.523561143060931
2011-05-01,Cleveland median,1.5000819721201282
2011-05-01,Dallas trimmed mean,1.4604720815830916
2011-06-01,Headline PCE,2.78845195512784
2011-06-01,Core PCE,1.5863290518787636
2011-06-01,Cleveland median,1.6465939685838435
2011-06-01,Dallas trimmed mean,1.591931324925568
2011-07-01,Headline PCE,2.8756998384562564
2011-07-01,Core PCE,1.7344517595160767
2011-07-01,Cleveland median,1.7149043050508368
2011-07-01,Dallas trimmed mean,1.6478307276571798
2011-08-01,Headline PCE,2.9767297960266177
2011-08-01,Core PCE,1.8396305158310469
2011-08-01,Cleveland median,1.8464839329219558
2011-08-01,Dallas trimmed mean,1.728336517574931
2011-09-01,Headline PCE,3.019030377958302
2011-09-01,Core PCE,1.8508219696126815
2011-09-01,Cleveland median,1.8967697895360516
2011-09-01,Dallas trimmed mean,1.8173551951093998
2011-10-01,Headline PCE,2.693632332390706
2011-10-01,Core PCE,1.7447219661717241
2011-10-01,Cleveland median,1.9420439210107787
2011-10-01,Dallas trimmed mean,1.8707400014856859
2011-11-01,Headline PCE,2.699259844940812
2011-11-01,Core PCE,1.8278615794143889
2011-11-01,Cleveland median,2.050794655422635
2011-11-01,Dallas trimmed mean,1.962263580958151
2011-12-01,Headline PCE,2.526624884954188
2011-12-01,Core PCE,1.974960911076849
2011-12-01,Cleveland median,2.0955203082574343
2011-12-01,Dallas trimmed mean,2.017081556250332
2012-01-01,Headline PCE,2.5693124467457693
2012-01-01,Core PCE,2.061479219227209
2012-01-01,Cleveland median,2.1931114821999387
2012-01-01,Dallas trimmed mean,2.098247030460044
2012-02-01,Headline PCE,2.513154024641338
2012-02-01,Core PCE,2.0258477852645598
2012-02-01,Cleveland median,2.1813206912473646
2012-02-01,Dallas trimmed mean,2.1243860179792904
2012-03-01,Headline PCE,2.298027472169778
2012-03-01,Core PCE,2.0448454233624034
2012-03-01,Cleveland median,2.158040098268984
2012-03-01,Dallas trimmed mean,2.053837062523826
2012-04-01,Headline PCE,1.9998487418563684
2012-04-01,Core PCE,1.9653370013755165
2012-04-01,Cleveland median,2.1620870727089283
2012-04-01,Dallas trimmed mean,2.034227757589747
2012-05-01,Headline PCE,1.5769404769598907
2012-05-01,Core PCE,1.8267446838875543
2012-05-01,Cleveland median,2.157698973787177
2012-05-01,Dallas trimmed mean,1.9927546376660388
2012-06-01,Headline PCE,1.5460196726963176
2012-06-01,Core PCE,1.8192584794552147
2012-06-01,Cleveland median,2.0782692815412673
2012-06-01,Dallas trimmed mean,1.9414509439936296
2012-07-01,Headline PCE,1.4100261354958548
2012-07-01,Core PCE,1.773865054858419
2012-07-01,Cleveland median,2.027954856776404
2012-07-01,Dallas trimmed mean,1.904322159103387
2012-08-01,Headline PCE,1.5118674621228365
2012-08-01,Core PCE,1.6359225422913966
2012-08-01,Cleveland median,2.0127921967724234
2012-08-01,Dallas trimmed mean,1.8735554959828704
2012-09-01,Headline PCE,1.6779710051753511
2012-09-01,Core PCE,1.6916020530741491
2012-09-01,Cleveland median,1.9995963240846208
2012-09-01,Dallas trimmed mean,1.8195513025476657
2012-10-01,Headline PCE,1.976877497883848
2012-10-01,Core PCE,1.889449210819322
2012-10-01,Cleveland median,2.0133794901284148
2012-10-01,Dallas trimmed mean,1.816571009261537
2012-11-01,Headline PCE,1.6991017964071773
2012-11-01,Core PCE,1.7830690135935754
2012-11-01,Cleveland median,2.0000839066571103
2012-11-01,Dallas trimmed mean,1.7935785024045572
2012-12-01,Headline PCE,1.6243828413875576
2012-12-01,Core PCE,1.6898651587646754
2012-12-01,Cleveland median,1.9903168000120104
2012-12-01,Dallas trimmed mean,1.7124963405702402
2013-01-01,Headline PCE,1.470807506336925
2013-01-01,Core PCE,1.5915867078657726
2013-01-01,Cleveland median,1.9560929177581556
2013-01-01,Dallas trimmed mean,1.63823658646389
2013-02-01,Headline PCE,1.6046076681118535
2013-02-01,Core PCE,1.560131653024996
2013-02-01,Cleveland median,1.9382586269629059
2013-02-01,Dallas trimmed mean,1.6035866936007466
2013-03-01,Headline PCE,1.2769929150227028
2013-03-01,Core PCE,1.4807449119659424
2013-03-01,Cleveland median,2.006237353041996
2013-03-01,Dallas trimmed mean,1.648809954833581
2013-04-01,Headline PCE,1.0412253198881558
2013-04-01,Core PCE,1.377062626131817
2013-04-01,Cleveland median,1.9748189951631616
2013-04-01,Dallas trimmed mean,1.592901818510768
2013-05-01,Headline PCE,1.2290301372187287
2013-05-01,Core PCE,1.3929168238908858
2013-05-01,Cleveland median,1.9178482339548424
2013-05-01,Dallas trimmed mean,1.444174653173505
2013-06-01,Headline PCE,1.5055063976064673
2013-06-01,Core PCE,1.4636510500807987
2013-06-01,Cleveland median,1.9740663467565014
2013-06-01,Dallas trimmed mean,1.4236641369354714
2013-07-01,Headline PCE,1.595112845749199
2013-07-01,Core PCE,1.4879607514040316
2013-07-01,Cleveland median,2.0732347490058203
2013-07-01,Dallas trimmed mean,1.52892371798103
2013-08-01,Headline PCE,1.4047883304264985
2013-08-01,Core PCE,1.5332509004892074
2013-08-01,Cleveland median,2.070663762038947
2013-08-01,Dallas trimmed mean,1.5641687379228415
2013-09-01,Headline PCE,1.141285447820195
2013-09-01,Core PCE,1.5292260440941305
2013-09-01,Cleveland median,2.0364126977049324
2013-09-01,Dallas trimmed mean,1.5502355932960938
2013-10-01,Headline PCE,0.976106919957104
2013-10-01,Core PCE,1.4548181477315154
2013-10-01,Cleveland median,2.033713851415996
2013-10-01,Dallas trimmed mean,1.5426641972335489
2013-11-01,Headline PCE,1.19547046020881
2013-11-01,Core PCE,1.5142597249719216
2013-11-01,Cleveland median,2.0484270809377563
2013-11-01,Dallas trimmed mean,1.5647823875758746
2013-12-01,Headline PCE,1.3881001955959391
2013-12-01,Core PCE,1.547361892336994
2013-12-01,Cleveland median,2.1046238210057737
2013-12-01,Dallas trimmed mean,1.6400498446855494
2014-01-01,Headline PCE,1.4054054054054177
2014-01-01,Core PCE,1.4524615006990018
2014-01-01,Cleveland median,2.0962776724922065
2014-01-01,Dallas trimmed mean,1.6761716418958912
2014-02-01,Headline PCE,1.0939820528374327
2014-02-01,Core PCE,1.3901177975587586
2014-02-01,Cleveland median,2.1014327588966495
2014-02-01,Dallas trimmed mean,1.6425774427442974
2014-03-01,Headline PCE,1.3897034182305674
2014-03-01,Core PCE,1.4474230756941466
2014-03-01,Cleveland median,2.0336303034899714
2014-03-01,Dallas trimmed mean,1.574124890840551
2014-04-01,Headline PCE,1.6731138157687724
2014-04-01,Core PCE,1.571265848387739
2014-04-01,Cleveland median,2.031440001487624
2014-04-01,Dallas trimmed mean,1.5922507924780263
2014-05-01,Headline PCE,1.7661662878034008
2014-05-01,Core PCE,1.6236562569778954
2014-05-01,Cleveland median,2.111573586629916
2014-05-01,Dallas trimmed mean,1.7355381133546075
2014-06-01,Headline PCE,1.6514586142380807
2014-06-01,Core PCE,1.563544884246724
2014-06-01,Cleveland median,2.1041442247274063
2014-06-01,Dallas trimmed mean,1.7817691865108571
2014-07-01,Headline PCE,1.669241690329045
2014-07-01,Core PCE,1.6103213221809085
2014-07-01,Cleveland median,2.0943659643107253
2014-07-01,Dallas trimmed mean,1.7404066249897738
2014-08-01,Headline PCE,1.506243875998095
2014-08-01,Core PCE,1.5397485995065239
2014-08-01,Cleveland median,2.1533516398781387
2014-08-01,Dallas trimmed mean,1.7422383089752458
2014-09-01,Headline PCE,1.4972493123280657
2014-09-01,Core PCE,1.5548480585553648
2014-09-01,Cleveland median,2.132437840056795
2014-09-01,Dallas trimmed mean,1.6944856688901382
2014-10-01,Headline PCE,1.3329448612426233
2014-10-01,Core PCE,1.470914332175326
2014-10-01,Cleveland median,2.148451353926717
2014-10-01,Dallas trimmed mean,1.6944985728939912
2014-11-01,Headline PCE,1.0857594081832076
2014-11-01,Core PCE,1.3925785367910635
2014-11-01,Cleveland median,2.1712821532117346
2014-11-01,Dallas trimmed mean,1.6494897341289487
2014-12-01,Headline PCE,0.7322588005891362
2014-12-01,Core PCE,1.3563462895293696
2014-12-01,Cleveland median,2.190961152178957
2014-12-01,Dallas trimmed mean,1.6252658217262166
2015-01-01,Headline PCE,0.041401867224209354
2015-01-01,Core PCE,1.2097113523521301
2015-01-01,Cleveland median,2.17785950957321
2015-01-01,Dallas trimmed mean,1.6074948403902027
2015-02-01,Headline PCE,0.17070142768467633
2015-02-01,Core PCE,1.2774816263445103
2015-02-01,Cleveland median,2.1761035898724828
2015-02-01,Dallas trimmed mean,1.4829136293334386
2015-03-01,Headline PCE,0.1993492743892915
2015-03-01,Core PCE,1.2808398950131306
2015-03-01,Cleveland median,2.2571138521692404
2015-03-01,Dallas trimmed mean,1.5471263554946546
2015-04-01,Headline PCE,0.11032406404981998
2015-04-01,Core PCE,1.2943728841981823
2015-04-01,Cleveland median,2.227564498822204
2015-04-01,Dallas trimmed mean,1.544026248732095
2015-05-01,Headline PCE,0.1852862157349051
2015-05-01,Core PCE,1.247201121643954
2015-05-01,Cleveland median,2.273539786891021
2015-05-01,Dallas trimmed mean,1.58268353830411
2015-06-01,Headline PCE,0.27042867572208706
2015-06-01,Core PCE,1.2541543864049771
2015-06-01,Cleveland median,2.306163326434742
2015-06-01,Dallas trimmed mean,1.5438688000311203
2015-07-01,Headline PCE,0.21973282952222917
2015-07-01,Core PCE,1.1789500041732452
2015-07-01,Cleveland median,2.283576528432363
2015-07-01,Dallas trimmed mean,1.5442211673591686
2015-08-01,Headline PCE,0.23927130079380277
2015-08-01,Core PCE,1.2212546279397145
2015-08-01,Cleveland median,2.2737547141262127
2015-08-01,Dallas trimmed mean,1.5429766166038945
2015-09-01,Headline PCE,0.06569964994405098
2015-09-01,Core PCE,1.2321248164310958
2015-09-01,Cleveland median,2.2741168312182367
2015-09-01,Dallas trimmed mean,1.5469640945257055
2015-10-01,Headline PCE,0.095498233796107
2015-10-01,Core PCE,1.1779886779886652
2015-10-01,Cleveland median,2.2590371312381023
2015-10-01,Dallas trimmed mean,1.551496773251145
2015-11-01,Headline PCE,0.2538775426298372
2015-11-01,Core PCE,1.1967020513407078
2015-11-01,Cleveland median,2.180375462558075
2015-11-01,Dallas trimmed mean,1.5171283088527758
2015-12-01,Headline PCE,0.3459637561779232
2015-12-01,Core PCE,1.1917006929942175
2015-12-01,Cleveland median,2.118761351723947
2015-12-01,Dallas trimmed mean,1.4907456648620467
2016-01-01,Headline PCE,0.8711486332691862
2016-01-01,Core PCE,1.4062402560957707
2016-01-01,Cleveland median,2.1097393944864393
2016-01-01,Dallas trimmed mean,1.4552457836697812
2016-02-01,Headline PCE,0.640330493157748
2016-02-01,Core PCE,1.4658859681907046
2016-02-01,Cleveland median,2.1685620931566802
2016-02-01,Dallas trimmed mean,1.5807382667882877
2016-03-01,Headline PCE,0.6855104733630242
2016-03-01,Core PCE,1.4574479112677636
2016-03-01,Cleveland median,2.158412243735171
2016-03-01,Dallas trimmed mean,1.5664224299040512
2016-04-01,Headline PCE,0.9259068531526111
2016-04-01,Core PCE,1.519948679745056
2016-04-01,Cleveland median,2.2357605213655205
2016-04-01,Dallas trimmed mean,1.6059808869593155
2016-05-01,Headline PCE,0.8486853596638184
2016-05-01,Core PCE,1.5687328193787096
2016-05-01,Cleveland median,2.2214925202928697
2016-05-01,Dallas trimmed mean,1.6101771589210898
2016-06-01,Headline PCE,0.8296074490340004
2016-06-01,Core PCE,1.5524039553270939
2016-06-01,Cleveland median,2.2542829813092453
2016-06-01,Dallas trimmed mean,1.6739418844625646
2016-07-01,Headline PCE,0.7550842682239676
2016-07-01,Core PCE,1.5993318072140141
2016-07-01,Cleveland median,2.236291639866522
2016-07-01,Dallas trimmed mean,1.6581457880826918
2016-08-01,Headline PCE,0.8882104659263348
2016-08-01,Core PCE,1.6969584569733058
2016-08-01,Cleveland median,2.2364629195287904
2016-08-01,Dallas trimmed mean,1.6591686914121766
2016-09-01,Headline PCE,1.2197749212634648
2016-09-01,Core PCE,1.68525453722377
2016-09-01,Cleveland median,2.279646621540749
2016-09-01,Dallas trimmed mean,1.6964431526383947
2016-10-01,Headline PCE,1.4270032930845105
2016-10-01,Core PCE,1.7824083597317752
2016-10-01,Cleveland median,2.2719995045532357
2016-10-01,Dallas trimmed mean,1.7258359889816433
2016-11-01,Headline PCE,1.3974040886628956
2016-11-01,Core PCE,1.7188591624542937
2016-11-01,Cleveland median,2.2963959212765133
2016-11-01,Dallas trimmed mean,1.8148678248896886
2016-12-01,Headline PCE,1.65715810211789
2016-12-01,Core PCE,1.770093227647962
2016-12-01,Cleveland median,2.2638446299692276
2016-12-01,Dallas trimmed mean,1.8157993632099902
2017-01-01,Headline PCE,2.0052104701731253
2017-01-01,Core PCE,1.8633349390675136
2017-01-01,Cleveland median,2.308665431541627
2017-01-01,Dallas trimmed mean,1.8725128952535215
2017-02-01,Headline PCE,2.1971368464262184
2017-02-01,Core PCE,1.8672751084554307
2017-02-01,Cleveland median,2.314435108289942
2017-02-01,Dallas trimmed mean,1.925105328722367
2017-03-01,Headline PCE,1.9063610209576751
2017-03-01,Core PCE,1.678654624218396
2017-03-01,Cleveland median,2.244902011094993
2017-03-01,Dallas trimmed mean,1.8842997754703532
2017-04-01,Headline PCE,1.7674731868602862
2017-04-01,Core PCE,1.636821345944142
2017-04-01,Cleveland median,2.2024474008525345
2017-04-01,Dallas trimmed mean,1.8213079631287599
2017-05-01,Headline PCE,1.5577720497590377
2017-05-01,Core PCE,1.545521142810614
2017-05-01,Cleveland median,2.0866950948659593
2017-05-01,Dallas trimmed mean,1.7621883654801422
2017-06-01,Headline PCE,1.465547927790496
2017-06-01,Core PCE,1.5764438029800942
2017-06-01,Cleveland median,1.9549583646264068
2017-06-01,Dallas trimmed mean,1.6639626562352703
2017-07-01,Headline PCE,1.485631774826615
2017-07-01,Core PCE,1.50311075926885
2017-07-01,Cleveland median,1.9585022509953376
2017-07-01,Dallas trimmed mean,1.6812286497810902
2017-08-01,Headline PCE,1.5719087318108365
2017-08-01,Core PCE,1.4335937104241907
2017-08-01,Cleveland median,1.864560580146673
2017-08-01,Dallas trimmed mean,1.6215574261960057
2017-09-01,Headline PCE,1.757444307056133
2017-09-01,Core PCE,1.422587368719249
2017-09-01,Cleveland median,1.835982419754984
2017-09-01,Dallas trimmed mean,1.635681161116878
2017-10-01,Headline PCE,1.6820407007323013
2017-10-01,Core PCE,1.5410111053849391
2017-10-01,Cleveland median,1.7952332170841885
2017-10-01,Dallas trimmed mean,1.601274579556005
2017-11-01,Headline PCE,1.7937129048240195
2017-11-01,Core PCE,1.545376496136555
2017-11-01,Cleveland median,1.8470016161812595
2017-11-01,Dallas trimmed mean,1.6215156175929337
2017-12-01,Headline PCE,1.7664099484208293
2017-12-01,Core PCE,1.5768765133171883
2017-12-01,Cleveland median,1.900894428101239
2017-12-01,Dallas trimmed mean,1.6467474025194946
2018-01-01,Headline PCE,1.757649495731556
2018-01-01,Core PCE,1.6320370277204859
2018-01-01,Cleveland median,1.917616190855
2018-01-01,Dallas trimmed mean,1.680241427013172
2018-02-01,Headline PCE,1.8376076958608536
2018-02-01,Core PCE,1.6442181175359707
2018-02-01,Cleveland median,1.9422123112186256
2018-02-01,Dallas trimmed mean,1.729746524479367
2018-03-01,Headline PCE,1.9982920580700352
2018-03-01,Core PCE,1.9091831710527458
2018-03-01,Cleveland median,1.992249556987332
2018-03-01,Dallas trimmed mean,1.7757275847965985
2018-04-01,Headline PCE,2.0466282276259733
2018-04-01,Core PCE,1.8842192874261627
2018-04-01,Cleveland median,1.9867208693729452
2018-04-01,Dallas trimmed mean,1.7995742634780498
2018-05-01,Headline PCE,2.2662065367869673
2018-05-01,Core PCE,1.9809023776840462
2018-05-01,Cleveland median,2.029901708947989
2018-05-01,Dallas trimmed mean,1.792107383138088
2018-06-01,Headline PCE,2.268307840346395
2018-06-01,Core PCE,1.9362198184856396
2018-06-01,Cleveland median,2.122151584027023
2018-06-01,Dallas trimmed mean,1.8744931968113008
2018-07-01,Headline PCE,2.338607055900127
2018-07-01,Core PCE,1.9958004199579875
2018-07-01,Cleveland median,2.1459676516374344
2018-07-01,Dallas trimmed mean,1.894675571532673
2018-08-01,Headline PCE,2.180411288951987
2018-08-01,Core PCE,1.8957629996604055
2018-08-01,Cleveland median,2.1985026146745525
2018-08-01,Dallas trimmed mean,1.9550591099655463
2018-09-01,Headline PCE,2.0099601593625493
2018-09-01,Core PCE,1.9602952913008806
2018-09-01,Cleveland median,2.2175995851874575
2018-09-01,Dallas trimmed mean,1.9450221786566573
2018-10-01,Headline PCE,2.0530980493578994
2018-10-01,Core PCE,1.8709073900841702
2018-10-01,Cleveland median,2.2946414096672214
2018-10-01,Dallas trimmed mean,1.971716541168547
2018-11-01,Headline PCE,1.9418922274646206
2018-11-01,Core PCE,2.010245188242905
2018-11-01,Cleveland median,2.3099361915262477
2018-11-01,Dallas trimmed mean,1.9731579999658067
2018-12-01,Headline PCE,1.864690887811065
2018-12-01,Core PCE,2.038079914186099
2018-12-01,Cleveland median,2.3900577128009672
2018-12-01,Dallas trimmed mean,2.035063670092626
2019-01-01,Headline PCE,1.4318323303590006
2019-01-01,Core PCE,1.8444266238973483
2019-01-01,Cleveland median,2.3745807649896022
2019-01-01,Dallas trimmed mean,2.0133926594768923
2019-02-01,Headline PCE,1.4001735426362671
2019-02-01,Core PCE,1.7441056147354743
2019-02-01,Cleveland median,2.3263256730531907
2019-02-01,Dallas trimmed mean,1.9059825087521176
2019-03-01,Headline PCE,1.521807651392777
2019-03-01,Core PCE,1.616067995148839
2019-03-01,Cleveland median,2.375318544116965
2019-03-01,Dallas trimmed mean,1.9648183795126783
2019-04-01,Headline PCE,1.5663384627478791
2019-04-01,Core PCE,1.6367788035668553
2019-04-01,Cleveland median,2.41851981907044
2019-04-01,Dallas trimmed mean,2.002278097594896
2019-05-01,Headline PCE,1.4655536045359554
2019-05-01,Core PCE,1.5631754765179693
2019-05-01,Cleveland median,2.5857739841384557
2019-05-01,Dallas trimmed mean,2.121711665982005
2019-06-01,Headline PCE,1.42606513834302
2019-06-01,Core PCE,1.6569813098790576
2019-06-01,Cleveland median,2.5571748218303725
2019-06-01,Dallas trimmed mean,2.0352572966422287
2019-07-01,Headline PCE,1.4539295260287588
2019-07-01,Core PCE,1.639119267494067
2019-07-01,Cleveland median,2.525542369874742
2019-07-01,Dallas trimmed mean,1.9901146086071861
2019-08-01,Headline PCE,1.430416405760809
2019-08-01,Core PCE,1.7458045796737736
2019-08-01,Cleveland median,2.5945304293205
2019-08-01,Dallas trimmed mean,2.0190406540916683
2019-09-01,Headline PCE,1.2839539924622585
2019-09-01,Core PCE,1.6320140893302693
2019-09-01,Cleveland median,2.614611634941994
2019-09-01,Dallas trimmed mean,2.0371410714004696
2019-10-01,Headline PCE,1.2885618207514966
2019-10-01,Core PCE,1.623585956274539
2019-10-01,Cleveland median,2.5833271462615244
2019-10-01,Dallas trimmed mean,1.9659335199071677
2019-11-01,Headline PCE,1.3582773068303595
2019-11-01,Core PCE,1.49771831974725
2019-11-01,Cleveland median,2.5512454495655135
2019-11-01,Dallas trimmed mean,1.9624574304357054
2019-12-01,Headline PCE,1.5637627676458976
2019-12-01,Core PCE,1.544751058548698
2019-12-01,Cleveland median,2.4544633489387024
2019-12-01,Dallas trimmed mean,1.8964320710302758
2020-01-01,Headline PCE,1.794482113631048
2020-01-01,Core PCE,1.591328861670064
2020-01-01,Cleveland median,2.5338477807353996
2020-01-01,Dallas trimmed mean,1.886128748611739
2020-02-01,Headline PCE,1.689097203314006
2020-02-01,Core PCE,1.6976972310441596
2020-02-01,Cleveland median,2.587737814411682
2020-02-01,Dallas trimmed mean,1.9580150272764882
2020-03-01,Headline PCE,1.1662090444265516
2020-03-01,Core PCE,1.527295309437406
2020-03-01,Cleveland median,2.5719894661222895
2020-03-01,Dallas trimmed mean,1.9376349871206315
2020-04-01,Headline PCE,0.46246130030959876
2020-04-01,Core PCE,0.9954970222243844
2020-04-01,Cleveland median,2.53089201356336
2020-04-01,Dallas trimmed mean,1.8933212059683058
2020-05-01,Headline PCE,0.4901629042393836
2020-05-01,Core PCE,0.9973783749794336
2020-05-01,Cleveland median,2.3882050912564807
2020-05-01,Dallas trimmed mean,1.7822629647400845
2020-06-01,Headline PCE,0.759537706312102
2020-06-01,Core PCE,0.9704519119351005
2020-06-01,Cleveland median,2.448014601954455
2020-06-01,Dallas trimmed mean,1.867960052519308
2020-07-01,Headline PCE,0.9225840072571572
2020-07-01,Core PCE,1.2143366963097293
2020-07-01,Cleveland median,2.4471595352778053
2020-07-01,Dallas trimmed mean,1.8917944948195924
2020-08-01,Headline PCE,1.157519050834395
2020-08-01,Core PCE,1.393103846931993
2020-08-01,Cleveland median,2.4296123131523473
2020-08-01,Dallas trimmed mean,1.9273163469954397
2020-09-01,Headline PCE,1.2763537157895826
2020-09-01,Core PCE,1.4796915464076363
2020-09-01,Cleveland median,2.397225207877966
2020-09-01,Dallas trimmed mean,1.9506610280443084
2020-10-01,Headline PCE,1.1874861668446925
2020-10-01,Core PCE,1.4217326104510164
2020-10-01,Cleveland median,2.301927088073711
2020-10-01,Dallas trimmed mean,1.9484243915323702
2020-11-01,Headline PCE,1.1862647081442645
2020-11-01,Core PCE,1.453521884486804
2020-11-01,Cleveland median,2.292829666089503
2020-11-01,Dallas trimmed mean,1.9023525883163472
2020-12-01,Headline PCE,1.3345221317840696
2020-12-01,Core PCE,1.5087900922144968
2020-12-01,Cleveland median,2.1979656707074042
2020-12-01,Dallas trimmed mean,1.8398790237511804
2021-01-01,Headline PCE,1.5857976839889005
2021-01-01,Core PCE,1.697493947773836
2021-01-01,Cleveland median,2.0898900826784654
2021-01-01,Dallas trimmed mean,1.8270375627448914
2021-02-01,Headline PCE,1.8427318715155963
2021-02-01,Core PCE,1.709467009196743
2021-02-01,Cleveland median,1.9613567438388628
2021-02-01,Dallas trimmed mean,1.8001706876896435
2021-03-01,Headline PCE,2.669006722866385
2021-03-01,Core PCE,2.199136019573359
2021-03-01,Cleveland median,1.9864230677623738
2021-03-01,Dallas trimmed mean,1.8139914781176714
2021-04-01,Headline PCE,3.6402858298503418
2021-04-01,Core PCE,3.1306032044336547
2021-04-01,Cleveland median,2.0576545219754365
2021-04-01,Dallas trimmed mean,1.8734650733017872
2021-05-01,Headline PCE,4.072463489253636
2021-05-01,Core PCE,3.5411199019175825
2021-05-01,Cleveland median,2.1040826410797138
2021-05-01,Dallas trimmed mean,1.956833732053397
2021-06-01,Headline PCE,4.3061283207058665
2021-06-01,Core PCE,3.8617128102137457
2021-06-01,Cleveland median,2.1614919101767214
2021-06-01,Dallas trimmed mean,2.0261648092063496
2021-07-01,Headline PCE,4.473216164011546
2021-07-01,Core PCE,3.9271181756673172
2021-07-01,Cleveland median,2.2649260830294367
2021-07-01,Dallas trimmed mean,2.062626870446067
2021-08-01,Headline PCE,4.580909697720983
2021-08-01,Core PCE,3.95845804471557
2021-08-01,Cleveland median,2.326459803951252
2021-08-01,Dallas trimmed mean,2.091805737698735
2021-09-01,Headline PCE,4.737428253233958
2021-09-01,Core PCE,4.013850678303783
2021-09-01,Cleveland median,2.4485269163647416
2021-09-01,Dallas trimmed mean,2.171144375905243
2021-10-01,Headline PCE,5.336135652537791
2021-10-01,Core PCE,4.436672448273569
2021-10-01,Cleveland median,2.753138613763923
2021-10-01,Dallas trimmed mean,2.425443879122028
2021-11-01,Headline PCE,5.930190579338387
2021-11-01,Core PCE,4.890866909710695
2021-11-01,Cleveland median,3.025321959311995
2021-11-01,Dallas trimmed mean,2.681847216766741
2021-12-01,Headline PCE,6.141969176624201
2021-12-01,Core PCE,5.2145501246506
2021-12-01,Cleveland median,3.3813802688049037
2021-12-01,Dallas trimmed mean,2.946134017632332
2022-01-01,Headline PCE,6.272433512016363
2022-01-01,Core PCE,5.358436597322182
2022-01-01,Cleveland median,3.6327966753850944
2022-01-01,Dallas trimmed mean,3.207167417767181
2022-02-01,Headline PCE,6.545539906103286
2022-02-01,Core PCE,5.602764293293035
2022-02-01,Cleveland median,4.088035797044128
2022-02-01,Dallas trimmed mean,3.5951536508522395
2022-03-01,Headline PCE,6.926410970164582
2022-03-01,Core PCE,5.593221924008489
2022-03-01,Cleveland median,4.303370617652405
2022-03-01,Dallas trimmed mean,3.7771688210768843
2022-04-01,Headline PCE,6.684755338326312
2022-04-01,Core PCE,5.3450231503002925
2022-04-01,Cleveland median,4.361049098565033
2022-04-01,Dallas trimmed mean,3.8630237801266105
2022-05-01,Headline PCE,6.794545874740024
2022-05-01,Core PCE,5.184136763522318
2022-05-01,Cleveland median,4.607483590156164
2022-05-01,Dallas trimmed mean,3.916858132595607
2022-06-01,Headline PCE,7.243471864656129
2022-06-01,Core PCE,5.315691095089477
2022-06-01,Cleveland median,4.915974164495012
2022-06-01,Dallas trimmed mean,4.160475780153234
2022-07-01,Headline PCE,6.7502013619389345
2022-07-01,Core PCE,5.1073740578407865
2022-07-01,Cleveland median,5.3981978873842
2022-07-01,Dallas trimmed mean,4.600433545865769
2022-08-01,Headline PCE,6.639677589948391
2022-08-01,Core PCE,5.362447330658341
2022-08-01,Cleveland median,5.550821846120641
2022-08-01,Dallas trimmed mean,4.69511241267675
2022-09-01,Headline PCE,6.667939000672504
2022-09-01,Core PCE,5.606479327988609
2022-09-01,Cleveland median,5.854653471044813
2022-09-01,Dallas trimmed mean,4.934967298882697
2022-10-01,Headline PCE,6.461602354598142
2022-10-01,Core PCE,5.459759683450088
2022-10-01,Cleveland median,5.8510158650937285
2022-10-01,Dallas trimmed mean,4.904741775449281
2022-11-01,Headline PCE,6.030493273542618
2022-11-01,Core PCE,5.208088832716442
2022-11-01,Cleveland median,5.931193579869401
2022-11-01,Dallas trimmed mean,4.934375462842297
2022-12-01,Headline PCE,5.520050627946986
2022-12-01,Core PCE,4.966881473370549
2022-12-01,Cleveland median,5.8998155377752965
2022-12-01,Dallas trimmed mean,4.88715543299503
2023-01-01,Headline PCE,5.5077345862328855
2023-01-01,Core PCE,4.937665213974427
2023-01-01,Cleveland median,5.8595687658069835
2023-01-01,Dallas trimmed mean,4.828525698358547
2023-02-01,Headline PCE,5.197803844154009
2023-02-01,Core PCE,4.855603371625719
2023-02-01,Cleveland median,5.825332660303161
2023-02-01,Dallas trimmed mean,4.714067317613342
2023-03-01,Headline PCE,4.4282731569245755
2023-03-01,Core PCE,4.783286394955439
2023-03-01,Cleveland median,5.71400318620114
2023-03-01,Dallas trimmed mean,4.711101773752446
2023-04-01,Headline PCE,4.476012960317746
2023-04-01,Core PCE,4.7896422992401
2023-04-01,Cleveland median,5.7502108479672245
2023-04-01,Dallas trimmed mean,4.752595797105229
2023-05-01,Headline PCE,4.003462454014283
2023-05-01,Core PCE,4.731625374880167
2023-05-01,Cleveland median,5.635336282961461
2023-05-01,Dallas trimmed mean,4.826109941843512
2023-06-01,Headline PCE,3.284521339529121
2023-06-01,Core PCE,4.383786808421348
2023-06-01,Cleveland median,5.360638320485478
2023-06-01,Dallas trimmed mean,4.638130562257999
2023-07-01,Headline PCE,3.4090421928989656
2023-07-01,Core PCE,4.299124123250863
2023-07-01,Cleveland median,4.856904204379205
2023-07-01,Dallas trimmed mean,4.200540557547001
2023-08-01,Headline PCE,3.432059919969916
2023-08-01,Core PCE,3.828203615670219
2023-08-01,Cleveland median,4.695286878736212
2023-08-01,Dallas trimmed mean,4.095303417146766
2023-09-01,Headline PCE,3.4488928270185966
2023-09-01,Core PCE,3.6877742080353926
2023-09-01,Cleveland median,4.369973082220156
2023-09-01,Dallas trimmed mean,3.813590459911495
2023-10-01,Headline PCE,3.0232617305099296
2023-10-01,Core PCE,3.4740628549791808
2023-10-01,Cleveland median,4.297663376033142
2023-10-01,Dallas trimmed mean,3.736762038827763
2023-11-01,Headline PCE,2.7650899986466158
2023-11-01,Core PCE,3.2907438711504255
2023-11-01,Cleveland median,4.0182396744288695
2023-11-01,Dallas trimmed mean,3.5462081912009324
2023-12-01,Headline PCE,2.767265846736038
2023-12-01,Core PCE,3.1123879882345022
2023-12-01,Cleveland median,3.8859205723120738
2023-12-01,Dallas trimmed mean,3.432099249280256
2024-01-01,Headline PCE,2.6987514493606
2024-01-01,Core PCE,3.159014510020853
2024-01-01,Cleveland median,3.6894760855976187
2024-01-01,Dallas trimmed mean,3.291800324746916
2024-02-01,Headline PCE,2.705057426970157
2024-02-01,Core PCE,3.059467984974006
2024-02-01,Cleveland median,3.6496388597060445
2024-02-01,Dallas trimmed mean,3.3040633760789575
2024-03-01,Headline PCE,2.9279392327126175
2024-03-01,Core PCE,3.1221738579216662
2024-03-01,Cleveland median,3.637312067851582
2024-03-01,Dallas trimmed mean,3.1832071466317586
2024-04-01,Headline PCE,2.826154012888594
2024-04-01,Core PCE,3.006720905553607
2024-04-01,Cleveland median,3.6285194574526543
2024-04-01,Dallas trimmed mean,3.161800189785069
2024-05-01,Headline PCE,2.6616729088639204
2024-05-01,Core PCE,2.771176406372035
2024-05-01,Cleveland median,3.4946949456719807
2024-05-01,Dallas trimmed mean,3.030910284346703
2024-06-01,Headline PCE,2.548373440470158
2024-06-01,Core PCE,2.7531619063573203
2024-06-01,Cleveland median,3.4616107482047482
2024-06-01,Dallas trimmed mean,2.906160857154603
2024-07-01,Headline PCE,2.5943767774673177
2024-07-01,Core PCE,2.806216333768276
2024-07-01,Cleveland median,3.4219481988776437
2024-07-01,Dallas trimmed mean,2.9194705374205654
2024-08-01,Headline PCE,2.4129949574274576
2024-08-01,Core PCE,2.8732799171185377
2024-08-01,Cleveland median,3.307619253887495
2024-08-01,Dallas trimmed mean,2.8420049568469636
2024-09-01,Headline PCE,2.2607664368838414
2024-09-01,Core PCE,2.838627996468375
2024-09-01,Cleveland median,3.2747648195694126
2024-09-01,Dallas trimmed mean,2.7806988748028516
2024-10-01,Headline PCE,2.4776925356425608
2024-10-01,Core PCE,2.9865021082658956
2024-10-01,Cleveland median,3.269009802678923
2024-10-01,Dallas trimmed mean,2.7773734710104065
2024-11-01,Headline PCE,2.5878034125423
2024-11-01,Core PCE,2.9807101201256216
2024-11-01,Cleveland median,3.290856873093432
2024-11-01,Dallas trimmed mean,2.825881002938786
2024-12-01,Headline PCE,2.7280946901200025
2024-12-01,Core PCE,2.988589624519051
2024-12-01,Cleveland median,3.2693202199230598
2024-12-01,Dallas trimmed mean,2.8293819033853964
2025-01-01,Headline PCE,2.6073795303935157
2025-01-01,Core PCE,2.7801380994415155
2025-01-01,Cleveland median,3.413295964714507
2025-01-01,Dallas trimmed mean,2.8911247461067546
2025-02-01,Headline PCE,2.710484673485709
2025-02-01,Core PCE,2.968643293811752
2025-02-01,Cleveland median,3.1545488739673573
2025-02-01,Dallas trimmed mean,2.6617330122197416
2025-03-01,Headline PCE,2.35943367089844
2025-03-01,Core PCE,2.670294814316975
2025-03-01,Cleveland median,3.10016005988399
2025-03-01,Dallas trimmed mean,2.642610755580165
2025-04-01,Headline PCE,2.2774259978433946
2025-04-01,Core PCE,2.6147959183673493
2025-04-01,Cleveland median,3.1033961197068862
2025-04-01,Dallas trimmed mean,2.593316247316409
2025-05-01,Headline PCE,2.4580860654408667
2025-05-01,Core PCE,2.7838833824959295
2025-05-01,Cleveland median,3.1786316561817927
2025-05-01,Dallas trimmed mean,2.6175211772485625
2025-06-01,Headline PCE,2.5935129797068015
2025-06-01,Core PCE,2.8073722050587975
2025-06-01,Cleveland median,3.102778869533978
2025-06-01,Dallas trimmed mean,2.5932863231250565
2025-07-01,Headline PCE,2.6055472942393436
2025-07-01,Core PCE,2.863047245567941
2025-07-01,Cleveland median,3.2185769368231547
2025-07-01,Dallas trimmed mean,2.706502713421699
2025-08-01,Headline PCE,2.7476208541517053
2025-08-01,Core PCE,2.9124163472159097
2025-08-01,Cleveland median,3.263386248771255
2025-08-01,Dallas trimmed mean,2.7058953854151895
2025-09-01,Headline PCE,2.787442414870654
2025-09-01,Core PCE,2.825069249833973
2025-09-01,Cleveland median,3.3361649478666635
2025-09-01,Dallas trimmed mean,2.808890444377127
2025-10-01,Headline PCE,2.7125805259691163
2025-10-01,Core PCE,2.7545384068738343
2025-10-01,Cleveland median,3.166194361066914
2025-10-01,Dallas trimmed mean,2.7152786357892893
2025-11-01,Headline PCE,2.8201898312699996
2025-11-01,Core PCE,2.829092786499075
2025-11-01,Cleveland median,3.046431282674277
2025-11-01,Dallas trimmed mean,2.5768032263413687
2025-12-01,Headline PCE,2.8780835180310333
2025-12-01,Core PCE,2.971110180682146
2025-12-01,Cleveland median,2.9713591086511144
2025-12-01,Dallas trimmed mean,2.547947530822242
2026-01-01,Headline PCE,2.8752083050942048
2026-01-01,Core PCE,3.104657789335974
2026-01-01,Cleveland median,2.9450426087873893
2026-01-01,Dallas trimmed mean,2.500138503658306
2026-02-01,Headline PCE,2.8732300410574823
2026-02-01,Core PCE,3.0492628550881022
2026-02-01,Cleveland median,2.905249738366635
2026-02-01,Dallas trimmed mean,2.4742892520725803
2026-03-01,Headline PCE,3.542928831754537
2026-03-01,Core PCE,3.253849776876592
2026-03-01,Cleveland median,2.847112131913576
2026-03-01,Dallas trimmed mean,2.3847320210064424
2026-04-01,Headline PCE,3.801823226317879
2026-04-01,Core PCE,3.3298274131089727
2026-04-01,Cleveland median,2.8167157151918616
2026-04-01,Dallas trimmed mean,2.4057571889070744
2026-05-01,Headline PCE,4.111410033233099
2026-05-01,Core PCE,3.463709356864598
2026-05-01,Cleveland median,2.7046012462670603
2026-05-01,Dallas trimmed mean,2.3651695492213207
2026-06-01,Headline PCE,3.7169705624768454
2026-06-01,Core PCE,3.343614465473621
2026-06-01,Cleveland median,2.7839945536810546
2026-06-01,Dallas trimmed mean,2.4380488910968694
2026-07-01,Headline PCE,3.7011657214870866
2026-07-01,Core PCE,3.3441430040338247
2026-07-01,Cleveland median,2.689975027469302
2026-07-01,Dallas trimmed mean,2.2648732184260325
