date,measure,horizon,value
1959-02-01,Headline PCE,1m,1.1935012481337104
1959-03-01,Headline PCE,1m,0.7934367713414714
1959-04-01,Headline PCE,1m,2.3960536357569895
1959-05-01,Headline PCE,1m,0.6326173513098388
1959-06-01,Headline PCE,1m,3.5231678210162043
1959-07-01,Headline PCE,1m,2.5437541900702687
1959-08-01,Headline PCE,1m,1.7388581940533943
1959-09-01,Headline PCE,1m,3.177494334424824
1959-10-01,Headline PCE,1m,2.9282653214264265
1959-11-01,Headline PCE,1m,0.7819078336338103
1959-12-01,Headline PCE,1m,1.4105431227972698
1960-01-01,Headline PCE,1m,-0.6976941336512388
1960-02-01,Headline PCE,1m,1.2521849876063973
1960-03-01,Headline PCE,1m,0.7018655484214653
1960-04-01,Headline PCE,1m,4.438451657577169
1960-05-01,Headline PCE,1m,1.245604969649805
1960-06-01,Headline PCE,1m,0.5426518676649783
1960-07-01,Headline PCE,1m,2.1858490527820296
1960-08-01,Headline PCE,1m,2.024591320361946
1960-09-01,Headline PCE,1m,0.695447820189643
1960-10-01,Headline PCE,1m,1.3945157719695178
1960-11-01,Headline PCE,1m,4.152346391154782
1960-12-01,Headline PCE,1m,0.23014213993206578
1961-01-01,Headline PCE,1m,0.23009801057740642
1961-02-01,Headline PCE,1m,1.0777418129154226
1961-03-01,Headline PCE,1m,-0.686648931275391
1961-04-01,Headline PCE,1m,-0.6870420603104277
1961-05-01,Headline PCE,1m,0.6917949828134207
1961-06-01,Headline PCE,1m,0.5373751706543306
1961-07-01,Headline PCE,1m,2.6338081444088557
1961-08-01,Headline PCE,1m,0.9974661717281563
1961-09-01,Headline PCE,1m,1.3823782883010338
1961-10-01,Headline PCE,1m,-0.07620256817361115
1961-11-01,Headline PCE,1m,0.0762606807710231
1961-12-01,Headline PCE,1m,0.30534327621889457
1962-01-01,Headline PCE,1m,2.3104054832941534
1962-02-01,Headline PCE,1m,3.241922551222176
1962-03-01,Headline PCE,1m,1.6048060619339166
1962-04-01,Headline PCE,1m,1.372278632588264
1962-05-01,Headline PCE,1m,0.759393934246444
1962-06-01,Headline PCE,1m,0.7589136744853509
1962-07-01,Headline PCE,1m,-0.6781125019409306
1962-08-01,Headline PCE,1m,1.7532829766601532
1962-09-01,Headline PCE,1m,6.0517694077002915
1962-10-01,Headline PCE,1m,-1.1957259424789757
1962-11-01,Headline PCE,1m,0.8305757403883174
1962-12-01,Headline PCE,1m,-0.4500836345970982
1963-01-01,Headline PCE,1m,2.9724412004954903
1963-02-01,Headline PCE,1m,1.2827191496831203
1963-03-01,Headline PCE,1m,-0.9698099522926218
1963-04-01,Headline PCE,1m,-0.07496954013475055
1963-05-01,Headline PCE,1m,1.9675228734014283
1963-06-01,Headline PCE,1m,2.6524512313768067
1963-07-01,Headline PCE,1m,2.417259382024528
1963-08-01,Headline PCE,1m,1.652855499024608
1963-09-01,Headline PCE,1m,-0.22316576354523
1963-10-01,Headline PCE,1m,2.3334280387056205
1963-11-01,Headline PCE,1m,1.7231809429043787
1963-12-01,Headline PCE,1m,1.796135583117886
1964-01-01,Headline PCE,1m,2.549386558035782
1964-02-01,Headline PCE,1m,1.7145105943959793
1964-03-01,Headline PCE,1m,0.7411033633374364
1964-04-01,Headline PCE,1m,0.8893771945499784
1964-05-01,Headline PCE,1m,0.1476196068100899
1964-06-01,Headline PCE,1m,1.709519535890247
1964-07-01,Headline PCE,1m,1.5575917396882577
1964-08-01,Headline PCE,1m,0.8862026478076102
1964-09-01,Headline PCE,1m,1.853000732859389
1964-10-01,Headline PCE,1m,0.7363285485577631
1964-11-01,Headline PCE,1m,1.6999381302987393
1964-12-01,Headline PCE,1m,1.7719349196104073
1965-01-01,Headline PCE,1m,1.324321800233963
1965-02-01,Headline PCE,1m,0.5125534237170548
1965-03-01,Headline PCE,1m,1.54422934123144
1965-04-01,Headline PCE,1m,1.9126449482075536
1965-05-01,Headline PCE,1m,2.727525921328744
1965-06-01,Headline PCE,1m,3.5433812538145038
1965-07-01,Headline PCE,1m,0.8727217958412137
1965-08-01,Headline PCE,1m,0.2899249013000649
1965-09-01,Headline PCE,1m,0.5804797017822105
1965-10-01,Headline PCE,1m,0.3622637582244792
1965-11-01,Headline PCE,1m,2.04360139097548
1965-12-01,Headline PCE,1m,4.418377101126647
1966-01-01,Headline PCE,1m,1.4481135880191287
1966-02-01,Headline PCE,1m,5.071388498284057
1966-03-01,Headline PCE,1m,2.9732241419552663
1966-04-01,Headline PCE,1m,4.219107425345747
1966-05-01,Headline PCE,1m,1.5039558244614781
1966-06-01,Headline PCE,1m,3.024802866370857
1966-07-01,Headline PCE,1m,2.3637182725356087
1966-08-01,Headline PCE,1m,4.695270438875299
1966-09-01,Headline PCE,1m,3.8716530426452955
1966-10-01,Headline PCE,1m,3.2066678814728133
1966-11-01,Headline PCE,1m,1.7653357496458355
1966-12-01,Headline PCE,1m,2.5473351392121035
1967-01-01,Headline PCE,1m,0.06982224138745163
1967-02-01,Headline PCE,1m,1.4048826746754894
1967-03-01,Headline PCE,1m,0.6292402320893897
1967-04-01,Headline PCE,1m,2.039490940657296
1967-05-01,Headline PCE,1m,2.3198252186045654
1967-06-01,Headline PCE,1m,3.8861059453944913
1967-07-01,Headline PCE,1m,4.160572652587957
1967-08-01,Headline PCE,1m,3.788810274821719
1967-09-01,Headline PCE,1m,3.7057721540533217
1967-10-01,Headline PCE,1m,3.411240301887264
1967-11-01,Headline PCE,1m,4.0377600523409996
1967-12-01,Headline PCE,1m,1.924560653685914
1968-01-01,Headline PCE,1m,5.723082502847565
1968-02-01,Headline PCE,1m,4.985724141580183
1968-03-01,Headline PCE,1m,3.982320065688949
1968-04-01,Headline PCE,1m,3.82991309568419
1968-05-01,Headline PCE,1m,4.513362315445613
1968-06-01,Headline PCE,1m,3.941728863226346
1968-07-01,Headline PCE,1m,3.7221901594091333
1968-08-01,Headline PCE,1m,5.021601830834999
1968-09-01,Headline PCE,1m,4.243114820406868
1968-10-01,Headline PCE,1m,5.396843506096438
1968-11-01,Headline PCE,1m,4.141271159411608
1968-12-01,Headline PCE,1m,2.51129864749684
1969-01-01,Headline PCE,1m,4.796975243463808
1969-02-01,Headline PCE,1m,3.0956824512750947
1969-03-01,Headline PCE,1m,5.784139306665925
1969-04-01,Headline PCE,1m,5.417518945173327
1969-05-01,Headline PCE,1m,4.9225844885132375
1969-06-01,Headline PCE,1m,5.976440587481058
1969-07-01,Headline PCE,1m,5.411324937651529
1969-08-01,Headline PCE,1m,3.3446431493213025
1969-09-01,Headline PCE,1m,5.107096164766323
1969-10-01,Headline PCE,1m,4.1673043789946185
1969-11-01,Headline PCE,1m,5.3305416619985335
1969-12-01,Headline PCE,1m,5.634767741541591
1970-01-01,Headline PCE,1m,4.373678397448089
1970-02-01,Headline PCE,1m,4.8741532370429
1970-03-01,Headline PCE,1m,3.0013428554532817
1970-04-01,Headline PCE,1m,6.264675131385555
1970-05-01,Headline PCE,1m,3.8624604292649467
1970-06-01,Headline PCE,1m,3.1572309921877206
1970-07-01,Headline PCE,1m,4.471788649533104
1970-08-01,Headline PCE,1m,3.1997331265776863
1970-09-01,Headline PCE,1m,5.518453752775732
1970-10-01,Headline PCE,1m,6.127392103407359
1970-11-01,Headline PCE,1m,4.837917929349422
1970-12-01,Headline PCE,1m,5.443373926114314
1971-01-01,Headline PCE,1m,2.585352981090594
1971-02-01,Headline PCE,1m,3.555190121922891
1971-03-01,Headline PCE,1m,4.034092845628634
1971-04-01,Headline PCE,1m,4.817647554071547
1971-05-01,Headline PCE,1m,5.1051810689960675
1971-06-01,Headline PCE,1m,5.451197315083012
1971-07-01,Headline PCE,1m,3.668599573789244
1971-08-01,Headline PCE,1m,3.5375496336255807
1971-09-01,Headline PCE,1m,1.8083664607571937
1971-10-01,Headline PCE,1m,1.864386560556297
1971-11-01,Headline PCE,1m,2.5086833973308797
1971-12-01,Headline PCE,1m,4.823568207383722
1972-01-01,Headline PCE,1m,5.043938378931023
1972-02-01,Headline PCE,1m,4.843792882410769
1972-03-01,Headline PCE,1m,1.7197308753516882
1972-04-01,Headline PCE,1m,1.8327101139942181
1972-05-01,Headline PCE,1m,2.6982105148720237
1972-06-01,Headline PCE,1m,1.8258261710595303
1972-07-01,Headline PCE,1m,4.379512645238726
1972-08-01,Headline PCE,1m,3.5468860815018433
1972-09-01,Headline PCE,1m,5.524086766726399
1972-10-01,Headline PCE,1m,1.3494948159128883
1972-11-01,Headline PCE,1m,3.6316749310233654
1972-12-01,Headline PCE,1m,3.9085868180400274
1973-01-01,Headline PCE,1m,3.666305275046877
1973-02-01,Headline PCE,1m,6.491066457762029
1973-03-01,Headline PCE,1m,8.869991886294425
1973-04-01,Headline PCE,1m,9.278118720737538
1973-05-01,Headline PCE,1m,6.074148489415809
1973-06-01,Headline PCE,1m,7.0731997339214425
1973-07-01,Headline PCE,1m,4.434106354630973
1973-08-01,Headline PCE,1m,14.76140838422586
1973-09-01,Headline PCE,1m,4.8621834199432
1973-10-01,Headline PCE,1m,7.007005850645576
1973-11-01,Headline PCE,1m,10.298408853459495
1973-12-01,Headline PCE,1m,10.324433621242823
1974-01-01,Headline PCE,1m,12.109250879611144
1974-02-01,Headline PCE,1m,14.908994480156235
1974-03-01,Headline PCE,1m,14.840761283046543
1974-04-01,Headline PCE,1m,8.811237067149813
1974-05-01,Headline PCE,1m,12.493229633154645
1974-06-01,Headline PCE,1m,10.685404361253003
1974-07-01,Headline PCE,1m,9.213274664074579
1974-08-01,Headline PCE,1m,13.291180999309438
1974-09-01,Headline PCE,1m,13.199247406527249
1974-10-01,Headline PCE,1m,8.948073863248718
1974-11-01,Headline PCE,1m,9.39024144920857
1974-12-01,Headline PCE,1m,9.925329810209771
1975-01-01,Headline PCE,1m,7.698022080397071
1975-02-01,Headline PCE,1m,6.719197964490942
1975-03-01,Headline PCE,1m,4.141447264779252
1975-04-01,Headline PCE,1m,4.127205363011011
1975-05-01,Headline PCE,1m,4.916122234552556
1975-06-01,Headline PCE,1m,7.763864755312988
1975-07-01,Headline PCE,1m,10.781637073611329
1975-08-01,Headline PCE,1m,5.335250798475588
1975-09-01,Headline PCE,1m,6.104578591170151
1975-10-01,Headline PCE,1m,7.196564891686763
1975-11-01,Headline PCE,1m,7.99774424429498
1975-12-01,Headline PCE,1m,6.828399480504133
1976-01-01,Headline PCE,1m,4.6464913292189935
1976-02-01,Headline PCE,1m,1.565356045680244
1976-03-01,Headline PCE,1m,1.8260370226574452
1976-04-01,Headline PCE,1m,2.7462752331463447
1976-05-01,Headline PCE,1m,5.865053651588026
1976-06-01,Headline PCE,1m,5.3870758779277494
1976-07-01,Headline PCE,1m,6.259547692421252
1976-08-01,Headline PCE,1m,6.810441187584093
1976-09-01,Headline PCE,1m,6.951062457221591
1976-10-01,Headline PCE,1m,6.466601213554335
1976-11-01,Headline PCE,1m,5.596778977152228
1976-12-01,Headline PCE,1m,6.9300418727652024
1977-01-01,Headline PCE,1m,7.19757320918426
1977-02-01,Headline PCE,1m,9.805611561100957
1977-03-01,Headline PCE,1m,6.190994705303399
1977-04-01,Headline PCE,1m,7.190169830190918
1977-05-01,Headline PCE,1m,6.250303845503469
1977-06-01,Headline PCE,1m,6.939712967241607
1977-07-01,Headline PCE,1m,6.392875097370765
1977-08-01,Headline PCE,1m,5.731842500318929
1977-09-01,Headline PCE,1m,4.630768457071954
1977-10-01,Headline PCE,1m,5.72391222266444
1977-11-01,Headline PCE,1m,7.104175722515649
1977-12-01,Headline PCE,1m,5.991079958638568
1978-01-01,Headline PCE,1m,7.315773921716273
1978-02-01,Headline PCE,1m,5.722834651917852
1978-03-01,Headline PCE,1m,8.056057025955221
1978-04-01,Headline PCE,1m,9.481306363192243
1978-05-01,Headline PCE,1m,8.916019428747713
1978-06-01,Headline PCE,1m,8.123153738906442
1978-07-01,Headline PCE,1m,6.756146012635056
1978-08-01,Headline PCE,1m,6.247446722945882
1978-09-01,Headline PCE,1m,7.0360061152569875
1978-10-01,Headline PCE,1m,9.996428150618208
1978-11-01,Headline PCE,1m,7.015330260920427
1978-12-01,Headline PCE,1m,5.750305860145821
1979-01-01,Headline PCE,1m,9.455435009530166
1979-02-01,Headline PCE,1m,6.584143395840081
1979-03-01,Headline PCE,1m,9.793347211281823
1979-04-01,Headline PCE,1m,13.258067866127664
1979-05-01,Headline PCE,1m,13.152436946260737
1979-06-01,Headline PCE,1m,10.373298684639165
1979-07-01,Headline PCE,1m,9.537516590801133
1979-08-01,Headline PCE,1m,9.573192440998879
1979-09-01,Headline PCE,1m,11.12131812587367
1979-10-01,Headline PCE,1m,10.248970332369245
1979-11-01,Headline PCE,1m,8.649660599354192
1979-12-01,Headline PCE,1m,10.557641932779905
1980-01-01,Headline PCE,1m,13.325904841246604
1980-02-01,Headline PCE,1m,13.796819138753591
1980-03-01,Headline PCE,1m,15.779766788923766
1980-04-01,Headline PCE,1m,6.43723353052712
1980-05-01,Headline PCE,1m,9.74331729927913
1980-06-01,Headline PCE,1m,7.846360641825179
1980-07-01,Headline PCE,1m,9.7365659374981
1980-08-01,Headline PCE,1m,10.464007943126186
1980-09-01,Headline PCE,1m,11.682601948912374
1980-10-01,Headline PCE,1m,10.043105017450538
1980-11-01,Headline PCE,1m,10.221704866306247
1980-12-01,Headline PCE,1m,8.074333021694136
1981-01-01,Headline PCE,1m,12.149407254579847
1981-02-01,Headline PCE,1m,12.842240507384917
1981-03-01,Headline PCE,1m,8.70035563539453
1981-04-01,Headline PCE,1m,5.363004503090973
1981-05-01,Headline PCE,1m,5.5195320946048065
1981-06-01,Headline PCE,1m,4.896891336437226
1981-07-01,Headline PCE,1m,7.48737746238084
1981-08-01,Headline PCE,1m,7.773085889032405
1981-09-01,Headline PCE,1m,7.513029866035903
1981-10-01,Headline PCE,1m,5.575277430970993
1981-11-01,Headline PCE,1m,6.633815780850605
1981-12-01,Headline PCE,1m,3.7633476126974097
1982-01-01,Headline PCE,1m,7.367062012376557
1982-02-01,Headline PCE,1m,3.6724705640281297
1982-03-01,Headline PCE,1m,3.126804732497579
1982-04-01,Headline PCE,1m,0.6003120154535413
1982-05-01,Headline PCE,1m,7.363431510889917
1982-06-01,Headline PCE,1m,9.062182462870648
1982-07-01,Headline PCE,1m,7.350024328741367
1982-08-01,Headline PCE,1m,3.772935170772862
1982-09-01,Headline PCE,1m,3.37650593552139
1982-10-01,Headline PCE,1m,6.950501943098364
1982-11-01,Headline PCE,1m,3.674694775178833
1982-12-01,Headline PCE,1m,1.8300064327422483
1983-01-01,Headline PCE,1m,5.739524731099355
1983-02-01,Headline PCE,1m,2.058111844025823
1983-03-01,Headline PCE,1m,1.5505776921434178
1983-04-01,Headline PCE,1m,5.6125487526146545
1983-05-01,Headline PCE,1m,3.452144262665202
1983-06-01,Headline PCE,1m,4.5686444173866025
1983-07-01,Headline PCE,1m,6.993417133240687
1983-08-01,Headline PCE,1m,5.24817771890751
1983-09-01,Headline PCE,1m,4.293205318081905
1983-10-01,Headline PCE,1m,2.053624633494766
1983-11-01,Headline PCE,1m,1.71437231091649
1983-12-01,Headline PCE,1m,0.6611686516648341
1984-01-01,Headline PCE,1m,5.346523211342813
1984-02-01,Headline PCE,1m,8.37887042786678
1984-03-01,Headline PCE,1m,4.006241222998463
1984-04-01,Headline PCE,1m,4.6680903832508225
1984-05-01,Headline PCE,1m,1.528521365668567
1984-06-01,Headline PCE,1m,2.1583716182452806
1984-07-01,Headline PCE,1m,4.377266391900614
1984-08-01,Headline PCE,1m,3.74607624674419
1984-09-01,Headline PCE,1m,1.6386975845820606
1984-10-01,Headline PCE,1m,2.8672507571136707
1984-11-01,Headline PCE,1m,1.7073692771820914
1984-12-01,Headline PCE,1m,3.4364952730916665
1985-01-01,Headline PCE,1m,6.157321228612012
1985-02-01,Headline PCE,1m,5.715576532987687
1985-03-01,Headline PCE,1m,4.800293712676362
1985-04-01,Headline PCE,1m,1.750609441309181
1985-05-01,Headline PCE,1m,2.8794928289590738
1985-06-01,Headline PCE,1m,3.31738282547962
1985-07-01,Headline PCE,1m,2.9877274916765284
1985-08-01,Headline PCE,1m,4.0412622086806405
1985-09-01,Headline PCE,1m,2.044161583449755
1985-10-01,Headline PCE,1m,2.016457118095283
1985-11-01,Headline PCE,1m,3.5471839995313337
1985-12-01,Headline PCE,1m,4.1003554882343085
1986-01-01,Headline PCE,1m,5.6640536101009165
1986-02-01,Headline PCE,1m,0
1986-03-01,Headline PCE,1m,-2.599465863577466
1986-04-01,Headline PCE,1m,-2.421113449557011
1986-05-01,Headline PCE,1m,2.216109418245815
1986-06-01,Headline PCE,1m,4.566902818212282
1986-07-01,Headline PCE,1m,0.30540604307183195
1986-08-01,Headline PCE,1m,1.5114256278092153
1986-09-01,Headline PCE,1m,4.007111465233115
1986-10-01,Headline PCE,1m,2.1693013689982665
1986-11-01,Headline PCE,1m,2.1653870370422545
1986-12-01,Headline PCE,1m,1.664365992272887
1987-01-01,Headline PCE,1m,5.793980959924894
1987-02-01,Headline PCE,1m,4.2907162294296475
1987-03-01,Headline PCE,1m,3.22672714975778
1987-04-01,Headline PCE,1m,4.5747655793244135
1987-05-01,Headline PCE,1m,3.0881446493870035
1987-06-01,Headline PCE,1m,4.640816330343034
1987-07-01,Headline PCE,1m,2.8114184032481893
1987-08-01,Headline PCE,1m,4.848876018227299
1987-09-01,Headline PCE,1m,4.123261555576185
1987-10-01,Headline PCE,1m,3.875562996040194
1987-11-01,Headline PCE,1m,2.2925552697740104
1987-12-01,Headline PCE,1m,2.242411467312322
1988-01-01,Headline PCE,1m,4.755590451744318
1988-02-01,Headline PCE,1m,1.7981092050334269
1988-03-01,Headline PCE,1m,4.19675185882582
1988-04-01,Headline PCE,1m,5.992970209969806
1988-05-01,Headline PCE,1m,3.5444244409985615
1988-06-01,Headline PCE,1m,5.228194506414496
1988-07-01,Headline PCE,1m,5.988926854084964
1988-08-01,Headline PCE,1m,3.614107431358038
1988-09-01,Headline PCE,1m,6.009932069106871
1988-10-01,Headline PCE,1m,3.9885756524354887
1988-11-01,Headline PCE,1m,2.818693502092917
1988-12-01,Headline PCE,1m,3.8099783613531946
1989-01-01,Headline PCE,1m,6.334724583930829
1989-02-01,Headline PCE,1m,4.065666650386324
1989-03-01,Headline PCE,1m,4.560565954792062
1989-04-01,Headline PCE,1m,8.290525310377571
1989-05-01,Headline PCE,1m,4.468791244639503
1989-06-01,Headline PCE,1m,2.6542682005378015
1989-07-01,Headline PCE,1m,2.906010849873031
1989-08-01,Headline PCE,1m,0.14628919137678054
1989-09-01,Headline PCE,1m,2.7058739479860927
1989-10-01,Headline PCE,1m,4.790040638415816
1989-11-01,Headline PCE,1m,2.6466293720999623
1989-12-01,Headline PCE,1m,3.535180205561983
1990-01-01,Headline PCE,1m,9.473818267754153
1990-02-01,Headline PCE,1m,5.4175582429611735
1990-03-01,Headline PCE,1m,4.625002641600284
1990-04-01,Headline PCE,1m,2.549949335532986
1990-05-01,Headline PCE,1m,2.731517536645467
1990-06-01,Headline PCE,1m,5.433546016974855
1990-07-01,Headline PCE,1m,3.0026646768558374
1990-08-01,Headline PCE,1m,8.278471768248785
1990-09-01,Headline PCE,1m,7.622206420319011
1990-10-01,Headline PCE,1m,7.087074839611995
1990-11-01,Headline PCE,1m,1.5300885676922782
1990-12-01,Headline PCE,1m,1.1291761767868946
1991-01-01,Headline PCE,1m,4.6649181313780375
1991-02-01,Headline PCE,1m,0.6097692194166671
1991-03-01,Headline PCE,1m,0.2551665797876801
1991-04-01,Headline PCE,1m,2.1975521479461246
1991-05-01,Headline PCE,1m,5.084448137178299
1991-06-01,Headline PCE,1m,2.045362097062098
1991-07-01,Headline PCE,1m,1.9032571107788554
1991-08-01,Headline PCE,1m,2.8328335767310753
1991-09-01,Headline PCE,1m,4.206146283160761
1991-10-01,Headline PCE,1m,2.2630989822084224
1991-11-01,Headline PCE,1m,2.6727322980494295
1991-12-01,Headline PCE,1m,3.0417439456443596
1992-01-01,Headline PCE,1m,1.6428592878264592
1992-02-01,Headline PCE,1m,3.0889629360935755
1992-03-01,Headline PCE,1m,2.94357918946202
1992-04-01,Headline PCE,1m,3.289289982697219
1992-05-01,Headline PCE,1m,1.608724617693147
1992-06-01,Headline PCE,1m,2.147329730470604
1992-07-01,Headline PCE,1m,4.033859486306746
1992-08-01,Headline PCE,1m,1.617562171943665
1992-09-01,Headline PCE,1m,1.9797260623209745
1992-10-01,Headline PCE,1m,4.321040384357144
1992-11-01,Headline PCE,1m,2.390591088628047
1992-12-01,Headline PCE,1m,2.118192250396067
1993-01-01,Headline PCE,1m,2.95629453305426
1993-02-01,Headline PCE,1m,1.8244445025702438
1993-03-01,Headline PCE,1m,2.4864134387406533
1993-04-01,Headline PCE,1m,3.244239696930107
1993-05-01,Headline PCE,1m,3.77119221111597
1993-06-01,Headline PCE,1m,0.40733141740654233
1993-07-01,Headline PCE,1m,1.9383401959749413
1993-08-01,Headline PCE,1m,2.066694180446005
1993-09-01,Headline PCE,1m,1.2593205718673506
1993-10-01,Headline PCE,1m,3.8366662996183187
1993-11-01,Headline PCE,1m,2.297579920945414
1993-12-01,Headline PCE,1m,0.2748740352417123
1994-01-01,Headline PCE,1m,0.4032930223798248
1994-02-01,Headline PCE,1m,2.8160232787234563
1994-03-01,Headline PCE,1m,3.3535892561173064
1994-04-01,Headline PCE,1m,1.428809151360344
1994-05-01,Headline PCE,1m,1.7590831110223748
1994-06-01,Headline PCE,1m,2.9618198165334286
1994-07-01,Headline PCE,1m,3.8507398021806027
1994-08-01,Headline PCE,1m,2.7969176736873713
1994-09-01,Headline PCE,1m,1.3408230426345202
1994-10-01,Headline PCE,1m,2.0517855201569013
1994-11-01,Headline PCE,1m,2.3047128749470014
1994-12-01,Headline PCE,1m,0.7734760201112412
1995-01-01,Headline PCE,1m,2.4635343038670765
1995-02-01,Headline PCE,1m,2.14817562871934
1995-03-01,Headline PCE,1m,2.2353511630142764
1995-04-01,Headline PCE,1m,3.198697185170518
1995-05-01,Headline PCE,1m,1.863328812543985
1995-06-01,Headline PCE,1m,1.1770166643487512
1995-07-01,Headline PCE,1m,1.5167112441496045
1995-08-01,Headline PCE,1m,2.614818346530279
1995-09-01,Headline PCE,1m,0.8332116105928433
1995-10-01,Headline PCE,1m,3.1507141570558783
1995-11-01,Headline PCE,1m,-0.03519990577278698
1995-12-01,Headline PCE,1m,2.330563544846309
1996-01-01,Headline PCE,1m,2.703502819376258
1996-02-01,Headline PCE,1m,1.909813508877467
1996-03-01,Headline PCE,1m,3.6838783675636755
1996-04-01,Headline PCE,1m,3.654569683051334
1996-05-01,Headline PCE,1m,2.090135038688845
1996-06-01,Headline PCE,1m,-0.01736676431151052
1996-07-01,Headline PCE,1m,2.5654665244071895
1996-08-01,Headline PCE,1m,1.1499134403239797
1996-09-01,Headline PCE,1m,3.4470833621829566
1996-10-01,Headline PCE,1m,3.68682202243098
1996-11-01,Headline PCE,1m,2.1555962025687325
1996-12-01,Headline PCE,1m,1.4008060899584285
1997-01-01,Headline PCE,1m,1.5731490414852223
1997-02-01,Headline PCE,1m,2.5315861349431534
1997-03-01,Headline PCE,1m,1.2732108319682967
1997-04-01,Headline PCE,1m,1.1854599470457083
1997-05-01,Headline PCE,1m,-0.544911386189395
1997-06-01,Headline PCE,1m,1.5479793423231358
1997-07-01,Headline PCE,1m,0.7187545143714003
1997-08-01,Headline PCE,1m,0.9588147588521778
1997-09-01,Headline PCE,1m,2.9344123244997578
1997-10-01,Headline PCE,1m,1.5745464904941997
1997-11-01,Headline PCE,1m,0.06790210520446482
1997-12-01,Headline PCE,1m,-0.2542425384603031
1998-01-01,Headline PCE,1m,0.5956711182330654
1998-02-01,Headline PCE,1m,-0.6258834022540349
1998-03-01,Headline PCE,1m,0.1868668812208485
1998-04-01,Headline PCE,1m,1.503688644999257
1998-05-01,Headline PCE,1m,1.656560258547235
1998-06-01,Headline PCE,1m,-1.0108724189918705
1998-07-01,Headline PCE,1m,3.005252939347347
1998-08-01,Headline PCE,1m,1.6687334130199405
1998-09-01,Headline PCE,1m,-0.6897152900620207
1998-10-01,Headline PCE,1m,2.666170037694826
1998-11-01,Headline PCE,1m,0.05055718121045327
1998-12-01,Headline PCE,1m,1.219807180139254
1999-01-01,Headline PCE,1m,1.6961209804136734
1999-02-01,Headline PCE,1m,-0.6702200699445937
1999-03-01,Headline PCE,1m,0.911886352709379
1999-04-01,Headline PCE,1m,5.953895020765065
1999-05-01,Headline PCE,1m,0.7888236916379521
1999-06-01,Headline PCE,1m,0.3682877449570965
1999-07-01,Headline PCE,1m,3.2381322254643186
1999-08-01,Headline PCE,1m,2.2047890842239903
1999-09-01,Headline PCE,1m,4.393891782117532
1999-10-01,Headline PCE,1m,2.0407466995998824
1999-11-01,Headline PCE,1m,1.0807486349498685
1999-12-01,Headline PCE,1m,2.8296680907545113
2000-01-01,Headline PCE,1m,3.314713102202682
2000-02-01,Headline PCE,1m,3.849124026686046
2000-03-01,Headline PCE,1m,5.271403264110686
2000-04-01,Headline PCE,1m,-0.9913177963300268
2000-05-01,Headline PCE,1m,1.0012432993408593
2000-06-01,Headline PCE,1m,4.141628482143944
2000-07-01,Headline PCE,1m,3.051881035908033
2000-08-01,Headline PCE,1m,-0.08111779891091242
2000-09-01,Headline PCE,1m,5.285226070370075
2000-10-01,Headline PCE,1m,1.6445463416415507
2000-11-01,Headline PCE,1m,1.6914526766408366
2000-12-01,Headline PCE,1m,1.8528531636644363
2001-01-01,Headline PCE,1m,5.9664265160287
2001-02-01,Headline PCE,1m,1.873583246972288
2001-03-01,Headline PCE,1m,0.11198580351456933
2001-04-01,Headline PCE,1m,2.130986693633252
2001-05-01,Headline PCE,1m,3.206295769384737
2001-06-01,Headline PCE,1m,2.1377969892429016
2001-07-01,Headline PCE,1m,-0.39653377329657014
2001-08-01,Headline PCE,1m,-0.14296585593450706
2001-09-01,Headline PCE,1m,-4.009988842693534
2001-10-01,Headline PCE,1m,4.310075832076921
2001-11-01,Headline PCE,1m,-0.8076765089605198
2001-12-01,Headline PCE,1m,-1.2336735704953972
2002-01-01,Headline PCE,1m,1.0881489917930587
2002-02-01,Headline PCE,1m,2.0392039388256844
2002-03-01,Headline PCE,1m,3.3048028138768615
2002-04-01,Headline PCE,1m,5.138091465843964
2002-05-01,Headline PCE,1m,0.7915004308906681
2002-06-01,Headline PCE,1m,1.5077587718620444
2002-07-01,Headline PCE,1m,2.677098586714677
2002-08-01,Headline PCE,1m,2.3818501009740256
2002-09-01,Headline PCE,1m,2.1850724084356177
2002-10-01,Headline PCE,1m,2.213029276634204
2002-11-01,Headline PCE,1m,1.193656414405564
2002-12-01,Headline PCE,1m,1.1609231965396871
2003-01-01,Headline PCE,1m,3.6452882240023854
2003-02-01,Headline PCE,1m,5.170372438893334
2003-03-01,Headline PCE,1m,3.124117774905444
2003-04-01,Headline PCE,1m,-2.01902591158013
2003-05-01,Headline PCE,1m,-1.3677627530671033
2003-06-01,Headline PCE,1m,1.3083588346054942
2003-07-01,Headline PCE,1m,3.5838738738558584
2003-08-01,Headline PCE,1m,4.131967699670214
2003-09-01,Headline PCE,1m,3.8151789613981357
2003-10-01,Headline PCE,1m,0.15331933443349932
2003-11-01,Headline PCE,1m,1.5271887797482009
2003-12-01,Headline PCE,1m,2.6792267771732936
2004-01-01,Headline PCE,1m,4.7409266248461535
2004-02-01,Headline PCE,1m,2.584971389855739
2004-03-01,Headline PCE,1m,1.8671506680691508
2004-04-01,Headline PCE,1m,2.2501794301538425
2004-05-01,Headline PCE,1m,3.9724402709842455
2004-06-01,Headline PCE,1m,3.476121323703696
2004-07-01,Headline PCE,1m,1.1180384583407976
2004-08-01,Headline PCE,1m,0.6174718119676514
2004-09-01,Headline PCE,1m,2.3975503287383404
2004-10-01,Headline PCE,1m,5.276777339926175
2004-11-01,Headline PCE,1m,4.72337723347791
2004-12-01,Headline PCE,1m,0.6408204666576323
2005-01-01,Headline PCE,1m,1.585646290757392
2005-02-01,Headline PCE,1m,3.388684099834882
2005-03-01,Headline PCE,1m,3.6539448585562795
2005-04-01,Headline PCE,1m,3.4145110957464198
2005-05-01,Headline PCE,1m,0.6785469008657952
2005-06-01,Headline PCE,1m,0.7521303031130744
2005-07-01,Headline PCE,1m,5.20206723451575
2005-08-01,Headline PCE,1m,4.950064392684217
2005-09-01,Headline PCE,1m,12.215817356327374
2005-10-01,Headline PCE,1m,1.935882213037332
2005-11-01,Headline PCE,1m,-2.4778578414409336
2005-12-01,Headline PCE,1m,0
2006-01-01,Headline PCE,1m,5.974964199320931
2006-02-01,Headline PCE,1m,0.7206397274443166
2006-03-01,Headline PCE,1m,2.3507577776803235
2006-04-01,Headline PCE,1m,5.718627271333432
2006-05-01,Headline PCE,1m,3.271441944118858
2006-06-01,Headline PCE,1m,2.999167162453187
2006-07-01,Headline PCE,1m,4.178753854858286
2006-08-01,Headline PCE,1m,3.8417498715356713
2006-09-01,Headline PCE,1m,-3.098711662750664
2006-10-01,Headline PCE,1m,-2.7904503995109797
2006-11-01,Headline PCE,1m,0.4116267120654049
2006-12-01,Headline PCE,1m,4.3471866793861835
2007-01-01,Headline PCE,1m,4.082352146504409
2007-02-01,Headline PCE,1m,3.7916593650130226
2007-03-01,Headline PCE,1m,4.47819297248655
2007-04-01,Headline PCE,1m,2.858873065096579
2007-05-01,Headline PCE,1m,3.540673689619611
2007-06-01,Headline PCE,1m,2.573112336070782
2007-07-01,Headline PCE,1m,1.846037709946713
2007-08-01,Headline PCE,1m,0.8200425961811142
2007-09-01,Headline PCE,1m,4.720942613011325
2007-10-01,Headline PCE,1m,3.700436321187972
2007-11-01,Headline PCE,1m,6.551834516420385
2007-12-01,Headline PCE,1m,2.8106582818635983
2008-01-01,Headline PCE,1m,3.070197345482928
2008-02-01,Headline PCE,1m,2.420847328675868
2008-03-01,Headline PCE,1m,3.4896905537732392
2008-04-01,Headline PCE,1m,2.2430772506313312
2008-05-01,Headline PCE,1m,5.271961623179866
2008-06-01,Headline PCE,1m,9.061917871218949
2008-07-01,Headline PCE,1m,5.729223968151964
2008-08-01,Headline PCE,1m,-0.9663839166155763
2008-09-01,Headline PCE,1m,1.00267108166201
2008-10-01,Headline PCE,1m,-7.643307603041283
2008-11-01,Headline PCE,1m,-13.27760934229828
2008-12-01,Headline PCE,1m,-6.502566391506459
2009-01-01,Headline PCE,1m,0.1362970157363197
2009-02-01,Headline PCE,1m,2.1732558701005322
2009-03-01,Headline PCE,1m,-1.310799430024412
2009-04-01,Headline PCE,1m,1.7284317284309125
2009-05-01,Headline PCE,1m,1.2575443872452796
2009-06-01,Headline PCE,1m,7.365272702021186
2009-07-01,Headline PCE,1m,0.13504842826201902
2009-08-01,Headline PCE,1m,3.537804277072598
2009-09-01,Headline PCE,1m,1.9549552826589878
2009-10-01,Headline PCE,1m,4.650482089768615
2009-11-01,Headline PCE,1m,3.0394291222381797
2009-12-01,Headline PCE,1m,0.6964180134222175
2010-01-01,Headline PCE,1m,2.660345565519484
2010-02-01,Headline PCE,1m,-0.026623181979557042
2010-03-01,Headline PCE,1m,1.7039807343308455
2010-04-01,Headline PCE,1m,0.6533927419456687
2010-05-01,Headline PCE,1m,0.38602067841286836
2010-06-01,Headline PCE,1m,-0.5035992407880885
2010-07-01,Headline PCE,1m,1.0280570327929395
2010-08-01,Headline PCE,1m,1.6588993834592447
2010-09-01,Headline PCE,1m,1.1998924627245167
2010-10-01,Headline PCE,1m,3.8960396080290893
2010-11-01,Headline PCE,1m,2.416292178809054
2010-12-01,Headline PCE,1m,2.7486656499063455
2011-01-01,Headline PCE,1m,3.6626614151114234
2011-02-01,Headline PCE,1m,3.394419843968355
2011-03-01,Headline PCE,1m,4.931773805475981
2011-04-01,Headline PCE,1m,5.211293737792033
2011-05-01,Headline PCE,1m,3.7046131103660507
2011-06-01,Headline PCE,1m,-0.2453128399983906
2011-07-01,Headline PCE,1m,2.0619184029838644
2011-08-01,Headline PCE,1m,2.8634113636344605
2011-09-01,Headline PCE,1m,1.6998693986860713
2011-10-01,Headline PCE,1m,0.02571906197057494
2011-11-01,Headline PCE,1m,2.483660255689668
2011-12-01,Headline PCE,1m,0.6951046608282496
2012-01-01,Headline PCE,1m,4.181775779863206
2012-02-01,Headline PCE,1m,2.7171395995868597
2012-03-01,Headline PCE,1m,2.319634984287111
2012-04-01,Headline PCE,1m,1.589676638100923
2012-05-01,Headline PCE,1m,-1.339054224122338
2012-06-01,Headline PCE,1m,-0.6090965316994046
2012-07-01,Headline PCE,1m,0.4337327290055315
2012-08-01,Headline PCE,1m,4.109891908830576
2012-09-01,Headline PCE,1m,3.714873496236626
2012-10-01,Headline PCE,1m,3.6119257408475214
2012-11-01,Headline PCE,1m,-0.8164800921948157
2012-12-01,Headline PCE,1m,-0.18909245750741155
2013-01-01,Headline PCE,1m,2.3081189738911823
2013-02-01,Headline PCE,1m,4.354301974623254
2013-03-01,Headline PCE,1m,-1.569947060441812
2013-04-01,Headline PCE,1m,-1.2122136800047367
2013-05-01,Headline PCE,1m,0.8841489904353628
2013-06-01,Headline PCE,1m,2.697755779615729
2013-07-01,Headline PCE,1m,1.5028373515853843
2013-08-01,Headline PCE,1m,1.7934292309377486
2013-09-01,Headline PCE,1m,0.5266280537800316
2013-10-01,Headline PCE,1m,1.599504593670109
2013-11-01,Headline PCE,1m,1.800270032534379
2013-12-01,Headline PCE,1m,2.114859277244796
2014-01-01,Headline PCE,1m,2.5178626940178805
2014-02-01,Headline PCE,1m,0.5728443096976621
2014-03-01,Headline PCE,1m,1.9413329289845294
2014-04-01,Headline PCE,1m,2.152856164067418
2014-05-01,Headline PCE,1m,1.9977079874573755
2014-06-01,Headline PCE,1m,1.3172423001078126
2014-07-01,Headline PCE,1m,1.71612740952638
2014-08-01,Headline PCE,1m,-0.14775744581098094
2014-09-01,Headline PCE,1m,0.41978702594283046
2014-10-01,Headline PCE,1m,-0.35665749367258526
2014-11-01,Headline PCE,1m,-1.1399787826733454
2014-12-01,Headline PCE,1m,-2.088866728448635
2015-01-01,Headline PCE,1m,-5.608280402080645
2015-02-01,Headline PCE,1m,2.143817518271862
2015-03-01,Headline PCE,1m,2.29173451164979
2015-04-01,Headline PCE,1m,1.0690322595259483
2015-05-01,Headline PCE,1m,2.917996928891675
2015-06-01,Headline PCE,1m,2.355339048471272
2015-07-01,Headline PCE,1m,1.100719236828529
2015-08-01,Headline PCE,1m,0.08609511958466154
2015-09-01,Headline PCE,1m,-1.647065796186753
2015-10-01,Headline PCE,1m,0
2015-11-01,Headline PCE,1m,0.7535364115920151
2015-12-01,Headline PCE,1m,-1.00418592611059
2016-01-01,Headline PCE,1m,0.49364333622892165
2016-02-01,Headline PCE,1m,-0.6259152348617403
2016-03-01,Headline PCE,1m,2.844153200889954
2016-04-01,Headline PCE,1m,4.003107719094134
2016-05-01,Headline PCE,1m,1.9770149240533552
2016-06-01,Headline PCE,1m,2.123225494050196
2016-07-01,Headline PCE,1m,0.20767261750798127
2016-08-01,Headline PCE,1m,1.6845854926632153
2016-09-01,Headline PCE,1m,2.3026076401754914
2016-10-01,Headline PCE,1m,2.484626803912837
2016-11-01,Headline PCE,1m,0.4012701568984589
2016-12-01,Headline PCE,1m,2.082281152503862
2017-01-01,Headline PCE,1m,4.701111613194664
2017-02-01,Headline PCE,1m,1.641159763130906
2017-03-01,Headline PCE,1m,-0.6128162018066874
2017-04-01,Headline PCE,1m,2.3148543485809414
2017-05-01,Headline PCE,1m,-0.5161975953067222
2017-06-01,Headline PCE,1m,1.015915575637849
2017-07-01,Headline PCE,1m,0.44595030348697495
2017-08-01,Headline PCE,1m,2.726802831770958
2017-09-01,Headline PCE,1m,4.567717777682967
2017-10-01,Headline PCE,1m,1.5770222554789104
2017-11-01,Headline PCE,1m,1.7324792173044612
2017-12-01,Headline PCE,1m,1.7542011490602416
2018-01-01,Headline PCE,1m,4.593005806527395
2018-02-01,Headline PCE,1m,2.60371257728218
2018-03-01,Headline PCE,1m,1.2854162703686889
2018-04-01,Headline PCE,1m,2.8982074732516017
2018-05-01,Headline PCE,1m,2.0831869513750823
2018-06-01,Headline PCE,1m,1.0408257507587226
2018-07-01,Headline PCE,1m,1.277648349792626
2018-08-01,Headline PCE,1m,0.8373704026372941
2018-09-01,Headline PCE,1m,2.493614161047253
2018-10-01,Headline PCE,1m,2.0936805316538853
2018-11-01,Headline PCE,1m,0.4101456668697656
2018-12-01,Headline PCE,1m,0.83333263952452
2019-01-01,Headline PCE,1m,-0.617518738517886
2019-02-01,Headline PCE,1m,2.220076948471905
2019-03-01,Headline PCE,1m,2.753031135160322
2019-04-01,Headline PCE,1m,3.4411305688075267
2019-05-01,Headline PCE,1m,0.8742265062391841
2019-06-01,Headline PCE,1m,0.569956452278686
2019-07-01,Headline PCE,1m,1.612036672325723
2019-08-01,Headline PCE,1m,0.5572848969055411
2019-09-01,Headline PCE,1m,0.7316793013054657
2019-10-01,Headline PCE,1m,2.149430473314884
2019-11-01,Headline PCE,1m,1.2426229877372075
2019-12-01,Headline PCE,1m,3.3139252679898368
2020-01-01,Headline PCE,1m,2.1257580947157795
2020-02-01,Headline PCE,1m,0.9573766923575588
2020-03-01,Headline PCE,1m,-3.411003051807937
2020-04-01,Headline PCE,1m,-4.8709164490034045
2020-05-01,Headline PCE,1m,1.208514909697711
2020-06-01,Headline PCE,1m,3.8531452589260162
2020-07-01,Headline PCE,1m,3.6028018049852006
2020-08-01,Headline PCE,1m,3.402546207777135
2020-09-01,Headline PCE,1m,2.1609031176988758
2020-10-01,Headline PCE,1m,1.079002477825508
2020-11-01,Headline PCE,1m,1.2279584701225366
2020-12-01,Headline PCE,1m,5.145133650757483
2021-01-01,Headline PCE,1m,5.206397494735904
2021-02-01,Headline PCE,1m,4.064499822719014
2021-03-01,Headline PCE,1m,6.423979722772866
2021-04-01,Headline PCE,1m,6.508486254985124
2021-05-01,Headline PCE,1m,6.390743881922845
2021-06-01,Headline PCE,1m,6.686026578268667
2021-07-01,Headline PCE,1m,5.611976358825821
2021-08-01,Headline PCE,1m,4.688901294015602
2021-09-01,Headline PCE,1m,4.010841962883238
2021-10-01,Headline PCE,1m,8.234735032794195
2021-11-01,Headline PCE,1m,8.295133148803323
2021-12-01,Headline PCE,1m,7.695565289010209
2022-01-01,Headline PCE,1m,6.768703612926874
2022-02-01,Headline PCE,1m,7.319437703906617
2022-03-01,Headline PCE,1m,11.080053240911791
2022-04-01,Headline PCE,1m,3.655588526627218
2022-05-01,Headline PCE,1m,7.712061613812882
2022-06-01,Headline PCE,1m,12.193848003314045
2022-07-01,Headline PCE,1m,-0.07199392885099964
2022-08-01,Headline PCE,1m,3.395607115645194
2022-09-01,Headline PCE,1m,4.342101198876014
2022-10-01,Headline PCE,1m,5.748884060920889
2022-11-01,Headline PCE,1m,3.1483630300446652
2022-12-01,Headline PCE,1m,1.6361789342169253
2023-01-01,Headline PCE,1m,6.619258195989275
2023-02-01,Headline PCE,1m,3.596931323319019
2023-03-01,Headline PCE,1m,1.712225410259327
2023-04-01,Headline PCE,1m,4.225659273132765
2023-05-01,Headline PCE,1m,2.0090790362443434
2023-06-01,Headline PCE,1m,3.2329557640577544
2023-07-01,Headline PCE,1m,1.3833213230453945
2023-08-01,Headline PCE,1m,3.672122312229753
2023-09-01,Headline PCE,1m,4.546055817666006
2023-10-01,Headline PCE,1m,0.6442984177895905
2023-11-01,Headline PCE,1m,0.08893682844142159
2023-12-01,Headline PCE,1m,1.6620052890916837
2024-01-01,Headline PCE,1m,5.7693890115734
2024-02-01,Headline PCE,1m,3.6732906465837933
2024-03-01,Headline PCE,1m,4.392796404292443
2024-04-01,Headline PCE,1m,2.9955417597571365
2024-05-01,Headline PCE,1m,0.06812513677738607
2024-06-01,Headline PCE,1m,1.8740644749867252
2024-07-01,Headline PCE,1m,1.9304382336117198
2024-08-01,Headline PCE,1m,1.4939369465620578
2024-09-01,Headline PCE,1m,2.696436059666718
2024-10-01,Headline PCE,1m,3.236366622610576
2024-11-01,Headline PCE,1m,1.3871211238046133
2024-12-01,Headline PCE,1m,3.342913323411345
2025-01-01,Headline PCE,1m,4.2875231393430635
2025-02-01,Headline PCE,1m,4.9303375274295735
2025-03-01,Headline PCE,1m,0.19076227658447742
2025-04-01,Headline PCE,1m,2.009685760849189
2025-05-01,Headline PCE,1m,2.2099448828650337
2025-06-01,Headline PCE,1m,3.501722937470464
2025-07-01,Headline PCE,1m,2.0740092586278402
2025-08-01,Headline PCE,1m,3.1932518011736244
2025-09-01,Headline PCE,1m,3.1750761588284604
2025-10-01,Headline PCE,1m,2.337705932851364
2025-11-01,Headline PCE,1m,2.6691394899695187
2025-12-01,Headline PCE,1m,4.043335880412391
2026-01-01,Headline PCE,1m,4.252553271421222
2026-02-01,Headline PCE,1m,4.906126684387391
2026-03-01,Headline PCE,1m,8.304003612604639
2026-04-01,Headline PCE,1m,5.112858455417779
2026-05-01,Headline PCE,1m,5.928619838572802
2026-06-01,Headline PCE,1m,-1.1070081516916241
2026-07-01,Headline PCE,1m,1.887511863079383
1959-04-01,Headline PCE,3m,1.458716766775403
1959-05-01,Headline PCE,3m,1.2709180672846543
1959-06-01,Headline PCE,3m,2.17700773787739
1959-07-01,Headline PCE,3m,2.226112332871133
1959-08-01,Headline PCE,3m,2.5993340364514284
1959-09-01,Headline PCE,3m,2.4850104563005404
1959-10-01,Headline PCE,3m,2.612947632240492
1959-11-01,Headline PCE,3m,2.2902096216510293
1959-12-01,Headline PCE,3m,1.702925554861423
1960-01-01,Headline PCE,3m,0.4943562315161465
1960-02-01,Headline PCE,3m,0.6504255134152759
1960-03-01,Headline PCE,3m,0.4154220037065892
1960-04-01,Headline PCE,3m,2.1176428474115605
1960-05-01,Headline PCE,3m,2.1154307125004213
1960-06-01,Headline PCE,3m,2.061586131086579
1960-07-01,Headline PCE,3m,1.3224675435902888
1960-08-01,Headline PCE,3m,1.5816631676298654
1960-09-01,Headline PCE,3m,1.6330954394188968
1960-10-01,Headline PCE,3m,1.3700643823749692
1960-11-01,Headline PCE,3m,2.069923009111996
1960-12-01,Headline PCE,3m,1.9124612129450602
1961-01-01,Headline PCE,3m,1.520836266353287
1961-02-01,Headline PCE,3m,0.5118679164519913
1961-03-01,Headline PCE,3m,0.20447277673096842
1961-04-01,Headline PCE,3m,-0.1020994109903528
1961-05-01,Headline PCE,3m,-0.2294088588896126
1961-06-01,Headline PCE,3m,0.17880515350126025
1961-07-01,Headline PCE,3m,1.2831864725549202
1961-08-01,Headline PCE,3m,1.3855717658075806
1961-09-01,Headline PCE,3m,1.6688237089476532
1961-10-01,Headline PCE,3m,0.7659865443135017
1961-11-01,Headline PCE,3m,0.4586856209776169
1961-12-01,Headline PCE,3m,0.10167767354070101
1962-01-01,Headline PCE,3m,0.892367867475885
1962-02-01,Headline PCE,3m,1.9451695680142933
1962-03-01,Headline PCE,3m,2.3835176560874416
1962-04-01,Headline PCE,3m,2.069623868791637
1962-05-01,Headline PCE,3m,1.2448641855697051
1962-06-01,Headline PCE,3m,0.9631155985129869
1962-07-01,Headline PCE,3m,0.2777688426158331
1962-08-01,Headline PCE,3m,0.6064034175932598
1962-09-01,Headline PCE,3m,2.3380422201983775
1962-10-01,Headline PCE,3m,2.1599551447120557
1962-11-01,Headline PCE,3m,1.8502186863652348
1962-12-01,Headline PCE,3m,-0.2752492816667895
1963-01-01,Headline PCE,3m,1.1078134437750409
1963-02-01,Headline PCE,3m,1.2587169732637848
1963-03-01,Headline PCE,3m,1.0821935680268124
1963-04-01,Headline PCE,3m,0.07503516943794253
1963-05-01,Headline PCE,3m,0.3000748079753146
1963-06-01,Headline PCE,3m,1.5083638108362107
1963-07-01,Headline PCE,3m,2.345349758381965
1963-08-01,Headline PCE,3m,2.2399635008332197
1963-09-01,Headline PCE,3m,1.276220217276447
1963-10-01,Headline PCE,3m,1.2485802174096783
1963-11-01,Headline PCE,3m,1.2719234212385189
1963-12-01,Headline PCE,3m,1.9505521444437735
1964-01-01,Headline PCE,3m,2.022218594588643
1964-02-01,Headline PCE,3m,2.019319899929317
1964-03-01,Headline PCE,3m,1.6656467821766663
1964-04-01,Headline PCE,3m,1.1140919395682847
1964-05-01,Headline PCE,3m,0.5921888702740574
1964-06-01,Headline PCE,3m,0.9134897357233607
1964-07-01,Headline PCE,3m,1.1357910867311194
1964-08-01,Headline PCE,3m,1.3838059669961655
1964-09-01,Headline PCE,3m,1.4314574714857198
1964-10-01,Headline PCE,3m,1.1573027432717709
1964-11-01,Headline PCE,3m,1.42854881355714
1964-12-01,Headline PCE,3m,1.4016323420122268
1965-01-01,Headline PCE,3m,1.598541919798513
1965-02-01,Headline PCE,3m,1.2015927555748318
1965-03-01,Headline PCE,3m,1.1260598985598058
1965-04-01,Headline PCE,3m,1.3214062935202664
1965-05-01,Headline PCE,3m,2.0602708543706827
1965-06-01,Headline PCE,3m,2.725693431191001
1965-07-01,Headline PCE,3m,2.3750916752179885
1965-08-01,Headline PCE,3m,1.5588550569587634
1965-09-01,Headline PCE,3m,0.5807607245590374
1965-10-01,Headline PCE,3m,0.4108135358755982
1965-11-01,Headline PCE,3m,0.9926984269236883
1965-12-01,Headline PCE,3m,2.261240116684071
1966-01-01,Headline PCE,3m,2.6287164837844657
1966-02-01,Headline PCE,3m,3.633888872940383
1966-03-01,Headline PCE,3m,3.1535675832343735
1966-04-01,Headline PCE,3m,4.084336297095992
1966-05-01,Headline PCE,3m,2.892774018991595
1966-06-01,Headline PCE,3m,2.909950627217528
1966-07-01,Headline PCE,3m,2.295596159418789
1966-08-01,Headline PCE,3m,3.3566210133922247
1966-09-01,Headline PCE,3m,3.639041161516987
1966-10-01,Headline PCE,3m,3.922747720180819
1966-11-01,Headline PCE,3m,2.944122625452361
1966-12-01,Headline PCE,3m,2.5047526100862916
1967-01-01,Headline PCE,3m,1.4555459841953722
1967-02-01,Headline PCE,3m,1.335619012388034
1967-03-01,Headline PCE,3m,0.6998282058087613
1967-04-01,Headline PCE,3m,1.3562299110039477
1967-05-01,Headline PCE,3m,1.6601521943449438
1967-06-01,Headline PCE,3m,2.7452721462312146
1967-07-01,Headline PCE,3m,3.4523130531848523
1967-08-01,Headline PCE,3m,3.9450438290131062
1967-09-01,Headline PCE,3m,3.884863626896018
1967-10-01,Headline PCE,3m,3.635147547071349
1967-11-01,Headline PCE,3m,3.717941784790102
1967-12-01,Headline PCE,3m,3.1207024604962053
1968-01-01,Headline PCE,3m,3.8834951028798637
1968-02-01,Headline PCE,3m,4.198061104566375
1968-03-01,Headline PCE,3m,4.894614083368332
1968-04-01,Headline PCE,3m,4.264727845971938
1968-05-01,Headline PCE,3m,4.10812011892836
1968-06-01,Headline PCE,3m,4.094571585619899
1968-07-01,Headline PCE,3m,4.0585599561502095
1968-08-01,Headline PCE,3m,4.226963223722535
1968-09-01,Headline PCE,3m,4.327603686130899
1968-10-01,Headline PCE,3m,4.886084749917763
1968-11-01,Headline PCE,3m,4.592197149578547
1968-12-01,Headline PCE,3m,4.009754534259291
1969-01-01,Headline PCE,3m,3.812054447927915
1969-02-01,Headline PCE,3m,3.463457402288217
1969-03-01,Headline PCE,3m,4.553022956107
1969-04-01,Headline PCE,3m,4.758983353956103
1969-05-01,Headline PCE,3m,5.374155985486095
1969-06-01,Headline PCE,3m,5.437969328578651
1969-07-01,Headline PCE,3m,5.435904218424015
1969-08-01,Headline PCE,3m,4.904678462815859
1969-09-01,Headline PCE,3m,4.617039651952082
1969-10-01,Headline PCE,3m,4.203861065209713
1969-11-01,Headline PCE,3m,4.867100530349178
1969-12-01,Headline PCE,3m,5.042296583403805
1970-01-01,Headline PCE,3m,5.111620000902861
1970-02-01,Headline PCE,3m,4.959586921572123
1970-03-01,Headline PCE,3m,4.080039367493549
1970-04-01,Headline PCE,3m,4.704840037974289
1970-05-01,Headline PCE,3m,4.367065060514164
1970-06-01,Headline PCE,3m,4.419690220461203
1970-07-01,Headline PCE,3m,3.829103525713662
1970-08-01,Headline PCE,3m,3.6077939914797685
1970-09-01,Headline PCE,3m,4.392350032907499
1970-10-01,Headline PCE,3m,4.940910596438486
1970-11-01,Headline PCE,3m,5.493272814314487
1970-12-01,Headline PCE,3m,5.468246241100516
1971-01-01,Headline PCE,3m,4.281598430526468
1971-02-01,Headline PCE,3m,3.854544934453874
1971-03-01,Headline PCE,3m,3.3897862242833643
1971-04-01,Headline PCE,3m,4.134344550391744
1971-05-01,Headline PCE,3m,4.651326907756337
1971-06-01,Headline PCE,3m,5.124356284989107
1971-07-01,Headline PCE,3m,4.738807249396992
1971-08-01,Headline PCE,3m,4.215474407383613
1971-09-01,Headline PCE,3m,3.0013367896874144
1971-10-01,Headline PCE,3m,2.4003030577366857
1971-11-01,Headline PCE,3m,2.0599848712901547
1971-12-01,Headline PCE,3m,3.0577499352760107
1972-01-01,Headline PCE,3m,4.119050018320647
1972-02-01,Headline PCE,3m,4.903719360799741
1972-03-01,Headline PCE,3m,3.8579248480661077
1972-04-01,Headline PCE,3m,2.788629622654426
1972-05-01,Headline PCE,3m,2.0826166278048452
1972-06-01,Headline PCE,3m,2.1180955594038986
1972-07-01,Headline PCE,3m,2.9624088400313386
1972-08-01,Headline PCE,3m,3.2452507649117557
1972-09-01,Headline PCE,3m,4.480354318976731
1972-10-01,Headline PCE,3m,3.4594291713730074
1972-11-01,Headline PCE,3m,3.487660545690874
1972-12-01,Headline PCE,3m,2.956834504348893
1973-01-01,Headline PCE,3m,3.7354492345448964
1973-02-01,Headline PCE,3m,4.680891275363019
1973-03-01,Headline PCE,3m,6.3211492605281805
1973-04-01,Headline PCE,3m,8.206045490030323
1973-05-01,Headline PCE,3m,8.064650072777034
1973-06-01,Headline PCE,3m,7.466848944854343
1973-07-01,Headline PCE,3m,5.8548830585437805
1973-08-01,Headline PCE,3m,8.669166279393824
1973-09-01,Headline PCE,3m,7.915967042177474
1973-10-01,Headline PCE,3m,8.79501406150811
1973-11-01,Headline PCE,3m,7.3660029368160185
1973-12-01,Headline PCE,3m,9.198763847261393
1974-01-01,Headline PCE,3m,10.90747080847143
1974-02-01,Headline PCE,3m,12.431773297071391
1974-03-01,Headline PCE,3m,13.945500206943851
1974-04-01,Headline PCE,3m,12.817016817616889
1974-05-01,Headline PCE,3m,12.020816020585489
1974-06-01,Headline PCE,3m,10.65307731861247
1974-07-01,Headline PCE,3m,10.78919077104057
1974-08-01,Headline PCE,3m,11.05052851010393
1974-09-01,Headline PCE,3m,11.884954848764085
1974-10-01,Headline PCE,3m,11.794318646350277
1974-11-01,Headline PCE,3m,10.496170211097255
1974-12-01,Headline PCE,3m,9.420485715842597
1975-01-01,Headline PCE,3m,9.000384151797114
1975-02-01,Headline PCE,3m,8.105888986102027
1975-03-01,Headline PCE,3m,6.1755769587400255
1975-04-01,Headline PCE,3m,4.988917537355664
1975-05-01,Headline PCE,3m,4.394275343581788
1975-06-01,Headline PCE,3m,5.590910251328007
1975-07-01,Headline PCE,3m,7.793950640612235
1975-08-01,Headline PCE,3m,7.937301644894568
1975-09-01,Headline PCE,3m,7.380448204444789
1975-10-01,Headline PCE,3m,6.209388656025805
1975-11-01,Headline PCE,3m,7.096815976997428
1975-12-01,Headline PCE,3m,7.3397941990745785
1976-01-01,Headline PCE,3m,6.481793940242064
1976-02-01,Headline PCE,3m,4.3243440877028805
1976-03-01,Headline PCE,3m,2.669875692873447
1976-04-01,Headline PCE,3m,2.0446345295476176
1976-05-01,Headline PCE,3m,3.4647748017903934
1976-06-01,Headline PCE,3m,4.65709789692812
1976-07-01,Headline PCE,3m,5.836624396993928
1976-08-01,Headline PCE,3m,6.1507357800401286
1976-09-01,Headline PCE,3m,6.673265922497795
1976-10-01,Headline PCE,3m,6.742507527239039
1976-11-01,Headline PCE,3m,6.336669711377696
1976-12-01,Headline PCE,3m,6.329702645153379
1977-01-01,Headline PCE,3m,6.57249187599207
1977-02-01,Headline PCE,3m,7.969993499182881
1977-03-01,Headline PCE,3m,7.720673289930757
1977-04-01,Headline PCE,3m,7.718193397567008
1977-05-01,Headline PCE,3m,6.542841734463489
1977-06-01,Headline PCE,3m,6.792655206958753
1977-07-01,Headline PCE,3m,6.527216670628744
1977-08-01,Headline PCE,3m,6.353663213616323
1977-09-01,Headline PCE,3m,5.5826569911944235
1977-10-01,Headline PCE,3m,5.360902068170503
1977-11-01,Headline PCE,3m,5.814783545424129
1977-12-01,Headline PCE,3m,6.271378803601979
1978-01-01,Headline PCE,3m,6.802092298314433
1978-02-01,Headline PCE,3m,6.340955777629631
1978-03-01,Headline PCE,3m,7.027116675837575
1978-04-01,Headline PCE,3m,7.742230456064569
1978-05-01,Headline PCE,3m,8.816215076992794
1978-06-01,Headline PCE,3m,8.838733326181547
1978-07-01,Headline PCE,3m,7.928079906419749
1978-08-01,Headline PCE,3m,7.0393257119426345
1978-09-01,Headline PCE,3m,6.679366560163191
1978-10-01,Headline PCE,3m,7.747944409470353
1978-11-01,Headline PCE,3m,8.006897597303443
1978-12-01,Headline PCE,3m,7.572700272452426
1979-01-01,Headline PCE,3m,7.396052831089905
1979-02-01,Headline PCE,3m,7.251618379992664
1979-03-01,Headline PCE,3m,8.601373687033087
1979-04-01,Headline PCE,3m,9.844738090748773
1979-05-01,Headline PCE,3m,12.056321548309112
1979-06-01,Headline PCE,3m,12.25327682732804
1979-07-01,Headline PCE,3m,11.010384828473185
1979-08-01,Headline PCE,3m,9.827325868741665
1979-09-01,Headline PCE,3m,10.07487391127988
1979-10-01,Headline PCE,3m,10.312674446506698
1979-11-01,Headline PCE,3m,10.001878118501018
1979-12-01,Headline PCE,3m,9.815563494861257
1980-01-01,Headline PCE,3m,10.827816973823602
1980-02-01,Headline PCE,3m,12.551000971173053
1980-03-01,Headline PCE,3m,14.295902922650239
1980-04-01,Headline PCE,3m,11.931448441296212
1980-05-01,Headline PCE,3m,10.586329649076331
1980-06-01,Headline PCE,3m,8.00048819869934
1980-07-01,Headline PCE,3m,9.105082266819831
1980-08-01,Headline PCE,3m,9.343394461644849
1980-09-01,Headline PCE,3m,10.624816118022263
1980-10-01,Headline PCE,3m,10.727727128501696
1980-11-01,Headline PCE,3m,10.646707345391992
1980-12-01,Headline PCE,3m,9.44203875799261
1981-01-01,Headline PCE,3m,10.135896239407248
1981-02-01,Headline PCE,3m,11.00190079392991
1981-03-01,Headline PCE,3m,11.215815158157882
1981-04-01,Headline PCE,3m,8.925677695277546
1981-05-01,Headline PCE,3m,6.516606706400685
1981-06-01,Headline PCE,3m,5.259476800625662
1981-07-01,Headline PCE,3m,5.9622033920622375
1981-08-01,Headline PCE,3m,6.71123209780875
1981-09-01,Headline PCE,3m,7.59108703766902
1981-10-01,Headline PCE,3m,6.949284526310828
1981-11-01,Headline PCE,3m,6.571094864686722
1981-12-01,Headline PCE,3m,5.31746216622313
1982-01-01,Headline PCE,3m,5.9099260204121595
1982-02-01,Headline PCE,3m,4.920293618489002
1982-03-01,Headline PCE,3m,4.705306653811103
1982-04-01,Headline PCE,3m,2.4577416938884378
1982-05-01,Headline PCE,3m,3.659495565039328
1982-06-01,Headline PCE,3m,5.61119706720139
1982-07-01,Headline PCE,3m,7.92222862509846
1982-08-01,Headline PCE,3m,6.705501361788779
1982-09-01,Headline PCE,3m,4.818039476698122
1982-10-01,Headline PCE,3m,4.687844778721573
1982-11-01,Headline PCE,3m,4.654798839214336
1982-12-01,Headline PCE,3m,4.130300400590525
1983-01-01,Headline PCE,3m,3.73579276308984
1983-02-01,Headline PCE,3m,3.1937872487806773
1983-03-01,Headline PCE,3m,3.0993104284440465
1983-04-01,Headline PCE,3m,3.058025395046049
1983-05-01,Headline PCE,3m,3.5251351713557977
1983-06-01,Headline PCE,3m,4.540723031587568
1983-07-01,Headline PCE,3m,4.994369757267636
1983-08-01,Headline PCE,3m,5.598489766741932
1983-09-01,Headline PCE,3m,5.505690985406608
1983-10-01,Headline PCE,3m,3.8563395011775636
1983-11-01,Headline PCE,3m,2.680724474306073
1983-12-01,Headline PCE,3m,1.4746530765667787
1984-01-01,Headline PCE,3m,2.5545262735169105
1984-02-01,Headline PCE,3m,4.747162010356498
1984-03-01,Headline PCE,3m,5.8948264338413825
1984-04-01,Headline PCE,3m,5.667015394074126
1984-05-01,Headline PCE,3m,3.3920757310525795
1984-06-01,Headline PCE,3m,2.7760939066973522
1984-07-01,Headline PCE,3m,2.680816604277503
1984-08-01,Headline PCE,3m,3.4230132588865425
1984-09-01,Headline PCE,3m,3.247345985934036
1984-10-01,Headline PCE,3m,2.7470357977212645
1984-11-01,Headline PCE,3m,2.0695535420533595
1984-12-01,Headline PCE,3m,2.667845970442362
1985-01-01,Headline PCE,3m,3.7509438716675225
1985-02-01,Headline PCE,3m,5.096336361395215
1985-03-01,Headline PCE,3m,5.55621551173866
1985-04-01,Headline PCE,3m,4.0749395205519345
1985-05-01,Headline PCE,3m,3.13580068055046
1985-06-01,Headline PCE,3m,2.6470352162505817
1985-07-01,Headline PCE,3m,3.061366232541607
1985-08-01,Headline PCE,3m,3.4478561104618333
1985-09-01,Headline PCE,3m,3.0211554410522146
1985-10-01,Headline PCE,3m,2.696270089656072
1985-11-01,Headline PCE,3m,2.5334484043687544
1985-12-01,Headline PCE,3m,3.217558179696689
1986-01-01,Headline PCE,3m,4.433361570519834
1986-02-01,Headline PCE,3m,3.2269653133157217
1986-03-01,Headline PCE,3m,0.9631446114284348
1986-04-01,Headline PCE,3m,-1.6806348670766469
1986-05-01,Headline PCE,3m,-0.9596466507093115
1986-06-01,Headline PCE,3m,1.412109467443301
1986-07-01,Headline PCE,3m,2.347988248168309
1986-08-01,Headline PCE,3m,2.1122480228362717
1986-09-01,Headline PCE,3m,1.929705045388297
1986-10-01,Headline PCE,3m,2.557193700091953
1986-11-01,Headline PCE,3m,2.7769552884771898
1986-12-01,Headline PCE,3m,1.9994088983164016
1987-01-01,Headline PCE,3m,3.19163658886632
1987-02-01,Headline PCE,3m,3.9022906265433033
1987-03-01,Headline PCE,3m,4.431838224383222
1987-04-01,Headline PCE,3m,4.029114699209768
1987-05-01,Headline PCE,3m,3.627716198616704
1987-06-01,Headline PCE,3m,4.098765845316388
1987-07-01,Headline PCE,3m,3.51033903677449
1987-08-01,Headline PCE,3m,4.096329510514307
1987-09-01,Headline PCE,3m,3.9244252058950657
1987-10-01,Headline PCE,3m,4.281750107471094
1987-11-01,Headline PCE,3m,3.4272697712408817
1987-12-01,Headline PCE,3m,2.8007226016852904
1988-01-01,Headline PCE,3m,3.0902137748329617
1988-02-01,Headline PCE,3m,2.9238448753531543
1988-03-01,Headline PCE,3m,3.575498884972994
1988-04-01,Headline PCE,3m,3.981717113730898
1988-05-01,Headline PCE,3m,4.572940592586461
1988-06-01,Headline PCE,3m,4.916863758060019
1988-07-01,Headline PCE,3m,4.9155296393536885
1988-08-01,Headline PCE,3m,4.939059599197915
1988-09-01,Headline PCE,3m,5.198281931944959
1988-10-01,Headline PCE,3m,4.532264497560923
1988-11-01,Headline PCE,3m,4.264089643073787
1988-12-01,Headline PCE,3m,3.5378010355136658
1989-01-01,Headline PCE,3m,4.310676990941564
1989-02-01,Headline PCE,3m,4.73067290231084
1989-03-01,Headline PCE,3m,4.982481841735087
1989-04-01,Headline PCE,3m,5.622218563163006
1989-05-01,Headline PCE,3m,5.758427597758575
1989-06-01,Headline PCE,3m,5.111769480019368
1989-07-01,Headline PCE,3m,3.3399169212861013
1989-08-01,Headline PCE,3m,1.8945303782001766
1989-09-01,Headline PCE,3m,1.9116021232963964
1989-10-01,Headline PCE,3m,2.5297860090044866
1989-11-01,Headline PCE,3m,3.376064512146759
1989-12-01,Headline PCE,3m,3.6535582194979765
1990-01-01,Headline PCE,3m,5.175431105570039
1990-02-01,Headline PCE,3m,6.113438434596152
1990-03-01,Headline PCE,3m,6.484460145402071
1990-04-01,Headline PCE,3m,4.190461466728546
1990-05-01,Headline PCE,3m,3.2979125126693765
1990-06-01,Headline PCE,3m,3.563325844974674
1990-07-01,Headline PCE,3m,3.7154984635125343
1990-08-01,Headline PCE,3m,5.549568846002484
1990-09-01,Headline PCE,3m,6.274928886408526
1990-10-01,Headline PCE,3m,7.661482288082011
1990-11-01,Headline PCE,3m,5.3766943575561
1990-12-01,Headline PCE,3m,3.2134028787001556
1991-01-01,Headline PCE,3m,2.429280989939575
1991-02-01,Headline PCE,3m,2.118851102609831
1991-03-01,Headline PCE,3m,1.8238118805174564
1991-04-01,Headline PCE,3m,1.0173108523909624
1991-05-01,Headline PCE,3m,2.4932429736548967
1991-06-01,Headline PCE,3m,3.0997006177404307
1991-07-01,Headline PCE,3m,3.0006411622201634
1991-08-01,Headline PCE,3m,2.259668344713428
1991-09-01,Headline PCE,3m,2.9764070039110857
1991-10-01,Headline PCE,3m,3.0974750731898926
1991-11-01,Headline PCE,3m,3.043942848254688
1991-12-01,Headline PCE,3m,2.6586990755165685
1992-01-01,Headline PCE,3m,2.4507317025422415
1992-02-01,Headline PCE,3m,2.588988593978314
1992-03-01,Headline PCE,3m,2.5564004332549795
1992-04-01,Headline PCE,3m,3.1071799780117537
1992-05-01,Headline PCE,3m,2.6112989591661195
1992-06-01,Headline PCE,3m,2.3460541282467107
1992-07-01,Headline PCE,3m,2.5913889333233575
1992-08-01,Headline PCE,3m,2.5943631880249063
1992-09-01,Headline PCE,3m,2.5382200828603985
1992-10-01,Headline PCE,3m,2.6324841491214057
1992-11-01,Headline PCE,3m,2.8920768862004342
1992-12-01,Headline PCE,3m,2.9386241459391726
1993-01-01,Headline PCE,3m,2.487765373985984
1993-02-01,Headline PCE,3m,2.2985215198579434
1993-03-01,Headline PCE,3m,2.4213311694285755
1993-04-01,Headline PCE,3m,2.5167252907674964
1993-05-01,Headline PCE,3m,3.165933104700347
1993-06-01,Headline PCE,3m,2.4635394426761215
1993-07-01,Headline PCE,3m,2.0296968610479693
1993-08-01,Headline PCE,3m,1.4679790265669679
1993-09-01,Headline PCE,3m,1.7541674447555389
1993-10-01,Headline PCE,3m,2.3819188257325763
1993-11-01,Headline PCE,3m,2.4590602916151116
1993-12-01,Headline PCE,3m,2.1259416019731248
1994-01-01,Headline PCE,3m,0.9876998471636256
1994-02-01,Headline PCE,3m,1.1580140851289222
1994-03-01,Headline PCE,3m,2.182872594165919
1994-04-01,Headline PCE,3m,2.529592364835276
1994-05-01,Headline PCE,3m,2.1770496604185396
1994-06-01,Headline PCE,3m,2.0477829645600965
1994-07-01,Headline PCE,3m,2.8536393470923516
1994-08-01,Headline PCE,3m,3.2021232545651035
1994-09-01,Headline PCE,3m,2.6576625652355412
1994-10-01,Headline PCE,3m,2.061444131403789
1994-11-01,Headline PCE,3m,1.8982890320678347
1994-12-01,Headline PCE,3m,1.7077770864186936
1995-01-01,Headline PCE,3m,1.8443804698482058
1995-02-01,Headline PCE,3m,1.7924096578480375
1995-03-01,Headline PCE,3m,2.282267308418029
1995-04-01,Headline PCE,3m,2.526305359491743
1995-05-01,Headline PCE,3m,2.430916219712609
1995-06-01,Headline PCE,3m,2.076236522659136
1995-07-01,Headline PCE,3m,1.518632254154273
1995-08-01,Headline PCE,3m,1.7676696889078247
1995-09-01,Headline PCE,3m,1.6522681680884777
1995-10-01,Headline PCE,3m,2.1947627908287526
1995-11-01,Headline PCE,3m,1.3073558562031184
1995-12-01,Headline PCE,3m,1.8063582127306521
1996-01-01,Headline PCE,3m,1.659017453165612
1996-02-01,Headline PCE,3m,2.3141128448376014
1996-03-01,Headline PCE,3m,2.763171455577651
1996-04-01,Headline PCE,3m,3.0794037893485005
1996-05-01,Headline PCE,3m,3.140164975793591
1996-06-01,Headline PCE,3m,1.8979860696777484
1996-07-01,Headline PCE,3m,1.5398465773669434
1996-08-01,Headline PCE,3m,1.2271668409213898
1996-09-01,Headline PCE,3m,2.3831078727755584
1996-10-01,Headline PCE,3m,2.754876873702261
1996-11-01,Headline PCE,3m,3.0943011409284793
1996-12-01,Headline PCE,3m,2.4100027877532737
1997-01-01,Headline PCE,3m,1.7093383404768403
1997-02-01,Headline PCE,3m,1.8339680472034825
1997-03-01,Headline PCE,3m,1.7912366798972013
1997-04-01,Headline PCE,3m,1.6615643928249213
1997-05-01,Headline PCE,3m,0.6344242057310323
1997-06-01,Headline PCE,3m,0.7253538176582142
1997-07-01,Headline PCE,3m,0.5702540298093473
1997-08-01,Headline PCE,3m,1.0745830982748616
1997-09-01,Headline PCE,3m,1.5324953255648532
1997-10-01,Headline PCE,3m,1.819253408769539
1997-11-01,Headline PCE,3m,1.518866208465064
1997-12-01,Headline PCE,3m,0.4595834898359019
1998-01-01,Headline PCE,3m,0.13583109707944185
1998-02-01,Headline PCE,3m,-0.096124615803872
1998-03-01,Headline PCE,3m,0.05092838093119223
1998-04-01,Headline PCE,3m,0.3510606311082576
1998-05-01,Headline PCE,3m,1.1135465479409357
1998-06-01,Headline PCE,3m,0.7089908091501229
1998-07-01,Headline PCE,3m,1.20316468058288
1998-08-01,Headline PCE,3m,1.2072041397907851
1998-09-01,Headline PCE,3m,1.3165371144054916
1998-10-01,Headline PCE,3m,1.2052402924448424
1998-11-01,Headline PCE,3m,0.6654331287876181
1998-12-01,Headline PCE,3m,1.3065345369463799
1999-01-01,Headline PCE,3m,0.9864568379038152
1999-02-01,Headline PCE,3m,0.7433656149532286
1999-03-01,Headline PCE,3m,0.6411047006523285
1999-04-01,Headline PCE,3m,2.026481120693213
1999-05-01,Headline PCE,3m,2.523606700111336
1999-06-01,Headline PCE,3m,2.3391815695620544
1999-07-01,Headline PCE,3m,1.457232153408583
1999-08-01,Headline PCE,3m,1.9301429879411192
1999-09-01,Headline PCE,3m,3.2750683597570163
1999-10-01,Headline PCE,3m,2.8742434075023526
1999-11-01,Headline PCE,3m,2.4957179805034313
1999-12-01,Headline PCE,3m,1.981212359807727
2000-01-01,Headline PCE,3m,2.4038659909131566
2000-02-01,Headline PCE,3m,3.3303297230772744
2000-03-01,Headline PCE,3m,4.141814731744309
2000-04-01,Headline PCE,3m,2.6744007016595184
2000-05-01,Headline PCE,3m,1.7271328100673111
2000-06-01,Headline PCE,3m,1.3619106196051334
2000-07-01,Headline PCE,3m,2.723309440823818
2000-08-01,Headline PCE,3m,2.3550524049553045
2000-09-01,Headline PCE,3m,2.7283489365765634
2000-10-01,Headline PCE,3m,2.258565071508545
2000-11-01,Headline PCE,3m,2.8597163596376873
2000-12-01,Headline PCE,3m,1.7295782824168215
2001-01-01,Headline PCE,3m,3.1514442862938363
2001-02-01,Headline PCE,3m,3.21298936899419
2001-03-01,Headline PCE,3m,2.6215686803286564
2001-04-01,Headline PCE,3m,1.3681985579197642
2001-05-01,Headline PCE,3m,1.8083185706176064
2001-06-01,Headline PCE,3m,2.490450387034926
2001-07-01,Headline PCE,3m,1.637906212228235
2001-08-01,Headline PCE,3m,0.5263391374898507
2001-09-01,Headline PCE,3m,-1.5324680940119406
2001-10-01,Headline PCE,3m,-0.005298399219932914
2001-11-01,Headline PCE,3m,-0.2276682267287944
2001-12-01,Headline PCE,3m,0.7251079982042885
2002-01-01,Headline PCE,3m,-0.3228215166290238
2002-02-01,Headline PCE,3m,0.6217969597710482
2002-03-01,Headline PCE,3m,2.1400202751399533
2002-04-01,Headline PCE,3m,3.486227325005342
2002-05-01,Headline PCE,3m,3.0626972549808062
2002-06-01,Headline PCE,3m,2.461587288566469
2002-07-01,Headline PCE,3m,1.6558194987535524
2002-08-01,Headline PCE,3m,2.187694290304365
2002-09-01,Headline PCE,3m,2.4144741462814423
2002-10-01,Headline PCE,3m,2.259946997546214
2002-11-01,Headline PCE,3m,1.8628137211120777
2002-12-01,Headline PCE,3m,1.5213639829591452
2003-01-01,Headline PCE,3m,1.9933552078652106
2003-02-01,Headline PCE,3m,3.3122737552697012
2003-03-01,Headline PCE,3m,3.9763115480619504
2003-04-01,Headline PCE,3m,2.0465837510208695
2003-05-01,Headline PCE,3m,-0.11346199814891156
2003-06-01,Headline PCE,3m,-0.703187937405747
2003-07-01,Headline PCE,3m,1.1545535623082248
2003-08-01,Headline PCE,3m,3.000777098692353
2003-09-01,Headline PCE,3m,3.843430549351834
2003-10-01,Headline PCE,3m,2.6841533162601516
2003-11-01,Headline PCE,3m,1.8207258074796284
2003-12-01,Headline PCE,3m,1.4479867210473563
2004-01-01,Headline PCE,3m,2.9738903705371245
2004-02-01,Headline PCE,3m,3.330273994531696
2004-03-01,Headline PCE,3m,3.057144290896985
2004-04-01,Headline PCE,3m,2.233679790586085
2004-05-01,Headline PCE,3m,2.6925232158128365
2004-06-01,Headline PCE,3m,3.230370430338536
2004-07-01,Headline PCE,3m,2.847957577817062
2004-08-01,Headline PCE,3m,1.7296131054137298
2004-09-01,Headline PCE,3m,1.3749223854297332
2004-10-01,Headline PCE,3m,2.7460614968640495
2004-11-01,Headline PCE,3m,4.125059567607714
2004-12-01,Headline PCE,3m,3.5261658726916334
2005-01-01,Headline PCE,3m,2.3018259432578736
2005-02-01,Headline PCE,3m,1.8653561948733133
2005-03-01,Headline PCE,3m,2.8719716466838463
2005-04-01,Headline PCE,3m,3.4856444790011487
2005-05-01,Headline PCE,3m,2.573400237374601
2005-06-01,Headline PCE,3m,1.607138279919984
2005-07-01,Headline PCE,3m,2.1892354895760358
2005-08-01,Headline PCE,3m,3.614469303762391
2005-09-01,Headline PCE,3m,7.403974662386603
2005-10-01,Headline PCE,3m,6.280753344702572
2005-11-01,Headline PCE,3m,3.711790435861384
2005-12-01,Headline PCE,3m,-0.19703598936573474
2006-01-01,Headline PCE,3m,1.1041161548922984
2006-02-01,Headline PCE,3m,2.197573574439793
2006-03-01,Headline PCE,3m,2.9921850634997194
2006-04-01,Headline PCE,3m,2.9090773359023103
2006-05-01,Headline PCE,3m,3.770586874286508
2006-06-01,Headline PCE,3m,3.989260491721325
2006-07-01,Headline PCE,3m,3.481894448704015
2006-08-01,Headline PCE,3m,3.6720349100517247
2006-09-01,Headline PCE,3m,1.5843725521645702
2006-10-01,Headline PCE,3m,-0.7333208395215673
2006-11-01,Headline PCE,3m,-1.8385808856675845
2006-12-01,Headline PCE,3m,0.6138789872599526
2007-01-01,Headline PCE,3m,2.9312582903244566
2007-02-01,Headline PCE,3m,4.073485421847356
2007-03-01,Headline PCE,3m,4.117021429120049
2007-04-01,Headline PCE,3m,3.707450181982641
2007-05-01,Headline PCE,3m,3.6237886953769394
2007-06-01,Headline PCE,3m,2.9900875166039897
2007-07-01,Headline PCE,3m,2.6509293883109297
2007-08-01,Headline PCE,3m,1.7438535461307358
2007-09-01,Headline PCE,3m,2.4491089843703184
2007-10-01,Headline PCE,3m,3.067165943674688
2007-11-01,Headline PCE,3m,4.98446013288083
2007-12-01,Headline PCE,3m,4.3421749283304445
2008-01-01,Headline PCE,3m,4.13036554368007
2008-02-01,Headline PCE,3m,2.766887668642526
2008-03-01,Headline PCE,3m,2.9926391166748667
2008-04-01,Headline PCE,3m,2.7163996347245867
2008-05-01,Headline PCE,3m,3.660803784919109
2008-06-01,Headline PCE,3m,5.488856864162006
2008-07-01,Headline PCE,3m,6.674421640126149
2008-08-01,Headline PCE,3m,4.524220488453667
2008-09-01,Headline PCE,3m,1.8834197062461255
2008-10-01,Headline PCE,3m,-2.6069524376259756
2008-11-01,Headline PCE,3m,-6.822549360308294
2008-12-01,Headline PCE,3m,-9.190120189796735
2009-01-01,Headline PCE,3m,-6.708769871030629
2009-02-01,Headline PCE,3m,-1.4682604604598248
2009-03-01,Headline PCE,3m,0.3227581860051343
2009-04-01,Headline PCE,3m,0.8516646600327027
2009-05-01,Headline PCE,3m,0.5494710891204901
2009-06-01,Headline PCE,3m,3.413647718461754
2009-07-01,Headline PCE,3m,2.870877615285794
2009-08-01,Headline PCE,3m,3.6373496552231765
2009-09-01,Headline PCE,3m,1.8664411650976653
2009-10-01,Headline PCE,3m,3.3751551017187076
2009-11-01,Headline PCE,3m,3.2090241778765405
2009-12-01,Headline PCE,3m,2.7825921815562316
2010-01-01,Headline PCE,3m,2.1268795909659577
2010-02-01,Headline PCE,3m,1.1036966916287083
2010-03-01,Headline PCE,3m,1.4397908349098598
2010-04-01,Headline PCE,3m,0.7744052869840035
2010-05-01,Headline PCE,3m,0.9128650072691702
2010-06-01,Headline PCE,3m,0.17738158191658027
2010-07-01,Headline PCE,3m,0.3015251497551885
2010-08-01,Headline PCE,3m,0.7236816253323841
2010-09-01,Headline PCE,3m,1.295266586117516
2010-10-01,Headline PCE,3m,2.2448595108757186
2010-11-01,Headline PCE,3m,2.4981509778356337
2010-12-01,Headline PCE,3m,3.0183866438155293
2011-01-01,Headline PCE,3m,2.941193232450856
2011-02-01,Headline PCE,3m,3.2678690348456385
2011-03-01,Headline PCE,3m,3.994129333844465
2011-04-01,Headline PCE,3m,4.50943311323011
2011-05-01,Headline PCE,3m,4.613841575612132
2011-06-01,Headline PCE,3m,2.8642780898819886
2011-07-01,Headline PCE,3m,1.82748981491343
2011-08-01,Headline PCE,3m,1.5514168640890835
2011-09-01,Headline PCE,3m,2.2072449677461803
2011-10-01,Headline PCE,3m,1.522974481577588
2011-11-01,Headline PCE,3m,1.3978862603362563
2011-12-01,Headline PCE,3m,1.062853406148756
2012-01-01,Headline PCE,3m,2.4436193598621925
2012-02-01,Headline PCE,3m,2.52135639670914
2012-03-01,Headline PCE,3m,3.06974896225376
2012-04-01,Headline PCE,3m,2.2077494939134246
2012-05-01,Headline PCE,3m,0.8442819917438671
2012-06-01,Headline PCE,3m,-0.12721430823854352
2012-07-01,Headline PCE,3m,-0.507462925367963
2012-08-01,Headline PCE,3m,1.2914401651620722
2012-09-01,Headline PCE,3m,2.739523506194752
2012-10-01,Headline PCE,3m,3.812008681759349
2012-11-01,Headline PCE,3m,2.148054957850376
2012-12-01,Headline PCE,3m,0.8499658863040382
2013-01-01,Headline PCE,3m,0.42516186237746556
2013-02-01,Headline PCE,3m,2.1408546068486745
2013-03-01,Headline PCE,3m,1.6676359918261552
2013-04-01,Headline PCE,3m,0.4879014302429763
2013-05-01,Headline PCE,3m,-0.6385389142532838
2013-06-01,Headline PCE,3m,0.777221547209872
2013-07-01,Headline PCE,3m,1.692133009950303
2013-08-01,Headline PCE,3m,1.996740577835232
2013-09-01,Headline PCE,3m,1.272845882034801
2013-10-01,Headline PCE,3m,1.3049850839659705
2013-11-01,Headline PCE,3m,1.3072543587300256
2013-12-01,Headline PCE,3m,1.837990516929211
2014-01-01,Headline PCE,3m,2.143908553844698
2014-02-01,Headline PCE,3m,1.7317244804516019
2014-03-01,Headline PCE,3m,1.6740667157896683
2014-04-01,Headline PCE,3m,1.553255802043485
2014-05-01,Headline PCE,3m,2.030593172549322
2014-06-01,Headline PCE,3m,1.821954463806752
2014-07-01,Headline PCE,3m,1.6766424958192472
2014-08-01,Headline PCE,3m,0.9586807389529994
2014-09-01,Headline PCE,3m,0.6597031646342622
2014-10-01,Headline PCE,3m,-0.0287469903638371
2014-11-01,Headline PCE,3m,-0.3609845463585559
2014-12-01,Headline PCE,3m,-1.1977075558325279
2015-01-01,Headline PCE,3m,-2.96489244921998
2015-02-01,Headline PCE,3m,-1.902180632097994
2015-03-01,Headline PCE,3m,-0.46048768205234625
2015-04-01,Headline PCE,3m,1.8334002127175175
2015-05-01,Headline PCE,3m,2.0900284998367047
2015-06-01,Headline PCE,3m,2.1111838213274003
2015-07-01,Headline PCE,3m,2.1218539432278583
2015-08-01,Headline PCE,3m,1.176464011810796
2015-09-01,Headline PCE,3m,-0.15987780498258886
2015-10-01,Headline PCE,3m,-0.5235323177359974
2015-11-01,Headline PCE,3m,-0.30289674643062536
2015-12-01,Headline PCE,3m,-0.08614633096372115
2016-01-01,Headline PCE,3m,0.07798990891594304
2016-02-01,Headline PCE,3m,-0.3808446957232814
2016-03-01,Headline PCE,3m,0.8936375377829986
2016-04-01,Headline PCE,3m,2.0547026580150396
2016-05-01,Headline PCE,3m,2.938082197599412
2016-06-01,Headline PCE,3m,2.696989257396898
2016-07-01,Headline PCE,3m,1.4322201173461169
2016-08-01,Headline PCE,3m,1.3351715669482234
2016-09-01,Headline PCE,3m,1.3944694972155558
2016-10-01,Headline PCE,3m,2.156698775899968
2016-11-01,Headline PCE,3m,1.7251201769722169
2016-12-01,Headline PCE,3m,1.6520400990047257
2017-01-01,Headline PCE,3m,2.37964563141293
2017-02-01,Headline PCE,3m,2.799363013084921
2017-03-01,Headline PCE,3m,1.8866062226271518
2017-04-01,Headline PCE,3m,1.1066130573932575
2017-05-01,Headline PCE,3m,0.3861542944793239
2017-06-01,Headline PCE,3m,0.9315533198274162
2017-07-01,Headline PCE,3m,0.3132276134717671
2017-08-01,Headline PCE,3m,1.3916061346454622
2017-09-01,Headline PCE,3m,2.5662816034313973
2017-10-01,Headline PCE,3m,2.9498281930590897
2017-11-01,Headline PCE,3m,2.616589916657963
2017-12-01,Headline PCE,3m,1.687870251697432
2018-01-01,Headline PCE,3m,2.6844955235338475
2018-02-01,Headline PCE,3m,2.976791498594533
2018-03-01,Headline PCE,3m,2.818408893834401
2018-04-01,Headline PCE,3m,2.26003428581949
2018-05-01,Headline PCE,3m,2.0868136661071457
2018-06-01,Headline PCE,3m,2.004572168042884
2018-07-01,Headline PCE,3m,1.4662410703376594
2018-08-01,Headline PCE,3m,1.051788023381084
2018-09-01,Headline PCE,3m,1.533800532408458
2018-10-01,Headline PCE,3m,1.8057700801935361
2018-11-01,Headline PCE,3m,1.6617906783556569
2018-12-01,Headline PCE,3m,1.1098640269404436
2019-01-01,Headline PCE,3m,0.20679792737972047
2019-02-01,Headline PCE,3m,0.805304719368749
2019-03-01,Headline PCE,3m,1.4410090071131254
2019-04-01,Headline PCE,3m,2.803531727251185
2019-05-01,Headline PCE,3m,2.3503595747754957
2019-06-01,Headline PCE,3m,1.6203249737351433
2019-07-01,Headline PCE,3m,1.017793624582386
2019-08-01,Headline PCE,3m,0.9118850640048359
2019-09-01,Headline PCE,3m,0.9659469933031017
2019-10-01,Headline PCE,3m,1.1436264097215876
2019-11-01,Headline PCE,3m,1.3728844483368974
2019-12-01,Headline PCE,3m,2.231813940261862
2020-01-01,Headline PCE,3m,2.223916173360241
2020-02-01,Headline PCE,3m,2.127822189208617
2020-03-01,Headline PCE,3m,-0.13798255916109836
2020-04-01,Headline PCE,3m,-2.472668355154395
2020-05-01,Headline PCE,3m,-2.391866734240855
2020-06-01,Headline PCE,3m,-0.0038361025194277865
2020-07-01,Headline PCE,3m,2.8812113025154185
2020-08-01,Headline PCE,3m,3.619333821366344
2020-09-01,Headline PCE,3m,3.0534381632055574
2020-10-01,Headline PCE,3m,2.2097441797889195
2020-11-01,Headline PCE,3m,1.4881610018789182
2020-12-01,Headline PCE,3m,2.4668851154558302
2021-01-01,Headline PCE,3m,3.8430100692592672
2021-02-01,Headline PCE,3m,4.804028379680281
2021-03-01,Headline PCE,3m,5.2272163960066065
2021-04-01,Headline PCE,3m,5.6595531389776355
2021-05-01,Headline PCE,3m,6.441058415295697
2021-06-01,Headline PCE,3m,6.528349778262843
2021-07-01,Headline PCE,3m,6.228614851802905
2021-08-01,Headline PCE,3m,5.659151179384647
2021-09-01,Headline PCE,3m,4.768519750450251
2021-10-01,Headline PCE,3m,5.628708728539511
2021-11-01,Headline PCE,3m,6.827911171391143
2021-12-01,Headline PCE,3m,8.074808008560574
2022-01-01,Headline PCE,3m,7.584633100633531
2022-02-01,Headline PCE,3m,7.260559844734127
2022-03-01,Headline PCE,3m,8.372596586987346
2022-04-01,Headline PCE,3m,7.308896742504545
2022-05-01,Headline PCE,3m,7.43959926392459
2022-06-01,Headline PCE,3m,7.797503051631072
2022-07-01,Headline PCE,3m,6.489519620581041
2022-08-01,Headline PCE,3m,5.047595898668056
2022-09-01,Headline PCE,3m,2.5375561775885735
2022-10-01,Headline PCE,3m,4.491064351195728
2022-11-01,Headline PCE,3m,4.407710012096477
2022-12-01,Headline PCE,3m,3.4972524689051765
2023-01-01,Headline PCE,3m,3.7804242990522763
2023-02-01,Headline PCE,3m,3.9306457433211373
2023-03-01,Headline PCE,3m,3.956560363674
2023-04-01,Headline PCE,3m,3.1727245905595725
2023-05-01,Headline PCE,3m,2.6428915511854667
2023-06-01,Headline PCE,3m,3.1519114224845435
2023-07-01,Headline PCE,3m,2.2055707562075755
2023-08-01,Headline PCE,3m,2.7579950592854896
2023-09-01,Headline PCE,3m,3.19184694643484
2023-10-01,Headline PCE,3m,2.9404999111060093
2023-11-01,Headline PCE,3m,1.7406017445509514
2023-12-01,Headline PCE,3m,0.7963118710192063
2024-01-01,Headline PCE,3m,2.479008417661843
2024-02-01,Headline PCE,3m,3.688004632748365
2024-03-01,Headline PCE,3m,4.60821788520589
2024-04-01,Headline PCE,3m,3.685640244714694
2024-05-01,Headline PCE,3m,2.4695683798718893
2024-06-01,Headline PCE,3m,1.6387404141785744
2024-07-01,Headline PCE,3m,1.2871682174614207
2024-08-01,Headline PCE,3m,1.7659617634201208
2024-09-01,Headline PCE,3m,2.0390611949799187
2024-10-01,Headline PCE,3m,2.4729866467058326
2024-11-01,Headline PCE,3m,2.437025291610473
2024-12-01,Headline PCE,3m,2.651523915721321
2025-01-01,Headline PCE,3m,2.9987486259927643
2025-02-01,Headline PCE,3m,4.1848828611634525
2025-03-01,Headline PCE,3m,3.1146490228744383
2025-04-01,Headline PCE,3m,2.3583759946883998
2025-05-01,Headline PCE,3m,1.466048665411246
2025-06-01,Headline PCE,3m,2.571659276360072
2025-07-01,Headline PCE,3m,2.5932140322159514
2025-08-01,Headline PCE,3m,2.921162645628228
2025-09-01,Headline PCE,3m,2.812777026660762
2025-10-01,Headline PCE,3m,2.9012359615501193
2025-11-01,Headline PCE,3m,2.726730466177041
2025-12-01,Headline PCE,3m,3.014088128053194
2026-01-01,Headline PCE,3m,3.652623034985769
2026-02-01,Headline PCE,3m,4.400026032100723
2026-03-01,Headline PCE,3m,5.806095445361126
2026-04-01,Headline PCE,3m,6.096340260994304
2026-05-01,Headline PCE,3m,6.439924345423953
2026-06-01,Headline PCE,3m,3.263036634351568
2026-07-01,Headline PCE,3m,2.1958504645800403
1960-01-01,Headline PCE,12m,1.6948034819308955
1960-02-01,Headline PCE,12m,1.6997167138810054
1960-03-01,Headline PCE,12m,1.6920139574692294
1960-04-01,Headline PCE,12m,1.859517708128
1960-05-01,Headline PCE,12m,1.9110790044000847
1960-06-01,Headline PCE,12m,1.6632833475214381
1960-07-01,Headline PCE,12m,1.6336666013200052
1960-08-01,Headline PCE,12m,1.6574225122349295
1960-09-01,Headline PCE,12m,1.451350471851609
1960-10-01,Headline PCE,12m,1.324503311258285
1960-11-01,Headline PCE,12m,1.6026472878276632
1960-12-01,Headline PCE,12m,1.503564484769937
1961-01-01,Headline PCE,12m,1.582257959924771
1961-02-01,Headline PCE,12m,1.5676621105137123
1961-03-01,Headline PCE,12m,1.4502136475462946
1961-04-01,Headline PCE,12m,1.0256741065668873
1961-05-01,Headline PCE,12m,0.9795076685139792
1961-06-01,Headline PCE,12m,0.9790660225442727
1961-07-01,Headline PCE,12m,1.0158811804796386
1961-08-01,Headline PCE,12m,0.9307400988510128
1961-09-01,Headline PCE,12m,0.9879394405953423
1961-10-01,Headline PCE,12m,0.865051903114189
1961-11-01,Headline PCE,12m,0.5300466185580222
1961-12-01,Headline PCE,12m,0.5363299706295566
1962-01-01,Headline PCE,12m,0.7085860197893368
1962-02-01,Headline PCE,12m,0.8865361311308106
1962-03-01,Headline PCE,12m,1.0784939374601121
1962-04-01,Headline PCE,12m,1.2515165059702404
1962-05-01,Headline PCE,12m,1.2571793235481854
1962-06-01,Headline PCE,12m,1.2757542897237961
1962-07-01,Headline PCE,12m,0.9992998536057618
1962-08-01,Headline PCE,12m,1.0620707199185953
1962-09-01,Headline PCE,12m,1.4420022868758542
1962-10-01,Headline PCE,12m,1.3468013468013407
1962-11-01,Headline PCE,12m,1.4102401219667104
1962-12-01,Headline PCE,12m,1.3463736822050043
1963-01-01,Headline PCE,12m,1.400862068965525
1963-02-01,Headline PCE,12m,1.2390947022379528
1963-03-01,Headline PCE,12m,1.0227918429193794
1963-04-01,Headline PCE,12m,0.9018099262155577
1963-05-01,Headline PCE,12m,1.0020797882397403
1963-06-01,Headline PCE,12m,1.158909113812423
1963-07-01,Headline PCE,12m,1.4179480715906134
1963-08-01,Headline PCE,12m,1.4096029198917615
1963-09-01,Headline PCE,12m,0.8954850021917427
1963-10-01,Headline PCE,12m,1.1909985582649218
1963-11-01,Headline PCE,12m,1.2653470308193526
1963-12-01,Headline PCE,12m,1.4538162677027344
1964-01-01,Headline PCE,12m,1.4190160655122908
1964-02-01,Headline PCE,12m,1.4549768952166975
1964-03-01,Headline PCE,12m,1.5999000062496105
1964-04-01,Headline PCE,12m,1.6812499999999897
1964-05-01,Headline PCE,12m,1.528765755647088
1964-06-01,Headline PCE,12m,1.450719133304279
1964-07-01,Headline PCE,12m,1.3794817622568845
1964-08-01,Headline PCE,12m,1.3155445237356789
1964-09-01,Headline PCE,12m,1.489572989076482
1964-10-01,Headline PCE,12m,1.3566251626091708
1964-11-01,Headline PCE,12m,1.354695038970677
1964-12-01,Headline PCE,12m,1.3526868437306883
1965-01-01,Headline PCE,12m,1.2512327416173585
1965-02-01,Headline PCE,12m,1.1509817197021155
1965-03-01,Headline PCE,12m,1.2179368887248465
1965-04-01,Headline PCE,12m,1.3030917696232214
1965-05-01,Headline PCE,12m,1.5180382275213455
1965-06-01,Headline PCE,12m,1.669326132318627
1965-07-01,Headline PCE,12m,1.6120134845234224
1965-08-01,Headline PCE,12m,1.5618300973846866
1965-09-01,Headline PCE,12m,1.4554794520547976
1965-10-01,Headline PCE,12m,1.4240312920180909
1965-11-01,Headline PCE,12m,1.452548062252057
1965-12-01,Headline PCE,12m,1.6698153452373798
1966-01-01,Headline PCE,12m,1.6801607110245254
1966-02-01,Headline PCE,12m,2.0567116952658893
1966-03-01,Headline PCE,12m,2.175630507444559
1966-04-01,Headline PCE,12m,2.3663612644863496
1966-05-01,Headline PCE,12m,2.2641966339750574
1966-06-01,Headline PCE,12m,2.221417360859612
1966-07-01,Headline PCE,12m,2.346483291108692
1966-08-01,Headline PCE,12m,2.7137860330478825
1966-09-01,Headline PCE,12m,2.9897528631705805
1966-10-01,Headline PCE,12m,3.229888520638746
1966-11-01,Headline PCE,12m,3.206400770017437
1966-12-01,Headline PCE,12m,3.051010010190014
1967-01-01,Headline PCE,12m,2.933604741663176
1967-02-01,Headline PCE,12m,2.6293823038397557
1967-03-01,Headline PCE,12m,2.4326414084339554
1967-04-01,Headline PCE,12m,2.252385750696484
1967-05-01,Headline PCE,12m,2.3206251479990447
1967-06-01,Headline PCE,12m,2.391638124483264
1967-07-01,Headline PCE,12m,2.5402251429245126
1967-08-01,Headline PCE,12m,2.465946453734147
1967-09-01,Headline PCE,12m,2.4523001287603874
1967-10-01,Headline PCE,12m,2.469207868775891
1967-11-01,Headline PCE,12m,2.6579622289577998
1967-12-01,Headline PCE,12m,2.6058631921824116
1968-01-01,Headline PCE,12m,3.0768335950677628
1968-02-01,Headline PCE,12m,3.3753558357055624
1968-03-01,Headline PCE,12m,3.6581117175705335
1968-04-01,Headline PCE,12m,3.8084748710219607
1968-05-01,Headline PCE,12m,3.9921314510529937
1968-06-01,Headline PCE,12m,3.9967702866370747
1968-07-01,Headline PCE,12m,3.960225313254395
1968-08-01,Headline PCE,12m,4.062571625028655
1968-09-01,Headline PCE,12m,4.107397886318198
1968-10-01,Headline PCE,12m,4.272530477384073
1968-11-01,Headline PCE,12m,4.281171928230765
1968-12-01,Headline PCE,12m,4.331065759637176
1969-01-01,Headline PCE,12m,4.254598803746745
1969-02-01,Headline PCE,12m,4.096886590985727
1969-03-01,Headline PCE,12m,4.24602285458211
1969-04-01,Headline PCE,12m,4.377931650658917
1969-05-01,Headline PCE,12m,4.41192834093691
1969-06-01,Headline PCE,12m,4.5807453416149
1969-07-01,Headline PCE,12m,4.721623265328678
1969-08-01,Headline PCE,12m,4.581245526127398
1969-09-01,Headline PCE,12m,4.653204565408253
1969-10-01,Headline PCE,12m,4.550917832167833
1969-11-01,Headline PCE,12m,4.649896547969079
1969-12-01,Headline PCE,12m,4.9119756574657725
1970-01-01,Headline PCE,12m,4.876596665944999
1970-02-01,Headline PCE,12m,5.02618366355343
1970-03-01,Headline PCE,12m,4.7931219774314915
1970-04-01,Headline PCE,12m,4.863043013053714
1970-05-01,Headline PCE,12m,4.774337933606865
1970-06-01,Headline PCE,12m,4.539187612684259
1970-07-01,Headline PCE,12m,4.46122168840084
1970-08-01,Headline PCE,12m,4.449007529089677
1970-09-01,Headline PCE,12m,4.483011744966436
1970-10-01,Headline PCE,12m,4.645451220149455
1970-11-01,Headline PCE,12m,4.604578563995854
1970-12-01,Headline PCE,12m,4.588771493681376
1971-01-01,Headline PCE,12m,4.438251535325377
1971-02-01,Headline PCE,12m,4.328158733422427
1971-03-01,Headline PCE,12m,4.414931801866473
1971-04-01,Headline PCE,12m,4.295699199020464
1971-05-01,Headline PCE,12m,4.399125260641812
1971-06-01,Headline PCE,12m,4.590646241249874
1971-07-01,Headline PCE,12m,4.523400384109966
1971-08-01,Headline PCE,12m,4.551870148200421
1971-09-01,Headline PCE,12m,4.240477743764726
1971-10-01,Headline PCE,12m,3.884949565564755
1971-11-01,Headline PCE,12m,3.6906242228301522
1971-12-01,Headline PCE,12m,3.639694958898687
1972-01-01,Headline PCE,12m,3.844443346345816
1972-02-01,Headline PCE,12m,3.9515175404020386
1972-03-01,Headline PCE,12m,3.7568138290035913
1972-04-01,Headline PCE,12m,3.5073130166805244
1972-05-01,Headline PCE,12m,3.307677318784119
1972-06-01,Headline PCE,12m,3.006935350889961
1972-07-01,Headline PCE,12m,3.065615782602382
1972-08-01,Headline PCE,12m,3.066390241550554
1972-09-01,Headline PCE,12m,3.3747352204891223
1972-10-01,Headline PCE,12m,3.3310901749663557
1972-11-01,Headline PCE,12m,3.4249532306806607
1972-12-01,Headline PCE,12m,3.349419465812997
1973-01-01,Headline PCE,12m,3.235783963835348
1973-02-01,Headline PCE,12m,3.369987676557029
1973-03-01,Headline PCE,12m,3.9568345323740983
1973-04-01,Headline PCE,12m,4.569943289224954
1973-05-01,Headline PCE,12m,4.852171452822174
1973-06-01,Headline PCE,12m,5.2921512312255725
1973-07-01,Headline PCE,12m,5.2967393854093325
1973-08-01,Headline PCE,12m,6.202928380970207
1973-09-01,Headline PCE,12m,6.147254691938708
1973-10-01,Headline PCE,12m,6.62883193003676
1973-11-01,Headline PCE,12m,7.184267891099672
1973-12-01,Headline PCE,12m,7.720758206195111
1974-01-01,Headline PCE,12m,8.425904586310207
1974-02-01,Headline PCE,12m,9.115502774084083
1974-03-01,Headline PCE,12m,9.602076124567493
1974-04-01,Headline PCE,12m,9.56297735797893
1974-05-01,Headline PCE,12m,10.100737542723515
1974-06-01,Headline PCE,12m,10.405580646603774
1974-07-01,Headline PCE,12m,10.818036000712894
1974-08-01,Headline PCE,12m,10.699026560366477
1974-09-01,Headline PCE,12m,11.407010924406613
1974-10-01,Headline PCE,12m,11.574033679434592
1974-11-01,Headline PCE,12m,11.497187364777162
1974-12-01,Headline PCE,12m,11.463519313304715
1975-01-01,Headline PCE,12m,11.091272371721296
1975-02-01,Headline PCE,12m,10.408875068285916
1975-03-01,Headline PCE,12m,9.512732106509358
1975-04-01,Headline PCE,12m,9.111908592170948
1975-05-01,Headline PCE,12m,8.47969937096642
1975-06-01,Headline PCE,12m,8.238153098420398
1975-07-01,Headline PCE,12m,8.366838211643612
1975-08-01,Headline PCE,12m,7.7112844182715135
1975-09-01,Headline PCE,12m,7.131886740440274
1975-10-01,Headline PCE,12m,6.987292277614854
1975-11-01,Headline PCE,12m,6.873132301005169
1975-12-01,Headline PCE,12m,6.6189211043086615
1976-01-01,Headline PCE,12m,6.363845094137455
1976-02-01,Headline PCE,12m,5.926010504681423
1976-03-01,Headline PCE,12m,5.727724462314621
1976-04-01,Headline PCE,12m,5.610161802510194
1976-05-01,Headline PCE,12m,5.689434445364849
1976-06-01,Headline PCE,12m,5.493189642269125
1976-07-01,Headline PCE,12m,5.127444069305831
1976-08-01,Headline PCE,12m,5.249353527890643
1976-09-01,Headline PCE,12m,5.319070724893393
1976-10-01,Headline PCE,12m,5.259118485490832
1976-11-01,Headline PCE,12m,5.062096012782336
1976-12-01,Headline PCE,12m,5.070422535211261
1977-01-01,Headline PCE,12m,5.281525454218383
1977-02-01,Headline PCE,12m,5.9681649958679195
1977-03-01,Headline PCE,12m,6.33946830265848
1977-04-01,Headline PCE,12m,6.715349369988544
1977-05-01,Headline PCE,12m,6.747657558160247
1977-06-01,Headline PCE,12m,6.877837684449495
1977-07-01,Headline PCE,12m,6.889006529027708
1977-08-01,Headline PCE,12m,6.798638166438531
1977-09-01,Headline PCE,12m,6.603608949076811
1977-10-01,Headline PCE,12m,6.541439533349536
1977-11-01,Headline PCE,12m,6.667357942762342
1977-12-01,Headline PCE,12m,6.5889874200866005
1978-01-01,Headline PCE,12m,6.598776612104018
1978-02-01,Headline PCE,12m,6.262715312627143
1978-03-01,Headline PCE,12m,6.417004048583008
1978-04-01,Headline PCE,12m,6.604722930363605
1978-05-01,Headline PCE,12m,6.825084270600423
1978-06-01,Headline PCE,12m,6.923102452623531
1978-07-01,Headline PCE,12m,6.953478390068346
1978-08-01,Headline PCE,12m,6.996845011173924
1978-09-01,Headline PCE,12m,7.199685689028579
1978-10-01,Headline PCE,12m,7.554179566563479
1978-11-01,Headline PCE,12m,7.546741842454874
1978-12-01,Headline PCE,12m,7.526361613620969
1979-01-01,Headline PCE,12m,7.703404500865552
1979-02-01,Headline PCE,12m,7.776253230798691
1979-03-01,Headline PCE,12m,7.919599264472765
1979-04-01,Headline PCE,12m,8.225040118309689
1979-05-01,Headline PCE,12m,8.569732566858267
1979-06-01,Headline PCE,12m,8.756246702051707
1979-07-01,Headline PCE,12m,8.989596517766184
1979-08-01,Headline PCE,12m,9.269895874927059
1979-09-01,Headline PCE,12m,9.611508154663762
1979-10-01,Headline PCE,12m,9.632457655364668
1979-11-01,Headline PCE,12m,9.77101536607412
1979-12-01,Headline PCE,12m,10.178437546858587
1980-01-01,Headline PCE,12m,10.497961127481625
1980-02-01,Headline PCE,12m,11.10255802936997
1980-03-01,Headline PCE,12m,11.595182138660398
1980-04-01,Headline PCE,12m,11.019043465619994
1980-05-01,Headline PCE,12m,10.736381686857932
1980-06-01,Headline PCE,12m,10.522860893886655
1980-07-01,Headline PCE,12m,10.539583628381255
1980-08-01,Headline PCE,12m,10.614195361911438
1980-09-01,Headline PCE,12m,10.660648109448578
1980-10-01,Headline PCE,12m,10.643413852191696
1980-11-01,Headline PCE,12m,10.775944885131628
1980-12-01,Headline PCE,12m,10.566428046490127
1981-01-01,Headline PCE,12m,10.470315698739352
1981-02-01,Headline PCE,12m,10.392794329265032
1981-03-01,Headline PCE,12m,9.813883697054248
1981-04-01,Headline PCE,12m,9.721094670682184
1981-05-01,Headline PCE,12m,9.362818980302489
1981-06-01,Headline PCE,12m,9.1103938024532
1981-07-01,Headline PCE,12m,8.92225695690052
1981-08-01,Headline PCE,12m,8.698635358694817
1981-09-01,Headline PCE,12m,8.354525997733852
1981-10-01,Headline PCE,12m,7.980915744510786
1981-11-01,Headline PCE,12m,7.683540226467445
1981-12-01,Headline PCE,12m,7.3188744737943345
1982-01-01,Headline PCE,12m,6.929848089536961
1982-02-01,Headline PCE,12m,6.1772799691015345
1982-03-01,Headline PCE,12m,5.712573414838773
1982-04-01,Headline PCE,12m,5.3058691553094395
1982-05-01,Headline PCE,12m,5.45800166330046
1982-06-01,Headline PCE,12m,5.800771542849037
1982-07-01,Headline PCE,12m,5.789498447351082
1982-08-01,Headline PCE,12m,5.45658577640622
1982-09-01,Headline PCE,12m,5.112355634048282
1982-10-01,Headline PCE,12m,5.225779587304524
1982-11-01,Headline PCE,12m,4.979291302347
1982-12-01,Headline PCE,12m,4.814882782034213
1983-01-01,Headline PCE,12m,4.681549722937994
1983-02-01,Headline PCE,12m,4.544731158349435
1983-03-01,Headline PCE,12m,4.410630867613041
1983-04-01,Headline PCE,12m,4.834542157751587
1983-05-01,Headline PCE,12m,4.510837727006445
1983-06-01,Headline PCE,12m,4.145042949176814
1983-07-01,Headline PCE,12m,4.116168916364615
1983-08-01,Headline PCE,12m,4.238715970559559
1983-09-01,Headline PCE,12m,4.315433422501291
1983-10-01,Headline PCE,12m,3.9088091102952527
1983-11-01,Headline PCE,12m,3.7436436963001807
1983-12-01,Headline PCE,12m,3.6438841835729763
1984-01-01,Headline PCE,12m,3.611728314381568
1984-02-01,Headline PCE,12m,4.1318719554627625
1984-03-01,Headline PCE,12m,4.339421844797253
1984-04-01,Headline PCE,12m,4.261345210040424
1984-05-01,Headline PCE,12m,4.098395998620208
1984-06-01,Headline PCE,12m,3.8962991601692476
1984-07-01,Headline PCE,12m,3.6821870995300987
1984-08-01,Headline PCE,12m,3.5580603998298432
1984-09-01,Headline PCE,12m,3.3358058705097005
1984-10-01,Headline PCE,12m,3.4042103036073135
1984-11-01,Headline PCE,12m,3.4036170032958557
1984-12-01,Headline PCE,12m,3.6382448583132776
1985-01-01,Headline PCE,12m,3.7044823816331673
1985-02-01,Headline PCE,12m,3.489683401553756
1985-03-01,Headline PCE,12m,3.5552965175579265
1985-04-01,Headline PCE,12m,3.311629064366284
1985-05-01,Headline PCE,12m,3.4254944599772186
1985-06-01,Headline PCE,12m,3.522771908788336
1985-07-01,Headline PCE,12m,3.407218193803563
1985-08-01,Headline PCE,12m,3.4317047624915276
1985-09-01,Headline PCE,12m,3.4660267847987036
1985-10-01,Headline PCE,12m,3.3944428530507054
1985-11-01,Headline PCE,12m,3.5490264184868225
1985-12-01,Headline PCE,12m,3.6042460422566647
1986-01-01,Headline PCE,12m,3.5640433037343433
1986-02-01,Headline PCE,12m,3.085460599334078
1986-03-01,Headline PCE,12m,2.4583408711732924
1986-04-01,Headline PCE,12m,2.101523453965193
1986-05-01,Headline PCE,12m,2.04649672600572
1986-06-01,Headline PCE,12m,2.1487768347478786
1986-07-01,Headline PCE,12m,1.9243794573488904
1986-08-01,Headline PCE,12m,1.7155110793424022
1986-09-01,Headline PCE,12m,1.8771432535828358
1986-10-01,Headline PCE,12m,1.8898541547107905
1986-11-01,Headline PCE,12m,1.7758484609313285
1986-12-01,Headline PCE,12m,1.5752212389380515
1987-01-01,Headline PCE,12m,1.585623678646919
1987-02-01,Headline PCE,12m,1.94189961631821
1987-03-01,Headline PCE,12m,2.436631876324258
1987-04-01,Headline PCE,12m,3.029409451914744
1987-05-01,Headline PCE,12m,3.1023724024253907
1987-06-01,Headline PCE,12m,3.1084436276905603
1987-07-01,Headline PCE,12m,3.3206942381361904
1987-08-01,Headline PCE,12m,3.599593972046544
1987-09-01,Headline PCE,12m,3.6092302902949625
1987-10-01,Headline PCE,12m,3.7523306401491707
1987-11-01,Headline PCE,12m,3.7630864676231113
1987-12-01,Headline PCE,12m,3.8121236762114874
1988-01-01,Headline PCE,12m,3.7268277642887426
1988-02-01,Headline PCE,12m,3.5179353252938084
1988-03-01,Headline PCE,12m,3.598651702608513
1988-04-01,Headline PCE,12m,3.7150107805911325
1988-05-01,Headline PCE,12m,3.753187925849799
1988-06-01,Headline PCE,12m,3.8015964809161806
1988-07-01,Headline PCE,12m,4.065225204774614
1988-08-01,Headline PCE,12m,3.962541453120272
1988-09-01,Headline PCE,12m,4.118232521455001
1988-10-01,Headline PCE,12m,4.127667540247093
1988-11-01,Headline PCE,12m,4.172194092038639
1988-12-01,Headline PCE,12m,4.304364043267439
1989-01-01,Headline PCE,12m,4.434495058333954
1989-02-01,Headline PCE,12m,4.626400534243524
1989-03-01,Headline PCE,12m,4.656794779361473
1989-04-01,Headline PCE,12m,4.843991463683861
1989-05-01,Headline PCE,12m,4.921671497230062
1989-06-01,Headline PCE,12m,4.705366602126193
1989-07-01,Headline PCE,12m,4.448120410092349
1989-08-01,Headline PCE,12m,4.152242863615774
1989-09-01,Headline PCE,12m,3.877786595483723
1989-10-01,Headline PCE,12m,3.9442696629213625
1989-11-01,Headline PCE,12m,3.929762886967758
1989-12-01,Headline PCE,12m,3.906808754112445
1990-01-01,Headline PCE,12m,4.1590322867562035
1990-02-01,Headline PCE,12m,4.271125137406484
1990-03-01,Headline PCE,12m,4.276478485126822
1990-04-01,Headline PCE,12m,3.8042429240730646
1990-05-01,Headline PCE,12m,3.659282829519017
1990-06-01,Headline PCE,12m,3.8903038972820214
1990-07-01,Headline PCE,12m,3.8984319253728694
1990-08-01,Headline PCE,12m,4.576619218320399
1990-09-01,Headline PCE,12m,4.98489425981874
1990-10-01,Headline PCE,12m,5.174769539424751
1990-11-01,Headline PCE,12m,5.078954180688577
1990-12-01,Headline PCE,12m,4.873264157761614
1991-01-01,Headline PCE,12m,4.481410004611219
1991-02-01,Headline PCE,12m,4.0757681386135225
1991-03-01,Headline PCE,12m,3.706401504243373
1991-04-01,Headline PCE,12m,3.676657031289632
1991-05-01,Headline PCE,12m,3.872491145218415
1991-06-01,Headline PCE,12m,3.5901397098334176
1991-07-01,Headline PCE,12m,3.4975460225464383
1991-08-01,Headline PCE,12m,3.0534478168264156
1991-09-01,Headline PCE,12m,2.776813032332748
1991-10-01,Headline PCE,12m,2.3827925868675104
1991-11-01,Headline PCE,12m,2.478320851399296
1991-12-01,Headline PCE,12m,2.6384444991385703
1992-01-01,Headline PCE,12m,2.388152410219524
1992-02-01,Headline PCE,12m,2.596065873741993
1992-03-01,Headline PCE,12m,2.8225608859705043
1992-04-01,Headline PCE,12m,2.9136502967455735
1992-05-01,Headline PCE,12m,2.625596726528756
1992-06-01,Headline PCE,12m,2.6341384341060037
1992-07-01,Headline PCE,12m,2.8112709793322255
1992-08-01,Headline PCE,12m,2.709466987453779
1992-09-01,Headline PCE,12m,2.524781153450051
1992-10-01,Headline PCE,12m,2.6951493735946075
1992-11-01,Headline PCE,12m,2.671602801416717
1992-12-01,Headline PCE,12m,2.5945997793870967
1993-01-01,Headline PCE,12m,2.704428621603494
1993-02-01,Headline PCE,12m,2.598850263547625
1993-03-01,Headline PCE,12m,2.560803189883898
1993-04-01,Headline PCE,12m,2.557074731855713
1993-05-01,Headline PCE,12m,2.7372118412100743
1993-06-01,Headline PCE,12m,2.5902234857458684
1993-07-01,Headline PCE,12m,2.416409545998355
1993-08-01,Headline PCE,12m,2.4540552437548158
1993-09-01,Headline PCE,12m,2.393546058104312
1993-10-01,Headline PCE,12m,2.353842785198146
1993-11-01,Headline PCE,12m,2.346091408591411
1993-12-01,Headline PCE,12m,2.1908501620543364
1994-01-01,Headline PCE,12m,1.977243051669464
1994-02-01,Headline PCE,12m,2.059631532384487
1994-03-01,Headline PCE,12m,2.1313176685614943
1994-04-01,Headline PCE,12m,1.980442741723687
1994-05-01,Headline PCE,12m,1.8141776908505713
1994-06-01,Headline PCE,12m,2.0275575398352785
1994-07-01,Headline PCE,12m,2.1857083570297586
1994-08-01,Headline PCE,12m,2.2464324075494924
1994-09-01,Headline PCE,12m,2.2532879610043244
1994-10-01,Headline PCE,12m,2.1056491908989505
1994-11-01,Headline PCE,12m,2.106242469534969
1994-12-01,Headline PCE,12m,2.148455368851221
1995-01-01,Headline PCE,12m,2.3215047862935156
1995-02-01,Headline PCE,12m,2.265952916844083
1995-03-01,Headline PCE,12m,2.1732866220786518
1995-04-01,Headline PCE,12m,2.320684692872832
1995-05-01,Headline PCE,12m,2.3294156796902055
1995-06-01,Headline PCE,12m,2.1804080154514516
1995-07-01,Headline PCE,12m,1.9870338893819506
1995-08-01,Headline PCE,12m,1.9719662634690938
1995-09-01,Headline PCE,12m,1.929303831624396
1995-10-01,Headline PCE,12m,2.0203229523652944
1995-11-01,Headline PCE,12m,1.8238035490231175
1995-12-01,Headline PCE,12m,1.9539938200653806
1996-01-01,Headline PCE,12m,1.9738704247173278
1996-02-01,Headline PCE,12m,1.9540195699372598
1996-03-01,Headline PCE,12m,2.0736232744544836
1996-04-01,Headline PCE,12m,2.1111226257272797
1996-05-01,Headline PCE,12m,2.1300498144890767
1996-06-01,Headline PCE,12m,2.0290325915205853
1996-07-01,Headline PCE,12m,2.11645674168901
1996-08-01,Headline PCE,12m,1.9941720138929808
1996-09-01,Headline PCE,12m,2.211927347599074
1996-10-01,Headline PCE,12m,2.2560912998195626
1996-11-01,Headline PCE,12m,2.44099223987444
1996-12-01,Headline PCE,12m,2.3631039531478937
1997-01-01,Headline PCE,12m,2.2687430608309356
1997-02-01,Headline PCE,12m,2.320595099183187
1997-03-01,Headline PCE,12m,2.120203004348009
1997-04-01,Headline PCE,12m,1.9152421962217003
1997-05-01,Headline PCE,12m,1.6933943148266017
1997-06-01,Headline PCE,12m,1.8251291774616263
1997-07-01,Headline PCE,12m,1.6710718257579193
1997-08-01,Headline PCE,12m,1.6550510078928937
1997-09-01,Headline PCE,12m,1.6129728485302142
1997-10-01,Headline PCE,12m,1.4388386004676512
1997-11-01,Headline PCE,12m,1.2644451763492937
1997-12-01,Headline PCE,12m,1.1256686786623504
1998-01-01,Headline PCE,12m,1.0442111277765953
1998-02-01,Headline PCE,12m,0.7811720431640357
1998-03-01,Headline PCE,12m,0.6906372374510417
1998-04-01,Headline PCE,12m,0.7169886476797505
1998-05-01,Headline PCE,12m,0.9009137229227582
1998-06-01,Headline PCE,12m,0.6865476461223485
1998-07-01,Headline PCE,12m,0.8750745802199145
1998-08-01,Headline PCE,12m,0.9339957416607536
1998-09-01,Headline PCE,12m,0.6329651656754365
1998-10-01,Headline PCE,12m,0.7226496209978395
1998-11-01,Headline PCE,12m,0.7211946377057687
1998-12-01,Headline PCE,12m,0.8444010692918225
1999-01-01,Headline PCE,12m,0.9358742365980444
1999-02-01,Headline PCE,12m,0.932120680631976
1999-03-01,Headline PCE,12m,0.9927874416631566
1999-04-01,Headline PCE,12m,1.3545580383626632
1999-05-01,Headline PCE,12m,1.2821778686790353
1999-06-01,Headline PCE,12m,1.3990259052728105
1999-07-01,Headline PCE,12m,1.4181101253344375
1999-08-01,Headline PCE,12m,1.4625639871744367
1999-09-01,Headline PCE,12m,1.885544626901381
1999-10-01,Headline PCE,12m,1.8336773233365689
1999-11-01,Headline PCE,12m,1.920646954763705
1999-12-01,Headline PCE,12m,2.0547560941400977
2000-01-01,Headline PCE,12m,2.1891369506148672
2000-02-01,Headline PCE,12m,2.5687379130580945
2000-03-01,Headline PCE,12m,2.930879964151667
2000-04-01,Headline PCE,12m,2.3509901473026895
2000-05-01,Headline PCE,12m,2.368948805080495
2000-06-01,Headline PCE,12m,2.684264750925869
2000-07-01,Headline PCE,12m,2.668814307732892
2000-08-01,Headline PCE,12m,2.475467095414974
2000-09-01,Headline PCE,12m,2.5480961785462775
2000-10-01,Headline PCE,12m,2.5148561265149194
2000-11-01,Headline PCE,12m,2.5663277956855968
2000-12-01,Headline PCE,12m,2.4847793521432404
2001-01-01,Headline PCE,12m,2.7014432367977514
2001-02-01,Headline PCE,12m,2.537197196376595
2001-03-01,Headline PCE,12m,2.1087000884293827
2001-04-01,Headline PCE,12m,2.373236751810892
2001-05-01,Headline PCE,12m,2.5576491395143286
2001-06-01,Headline PCE,12m,2.3917346855763633
2001-07-01,Headline PCE,12m,2.1017325092305805
2001-08-01,Headline PCE,12m,2.0964644142072553
2001-09-01,Headline PCE,12m,1.3130959435436296
2001-10-01,Headline PCE,12m,1.531881699460702
2001-11-01,Headline PCE,12m,1.321568153430852
2001-12-01,Headline PCE,12m,1.0620750693969505
2002-01-01,Headline PCE,12m,0.6659371163187933
2002-02-01,Headline PCE,12m,0.679565078349853
2002-03-01,Headline PCE,12m,0.9433082406235416
2002-04-01,Headline PCE,12m,1.1877053213986466
2002-05-01,Headline PCE,12m,0.9882602639782245
2002-06-01,Headline PCE,12m,0.9362006409068035
2002-07-01,Headline PCE,12m,1.1921635118487872
2002-08-01,Headline PCE,12m,1.402946319749887
2002-09-01,Headline PCE,12m,1.9328166748640685
2002-10-01,Headline PCE,12m,1.7604514385630265
2002-11-01,Headline PCE,12m,1.9299850214074654
2002-12-01,Headline PCE,12m,2.13367302257077
2003-01-01,Headline PCE,12m,2.3465153584070197
2003-02-01,Headline PCE,12m,2.6046216151830226
2003-03-01,Headline PCE,12m,2.589654580732015
2003-04-01,Headline PCE,12m,1.9886961093585676
2003-05-01,Headline PCE,12m,1.8048075660055396
2003-06-01,Headline PCE,12m,1.788127254837657
2003-07-01,Headline PCE,12m,1.8627361145654664
2003-08-01,Headline PCE,12m,2.0067151797029004
2003-09-01,Headline PCE,12m,2.141338793182146
2003-10-01,Headline PCE,12m,1.9682118170812668
2003-11-01,Headline PCE,12m,1.996176703902619
2003-12-01,Headline PCE,12m,2.122877447350291
2004-01-01,Headline PCE,12m,2.212406575044379
2004-02-01,Headline PCE,12m,2.000619147124838
2004-03-01,Headline PCE,12m,1.8964297201672586
2004-04-01,Headline PCE,12m,2.2592244145734686
2004-05-01,Headline PCE,12m,2.709537572254317
2004-06-01,Headline PCE,12m,2.890910965613247
2004-07-01,Headline PCE,12m,2.684537884239746
2004-08-01,Headline PCE,12m,2.391167919671111
2004-09-01,Headline PCE,12m,2.2739169847937557
2004-10-01,Headline PCE,12m,2.700011489410592
2004-11-01,Headline PCE,12m,2.9656262749897966
2004-12-01,Headline PCE,12m,2.7937154125055708
2005-01-01,Headline PCE,12m,2.53203056685547
2005-02-01,Headline PCE,12m,2.598732880610055
2005-03-01,Headline PCE,12m,2.747509438250484
2005-04-01,Headline PCE,12m,2.844503818718014
2005-05-01,Headline PCE,12m,2.5689663835988252
2005-06-01,Headline PCE,12m,2.3411957760769653
2005-07-01,Headline PCE,12m,2.679431825292533
2005-08-01,Headline PCE,12m,3.0408025417156592
2005-09-01,Headline PCE,12m,3.8300209727354373
2005-10-01,Headline PCE,12m,3.551362370723954
2005-11-01,Headline PCE,12m,2.938408578716656
2005-12-01,Headline PCE,12m,2.8836276778752667
2006-01-01,Headline PCE,12m,3.246937842213904
2006-02-01,Headline PCE,12m,3.0222353695212645
2006-03-01,Headline PCE,12m,2.9136712749615823
2006-04-01,Headline PCE,12m,3.102827101944805
2006-05-01,Headline PCE,12m,3.321534862643749
2006-06-01,Headline PCE,12m,3.511627906976744
2006-07-01,Headline PCE,12m,3.4273456353752785
2006-08-01,Headline PCE,12m,3.335882588586636
2006-09-01,Headline PCE,12m,2.0800269321406217
2006-10-01,Headline PCE,12m,1.67697016985775
2006-11-01,Headline PCE,12m,1.9246731063020883
2006-12-01,Headline PCE,12m,2.2867522344251823
2007-01-01,Headline PCE,12m,2.133263102449301
2007-02-01,Headline PCE,12m,2.389213246554367
2007-03-01,Headline PCE,12m,2.564898622023759
2007-04-01,Headline PCE,12m,2.3307779164438047
2007-05-01,Headline PCE,12m,2.352983013477794
2007-06-01,Headline PCE,12m,2.3176341212501006
2007-07-01,Headline PCE,12m,2.1247260128685497
2007-08-01,Headline PCE,12m,1.873715124816444
2007-09-01,Headline PCE,12m,2.534687050952855
2007-10-01,Headline PCE,12m,3.08847488843238
2007-11-01,Headline PCE,12m,3.5996270550330056
2007-12-01,Headline PCE,12m,3.471634208298058
2008-01-01,Headline PCE,12m,3.3874068170097082
2008-02-01,Headline PCE,12m,3.2729227281756534
2008-03-01,Headline PCE,12m,3.1911425710759778
2008-04-01,Headline PCE,12m,3.13951867682587
2008-05-01,Headline PCE,12m,3.282143932550441
2008-06-01,Headline PCE,12m,3.8114389395462744
2008-07-01,Headline PCE,12m,4.135655023597695
2008-08-01,Headline PCE,12m,3.9806273062730657
2008-09-01,Headline PCE,12m,3.6678383532060543
2008-10-01,Headline PCE,12m,2.6718431480336147
2008-11-01,Headline PCE,12m,0.9250293343662008
2008-12-01,Headline PCE,12m,0.12956901254774777
2009-01-01,Headline PCE,12m,-0.11110355304627673
2009-02-01,Headline PCE,12m,-0.13124844425335125
2009-03-01,Headline PCE,12m,-0.5257516782309568
2009-04-01,Headline PCE,12m,-0.5675739591662121
2009-05-01,Headline PCE,12m,-0.8892128279883504
2009-06-01,Headline PCE,12m,-1.018624689681269
2009-07-01,Headline PCE,12m,-1.4660091971854472
2009-08-01,Headline PCE,12m,-1.1001197711041022
2009-09-01,Headline PCE,12m,-1.0227486786264395
2009-10-01,Headline PCE,12m,0.013385238313023962
2009-11-01,Headline PCE,12m,1.4606120122357291
2009-12-01,Headline PCE,12m,2.089718268292118
2010-01-01,Headline PCE,12m,2.301720615608116
2010-02-01,Headline PCE,12m,2.1163301837627158
2010-03-01,Headline PCE,12m,2.3727160339801934
2010-04-01,Headline PCE,12m,2.282122430488709
2010-05-01,Headline PCE,12m,2.208469571317062
2010-06-01,Headline PCE,12m,1.5622188231059875
2010-07-01,Headline PCE,12m,1.6373900721981194
2010-08-01,Headline PCE,12m,1.4823951558645243
2010-09-01,Headline PCE,12m,1.4195512964041201
2010-10-01,Headline PCE,12m,1.3584198610352205
2010-11-01,Headline PCE,12m,1.3071968137772894
2010-12-01,Headline PCE,12m,1.477668197333748
2011-01-01,Headline PCE,12m,1.5598650927487467
2011-02-01,Headline PCE,12m,1.8450307320212023
2011-03-01,Headline PCE,12m,2.1105460830258993
2011-04-01,Headline PCE,12m,2.488096556306063
2011-05-01,Headline PCE,12m,2.766247135788502
2011-06-01,Headline PCE,12m,2.7884519551278464
2011-07-01,Headline PCE,12m,2.875699838456258
2011-08-01,Headline PCE,12m,2.9767297960266115
2011-09-01,Headline PCE,12m,3.0190303779582983
2011-10-01,Headline PCE,12m,2.693632332390705
2011-11-01,Headline PCE,12m,2.6992598449408156
2011-12-01,Headline PCE,12m,2.5266248849541872
2012-01-01,Headline PCE,12m,2.569312446745764
2012-02-01,Headline PCE,12m,2.5131540246413397
2012-03-01,Headline PCE,12m,2.2980274721697835
2012-04-01,Headline PCE,12m,1.9998487418563693
2012-05-01,Headline PCE,12m,1.5769404769598871
2012-06-01,Headline PCE,12m,1.5460196726963193
2012-07-01,Headline PCE,12m,1.4100261354958565
2012-08-01,Headline PCE,12m,1.51186746212284
2012-09-01,Headline PCE,12m,1.6779710051753494
2012-10-01,Headline PCE,12m,1.9768774978838444
2012-11-01,Headline PCE,12m,1.6991017964071764
2012-12-01,Headline PCE,12m,1.6243828413875505
2013-01-01,Headline PCE,12m,1.4708075063369241
2013-02-01,Headline PCE,12m,1.604607668111857
2013-03-01,Headline PCE,12m,1.276992915022701
2013-04-01,Headline PCE,12m,1.0412253198881505
2013-05-01,Headline PCE,12m,1.229030137218734
2013-06-01,Headline PCE,12m,1.5055063976064709
2013-07-01,Headline PCE,12m,1.5951128457492025
2013-08-01,Headline PCE,12m,1.4047883304264985
2013-09-01,Headline PCE,12m,1.141285447820195
2013-10-01,Headline PCE,12m,0.9761069199571093
2013-11-01,Headline PCE,12m,1.1954704602088029
2013-12-01,Headline PCE,12m,1.3881001955959427
2014-01-01,Headline PCE,12m,1.4054054054054133
2014-02-01,Headline PCE,12m,1.0939820528374389
2014-03-01,Headline PCE,12m,1.38970341823057
2014-04-01,Headline PCE,12m,1.6731138157687786
2014-05-01,Headline PCE,12m,1.7661662878033946
2014-06-01,Headline PCE,12m,1.6514586142380772
2014-07-01,Headline PCE,12m,1.6692416903290486
2014-08-01,Headline PCE,12m,1.5062438759980923
2014-09-01,Headline PCE,12m,1.497249312328064
2014-10-01,Headline PCE,12m,1.3329448612426242
2014-11-01,Headline PCE,12m,1.0857594081832067
2014-12-01,Headline PCE,12m,0.7322588005891362
2015-01-01,Headline PCE,12m,0.04140186722421113
2015-02-01,Headline PCE,12m,0.1707014276846719
2015-03-01,Headline PCE,12m,0.19934927438929329
2015-04-01,Headline PCE,12m,0.11032406404982709
2015-05-01,Headline PCE,12m,0.18528621573490334
2015-06-01,Headline PCE,12m,0.27042867572208973
2015-07-01,Headline PCE,12m,0.2197328295222345
2015-08-01,Headline PCE,12m,0.23927130079379744
2015-09-01,Headline PCE,12m,0.06569964994405098
2015-10-01,Headline PCE,12m,0.09549823379610967
2015-11-01,Headline PCE,12m,0.2538775426298434
2015-12-01,Headline PCE,12m,0.34596375617792496
2016-01-01,Headline PCE,12m,0.8711486332691809
2016-02-01,Headline PCE,12m,0.640330493157748
2016-03-01,Headline PCE,12m,0.6855104733630268
2016-04-01,Headline PCE,12m,0.9259068531526138
2016-05-01,Headline PCE,12m,0.8486853596638255
2016-06-01,Headline PCE,12m,0.8296074490339977
2016-07-01,Headline PCE,12m,0.7550842682239711
2016-08-01,Headline PCE,12m,0.8882104659263312
2016-09-01,Headline PCE,12m,1.2197749212634612
2016-10-01,Headline PCE,12m,1.4270032930845167
2016-11-01,Headline PCE,12m,1.3974040886628902
2016-12-01,Headline PCE,12m,1.6571581021178838
2017-01-01,Headline PCE,12m,2.0052104701731244
2017-02-01,Headline PCE,12m,2.1971368464262175
2017-03-01,Headline PCE,12m,1.9063610209576698
2017-04-01,Headline PCE,12m,1.76747318686028
2017-05-01,Headline PCE,12m,1.557772049759043
2017-06-01,Headline PCE,12m,1.4655479277905004
2017-07-01,Headline PCE,12m,1.4856317748266124
2017-08-01,Headline PCE,12m,1.5719087318108338
2017-09-01,Headline PCE,12m,1.757444307056133
2017-10-01,Headline PCE,12m,1.6820407007323013
2017-11-01,Headline PCE,12m,1.7937129048240186
2017-12-01,Headline PCE,12m,1.7664099484208329
2018-01-01,Headline PCE,12m,1.7576494957315614
2018-02-01,Headline PCE,12m,1.8376076958608545
2018-03-01,Headline PCE,12m,1.998292058070028
2018-04-01,Headline PCE,12m,2.0466282276259795
2018-05-01,Headline PCE,12m,2.2662065367869744
2018-06-01,Headline PCE,12m,2.268307840346395
2018-07-01,Headline PCE,12m,2.3386070559001215
2018-08-01,Headline PCE,12m,2.180411288951989
2018-09-01,Headline PCE,12m,2.009960159362545
2018-10-01,Headline PCE,12m,2.053098049357893
2018-11-01,Headline PCE,12m,1.9418922274646144
2018-12-01,Headline PCE,12m,1.8646908878110713
2019-01-01,Headline PCE,12m,1.4318323303589953
2019-02-01,Headline PCE,12m,1.4001735426362627
2019-03-01,Headline PCE,12m,1.5218076513927814
2019-04-01,Headline PCE,12m,1.5663384627478738
2019-05-01,Headline PCE,12m,1.4655536045359518
2019-06-01,Headline PCE,12m,1.4260651383430245
2019-07-01,Headline PCE,12m,1.4539295260287632
2019-08-01,Headline PCE,12m,1.4304164057608038
2019-09-01,Headline PCE,12m,1.2839539924622612
2019-10-01,Headline PCE,12m,1.2885618207514993
2019-11-01,Headline PCE,12m,1.3582773068303577
2019-12-01,Headline PCE,12m,1.5637627676458932
2020-01-01,Headline PCE,12m,1.7944821136310463
2020-02-01,Headline PCE,12m,1.689097203314005
2020-03-01,Headline PCE,12m,1.1662090444265472
2020-04-01,Headline PCE,12m,0.4624613003096023
2020-05-01,Headline PCE,12m,0.49016290423937736
2020-06-01,Headline PCE,12m,0.7595377063120967
2020-07-01,Headline PCE,12m,0.9225840072571545
2020-08-01,Headline PCE,12m,1.157519050834388
2020-09-01,Headline PCE,12m,1.27635371578958
2020-10-01,Headline PCE,12m,1.1874861668446979
2020-11-01,Headline PCE,12m,1.186264708144269
2020-12-01,Headline PCE,12m,1.334522131784066
2021-01-01,Headline PCE,12m,1.5857976839888988
2021-02-01,Headline PCE,12m,1.8427318715156016
2021-03-01,Headline PCE,12m,2.669006722866385
2021-04-01,Headline PCE,12m,3.6402858298503427
2021-05-01,Headline PCE,12m,4.0724634892536304
2021-06-01,Headline PCE,12m,4.306128320705871
2021-07-01,Headline PCE,12m,4.473216164011551
2021-08-01,Headline PCE,12m,4.580909697720981
2021-09-01,Headline PCE,12m,4.737428253233955
2021-10-01,Headline PCE,12m,5.336135652537788
2021-11-01,Headline PCE,12m,5.93019057933839
2021-12-01,Headline PCE,12m,6.141969176624196
2022-01-01,Headline PCE,12m,6.272433512016362
2022-02-01,Headline PCE,12m,6.545539906103293
2022-03-01,Headline PCE,12m,6.926410970164576
2022-04-01,Headline PCE,12m,6.684755338326309
2022-05-01,Headline PCE,12m,6.794545874740021
2022-06-01,Headline PCE,12m,7.243471864656126
2022-07-01,Headline PCE,12m,6.7502013619389345
2022-08-01,Headline PCE,12m,6.6396775899483895
2022-09-01,Headline PCE,12m,6.667939000672507
2022-10-01,Headline PCE,12m,6.461602354598139
2022-11-01,Headline PCE,12m,6.030493273542614
2022-12-01,Headline PCE,12m,5.520050627946982
2023-01-01,Headline PCE,12m,5.507734586232882
2023-02-01,Headline PCE,12m,5.197803844154003
2023-03-01,Headline PCE,12m,4.428273156924578
2023-04-01,Headline PCE,12m,4.476012960317743
2023-05-01,Headline PCE,12m,4.003462454014284
2023-06-01,Headline PCE,12m,3.284521339529123
2023-07-01,Headline PCE,12m,3.40904219289897
2023-08-01,Headline PCE,12m,3.4320599199699098
2023-09-01,Headline PCE,12m,3.4488928270185903
2023-10-01,Headline PCE,12m,3.0232617305099296
2023-11-01,Headline PCE,12m,2.7650899986466193
2023-12-01,Headline PCE,12m,2.7672658467360334
2024-01-01,Headline PCE,12m,2.6987514493606035
2024-02-01,Headline PCE,12m,2.705057426970159
2024-03-01,Headline PCE,12m,2.9279392327126175
2024-04-01,Headline PCE,12m,2.826154012888593
2024-05-01,Headline PCE,12m,2.6616729088639213
2024-06-01,Headline PCE,12m,2.548373440470164
2024-07-01,Headline PCE,12m,2.594376777467322
2024-08-01,Headline PCE,12m,2.412994957427461
2024-09-01,Headline PCE,12m,2.260766436883843
2024-10-01,Headline PCE,12m,2.4776925356425616
2024-11-01,Headline PCE,12m,2.5878034125423
2024-12-01,Headline PCE,12m,2.7280946901200087
2025-01-01,Headline PCE,12m,2.6073795303935166
2025-02-01,Headline PCE,12m,2.7104846734857135
2025-03-01,Headline PCE,12m,2.3594336708984365
2025-04-01,Headline PCE,12m,2.2774259978433964
2025-05-01,Headline PCE,12m,2.4580860654408676
2025-06-01,Headline PCE,12m,2.5935129797068024
2025-07-01,Headline PCE,12m,2.605547294239341
2025-08-01,Headline PCE,12m,2.7476208541517
2025-09-01,Headline PCE,12m,2.7874424148706556
2025-10-01,Headline PCE,12m,2.7125805259691216
2025-11-01,Headline PCE,12m,2.8201898312699925
2025-12-01,Headline PCE,12m,2.878083518031027
2026-01-01,Headline PCE,12m,2.8752083050942012
2026-02-01,Headline PCE,12m,2.873230041057484
2026-03-01,Headline PCE,12m,3.5429288317545327
2026-04-01,Headline PCE,12m,3.8018232263178797
2026-05-01,Headline PCE,12m,4.111410033233098
2026-06-01,Headline PCE,12m,3.71697056247684
2026-07-01,Headline PCE,12m,3.7011657214870874
1959-02-01,Core PCE,1m,0.932937917817589
1959-03-01,Core PCE,1m,1.401300858719745
1959-04-01,Core PCE,1m,3.0552958496083082
1959-05-01,Core PCE,1m,1.4742228139448255
1959-06-01,Core PCE,1m,3.5989949930683496
1959-07-01,Core PCE,1m,2.8770373340488264
1959-08-01,Core PCE,1m,1.9311263956890867
1959-09-01,Core PCE,1m,3.1797787831681745
1959-10-01,Core PCE,1m,2.078248424552931
1959-11-01,Core PCE,1m,2.2298922659474307
1959-12-01,Core PCE,1m,1.838794628992746
1960-01-01,Core PCE,1m,0.3038741667276579
1960-02-01,Core PCE,1m,2.29919160591594
1960-03-01,Core PCE,1m,0.07572649752780602
1960-04-01,Core PCE,1m,2.2173893336285166
1960-05-01,Core PCE,1m,1.9822730402335953
1960-06-01,Core PCE,1m,0.6810201903990176
1960-07-01,Core PCE,1m,2.131494639542919
1960-08-01,Core PCE,1m,1.7447489147094153
1960-09-01,Core PCE,1m,0.9813403127679088
1960-10-01,Core PCE,1m,0.6778996997468312
1960-11-01,Core PCE,1m,3.275176500772692
1960-12-01,Core PCE,1m,-0.3735869404519421
1961-01-01,Core PCE,1m,0.299887319319847
1961-02-01,Core PCE,1m,1.2042003871191032
1961-03-01,Core PCE,1m,0.3745197121480137
1961-04-01,Core PCE,1m,1.657005088283392
1961-05-01,Core PCE,1m,1.5789645128510887
1961-06-01,Core PCE,1m,1.8040109792164971
1961-07-01,Core PCE,1m,1.8769988079375022
1961-08-01,Core PCE,1m,1.270892380599653
1961-09-01,Core PCE,1m,2.4019885059308965
1961-10-01,Core PCE,1m,0.37113742451022613
1961-11-01,Core PCE,1m,0.22246244568284723
1961-12-01,Core PCE,1m,1.041851154898521
1962-01-01,Core PCE,1m,1.4151149680301733
1962-02-01,Core PCE,1m,2.0140442731156227
1962-03-01,Core PCE,1m,2.8404035362363134
1962-04-01,Core PCE,1m,0.22108260174200645
1962-05-01,Core PCE,1m,1.706137962599441
1962-06-01,Core PCE,1m,2.2274944652016737
1962-07-01,Core PCE,1m,1.0319953739463594
1962-08-01,Core PCE,1m,0.14670820788773575
1962-09-01,Core PCE,1m,2.3708467930210197
1962-10-01,Core PCE,1m,-0.0731283675234562
1962-11-01,Core PCE,1m,0.8814291377312822
1962-12-01,Core PCE,1m,0.36613231768507504
1963-01-01,Core PCE,1m,2.289203048947641
1963-02-01,Core PCE,1m,1.3947716930544862
1963-03-01,Core PCE,1m,0.7310354628647042
1963-04-01,Core PCE,1m,1.4660706299997939
1963-05-01,Core PCE,1m,2.203769137565126
1963-06-01,Core PCE,1m,2.051712345646828
1963-07-01,Core PCE,1m,1.0925206013604472
1963-08-01,Core PCE,1m,1.091526848087776
1963-09-01,Core PCE,1m,2.1919615219306854
1963-10-01,Core PCE,1m,2.7047639411680757
1963-11-01,Core PCE,1m,1.0861261261788657
1963-12-01,Core PCE,1m,1.7414006218541944
1964-01-01,Core PCE,1m,1.665874234226039
1964-02-01,Core PCE,1m,2.3214017964240163
1964-03-01,Core PCE,1m,1.1523792212978279
1964-04-01,Core PCE,1m,1.0789646346263115
1964-05-01,Core PCE,1m,1.0057989617399787
1964-06-01,Core PCE,1m,0.8608268814434883
1964-07-01,Core PCE,1m,1.2206282718703276
1964-08-01,Core PCE,1m,1.5806165998770272
1964-09-01,Core PCE,1m,0.4998055917830202
1964-10-01,Core PCE,1m,0.49959750752093246
1964-11-01,Core PCE,1m,1.721725325277812
1964-12-01,Core PCE,1m,1.7192586420588851
1965-01-01,Core PCE,1m,1.6447297260644644
1965-02-01,Core PCE,1m,1.426848900536748
1965-03-01,Core PCE,1m,0.7102663557039923
1965-04-01,Core PCE,1m,1.42430860120637
1965-05-01,Core PCE,1m,2.2129455893050265
1965-06-01,Core PCE,1m,-0.28180572072007415
1965-07-01,Core PCE,1m,1.206122676134025
1965-08-01,Core PCE,1m,2.279105407341553
1965-09-01,Core PCE,1m,1.4162400822841814
1965-10-01,Core PCE,1m,-0.4208305234455034
1965-11-01,Core PCE,1m,2.272900244376097
1965-12-01,Core PCE,1m,3.7103365809846967
1966-01-01,Core PCE,1m,0.3503339220840562
1966-02-01,Core PCE,1m,2.9771005049772814
1966-03-01,Core PCE,1m,1.545637123282484
1966-04-01,Core PCE,1m,4.406367840352643
1966-05-01,Core PCE,1m,3.240681000281387
1966-06-01,Core PCE,1m,3.9471011477943074
1966-07-01,Core PCE,1m,3.577215238587028
1966-08-01,Core PCE,1m,2.2244493584947067
1966-09-01,Core PCE,1m,3.7729288498740576
1966-10-01,Core PCE,1m,3.973808709843607
1966-11-01,Core PCE,1m,3.0449281587797694
1966-12-01,Core PCE,1m,3.7391874048037232
1967-01-01,Core PCE,1m,1.0914565257883035
1967-02-01,Core PCE,1m,2.1918197313764987
1967-03-01,Core PCE,1m,1.8431093359834394
1967-04-01,Core PCE,1m,3.3626691279574406
1967-05-01,Core PCE,1m,2.66067567773125
1967-06-01,Core PCE,1m,3.068905317235804
1967-07-01,Core PCE,1m,4.169995752288358
1967-08-01,Core PCE,1m,3.7399053690188477
1967-09-01,Core PCE,1m,4.350361245772416
1967-10-01,Core PCE,1m,4.541999439473576
1967-11-01,Core PCE,1m,3.9063361497106985
1967-12-01,Core PCE,1m,3.009056454422021
1968-01-01,Core PCE,1m,5.461969846571435
1968-02-01,Core PCE,1m,5.299775206049118
1968-03-01,Core PCE,1m,4.866951950744558
1968-04-01,Core PCE,1m,4.508541917125375
1968-05-01,Core PCE,1m,4.62653308663703
1968-06-01,Core PCE,1m,4.810568511042357
1968-07-01,Core PCE,1m,4.056165246025811
1968-08-01,Core PCE,1m,4.775173952772893
1968-09-01,Core PCE,1m,4.956077151762428
1968-10-01,Core PCE,1m,5.002102578762102
1968-11-01,Core PCE,1m,4.65110009394567
1968-12-01,Core PCE,1m,3.6519869411519412
1969-01-01,Core PCE,1m,4.61902938200478
1969-02-01,Core PCE,1m,4.210592777147859
1969-03-01,Core PCE,1m,5.761227227665255
1969-04-01,Core PCE,1m,4.692858239628217
1969-05-01,Core PCE,1m,4.932876638190908
1969-06-01,Core PCE,1m,4.20672790475396
1969-07-01,Core PCE,1m,5.732422794158776
1969-08-01,Core PCE,1m,3.4134400113341234
1969-09-01,Core PCE,1m,4.9220495717140045
1969-10-01,Core PCE,1m,5.283100248900396
1969-11-01,Core PCE,1m,4.691247035496149
1969-12-01,Core PCE,1m,4.547487155958163
1970-01-01,Core PCE,1m,4.031644240764387
1970-02-01,Core PCE,1m,4.702047594385128
1970-03-01,Core PCE,1m,4.559542921582005
1970-04-01,Core PCE,1m,4.851728228323604
1970-05-01,Core PCE,1m,4.3395197611999725
1970-06-01,Core PCE,1m,4.385128168318131
1970-07-01,Core PCE,1m,4.674731867340398
1970-08-01,Core PCE,1m,4.2307188791526285
1970-09-01,Core PCE,1m,5.127117242303414
1970-10-01,Core PCE,1m,6.081087346736824
1970-11-01,Core PCE,1m,6.3554770357784784
1970-12-01,Core PCE,1m,6.20055168895659
1971-01-01,Core PCE,1m,4.8480359904180315
1971-02-01,Core PCE,1m,4.650349207097371
1971-03-01,Core PCE,1m,3.9252282773319935
1971-04-01,Core PCE,1m,4.558350449680848
1971-05-01,Core PCE,1m,5.365300395393269
1971-06-01,Core PCE,1m,4.871870953239199
1971-07-01,Core PCE,1m,4.6773124425771195
1971-08-01,Core PCE,1m,1.6820467304119902
1971-09-01,Core PCE,1m,2.0187185208301983
1971-10-01,Core PCE,1m,1.9023962292413543
1971-11-01,Core PCE,1m,2.7478151919618554
1971-12-01,Core PCE,1m,3.822992917101553
1972-01-01,Core PCE,1m,5.245045851469743
1972-02-01,Core PCE,1m,3.2847131519402772
1972-03-01,Core PCE,1m,2.3778250153693614
1972-04-01,Core PCE,1m,2.8202883806984103
1972-05-01,Core PCE,1m,2.8136759882660956
1972-06-01,Core PCE,1m,2.473139899840615
1972-07-01,Core PCE,1m,3.4708139013206463
1972-08-01,Core PCE,1m,2.571621824234205
1972-09-01,Core PCE,1m,4.067437055641476
1972-10-01,Core PCE,1m,0.7014833147836574
1972-11-01,Core PCE,1m,3.218129775696532
1972-12-01,Core PCE,1m,3.651908374959012
1973-01-01,Core PCE,1m,0.7509351821337162
1973-02-01,Core PCE,1m,3.859539930217748
1973-03-01,Core PCE,1m,4.955106765560591
1973-04-01,Core PCE,1m,7.173656155352703
1973-05-01,Core PCE,1m,4.740517847082626
1973-06-01,Core PCE,1m,5.326255223213239
1973-07-01,Core PCE,1m,5.247896740005165
1973-08-01,Core PCE,1m,5.717235334242976
1973-09-01,Core PCE,1m,6.236804272393726
1973-10-01,Core PCE,1m,4.7422206190306015
1973-11-01,Core PCE,1m,5.963060899998962
1973-12-01,Core PCE,1m,6.853661127558741
1974-01-01,Core PCE,1m,6.060928514492869
1974-02-01,Core PCE,1m,7.914419293781605
1974-03-01,Core PCE,1m,9.7641188501786491
1974-04-01,Core PCE,1m,9.359972262428972
1974-05-01,Core PCE,1m,12.16918531586144
1974-06-01,Core PCE,1m,13.031049675154582
1974-07-01,Core PCE,1m,11.167050777828536
1974-08-01,Core PCE,1m,12.182024336233678
1974-09-01,Core PCE,1m,11.3211963839017
1974-10-01,Core PCE,1m,9.817462584859872
1974-11-01,Core PCE,1m,9.126879260139976
1974-12-01,Core PCE,1m,8.806362045064464
1975-01-01,Core PCE,1m,7.205363791665631
1975-02-01,Core PCE,1m,8.838614750388007
1975-03-01,Core PCE,1m,6.432181460634867
1975-04-01,Core PCE,1m,6.014224047649175
1975-05-01,Core PCE,1m,5.224585006178373
1975-06-01,Core PCE,1m,6.005652518205684
1975-07-01,Core PCE,1m,7.639607577901386
1975-08-01,Core PCE,1m,4.216043719709828
1975-09-01,Core PCE,1m,6.714376323356586
1975-10-01,Core PCE,1m,6.163589523382451
1975-11-01,Core PCE,1m,8.23578188134817
1975-12-01,Core PCE,1m,7.525762116227708
1976-01-01,Core PCE,1m,6.3275977099657155
1976-02-01,Core PCE,1m,4.890090004137937
1976-03-01,Core PCE,1m,4.021476722852224
1976-04-01,Core PCE,1m,4.8092458490475165
1976-05-01,Core PCE,1m,5.81781737797642
1976-06-01,Core PCE,1m,4.988602257340724
1976-07-01,Core PCE,1m,6.793147688438683
1976-08-01,Core PCE,1m,7.157102760583367
1976-09-01,Core PCE,1m,7.248233537406468
1976-10-01,Core PCE,1m,6.059464829374206
1976-11-01,Core PCE,1m,5.593786349396512
1976-12-01,Core PCE,1m,6.6974762657740605
1977-01-01,Core PCE,1m,7.575522677467306
1977-02-01,Core PCE,1m,7.6149900018398275
1977-03-01,Core PCE,1m,5.213908305344717
1977-04-01,Core PCE,1m,6.080218352684064
1977-05-01,Core PCE,1m,6.303475898620503
1977-06-01,Core PCE,1m,7.413818768505442
1977-07-01,Core PCE,1m,7.66466397655865
1977-08-01,Core PCE,1m,6.068211766548881
1977-09-01,Core PCE,1m,5.172766291329278
1977-10-01,Core PCE,1m,5.970531988404493
1977-11-01,Core PCE,1m,6.392149507926126
1977-12-01,Core PCE,1m,6.358290922897258
1978-01-01,Core PCE,1m,7.427560501074115
1978-02-01,Core PCE,1m,4.721330447120864
1978-03-01,Core PCE,1m,6.704673065687206
1978-04-01,Core PCE,1m,8.040728544579402
1978-05-01,Core PCE,1m,7.3032968573847334
1978-06-01,Core PCE,1m,6.9009030188761145
1978-07-01,Core PCE,1m,7.29686686160429
1978-08-01,Core PCE,1m,6.623928011622127
1978-09-01,Core PCE,1m,7.13452967360062
1978-10-01,Core PCE,1m,9.173525442094066
1978-11-01,Core PCE,1m,6.653503886056855
1978-12-01,Core PCE,1m,4.756424881244392
1979-01-01,Core PCE,1m,6.323981577647642
1979-02-01,Core PCE,1m,4.006277618437237
1979-03-01,Core PCE,1m,7.101974579287762
1979-04-01,Core PCE,1m,11.677353670183344
1979-05-01,Core PCE,1m,10.94523041388924
1979-06-01,Core PCE,1m,6.931362618528358
1979-07-01,Core PCE,1m,6.194304620462954
1979-08-01,Core PCE,1m,8.255726144603015
1979-09-01,Core PCE,1m,8.494041148727538
1979-10-01,Core PCE,1m,9.132100373140052
1979-11-01,Core PCE,1m,7.935741934707252
1979-12-01,Core PCE,1m,8.967093707420482
1980-01-01,Core PCE,1m,9.514239626098364
1980-02-01,Core PCE,1m,12.640114004676018
1980-03-01,Core PCE,1m,11.709205765426711
1980-04-01,Core PCE,1m,6.3362214174638165
1980-05-01,Core PCE,1m,10.116421703203194
1980-06-01,Core PCE,1m,8.263929854752504
1980-07-01,Core PCE,1m,8.75536568290567
1980-08-01,Core PCE,1m,9.033148114807044
1980-09-01,Core PCE,1m,11.917189135949124
1980-10-01,Core PCE,1m,10.330533595279645
1980-11-01,Core PCE,1m,9.872652534799986
1980-12-01,Core PCE,1m,7.452466048237927
1981-01-01,Core PCE,1m,10.92738982843844
1981-02-01,Core PCE,1m,9.120894001688784
1981-03-01,Core PCE,1m,6.8720726284015266
1981-04-01,Core PCE,1m,7.943434960623708
1981-05-01,Core PCE,1m,8.58985483220096
1981-06-01,Core PCE,1m,6.150276182006542
1981-07-01,Core PCE,1m,7.4828824913578895
1981-08-01,Core PCE,1m,8.338449020928817
1981-09-01,Core PCE,1m,8.157013827474714
1981-10-01,Core PCE,1m,7.3968664525324135
1981-11-01,Core PCE,1m,7.230145840709956
1981-12-01,Core PCE,1m,4.533814508973921
1982-01-01,Core PCE,1m,7.610899306742613
1982-02-01,Core PCE,1m,4.722261815470552
1982-03-01,Core PCE,1m,5.375296928560402
1982-04-01,Core PCE,1m,4.856856093786477
1982-05-01,Core PCE,1m,6.731595048875727
1982-06-01,Core PCE,1m,6.198467237630778
1982-07-01,Core PCE,1m,8.06286249463799
1982-08-01,Core PCE,1m,5.666880740580571
1982-09-01,Core PCE,1m,4.534538993896797
1982-10-01,Core PCE,1m,7.882738024828306
1982-11-01,Core PCE,1m,4.51634735616806
1982-12-01,Core PCE,1m,3.8889590878836477
1983-01-01,Core PCE,1m,8.520054172648251
1983-02-01,Core PCE,1m,4.536412674573342
1983-03-01,Core PCE,1m,1.5395886643839285
1983-04-01,Core PCE,1m,3.69403973145801
1983-05-01,Core PCE,1m,1.7460650614517625
1983-06-01,Core PCE,1m,5.755022847497271
1983-07-01,Core PCE,1m,8.39334864971355
1983-08-01,Core PCE,1m,6.371753203475916
1983-09-01,Core PCE,1m,4.955515746840056
1983-10-01,Core PCE,1m,2.151966196340571
1983-11-01,Core PCE,1m,2.829667004154568
1983-12-01,Core PCE,1m,0.8986300204157915
1984-01-01,Core PCE,1m,4.059578257771523
1984-02-01,Core PCE,1m,7.8312913967175435
1984-03-01,Core PCE,1m,4.6515507424418345
1984-04-01,Core PCE,1m,5.795785002839682
1984-05-01,Core PCE,1m,2.8211632438537304
1984-06-01,Core PCE,1m,2.8659187075782855
1984-07-01,Core PCE,1m,5.294331544774145
1984-08-01,Core PCE,1m,4.026613379936039
1984-09-01,Core PCE,1m,1.849755412751275
1984-10-01,Core PCE,1m,2.7312924000939987
1984-11-01,Core PCE,1m,2.5733327590727217
1984-12-01,Core PCE,1m,4.860889907188226
1985-01-01,Core PCE,1m,6.936380111191176
1985-02-01,Core PCE,1m,6.404592006088583
1985-03-01,Core PCE,1m,4.2825577137089565
1985-04-01,Core PCE,1m,1.4369992742779836
1985-05-01,Core PCE,1m,4.211951846273765
1985-06-01,Core PCE,1m,4.04725884021675
1985-07-01,Core PCE,1m,3.561694172708929
1985-08-01,Core PCE,1m,6.049756985888899
1985-09-01,Core PCE,1m,2.5054930271302123
1985-10-01,Core PCE,1m,1.942444200764859
1985-11-01,Core PCE,1m,2.9827637641750337
1985-12-01,Core PCE,1m,3.316346339710674
1986-01-01,Core PCE,1m,6.664294778264357
1986-02-01,Core PCE,1m,3.144163596286975
1986-03-01,Core PCE,1m,3.7157121521754544
1986-04-01,Core PCE,1m,2.193417617402571
1986-05-01,Core PCE,1m,2.0705967214902365
1986-06-01,Core PCE,1m,3.666972411407854
1986-07-01,Core PCE,1m,2.2026933315366426
1986-08-01,Core PCE,1m,2.4825043338096764
1986-09-01,Core PCE,1m,4.024223823882123
1986-10-01,Core PCE,1m,4.154145069209325
1986-11-01,Core PCE,1m,2.578132422089241
1986-12-01,Core PCE,1m,1.5688973419667684
1987-01-01,Core PCE,1m,2.9210277812993457
1987-02-01,Core PCE,1m,2.4696063287569903
1987-03-01,Core PCE,1m,3.611633889577748
1987-04-01,Core PCE,1m,5.20725461784568
1987-05-01,Core PCE,1m,3.4219782287193024
1987-06-01,Core PCE,1m,3.3425057100905375
1987-07-01,Core PCE,1m,3.1479749264596846
1987-08-01,Core PCE,1m,4.136371917231263
1987-09-01,Core PCE,1m,4.866944335220147
1987-10-01,Core PCE,1m,5.243293380531511
1987-11-01,Core PCE,1m,2.534422705913064
1987-12-01,Core PCE,1m,2.551722154102931
1988-01-01,Core PCE,1m,5.824368422764836
1988-02-01,Core PCE,1m,2.489223798016149
1988-03-01,Core PCE,1m,5.254205989784588
1988-04-01,Core PCE,1m,5.988905817716583
1988-05-01,Core PCE,1m,4.1629288935082664
1988-06-01,Core PCE,1m,5.187343712273229
1988-07-01,Core PCE,1m,5.007029591523726
1988-08-01,Core PCE,1m,3.026804861385002
1988-09-01,Core PCE,1m,6.620556090912677
1988-10-01,Core PCE,1m,4.657263708456916
1988-11-01,Core PCE,1m,3.3409037546259013
1988-12-01,Core PCE,1m,4.053950686143182
1989-01-01,Core PCE,1m,6.2498488663973895
1989-02-01,Core PCE,1m,3.0873574022254324
1989-03-01,Core PCE,1m,3.6407138878714607
1989-04-01,Core PCE,1m,4.1053485714962035
1989-05-01,Core PCE,1m,3.6388571878893883
1989-06-01,Core PCE,1m,3.242624072986322
1989-07-01,Core PCE,1m,3.1274019322053093
1989-08-01,Core PCE,1m,1.6848135435763467
1989-09-01,Core PCE,1m,4.244118203024749
1989-10-01,Core PCE,1m,4.442725172807305
1989-11-01,Core PCE,1m,3.239990925298164
1989-12-01,Core PCE,1m,3.4626861302909484
1990-01-01,Core PCE,1m,4.719670342372706
1990-02-01,Core PCE,1m,5.977190378002639
1990-03-01,Core PCE,1m,5.926299346822783
1990-04-01,Core PCE,1m,3.633808144173467
1990-05-01,Core PCE,1m,3.726319257710431
1990-06-01,Core PCE,1m,4.772358428203294
1990-07-01,Core PCE,1m,3.0646419498291833
1990-08-01,Core PCE,1m,5.1143730718628655
1990-09-01,Core PCE,1m,4.2687571845268835
1990-10-01,Core PCE,1m,4.151426027906258
1990-11-01,Core PCE,1m,1.4613419246398252
1990-12-01,Core PCE,1m,1.6781862418315807
1991-01-01,Core PCE,1m,6.154243520398794
1991-02-01,Core PCE,1m,3.3603711639057288
1991-03-01,Core PCE,1m,2.533522318473058
1991-04-01,Core PCE,1m,2.4291119110593895
1991-05-01,Core PCE,1m,4.881970364995936
1991-06-01,Core PCE,1m,2.6312377817623966
1991-07-01,Core PCE,1m,3.713120478451959
1991-08-01,Core PCE,1m,3.345673151862405
1991-09-01,Core PCE,1m,4.902708439734194
1991-10-01,Core PCE,1m,2.677619118388841
1991-11-01,Core PCE,1m,2.2638749918546974
1991-12-01,Core PCE,1m,2.99718654231218
1992-01-01,Core PCE,1m,3.320425276905392
1992-02-01,Core PCE,1m,3.3112637471530038
1992-03-01,Core PCE,1m,3.0312555308785294
1992-04-01,Core PCE,1m,4.011065375251777
1992-05-01,Core PCE,1m,1.695726849483159
1992-06-01,Core PCE,1m,0.9375225102563167
1992-07-01,Core PCE,1m,4.628761090005207
1992-08-01,Core PCE,1m,1.1020803105127097
1992-09-01,Core PCE,1m,1.9672275098831182
1992-10-01,Core PCE,1m,4.715024133899259
1992-11-01,Core PCE,1m,2.6541355808457068
1992-12-01,Core PCE,1m,2.252623444558388
1993-01-01,Core PCE,1m,3.5512036175809003
1993-02-01,Core PCE,1m,2.316697384172506
1993-03-01,Core PCE,1m,2.6492023900805295
1993-04-01,Core PCE,1m,3.544908748163733
1993-05-01,Core PCE,1m,4.137708488341141
1993-06-01,Core PCE,1m,1.1494914366434017
1993-07-01,Core PCE,1m,2.5127288571725304
1993-08-01,Core PCE,1m,2.267091384611475
1993-09-01,Core PCE,1m,1.8212229212183795
1993-10-01,Core PCE,1m,1.9836026403488916
1993-11-01,Core PCE,1m,3.1412521177477615
1993-12-01,Core PCE,1m,0.5401013191825621
1994-01-01,Core PCE,1m,0.9555575510671543
1994-02-01,Core PCE,1m,2.632047043160868
1994-03-01,Core PCE,1m,4.157914208002
1994-04-01,Core PCE,1m,1.8165112171362408
1994-05-01,Core PCE,1m,2.7045311012789064
1994-06-01,Core PCE,1m,2.69844975780682
1994-07-01,Core PCE,1m,2.547140530630898
1994-08-01,Core PCE,1m,1.3530953631030185
1994-09-01,Core PCE,1m,1.8357518739930745
1994-10-01,Core PCE,1m,2.860485149195613
1994-11-01,Core PCE,1m,2.2231368578453203
1994-12-01,Core PCE,1m,0.4049557646863988
1995-01-01,Core PCE,1m,3.0278277123563013
1995-02-01,Core PCE,1m,1.9805137129646821
1995-03-01,Core PCE,1m,2.979256143516751
1995-04-01,Core PCE,1m,2.8285445961178546
1995-05-01,Core PCE,1m,2.0564237850878575
1995-06-01,Core PCE,1m,1.047994949297304
1995-07-01,Core PCE,1m,1.909641054268496
1995-08-01,Core PCE,1m,2.91685472670975
1995-09-01,Core PCE,1m,1.5856439014760415
1995-10-01,Core PCE,1m,2.959141345529104
1995-11-01,Core PCE,1m,0.7783240054585416
1995-12-01,Core PCE,1m,1.7010285646325007
1996-01-01,Core PCE,1m,1.367243957335651
1996-02-01,Core PCE,1m,1.5746234863886155
1996-03-01,Core PCE,1m,2.815209870318358
1996-04-01,Core PCE,1m,1.638377513118816
1996-05-01,Core PCE,1m,2.105610625996701
1996-06-01,Core PCE,1m,0.9254169099711218
1996-07-01,Core PCE,1m,2.2742299914082276
1996-08-01,Core PCE,1m,1.043178934010447
1996-09-01,Core PCE,1m,3.7004629797384947
1996-10-01,Core PCE,1m,2.8857407212657726
1996-11-01,Core PCE,1m,1.5843731570067243
1996-12-01,Core PCE,1m,0.4570292220307026
1997-01-01,Core PCE,1m,1.2908528019357268
1997-02-01,Core PCE,1m,2.490597470373368
1997-03-01,Core PCE,1m,2.8993818544738703
1997-04-01,Core PCE,1m,2.376464000700418
1997-05-01,Core PCE,1m,0.8749979858337253
1997-06-01,Core PCE,1m,1.7897628779050656
1997-07-01,Core PCE,1m,0.8225053282202577
1997-08-01,Core PCE,1m,-0.48355738430434503
1997-09-01,Core PCE,1m,2.519651947252788
1997-10-01,Core PCE,1m,1.8337442527691428
1997-11-01,Core PCE,1m,0.3670996400212845
1997-12-01,Core PCE,1m,0.7016831464830897
1998-01-01,Core PCE,1m,1.8462313530329455
1998-02-01,Core PCE,1m,1.03520771933594
1998-03-01,Core PCE,1m,1.2860218855412775
1998-04-01,Core PCE,1m,2.2284150294116456
1998-05-01,Core PCE,1m,1.1650840098851534
1998-06-01,Core PCE,1m,-1.4947875239028408
1998-07-01,Core PCE,1m,3.4311743988697962
1998-08-01,Core PCE,1m,2.370376848671296
1998-09-01,Core PCE,1m,-0.19760398696707648
1998-10-01,Core PCE,1m,2.3660982235336414
1998-11-01,Core PCE,1m,0.21409300820074417
1998-12-01,Core PCE,1m,2.092455791573511
1999-01-01,Core PCE,1m,1.721242500607012
1999-02-01,Core PCE,1m,-0.4091786865157987
1999-03-01,Core PCE,1m,0.3614750870139849
1999-04-01,Core PCE,1m,3.1268733780614566
1999-05-01,Core PCE,1m,1.15098772760176
1999-06-01,Core PCE,1m,0.6391631071019033
1999-07-01,Core PCE,1m,2.1772949438881417
1999-08-01,Core PCE,1m,0.5884900358729794
1999-09-01,Core PCE,1m,3.224222123480458
1999-10-01,Core PCE,1m,2.067082852509028
1999-11-01,Core PCE,1m,1.1580286100843606
1999-12-01,Core PCE,1m,1.534309332595507
2000-01-01,Core PCE,1m,2.9198641927526303
2000-02-01,Core PCE,1m,1.7745601984312298
2000-03-01,Core PCE,1m,2.495336710982188
2000-04-01,Core PCE,1m,0.7913981633372646
2000-05-01,Core PCE,1m,1.2941838833597341
2000-06-01,Core PCE,1m,0.919552367881904
2000-07-01,Core PCE,1m,2.7798039287704412
2000-08-01,Core PCE,1m,1.5484190466167336
2000-09-01,Core PCE,1m,2.950344442019248
2000-10-01,Core PCE,1m,1.688391399926803
2000-11-01,Core PCE,1m,2.140004093285164
2000-12-01,Core PCE,1m,1.1834498604965438
2001-01-01,Core PCE,1m,4.557869312760299
2001-02-01,Core PCE,1m,2.1422342125170912
2001-03-01,Core PCE,1m,1.2556876995528876
2001-04-01,Core PCE,1m,1.9271148808187366
2001-05-01,Core PCE,1m,0.28409445612449513
2001-06-01,Core PCE,1m,2.712134175643488
2001-07-01,Core PCE,1m,3.14192272596725
2001-08-01,Core PCE,1m,0.5975921374375304
2001-09-01,Core PCE,1m,-6.609683470550721
2001-10-01,Core PCE,1m,8.785107255104418
2001-11-01,Core PCE,1m,2.469664179404152
2001-12-01,Core PCE,1m,0.2815761213868395
2002-01-01,Core PCE,1m,0.673701479141875
2002-02-01,Core PCE,1m,2.3190434052416498
2002-03-01,Core PCE,1m,1.4428862339550097
2002-04-01,Core PCE,1m,3.3976591155296054
2002-05-01,Core PCE,1m,1.342820880352713
2002-06-01,Core PCE,1m,1.9234571662610334
2002-07-01,Core PCE,1m,2.4729736030548954
2002-08-01,Core PCE,1m,2.3889425688837562
2002-09-01,Core PCE,1m,1.9753990994815895
2002-10-01,Core PCE,1m,1.0204914495433703
2002-11-01,Core PCE,1m,1.1749415639126015
2002-12-01,Core PCE,1m,1.1272199972963692
2003-01-01,Core PCE,1m,0.8164740012548188
2003-02-01,Core PCE,1m,1.6690755079374675
2003-03-01,Core PCE,1m,1.9470131002696123
2003-04-01,Core PCE,1m,1.338519047586395
2003-05-01,Core PCE,1m,1.7397678032484265
2003-06-01,Core PCE,1m,0.6731920981983164
2003-07-01,Core PCE,1m,3.0448078386682953
2003-08-01,Core PCE,1m,1.3617812072252322
2003-09-01,Core PCE,1m,1.6836557772446081
2003-10-01,Core PCE,1m,2.2371419566091566
2003-11-01,Core PCE,1m,1.6474348882606016
2003-12-01,Core PCE,1m,1.5071366221925064
2004-01-01,Core PCE,1m,3.124392457998071
2004-02-01,Core PCE,1m,1.9603873339689715
2004-03-01,Core PCE,1m,2.033752214167306
2004-04-01,Core PCE,1m,3.1676557424874963
2004-05-01,Core PCE,1m,1.6595674486512335
2004-06-01,Core PCE,1m,1.9156343303679213
2004-07-01,Core PCE,1m,1.4275367825487217
2004-08-01,Core PCE,1m,0.46324175273444457
2004-09-01,Core PCE,1m,2.274157123810916
2004-10-01,Core PCE,1m,2.6349462702472515
2004-11-01,Core PCE,1m,2.613971320011532
2004-12-01,Core PCE,1m,1.5515712806811077
2005-01-01,Core PCE,1m,4.406687769227791
2005-02-01,Core PCE,1m,2.0084014205026923
2005-03-01,Core PCE,1m,2.998642504729898
2005-04-01,Core PCE,1m,1.388798472647479
2005-05-01,Core PCE,1m,2.491623341707916
2005-06-01,Core PCE,1m,0.8373530769481219
2005-07-01,Core PCE,1m,1.7690832856381622
2005-08-01,Core PCE,1m,0.9827871588674597
2005-09-01,Core PCE,1m,2.688106062915896
2005-10-01,Core PCE,1m,3.5055019242295593
2005-11-01,Core PCE,1m,3.1064469720522903
2005-12-01,Core PCE,1m,1.252411028537126
2006-01-01,Core PCE,1m,2.7239123058794945
2006-02-01,Core PCE,1m,1.9512059824019046
2006-03-01,Core PCE,1m,3.364968956379899
2006-04-01,Core PCE,1m,3.726446453193022
2006-05-01,Core PCE,1m,3.0502837116382686
2006-06-01,Core PCE,1m,3.071930638892706
2006-07-01,Core PCE,1m,1.1751224944558603
2006-08-01,Core PCE,1m,2.477012648074872
2006-09-01,Core PCE,1m,1.9065596000984453
2006-10-01,Core PCE,1m,2.1926368732719137
2006-11-01,Core PCE,1m,0.5680054931812117
2006-12-01,Core PCE,1m,1.6258457024613149
2007-01-01,Core PCE,1m,4.973219581977362
2007-02-01,Core PCE,1m,2.6218068906691983
2007-03-01,Core PCE,1m,1.215032045652542
2007-04-01,Core PCE,1m,1.7259047896350133
2007-05-01,Core PCE,1m,1.4248444123082349
2007-06-01,Core PCE,1m,2.0061502886254745
2007-07-01,Core PCE,1m,1.8179296927317123
2007-08-01,Core PCE,1m,1.8009933136621914
2007-09-01,Core PCE,1m,3.3242513118105776
2007-10-01,Core PCE,1m,3.171974699078306
2007-11-01,Core PCE,1m,2.3819261135109127
2007-12-01,Core PCE,1m,2.433760597264678
2008-01-01,Core PCE,1m,2.414722854838769
2008-02-01,Core PCE,1m,1.177468950304239
2008-03-01,Core PCE,1m,2.379365113210108
2008-04-01,Core PCE,1m,0.7028919833940828
2008-05-01,Core PCE,1m,2.2050425163532728
2008-06-01,Core PCE,1m,2.7897618743290886
2008-07-01,Core PCE,1m,2.181959125021238
2008-08-01,Core PCE,1m,1.4841012221641359
2008-09-01,Core PCE,1m,1.2338331303609174
2008-10-01,Core PCE,1m,-1.689082392962482
2008-11-01,Core PCE,1m,-0.5305779195421745
2008-12-01,Core PCE,1m,-0.5851086409407569
2009-01-01,Core PCE,1m,-0.3679409889464247
2009-02-01,Core PCE,1m,0.9600256281077524
2009-03-01,Core PCE,1m,0.8629542220824904
2009-04-01,Core PCE,1m,2.705245695978542
2009-05-01,Core PCE,1m,0.9289868724478234
2009-06-01,Core PCE,1m,1.5468994138612358
2009-07-01,Core PCE,1m,1.0366607532080518
2009-08-01,Core PCE,1m,1.791456873045827
2009-09-01,Core PCE,1m,2.133472639564471
2009-10-01,Core PCE,1m,4.511857599345914
2009-11-01,Core PCE,1m,1.0557921458044683
2009-12-01,Core PCE,1m,1.027689335072579
2010-01-01,Core PCE,1m,1.7895812797127597
2010-02-01,Core PCE,1m,1.0523971104074992
2010-03-01,Core PCE,1m,1.7989817175442901
2010-04-01,Core PCE,1m,0.6179592290588509
2010-05-01,Core PCE,1m,1.333605705733043
2010-06-01,Core PCE,1m,0.5766152639423705
2010-07-01,Core PCE,1m,0.0267391593409938
2010-08-01,Core PCE,1m,1.1556941618794392
2010-09-01,Core PCE,1m,0.6832275300389545
2010-10-01,Core PCE,1m,1.8439798788694395
2010-11-01,Core PCE,1m,1.5704467781552545
2010-12-01,Core PCE,1m,0.25317707326171224
2011-01-01,Core PCE,1m,2.5986727913461793
2011-02-01,Core PCE,1m,2.11828690811271
2011-03-01,Core PCE,1m,1.831163827519111
2011-04-01,Core PCE,1m,2.7879334388070776
2011-05-01,Core PCE,1m,2.88985405633595
2011-06-01,Core PCE,1m,1.325347269370658
2011-07-01,Core PCE,1m,1.7910273542515842
2011-08-01,Core PCE,1m,2.417819653923181
2011-09-01,Core PCE,1m,0.8160802880431195
2011-10-01,Core PCE,1m,0.5781343550347762
2011-11-01,Core PCE,1m,2.5709016048342415
2011-12-01,Core PCE,1m,2.0049464932623717
2012-01-01,Core PCE,1m,3.6481307149200726
2012-02-01,Core PCE,1m,1.6912922221605564
2012-03-01,Core PCE,1m,2.0589336433107785
2012-04-01,Core PCE,1m,1.830992373165552
2012-05-01,Core PCE,1m,1.2241557739480102
2012-06-01,Core PCE,1m,1.2359913005195455
2012-07-01,Core PCE,1m,1.2477906118348647
2012-08-01,Core PCE,1m,0.7643976717815582
2012-09-01,Core PCE,1m,1.480845392428809
2012-10-01,Core PCE,1m,2.9515948787067092
2012-11-01,Core PCE,1m,1.29315534255392
2012-12-01,Core PCE,1m,0.8896901647070132
2013-01-01,Core PCE,1m,2.452447408181402
2013-02-01,Core PCE,1m,1.3141038653227355
2013-03-01,Core PCE,1m,1.1057189558340896
2013-04-01,Core PCE,1m,0.5895025707528534
2013-05-01,Core PCE,1m,1.4142826723724466
2013-06-01,Core PCE,1m,2.08674767929915
2013-07-01,Core PCE,1m,1.5392703079874392
2013-08-01,Core PCE,1m,1.3053310860241085
2013-09-01,Core PCE,1m,1.4325825677944604
2013-10-01,Core PCE,1m,2.0498317514996423
2013-11-01,Core PCE,1m,2.0076170302114837
2013-12-01,Core PCE,1m,1.28518102462849
2014-01-01,Core PCE,1m,1.3093798657759503
2014-02-01,Core PCE,1m,0.5695196032989625
2014-03-01,Core PCE,1m,1.7935890805039323
2014-04-01,Core PCE,1m,2.072982086323494
2014-05-01,Core PCE,1m,2.0437797365735255
2014-06-01,Core PCE,1m,1.3644769080721764
2014-07-01,Core PCE,1m,2.101877119830098
2014-08-01,Core PCE,1m,0.4642182352615709
2014-09-01,Core PCE,1m,1.613732954002911
2014-10-01,Core PCE,1m,1.0423059570473292
2014-11-01,Core PCE,1m,1.066617637841194
2014-12-01,Core PCE,1m,0.8517072053699337
2015-01-01,Core PCE,1m,-0.4354964816701945
2015-02-01,Core PCE,1m,1.3806015348125644
2015-03-01,Core PCE,1m,1.8341010561810922
2015-04-01,Core PCE,1m,2.2367684262990073
2015-05-01,Core PCE,1m,1.474989002555116
2015-06-01,Core PCE,1m,1.4480442940172589
2015-07-01,Core PCE,1m,1.1955771985140862
2015-08-01,Core PCE,1m,0.9694484202873666
2015-09-01,Core PCE,1m,1.7447583684050194
2015-10-01,Core PCE,1m,0.3957941694228806
2015-11-01,Core PCE,1m,1.2911592584974985
2015-12-01,Core PCE,1m,0.7919117652919416
2016-01-01,Core PCE,1m,2.1273270654087684
2016-02-01,Core PCE,1m,2.0984885374260243
2016-03-01,Core PCE,1m,1.7325233860191025
2016-04-01,Core PCE,1m,2.9951045971322143
2016-05-01,Core PCE,1m,2.0616884272051994
2016-06-01,Core PCE,1m,1.2525037181043919
2016-07-01,Core PCE,1m,1.758161143693826
2016-08-01,Core PCE,1m,2.1398779492284303
2016-09-01,Core PCE,1m,1.604334225105486
2016-10-01,Core PCE,1m,1.5529240892098395
2016-11-01,Core PCE,1m,0.534850184247504
2016-12-01,Core PCE,1m,1.4028083894164434
2017-01-01,Core PCE,1m,3.255830527647108
2017-02-01,Core PCE,1m,2.1458898051684105
2017-03-01,Core PCE,1m,-0.5050494362571989
2017-04-01,Core PCE,1m,2.4877548686563555
2017-05-01,Core PCE,1m,0.9669254636482494
2017-06-01,Core PCE,1m,1.6231252135012753
2017-07-01,Core PCE,1m,0.8800823923701406
2017-08-01,Core PCE,1m,1.3035948863268088
2017-09-01,Core PCE,1m,1.4721147306494764
2017-10-01,Core PCE,1m,2.9850086644211737
2017-11-01,Core PCE,1m,0.5867280635282413
2017-12-01,Core PCE,1m,1.7809225694733533
2018-01-01,Core PCE,1m,3.9307109272473273
2018-02-01,Core PCE,1m,2.2928988191612154
2018-03-01,Core PCE,1m,2.652311779741656
2018-04-01,Core PCE,1m,2.1868930913785833
2018-05-01,Core PCE,1m,2.122696786153533
2018-06-01,Core PCE,1m,1.0901013114297475
2018-07-01,Core PCE,1m,1.589921023189067
2018-08-01,Core PCE,1m,0.11770358922442714
2018-09-01,Core PCE,1m,2.2459744309088814
2018-10-01,Core PCE,1m,1.9067824233464092
2018-11-01,Core PCE,1m,2.250180638675814
2018-12-01,Core PCE,1m,2.11468900047016
2019-01-01,Core PCE,1m,1.5883191854278333
2019-02-01,Core PCE,1m,1.0902749466836559
2019-03-01,Core PCE,1m,1.1128297709842805
2019-04-01,Core PCE,1m,2.4370992521756785
2019-05-01,Core PCE,1m,1.2387603925125168
2019-06-01,Core PCE,1m,2.216237249346209
2019-07-01,Core PCE,1m,1.3759247962245924
2019-08-01,Core PCE,1m,1.386069637112386
2019-09-01,Core PCE,1m,0.882185117030021
2019-10-01,Core PCE,1m,1.8054176361874674
2019-11-01,Core PCE,1m,0.7407659683494439
2019-12-01,Core PCE,1m,2.6839620311516876
2020-01-01,Core PCE,1m,2.14890548171911
2020-02-01,Core PCE,1m,2.3677397616925555
2020-03-01,Core PCE,1m,-0.9016016794688442
2020-04-01,Core PCE,1m,-3.819373690868344
2020-05-01,Core PCE,1m,1.2613933226949703
2020-06-01,Core PCE,1m,1.8896993272884632
2020-07-01,Core PCE,1m,4.353646283642609
2020-08-01,Core PCE,1m,3.5559130360533597
2020-09-01,Core PCE,1m,1.920871309987504
2020-10-01,Core PCE,1m,1.1098656037206167
2020-11-01,Core PCE,1m,1.1203298652914473
2020-12-01,Core PCE,1m,3.3572390078814074
2021-01-01,Core PCE,1m,4.451075058436715
2021-02-01,Core PCE,1m,2.51245709671295
2021-03-01,Core PCE,1m,4.977635267282476
2021-04-01,Core PCE,1m,7.243654236230546
2021-05-01,Core PCE,1m,6.205620319113581
2021-06-01,Core PCE,1m,5.740594832538326
2021-07-01,Core PCE,1m,5.144965150892111
2021-08-01,Core PCE,1m,3.931270339620596
2021-09-01,Core PCE,1m,2.574467771209177
2021-10-01,Core PCE,1m,6.153849751122942
2021-11-01,Core PCE,1m,6.525667544960534
2021-12-01,Core PCE,1m,7.250279475410104
2022-01-01,Core PCE,1m,6.1781353106756365
2022-02-01,Core PCE,1m,5.401859200422843
2022-03-01,Core PCE,1m,4.863861238227285
2022-04-01,Core PCE,1m,4.257517656546161
2022-05-01,Core PCE,1m,4.275478150325984
2022-06-01,Core PCE,1m,7.338560834600272
2022-07-01,Core PCE,1m,2.6761865031968757
2022-08-01,Core PCE,1m,6.998625771485734
2022-09-01,Core PCE,1m,5.461962654708108
2022-10-01,Core PCE,1m,4.39754907420038
2022-11-01,Core PCE,1m,3.5148158105413607
2022-12-01,Core PCE,1m,4.336530513325054
2023-01-01,Core PCE,1m,5.824036945390576
2023-02-01,Core PCE,1m,4.417004136499858
2023-03-01,Core PCE,1m,3.9992736726026656
2023-04-01,Core PCE,1m,4.333431128114551
2023-05-01,Core PCE,1m,3.5847967752081766
2023-06-01,Core PCE,1m,3.1378850246423395
2023-07-01,Core PCE,1m,1.6812999899536107
2023-08-01,Core PCE,1m,1.3431374269155194
2023-09-01,Core PCE,1m,3.76296912939984
2023-10-01,Core PCE,1m,1.8445284051148647
2023-11-01,Core PCE,1m,1.3354391085969697
2023-12-01,Core PCE,1m,2.1950046780623067
2024-01-01,Core PCE,1m,6.399699715538443
2024-02-01,Core PCE,1m,3.2142753101776167
2024-03-01,Core PCE,1m,4.7611521934617596
2024-04-01,Core PCE,1m,2.940321701113713
2024-05-01,Core PCE,1m,0.7778773781235815
2024-06-01,Core PCE,1m,2.9211487020924354
2024-07-01,Core PCE,1m,2.3131041157747223
2024-08-01,Core PCE,1m,2.139299951279816
2024-09-01,Core PCE,1m,3.344326032414946
2024-10-01,Core PCE,1m,3.6158293379788597
2024-11-01,Core PCE,1m,1.2670706759558614
2024-12-01,Core PCE,1m,2.2888768152520056
2025-01-01,Core PCE,1m,3.84400655626822
2025-02-01,Core PCE,1m,5.5089477116080365
2025-03-01,Core PCE,1m,1.176135850713278
2025-04-01,Core PCE,1m,2.2745650252934624
2025-05-01,Core PCE,1m,2.788764037299818
2025-06-01,Core PCE,1m,3.203746016937936
2025-07-01,Core PCE,1m,2.979976523864969
2025-08-01,Core PCE,1m,2.729116155742961
2025-09-01,Core PCE,1m,2.296661491263885
2025-10-01,Core PCE,1m,2.766160586254496
2025-11-01,Core PCE,1m,2.1522993164798887
2025-12-01,Core PCE,1m,3.997069155519717
2026-01-01,Core PCE,1m,5.471741342319203
2026-02-01,Core PCE,1m,4.830713996213976
2026-03-01,Core PCE,1m,3.6130486694182506
2026-04-01,Core PCE,1m,3.1813134127968823
2026-05-01,Core PCE,1m,4.398373092743468
2026-06-01,Core PCE,1m,1.7753701617267081
2026-07-01,Core PCE,1m,2.986296846977332
1959-04-01,Core PCE,3m,1.79245418799594
1959-05-01,Core PCE,3m,1.9740946473170595
1959-06-01,Core PCE,3m,2.7055383845826952
1959-07-01,Core PCE,3m,2.646286365552286
1959-08-01,Core PCE,3m,2.8001160424665494
1959-09-01,Core PCE,3m,2.661267414088342
1959-10-01,Core PCE,3m,2.394872223299993
1959-11-01,Core PCE,3m,2.49481635131652
1959-12-01,Core PCE,3m,2.0488514000347235
1960-01-01,Core PCE,3m,1.4541041539945843
1960-02-01,Core PCE,3m,1.4770234595115062
1960-03-01,Core PCE,3m,0.8880095228166685
1960-04-01,Core PCE,3m,1.5255254857229783
1960-05-01,Core PCE,3m,1.4205764415023525
1960-06-01,Core PCE,3m,1.6246415150528604
1960-07-01,Core PCE,3m,1.5961680047177351
1960-08-01,Core PCE,3m,1.5172317372493804
1960-09-01,Core PCE,3m,1.6180696898845826
1960-10-01,Core PCE,3m,1.1336684166495692
1960-11-01,Core PCE,3m,1.6382255931603362
1960-12-01,Core PCE,3m,1.181596815934438
1961-01-01,Core PCE,3m,1.0548034617296143
1961-02-01,Core PCE,3m,0.37475365723529386
1961-03-01,Core PCE,3m,0.6253694094304318
1961-04-01,Core PCE,3m,1.0771783257871537
1961-05-01,Core PCE,3m,1.201789224299743
1961-06-01,Core PCE,3m,1.6799507291084925
1961-07-01,Core PCE,3m,1.7532456744462577
1961-08-01,Core PCE,3m,1.6502746067729834
1961-09-01,Core PCE,3m,1.8489110314308332
1961-10-01,Core PCE,3m,1.3446026482367257
1961-11-01,Core PCE,3m,0.9936577561729942
1961-12-01,Core PCE,3m,0.5445195019387894
1962-01-01,Core PCE,3m,0.891911483582275
1962-02-01,Core PCE,3m,1.4895473593391273
1962-03-01,Core PCE,3m,2.088183167320379
1962-04-01,Core PCE,3m,1.6859481202293303
1962-05-01,Core PCE,3m,1.5835396766080478
1962-06-01,Core PCE,3m,1.3813313007512429
1962-07-01,Core PCE,3m,1.6540306666609217
1962-08-01,Core PCE,3m,1.1318088756954614
1962-09-01,Core PCE,3m,1.1790587505110306
1962-10-01,Core PCE,3m,0.8087946332726581
1962-11-01,Core PCE,3m,1.0547203004546812
1962-12-01,Core PCE,3m,0.39071992562715874
1963-01-01,Core PCE,3m,1.1756655367923585
1963-02-01,Core PCE,3m,1.3469885342929144
1963-03-01,Core PCE,3m,1.4696630719888581
1963-04-01,Core PCE,3m,1.196750541597269
1963-05-01,Core PCE,3m,1.4651770700434108
1963-06-01,Core PCE,3m,1.9066871726004742
1963-07-01,Core PCE,3m,1.7814760005366193
1963-08-01,Core PCE,3m,1.4109129546312271
1963-09-01,Core PCE,3m,1.4573478656216832
1963-10-01,Core PCE,3m,1.9938596543481957
1963-11-01,Core PCE,3m,1.9920433125990566
1963-12-01,Core PCE,3m,1.8419293243179258
1964-01-01,Core PCE,3m,1.4973776601494349
1964-02-01,Core PCE,3m,1.9091386686775902
1964-03-01,Core PCE,3m,1.7120937533463998
1964-04-01,Core PCE,3m,1.5159904306657923
1964-05-01,Core PCE,3m,1.079029892211003
1964-06-01,Core PCE,3m,0.9818227972080429
1964-07-01,Core PCE,3m,1.028976605664167
1964-08-01,Core PCE,3m,1.2202640418988553
1964-09-01,Core PCE,3m,1.0993503743962352
1964-10-01,Core PCE,3m,0.8587224877026234
1964-11-01,Core PCE,3m,0.9054028527732294
1964-12-01,Core PCE,3m,1.3118880180625458
1965-01-01,Core PCE,3m,1.6952316204044138
1965-02-01,Core PCE,3m,1.5968699726178537
1965-03-01,Core PCE,3m,1.2598269956191066
1965-04-01,Core PCE,3m,1.1865785405169582
1965-05-01,Core PCE,3m,1.447317587918806
1965-06-01,Core PCE,3m,1.113106902312122
1965-07-01,Core PCE,3m,1.0405493610240235
1965-08-01,Core PCE,3m,1.0623449777952043
1965-09-01,Core PCE,3m,1.6327642089678518
1965-10-01,Core PCE,3m,1.0852156661149914
1965-11-01,Core PCE,3m,1.0831713811185084
1965-12-01,Core PCE,3m,1.8396829144226023
1966-01-01,Core PCE,3m,2.101897322122359
1966-02-01,Core PCE,3m,2.335702458365585
1966-03-01,Core PCE,3m,1.6186879889938943
1966-04-01,Core PCE,3m,2.9697453143012753
1966-05-01,Core PCE,3m,3.057524353327601
1966-06-01,Core PCE,3m,3.863609233032639
1966-07-01,Core PCE,3m,3.587930753051438
1966-08-01,Core PCE,3m,3.2469261757426704
1966-09-01,Core PCE,3m,3.189227572543052
1966-10-01,Core PCE,3m,3.3207624610776643
1966-11-01,Core PCE,3m,3.5964522137060584
1966-12-01,Core PCE,3m,3.585222975153779
1967-01-01,Core PCE,3m,2.6190458253449567
1967-02-01,Core PCE,3m,2.3350665065084097
1967-03-01,Core PCE,3m,1.7077575063224826
1967-04-01,Core PCE,3m,2.4638097363158806
1967-05-01,Core PCE,3m,2.6202719755882953
1967-06-01,Core PCE,3m,3.0303477774287435
1967-07-01,Core PCE,3m,3.2978960717477968
1967-08-01,Core PCE,3m,3.658611168695791
1967-09-01,Core PCE,3m,4.086438890477706
1967-10-01,Core PCE,3m,4.210193458152212
1967-11-01,Core PCE,3m,4.2658921054068655
1967-12-01,Core PCE,3m,3.817224529896057
1968-01-01,Core PCE,3m,4.120866374614307
1968-02-01,Core PCE,3m,4.5842398187492694
1968-03-01,Core PCE,3m,5.209265665559637
1968-04-01,Core PCE,3m,4.891257628775469
1968-05-01,Core PCE,3m,4.667236104975547
1968-06-01,Core PCE,3m,4.64847405560016
1968-07-01,Core PCE,3m,4.497261537729402
1968-08-01,Core PCE,3m,4.546723859261537
1968-09-01,Core PCE,3m,4.595082269103168
1968-10-01,Core PCE,3m,4.91107215584734
1968-11-01,Core PCE,3m,4.869644202563284
1968-12-01,Core PCE,3m,4.433494022375917
1969-01-01,Core PCE,3m,4.306339675290949
1969-02-01,Core PCE,3m,4.159781807915186
1969-03-01,Core PCE,3m,4.861567358341556
1969-04-01,Core PCE,3m,4.8862282298669735
1969-05-01,Core PCE,3m,5.127992761003863
1969-06-01,Core PCE,3m,4.61038447421902
1969-07-01,Core PCE,3m,4.95549325063851
1969-08-01,Core PCE,3m,4.446440204287749
1969-09-01,Core PCE,3m,4.684884490770425
1969-10-01,Core PCE,3m,4.536383632235674
1969-11-01,Core PCE,3m,4.965183143309626
1969-12-01,Core PCE,3m,4.840128747748307
1970-01-01,Core PCE,3m,4.423075045351843
1970-02-01,Core PCE,3m,4.426665886105452
1970-03-01,Core PCE,3m,4.430679676249927
1970-04-01,Core PCE,3m,4.704371622258874
1970-05-01,Core PCE,3m,4.583386585537963
1970-06-01,Core PCE,3m,4.525202712669585
1970-07-01,Core PCE,3m,4.466354532010541
1970-08-01,Core PCE,3m,4.4300308568024915
1970-09-01,Core PCE,3m,4.676882970619323
1970-10-01,Core PCE,3m,5.14359380140732
1970-11-01,Core PCE,3m,5.853249032421615
1970-12-01,Core PCE,3m,6.2123126298161635
1971-01-01,Core PCE,3m,5.799182215515275
1971-02-01,Core PCE,3m,5.230730393395122
1971-03-01,Core PCE,3m,4.473783501713791
1971-04-01,Core PCE,3m,4.377477580590217
1971-05-01,Core PCE,3m,4.6146339891304455
1971-06-01,Core PCE,3m,4.931315186540353
1971-07-01,Core PCE,3m,4.971095548933802
1971-08-01,Core PCE,3m,3.733401679291104
1971-09-01,Core PCE,3m,2.7840128076009885
1971-10-01,Core PCE,3m,1.8676247865341944
1971-11-01,Core PCE,3m,2.22229304516961
1971-12-01,Core PCE,3m,2.8213998458013645
1972-01-01,Core PCE,3m,3.9335912626497382
1972-02-01,Core PCE,3m,4.1143082242830475
1972-03-01,Core PCE,3m,3.628975047027949
1972-04-01,Core PCE,3m,2.8269422371504316
1972-05-01,Core PCE,3m,2.670387513351913
1972-06-01,Core PCE,3m,2.7022400515026135
1972-07-01,Core PCE,3m,2.918377752202761
1972-08-01,Core PCE,3m,2.837547398255369
1972-09-01,Core PCE,3m,3.3681274419750773
1972-10-01,Core PCE,3m,2.4375814870005508
1972-11-01,Core PCE,3m,2.6523519172182652
1972-12-01,Core PCE,3m,2.5155435298857443
1973-01-01,Core PCE,3m,2.532321685388883
1973-02-01,Core PCE,3m,2.744266093114689
1973-03-01,Core PCE,3m,3.1730695754367266
1973-04-01,Core PCE,3m,5.3204417321171205
1973-05-01,Core PCE,3m,5.617393642335666
1973-06-01,Core PCE,3m,5.741744004179217
1973-07-01,Core PCE,3m,5.104568923054198
1973-08-01,Core PCE,3m,5.430262735591751
1973-09-01,Core PCE,3m,5.733207482178382
1973-10-01,Core PCE,3m,5.563599606162084
1973-11-01,Core PCE,3m,5.645359038385123
1973-12-01,Core PCE,3m,5.849438777556126
1974-01-01,Core PCE,3m,6.291803413264296
1974-02-01,Core PCE,3m,6.940309489565766
1974-03-01,Core PCE,3m,7.902564374188614
1974-04-01,Core PCE,3m,9.00993690692542
1974-05-01,Core PCE,3m,10.42416335942098
1974-06-01,Core PCE,3m,11.50899609457612
1974-07-01,Core PCE,3m,12.119840214489063
1974-08-01,Core PCE,3m,12.124117842043258
1974-09-01,Core PCE,3m,11.555864803034076
1974-10-01,Core PCE,3m,11.102589386946903
1974-11-01,Core PCE,3m,10.084709794337021
1974-12-01,Core PCE,3m,9.249420867653125
1975-01-01,Core PCE,3m,8.376265105793902
1975-02-01,Core PCE,3m,8.280753716150668
1975-03-01,Core PCE,3m,7.487384361315175
1975-04-01,Core PCE,3m,7.087809744642559
1975-05-01,Core PCE,3m,5.88914494884718
1975-06-01,Core PCE,3m,5.747504666810688
1975-07-01,Core PCE,3m,6.2851974528497
1975-08-01,Core PCE,3m,5.944537791729787
1975-09-01,Core PCE,3m,6.180118629992304
1975-10-01,Core PCE,3m,5.692548281547749
1975-11-01,Core PCE,3m,7.034338123030182
1975-12-01,Core PCE,3m,7.3049263430587486
1976-01-01,Core PCE,3m,7.360155044374017
1976-02-01,Core PCE,3m,6.2423487072796435
1976-03-01,Core PCE,3m,5.075425722147853
1976-04-01,Core PCE,3m,4.572868943134423
1976-05-01,Core PCE,3m,4.880271626139221
1976-06-01,Core PCE,3m,5.204306156799388
1976-07-01,Core PCE,3m,5.8639546773329165
1976-08-01,Core PCE,3m,6.3087066906062805
1976-09-01,Core PCE,3m,7.065980690160356
1976-10-01,Core PCE,3m,6.820231298750601
1976-11-01,Core PCE,3m,6.298217188225208
1976-12-01,Core PCE,3m,6.115945286316338
1977-01-01,Core PCE,3m,6.619176783721192
1977-02-01,Core PCE,3m,7.295158885203645
1977-03-01,Core PCE,3m,6.7955432563934215
1977-04-01,Core PCE,3m,6.298411849795271
1977-05-01,Core PCE,3m,5.8648227061035785
1977-06-01,Core PCE,3m,6.5975792677924305
1977-07-01,Core PCE,3m,7.125682985745363
1977-08-01,Core PCE,3m,7.046596684481221
1977-09-01,Core PCE,3m,6.296894778376938
1977-10-01,Core PCE,3m,5.736408021929673
1977-11-01,Core PCE,3m,5.843940091890643
1977-12-01,Core PCE,3m,6.240151816516537
1978-01-01,Core PCE,3m,6.724849002165678
1978-02-01,Core PCE,3m,6.163217345195293
1978-03-01,Core PCE,3m,6.278341404590004
1978-04-01,Core PCE,3m,6.480160781559108
1978-05-01,Core PCE,3m,7.348176054382716
1978-06-01,Core PCE,3m,7.413940209251058
1978-07-01,Core PCE,3m,7.166856868774674
1978-08-01,Core PCE,3m,6.940209535292774
1978-09-01,Core PCE,3m,7.018057037904035
1978-10-01,Core PCE,3m,7.638381777006864
1978-11-01,Core PCE,3m,7.648333279816422
1978-12-01,Core PCE,3m,6.8458627897338475
1979-01-01,Core PCE,3m,5.908059142288891
1979-02-01,Core PCE,3m,5.024466575027686
1979-03-01,Core PCE,3m,5.802538438061
1979-04-01,Core PCE,3m,7.549248910922612
1979-05-01,Core PCE,3m,9.889722367712995
1979-06-01,Core PCE,3m,9.831340421406365
1979-07-01,Core PCE,3m,8.003622193920922
1979-08-01,Core PCE,3m,7.123741948406126
1979-09-01,Core PCE,3m,7.643050383640992
1979-10-01,Core PCE,3m,8.62665986728901
1979-11-01,Core PCE,3m,8.519527368994684
1979-12-01,Core PCE,3m,8.677019919809648
1980-01-01,Core PCE,3m,8.80372072651394
1980-02-01,Core PCE,3m,10.36203003880054
1980-03-01,Core PCE,3m,11.280109888920343
1980-04-01,Core PCE,3m,10.19310560960851
1980-05-01,Core PCE,3m,9.363926100263376
1980-06-01,Core PCE,3m,8.227850702746542
1980-07-01,Core PCE,3m,9.042430611873154
1980-08-01,Core PCE,3m,8.683682238467272
1980-09-01,Core PCE,3m,9.892658426271627
1980-10-01,Core PCE,3m,10.42066409709479
1980-11-01,Core PCE,3m,10.70333573579716
1980-12-01,Core PCE,3m,9.2112148907713909
1981-01-01,Core PCE,3m,9.407794517194601
1981-02-01,Core PCE,3m,9.157697273396725
1981-03-01,Core PCE,3m,8.96080767026486
1981-04-01,Core PCE,3m,7.974895846532504
1981-05-01,Core PCE,3m,7.799456897238932
1981-06-01,Core PCE,3m,7.55622186689886
1981-07-01,Core PCE,3m,7.40303700582321
1981-08-01,Core PCE,3m,7.320086922478519
1981-09-01,Core PCE,3m,7.992153661171009
1981-10-01,Core PCE,3m,7.963338107451934
1981-11-01,Core PCE,3m,7.59392024887835
1981-12-01,Core PCE,3m,6.378803603090577
1982-01-01,Core PCE,3m,6.449424690305938
1982-02-01,Core PCE,3m,5.612994752724698
1982-03-01,Core PCE,3m,5.89562760839486
1982-04-01,Core PCE,3m,4.9844278520766006
1982-05-01,Core PCE,3m,5.6516330882799615
1982-06-01,Core PCE,3m,5.926029477868
1982-07-01,Core PCE,3m,6.994775530828878
1982-08-01,Core PCE,3m,6.637805988933909
1982-09-01,Core PCE,3m,6.077934403593344
1982-10-01,Core PCE,3m,6.018962994473198
1982-11-01,Core PCE,3m,5.6327689299601635
1982-12-01,Core PCE,3m,5.414865637451505
1983-01-01,Core PCE,3m,5.622037289130466
1983-02-01,Core PCE,3m,5.628796053832241
1983-03-01,Core PCE,3m,4.826478871507001
1983-04-01,Core PCE,3m,3.2489385227459255
1983-05-01,Core PCE,3m,2.3219807706984508
1983-06-01,Core PCE,3m,3.7187975684229713
1983-07-01,Core PCE,3m,5.262517609334405
1983-08-01,Core PCE,3m,6.834121878442456
1983-09-01,Core PCE,3m,6.564218883159945
1983-10-01,Core PCE,3m,4.4783017857281004
1983-11-01,Core PCE,3m,3.305507503207883
1983-12-01,Core PCE,3m,1.956944008061634
1984-01-01,Core PCE,3m,2.5876906317757076
1984-02-01,Core PCE,3m,4.224714090319948
1984-03-01,Core PCE,3m,5.501227339040549
1984-04-01,Core PCE,3m,6.08474740646634
1984-05-01,Core PCE,3m,4.41563054975509
1984-06-01,Core PCE,3m,3.8183516348456736
1984-07-01,Core PCE,3m,3.6540648737049874
1984-08-01,Core PCE,3m,4.0575637408788445
1984-09-01,Core PCE,3m,3.7137842366046447
1984-10-01,Core PCE,3m,2.865340361496238
1984-11-01,Core PCE,3m,2.3840731041772756
1984-12-01,Core PCE,3m,3.383267081950292
1985-01-01,Core PCE,3m,4.775038272606524
1985-02-01,Core PCE,3m,6.063624194401651
1985-03-01,Core PCE,3m,5.86827610539411
1985-04-01,Core PCE,3m,4.021428342700295
1985-05-01,Core PCE,3m,3.3019530936497787
1985-06-01,Core PCE,3m,3.2241991581783536
1985-07-01,Core PCE,3m,3.9399347588788824
1985-08-01,Core PCE,3m,4.547380491306985
1985-09-01,Core PCE,3m,4.028416467046436
1985-10-01,Core PCE,3m,3.4833833919195367
1985-11-01,Core PCE,3m,2.4760179948493555
1985-12-01,Core PCE,3m,2.745515352171801
1986-01-01,Core PCE,3m,4.307983482183753
1986-02-01,Core PCE,3m,4.36244730057731
1986-03-01,Core PCE,3m,4.496744235538741
1986-04-01,Core PCE,3m,3.0158487835350245
1986-05-01,Core PCE,3m,2.657191097577405
1986-06-01,Core PCE,3m,2.641107810049359
1986-07-01,Core PCE,3m,2.644213165863385
1986-08-01,Core PCE,3m,2.782101998013342
1986-09-01,Core PCE,3m,2.9000339716133805
1986-10-01,Core PCE,3m,3.550831523938469
1986-11-01,Core PCE,3m,3.583029831666895
1986-12-01,Core PCE,3m,2.7615614400765987
1987-01-01,Core PCE,3m,2.3544070383105575
1987-02-01,Core PCE,3m,2.3182978358866624
1987-03-01,Core PCE,3m,2.999686181008898
1987-04-01,Core PCE,3m,3.7567658126040016
1987-05-01,Core PCE,3m,4.077220067336795
1987-06-01,Core PCE,3m,3.987029424378896
1987-07-01,Core PCE,3m,3.3040888095662524
1987-08-01,Core PCE,3m,3.5414030113150696
1987-09-01,Core PCE,3m,4.0480441170093195
1987-10-01,Core PCE,3m,4.747860735897014
1987-11-01,Core PCE,3m,4.207964135929987
1987-12-01,Core PCE,3m,3.435359008443206
1988-01-01,Core PCE,3m,3.625374054451913
1988-02-01,Core PCE,3m,3.6101452106202636
1988-03-01,Core PCE,3m,4.5123908495593446
1988-04-01,Core PCE,3m,4.566528638335665
1988-05-01,Core PCE,3m,5.13266748607597
1988-06-01,Core PCE,3m,5.110401080296212
1988-07-01,Core PCE,3m,4.7848143275149635
1988-08-01,Core PCE,3m,4.402451756845194
1988-09-01,Core PCE,3m,4.874486980921344
1988-10-01,Core PCE,3m,4.757915990457273
1988-11-01,Core PCE,3m,4.864266835848641
1988-12-01,Core PCE,3m,4.015980761831894
1989-01-01,Core PCE,3m,4.54093581196473
1989-02-01,Core PCE,3m,4.455368919590441
1989-03-01,Core PCE,3m,4.316908471980652
1989-04-01,Core PCE,3m,3.6103041092158117
1989-05-01,Core PCE,3m,3.794741416934433
1989-06-01,Core PCE,3m,3.661677087609294
1989-07-01,Core PCE,3m,3.336062404060036
1989-08-01,Core PCE,3m,2.6824926030185603
1989-09-01,Core PCE,3m,3.0134449872258884
1989-10-01,Core PCE,3m,3.449552716306936
1989-11-01,Core PCE,3m,3.9742758415205692
1989-12-01,Core PCE,3m,3.713820852196914
1990-01-01,Core PCE,3m,3.8054107362079037
1990-02-01,Core PCE,3m,4.71481725152163
1990-03-01,Core PCE,3m,5.539449034153265
1990-04-01,Core PCE,3m,5.173393308039453
1990-05-01,Core PCE,3m,4.4234589393763235
1990-06-01,Core PCE,3m,4.042883850785928
1990-07-01,Core PCE,3m,3.8520631301025787
1990-08-01,Core PCE,3m,4.313257491776534
1990-09-01,Core PCE,3m,4.1458574888623145
1990-10-01,Core PCE,3m,4.51064002349153
1990-11-01,Core PCE,3m,3.2856546583055257
1990-12-01,Core PCE,3m,2.4230893267686238
1991-01-01,Core PCE,3m,3.07545267976308
1991-02-01,Core PCE,3m,3.7145618196954944
1991-03-01,Core PCE,3m,4.004572276645035
1991-04-01,Core PCE,3m,2.773492404075917
1991-05-01,Core PCE,3m,3.2753575596415008
1991-06-01,Core PCE,3m,3.308154623080961
1991-07-01,Core PCE,3m,3.7380392709445154
1991-08-01,Core PCE,3m,3.2290321443433356
1991-09-01,Core PCE,3m,3.985048884862441
1991-10-01,Core PCE,3m,3.6378185688998643
1991-11-01,Core PCE,3m,3.2749306430569503
1991-12-01,Core PCE,3m,2.6457877799479723
1992-01-01,Core PCE,3m,2.8595446221340692
1992-02-01,Core PCE,3m,3.2095157292537646
1992-03-01,Core PCE,3m,3.220894215418757
1992-04-01,Core PCE,3m,3.4503752503581397
1992-05-01,Core PCE,3m,2.908302365679738
1992-06-01,Core PCE,3m,2.206448321635368
1992-07-01,Core PCE,3m,2.408375298072385
1992-08-01,Core PCE,3m,2.2087174236950835
1992-09-01,Core PCE,3m,2.5550998770971667
1992-10-01,Core PCE,3m,2.5832765939192814
1992-11-01,Core PCE,3m,3.10554435340189
1992-12-01,Core PCE,3m,3.201648736330709
1993-01-01,Core PCE,3m,2.8178899499767596
1993-02-01,Core PCE,3m,2.705107455824751
1993-03-01,Core PCE,3m,2.8377141250345295
1993-04-01,Core PCE,3m,2.8356302506585385
1993-05-01,Core PCE,3m,3.442128567068936
1993-06-01,Core PCE,3m,2.935889893986121
1993-07-01,Core PCE,3m,2.5927107261364712
1993-08-01,Core PCE,3m,1.974707294010436
1993-09-01,Core PCE,3m,2.1999466656838385
1993-10-01,Core PCE,3m,2.0238060063313634
1993-11-01,Core PCE,3m,2.3136753758679296
1993-12-01,Core PCE,3m,1.88275711877679
1994-01-01,Core PCE,3m,1.5392574658308567
1994-02-01,Core PCE,3m,1.37188302946063
1994-03-01,Core PCE,3m,2.573497884230691
1994-04-01,Core PCE,3m,2.8642567543033515
1994-05-01,Core PCE,3m,2.888467074544998
1994-06-01,Core PCE,3m,2.4056459301827093
1994-07-01,Core PCE,3m,2.650014637014042
1994-08-01,Core PCE,3m,2.197785788600015
1994-09-01,Core PCE,3m,1.9108166880642763
1994-10-01,Core PCE,3m,2.0145112286783062
1994-11-01,Core PCE,3m,2.3055863429479295
1994-12-01,Core PCE,3m,1.8241922853591497
1995-01-01,Core PCE,3m,1.8793812440685898
1995-02-01,Core PCE,3m,1.7987149732821672
1995-03-01,Core PCE,3m,2.6613953845055605
1995-04-01,Core PCE,3m,2.595161214977715
1995-05-01,Core PCE,3m,2.62061076491662
1995-06-01,Core PCE,3m,1.9750464403421875
1995-07-01,Core PCE,3m,1.6703782802531597
1995-08-01,Core PCE,3m,1.9553044488102023
1995-09-01,Core PCE,3m,2.1358101855734946
1995-10-01,Core PCE,3m,2.4852232774683847
1995-11-01,Core PCE,3m,1.7703950656133616
1995-12-01,Core PCE,3m,1.8089119897308992
1996-01-01,Core PCE,3m,1.2814798968370011
1996-02-01,Core PCE,3m,1.5475387564713783
1996-03-01,Core PCE,3m,1.9170259745524332
1996-04-01,Core PCE,3m,2.0078131090106366
1996-05-01,Core PCE,3m,2.185254826053029
1996-06-01,Core PCE,3m,1.5553079782766321
1996-07-01,Core PCE,3m,1.766645475662787
1996-08-01,Core PCE,3m,1.4124458835549802
1996-09-01,Core PCE,3m,2.3335338297016506
1996-10-01,Core PCE,3m,2.5370837883980313
1996-11-01,Core PCE,3m,2.7198231475689782
1996-12-01,Core PCE,3m,1.6375391791806804
1997-01-01,Core PCE,3m,1.1096222437135816
1997-02-01,Core PCE,3m,1.4093956222013704
1997-03-01,Core PCE,3m,2.2246595324150853
1997-04-01,Core PCE,3m,2.588569019568121
1997-05-01,Core PCE,3m,2.0466635936246202
1997-06-01,Core PCE,3m,1.6785292556243725
1997-07-01,Core PCE,3m,1.1614491954549333
1997-08-01,Core PCE,3m,0.7052573337400281
1997-09-01,Core PCE,3m,0.9453884748695351
1997-10-01,Core PCE,3m,1.2817568657231604
1997-11-01,Core PCE,3m,1.5695207443957138
1997-12-01,Core PCE,3m,0.9655631686235955
1998-01-01,Core PCE,3m,0.9696898805514831
1998-02-01,Core PCE,3m,1.1932343625552067
1998-03-01,Core PCE,3m,1.388587341714298
1998-04-01,Core PCE,3m,1.5152511497961818
1998-05-01,Core PCE,3m,1.558730313315948
1998-06-01,Core PCE,3m,0.6206600849273602
1998-07-01,Core PCE,3m,1.0137370116025668
1998-08-01,Core PCE,3m,1.4133175291179745
1998-09-01,Core PCE,3m,1.856537458068197
1998-10-01,Core PCE,3m,1.50570999741928
1998-11-01,Core PCE,3m,0.7879563816381996
1998-12-01,Core PCE,3m,1.5530256011798471
1999-01-01,Core PCE,3m,1.3393316596739258
1999-02-01,Core PCE,3m,1.1288046018555598
1999-03-01,Core PCE,3m,0.5539963030027462
1999-04-01,Core PCE,3m,1.0150462240768876
1999-05-01,Core PCE,3m,1.5398080867020436
1999-06-01,Core PCE,3m,1.6333712885047147
1999-07-01,Core PCE,3m,1.3204667642675139
1999-08-01,Core PCE,3m,1.132304156548436
1999-09-01,Core PCE,3m,1.990902829286778
1999-10-01,Core PCE,3m,1.9542192893414967
1999-11-01,Core PCE,3m,2.1462810627630446
1999-12-01,Core PCE,3m,1.5857893491463493
2000-01-01,Core PCE,3m,1.867925071263743
2000-02-01,Core PCE,3m,2.074458788467992
2000-03-01,Core PCE,3m,2.3954946753379724
2000-04-01,Core PCE,3m,1.6846980898836295
2000-05-01,Core PCE,3m,1.5244616641204578
2000-06-01,Core PCE,3m,1.0014863562806564
2000-07-01,Core PCE,3m,1.661349406783108
2000-08-01,Core PCE,3m,1.7463305827511988
2000-09-01,Core PCE,3m,2.4242796971200464
2000-10-01,Core PCE,3m,2.0604430425256393
2000-11-01,Core PCE,3m,2.2582487286916697
2000-12-01,Core PCE,3m,1.6698642366723027
2001-01-01,Core PCE,3m,2.6173257836983765
2001-02-01,Core PCE,3m,2.6180726252786224
2001-03-01,Core PCE,3m,2.642487502173174
2001-04-01,Core PCE,3m,1.7743109491533016
2001-05-01,Core PCE,3m,1.1533814654089758
2001-06-01,Core PCE,3m,1.636066161814309
2001-07-01,Core PCE,3m,2.038252234460236
2001-08-01,Core PCE,3m,2.1444687457295775
2001-09-01,Core PCE,3m,-1.0441321234785916
2001-10-01,Core PCE,3m,0.7286374060037293
2001-11-01,Core PCE,3m,1.3496379279666737
2001-12-01,Core PCE,3m,3.783577265135696
2002-01-01,Core PCE,3m,1.1371784853155598
2002-02-01,Core PCE,3m,1.0876001370555777
2002-03-01,Core PCE,3m,1.4763182167270905
2002-04-01,Core PCE,3m,2.3834103584249977
2002-05-01,Core PCE,3m,2.0567570666446766
2002-06-01,Core PCE,3m,2.217662929513642
2002-07-01,Core PCE,3m,1.9120391113482516
2002-08-01,Core PCE,3m,2.261505223014959
2002-09-01,Core PCE,3m,2.278873675688864
2002-10-01,Core PCE,3m,1.7933286706679041
2002-11-01,Core PCE,3m,1.3894150858504872
2002-12-01,Core PCE,3m,1.1075303819655602
2003-01-01,Core PCE,3m,1.0394201006306503
2003-02-01,Core PCE,3m,1.2036437241778941
2003-03-01,Core PCE,3m,1.4763789443211328
2003-04-01,Core PCE,3m,1.6512315343345518
2003-05-01,Core PCE,3m,1.6747860385849966
2003-06-01,Core PCE,3m,1.2495367549612002
2003-07-01,Core PCE,3m,1.814640393252609
2003-08-01,Core PCE,3m,1.6883956662577582
2003-09-01,Core PCE,3m,2.0274814903233462
2003-10-01,Core PCE,3m,1.760217974418632
2003-11-01,Core PCE,3m,1.8557204965565566
2003-12-01,Core PCE,3m,1.7967470737390245
2004-01-01,Core PCE,3m,2.090375499586128
2004-02-01,Core PCE,3m,2.1950402164993665
2004-03-01,Core PCE,3m,2.371463611975444
2004-04-01,Core PCE,3m,2.3857774144421917
2004-05-01,Core PCE,3m,2.284986579813153
2004-06-01,Core PCE,3m,2.2455017656866527
2004-07-01,Core PCE,3m,1.6673841013883584
2004-08-01,Core PCE,3m,1.2670035217117848
2004-09-01,Core PCE,3m,1.3856115538214642
2004-10-01,Core PCE,3m,1.7863291344478505
2004-11-01,Core PCE,3m,2.5075581029780025
2004-12-01,Core PCE,3m,2.2655757001692534
2005-01-01,Core PCE,3m,2.850676798088192
2005-02-01,Core PCE,3m,2.647955223353149
2005-03-01,Core PCE,3m,3.1332222730093395
2005-04-01,Core PCE,3m,2.129798018053264
2005-05-01,Core PCE,3m,2.290809705514052
2005-06-01,Core PCE,3m,1.5702672468217216
2005-07-01,Core PCE,3m,1.6970972952791152
2005-08-01,Core PCE,3m,1.1955816463615987
2005-09-01,Core PCE,3m,1.8109414088154363
2005-10-01,Core PCE,3m,2.3867232707578845
2005-11-01,Core PCE,3m,3.0994781443224095
2005-12-01,Core PCE,3m,2.6167392017526714
2006-01-01,Core PCE,3m,2.3577935202941713
2006-02-01,Core PCE,3m,1.9740725460823727
2006-03-01,Core PCE,3m,2.678401543274367
2006-04-01,Core PCE,3m,3.011350736607654
2006-05-01,Core PCE,3m,3.3801973016443165
2006-06-01,Core PCE,3m,3.2824110058460754
2006-07-01,Core PCE,3m,2.4285710029865015
2006-08-01,Core PCE,3m,2.238280214333588
2006-09-01,Core PCE,3m,1.8515036943737906
2006-10-01,Core PCE,3m,2.191804340588388
2006-11-01,Core PCE,3m,1.5532579844959038
2006-12-01,Core PCE,3m,1.459925338035184
2007-01-01,Core PCE,3m,2.3719185373536567
2007-02-01,Core PCE,3m,3.064108050084391
2007-03-01,Core PCE,3m,2.925044594946047
2007-04-01,Core PCE,3m,1.8525903183450598
2007-05-01,Core PCE,3m,1.4550438270004573
2007-06-01,Core PCE,3m,1.7186895205624442
2007-07-01,Core PCE,3m,1.7493530679404845
2007-08-01,Core PCE,3m,1.87498202099039
2007-09-01,Core PCE,3m,2.3119074707938614
2007-10-01,Core PCE,3m,2.763449794584938
2007-11-01,Core PCE,3m,2.9585541757276568
2007-12-01,Core PCE,3m,2.6619207047143156
2008-01-01,Core PCE,3m,2.4101342841075235
2008-02-01,Core PCE,3m,2.006952731463185
2008-03-01,Core PCE,3m,1.988893255732127
2008-04-01,Core PCE,3m,1.4174597982442139
2008-05-01,Core PCE,3m,1.7596409681022163
2008-06-01,Core PCE,3m,1.8954305352154144
2008-07-01,Core PCE,3m,2.391868766757499
2008-08-01,Core PCE,3m,2.150547409953907
2008-09-01,Core PCE,3m,1.6325070398035102
2008-10-01,Core PCE,3m,0.3325415513863339
2008-11-01,Core PCE,3m,-0.3358404968820228
2008-12-01,Core PCE,3m,-0.936364440103632
2009-01-01,Core PCE,3m,-0.4945852619147484
2009-02-01,Core PCE,3m,0
2009-03-01,Core PCE,3m,0.48319000397127887
2009-04-01,Core PCE,3m,1.5058924904096216
2009-05-01,Core PCE,3m,1.4954892326130231
2009-06-01,Core PCE,3m,1.7243840928059528
2009-07-01,Core PCE,3m,1.170490416481873
2009-08-01,Core PCE,3m,1.4578513425031359
2009-09-01,Core PCE,3m,1.6528293509711078
2009-10-01,Core PCE,3m,2.8051801818840705
2009-11-01,Core PCE,3m,2.5569174438815123
2009-12-01,Core PCE,3m,2.1854509722303517
2010-01-01,Core PCE,3m,1.290407784223735
2010-02-01,Core PCE,3m,1.2892734657000249
2010-03-01,Core PCE,3m,1.5463834183418346
2010-04-01,Core PCE,3m,1.1552713652068336
2010-05-01,Core PCE,3m,1.2490160859039534
2010-06-01,Core PCE,3m,0.8421289080391858
2010-07-01,Core PCE,3m,0.6442283644327862
2010-08-01,Core PCE,3m,0.5852934592158299
2010-09-01,Core PCE,3m,0.6208213972005439
2010-10-01,Core PCE,3m,1.2265126765729883
2010-11-01,Core PCE,3m,1.3646716851834828
2010-12-01,Core PCE,3m,1.2201453419464325
2011-01-01,Core PCE,3m,1.4695536640436435
2011-02-01,Core PCE,3m,1.6516586301828395
2011-03-01,Core PCE,3m,2.1822175813716704
2011-04-01,Core PCE,3m,2.2450097952951165
2011-05-01,Core PCE,3m,2.5018721652439346
2011-06-01,Core PCE,3m,2.331874346981233
2011-07-01,Core PCE,3m,1.9999713779293549
2011-08-01,Core PCE,3m,1.8437482854268827
2011-09-01,Core PCE,3m,1.672837464150434
2011-10-01,Core PCE,3m,1.267394585212922
2011-11-01,Core PCE,3m,1.3178236126596632
2011-12-01,Core PCE,3m,1.7145292931124878
2012-01-01,Core PCE,3m,2.739069131058991
2012-02-01,Core PCE,3m,2.444541759810437
2012-03-01,Core PCE,3m,2.4626118423576537
2012-04-01,Core PCE,3m,1.8602934113928216
2012-05-01,Core PCE,3m,1.7040830455088418
2012-06-01,Core PCE,3m,1.4299846516503623
2012-07-01,Core PCE,3m,1.2359787689457225
2012-08-01,Core PCE,3m,1.082475530296878
2012-09-01,Core PCE,3m,1.163904180330011
2012-10-01,Core PCE,3m,1.728214708130782
2012-11-01,Core PCE,3m,1.9058427928043242
2012-12-01,Core PCE,3m,1.707580327519187
2013-01-01,Core PCE,3m,1.5429419551629575
2013-02-01,Core PCE,3m,1.5499415331051036
2013-03-01,Core PCE,3m,1.6223707103655949
2013-04-01,Core PCE,3m,1.0026487759581704
2013-05-01,Core PCE,3m,1.0359280902475287
2013-06-01,Core PCE,3m,1.3616606708435341
2013-07-01,Core PCE,3m,1.6796813312766057
2013-08-01,Core PCE,3m,1.6432560473525593
2013-09-01,Core PCE,3m,1.4256829031823903
2013-10-01,Core PCE,3m,1.5953955367454586
2013-11-01,Core PCE,3m,1.829620715214264
2013-12-01,Core PCE,3m,1.7802706297260995
2014-01-01,Core PCE,3m,1.533507507813292
2014-02-01,Core PCE,3m,1.0541097396491006
2014-03-01,Core PCE,3m,1.2229103442182643
2014-04-01,Core PCE,3m,1.4765908735611344
2014-05-01,Core PCE,3m,1.9700398278768905
2014-06-01,Core PCE,3m,1.8265526803649346
2014-07-01,Core PCE,3m,1.8361601984345999
2014-08-01,Core PCE,3m,1.3079762174310394
2014-09-01,Core PCE,3m,1.3909472824773728
2014-10-01,Core PCE,3m,1.0389958491751061
2014-11-01,Core PCE,3m,1.2405421698971741
2014-12-01,Core PCE,3m,0.9868311953699749
2015-01-01,Core PCE,3m,0.49208093212549375
2015-02-01,Core PCE,3m,0.5960396775236187
2015-03-01,Core PCE,3m,0.9216192674226242
2015-04-01,Core PCE,3m,1.8165562480430886
2015-05-01,Core PCE,3m,1.8481442306220508
2015-06-01,Core PCE,3m,1.7192779140998038
2015-07-01,Core PCE,3m,1.3727920062291732
2015-08-01,Core PCE,3m,1.20416785636408
2015-09-01,Core PCE,3m,1.3027387481907793
2015-10-01,Core PCE,3m,1.0351559181193126
2015-11-01,Core PCE,3m,1.1423488840660134
2015-12-01,Core PCE,3m,0.8256230981275481
2016-01-01,Core PCE,3m,1.4019709804398595
2016-02-01,Core PCE,3m,1.6706625452086898
2016-03-01,Core PCE,3m,1.9859545491675235
2016-04-01,Core PCE,3m,2.273999006091154
2016-05-01,Core PCE,3m,2.261709739218576
2016-06-01,Core PCE,3m,2.1006172352138197
2016-07-01,Core PCE,3m,1.6902363357631067
2016-08-01,Core PCE,3m,1.716198024585558
2016-09-01,Core PCE,3m,1.8338757428704389
2016-10-01,Core PCE,3m,1.7653664084790632
2016-11-01,Core PCE,3m,1.2295021074721024
2016-12-01,Core PCE,3m,1.1625303499567696
2017-01-01,Core PCE,3m,1.724852190225179
2017-02-01,Core PCE,3m,2.2653449907973577
2017-03-01,Core PCE,3m,1.6199180307451044
2017-04-01,Core PCE,3m,1.3673217364134294
2017-05-01,Core PCE,3m,0.9758189013260754
2017-06-01,Core PCE,3m,1.6906958841715225
2017-07-01,Core PCE,3m,1.156167968433186
2017-08-01,Core PCE,3m,1.2684767123280594
2017-09-01,Core PCE,3m,1.218290685429002
2017-10-01,Core PCE,3m,1.9174446389810251
2017-11-01,Core PCE,3m,1.67647177296264
2017-12-01,Core PCE,3m,1.7795105696760238
2018-01-01,Core PCE,3m,2.0901058711491283
2018-02-01,Core PCE,3m,2.6640963999397638
2018-03-01,Core PCE,3m,2.9562477134718934
2018-04-01,Core PCE,3m,2.3771742933881734
2018-05-01,Core PCE,3m,2.320362020192679
2018-06-01,Core PCE,3m,1.7986535664709313
2018-07-01,Core PCE,3m,1.600031619782416
2018-08-01,Core PCE,3m,0.9307215516898726
2018-09-01,Core PCE,3m,1.3139482118803558
2018-10-01,Core PCE,3m,1.419172433411764
2018-11-01,Core PCE,3m,2.134185668751498
2018-12-01,Core PCE,3m,2.0904529816158313
2019-01-01,Core PCE,3m,1.9839962716293513
2019-02-01,Core PCE,3m,1.5969001303933084
2019-03-01,Core PCE,3m,1.2635478416228363
2019-04-01,Core PCE,3m,1.5447882169246308
2019-05-01,Core PCE,3m,1.5944815787033662
2019-06-01,Core PCE,3m,1.962699921361688
2019-07-01,Core PCE,3m,1.6093904139363069
2019-08-01,Core PCE,3m,1.6586493753997678
2019-09-01,Core PCE,3m,1.2144529909229984
2019-10-01,Core PCE,3m,1.3571878560266537
2019-11-01,Core PCE,3m,1.1416900588430146
2019-12-01,Core PCE,3m,1.740277686593883
2020-01-01,Core PCE,3m,1.8545719297980545
2020-02-01,Core PCE,3m,2.3999669458061534
2020-03-01,Core PCE,3m,1.1939361549531124
2020-04-01,Core PCE,3m,-0.8165714528069912
2020-05-01,Core PCE,3m,-1.1751770489774827
2020-06-01,Core PCE,3m,-0.2558898744194571
2020-07-01,Core PCE,3m,2.4929364671209653
2020-08-01,Core PCE,3m,3.2613036938810014
2020-09-01,Core PCE,3m,3.2718331565959824
2020-10-01,Core PCE,3m,2.1904992735241047
2020-11-01,Core PCE,3m,1.3829785212027046
2020-12-01,Core PCE,3m,1.8570209552591477
2021-01-01,Core PCE,3m,2.9668508586994102
2021-02-01,Core PCE,3m,3.437215027941143
2021-03-01,Core PCE,3m,3.9749645614657325
2021-04-01,Core PCE,3m,4.893443806316067
2021-05-01,Core PCE,3m,6.138259861234352
2021-06-01,Core PCE,3m,6.394771030442659
2021-07-01,Core PCE,3m,5.696168285337877
2021-08-01,Core PCE,3m,4.9362375647969525
2021-09-01,Core PCE,3m,3.8782592029124263
2021-10-01,Core PCE,3m,4.20944563054193
2021-11-01,Core PCE,3m,5.069442641326449
2021-12-01,Core PCE,3m,6.642294793963166
2022-01-01,Core PCE,3m,6.650426608718951
2022-02-01,Core PCE,3m,6.274058469312105
2022-03-01,Core PCE,3m,5.479906672891333
2022-04-01,Core PCE,3m,4.84003701593696
2022-05-01,Core PCE,3m,4.465239694429313
2022-06-01,Core PCE,3m,5.280622972602811
2022-07-01,Core PCE,3m,4.7456258690920405
2022-08-01,Core PCE,3m,5.649610283984252
2022-09-01,Core PCE,3m,5.03029689407124
2022-10-01,Core PCE,3m,5.6139901291345495
2022-11-01,Core PCE,3m,4.455077423997911
2022-12-01,Core PCE,3m,4.0821854236049004
2023-01-01,Core PCE,3m,4.554102064361221
2023-02-01,Core PCE,3m,4.856972625189981
2023-03-01,Core PCE,3m,4.743870969448372
2023-04-01,Core PCE,3m,4.249746652698083
2023-05-01,Core PCE,3m,3.9720494842716336
2023-06-01,Core PCE,3m,3.6841989078399306
2023-07-01,Core PCE,3m,2.7981052480172464
2023-08-01,Core PCE,3m,2.051145880519978
2023-09-01,Core PCE,3m,2.256896690964294
2023-10-01,Core PCE,3m,2.311584910261111
2023-11-01,Core PCE,3m,2.308994216529414
2023-12-01,Core PCE,3m,1.7910453416924321
2024-01-01,Core PCE,3m,3.2865587269849117
2024-02-01,Core PCE,3m,3.920990930210877
2024-03-01,Core PCE,3m,4.783639451926236
2024-04-01,Core PCE,3m,3.635493153326763
2024-05-01,Core PCE,3m,2.8135444280463995
2024-06-01,Core PCE,3m,2.2080535276007174
2024-07-01,Core PCE,3m,2.0000452008759773
2024-08-01,Core PCE,3m,2.4573032897354574
2024-09-01,Core PCE,3m,2.5975346545557665
2024-10-01,Core PCE,3m,3.031148399825523
2024-11-01,Core PCE,3m,2.7370278100660395
2024-12-01,Core PCE,3m,2.3860813805907544
2025-01-01,Core PCE,3m,2.461182657318073
2025-02-01,Core PCE,3m,3.8722914735075387
2025-03-01,Core PCE,3m,3.494262018327654
2025-04-01,Core PCE,3m,2.970227867869557
2025-05-01,Core PCE,3m,2.0776017306562977
2025-06-01,Core PCE,3m,2.754988616051346
2025-07-01,Core PCE,3m,2.9906892470471735
2025-08-01,Core PCE,3m,2.970763706349566
2025-09-01,Core PCE,3m,2.6681965924572726
2025-10-01,Core PCE,3m,2.5970911602639424
2025-11-01,Core PCE,3m,2.4047054562263304
2025-12-01,Core PCE,3m,2.968991531248588
2026-01-01,Core PCE,3m,3.864815580095904
2026-02-01,Core PCE,3m,4.764767474975717
2026-03-01,Core PCE,3m,4.6356566605478156
2026-04-01,Core PCE,3m,3.8726829650884698
2026-05-01,Core PCE,3m,3.729689604525288
2026-06-01,Core PCE,3m,3.112778846693276
2026-07-01,Core PCE,3m,3.0477755322693367
1960-01-01,Core PCE,12m,2.0708341397329244
1960-02-01,Core PCE,12m,2.185263972152396
1960-03-01,Core PCE,12m,2.0732728092202724
1960-04-01,Core PCE,12m,2.0038535645471978
1960-05-01,Core PCE,12m,2.046314709089736
1960-06-01,Core PCE,12m,1.803645666773268
1960-07-01,Core PCE,12m,1.7419601837672216
1960-08-01,Core PCE,12m,1.7264445435433595
1960-09-01,Core PCE,12m,1.54403354937096
1960-10-01,Core PCE,12m,1.4272121788772685
1960-11-01,Core PCE,12m,1.513232873243009
1960-12-01,Core PCE,12m,1.3276014666835145
1961-01-01,Core PCE,12m,1.3272658323852937
1961-02-01,Core PCE,12m,1.2364370426444449
1961-03-01,Core PCE,12m,1.2615908660821296
1961-04-01,Core PCE,12m,1.2152121899005053
1961-05-01,Core PCE,12m,1.1817953231078704
1961-06-01,Core PCE,12m,1.2753659609222812
1961-07-01,Core PCE,12m,1.254311696456556
1961-08-01,Core PCE,12m,1.214929859719427
1961-09-01,Core PCE,12m,1.3328327388774097
1961-10-01,Core PCE,12m,1.3070669168230298
1961-11-01,Core PCE,12m,1.0540759683153489
1961-12-01,Core PCE,12m,1.1729473421512537
1962-01-01,Core PCE,12m,1.2662175648702645
1962-02-01,Core PCE,12m,1.3334995014955275
1962-03-01,Core PCE,12m,1.5386532112377838
1962-04-01,Core PCE,12m,1.4183514774494643
1962-05-01,Core PCE,12m,1.4289264413518854
1962-06-01,Core PCE,12m,1.464019851116638
1962-07-01,Core PCE,12m,1.3936203158872784
1962-08-01,Core PCE,12m,1.2993441405766637
1962-09-01,Core PCE,12m,1.2967765839199785
1962-10-01,Core PCE,12m,1.2593369961108491
1962-11-01,Core PCE,12m,1.3146525120355301
1962-12-01,Core PCE,12m,1.2580167735569914
1963-01-01,Core PCE,12m,1.33045888512473
1963-02-01,Core PCE,12m,1.2790554667322596
1963-03-01,Core PCE,12m,1.104294478527601
1963-04-01,Core PCE,12m,1.208366558302143
1963-05-01,Core PCE,12m,1.2495406100698325
1963-06-01,Core PCE,12m,1.2350207874785912
1963-07-01,Core PCE,12m,1.240073304825895
1963-08-01,Core PCE,12m,1.3193256779868046
1963-09-01,Core PCE,12m,1.3045598634479294
1963-10-01,Core PCE,12m,1.5363043345729688
1963-11-01,Core PCE,12m,1.5534572037770422
1963-12-01,Core PCE,12m,1.668696711327633
1964-01-01,Core PCE,12m,1.6169229834052556
1964-02-01,Core PCE,12m,1.69398907103826
1964-03-01,Core PCE,12m,1.7293689320388328
1964-04-01,Core PCE,12m,1.696969696969708
1964-05-01,Core PCE,12m,1.5970961887477264
1964-06-01,Core PCE,12m,1.4977654306075783
1964-07-01,Core PCE,12m,1.5084776443613057
1964-08-01,Core PCE,12m,1.5493127562092868
1964-09-01,Core PCE,12m,1.4081116861234921
1964-10-01,Core PCE,12m,1.2248574001801238
1964-11-01,Core PCE,12m,1.2777444511097524
1964-12-01,Core PCE,12m,1.2759075116808516
1965-01-01,Core PCE,12m,1.2741520607764567
1965-02-01,Core PCE,12m,1.2000716460684346
1965-03-01,Core PCE,12m,1.1631374888159796
1965-04-01,Core PCE,12m,1.1918951132300348
1965-05-01,Core PCE,12m,1.292128141002724
1965-06-01,Core PCE,12m,1.1960014280613995
1965-07-01,Core PCE,12m,1.1947928431314203
1965-08-01,Core PCE,12m,1.252597209854578
1965-09-01,Core PCE,12m,1.329219083788269
1965-10-01,Core PCE,12m,1.2515570318524238
1965-11-01,Core PCE,12m,1.2971628265118884
1965-12-01,Core PCE,12m,1.4609333412196168
1966-01-01,Core PCE,12m,1.3526284701712799
1966-02-01,Core PCE,12m,1.48082595870207
1966-03-01,Core PCE,12m,1.550707547169794
1966-04-01,Core PCE,12m,1.7962308598350907
1966-05-01,Core PCE,12m,1.8811357357004344
1966-06-01,Core PCE,12m,2.2343740812606594
1966-07-01,Core PCE,12m,2.4318609022556226
1966-08-01,Core PCE,12m,2.4272983114446367
1966-09-01,Core PCE,12m,2.6235652377605945
1966-10-01,Core PCE,12m,2.993555946104265
1966-11-01,Core PCE,12m,3.0581218570927327
1966-12-01,Core PCE,12m,3.0605106680657412
1967-01-01,Core PCE,12m,3.1237251588087878
1967-02-01,Core PCE,12m,3.0579617464100872
1967-03-01,Core PCE,12m,3.0830865702839327
1967-04-01,Core PCE,12m,2.9968180503326725
1967-05-01,Core PCE,12m,2.9484738330159743
1967-06-01,Core PCE,12m,2.8757117386553066
1967-07-01,Core PCE,12m,2.924647321940599
1967-08-01,Core PCE,12m,3.0509444762449878
1967-09-01,Core PCE,12m,3.098607623830163
1967-10-01,Core PCE,12m,3.145441101188795
1967-11-01,Core PCE,12m,3.217021276595755
1967-12-01,Core PCE,12m,3.15628712031224
1968-01-01,Core PCE,12m,3.520768578694544
1968-02-01,Core PCE,12m,3.7795453263383516
1968-03-01,Core PCE,12m,4.032893995719267
1968-04-01,Core PCE,12m,4.12851766556197
1968-05-01,Core PCE,12m,4.29324066808654
1968-06-01,Core PCE,12m,4.438978028735963
1968-07-01,Core PCE,12m,4.429462892801417
1968-08-01,Core PCE,12m,4.515914014330935
1968-09-01,Core PCE,12m,4.566336414457295
1968-10-01,Core PCE,12m,4.604610124627784
1968-11-01,Core PCE,12m,4.66688654353562
1968-12-01,Core PCE,12m,4.721171245270606
1969-01-01,Core PCE,12m,4.651162790697683
1969-02-01,Core PCE,12m,4.56052617274556
1969-03-01,Core PCE,12m,4.634542501353556
1969-04-01,Core PCE,12m,4.649908296472094
1969-05-01,Core PCE,12m,4.675408426483241
1969-06-01,Core PCE,12m,4.625020073871844
1969-07-01,Core PCE,12m,4.7644453929467145
1969-08-01,Core PCE,12m,4.6502976190476275
1969-09-01,Core PCE,12m,4.64746982849884
1969-10-01,Core PCE,12m,4.670778638831763
1969-11-01,Core PCE,12m,4.674124258179724
1969-12-01,Core PCE,12m,4.749188396690762
1970-01-01,Core PCE,12m,4.700052164840907
1970-02-01,Core PCE,12m,4.741110417966299
1970-03-01,Core PCE,12m,4.641415709407015
1970-04-01,Core PCE,12m,4.6546391752577465
1970-05-01,Core PCE,12m,4.6051956052982845
1970-06-01,Core PCE,12m,4.620107444359167
1970-07-01,Core PCE,12m,4.532491342432277
1970-08-01,Core PCE,12m,4.601086790919728
1970-09-01,Core PCE,12m,4.618108244815389
1970-10-01,Core PCE,12m,4.683958700579205
1970-11-01,Core PCE,12m,4.821634639506289
1970-12-01,Core PCE,12m,4.9587603099225275
1971-01-01,Core PCE,12m,5.027153604703294
1971-02-01,Core PCE,12m,5.022831050228316
1971-03-01,Core PCE,12m,4.969589081738635
1971-04-01,Core PCE,12m,4.945082007585078
1971-05-01,Core PCE,12m,5.03067484662576
1971-06-01,Core PCE,12m,5.071400625978084
1971-07-01,Core PCE,12m,5.071616486407482
1971-08-01,Core PCE,12m,4.855075981939128
1971-09-01,Core PCE,12m,4.593144128027848
1971-10-01,Core PCE,12m,4.24344479191725
1971-11-01,Core PCE,12m,3.944093432892992
1971-12-01,Core PCE,12m,3.7481544982616466
1972-01-01,Core PCE,12m,3.7808349146110087
1972-02-01,Core PCE,12m,3.667296786389418
1972-03-01,Core PCE,12m,3.537780290182768
1972-04-01,Core PCE,12m,3.3932510442577613
1972-05-01,Core PCE,12m,3.182242990654216
1972-06-01,Core PCE,12m,2.9834768443099957
1972-07-01,Core PCE,12m,2.884035795428197
1972-08-01,Core PCE,12m,2.9587442700375055
1972-09-01,Core PCE,12m,3.12947811214348
1972-10-01,Core PCE,12m,3.0276457285272507
1972-11-01,Core PCE,12m,3.0668631423834913
1972-12-01,Core PCE,12m,3.0526992287917887
1973-01-01,Core PCE,12m,2.6786122411665225
1973-02-01,Core PCE,12m,2.7261123267687815
1973-03-01,Core PCE,12m,2.9391692069703046
1973-04-01,Core PCE,12m,3.295506128007264
1973-05-01,Core PCE,12m,3.455459444771525
1973-06-01,Core PCE,12m,3.6924884750971776
1973-07-01,Core PCE,12m,3.839740411915815
1973-08-01,Core PCE,12m,4.101457096600103
1973-09-01,Core PCE,12m,4.280591662931421
1973-10-01,Core PCE,12m,4.623034538368498
1973-11-01,Core PCE,12m,4.852113305334638
1973-12-01,Core PCE,12m,5.118268074301735
1974-01-01,Core PCE,12m,5.569158171214883
1974-02-01,Core PCE,12m,5.906629981361489
1974-03-01,Core PCE,12m,6.302762430939213
1974-04-01,Core PCE,12m,6.481806995957107
1974-05-01,Core PCE,12m,7.091577657152848
1974-06-01,Core PCE,12m,7.723488645774301
1974-07-01,Core PCE,12m,8.215789245258453
1974-08-01,Core PCE,12m,8.752376015206487
1974-09-01,Core PCE,12m,9.176875134321927
1974-10-01,Core PCE,12m,9.608220937700708
1974-11-01,Core PCE,12m,9.877279700017061
1974-12-01,Core PCE,12m,10.04322400203408
1975-01-01,Core PCE,12m,10.14168845407777
1975-02-01,Core PCE,12m,10.219987429289755
1975-03-01,Core PCE,12m,9.93721674774437
1975-04-01,Core PCE,12m,9.652923940406911
1975-05-01,Core PCE,12m,9.070470896010473
1975-06-01,Core PCE,12m,8.48877200080922
1975-07-01,Core PCE,12m,8.197641774284104
1975-08-01,Core PCE,12m,7.535552554222624
1975-09-01,Core PCE,12m,7.15748031496064
1975-10-01,Core PCE,12m,6.855736552209057
1975-11-01,Core PCE,12m,6.782750329636222
1975-12-01,Core PCE,12m,6.677449168207028
1976-01-01,Core PCE,12m,6.60438761055171
1976-02-01,Core PCE,12m,6.276611922141129
1976-03-01,Core PCE,12m,6.073900381982544
1976-04-01,Core PCE,12m,5.972901768912298
1976-05-01,Core PCE,12m,6.022561181276465
1976-06-01,Core PCE,12m,5.937418416439799
1976-07-01,Core PCE,12m,5.867744087775217
1976-08-01,Core PCE,12m,6.11355324886409
1976-09-01,Core PCE,12m,6.157689764126673
1976-10-01,Core PCE,12m,6.149009285662066
1976-11-01,Core PCE,12m,5.9306337388777886
1976-12-01,Core PCE,12m,5.862392607031985
1977-01-01,Core PCE,12m,5.965378537566424
1977-02-01,Core PCE,12m,6.1920944374888265
1977-03-01,Core PCE,12m,6.29300816486611
1977-04-01,Core PCE,12m,6.399829527293388
1977-05-01,Core PCE,12m,6.440438317426644
1977-06-01,Core PCE,12m,6.643196620313319
1977-07-01,Core PCE,12m,6.715451139665984
1977-08-01,Core PCE,12m,6.6246605862285035
1977-09-01,Core PCE,12m,6.4511663321104695
1977-10-01,Core PCE,12m,6.443725030995995
1977-11-01,Core PCE,12m,6.510559517279213
1977-12-01,Core PCE,12m,6.48230239378027
1978-01-01,Core PCE,12m,6.470089815285562
1978-02-01,Core PCE,12m,6.228525230748505
1978-03-01,Core PCE,12m,6.353146384006436
1978-04-01,Core PCE,12m,6.515571280750354
1978-05-01,Core PCE,12m,6.5986981934112565
1978-06-01,Core PCE,12m,6.556186451868462
1978-07-01,Core PCE,12m,6.5258046523836155
1978-08-01,Core PCE,12m,6.572202814326289
1978-09-01,Core PCE,12m,6.736458807464718
1978-10-01,Core PCE,12m,7.001650111625191
1978-11-01,Core PCE,12m,7.023529790452909
1978-12-01,Core PCE,12m,6.888269766548172
1979-01-01,Core PCE,12m,6.796332845228226
1979-02-01,Core PCE,12m,6.735373394640876
1979-03-01,Core PCE,12m,6.7684349965306145
1979-04-01,Core PCE,12m,7.063395067531575
1979-05-01,Core PCE,12m,7.361600049845807
1979-06-01,Core PCE,12m,7.364148955945238
1979-07-01,Core PCE,12m,7.271775286435855
1979-08-01,Core PCE,12m,7.4076343361313635
1979-09-01,Core PCE,12m,7.520560462991166
1979-10-01,Core PCE,12m,7.517160049590288
1979-11-01,Core PCE,12m,7.624289452314348
1979-12-01,Core PCE,12m,7.978309065851752
1980-01-01,Core PCE,12m,8.244657068765093
1980-02-01,Core PCE,12m,8.966398288719212
1980-03-01,Core PCE,12m,9.349521446295661
1980-04-01,Core PCE,12m,8.903848968242368
1980-05-01,Core PCE,12m,8.835819163136183
1980-06-01,Core PCE,12m,8.948203722406568
1980-07-01,Core PCE,12m,9.16477647937064
1980-08-01,Core PCE,12m,9.22989161437535
1980-09-01,Core PCE,12m,9.513017365931042
1980-10-01,Core PCE,12m,9.612734482661644
1980-11-01,Core PCE,12m,9.775318578135472
1980-12-01,Core PCE,12m,9.647346078077756
1981-01-01,Core PCE,12m,9.76456009913258
1981-02-01,Core PCE,12m,9.474602611991179
1981-03-01,Core PCE,12m,9.071507685657942
1981-04-01,Core PCE,12m,9.207944741580887
1981-05-01,Core PCE,12m,9.080971551976958
1981-06-01,Core PCE,12m,8.901896387329167
1981-07-01,Core PCE,12m,8.795139528155493
1981-08-01,Core PCE,12m,8.737204930018816
1981-09-01,Core PCE,12m,8.427969061230822
1981-10-01,Core PCE,12m,8.184733803720334
1981-11-01,Core PCE,12m,7.965480372689804
1981-12-01,Core PCE,12m,7.718001923174245
1982-01-01,Core PCE,12m,7.445874413587217
1982-02-01,Core PCE,12m,7.078103207810327
1982-03-01,Core PCE,12m,6.952321981424148
1982-04-01,Core PCE,12m,6.694066399232157
1982-05-01,Core PCE,12m,6.540708332314926
1982-06-01,Core PCE,12m,6.544738186151711
1982-07-01,Core PCE,12m,6.592529916596157
1982-08-01,Core PCE,12m,6.370971615196197
1982-09-01,Core PCE,12m,6.069426219730412
1982-10-01,Core PCE,12m,6.109332384679234
1982-11-01,Core PCE,12m,5.8829077362005044
1982-12-01,Core PCE,12m,5.8283217440330715
1983-01-01,Core PCE,12m,5.902542669686417
1983-02-01,Core PCE,12m,5.886867935060702
1983-03-01,Core PCE,12m,5.5601871150016136
1983-04-01,Core PCE,12m,5.462136415011631
1983-05-01,Core PCE,12m,5.042556608318605
1983-06-01,Core PCE,12m,5.005934989043093
1983-07-01,Core PCE,12m,5.032658985757066
1983-08-01,Core PCE,12m,5.090868043797259
1983-09-01,Core PCE,12m,5.126071211678163
1983-10-01,Core PCE,12m,4.648979683064747
1983-11-01,Core PCE,12m,4.50719280274352
1983-12-01,Core PCE,12m,4.253146573730837
1984-01-01,Core PCE,12m,3.8891461075468037
1984-02-01,Core PCE,12m,4.158154859967045
1984-03-01,Core PCE,12m,4.420507645394123
1984-04-01,Core PCE,12m,4.595262570809933
1984-05-01,Core PCE,12m,4.686919868084827
1984-06-01,Core PCE,12m,4.4455555314014905
1984-07-01,Core PCE,12m,4.193388179914059
1984-08-01,Core PCE,12m,4.0000000000000036
1984-09-01,Core PCE,12m,3.739997432496045
1984-10-01,Core PCE,12m,3.788898143995212
1984-11-01,Core PCE,12m,3.7673130193905724
1984-12-01,Core PCE,12m,4.100926221654411
1985-01-01,Core PCE,12m,4.337768723074631
1985-02-01,Core PCE,12m,4.222025391201667
1985-03-01,Core PCE,12m,4.1913525778394245
1985-04-01,Core PCE,12m,3.826690644473252
1985-05-01,Core PCE,12m,3.943003776104148
1985-06-01,Core PCE,12m,4.041959788535987
1985-07-01,Core PCE,12m,3.8982032205251427
1985-08-01,Core PCE,12m,4.065107824506331
1985-09-01,Core PCE,12m,4.12077713154313
1985-10-01,Core PCE,12m,4.0539150118324985
1985-11-01,Core PCE,12m,4.088463591933955
1985-12-01,Core PCE,12m,3.959829007383764
1986-01-01,Core PCE,12m,3.9377606020543077
1986-02-01,Core PCE,12m,3.668555240793192
1986-03-01,Core PCE,12m,3.6214788377392004
1986-04-01,Core PCE,12m,3.6856521388866526
1986-05-01,Core PCE,12m,3.506412700961392
1986-06-01,Core PCE,12m,3.4748339601504474
1986-07-01,Core PCE,12m,3.360992539992824
1986-08-01,Core PCE,12m,3.0666931321952973
1986-09-01,Core PCE,12m,3.1930908802788815
1986-10-01,Core PCE,12m,3.3778305151785037
1986-11-01,Core PCE,12m,3.3439207717650854
1986-12-01,Core PCE,12m,3.197119641135626
1987-01-01,Core PCE,12m,2.8903543961957823
1987-02-01,Core PCE,12m,2.8341108270060422
1987-03-01,Core PCE,12m,2.825507404308314
1987-04-01,Core PCE,12m,3.074861116506744
1987-05-01,Core PCE,12m,3.187899941826644
1987-06-01,Core PCE,12m,3.1609473175447045
1987-07-01,Core PCE,12m,3.2401242787394535
1987-08-01,Core PCE,12m,3.3779489648531724
1987-09-01,Core PCE,12m,3.447481572481581
1987-10-01,Core PCE,12m,3.5371989363533585
1987-11-01,Core PCE,12m,3.5335216860109986
1987-12-01,Core PCE,12m,3.616639975596736
1988-01-01,Core PCE,12m,3.8571265548328126
1988-02-01,Core PCE,12m,3.8587833349150724
1988-03-01,Core PCE,12m,3.9950038795632192
1988-04-01,Core PCE,12m,4.059172712710835
1988-05-01,Core PCE,12m,4.121095952193032
1988-06-01,Core PCE,12m,4.2747376311844
1988-07-01,Core PCE,12m,4.430072152229991
1988-08-01,Core PCE,12m,4.336891521824171
1988-09-01,Core PCE,12m,4.48118459140503
1988-10-01,Core PCE,12m,4.432578249140828
1988-11-01,Core PCE,12m,4.500783626809257
1988-12-01,Core PCE,12m,4.627500045999011
1989-01-01,Core PCE,12m,4.662491301322191
1989-02-01,Core PCE,12m,4.713257063489151
1989-03-01,Core PCE,12m,4.578541272383174
1989-04-01,Core PCE,12m,4.4223908437313275
1989-05-01,Core PCE,12m,4.37850813074161
1989-06-01,Core PCE,12m,4.21631530705775
1989-07-01,Core PCE,12m,4.05956898403379
1989-08-01,Core PCE,12m,3.9459353295123734
1989-09-01,Core PCE,12m,3.7508657893334574
1989-10-01,Core PCE,12m,3.733125740875076
1989-11-01,Core PCE,12m,3.7246806408356203
1989-12-01,Core PCE,12m,3.675436128306142
1990-01-01,Core PCE,12m,3.5501819708846583
1990-02-01,Core PCE,12m,3.789029094018903
1990-03-01,Core PCE,12m,3.97786594278553
1990-04-01,Core PCE,12m,3.9385373129151358
1990-05-01,Core PCE,12m,3.945844068265525
1990-06-01,Core PCE,12m,4.073326780140363
1990-07-01,Core PCE,12m,4.068047337278102
1990-08-01,Core PCE,12m,4.356115911159963
1990-09-01,Core PCE,12m,4.358171142950074
1990-10-01,Core PCE,12m,4.333884804966659
1990-11-01,Core PCE,12m,4.182897579396805
1990-12-01,Core PCE,12m,4.031957119109819
1991-01-01,Core PCE,12m,4.14998056808773
1991-02-01,Core PCE,12m,3.9332077756104145
1991-03-01,Core PCE,12m,3.6516383840412336
1991-04-01,Core PCE,12m,3.550690782887278
1991-05-01,Core PCE,12m,3.6463445063628086
1991-06-01,Core PCE,12m,3.468160201494652
1991-07-01,Core PCE,12m,3.522255830482135
1991-08-01,Core PCE,12m,3.37596497292314
1991-09-01,Core PCE,12m,3.4281965061920605
1991-10-01,Core PCE,12m,3.3054338586281373
1991-11-01,Core PCE,12m,3.3732815204258193
1991-12-01,Core PCE,12m,3.484371688053356
1992-01-01,Core PCE,12m,3.2512938656975576
1992-02-01,Core PCE,12m,3.247205009141352
1992-03-01,Core PCE,12m,3.2888788426763016
1992-04-01,Core PCE,12m,3.420883016435705
1992-05-01,Core PCE,12m,3.1553437013497554
1992-06-01,Core PCE,12m,3.012395503026788
1992-07-01,Core PCE,12m,3.0878784008174787
1992-08-01,Core PCE,12m,2.8994968473345706
1992-09-01,Core PCE,12m,2.65641106970107
1992-10-01,Core PCE,12m,2.8246352501819727
1992-11-01,Core PCE,12m,2.857278241091743
1992-12-01,Core PCE,12m,2.7951093464422927
1993-01-01,Core PCE,12m,2.814223535142446
1993-02-01,Core PCE,12m,2.7313755602218937
1993-03-01,Core PCE,12m,2.699576383786906
1993-04-01,Core PCE,12m,2.6611408005235093
1993-05-01,Core PCE,12m,2.864344281424569
1993-06-01,Core PCE,12m,2.8823282496152514
1993-07-01,Core PCE,12m,2.707307251494573
1993-08-01,Core PCE,12m,2.8054158607350166
1993-09-01,Core PCE,12m,2.793140738452027
1993-10-01,Core PCE,12m,2.5669831791809816
1993-11-01,Core PCE,12m,2.6074538167411454
1993-12-01,Core PCE,12m,2.463137242880342
1994-01-01,Core PCE,12m,2.246607164690051
1994-02-01,Core PCE,12m,2.2728312765989855
1994-03-01,Core PCE,12m,2.397260273972601
1994-04-01,Core PCE,12m,2.2537220561229976
1994-05-01,Core PCE,12m,2.1357049944035866
1994-06-01,Core PCE,12m,2.265137434456066
1994-07-01,Core PCE,12m,2.2679977078746694
1994-08-01,Core PCE,12m,2.1915169029772086
1994-09-01,Core PCE,12m,2.192731972707329
1994-10-01,Core PCE,12m,2.2656683721697712
1994-11-01,Core PCE,12m,2.189496999356466
1994-12-01,Core PCE,12m,2.1780430522520877
1995-01-01,Core PCE,12m,2.3512002630713402
1995-02-01,Core PCE,12m,2.296896207138288
1995-03-01,Core PCE,12m,2.199925678186543
1995-04-01,Core PCE,12m,2.2841961529328048
1995-05-01,Core PCE,12m,2.2302520510618207
1995-06-01,Core PCE,12m,2.0923222412672082
1995-07-01,Core PCE,12m,2.0392816066530983
1995-08-01,Core PCE,12m,2.169558429316276
1995-09-01,Core PCE,12m,2.1486242040090087
1995-10-01,Core PCE,12m,2.156785069765399
1995-11-01,Core PCE,12m,2.0356755806801186
1995-12-01,Core PCE,12m,2.144791742917773
1996-01-01,Core PCE,12m,2.006571741511509
1996-02-01,Core PCE,12m,1.9726770379226322
1996-03-01,Core PCE,12m,1.959130245073104
1996-04-01,Core PCE,12m,1.8602626423855462
1996-05-01,Core PCE,12m,1.8643527639355728
1996-06-01,Core PCE,12m,1.8540496728999045
1996-07-01,Core PCE,12m,1.884365832863688
1996-08-01,Core PCE,12m,1.728487609381979
1996-09-01,Core PCE,12m,1.9033084741858497
1996-10-01,Core PCE,12m,1.8972525026211162
1996-11-01,Core PCE,12m,1.964921345734294
1996-12-01,Core PCE,12m,1.8603984520567662
1997-01-01,Core PCE,12m,1.8539993414365297
1997-02-01,Core PCE,12m,1.9302259079210904
1997-03-01,Core PCE,12m,1.937177255998379
1997-04-01,Core PCE,12m,1.9986609114349463
1997-05-01,Core PCE,12m,1.8956469801902687
1997-06-01,Core PCE,12m,1.968084350532151
1997-07-01,Core PCE,12m,1.8466775405999725
1997-08-01,Core PCE,12m,1.7175410254230083
1997-09-01,Core PCE,12m,1.6205142695676855
1997-10-01,Core PCE,12m,1.5335175057788808
1997-11-01,Core PCE,12m,1.431567686265689
1997-12-01,Core PCE,12m,1.4521303540271147
1998-01-01,Core PCE,12m,1.4983695041043354
1998-02-01,Core PCE,12m,1.3774722962547337
1998-03-01,Core PCE,12m,1.24405261684859
1998-04-01,Core PCE,12m,1.2318435754190116
1998-05-01,Core PCE,12m,1.256071009881099
1998-06-01,Core PCE,12m,0.9796817079628761
1998-07-01,Core PCE,12m,1.1948695809600896
1998-08-01,Core PCE,12m,1.4335868929198359
1998-09-01,Core PCE,12m,1.2067790954717994
1998-10-01,Core PCE,12m,1.2507635071353107
1998-11-01,Core PCE,12m,1.2378916983540877
1998-12-01,Core PCE,12m,1.3536754507628368
1999-01-01,Core PCE,12m,1.3433042514887417
1999-02-01,Core PCE,12m,1.2217733008633935
1999-03-01,Core PCE,12m,1.1444525840025532
1999-04-01,Core PCE,12m,1.2182334924532912
1999-05-01,Core PCE,12m,1.2170581100451994
1999-06-01,Core PCE,12m,1.397993403348008
1999-07-01,Core PCE,12m,1.2949838299043392
1999-08-01,Core PCE,12m,1.1468677462331822
1999-09-01,Core PCE,12m,1.4314169929253495
1999-10-01,Core PCE,12m,1.40669344776998
1999-11-01,Core PCE,12m,1.4859492803289909
1999-12-01,Core PCE,12m,1.4395971317532563
2000-01-01,Core PCE,12m,1.538671768242672
2000-02-01,Core PCE,12m,1.7223703096165721
2000-03-01,Core PCE,12m,1.9008704920945085
2000-04-01,Core PCE,12m,1.70653581408029
2000-05-01,Core PCE,12m,1.7185265881391798
2000-06-01,Core PCE,12m,1.742112856248479
2000-07-01,Core PCE,12m,1.7919734804227927
2000-08-01,Core PCE,12m,1.8725727166562622
2000-09-01,Core PCE,12m,1.850020992185497
2000-10-01,Core PCE,12m,1.8184768059705814
2000-11-01,Core PCE,12m,1.9004781586838382
2000-12-01,Core PCE,12m,1.8710878480466153
2001-01-01,Core PCE,12m,2.0052216510106913
2001-02-01,Core PCE,12m,2.035879862930856
2001-03-01,Core PCE,12m,1.932464327861827
2001-04-01,Core PCE,12m,2.0276880603615766
2001-05-01,Core PCE,12m,1.94251442494342
2001-06-01,Core PCE,12m,2.092195735345248
2001-07-01,Core PCE,12m,2.1221221221221276
2001-08-01,Core PCE,12m,2.0420948801002314
2001-09-01,Core PCE,12m,1.2167067803146026
2001-10-01,Core PCE,12m,1.7873267116375269
2001-11-01,Core PCE,12m,1.8146631142217151
2001-12-01,Core PCE,12m,1.738727405151308
2002-01-01,Core PCE,12m,1.4182806480552923
2002-02-01,Core PCE,12m,1.4328987225075585
2002-03-01,Core PCE,12m,1.4485126761304645
2002-04-01,Core PCE,12m,1.5696834362275203
2002-05-01,Core PCE,12m,1.6586121762882877
2002-06-01,Core PCE,12m,1.5933331586257538
2002-07-01,Core PCE,12m,1.5382604718028992
2002-08-01,Core PCE,12m,1.6877196190874244
2002-09-01,Core PCE,12m,2.43569195196931
2002-10-01,Core PCE,12m,1.8055156938972639
2002-11-01,Core PCE,12m,1.6976956125504428
2002-12-01,Core PCE,12m,1.7688863435205926
2003-01-01,Core PCE,12m,1.7809056731407091
2003-02-01,Core PCE,12m,1.7268690436001988
2003-03-01,Core PCE,12m,1.768901569186876
2003-04-01,Core PCE,12m,1.598448108632411
2003-05-01,Core PCE,12m,1.63155107155315
2003-06-01,Core PCE,12m,1.5270719942218847
2003-07-01,Core PCE,12m,1.5741646501570505
2003-08-01,Core PCE,12m,1.4888560601194811
2003-09-01,Core PCE,12m,1.4646283281178007
2003-10-01,Core PCE,12m,1.565903790461065
2003-11-01,Core PCE,12m,1.6053460327213998
2003-12-01,Core PCE,12m,1.6371007968076556
2004-01-01,Core PCE,12m,1.828987730061371
2004-02-01,Core PCE,12m,1.8532700260376789
2004-03-01,Core PCE,12m,1.8604888243239692
2004-04-01,Core PCE,12m,2.012448925039134
2004-05-01,Core PCE,12m,2.0057452271398324
2004-06-01,Core PCE,12m,2.110063771945425
2004-07-01,Core PCE,12m,1.9755433060888228
2004-08-01,Core PCE,12m,1.899903802339109
2004-09-01,Core PCE,12m,1.9490861288773198
2004-10-01,Core PCE,12m,1.9820842795861715
2004-11-01,Core PCE,12m,2.0625440983771837
2004-12-01,Core PCE,12m,2.0662665005599656
2005-01-01,Core PCE,12m,2.1714300058992553
2005-02-01,Core PCE,12m,2.1754385964912304
2005-03-01,Core PCE,12m,2.255610878975145
2005-04-01,Core PCE,12m,2.107509171221089
2005-05-01,Core PCE,12m,2.176892787718687
2005-06-01,Core PCE,12m,2.086365841824356
2005-07-01,Core PCE,12m,2.1149688098019315
2005-08-01,Core PCE,12m,2.158872119744104
2005-09-01,Core PCE,12m,2.193265225153729
2005-10-01,Core PCE,12m,2.2652200269698497
2005-11-01,Core PCE,12m,2.306030491944955
2005-12-01,Core PCE,12m,2.280881283211489
2006-01-01,Core PCE,12m,2.1424798221152175
2006-02-01,Core PCE,12m,2.1377060439560447
2006-03-01,Core PCE,12m,2.167928844953937
2006-04-01,Core PCE,12m,2.362185479830381
2006-05-01,Core PCE,12m,2.4085659581214447
2006-06-01,Core PCE,12m,2.595788242176078
2006-07-01,Core PCE,12m,2.545755451713405
2006-08-01,Core PCE,12m,2.671351969164548
2006-09-01,Core PCE,12m,2.6060054595086424
2006-10-01,Core PCE,12m,2.4969151484357965
2006-11-01,Core PCE,12m,2.284218020344375
2006-12-01,Core PCE,12m,2.31560168275895
2007-01-01,Core PCE,12m,2.500451019303629
2007-02-01,Core PCE,12m,2.556466816364278
2007-03-01,Core PCE,12m,2.376989306541799
2007-04-01,Core PCE,12m,2.210973687980511
2007-05-01,Core PCE,12m,2.075642460761662
2007-06-01,Core PCE,12m,1.9872662913073214
2007-07-01,Core PCE,12m,2.0411069445103625
2007-08-01,Core PCE,12m,1.984841307437235
2007-09-01,Core PCE,12m,2.1023258013787016
2007-10-01,Core PCE,12m,2.183509194344113
2007-11-01,Core PCE,12m,2.33584220088241
2007-12-01,Core PCE,12m,2.4033930254476976
2008-01-01,Core PCE,12m,2.1930442128977656
2008-02-01,Core PCE,12m,2.072405395279131
2008-03-01,Core PCE,12m,2.169742905934924
2008-04-01,Core PCE,12m,2.0837226686600596
2008-05-01,Core PCE,12m,2.148931950488242
2008-06-01,Core PCE,12m,2.2140952025996308
2008-07-01,Core PCE,12m,2.244499232451047
2008-08-01,Core PCE,12m,2.217938594453983
2008-09-01,Core PCE,12m,2.0439832775532407
2008-10-01,Core PCE,12m,1.6344021437811884
2008-11-01,Core PCE,12m,1.3902658335831042
2008-12-01,Core PCE,12m,1.137827887712839
2009-01-01,Core PCE,12m,0.9059281457752144
2009-02-01,Core PCE,12m,0.8878386748950362
2009-03-01,Core PCE,12m,0.762458642915198
2009-04-01,Core PCE,12m,0.9279176201372863
2009-05-01,Core PCE,12m,0.8223026759099472
2009-06-01,Core PCE,12m,0.7201458523245163
2009-07-01,Core PCE,12m,0.6255829295479742
2009-08-01,Core PCE,12m,0.6509440392611365
2009-09-01,Core PCE,12m,0.7251804439602383
2009-10-01,Core PCE,12m,1.2398995351797337
2009-11-01,Core PCE,12m,1.373476441695476
2009-12-01,Core PCE,12m,1.5095155217327072
2010-01-01,Core PCE,12m,1.690903711795344
2010-02-01,Core PCE,12m,1.698653811169737
2010-03-01,Core PCE,12m,1.7769698346872698
2010-04-01,Core PCE,12m,1.6029746856967897
2010-05-01,Core PCE,12m,1.636855877388732
2010-06-01,Core PCE,12m,1.555570639876902
2010-07-01,Core PCE,12m,1.4705882352941124
2010-08-01,Core PCE,12m,1.4176232237384179
2010-09-01,Core PCE,12m,1.2968283476987308
2010-10-01,Core PCE,12m,1.0787813475225283
2010-11-01,Core PCE,12m,1.1215791834903621
2010-12-01,Core PCE,12m,1.056748397507734
2011-01-01,Core PCE,12m,1.1234446334258408
2011-02-01,Core PCE,12m,1.2119043892404369
2011-03-01,Core PCE,12m,1.2145703792183493
2011-04-01,Core PCE,12m,1.3947001394700065
2011-05-01,Core PCE,12m,1.5235611430609364
2011-06-01,Core PCE,12m,1.5863290518787654
2011-07-01,Core PCE,12m,1.7344517595160758
2011-08-01,Core PCE,12m,1.8396305158310478
2011-09-01,Core PCE,12m,1.8508219696126815
2011-10-01,Core PCE,12m,1.744721966171725
2011-11-01,Core PCE,12m,1.8278615794143915
2011-12-01,Core PCE,12m,1.9749609110768507
2012-01-01,Core PCE,12m,2.0614792192272136
2012-02-01,Core PCE,12m,2.0258477852645562
2012-03-01,Core PCE,12m,2.044845423362407
2012-04-01,Core PCE,12m,1.9653370013755112
2012-05-01,Core PCE,12m,1.826744683887549
2012-06-01,Core PCE,12m,1.8192584794552102
2012-07-01,Core PCE,12m,1.7738650548584145
2012-08-01,Core PCE,12m,1.6359225422913903
2012-09-01,Core PCE,12m,1.6916020530741482
2012-10-01,Core PCE,12m,1.8894492108193273
2012-11-01,Core PCE,12m,1.7830690135935745
2012-12-01,Core PCE,12m,1.6898651587646807
2013-01-01,Core PCE,12m,1.5915867078657664
2013-02-01,Core PCE,12m,1.5601316530249987
2013-03-01,Core PCE,12m,1.4807449119659477
2013-04-01,Core PCE,12m,1.3770626261318197
2013-05-01,Core PCE,12m,1.3929168238908884
2013-06-01,Core PCE,12m,1.4636510500807942
2013-07-01,Core PCE,12m,1.4879607514040272
2013-08-01,Core PCE,12m,1.5332509004892136
2013-09-01,Core PCE,12m,1.529226044094134
2013-10-01,Core PCE,12m,1.454818147731518
2013-11-01,Core PCE,12m,1.5142597249719225
2013-12-01,Core PCE,12m,1.5473618923369958
2014-01-01,Core PCE,12m,1.4524615006989983
2014-02-01,Core PCE,12m,1.3901177975587542
2014-03-01,Core PCE,12m,1.447423075694143
2014-04-01,Core PCE,12m,1.5712658483877373
2014-05-01,Core PCE,12m,1.62365625697789
2014-06-01,Core PCE,12m,1.5635448842467259
2014-07-01,Core PCE,12m,1.6103213221809076
2014-08-01,Core PCE,12m,1.5397485995065185
2014-09-01,Core PCE,12m,1.5548480585553692
2014-10-01,Core PCE,12m,1.4709143321753215
2014-11-01,Core PCE,12m,1.392578536791067
2014-12-01,Core PCE,12m,1.3563462895293643
2015-01-01,Core PCE,12m,1.2097113523521275
2015-02-01,Core PCE,12m,1.2774816263445121
2015-03-01,Core PCE,12m,1.2808398950131306
2015-04-01,Core PCE,12m,1.2943728841981805
2015-05-01,Core PCE,12m,1.2472011216439594
2015-06-01,Core PCE,12m,1.254154386404971
2015-07-01,Core PCE,12m,1.1789500041732515
2015-08-01,Core PCE,12m,1.2212546279397163
2015-09-01,Core PCE,12m,1.2321248164310905
2015-10-01,Core PCE,12m,1.1779886779886617
2015-11-01,Core PCE,12m,1.1967020513407034
2015-12-01,Core PCE,12m,1.191700692994213
2016-01-01,Core PCE,12m,1.4062402560957699
2016-02-01,Core PCE,12m,1.4658859681907055
2016-03-01,Core PCE,12m,1.4574479112677619
2016-04-01,Core PCE,12m,1.5199486797450534
2016-05-01,Core PCE,12m,1.5687328193787042
2016-06-01,Core PCE,12m,1.5524039553270974
2016-07-01,Core PCE,12m,1.5993318072140106
2016-08-01,Core PCE,12m,1.6969584569733076
2016-09-01,Core PCE,12m,1.6852545372237682
2016-10-01,Core PCE,12m,1.7824083597317797
2016-11-01,Core PCE,12m,1.7188591624542893
2016-12-01,Core PCE,12m,1.770093227647962
2017-01-01,Core PCE,12m,1.863334939067518
2017-02-01,Core PCE,12m,1.867275108455435
2017-03-01,Core PCE,12m,1.6786546242183897
2017-04-01,Core PCE,12m,1.6368213459441394
2017-05-01,Core PCE,12m,1.545521142810613
2017-06-01,Core PCE,12m,1.5764438029800987
2017-07-01,Core PCE,12m,1.5031107592688553
2017-08-01,Core PCE,12m,1.433593710424197
2017-09-01,Core PCE,12m,1.4225873687192525
2017-10-01,Core PCE,12m,1.5410111053849374
2017-11-01,Core PCE,12m,1.5453764961365524
2017-12-01,Core PCE,12m,1.5768765133171936
2018-01-01,Core PCE,12m,1.6320370277204788
2018-02-01,Core PCE,12m,1.6442181175359671
2018-03-01,Core PCE,12m,1.909183171052753
2018-04-01,Core PCE,12m,1.8842192874261698
2018-05-01,Core PCE,12m,1.9809023776840462
2018-06-01,Core PCE,12m,1.9362198184856405
2018-07-01,Core PCE,12m,1.9958004199579937
2018-08-01,Core PCE,12m,1.8957629996604108
2018-09-01,Core PCE,12m,1.9602952913008842
2018-10-01,Core PCE,12m,1.8709073900841755
2018-11-01,Core PCE,12m,2.0102451882429095
2018-12-01,Core PCE,12m,2.0380799141860972
2019-01-01,Core PCE,12m,1.844426623897344
2019-02-01,Core PCE,12m,1.7441056147354805
2019-03-01,Core PCE,12m,1.61606799514884
2019-04-01,Core PCE,12m,1.6367788035668518
2019-05-01,Core PCE,12m,1.563175476517964
2019-06-01,Core PCE,12m,1.6569813098790576
2019-07-01,Core PCE,12m,1.6391192674940713
2019-08-01,Core PCE,12m,1.745804579673771
2019-09-01,Core PCE,12m,1.6320140893302693
2019-10-01,Core PCE,12m,1.6235859562745425
2019-11-01,Core PCE,12m,1.4977183197472543
2019-12-01,Core PCE,12m,1.544751058548699
2020-01-01,Core PCE,12m,1.5913288616700605
2020-02-01,Core PCE,12m,1.6976972310441596
2020-03-01,Core PCE,12m,1.5272953094374042
2020-04-01,Core PCE,12m,0.9954970222243897
2020-05-01,Core PCE,12m,0.9973783749794407
2020-06-01,Core PCE,12m,0.9704519119350996
2020-07-01,Core PCE,12m,1.2143366963097257
2020-08-01,Core PCE,12m,1.3931038469319867
2020-09-01,Core PCE,12m,1.4796915464076354
2020-10-01,Core PCE,12m,1.4217326104510208
2020-11-01,Core PCE,12m,1.453521884486797
2020-12-01,Core PCE,12m,1.508790092214496
2021-01-01,Core PCE,12m,1.6974939477738316
2021-02-01,Core PCE,12m,1.7094670091967412
2021-03-01,Core PCE,12m,2.1991360195733556
2021-04-01,Core PCE,12m,3.1306032044336574
2021-05-01,Core PCE,12m,3.5411199019175887
2021-06-01,Core PCE,12m,3.8617128102137466
2021-07-01,Core PCE,12m,3.92711817566731
2021-08-01,Core PCE,12m,3.9584580447155737
2021-09-01,Core PCE,12m,4.013850678303776
2021-10-01,Core PCE,12m,4.436672448273571
2021-11-01,Core PCE,12m,4.8908669097107005
2021-12-01,Core PCE,12m,5.2145501246505965
2022-01-01,Core PCE,12m,5.35843659732218
2022-02-01,Core PCE,12m,5.602764293293028
2022-03-01,Core PCE,12m,5.593221924008485
2022-04-01,Core PCE,12m,5.345023150300299
2022-05-01,Core PCE,12m,5.184136763522318
2022-06-01,Core PCE,12m,5.31569109508947
2022-07-01,Core PCE,12m,5.107374057840786
2022-08-01,Core PCE,12m,5.362447330658338
2022-09-01,Core PCE,12m,5.606479327988612
2022-10-01,Core PCE,12m,5.459759683450094
2022-11-01,Core PCE,12m,5.20808883271644
2022-12-01,Core PCE,12m,4.9668814733705435
2023-01-01,Core PCE,12m,4.937665213974429
2023-02-01,Core PCE,12m,4.855603371625716
2023-03-01,Core PCE,12m,4.783286394955444
2023-04-01,Core PCE,12m,4.789642299240104
2023-05-01,Core PCE,12m,4.731625374880166
2023-06-01,Core PCE,12m,4.383786808421353
2023-07-01,Core PCE,12m,4.299124123250864
2023-08-01,Core PCE,12m,3.8282036156702226
2023-09-01,Core PCE,12m,3.687774208035388
2023-10-01,Core PCE,12m,3.4740628549791763
2023-11-01,Core PCE,12m,3.2907438711504255
2023-12-01,Core PCE,12m,3.1123879882344996
2024-01-01,Core PCE,12m,3.159014510020852
2024-02-01,Core PCE,12m,3.059467984974007
2024-03-01,Core PCE,12m,3.122173857921662
2024-04-01,Core PCE,12m,3.006720905553606
2024-05-01,Core PCE,12m,2.7711764063720334
2024-06-01,Core PCE,12m,2.7531619063573265
2024-07-01,Core PCE,12m,2.8062163337682744
2024-08-01,Core PCE,12m,2.873279917118543
2024-09-01,Core PCE,12m,2.838627996468368
2024-10-01,Core PCE,12m,2.9865021082658982
2024-11-01,Core PCE,12m,2.980710120125618
2024-12-01,Core PCE,12m,2.9885896245190446
2025-01-01,Core PCE,12m,2.7801380994415092
2025-02-01,Core PCE,12m,2.9686432938117457
2025-03-01,Core PCE,12m,2.670294814316976
2025-04-01,Core PCE,12m,2.614795918367352
2025-05-01,Core PCE,12m,2.783883382495933
2025-06-01,Core PCE,12m,2.8073722050588
2025-07-01,Core PCE,12m,2.86304724556794
2025-08-01,Core PCE,12m,2.912416347215907
2025-09-01,Core PCE,12m,2.825069249833967
2025-10-01,Core PCE,12m,2.75453840687383
2025-11-01,Core PCE,12m,2.8290927864990767
2025-12-01,Core PCE,12m,2.971110180682146
2026-01-01,Core PCE,12m,3.104657789335974
2026-02-01,Core PCE,12m,3.0492628550881085
2026-03-01,Core PCE,12m,3.253849776876594
2026-04-01,Core PCE,12m,3.3298274131089656
2026-05-01,Core PCE,12m,3.463709356864597
2026-06-01,Core PCE,12m,3.343614465473621
2026-07-01,Core PCE,12m,3.3441430040338282
1959-03-01,Cleveland median,1m,0.10647263985459343
1959-04-01,Cleveland median,1m,0
1959-05-01,Cleveland median,1m,3.140476418502347
1959-06-01,Cleveland median,1m,0.16386598796920282
1959-07-01,Cleveland median,1m,2.977379811519576
1959-08-01,Cleveland median,1m,0.20774716673506166
1959-09-01,Cleveland median,1m,0
1959-10-01,Cleveland median,1m,2.190450781090214
1959-11-01,Cleveland median,1m,0.13834764579034875
1959-12-01,Cleveland median,1m,0
1960-01-01,Cleveland median,1m,0.05446499355739043
1960-02-01,Cleveland median,1m,0
1960-03-01,Cleveland median,1m,0
1960-04-01,Cleveland median,1m,0
1960-05-01,Cleveland median,1m,2.7796759072828303
1960-06-01,Cleveland median,1m,0
1960-07-01,Cleveland median,1m,0
1960-08-01,Cleveland median,1m,2.1519151073833065
1960-09-01,Cleveland median,1m,0.08463518206434095
1960-10-01,Cleveland median,1m,0.05463112473531595
1960-11-01,Cleveland median,1m,0
1960-12-01,Cleveland median,1m,0.35065468691992674
1961-01-01,Cleveland median,1m,0.10340815148142113
1961-02-01,Cleveland median,1m,0
1961-03-01,Cleveland median,1m,0
1961-04-01,Cleveland median,1m,0
1961-05-01,Cleveland median,1m,0.09106430792531484
1961-06-01,Cleveland median,1m,0
1961-07-01,Cleveland median,1m,0
1961-08-01,Cleveland median,1m,0.13284376001789777
1961-09-01,Cleveland median,1m,0
1961-10-01,Cleveland median,1m,0.10255094608528914
1961-11-01,Cleveland median,1m,0
1961-12-01,Cleveland median,1m,0.038380962574291466
1962-01-01,Cleveland median,1m,0
1962-02-01,Cleveland median,1m,2.3711070372836485
1962-03-01,Cleveland median,1m,0.20949713069344789
1962-04-01,Cleveland median,1m,2.1498322180086626
1962-05-01,Cleveland median,1m,0
1962-06-01,Cleveland median,1m,0
1962-07-01,Cleveland median,1m,0
1962-08-01,Cleveland median,1m,0
1962-09-01,Cleveland median,1m,0.10130428417041148
1962-10-01,Cleveland median,1m,0.033088387055135726
1962-11-01,Cleveland median,1m,0
1962-12-01,Cleveland median,1m,0
1963-01-01,Cleveland median,1m,0
1963-02-01,Cleveland median,1m,1.0694475474500864
1963-03-01,Cleveland median,1m,0.04275508988145216
1963-04-01,Cleveland median,1m,0
1963-05-01,Cleveland median,1m,0
1963-06-01,Cleveland median,1m,2.4544447493484833
1963-07-01,Cleveland median,1m,0
1963-08-01,Cleveland median,1m,0
1963-09-01,Cleveland median,1m,0
1963-10-01,Cleveland median,1m,0
1963-11-01,Cleveland median,1m,2.3301703330067314
1963-12-01,Cleveland median,1m,0
1964-01-01,Cleveland median,1m,0.06541113393063736
1964-02-01,Cleveland median,1m,0.5103476411052688
1964-03-01,Cleveland median,1m,0.3865351970182562
1964-04-01,Cleveland median,1m,0
1964-05-01,Cleveland median,1m,0
1964-06-01,Cleveland median,1m,0
1964-07-01,Cleveland median,1m,0
1964-08-01,Cleveland median,1m,0
1964-09-01,Cleveland median,1m,0
1964-10-01,Cleveland median,1m,0
1964-11-01,Cleveland median,1m,0
1964-12-01,Cleveland median,1m,0.05640157775950172
1965-01-01,Cleveland median,1m,0.054790766394918755
1965-02-01,Cleveland median,1m,1.1479181395513738
1965-03-01,Cleveland median,1m,0.0240468913230929
1965-04-01,Cleveland median,1m,0
1965-05-01,Cleveland median,1m,0.6301672936036784
1965-06-01,Cleveland median,1m,0.10206250449558141
1965-07-01,Cleveland median,1m,0.11112653400326966
1965-08-01,Cleveland median,1m,0
1965-09-01,Cleveland median,1m,0.19707663239989515
1965-10-01,Cleveland median,1m,0.03380138835435975
1965-11-01,Cleveland median,1m,0.027935236628762183
1965-12-01,Cleveland median,1m,2.1952767382517724
1966-01-01,Cleveland median,1m,2.8005515496581923
1966-02-01,Cleveland median,1m,2.387235794840059
1966-03-01,Cleveland median,1m,2.7261697103461824
1966-04-01,Cleveland median,1m,0.033732975071232296
1966-05-01,Cleveland median,1m,4.256203737164421
1966-06-01,Cleveland median,1m,1.3146176048411728
1966-07-01,Cleveland median,1m,2.4687818779916437
1966-08-01,Cleveland median,1m,2.6074606844515458
1966-09-01,Cleveland median,1m,2.318429642978437
1966-10-01,Cleveland median,1m,4.141933159500355
1966-11-01,Cleveland median,1m,4.127687921866774
1966-12-01,Cleveland median,1m,2.0407911931602296
1967-01-01,Cleveland median,1m,2.6388764815259202
1967-02-01,Cleveland median,1m,2.858799856344829
1967-03-01,Cleveland median,1m,3.203632555225022
1967-04-01,Cleveland median,1m,0.05311732164694494
1967-05-01,Cleveland median,1m,2.4986433467443003
1967-06-01,Cleveland median,1m,2.3140902237809957
1967-07-01,Cleveland median,1m,3.538716906076389
1967-08-01,Cleveland median,1m,3.3022808467422005
1967-09-01,Cleveland median,1m,2.870801097078446
1967-10-01,Cleveland median,1m,4.056758829285423
1967-11-01,Cleveland median,1m,3.824086608614441
1967-12-01,Cleveland median,1m,3.141902214842407
1968-01-01,Cleveland median,1m,3.1441261536241605
1968-02-01,Cleveland median,1m,4.488061779522101
1968-03-01,Cleveland median,1m,4.5639993116210364
1968-04-01,Cleveland median,1m,3.106685808462184
1968-05-01,Cleveland median,1m,4.311588503110708
1968-06-01,Cleveland median,1m,4.601999576111049
1968-07-01,Cleveland median,1m,4.490249230801968
1968-08-01,Cleveland median,1m,3.203106506825204
1968-09-01,Cleveland median,1m,4.375758316614031
1968-10-01,Cleveland median,1m,4.477376660229893
1968-11-01,Cleveland median,1m,4.549996054526884
1968-12-01,Cleveland median,1m,4.632217927688886
1969-01-01,Cleveland median,1m,4.4745316359482645
1969-02-01,Cleveland median,1m,4.427181363196198
1969-03-01,Cleveland median,1m,3.0953624151188963
1969-04-01,Cleveland median,1m,4.499154518646797
1969-05-01,Cleveland median,1m,4.568711238162715
1969-06-01,Cleveland median,1m,4.215732878140921
1969-07-01,Cleveland median,1m,4.356729529115855
1969-08-01,Cleveland median,1m,5.542420560452999
1969-09-01,Cleveland median,1m,3.9255817943496973
1969-10-01,Cleveland median,1m,4.402305450657318
1969-11-01,Cleveland median,1m,4.400805048159118
1969-12-01,Cleveland median,1m,4.3847272325159725
1970-01-01,Cleveland median,1m,4.446589796063027
1970-02-01,Cleveland median,1m,4.353225051821874
1970-03-01,Cleveland median,1m,4.252477922783515
1970-04-01,Cleveland median,1m,4.718270053615403
1970-05-01,Cleveland median,1m,4.670857040959353
1970-06-01,Cleveland median,1m,4.2071724179950865
1970-07-01,Cleveland median,1m,4.276268243125303
1970-08-01,Cleveland median,1m,4.261085816957055
1970-09-01,Cleveland median,1m,3.9723300264685957
1970-10-01,Cleveland median,1m,4.343272796715114
1970-11-01,Cleveland median,1m,4.81989046653355
1970-12-01,Cleveland median,1m,4.18606030282791
1971-01-01,Cleveland median,1m,6.1933182049251245
1971-02-01,Cleveland median,1m,4.076867951432472
1971-03-01,Cleveland median,1m,3.2767526604615904
1971-04-01,Cleveland median,1m,3.1774673697694933
1971-05-01,Cleveland median,1m,4.035208258651646
1971-06-01,Cleveland median,1m,4.1485217435973665
1971-07-01,Cleveland median,1m,4.075801439980853
1971-08-01,Cleveland median,1m,3.8448119441035544
1971-09-01,Cleveland median,1m,4.046942309422352
1971-10-01,Cleveland median,1m,3.335347689838253
1971-11-01,Cleveland median,1m,0.6702694334799864
1971-12-01,Cleveland median,1m,2.5427772733033427
1972-01-01,Cleveland median,1m,3.347597521446777
1972-02-01,Cleveland median,1m,3.4514595837981776
1972-03-01,Cleveland median,1m,3.2301393389647437
1972-04-01,Cleveland median,1m,3.0572916252178617
1972-05-01,Cleveland median,1m,2.2427985051090893
1972-06-01,Cleveland median,1m,2.3232275209330133
1972-07-01,Cleveland median,1m,2.6881196857100997
1972-08-01,Cleveland median,1m,3.403728930074812
1972-09-01,Cleveland median,1m,3.829374507451644
1972-10-01,Cleveland median,1m,3.8998434754599076
1972-11-01,Cleveland median,1m,2.89798372317025
1972-12-01,Cleveland median,1m,3.8144159814793133
1973-01-01,Cleveland median,1m,3.6246586234413902
1973-02-01,Cleveland median,1m,2.7934169455959834
1973-03-01,Cleveland median,1m,3.9872563875446687
1973-04-01,Cleveland median,1m,4.108577397123536
1973-05-01,Cleveland median,1m,6.8280303893978544
1973-06-01,Cleveland median,1m,5.132099709847382
1973-07-01,Cleveland median,1m,5.3112744729403305
1973-08-01,Cleveland median,1m,2.873285516149049
1973-09-01,Cleveland median,1m,5.568800893371573
1973-10-01,Cleveland median,1m,3.7343147151672307
1973-11-01,Cleveland median,1m,4.105821633826712
1973-12-01,Cleveland median,1m,5.178628912353478
1974-01-01,Cleveland median,1m,7.410660712697847
1974-02-01,Cleveland median,1m,6.958703292281632
1974-03-01,Cleveland median,1m,7.899325724883033
1974-04-01,Cleveland median,1m,8.856327311661882
1974-05-01,Cleveland median,1m,7.7562312652072585
1974-06-01,Cleveland median,1m,11.67489702207558
1974-07-01,Cleveland median,1m,8.414314187728289
1974-08-01,Cleveland median,1m,8.60739589511217
1974-09-01,Cleveland median,1m,12.686732217302211
1974-10-01,Cleveland median,1m,9.973654859608017
1974-11-01,Cleveland median,1m,9.017635929346635
1974-12-01,Cleveland median,1m,7.182040543161361
1975-01-01,Cleveland median,1m,7.275334527145572
1975-02-01,Cleveland median,1m,8.824934968987286
1975-03-01,Cleveland median,1m,7.084039117368124
1975-04-01,Cleveland median,1m,3.8811495234119864
1975-05-01,Cleveland median,1m,6.593498231854977
1975-06-01,Cleveland median,1m,4.550849198197904
1975-07-01,Cleveland median,1m,5.880423229722176
1975-08-01,Cleveland median,1m,6.901932447119541
1975-09-01,Cleveland median,1m,4.833357704189134
1975-10-01,Cleveland median,1m,6.775496664961467
1975-11-01,Cleveland median,1m,8.21254928692301
1975-12-01,Cleveland median,1m,6.747863251171027
1976-01-01,Cleveland median,1m,6.621920844464535
1976-02-01,Cleveland median,1m,5.361604286481869
1976-03-01,Cleveland median,1m,6.059154743308981
1976-04-01,Cleveland median,1m,4.32886770074703
1976-05-01,Cleveland median,1m,3.4804790102112015
1976-06-01,Cleveland median,1m,6.481750299680344
1976-07-01,Cleveland median,1m,5.905197408118545
1976-08-01,Cleveland median,1m,5.9160021594218515
1976-09-01,Cleveland median,1m,7.456541328772692
1976-10-01,Cleveland median,1m,6.327501929192958
1976-11-01,Cleveland median,1m,6.048359463622943
1976-12-01,Cleveland median,1m,6.245043432773345
1977-01-01,Cleveland median,1m,5.55291054390159
1977-02-01,Cleveland median,1m,7.8483470862794835
1977-03-01,Cleveland median,1m,8.229672490006479
1977-04-01,Cleveland median,1m,7.197319644437217
1977-05-01,Cleveland median,1m,5.780863444099005
1977-06-01,Cleveland median,1m,6.278034646481934
1977-07-01,Cleveland median,1m,6.824330913903376
1977-08-01,Cleveland median,1m,5.8695895992408875
1977-09-01,Cleveland median,1m,6.4378928802852675
1977-10-01,Cleveland median,1m,5.232036529987649
1977-11-01,Cleveland median,1m,5.554710832130394
1977-12-01,Cleveland median,1m,7.715391610303612
1978-01-01,Cleveland median,1m,5.737519877896968
1978-02-01,Cleveland median,1m,5.698516564158895
1978-03-01,Cleveland median,1m,5.641488035405828
1978-04-01,Cleveland median,1m,6.413923155372414
1978-05-01,Cleveland median,1m,7.081781224766992
1978-06-01,Cleveland median,1m,8.522939616557146
1978-07-01,Cleveland median,1m,5.782373187404111
1978-08-01,Cleveland median,1m,6.635461720211722
1978-09-01,Cleveland median,1m,6.535845636805759
1978-10-01,Cleveland median,1m,8.13085117378256
1978-11-01,Cleveland median,1m,8.77046566708879
1978-12-01,Cleveland median,1m,8.170226299868055
1979-01-01,Cleveland median,1m,6.795111689815148
1979-02-01,Cleveland median,1m,8.078717263260437
1979-03-01,Cleveland median,1m,8.921218276415189
1979-04-01,Cleveland median,1m,7.49241300283614
1979-05-01,Cleveland median,1m,6.226905194518473
1979-06-01,Cleveland median,1m,10.158482389820733
1979-07-01,Cleveland median,1m,7.8328630018315915
1979-08-01,Cleveland median,1m,7.817319974148185
1979-09-01,Cleveland median,1m,9.68926033158728
1979-10-01,Cleveland median,1m,9.171456900703777
1979-11-01,Cleveland median,1m,10.817763250635926
1979-12-01,Cleveland median,1m,8.300290206214322
1980-01-01,Cleveland median,1m,8.085637288483216
1980-02-01,Cleveland median,1m,10.811518508402651
1980-03-01,Cleveland median,1m,10.371164326653792
1980-04-01,Cleveland median,1m,9.867777312016868
1980-05-01,Cleveland median,1m,7.585386986072873
1980-06-01,Cleveland median,1m,9.61496557678634
1980-07-01,Cleveland median,1m,9.726842407376978
1980-08-01,Cleveland median,1m,7.103565325756356
1980-09-01,Cleveland median,1m,8.795265851686885
1980-10-01,Cleveland median,1m,10.27309104938341
1980-11-01,Cleveland median,1m,9.329366195834133
1980-12-01,Cleveland median,1m,9.206955523310988
1981-01-01,Cleveland median,1m,9.07312726658498
1981-02-01,Cleveland median,1m,9.666194248212733
1981-03-01,Cleveland median,1m,9.744892019289498
1981-04-01,Cleveland median,1m,8.461671756702383
1981-05-01,Cleveland median,1m,8.103728271508981
1981-06-01,Cleveland median,1m,6.755243814382639
1981-07-01,Cleveland median,1m,6.521593319372343
1981-08-01,Cleveland median,1m,8.34432302450776
1981-09-01,Cleveland median,1m,7.6488032615517065
1981-10-01,Cleveland median,1m,8.53086416920199
1981-11-01,Cleveland median,1m,6.541674676442866
1981-12-01,Cleveland median,1m,6.456398734778923
1982-01-01,Cleveland median,1m,5.967492937840024
1982-02-01,Cleveland median,1m,6.111733824628884
1982-03-01,Cleveland median,1m,4.367529982625973
1982-04-01,Cleveland median,1m,6.308239153958284
1982-05-01,Cleveland median,1m,3.6538308402249253
1982-06-01,Cleveland median,1m,6.279604815610762
1982-07-01,Cleveland median,1m,6.373528784807192
1982-08-01,Cleveland median,1m,7.6400626086365
1982-09-01,Cleveland median,1m,4.9635115614666825
1982-10-01,Cleveland median,1m,4.874804793264853
1982-11-01,Cleveland median,1m,6.180942774245901
1982-12-01,Cleveland median,1m,3.560366004559845
1983-01-01,Cleveland median,1m,3.8488198983989585
1983-02-01,Cleveland median,1m,5.887741579827099
1983-03-01,Cleveland median,1m,4.1128554587883
1983-04-01,Cleveland median,1m,2.3583423766792455
1983-05-01,Cleveland median,1m,6.065189772889523
1983-06-01,Cleveland median,1m,2.8659231940637575
1983-07-01,Cleveland median,1m,3.733076549906378
1983-08-01,Cleveland median,1m,4.677761366806932
1983-09-01,Cleveland median,1m,3.579121789227524
1983-10-01,Cleveland median,1m,4.74570681396842
1983-11-01,Cleveland median,1m,2.9324007663577234
1983-12-01,Cleveland median,1m,5.189822612572792
1984-01-01,Cleveland median,1m,2.990094631775264
1984-02-01,Cleveland median,1m,4.754059265844224
1984-03-01,Cleveland median,1m,5.122245975243067
1984-04-01,Cleveland median,1m,4.682678946257668
1984-05-01,Cleveland median,1m,5.495445373152319
1984-06-01,Cleveland median,1m,2.69752980825424
1984-07-01,Cleveland median,1m,4.428450709893705
1984-08-01,Cleveland median,1m,5.621738796239173
1984-09-01,Cleveland median,1m,4.291877575079228
1984-10-01,Cleveland median,1m,5.042495152813653
1984-11-01,Cleveland median,1m,3.7779412270509516
1984-12-01,Cleveland median,1m,3.2241567983703145
1985-01-01,Cleveland median,1m,5.691042805395852
1985-02-01,Cleveland median,1m,3.7685638079015815
1985-03-01,Cleveland median,1m,5.719078513649145
1985-04-01,Cleveland median,1m,4.279642026466868
1985-05-01,Cleveland median,1m,2.5722082066617746
1985-06-01,Cleveland median,1m,4.193983903021858
1985-07-01,Cleveland median,1m,4.7370355776200634
1985-08-01,Cleveland median,1m,2.320083443661325
1985-09-01,Cleveland median,1m,4.164797869258341
1985-10-01,Cleveland median,1m,3.4960103748088667
1985-11-01,Cleveland median,1m,3.3215630824705578
1985-12-01,Cleveland median,1m,3.2791225815322678
1986-01-01,Cleveland median,1m,4.677013956094123
1986-02-01,Cleveland median,1m,4.8015063178102
1986-03-01,Cleveland median,1m,3.237133780409618
1986-04-01,Cleveland median,1m,2.8349193427204877
1986-05-01,Cleveland median,1m,4.344771648614709
1986-06-01,Cleveland median,1m,2.515969872311552
1986-07-01,Cleveland median,1m,4.523796256096957
1986-08-01,Cleveland median,1m,3.090177445475928
1986-09-01,Cleveland median,1m,3.486408417436193
1986-10-01,Cleveland median,1m,4.143119010897189
1986-11-01,Cleveland median,1m,5.380326345441788
1986-12-01,Cleveland median,1m,3.384899783882367
1987-01-01,Cleveland median,1m,3.805548050848473
1987-02-01,Cleveland median,1m,4.925965386255204
1987-03-01,Cleveland median,1m,4.028391092355421
1987-04-01,Cleveland median,1m,4.556065493020789
1987-05-01,Cleveland median,1m,6.201571393892635
1987-06-01,Cleveland median,1m,3.7594716246223125
1987-07-01,Cleveland median,1m,3.73540038067377
1987-08-01,Cleveland median,1m,3.5099153444475784
1987-09-01,Cleveland median,1m,6.127340354671484
1987-10-01,Cleveland median,1m,3.5415816584294157
1987-11-01,Cleveland median,1m,4.36653063271466
1987-12-01,Cleveland median,1m,3.4371094715999417
1988-01-01,Cleveland median,1m,2.9208472248830386
1988-02-01,Cleveland median,1m,5.613258190082249
1988-03-01,Cleveland median,1m,3.9068964551258967
1988-04-01,Cleveland median,1m,4.349254328888419
1988-05-01,Cleveland median,1m,4.560147039553075
1988-06-01,Cleveland median,1m,3.3809697314268305
1988-07-01,Cleveland median,1m,4.904001927612822
1988-08-01,Cleveland median,1m,5.389159280122469
1988-09-01,Cleveland median,1m,4.3933973848391705
1988-10-01,Cleveland median,1m,5.1685973870276625
1988-11-01,Cleveland median,1m,3.764499611567085
1988-12-01,Cleveland median,1m,3.8025798335067362
1989-01-01,Cleveland median,1m,3.5092202938878048
1989-02-01,Cleveland median,1m,5.463537206188462
1989-03-01,Cleveland median,1m,3.995696915221547
1989-04-01,Cleveland median,1m,4.0364048498907845
1989-05-01,Cleveland median,1m,4.707119880151822
1989-06-01,Cleveland median,1m,4.989338498280671
1989-07-01,Cleveland median,1m,3.293697521127914
1989-08-01,Cleveland median,1m,4.70700957525898
1989-09-01,Cleveland median,1m,4.200799470558092
1989-10-01,Cleveland median,1m,4.106116189603792
1989-11-01,Cleveland median,1m,6.058703686402422
1989-12-01,Cleveland median,1m,3.964123685281784
1990-01-01,Cleveland median,1m,4.302698042558339
1990-02-01,Cleveland median,1m,4.586978696777511
1990-03-01,Cleveland median,1m,4.490987921846434
1990-04-01,Cleveland median,1m,6.305216273619552
1990-05-01,Cleveland median,1m,4.273436683228082
1990-06-01,Cleveland median,1m,3.005604115896987
1990-07-01,Cleveland median,1m,5.613890753329365
1990-08-01,Cleveland median,1m,4.6449700550641015
1990-09-01,Cleveland median,1m,5.277409344350326
1990-10-01,Cleveland median,1m,4.222221746485122
1990-11-01,Cleveland median,1m,3.9875213418556266
1990-12-01,Cleveland median,1m,3.030478925698654
1991-01-01,Cleveland median,1m,3.817113471863709
1991-02-01,Cleveland median,1m,3.824708588928516
1991-03-01,Cleveland median,1m,2.224986180823585
1991-04-01,Cleveland median,1m,2.2955843276182275
1991-05-01,Cleveland median,1m,3.198265313247939
1991-06-01,Cleveland median,1m,4.2725436809266215
1991-07-01,Cleveland median,1m,2.207002869801933
1991-08-01,Cleveland median,1m,2.7851234592561447
1991-09-01,Cleveland median,1m,2.524161012188064
1991-10-01,Cleveland median,1m,3.1337538149776023
1991-11-01,Cleveland median,1m,3.4809733813800703
1991-12-01,Cleveland median,1m,3.748249521078373
1992-01-01,Cleveland median,1m,3.909836523377641
1992-02-01,Cleveland median,1m,2.9190067049153168
1992-03-01,Cleveland median,1m,3.080757217582364
1992-04-01,Cleveland median,1m,3.3042043773137575
1992-05-01,Cleveland median,1m,2.464770632900515
1992-06-01,Cleveland median,1m,2.439034522912853
1992-07-01,Cleveland median,1m,1.8808458689475227
1992-08-01,Cleveland median,1m,2.824650200844636
1992-09-01,Cleveland median,1m,2.4490517357308894
1992-10-01,Cleveland median,1m,2.5815483667018135
1992-11-01,Cleveland median,1m,4.050433637478856
1992-12-01,Cleveland median,1m,4.012774645911277
1993-01-01,Cleveland median,1m,3.0603778313960994
1993-02-01,Cleveland median,1m,3.208625738167803
1993-03-01,Cleveland median,1m,3.004116590461825
1993-04-01,Cleveland median,1m,2.769237944158287
1993-05-01,Cleveland median,1m,3.5775560300398856
1993-06-01,Cleveland median,1m,3.261372797827744
1993-07-01,Cleveland median,1m,2.2662365070614143
1993-08-01,Cleveland median,1m,2.297757936536149
1993-09-01,Cleveland median,1m,2.3360977407870465
1993-10-01,Cleveland median,1m,1.620674114722176
1993-11-01,Cleveland median,1m,2.7357532767759096
1993-12-01,Cleveland median,1m,2.648250121076412
1994-01-01,Cleveland median,1m,3.0156009594471955
1994-02-01,Cleveland median,1m,3.0273463253658317
1994-03-01,Cleveland median,1m,3.2997039382848925
1994-04-01,Cleveland median,1m,3.278345474984312
1994-05-01,Cleveland median,1m,2.2624711475923043
1994-06-01,Cleveland median,1m,3.7328876352690887
1994-07-01,Cleveland median,1m,2.3888767627965324
1994-08-01,Cleveland median,1m,2.3744823682290805
1994-09-01,Cleveland median,1m,2.338954480218902
1994-10-01,Cleveland median,1m,2.0556142324410054
1994-11-01,Cleveland median,1m,2.592181282488615
1994-12-01,Cleveland median,1m,3.0915851915105375
1995-01-01,Cleveland median,1m,1.921196208997733
1995-02-01,Cleveland median,1m,4.15201447399034
1995-03-01,Cleveland median,1m,2.260675123389433
1995-04-01,Cleveland median,1m,3.2753690318034323
1995-05-01,Cleveland median,1m,2.8190264824543343
1995-06-01,Cleveland median,1m,2.2204012422155195
1995-07-01,Cleveland median,1m,1.9618673452606927
1995-08-01,Cleveland median,1m,2.160801394259515
1995-09-01,Cleveland median,1m,2.4578824247474707
1995-10-01,Cleveland median,1m,2.530969188274401
1995-11-01,Cleveland median,1m,3.340941626080607
1995-12-01,Cleveland median,1m,2.5840110442223008
1996-01-01,Cleveland median,1m,2.3188639142220024
1996-02-01,Cleveland median,1m,2.5509299497094906
1996-03-01,Cleveland median,1m,2.031713156217685
1996-04-01,Cleveland median,1m,2.6851306804019037
1996-05-01,Cleveland median,1m,2.0910995985282232
1996-06-01,Cleveland median,1m,2.7910834927051376
1996-07-01,Cleveland median,1m,2.288435649253695
1996-08-01,Cleveland median,1m,3.07021624757684
1996-09-01,Cleveland median,1m,2.6242022860041514
1996-10-01,Cleveland median,1m,2.7046757264204135
1996-11-01,Cleveland median,1m,2.96414227809898
1996-12-01,Cleveland median,1m,2.8720019709780553
1997-01-01,Cleveland median,1m,2.465176335096375
1997-02-01,Cleveland median,1m,2.855495884031334
1997-03-01,Cleveland median,1m,2.244576360421413
1997-04-01,Cleveland median,1m,2.6368959140157466
1997-05-01,Cleveland median,1m,2.4679705055523637
1997-06-01,Cleveland median,1m,1.765798832243859
1997-07-01,Cleveland median,1m,2.5654344045928035
1997-08-01,Cleveland median,1m,2.501225203788038
1997-09-01,Cleveland median,1m,1.9319233427855131
1997-10-01,Cleveland median,1m,2.5545651301447148
1997-11-01,Cleveland median,1m,2.2998676474050184
1997-12-01,Cleveland median,1m,2.171219503884503
1998-01-01,Cleveland median,1m,1.8296934983852653
1998-02-01,Cleveland median,1m,2.2535215165895073
1998-03-01,Cleveland median,1m,2.3408955265156406
1998-04-01,Cleveland median,1m,2.963249652503741
1998-05-01,Cleveland median,1m,2.380539256166103
1998-06-01,Cleveland median,1m,2.900811588141239
1998-07-01,Cleveland median,1m,1.5649257616295875
1998-08-01,Cleveland median,1m,2.40602590162986
1998-09-01,Cleveland median,1m,3.239229347185546
1998-10-01,Cleveland median,1m,3.2504980964569663
1998-11-01,Cleveland median,1m,2.2967829483530044
1998-12-01,Cleveland median,1m,2.4702753557567236
1999-01-01,Cleveland median,1m,2.3921795494103115
1999-02-01,Cleveland median,1m,2.5469545402634353
1999-03-01,Cleveland median,1m,1.7146817766413136
1999-04-01,Cleveland median,1m,2.0694438295717488
1999-05-01,Cleveland median,1m,2.532144991693186
1999-06-01,Cleveland median,1m,2.526813385471627
1999-07-01,Cleveland median,1m,1.8808833547602877
1999-08-01,Cleveland median,1m,2.517546977992846
1999-09-01,Cleveland median,1m,2.51223645474723
1999-10-01,Cleveland median,1m,2.5069882654846554
1999-11-01,Cleveland median,1m,1.8949715024069835
1999-12-01,Cleveland median,1m,3.0228792154819217
2000-01-01,Cleveland median,1m,2.104170936543537
2000-02-01,Cleveland median,1m,3.840445632380729
2000-03-01,Cleveland median,1m,2.5984645446345045
2000-04-01,Cleveland median,1m,2.985331177594297
2000-05-01,Cleveland median,1m,2.463229191952876
2000-06-01,Cleveland median,1m,2.485355153517821
2000-07-01,Cleveland median,1m,2.9603694333640407
2000-08-01,Cleveland median,1m,3.193445967908559
2000-09-01,Cleveland median,1m,2.1642664009183354
2000-10-01,Cleveland median,1m,3.223120994265405
2000-11-01,Cleveland median,1m,2.5404549973529367
2000-12-01,Cleveland median,1m,3.0361528484065925
2001-01-01,Cleveland median,1m,2.613175936530787
2001-02-01,Cleveland median,1m,3.6369516936716417
2001-03-01,Cleveland median,1m,3.625963306272917
2001-04-01,Cleveland median,1m,3.0411016147211978
2001-05-01,Cleveland median,1m,3.200021369082906
2001-06-01,Cleveland median,1m,3.0458652282897347
2001-07-01,Cleveland median,1m,3.3523252833376205
2001-08-01,Cleveland median,1m,3.541380742999034
2001-09-01,Cleveland median,1m,3.803414710766617
2001-10-01,Cleveland median,1m,2.9254492637139418
2001-11-01,Cleveland median,1m,3.1072961353080686
2001-12-01,Cleveland median,1m,2.922006183257464
2002-01-01,Cleveland median,1m,2.2388226221321306
2002-02-01,Cleveland median,1m,2.9263637031416545
2002-03-01,Cleveland median,1m,3.258128342964617
2002-04-01,Cleveland median,1m,3.596168032396019
2002-05-01,Cleveland median,1m,2.415548815841295
2002-06-01,Cleveland median,1m,2.4297379067981906
2002-07-01,Cleveland median,1m,2.5667067462331383
2002-08-01,Cleveland median,1m,3.0064494708881506
2002-09-01,Cleveland median,1m,2.2526848011342526
2002-10-01,Cleveland median,1m,3.0134178195534878
2002-11-01,Cleveland median,1m,2.812854377506535
2002-12-01,Cleveland median,1m,2.806276755542081
2003-01-01,Cleveland median,1m,2.782442751157399
2003-02-01,Cleveland median,1m,3.3638808796842223
2003-03-01,Cleveland median,1m,1.787188830702946
2003-04-01,Cleveland median,1m,2.6853934919322864
2003-05-01,Cleveland median,1m,0.7332925597280271
2003-06-01,Cleveland median,1m,1.6676931584271637
2003-07-01,Cleveland median,1m,1.5491387559722902
2003-08-01,Cleveland median,1m,2.994075539602381
2003-09-01,Cleveland median,1m,2.3432222782355128
2003-10-01,Cleveland median,1m,2.48811078826765
2003-11-01,Cleveland median,1m,3.1621743434266048
2003-12-01,Cleveland median,1m,2.5867344966362227
2004-01-01,Cleveland median,1m,1.5441314575384446
2004-02-01,Cleveland median,1m,2.3570502023488205
2004-03-01,Cleveland median,1m,2.604122938486153
2004-04-01,Cleveland median,1m,2.7285059968755077
2004-05-01,Cleveland median,1m,3.819954749138277
2004-06-01,Cleveland median,1m,2.677230057045854
2004-07-01,Cleveland median,1m,2.7088277395635796
2004-08-01,Cleveland median,1m,2.525061898130354
2004-09-01,Cleveland median,1m,2.4488425240960066
2004-10-01,Cleveland median,1m,1.7974087232934144
2004-11-01,Cleveland median,1m,2.028061940715231
2004-12-01,Cleveland median,1m,2.0289739268354534
2005-01-01,Cleveland median,1m,2.136297700580947
2005-02-01,Cleveland median,1m,3.4086188477988166
2005-03-01,Cleveland median,1m,3.213978859469302
2005-04-01,Cleveland median,1m,2.121164633182837
2005-05-01,Cleveland median,1m,2.0050896544578256
2005-06-01,Cleveland median,1m,2.6537479654515694
2005-07-01,Cleveland median,1m,1.5746445699109213
2005-08-01,Cleveland median,1m,2.938651243283985
2005-09-01,Cleveland median,1m,2.1025822915066605
2005-10-01,Cleveland median,1m,3.2855127483248925
2005-11-01,Cleveland median,1m,3.20599295119659
2005-12-01,Cleveland median,1m,3.159093872189156
2006-01-01,Cleveland median,1m,1.8095430690439729
2006-02-01,Cleveland median,1m,3.6630875935276475
2006-03-01,Cleveland median,1m,2.387417015103299
2006-04-01,Cleveland median,1m,3.639243196347741
2006-05-01,Cleveland median,1m,3.8436030675618404
2006-06-01,Cleveland median,1m,4.310946524525194
2006-07-01,Cleveland median,1m,3.9794035909142433
2006-08-01,Cleveland median,1m,3.3500733131495375
2006-09-01,Cleveland median,1m,3.3693085356642616
2006-10-01,Cleveland median,1m,2.856148340566289
2006-11-01,Cleveland median,1m,3.516155428655421
2006-12-01,Cleveland median,1m,2.421772242014386
2007-01-01,Cleveland median,1m,3.5200818217324903
2007-02-01,Cleveland median,1m,3.783075946221426
2007-03-01,Cleveland median,1m,3.3761596799211535
2007-04-01,Cleveland median,1m,2.8166063332479396
2007-05-01,Cleveland median,1m,1.9328186132055336
2007-06-01,Cleveland median,1m,1.9036574789224048
2007-07-01,Cleveland median,1m,2.2320462311309353
2007-08-01,Cleveland median,1m,2.2735294017937946
2007-09-01,Cleveland median,1m,2.547875207896766
2007-10-01,Cleveland median,1m,3.312707549215288
2007-11-01,Cleveland median,1m,3.3558531608709252
2007-12-01,Cleveland median,1m,3.9512914037105773
2008-01-01,Cleveland median,1m,3.2091051454604447
2008-02-01,Cleveland median,1m,2.7321009761166026
2008-03-01,Cleveland median,1m,2.2562040439164432
2008-04-01,Cleveland median,1m,2.9096196974065514
2008-05-01,Cleveland median,1m,2.566921444979653
2008-06-01,Cleveland median,1m,1.4332310783661706
2008-07-01,Cleveland median,1m,2.6799920225914153
2008-08-01,Cleveland median,1m,3.215034735383271
2008-09-01,Cleveland median,1m,1.7825368251226825
2008-10-01,Cleveland median,1m,2.7845225791190087
2008-11-01,Cleveland median,1m,1.7317796202523272
2008-12-01,Cleveland median,1m,3.172567411355298
2009-01-01,Cleveland median,1m,0.8082708461920607
2009-02-01,Cleveland median,1m,3.075817552976634
2009-03-01,Cleveland median,1m,2.156209336967674
2009-04-01,Cleveland median,1m,2.071423629242597
2009-05-01,Cleveland median,1m,1.757226434662451
2009-06-01,Cleveland median,1m,2.0159167477225903
2009-07-01,Cleveland median,1m,1.7908998668548781
2009-08-01,Cleveland median,1m,0.307055054006522
2009-09-01,Cleveland median,1m,1.1011058249574601
2009-10-01,Cleveland median,1m,0.7603562795933438
2009-11-01,Cleveland median,1m,3.6575474581253875
2009-12-01,Cleveland median,1m,2.157785638117171
2010-01-01,Cleveland median,1m,0.6044161860538688
2010-02-01,Cleveland median,1m,0.8553760220286311
2010-03-01,Cleveland median,1m,0.5690869762217998
2010-04-01,Cleveland median,1m,0.671059214179115
2010-05-01,Cleveland median,1m,0.9772271840862823
2010-06-01,Cleveland median,1m,0.7026278221921478
2010-07-01,Cleveland median,1m,1.0374492473840702
2010-08-01,Cleveland median,1m,0.5235828205182536
2010-09-01,Cleveland median,1m,1.9728492162154554
2010-10-01,Cleveland median,1m,1.4773555804349359
2010-11-01,Cleveland median,1m,0.9718928197517851
2010-12-01,Cleveland median,1m,1.2905670319033113
2011-01-01,Cleveland median,1m,1.1128435587586694
2011-02-01,Cleveland median,1m,2.416172223268931
2011-03-01,Cleveland median,1m,1.909208339815649
2011-04-01,Cleveland median,1m,2.27002705998669
2011-05-01,Cleveland median,1m,2.340072706072882
2011-06-01,Cleveland median,1m,2.460873805329511
2011-07-01,Cleveland median,1m,1.8552793360899766
2011-08-01,Cleveland median,1m,2.0951955550672086
2011-09-01,Cleveland median,1m,2.578671596559401
2011-10-01,Cleveland median,1m,2.019733086357345
2011-11-01,Cleveland median,1m,2.2720933653476827
2011-12-01,Cleveland median,1m,1.824562621763004
2012-01-01,Cleveland median,1m,2.2787828378969532
2012-02-01,Cleveland median,1m,2.274463844705754
2012-03-01,Cleveland median,1m,1.630934065494749
2012-04-01,Cleveland median,1m,2.318654583547697
2012-05-01,Cleveland median,1m,2.2873362397605623
2012-06-01,Cleveland median,1m,1.5089663642113615
2012-07-01,Cleveland median,1m,1.2544557252051947
2012-08-01,Cleveland median,1m,1.91327246750852
2012-09-01,Cleveland median,1m,2.419555966829634
2012-10-01,Cleveland median,1m,2.185286737340819
2012-11-01,Cleveland median,1m,2.1122563475476808
2012-12-01,Cleveland median,1m,1.7076206294688756
2013-01-01,Cleveland median,1m,1.867693927922498
2013-02-01,Cleveland median,1m,2.0599904928997104
2013-03-01,Cleveland median,1m,2.447209022194752
2013-04-01,Cleveland median,1m,1.9411195589544628
2013-05-01,Cleveland median,1m,1.6036951344127193
2013-06-01,Cleveland median,1m,2.182919440159581
2013-07-01,Cleveland median,1m,2.4424194639202312
2013-08-01,Cleveland median,1m,1.8824732397493715
2013-09-01,Cleveland median,1m,2.007898598302482
2013-10-01,Cleveland median,1m,2.1528580473524572
2013-11-01,Cleveland median,1m,2.2890912150617337
2013-12-01,Cleveland median,1m,2.381768787987193
2014-01-01,Cleveland median,1m,1.7678174588428242
2014-02-01,Cleveland median,1m,2.121846719133158
2014-03-01,Cleveland median,1m,1.6337992829646764
2014-04-01,Cleveland median,1m,1.9148628656333377
2014-05-01,Cleveland median,1m,2.565414014101597
2014-06-01,Cleveland median,1m,2.093740498081398
2014-07-01,Cleveland median,1m,2.3247535795555496
2014-08-01,Cleveland median,1m,2.591081175395682
2014-09-01,Cleveland median,1m,1.757572338122615
2014-10-01,Cleveland median,1m,2.3452244660274957
2014-11-01,Cleveland median,1m,2.5637755141900476
2014-12-01,Cleveland median,1m,2.6186541105681416
2015-01-01,Cleveland median,1m,1.6113591055086474
2015-02-01,Cleveland median,1m,2.100789224005295
2015-03-01,Cleveland median,1m,2.604990617121117
2015-04-01,Cleveland median,1m,1.5620185744354531
2015-05-01,Cleveland median,1m,3.1203120087794023
2015-06-01,Cleveland median,1m,2.4852210790787144
2015-07-01,Cleveland median,1m,2.0539916875851327
2015-08-01,Cleveland median,1m,2.4729274794915046
2015-09-01,Cleveland median,1m,1.7618958958759645
2015-10-01,Cleveland median,1m,2.1642890285530125
2015-11-01,Cleveland median,1m,1.6210177741419196
2015-12-01,Cleveland median,1m,1.878571096885584
2016-01-01,Cleveland median,1m,1.5036858822503385
2016-02-01,Cleveland median,1m,2.808840328800666
2016-03-01,Cleveland median,1m,2.482738956402031
2016-04-01,Cleveland median,1m,2.488631602008784
2016-05-01,Cleveland median,1m,2.9477471193018134
2016-06-01,Cleveland median,1m,2.8804185480655775
2016-07-01,Cleveland median,1m,1.8387268713615956
2016-08-01,Cleveland median,1m,2.4749876117428515
2016-09-01,Cleveland median,1m,2.278894855044178
2016-10-01,Cleveland median,1m,2.072664807207447
2016-11-01,Cleveland median,1m,1.9122932722990704
2016-12-01,Cleveland median,1m,1.490231166280065
2017-01-01,Cleveland median,1m,2.0388262687019765
2017-02-01,Cleveland median,1m,2.87843652105233
2017-03-01,Cleveland median,1m,1.6500861178052162
2017-04-01,Cleveland median,1m,1.9791264707079481
2017-05-01,Cleveland median,1m,1.5572729053228374
2017-06-01,Cleveland median,1m,1.2985453846128703
2017-07-01,Cleveland median,1m,1.8812131479973182
2017-08-01,Cleveland median,1m,1.3477010455648752
2017-09-01,Cleveland median,1m,1.9350928484256347
2017-10-01,Cleveland median,1m,1.5836151204537963
2017-11-01,Cleveland median,1m,2.5359709731850755
2017-12-01,Cleveland median,1m,2.136558351079554
2018-01-01,Cleveland median,1m,2.2399404835155456
2018-02-01,Cleveland median,1m,3.176768280048914
2018-03-01,Cleveland median,1m,2.2504314014859528
2018-04-01,Cleveland median,1m,1.9128105293185538
2018-05-01,Cleveland median,1m,2.0744643277158525
2018-06-01,Cleveland median,1m,2.403090783695827
2018-07-01,Cleveland median,1m,2.1666976793676795
2018-08-01,Cleveland median,1m,1.9749662793739908
2018-09-01,Cleveland median,1m,2.163900900348259
2018-10-01,Cleveland median,1m,2.50620119381022
2018-11-01,Cleveland median,1m,2.7200927119992446
2018-12-01,Cleveland median,1m,3.1005322638992583
2019-01-01,Cleveland median,1m,2.054643503900455
2019-02-01,Cleveland median,1m,2.5946803523046125
2019-03-01,Cleveland median,1m,2.839459311352699
2019-04-01,Cleveland median,1m,2.4300832099300784
2019-05-01,Cleveland median,1m,4.092836436887692
2019-06-01,Cleveland median,1m,2.0610367738264523
2019-07-01,Cleveland median,1m,1.7891943347311257
2019-08-01,Cleveland median,1m,2.8014314772291993
2019-09-01,Cleveland median,1m,2.4041224006020823
2019-10-01,Cleveland median,1m,2.1318121396185274
2019-11-01,Cleveland median,1m,2.335261471170491
2019-12-01,Cleveland median,1m,1.9389679633450063
2020-01-01,Cleveland median,1m,3.0075934179911945
2020-02-01,Cleveland median,1m,3.243618179800123
2020-03-01,Cleveland median,1m,2.650175295257462
2020-04-01,Cleveland median,1m,1.938679905683216
2020-05-01,Cleveland median,1m,2.36775298575167
2020-06-01,Cleveland median,1m,2.778760520811918
2020-07-01,Cleveland median,1m,1.7789999875009288
2020-08-01,Cleveland median,1m,2.590335587731496
2020-09-01,Cleveland median,1m,2.016248842211521
2020-10-01,Cleveland median,1m,0.9970192202077399
2020-11-01,Cleveland median,1m,2.226110231470413
2020-12-01,Cleveland median,1m,0.8103063689854917
2021-01-01,Cleveland median,1m,1.7079883112744998
2021-02-01,Cleveland median,1m,1.6945433250289632
2021-03-01,Cleveland median,1m,2.953413061677357
2021-04-01,Cleveland median,1m,2.7963468848033246
2021-05-01,Cleveland median,1m,2.9279836076257837
2021-06-01,Cleveland median,1m,3.4743724204181037
2021-07-01,Cleveland median,1m,3.0224720928474946
2021-08-01,Cleveland median,1m,3.3335462356478107
2021-09-01,Cleveland median,1m,3.486233244401471
2021-10-01,Cleveland median,1m,4.660087799446577
2021-11-01,Cleveland median,1m,5.523319443185426
2021-12-01,Cleveland median,1m,5.071536885154937
2022-01-01,Cleveland median,1m,4.716174914093152
2022-02-01,Cleveland median,1m,7.186672466737765
2022-03-01,Cleveland median,1m,5.538546175159764
2022-04-01,Cleveland median,1m,3.4805667846041555
2022-05-01,Cleveland median,1m,5.882768808674732
2022-06-01,Cleveland median,1m,7.196141069326223
2022-07-01,Cleveland median,1m,8.850588334168652
2022-08-01,Cleveland median,1m,5.143526807458709
2022-09-01,Cleveland median,1m,7.118037289037882
2022-10-01,Cleveland median,1m,4.616937287121425
2022-11-01,Cleveland median,1m,6.486479385281219
2022-12-01,Cleveland median,1m,4.698663923774671
2023-01-01,Cleveland median,1m,4.2396086648717635
2023-02-01,Cleveland median,1m,6.771427945279962
2023-03-01,Cleveland median,1m,4.213894914134908
2023-04-01,Cleveland median,1m,3.9066812573009813
2023-05-01,Cleveland median,1m,4.51076251037319
2023-06-01,Cleveland median,1m,3.898490631644669
2023-07-01,Cleveland median,1m,2.767180368738975
2023-08-01,Cleveland median,1m,3.2152189239375684
2023-09-01,Cleveland median,1m,3.1914913227810704
2023-10-01,Cleveland median,1m,3.7504742178236183
2023-11-01,Cleveland median,1m,3.113023262424819
2023-12-01,Cleveland median,1m,3.1115825899671323
2024-01-01,Cleveland median,1m,1.8986951325865586
2024-02-01,Cleveland median,1m,6.280211147692172
2024-03-01,Cleveland median,1m,4.065265388982131
2024-04-01,Cleveland median,1m,3.800945040299819
2024-05-01,Cleveland median,1m,2.902650364674697
2024-06-01,Cleveland median,1m,3.500631279311639
2024-07-01,Cleveland median,1m,2.2954198505876766
2024-08-01,Cleveland median,1m,1.8543081743871426
2024-09-01,Cleveland median,1m,2.7983693891781236
2024-10-01,Cleveland median,1m,3.6811171663196474
2024-11-01,Cleveland median,1m,3.3750969073153003
2024-12-01,Cleveland median,1m,2.8538869597644068
2025-01-01,Cleveland median,1m,3.616606475062012
2025-02-01,Cleveland median,1m,3.1327164128201135
2025-03-01,Cleveland median,1m,3.4087434825457397
2025-04-01,Cleveland median,1m,3.8400484591476047
2025-05-01,Cleveland median,1m,3.807344131088475
2025-06-01,Cleveland median,1m,2.5912400577849715
2025-07-01,Cleveland median,1m,3.682663886969073
2025-08-01,Cleveland median,1m,2.386181571855328
2025-09-01,Cleveland median,1m,3.6711589789020227
2025-10-01,Cleveland median,1m,1.6530737472041146
2025-11-01,Cleveland median,1m,1.944188922654977
2025-12-01,Cleveland median,1m,1.9582983601103665
2026-01-01,Cleveland median,1m,3.2992758978727332
2026-02-01,Cleveland median,1m,2.6553471712061905
2026-03-01,Cleveland median,1m,2.709853060993228
2026-04-01,Cleveland median,1m,3.4723679716609723
2026-05-01,Cleveland median,1m,2.4571248709147397
2026-06-01,Cleveland median,1m,3.5469647694294615
2026-07-01,Cleveland median,1m,2.5502734676817296
1959-05-01,Cleveland median,3m,1.0719001827776742
1959-06-01,Cleveland median,3m,1.09121210924914
1959-07-01,Cleveland median,3m,2.0847061437083925
1959-08-01,Cleveland median,3m,1.1078180274660232
1959-09-01,Cleveland median,3m,1.052651174666086
1959-10-01,Cleveland median,3m,0.7945857940816481
1959-11-01,Cleveland median,3m,0.7713117737913278
1959-12-01,Cleveland median,3m,0.7713117737913278
1960-01-01,Cleveland median,3m,0.06425470128548216
1960-02-01,Cleveland median,3m,0.018151702809965364
1960-03-01,Cleveland median,3m,0.018151702809965364
1960-04-01,Cleveland median,3m,0
1960-05-01,Cleveland median,3m,0.9181036957061961
1960-06-01,Cleveland median,3m,0.9181036957061961
1960-07-01,Cleveland median,3m,0.9181036957061961
1960-08-01,Cleveland median,3m,0.7122204139656141
1960-09-01,Cleveland median,3m,0.7406250590671126
1960-10-01,Cleveland median,3m,0.7589669648544684
1960-11-01,Cleveland median,3m,0.04641596689729521
1960-12-01,Cleveland median,3m,0.13497685659633607
1961-01-01,Cleveland median,3m,0.15124627828255743
1961-02-01,Cleveland median,3m,0.15124627828255743
1961-03-01,Cleveland median,3m,0.03445750926396318
1961-04-01,Cleveland median,3m,0
1961-05-01,Cleveland median,3m,0.030345559846955972
1961-06-01,Cleveland median,3m,0.030345559846955972
1961-07-01,Cleveland median,3m,0.030345559846955972
1961-08-01,Cleveland median,3m,0.044261659503863626
1961-09-01,Cleveland median,3m,0.044261659503863626
1961-10-01,Cleveland median,3m,0.07844875471445523
1961-11-01,Cleveland median,3m,0.034171970129559526
1961-12-01,Cleveland median,3m,0.04696835917858966
1962-01-01,Cleveland median,3m,0.012792017764473584
1962-02-01,Cleveland median,3m,0.7970955236616062
1962-03-01,Cleveland median,3m,0.8545341042032639
1962-04-01,Cleveland median,3m,1.5721503191510555
1962-05-01,Cleveland median,3m,0.7818161018509517
1962-06-01,Cleveland median,3m,0.711535898035387
1962-07-01,Cleveland median,3m,0
1962-08-01,Cleveland median,3m,0
1962-09-01,Cleveland median,3m,0.033756698294462595
1962-10-01,Cleveland median,3m,0.04478866715105223
1962-11-01,Cleveland median,3m,0.04478866715105223
1962-12-01,Cleveland median,3m,0.011028246084876514
1963-01-01,Cleveland median,3m,0
1963-02-01,Cleveland median,3m,0.35521921485051067
1963-03-01,Cleveland median,3m,0.3695194984030481
1963-04-01,Cleveland median,3m,0.3695194984030481
1963-05-01,Cleveland median,3m,0.014249666000898387
1963-06-01,Cleveland median,3m,0.8115443905831743
1963-07-01,Cleveland median,3m,0.8115443905831743
1963-08-01,Cleveland median,3m,0.8115443905831743
1963-09-01,Cleveland median,3m,0
1963-10-01,Cleveland median,3m,0
1963-11-01,Cleveland median,3m,0.7707673578279506
1963-12-01,Cleveland median,3m,0.7707673578279506
1964-01-01,Cleveland median,3m,0.7927343361072259
1964-02-01,Cleveland median,3m,0.19166328357180795
1964-03-01,Cleveland median,3m,0.3205893254967451
1964-04-01,Cleveland median,3m,0.298725247483711
1964-05-01,Cleveland median,3m,0.1286794107411504
1964-06-01,Cleveland median,3m,0
1964-07-01,Cleveland median,3m,0
1964-08-01,Cleveland median,3m,0
1964-09-01,Cleveland median,3m,0
1964-10-01,Cleveland median,3m,0
1964-11-01,Cleveland median,3m,0
1964-12-01,Cleveland median,3m,0.018796992429215287
1965-01-01,Cleveland median,3m,0.03706067903435084
1965-02-01,Cleveland median,3m,0.4183864658688252
1965-03-01,Cleveland median,3m,0.40756138580533285
1965-04-01,Cleveland median,3m,0.3892300571808782
1965-05-01,Cleveland median,3m,0.21764785728894953
1965-06-01,Cleveland median,3m,0.24369662466960929
1965-07-01,Cleveland median,3m,0.2808153270259961
1965-08-01,Cleveland median,3m,0.07105032556420365
1965-09-01,Cleveland median,3m,0.10270187741301395
1965-10-01,Cleveland median,3m,0.07692235946512582
1965-11-01,Cleveland median,3m,0.08624040020404067
1965-12-01,Cleveland median,3m,0.7471958459194017
1966-01-01,Cleveland median,3m,1.6675889445518566
1966-02-01,Cleveland median,3m,2.460710322487225
1966-03-01,Cleveland median,3m,2.6378279301874974
1966-04-01,Cleveland median,3m,1.7086281059780717
1966-05-01,Cleveland median,3m,2.323760524879681
1966-06-01,Cleveland median,3m,1.8529231032292648
1966-07-01,Cleveland median,3m,2.6727505449691824
1966-08-01,Cleveland median,3m,2.128638196801802
1966-09-01,Cleveland median,3m,2.4648227544623147
1966-10-01,Cleveland median,3m,3.0195101133860147
1966-11-01,Cleveland median,3m,3.5257953002285403
1966-12-01,Cleveland median,3m,3.432072275448683
1967-01-01,Cleveland median,3m,2.932055153669144
1967-02-01,Cleveland median,3m,2.512239157036178
1967-03-01,Cleveland median,3m,2.9001738897779905
1967-04-01,Cleveland median,3m,2.028700121129945
1967-05-01,Cleveland median,3m,1.9094775466822478
1967-06-01,Cleveland median,3m,1.615836387207037
1967-07-01,Cleveland median,3m,2.782406283429961
1967-08-01,Cleveland median,3m,3.050328066028607
1967-09-01,Cleveland median,3m,3.2368957193275705
1967-10-01,Cleveland median,3m,3.408786626948368
1967-11-01,Cleveland median,3m,3.5826088644942855
1967-12-01,Cleveland median,3m,3.67352137700494
1968-01-01,Cleveland median,3m,3.369540452604314
1968-02-01,Cleveland median,3m,3.589428461176425
1968-03-01,Cleveland median,3m,4.063346161592496
1968-04-01,Cleveland median,3m,4.050753299987386
1968-05-01,Cleveland median,3m,3.992142060138959
1968-06-01,Cleveland median,3m,4.004738015146425
1968-07-01,Cleveland median,3m,4.467877288969868
1968-08-01,Cleveland median,3m,4.096511100179034
1968-09-01,Cleveland median,3m,4.021407610890426
1968-10-01,Cleveland median,3m,4.017135831432084
1968-11-01,Cleveland median,3m,4.4676859009027625
1968-12-01,Cleveland median,3m,4.553177747154513
1969-01-01,Cleveland median,3m,4.552228709066197
1969-02-01,Cleveland median,3m,4.511273563557006
1969-03-01,Cleveland median,3m,3.997054619837792
1969-04-01,Cleveland median,3m,4.005224094545534
1969-05-01,Cleveland median,3m,4.0521888829904595
1969-06-01,Cleveland median,3m,4.427754554411778
1969-07-01,Cleveland median,3m,4.380290425652245
1969-08-01,Cleveland median,3m,4.703274918797984
1969-09-01,Cleveland median,3m,4.6060151117392145
1969-10-01,Cleveland median,3m,4.621241159563039
1969-11-01,Cleveland median,3m,4.24265570628628
1969-12-01,Cleveland median,3m,4.39594560723886
1970-01-01,Cleveland median,3m,4.410704069985538
1970-02-01,Cleveland median,3m,4.394840157198376
1970-03-01,Cleveland median,3m,4.350734151307978
1970-04-01,Cleveland median,3m,4.441132791216651
1970-05-01,Cleveland median,3m,4.546991979833526
1970-06-01,Cleveland median,3m,4.5318452877677995
1970-07-01,Cleveland median,3m,4.384566232434151
1970-08-01,Cleveland median,3m,4.248171276125201
1970-09-01,Cleveland median,3m,4.169800778750399
1970-10-01,Cleveland median,3m,4.1921080484708995
1970-11-01,Cleveland median,3m,4.37792146073821
1970-12-01,Cleveland median,3m,4.4493938520015375
1971-01-01,Cleveland median,3m,5.063089987950908
1971-02-01,Cleveland median,3m,4.814252274267994
1971-03-01,Cleveland median,3m,4.508430721518852
1971-04-01,Cleveland median,3m,3.509580977815152
1971-05-01,Cleveland median,3m,3.4957682612687835
1971-06-01,Cleveland median,3m,3.786158654692673
1971-07-01,Cleveland median,3m,4.08649992647081
1971-08-01,Cleveland median,3m,4.022964423564557
1971-09-01,Cleveland median,3m,3.9891344313346844
1971-10-01,Cleveland median,3m,3.741934878205866
1971-11-01,Cleveland median,3m,2.673843395626352
1971-12-01,Cleveland median,3m,2.176668257258574
1972-01-01,Cleveland median,3m,2.18070558992709
1972-02-01,Cleveland median,3m,3.113143705480992
1972-03-01,Cleveland median,3m,3.34302593155158
1972-04-01,Cleveland median,3m,3.246170833917783
1972-05-01,Cleveland median,3m,2.842507139910322
1972-06-01,Cleveland median,3m,2.5404520740849756
1972-07-01,Cleveland median,3m,2.417865408552733
1972-08-01,Cleveland median,3m,2.8040468408664365
1972-09-01,Cleveland median,3m,3.3060001396751026
1972-10-01,Cleveland median,3m,3.7107505341147817
1972-11-01,Cleveland median,3m,3.541391842703323
1972-12-01,Cleveland median,3m,3.536419258302659
1973-01-01,Cleveland median,3m,3.4449310061651417
1973-02-01,Cleveland median,3m,3.4098782646678982
1973-03-01,Cleveland median,3m,3.4672354091909163
1973-04-01,Cleveland median,3m,3.628046550025288
1973-05-01,Cleveland median,3m,4.966476168915923
1973-06-01,Cleveland median,3m,5.350279108992284
1973-07-01,Cleveland median,3m,5.754407415718976
1973-08-01,Cleveland median,3m,4.432964357527225
1973-09-01,Cleveland median,3m,4.577363635552323
1973-10-01,Cleveland median,3m,4.0527462759913035
1973-11-01,Cleveland median,3m,4.466653417460664
1973-12-01,Cleveland median,3m,4.337795020300184
1974-01-01,Cleveland median,3m,5.556092029271409
1974-02-01,Cleveland median,3m,6.511624233442093
1974-03-01,Cleveland median,3m,7.4222099410321984
1974-04-01,Cleveland median,3m,7.902004459584022
1974-05-01,Cleveland median,3m,8.16952784037317
1974-06-01,Cleveland median,3m,9.41676675986729
1974-07-01,Cleveland median,3m,9.268469591035998
1974-08-01,Cleveland median,3m,9.555418635040414
1974-09-01,Cleveland median,3m,9.885301516147415
1974-10-01,Cleveland median,3m,10.409628374726122
1974-11-01,Cleveland median,3m,10.548469561548778
1974-12-01,Cleveland median,3m,8.718256700218063
1975-01-01,Cleveland median,3m,7.821711053101921
1975-02-01,Cleveland median,3m,7.758144575294734
1975-03-01,Cleveland median,3m,7.725291832348158
1975-04-01,Cleveland median,3m,6.576953644957229
1975-05-01,Cleveland median,3m,5.843469822484826
1975-06-01,Cleveland median,3m,5.002186405137765
1975-07-01,Cleveland median,3m,5.671526913633063
1975-08-01,Cleveland median,3m,5.773350912218755
1975-09-01,Cleveland median,3m,5.868535845804201
1975-10-01,Cleveland median,3m,6.166023445640323
1975-11-01,Cleveland median,3m,6.5981272314803885
1975-12-01,Cleveland median,3m,7.243128081108829
1976-01-01,Cleveland median,3m,7.191687271516756
1976-02-01,Cleveland median,3m,6.241947375968104
1976-03-01,Cleveland median,3m,6.01297274854431
1976-04-01,Cleveland median,3m,5.247472899917938
1976-05-01,Cleveland median,3m,4.61734526374753
1976-06-01,Cleveland median,3m,4.756111330140578
1976-07-01,Cleveland median,3m,5.281071237225521
1976-08-01,Cleveland median,3m,6.100641987804578
1976-09-01,Cleveland median,3m,6.4234263884159315
1976-10-01,Cleveland median,3m,6.564695779242502
1976-11-01,Cleveland median,3m,6.60906661523375
1976-12-01,Cleveland median,3m,6.20690370227257
1977-01-01,Cleveland median,3m,5.948370603874054
1977-02-01,Cleveland median,3m,6.544440957450504
1977-03-01,Cleveland median,3m,7.203759782578656
1977-04-01,Cleveland median,3m,7.757602784154161
1977-05-01,Cleveland median,3m,7.064573865180557
1977-06-01,Cleveland median,3m,6.417123656842305
1977-07-01,Cleveland median,3m,6.29355553901314
1977-08-01,Cleveland median,3m,6.323265962971458
1977-09-01,Cleveland median,3m,6.37654801332177
1977-10-01,Cleveland median,3m,5.845360006106759
1977-11-01,Cleveland median,3m,5.740320232561857
1977-12-01,Cleveland median,3m,6.161681023192123
1978-01-01,Cleveland median,3m,6.331392544243619
1978-02-01,Cleveland median,3m,6.379658588105586
1978-03-01,Cleveland median,3m,5.692500802167211
1978-04-01,Cleveland median,3m,5.917393698253659
1978-05-01,Cleveland median,3m,6.377435684384758
1978-06-01,Cleveland median,3m,7.335948117849611
1978-07-01,Cleveland median,3m,7.1231859771855754
1978-08-01,Cleveland median,3m,6.974148026850391
1978-09-01,Cleveland median,3m,6.317210288988306
1978-10-01,Cleveland median,3m,7.098242558766277
1978-11-01,Cleveland median,3m,7.808281256772243
1978-12-01,Cleveland median,3m,8.356786272852435
1979-01-01,Cleveland median,3m,7.9087595341485795
1979-02-01,Cleveland median,3m,7.679516804732223
1979-03-01,Cleveland median,3m,7.928137369240562
1979-04-01,Cleveland median,3m,8.16252770913206
1979-05-01,Cleveland median,3m,7.541216223961911
1979-06-01,Cleveland median,3m,7.946880170879278
1979-07-01,Cleveland median,3m,8.060723196626318
1979-08-01,Cleveland median,3m,8.597344120008255
1979-09-01,Cleveland median,3m,8.442933887180892
1979-10-01,Cleveland median,3m,8.889812192078118
1979-11-01,Cleveland median,3m,9.890680983958443
1979-12-01,Cleveland median,3m,9.424869036031325
1980-01-01,Cleveland median,3m,9.060879592159864
1980-02-01,Cleveland median,3m,9.058830973917843
1980-03-01,Cleveland median,3m,9.749573018656243
1980-04-01,Cleveland median,3m,10.349479658200433
1980-05-01,Cleveland median,3m,9.26802239318192
1980-06-01,Cleveland median,3m,9.017903408857176
1980-07-01,Cleveland median,3m,8.971268558160439
1980-08-01,Cleveland median,3m,8.808348991072034
1980-09-01,Cleveland median,3m,8.536447483703903
1980-10-01,Cleveland median,3m,8.716256949528201
1980-11-01,Cleveland median,3m,9.464204556854883
1980-12-01,Cleveland median,3m,9.60210442401972
1981-01-01,Cleveland median,3m,9.203099522818503
1981-02-01,Cleveland median,3m,9.31513089825373
1981-03-01,Cleveland median,3m,9.494326772880711
1981-04-01,Cleveland median,3m,9.289337669426745
1981-05-01,Cleveland median,3m,8.76782076449949
1981-06-01,Cleveland median,3m,7.771036805554532
1981-07-01,Cleveland median,3m,7.124592013433317
1981-08-01,Cleveland median,3m,7.204004994095303
1981-09-01,Cleveland median,3m,7.50227955079843
1981-10-01,Cleveland median,3m,8.173996689263374
1981-11-01,Cleveland median,3m,7.570700158156907
1981-12-01,Cleveland median,3m,7.172044774394437
1982-01-01,Cleveland median,3m,6.321554174429922
1982-02-01,Cleveland median,3m,6.178343839107936
1982-03-01,Cleveland median,3m,5.479280468483627
1982-04-01,Cleveland median,3m,5.592218279335759
1982-05-01,Cleveland median,3m,4.770551298330572
1982-06-01,Cleveland median,3m,5.406502771445787
1982-07-01,Cleveland median,3m,5.428076964035444
1982-08-01,Cleveland median,3m,6.7626011603658
1982-09-01,Cleveland median,3m,6.320078019546949
1982-10-01,Cleveland median,3m,5.818390820225372
1982-11-01,Cleveland median,3m,5.338071883111839
1982-12-01,Cleveland median,3m,4.866580425376044
1983-01-01,Cleveland median,3m,4.5234910269702056
1983-02-01,Cleveland median,3m,4.427194198471529
1983-03-01,Cleveland median,3m,4.612569578734771
1983-04-01,Cleveland median,3m,4.109676229290704
1983-05-01,Cleveland median,3m,4.16779993509111
1983-06-01,Cleveland median,3m,3.7502651302999235
1983-07-01,Cleveland median,3m,4.212677287784317
1983-08-01,Cleveland median,3m,3.756282824131185
1983-09-01,Cleveland median,3m,3.99552134051675
1983-10-01,Cleveland median,3m,4.3328235481422395
1983-11-01,Cleveland median,3m,3.749700767261155
1983-12-01,Cleveland median,3m,4.284721475067665
1984-01-01,Cleveland median,3m,3.6988071527251476
1984-02-01,Cleveland median,3m,4.3069741258006555
1984-03-01,Cleveland median,3m,4.284632849967851
1984-04-01,Cleveland median,3m,4.852817964852862
1984-05-01,Cleveland median,3m,5.099598376872527
1984-06-01,Cleveland median,3m,4.28524007017046
1984-07-01,Cleveland median,3m,4.2007506266529715
1984-08-01,Cleveland median,3m,4.2423152063715275
1984-09-01,Cleveland median,3m,4.778990834988295
1984-10-01,Cleveland median,3m,4.983958164441482
1984-11-01,Cleveland median,3m,4.369480579202012
1984-12-01,Cleveland median,3m,4.012086391205272
1985-01-01,Cleveland median,3m,4.225709265961708
1985-02-01,Cleveland median,3m,4.222569878180638
1985-03-01,Cleveland median,3m,5.055578671568894
1985-04-01,Cleveland median,3m,4.585843213379648
1985-05-01,Cleveland median,3m,4.182362605839618
1985-06-01,Cleveland median,3m,3.6789587434685522
1985-07-01,Cleveland median,3m,3.8303239255134347
1985-08-01,Cleveland median,3m,3.7451817137649446
1985-09-01,Cleveland median,3m,3.7354940362703593
1985-10-01,Cleveland median,3m,3.3241457243124772
1985-11-01,Cleveland median,3m,3.660154216361877
1985-12-01,Cleveland median,3m,3.36552275493196
1986-01-01,Cleveland median,3m,3.757208181880678
1986-02-01,Cleveland median,3m,4.2502559613955215
1986-03-01,Cleveland median,3m,4.236126172458321
1986-04-01,Cleveland median,3m,3.621058667794097
1986-05-01,Cleveland median,3m,3.4703094058203154
1986-06-01,Cleveland median,3m,3.2288152905972423
1986-07-01,Cleveland median,3m,3.790864860478149
1986-08-01,Cleveland median,3m,3.3732083637359356
1986-09-01,Cleveland median,3m,3.6983689488117255
1986-10-01,Cleveland median,3m,3.5723254651606196
1986-11-01,Cleveland median,3m,4.333668518841205
1986-12-01,Cleveland median,3m,4.299544125235744
1987-01-01,Cleveland median,3m,4.186729478101703
1987-02-01,Cleveland median,3m,4.036775552113991
1987-03-01,Cleveland median,3m,4.252178839414755
1987-04-01,Cleveland median,3m,4.5028246131533
1987-05-01,Cleveland median,3m,4.924607237763312
1987-06-01,Cleveland median,3m,4.834117139241978
1987-07-01,Cleveland median,3m,4.559113857788555
1987-08-01,Cleveland median,3m,3.668201487588907
1987-09-01,Cleveland median,3m,4.450872917554105
1987-10-01,Cleveland median,3m,4.385780525374172
1987-11-01,Cleveland median,3m,4.6729443742265175
1987-12-01,Cleveland median,3m,3.780909520202469
1988-01-01,Cleveland median,3m,3.5731039620250593
1988-02-01,Cleveland median,3m,3.983889094139492
1988-03-01,Cleveland median,3m,4.141074809528256
1988-04-01,Cleveland median,3m,4.62064376482858
1988-05-01,Cleveland median,3m,4.271743708086362
1988-06-01,Cleveland median,3m,4.095521587294071
1988-07-01,Cleveland median,3m,4.279661889269715
1988-08-01,Cleveland median,3m,4.554532851427151
1988-09-01,Cleveland median,3m,4.894731568039146
1988-10-01,Cleveland median,3m,4.982848217440439
1988-11-01,Cleveland median,3m,4.4405867793573695
1988-12-01,Cleveland median,3m,4.243185703535346
1989-01-01,Cleveland median,3m,3.6920180669275826
1989-02-01,Cleveland median,3m,4.254907171805766
1989-03-01,Cleveland median,3m,4.319519987066345
1989-04-01,Cleveland median,3m,4.4963240004396
1989-05-01,Cleveland median,3m,4.2458976067996534
1989-06-01,Cleveland median,3m,4.5768564900523945
1989-07-01,Cleveland median,3m,4.327406755090646
1989-08-01,Cleveland median,3m,4.3273701201177905
1989-09-01,Cleveland median,3m,4.065524407470633
1989-10-01,Cleveland median,3m,4.337641965767358
1989-11-01,Cleveland median,3m,4.784698996178149
1989-12-01,Cleveland median,3m,4.705304848169245
1990-01-01,Cleveland median,3m,4.77116783987106
1990-02-01,Cleveland median,3m,4.284289293951993
1990-03-01,Cleveland median,3m,4.460154798830684
1990-04-01,Cleveland median,3m,5.124435320865195
1990-05-01,Cleveland median,3m,5.019279081748751
1990-06-01,Cleveland median,3m,4.519271038170114
1990-07-01,Cleveland median,3m,4.292207731772568
1990-08-01,Cleveland median,3m,4.415927658519103
1990-09-01,Cleveland median,3m,5.177989069823541
1990-10-01,Cleveland median,3m,4.713969892240066
1990-11-01,Cleveland median,3m,4.494214960654541
1990-12-01,Cleveland median,3m,3.7454576122938343
1991-01-01,Cleveland median,3m,3.6108647058528787
1991-02-01,Cleveland median,3m,3.556762118810153
1991-03-01,Cleveland median,3m,3.2861866925941063
1991-04-01,Cleveland median,3m,2.7791187409260454
1991-05-01,Cleveland median,3m,2.571990086136222
1991-06-01,Cleveland median,3m,3.2523038813818905
1991-07-01,Cleveland median,3m,3.2224919693237375
1991-08-01,Cleveland median,3m,3.0845614616755057
1991-09-01,Cleveland median,3m,2.505156495690941
1991-10-01,Cleveland median,3m,2.8140429106454867
1991-11-01,Cleveland median,3m,3.0455365291067293
1991-12-01,Cleveland median,3m,3.454019613389958
1992-01-01,Cleveland median,3m,3.7128689843148432
1992-02-01,Cleveland median,3m,3.5247860978384393
1992-03-01,Cleveland median,3m,3.3022900535550903
1992-04-01,Cleveland median,3m,3.101201836426193
1992-05-01,Cleveland median,3m,2.9492980743123898
1992-06-01,Cleveland median,3m,2.7352184433885984
1992-07-01,Cleveland median,3m,2.261195036443686
1992-08-01,Cleveland median,3m,2.3807766676199105
1992-09-01,Cleveland median,3m,2.384113730832804
1992-10-01,Cleveland median,3m,2.618298934772567
1992-11-01,Cleveland median,3m,3.0244637080222514
1992-12-01,Cleveland median,3m,3.545987781299731
1993-01-01,Cleveland median,3m,3.7068481754712
1993-02-01,Cleveland median,3m,3.426414484512108
1993-03-01,Cleveland median,3m,3.0910039749053597
1993-04-01,Cleveland median,3m,2.993836952088791
1993-05-01,Cleveland median,3m,3.1164118509763528
1993-06-01,Cleveland median,3m,3.202186038768029
1993-07-01,Cleveland median,3m,3.0335370925626437
1993-08-01,Cleveland median,3m,2.60741846889625
1993-09-01,Cleveland median,3m,2.300026739875416
1993-10-01,Cleveland median,3m,2.084313634899737
1993-11-01,Cleveland median,3m,2.229800016117145
1993-12-01,Cleveland median,3m,2.3336372251457904
1994-01-01,Cleveland median,3m,2.7997487955455203
1994-02-01,Cleveland median,3m,2.8969151535755966
1994-03-01,Cleveland median,3m,3.1141335969300687
1994-04-01,Cleveland median,3m,3.201724446719867
1994-05-01,Cleveland median,3m,2.945699901618526
1994-06-01,Cleveland median,3m,3.089398953903677
1994-07-01,Cleveland median,3m,2.792598119238132
1994-08-01,Cleveland median,3m,2.8301150530763097
1994-09-01,Cleveland median,3m,2.3674357202542406
1994-10-01,Cleveland median,3m,2.256250754458944
1994-11-01,Cleveland median,3m,2.328681935565835
1994-12-01,Cleveland median,3m,2.578921211405616
1995-01-01,Cleveland median,3m,2.5338656666388903
1995-02-01,Cleveland median,3m,3.0509029218011463
1995-03-01,Cleveland median,3m,2.7732950238509524
1995-04-01,Cleveland median,3m,3.226458664742915
1995-05-01,Cleveland median,3m,2.7841856960493683
1995-06-01,Cleveland median,3m,2.770690571539025
1995-07-01,Cleveland median,3m,2.333135969857425
1995-08-01,Cleveland median,3m,2.1142968089076675
1995-09-01,Cleveland median,3m,2.1933138748928993
1995-10-01,Cleveland median,3m,2.3830924494155026
1995-11-01,Cleveland median,3m,2.7758201037756836
1995-12-01,Cleveland median,3m,2.8179761467225672
1996-01-01,Cleveland median,3m,2.7470275325907734
1996-02-01,Cleveland median,3m,2.4845337038585047
1996-03-01,Cleveland median,3m,2.300281873202459
1996-04-01,Cleveland median,3m,2.4222032592721376
1996-05-01,Cleveland median,3m,2.2688894978668994
1996-06-01,Cleveland median,3m,2.521974511200975
1996-07-01,Cleveland median,3m,2.3897825615705193
1996-08-01,Cleveland median,3m,2.7160687464412803
1996-09-01,Cleveland median,3m,2.6604521643059043
1996-10-01,Cleveland median,3m,2.799515011331666
1996-11-01,Cleveland median,3m,2.764237780375489
1996-12-01,Cleveland median,3m,2.846883902422692
1997-01-01,Cleveland median,3m,2.766878011021756
1997-02-01,Cleveland median,3m,2.7307192087969723
1997-03-01,Cleveland median,3m,2.5214385183478294
1997-04-01,Cleveland median,3m,2.5786778440273217
1997-05-01,Cleveland median,3m,2.4496882381404905
1997-06-01,Cleveland median,3m,2.2895253143051297
1997-07-01,Cleveland median,3m,2.2657799189271577
1997-08-01,Cleveland median,3m,2.2768417489570814
1997-09-01,Cleveland median,3m,2.332464409131152
1997-10-01,Cleveland median,3m,2.328849419538437
1997-11-01,Cleveland median,3m,2.2617991834822826
1997-12-01,Cleveland median,3m,2.341760170459617
1998-01-01,Cleveland median,3m,2.1000673342737253
1998-02-01,Cleveland median,3m,2.084646467641682
1998-03-01,Cleveland median,3m,2.141125964137136
1998-04-01,Cleveland median,3m,2.51873590255407
1998-05-01,Cleveland median,3m,2.5611673997435913
1998-06-01,Cleveland median,3m,2.747867724085129
1998-07-01,Cleveland median,3m,2.280613121777364
1998-08-01,Cleveland median,3m,2.289099674207451
1998-09-01,Cleveland median,3m,2.4011122940998275
1998-10-01,Cleveland median,3m,2.9644903161283542
1998-11-01,Cleveland median,3m,2.927864388506052
1998-12-01,Cleveland median,3m,2.671682340471171
1999-01-01,Cleveland median,3m,2.386388036869458
1999-02-01,Cleveland median,3m,2.469783666248171
1999-03-01,Cleveland median,3m,2.2172987380427722
1999-04-01,Cleveland median,3m,2.10979087105716
1999-05-01,Cleveland median,3m,2.1048751628792495
1999-06-01,Cleveland median,3m,2.3759041264385328
1999-07-01,Cleveland median,3m,2.312823058457436
1999-08-01,Cleveland median,3m,2.307967232087016
1999-09-01,Cleveland median,3m,2.303118396987114
1999-10-01,Cleveland median,3m,2.5122571421120954
1999-11-01,Cleveland median,3m,2.3043211994900448
1999-12-01,Cleveland median,3m,2.473908947200587
2000-01-01,Cleveland median,3m,2.339503624686645
2000-02-01,Cleveland median,3m,2.9867223525442244
2000-03-01,Cleveland median,3m,2.8451057993987394
2000-04-01,Cleveland median,3m,3.140110295088472
2000-05-01,Cleveland median,3m,2.6821034598609073
2000-06-01,Cleveland median,3m,2.644355718628022
2000-07-01,Cleveland median,3m,2.6360620158217607
2000-08-01,Cleveland median,3m,2.879301266312151
2000-09-01,Cleveland median,3m,2.7717478676489327
2000-10-01,Cleveland median,3m,2.859097007237388
2000-11-01,Cleveland median,3m,2.6416793440722675
2000-12-01,Cleveland median,3m,2.9328395610400015
2001-01-01,Cleveland median,3m,2.7296956465916233
2001-02-01,Cleveland median,3m,3.0945715787581207
2001-03-01,Cleveland median,3m,3.2909123705629595
2001-04-01,Cleveland median,3m,3.434297246166995
2001-05-01,Cleveland median,3m,3.2887338439667957
2001-06-01,Cleveland median,3m,3.0956363186397606
2001-07-01,Cleveland median,3m,3.199328120377065
2001-08-01,Cleveland median,3m,3.312988585998
2001-09-01,Cleveland median,3m,3.565541792049287
2001-10-01,Cleveland median,3m,3.4227594774960846
2001-11-01,Cleveland median,3m,3.278027931384142
2001-12-01,Cleveland median,3m,2.9848808425698037
2002-01-01,Cleveland median,3m,2.75536199652362
2002-02-01,Cleveland median,3m,2.6952218518684123
2002-03-01,Cleveland median,3m,2.806894216471245
2002-04-01,Cleveland median,3m,3.259857960754675
2002-05-01,Cleveland median,3m,3.0887512546468043
2002-06-01,Cleveland median,3m,2.812333540933487
2002-07-01,Cleveland median,3m,2.4706418284842657
2002-08-01,Cleveland median,3m,2.6673368663081343
2002-09-01,Cleveland median,3m,2.6081481489519387
2002-10-01,Cleveland median,3m,2.756896263502706
2002-11-01,Cleveland median,3m,2.6924805341563163
2002-12-01,Cleveland median,3m,2.877471420614097
2003-01-01,Cleveland median,3m,2.8005237978379727
2003-02-01,Cleveland median,3m,2.9838501458494315
2003-03-01,Cleveland median,3m,2.6424368200326898
2003-04-01,Cleveland median,3m,2.610120959202611
2003-05-01,Cleveland median,3m,1.7321619055166826
2003-06-01,Cleveland median,3m,1.6923359592158072
2003-07-01,Cleveland median,3m,1.315855169240221
2003-08-01,Cleveland median,3m,2.068207048349202
2003-09-01,Cleveland median,3m,2.293771639311304
2003-10-01,Cleveland median,3m,2.608090594527468
2003-11-01,Cleveland median,3m,2.663883195317651
2003-12-01,Cleveland median,3m,2.7452437634181814
2004-01-01,Cleveland median,3m,2.428821053836683
2004-02-01,Cleveland median,3m,2.161657916102655
2004-03-01,Cleveland median,3m,2.1674297204779647
2004-04-01,Cleveland median,3m,2.5631101488946317
2004-05-01,Cleveland median,3m,3.0494171907273993
2004-06-01,Cleveland median,3m,3.0738861794652905
2004-07-01,Cleveland median,3m,3.067304286866035
2004-08-01,Cleveland median,3m,2.6370085351101302
2004-09-01,Cleveland median,3m,2.5608526863111214
2004-10-01,Cleveland median,3m,2.2565822528113566
2004-11-01,Cleveland median,3m,2.0910817118796388
2004-12-01,Cleveland median,3m,1.951423290131249
2005-01-01,Cleveland median,3m,2.0644318788714644
2005-02-01,Cleveland median,3m,2.522720672719281
2005-03-01,Cleveland median,3m,2.9181070437090284
2005-04-01,Cleveland median,3m,2.9130238244791773
2005-05-01,Cleveland median,3m,2.4453004312461113
2005-06-01,Cleveland median,3m,2.2596111878734115
2005-07-01,Cleveland median,3m,2.0768644698880623
2005-08-01,Cleveland median,3m,2.387325423230857
2005-09-01,Cleveland median,3m,2.203751414875943
2005-10-01,Cleveland median,3m,2.7743810191433793
2005-11-01,Cleveland median,3m,2.863275801407017
2005-12-01,Cleveland median,3m,3.216853335840142
2006-01-01,Cleveland median,3m,2.7228297375008204
2006-02-01,Cleveland median,3m,2.874257978934369
2006-03-01,Cleveland median,3m,2.6171003052035458
2006-04-01,Cleveland median,3m,3.228191785357293
2006-05-01,Cleveland median,3m,3.2880764253692574
2006-06-01,Cleveland median,3m,3.9308843109912006
2006-07-01,Cleveland median,3m,4.044466006062386
2006-08-01,Cleveland median,3m,3.8793760653872855
2006-09-01,Cleveland median,3m,3.565850039025542
2006-10-01,Cleveland median,3m,3.191569788112014
2006-11-01,Cleveland median,3m,3.2468160062289586
2006-12-01,Cleveland median,3m,2.930375988882772
2007-01-01,Cleveland median,3m,3.1513720339046536
2007-02-01,Cleveland median,3m,3.2399559081631057
2007-03-01,Cleveland median,3m,3.559635489066193
2007-04-01,Cleveland median,3m,3.324520678468179
2007-05-01,Cleveland median,3m,2.7068077321765305
2007-06-01,Cleveland median,3m,2.2168178662832494
2007-07-01,Cleveland median,3m,2.0227329037407094
2007-08-01,Cleveland median,3m,2.136276932919956
2007-09-01,Cleveland median,3m,2.351054407733244
2007-10-01,Cleveland median,3m,2.7104308547296396
2007-11-01,Cleveland median,3m,3.0714760070698066
2007-12-01,Cleveland median,3m,3.539541199006657
2008-01-01,Cleveland median,3m,3.5049196657340964
2008-02-01,Cleveland median,3m,3.296282125379646
2008-03-01,Cleveland median,3m,2.731733494654831
2008-04-01,Cleveland median,3m,2.6322704800527674
2008-05-01,Cleveland median,3m,2.5772346337355145
2008-06-01,Cleveland median,3m,2.3013075148345497
2008-07-01,Cleveland median,3m,2.2251607447205
2008-08-01,Cleveland median,3m,2.440026713208754
2008-09-01,Cleveland median,3m,2.5574829382150055
2008-10-01,Cleveland median,3m,2.5922730816685613
2008-11-01,Cleveland median,3m,2.0984648109373616
2008-12-01,Cleveland median,3m,2.561146622774979
2009-01-01,Cleveland median,3m,1.8995693002128888
2009-02-01,Cleveland median,3m,2.346359005892773
2009-03-01,Cleveland median,3m,2.009176350919706
2009-04-01,Cleveland median,3m,2.4334758715085503
2009-05-01,Cleveland median,3m,1.9948086446262003
2009-06-01,Cleveland median,3m,1.9480969430269113
2009-07-01,Cleveland median,3m,1.8546163119127046
2009-08-01,Cleveland median,3m,1.3684463253863965
2009-09-01,Cleveland median,3m,1.064534467648004
2009-10-01,Cleveland median,3m,0.7223137028736781
2009-11-01,Cleveland median,3m,1.8315083086186235
2009-12-01,Cleveland median,3m,2.1850507035062527
2010-01-01,Cleveland median,3m,2.1323084861938124
2010-02-01,Cleveland median,3m,1.2035754848277902
2010-03-01,Cleveland median,3m,0.6762124354326327
2010-04-01,Cleveland median,3m,0.698437724568679
2010-05-01,Cleveland median,3m,0.7389752543733641
2010-06-01,Cleveland median,3m,0.7835443439518697
2010-07-01,Cleveland median,3m,0.9056627878788914
2010-08-01,Cleveland median,3m,0.7543283164775927
2010-09-01,Cleveland median,3m,1.1761840599141093
2010-10-01,Cleveland median,3m,1.322808259851871
2010-11-01,Cleveland median,3m,1.4732096782244852
2010-12-01,Cleveland median,3m,1.2463899917971588
2011-01-01,Cleveland median,3m,1.1250170892647349
2011-02-01,Cleveland median,3m,1.6048928514762029
2011-03-01,Cleveland median,3m,1.8113268424920559
2011-04-01,Cleveland median,3m,2.198246967798201
2011-05-01,Cleveland median,3m,2.172928165924981
2011-06-01,Cleveland median,3m,2.356960843062117
2011-07-01,Cleveland median,3m,2.2184066165704897
2011-08-01,Cleveland median,3m,2.1368128263050012
2011-09-01,Cleveland median,3m,2.1759395766427936
2011-10-01,Cleveland median,3m,2.230900501823574
2011-11-01,Cleveland median,3m,2.2899107473633107
2011-12-01,Cleveland median,3m,2.0386319293788757
2012-01-01,Cleveland median,3m,2.1249248451026492
2012-02-01,Cleveland median,3m,2.125713861760614
2012-03-01,Cleveland median,3m,2.060939045210919
2012-04-01,Cleveland median,3m,2.074199596467885
2012-05-01,Cleveland median,3m,2.0784818133310567
2012-06-01,Cleveland median,3m,2.0376305319822707
2012-07-01,Cleveland median,3m,1.6826382761570446
2012-08-01,Cleveland median,3m,1.5585360735485443
2012-09-01,Cleveland median,3m,1.8613106103313015
2012-10-01,Cleveland median,3m,2.1724955835149995
2012-11-01,Cleveland median,3m,2.238949022081793
2012-12-01,Cleveland median,3m,2.0015046947818416
2013-01-01,Cleveland median,3m,1.8957211558545906
2013-02-01,Cleveland median,3m,1.8783331816047077
2013-03-01,Cleveland median,3m,2.1246802764267825
2013-04-01,Cleveland median,3m,2.149211338512802
2013-05-01,Cleveland median,3m,1.9967524878637288
2013-06-01,Cleveland median,3m,1.9089677863862953
2013-07-01,Cleveland median,3m,2.075741977012413
2013-08-01,Cleveland median,3m,2.1690144884442875
2013-09-01,Cleveland median,3m,2.110648810739124
2013-10-01,Cleveland median,3m,2.014350141398724
2013-11-01,Cleveland median,3m,2.1498847600571525
2013-12-01,Cleveland median,3m,2.2745294665331928
2014-01-01,Cleveland median,3m,2.145867944800739
2014-02-01,Cleveland median,3m,2.0901674688977856
2014-03-01,Cleveland median,3m,1.8409465175787343
2014-04-01,Cleveland median,3m,1.8899732693124616
2014-05-01,Cleveland median,3m,2.037280248347173
2014-06-01,Cleveland median,3m,2.1909710257618897
2014-07-01,Cleveland median,3m,2.32778816521928
2014-08-01,Cleveland median,3m,2.3363233516241477
2014-09-01,Cleveland median,3m,2.2238775354610496
2014-10-01,Cleveland median,3m,2.230693982723553
2014-11-01,Cleveland median,3m,2.221623264426653
2014-12-01,Cleveland median,3m,2.5091499619201096
2015-01-01,Cleveland median,3m,2.2635483998228567
2015-02-01,Cleveland median,3m,2.109439268509239
2015-03-01,Cleveland median,3m,2.104907169894399
2015-04-01,Cleveland median,3m,2.088377764629268
2015-05-01,Cleveland median,3m,2.4270525964910084
2015-06-01,Cleveland median,3m,2.387183135024973
2015-07-01,Cleveland median,3m,2.5522403268123828
2015-08-01,Cleveland median,3m,2.33718359103372
2015-09-01,Cleveland median,3m,2.095854824428911
2015-10-01,Cleveland median,3m,2.1326224436327035
2015-11-01,Cleveland median,3m,1.8488076267625164
2015-12-01,Cleveland median,3m,1.8877177096645381
2016-01-01,Cleveland median,3m,1.6676377363961103
2016-02-01,Cleveland median,3m,2.0622267838069197
2016-03-01,Cleveland median,3m,2.263581606392817
2016-04-01,Cleveland median,3m,2.5932905805406525
2016-05-01,Cleveland median,3m,2.639474972450917
2016-06-01,Cleveland median,3m,2.7720662148424946
2016-07-01,Cleveland median,3m,2.5543713939192747
2016-08-01,Cleveland median,3m,2.3971461308035957
2016-09-01,Cleveland median,3m,2.1971898919091126
2016-10-01,Cleveland median,3m,2.2753838402651105
2016-11-01,Cleveland median,3m,2.0878407155969114
2016-12-01,Cleveland median,3m,1.8247665427824522
2017-01-01,Cleveland median,3m,1.813513180237969
2017-02-01,Cleveland median,3m,2.1342374010987486
2017-03-01,Cleveland median,3m,2.187832375891152
2017-04-01,Cleveland median,3m,2.1678994957084585
2017-05-01,Cleveland median,3m,1.7286675890515912
2017-06-01,Cleveland median,3m,1.61126130958813
2017-07-01,Cleveland median,3m,1.5787308548800727
2017-08-01,Cleveland median,3m,1.5088106907760412
2017-09-01,Cleveland median,3m,1.7209897887123127
2017-10-01,Cleveland median,3m,1.6218498589461783
2017-11-01,Cleveland median,3m,2.0174691056886074
2017-12-01,Cleveland median,3m,2.0846343137430834
2018-01-01,Cleveland median,3m,2.3040166569444187
2018-02-01,Cleveland median,3m,2.5166901405770714
2018-03-01,Cleveland median,3m,2.5547749447299095
2018-04-01,Cleveland median,3m,2.4452789767420047
2018-05-01,Cleveland median,3m,2.079142312976856
2018-06-01,Cleveland median,3m,2.1299182680914575
2018-07-01,Cleveland median,3m,2.2146572768557915
2018-08-01,Cleveland median,3m,2.1814349123307375
2018-09-01,Cleveland median,3m,2.1018155070873235
2018-10-01,Cleveland median,3m,2.2147864334630896
2018-11-01,Cleveland median,3m,2.4631421001286125
2018-12-01,Cleveland median,3m,2.7753149704957014
2019-01-01,Cleveland median,3m,2.6241784308211447
2019-02-01,Cleveland median,3m,2.582396336547954
2019-03-01,Cleveland median,3m,2.495736174619867
2019-04-01,Cleveland median,3m,2.6212698295311254
2019-05-01,Cleveland median,3m,3.1183727356828506
2019-06-01,Cleveland median,3m,2.857535600982253
2019-07-01,Cleveland median,3m,2.6425655051833807
2019-08-01,Cleveland median,3m,2.216327107022953
2019-09-01,Cleveland median,3m,2.3307348881138834
2019-10-01,Cleveland median,3m,2.445419844679142
2019-11-01,Cleveland median,3m,2.2903333152082705
2019-12-01,Cleveland median,3m,2.1352190274592564
2020-01-01,Cleveland median,3m,2.4263253572309296
2020-02-01,Cleveland median,3m,2.7284880914499654
2020-03-01,Cleveland median,3m,2.9668398548255315
2020-04-01,Cleveland median,3m,2.6094371919653137
2020-05-01,Cleveland median,3m,2.3184510650058776
2020-06-01,Cleveland median,3m,2.3611564681367714
2020-07-01,Cleveland median,3m,2.30768130382053
2020-08-01,Cleveland median,3m,2.3817782875040328
2020-09-01,Cleveland median,3m,2.127960733691947
2020-10-01,Cleveland median,3m,1.8657340504339093
2020-11-01,Cleveland median,3m,1.745040167724543
2020-12-01,Cleveland median,3m,1.3425378077322803
2021-01-01,Cleveland median,3m,1.579782437606836
2021-02-01,Cleveland median,3m,1.4034076862976974
2021-03-01,Cleveland median,3m,2.1169467659902796
2021-04-01,Cleveland median,3m,2.479900116788314
2021-05-01,Cleveland median,3m,2.8925581527194044
2021-06-01,Cleveland median,3m,3.065816717256631
2021-07-01,Cleveland median,3m,3.141334028664766
2021-08-01,Cleveland median,3m,3.2766242523491806
2021-09-01,Cleveland median,3m,3.280570153905127
2021-10-01,Cleveland median,3m,3.824935357743975
2021-11-01,Cleveland median,3m,4.553210424867382
2021-12-01,Cleveland median,3m,5.084390092564606
2022-01-01,Cleveland median,3m,5.103158239469918
2022-02-01,Cleveland median,3m,5.652525089867333
2022-03-01,Cleveland median,3m,5.8088242835740544
2022-04-01,Cleveland median,3m,5.391009619331255
2022-05-01,Cleveland median,3m,4.9619116604187274
2022-06-01,Cleveland median,3m,5.5085723551829835
2022-07-01,Cleveland median,3m,7.3029694510659215
2022-08-01,Cleveland median,3m,7.052666891552417
2022-09-01,Cleveland median,3m,7.026660826434372
2022-10-01,Cleveland median,3m,5.6207019688278015
2022-11-01,Cleveland median,3m,6.068483349619558
2022-12-01,Cleveland median,3m,5.263838651588637
2023-01-01,Cleveland median,3m,5.137132248259779
2023-02-01,Cleveland median,3m,5.230827998791088
2023-03-01,Cleveland median,3m,5.068165689879622
2023-04-01,Cleveland median,3m,4.956188488983204
2023-05-01,Cleveland median,3m,4.210154379577613
2023-06-01,Cleveland median,3m,4.104917153688525
2023-07-01,Cleveland median,3m,3.7229591886253965
2023-08-01,Cleveland median,3m,3.292583319356801
2023-09-01,Cleveland median,3m,3.057757776407044
2023-10-01,Cleveland median,3m,3.3854063696739045
2023-11-01,Cleveland median,3m,3.351273712745284
2023-12-01,Cleveland median,3m,3.32458933566131
2024-01-01,Cleveland median,3m,2.7061694356308896
2024-02-01,Cleveland median,3m,3.7471466726658464
2024-03-01,Cleveland median,3m,4.066019313871494
2024-04-01,Cleveland median,3m,4.709600844775119
2024-05-01,Cleveland median,3m,3.588422966673366
2024-06-01,Cleveland median,3m,3.4007341466172125
2024-07-01,Cleveland median,3m,2.8983907562525113
2024-08-01,Cleveland median,3m,2.547764422291121
2024-09-01,Cleveland median,3m,2.315305676612156
2024-10-01,Cleveland median,3m,2.7752240922667593
2024-11-01,Cleveland median,3m,3.2842121806170077
2024-12-01,Cleveland median,3m,3.302802153162143
2025-01-01,Cleveland median,3m,3.2813726071851956
2025-02-01,Cleveland median,3m,3.2005891901184746
2025-03-01,Cleveland median,3m,3.3858320992771196
2025-04-01,Cleveland median,3m,3.4600935233832564
2025-05-01,Cleveland median,3m,3.68519315172926
2025-06-01,Cleveland median,3m,3.4112403245961875
2025-07-01,Cleveland median,3m,3.3589690235974468
2025-08-01,Cleveland median,3m,2.8851253215486317
2025-09-01,Cleveland median,3m,3.244870143984868
2025-10-01,Cleveland median,3m,2.5667525443930916
2025-11-01,Cleveland median,3m,2.418948934912568
2025-12-01,Cleveland median,3m,1.8517564633227845
2026-01-01,Cleveland median,3m,2.398621526831879
2026-02-01,Cleveland median,3m,2.636179432545127
2026-03-01,Cleveland median,3m,2.887746157303228
2026-04-01,Cleveland median,3m,2.945181588726209
2026-05-01,Cleveland median,3m,2.8788782422762393
2026-06-01,Cleveland median,3m,3.157618774962123
2026-07-01,Cleveland median,3m,2.8502741194209147
1960-02-01,Cleveland median,12m,0.7413407132657035
1960-03-01,Cleveland median,12m,0.7324073674544795
1960-04-01,Cleveland median,12m,0.7324073674544795
1960-05-01,Cleveland median,12m,0.7029954532765448
1960-06-01,Cleveland median,12m,0.689256148800288
1960-07-01,Cleveland median,12m,0.4433786260045425
1960-08-01,Cleveland median,12m,0.6043471716734139
1960-09-01,Cleveland median,12m,0.6114399767475742
1960-10-01,Cleveland median,12m,0.43450376996692075
1960-11-01,Cleveland median,12m,0.42293337450021173
1960-12-01,Cleveland median,12m,0.452231128086078
1961-01-01,Cleveland median,12m,0.4563250212515024
1961-02-01,Cleveland median,12m,0.4563250212515024
1961-03-01,Cleveland median,12m,0.4563250212515024
1961-04-01,Cleveland median,12m,0.4563250212515024
1961-05-01,Cleveland median,12m,0.2346684849504399
1961-06-01,Cleveland median,12m,0.2346684849504399
1961-07-01,Cleveland median,12m,0.2346684849504399
1961-08-01,Cleveland median,12m,0.06805565679799397
1961-09-01,Cleveland median,12m,0.061001158690343615
1961-10-01,Cleveland median,12m,0.06499385500169375
1961-11-01,Cleveland median,12m,0.06499385500169375
1961-12-01,Cleveland median,12m,0.03900803864715918
1962-01-01,Cleveland median,12m,0.03039215646314375
1962-02-01,Cleveland median,12m,0.2259284482467594
1962-03-01,Cleveland median,12m,0.24340920667496047
1962-04-01,Cleveland median,12m,0.42125233645191607
1962-05-01,Cleveland median,12m,0.41363543321037977
1962-06-01,Cleveland median,12m,0.41363543321037977
1962-07-01,Cleveland median,12m,0.41363543321037977
1962-08-01,Cleveland median,12m,0.40252732058456697
1962-09-01,Cleveland median,12m,0.41099939275743846
1962-10-01,Cleveland median,12m,0.4051911622771076
1962-11-01,Cleveland median,12m,0.4051911622771076
1962-12-01,Cleveland median,12m,0.4019804564967755
1963-01-01,Cleveland median,12m,0.4019804564967755
1963-02-01,Cleveland median,12m,0.2949702329936743
1963-03-01,Cleveland median,12m,0.28105259382906755
1963-04-01,Cleveland median,12m,0.10345775373623578
1963-05-01,Cleveland median,12m,0.10345775373623578
1963-06-01,Cleveland median,12m,0.305938582232157
1963-07-01,Cleveland median,12m,0.305938582232157
1963-08-01,Cleveland median,12m,0.305938582232157
1963-09-01,Cleveland median,12m,0.2974753744543701
1963-10-01,Cleveland median,12m,0.2947103019383279
1963-11-01,Cleveland median,12m,0.48741392881126444
1963-12-01,Cleveland median,12m,0.48741392881126444
1964-01-01,Cleveland median,12m,0.4928897837471746
1964-02-01,Cleveland median,12m,0.44644603764585344
1964-03-01,Cleveland median,12m,0.4751647776646495
1964-04-01,Cleveland median,12m,0.4751647776646495
1964-05-01,Cleveland median,12m,0.4751647776646495
1964-06-01,Cleveland median,12m,0.2723423436691963
1964-07-01,Cleveland median,12m,0.2723423436691963
1964-08-01,Cleveland median,12m,0.2723423436691963
1964-09-01,Cleveland median,12m,0.2723423436691963
1964-10-01,Cleveland median,12m,0.2723423436691963
1964-11-01,Cleveland median,12m,0.0800511572489837
1964-12-01,Cleveland median,12m,0.08475383568598005
1965-01-01,Cleveland median,12m,0.0838685909176462
1965-02-01,Cleveland median,12m,0.13662082960266275
1965-03-01,Cleveland median,12m,0.10643868834516734
1965-04-01,Cleveland median,12m,0.10643868834516734
1965-05-01,Cleveland median,12m,0.15885729742399768
1965-06-01,Cleveland median,12m,0.16737203493122355
1965-07-01,Cleveland median,12m,0.17664335777785034
1965-08-01,Cleveland median,12m,0.17664335777785034
1965-09-01,Cleveland median,12m,0.19308057877345242
1965-10-01,Cleveland median,12m,0.19590236266338046
1965-11-01,Cleveland median,12m,0.198234560940036
1965-12-01,Cleveland median,12m,0.3750015305562071
1966-01-01,Cleveland median,12m,0.6017096517229259
1966-02-01,Cleveland median,12m,0.7038560535990612
1966-03-01,Cleveland median,12m,0.9278038398659705
1966-04-01,Cleveland median,12m,0.9306405638840332
1966-05-01,Cleveland median,12m,1.2288194929550356
1966-06-01,Cleveland median,12m,1.3304401771439212
1966-07-01,Cleveland median,12m,1.5271896243808314
1966-08-01,Cleveland median,12m,1.7452030807926011
1966-09-01,Cleveland median,12m,1.9229951616640317
1966-10-01,Cleveland median,12m,2.2654066062663514
1966-11-01,Cleveland median,12m,2.6083001241261172
1966-12-01,Cleveland median,12m,2.5953653348084416
1967-01-01,Cleveland median,12m,2.5819096019666476
1967-02-01,Cleveland median,12m,2.621198456702012
1967-03-01,Cleveland median,12m,2.6608619447365367
1967-04-01,Cleveland median,12m,2.66251958307131
1967-05-01,Cleveland median,12m,2.5171685694569845
1967-06-01,Cleveland median,12m,2.60106787900809
1967-07-01,Cleveland median,12m,2.6899198145122982
1967-08-01,Cleveland median,12m,2.7476889490290812
1967-09-01,Cleveland median,12m,2.7937990374842903
1967-10-01,Cleveland median,12m,2.786790431980246
1967-11-01,Cleveland median,12m,2.7617826864315242
1967-12-01,Cleveland median,12m,2.853736377752525
1968-01-01,Cleveland median,12m,2.895833760657207
1968-02-01,Cleveland median,12m,3.0306782911353913
1968-03-01,Cleveland median,12m,3.143174172812513
1968-04-01,Cleveland median,12m,3.4018977177365572
1968-05-01,Cleveland median,12m,3.5530860707403855
1968-06-01,Cleveland median,12m,3.744104072393384
1968-07-01,Cleveland median,12m,3.8232230178640636
1968-08-01,Cleveland median,12m,3.8149131552931426
1968-09-01,Cleveland median,12m,3.9406364616147993
1968-10-01,Cleveland median,12m,3.975584132289667
1968-11-01,Cleveland median,12m,4.035971584600029
1968-12-01,Cleveland median,12m,4.160419084164646
1969-01-01,Cleveland median,12m,4.271722115837395
1969-02-01,Cleveland median,12m,4.266657899538817
1969-03-01,Cleveland median,12m,4.14382677491425
1969-04-01,Cleveland median,12m,4.260313770155588
1969-05-01,Cleveland median,12m,4.281705974786498
1969-06-01,Cleveland median,12m,4.249561205005992
1969-07-01,Cleveland median,12m,4.238453686044452
1969-08-01,Cleveland median,12m,4.433335763712254
1969-09-01,Cleveland median,12m,4.395725953629137
1969-10-01,Cleveland median,12m,4.38947284900022
1969-11-01,Cleveland median,12m,4.37705122753298
1969-12-01,Cleveland median,12m,4.356454961008671
1970-01-01,Cleveland median,12m,4.354128820841119
1970-02-01,Cleveland median,12m,4.347968106269073
1970-03-01,Cleveland median,12m,4.445067481887444
1970-04-01,Cleveland median,12m,4.463300143214632
1970-05-01,Cleveland median,12m,4.47179990793658
1970-06-01,Cleveland median,12m,4.471084756517474
1970-07-01,Cleveland median,12m,4.464369928573908
1970-08-01,Cleveland median,12m,4.358090017163141
1970-09-01,Cleveland median,12m,4.362001109609803
1970-10-01,Cleveland median,12m,4.35708234603871
1970-11-01,Cleveland median,12m,4.391927441899091
1970-12-01,Cleveland median,12m,4.37535626230936
1971-01-01,Cleveland median,12m,4.519714495929916
1971-02-01,Cleveland median,12m,4.496619949415015
1971-03-01,Cleveland median,12m,4.414767379697948
1971-04-01,Cleveland median,12m,4.285867692719703
1971-05-01,Cleveland median,12m,4.2329443242555165
1971-06-01,Cleveland median,12m,4.2280542977215285
1971-07-01,Cleveland median,12m,4.2113417238883954
1971-08-01,Cleveland median,12m,4.176605173275849
1971-09-01,Cleveland median,12m,4.182833031335553
1971-10-01,Cleveland median,12m,4.098594815582568
1971-11-01,Cleveland median,12m,3.7487790845317948
1971-12-01,Cleveland median,12m,3.611417737256173
1972-01-01,Cleveland median,12m,3.377148609786196
1972-02-01,Cleveland median,12m,3.3252385112625626
1972-03-01,Cleveland median,12m,3.321351439987419
1972-04-01,Cleveland median,12m,3.3113174711957294
1972-05-01,Cleveland median,12m,3.161804970118376
1972-06-01,Cleveland median,12m,3.0099142210521235
1972-07-01,Cleveland median,12m,2.8947529264046423
1972-08-01,Cleveland median,12m,2.858261195547551
1972-09-01,Cleveland median,12m,2.8403204775619084
1972-10-01,Cleveland median,12m,2.8870196333458775
1972-11-01,Cleveland median,12m,3.074852783909532
1972-12-01,Cleveland median,12m,3.1807718495086235
1973-01-01,Cleveland median,12m,3.2037947296578384
1973-02-01,Cleveland median,12m,3.1489289835881618
1973-03-01,Cleveland median,12m,3.2117615009404465
1973-04-01,Cleveland median,12m,3.2990923975697584
1973-05-01,Cleveland median,12m,3.677427692567159
1973-06-01,Cleveland median,12m,3.9116655186202998
1973-07-01,Cleveland median,12m,4.130318021999058
1973-08-01,Cleveland median,12m,4.085698792832337
1973-09-01,Cleveland median,12m,4.229904894355974
1973-10-01,Cleveland median,12m,4.216056896350429
1973-11-01,Cleveland median,12m,4.317455000075321
1973-12-01,Cleveland median,12m,4.431007969157719
1974-01-01,Cleveland median,12m,4.743759920698665
1974-02-01,Cleveland median,12m,5.091049292092631
1974-03-01,Cleveland median,12m,5.414967505277679
1974-04-01,Cleveland median,12m,5.807440701767397
1974-05-01,Cleveland median,12m,5.883748396549615
1974-06-01,Cleveland median,12m,6.417812131082989
1974-07-01,Cleveland median,12m,6.675651958672857
1974-08-01,Cleveland median,12m,7.158930783893358
1974-09-01,Cleveland median,12m,7.743183777249607
1974-10-01,Cleveland median,12m,8.268882950285427
1974-11-01,Cleveland median,12m,8.68563189411875
1974-12-01,Cleveland median,12m,8.856661524366526
1975-01-01,Cleveland median,12m,8.845225919753519
1975-02-01,Cleveland median,12m,9.002236550499143
1975-03-01,Cleveland median,12m,8.933362686172375
1975-04-01,Cleveland median,12m,8.509517562046387
1975-05-01,Cleveland median,12m,8.41145988335834
1975-06-01,Cleveland median,12m,7.81756676045251
1975-07-01,Cleveland median,12m,7.605287753634005
1975-08-01,Cleveland median,12m,7.463453413381016
1975-09-01,Cleveland median,12m,6.818469740202571
1975-10-01,Cleveland median,12m,6.556087024258073
1975-11-01,Cleveland median,12m,6.4902883221811924
1975-12-01,Cleveland median,12m,6.454273480556272
1976-01-01,Cleveland median,12m,6.400087659201548
1976-02-01,Cleveland median,12m,6.113705963580762
1976-03-01,Cleveland median,12m,6.0286993003972444
1976-04-01,Cleveland median,12m,6.066705442241416
1976-05-01,Cleveland median,12m,5.805048096833465
1976-06-01,Cleveland median,12m,5.966524450126154
1976-07-01,Cleveland median,12m,5.968590422291897
1976-08-01,Cleveland median,12m,5.8868005851464345
1976-09-01,Cleveland median,12m,6.105103403674472
1976-10-01,Cleveland median,12m,6.067933371957213
1976-11-01,Cleveland median,12m,5.889517076988082
1976-12-01,Cleveland median,12m,5.847862345877375
1977-01-01,Cleveland median,12m,5.759015869661388
1977-02-01,Cleveland median,12m,5.9648092689632115
1977-03-01,Cleveland median,12m,6.143851598062655
1977-04-01,Cleveland median,12m,6.3840358643307615
1977-05-01,Cleveland median,12m,6.5791335159367526
1977-06-01,Cleveland median,12m,6.562126768064491
1977-07-01,Cleveland median,12m,6.638891463834606
1977-08-01,Cleveland median,12m,6.63499657056128
1977-09-01,Cleveland median,12m,6.550389961380065
1977-10-01,Cleveland median,12m,6.458474972186634
1977-11-01,Cleveland median,12m,6.41709012816396
1977-12-01,Cleveland median,12m,6.539045916163677
1978-01-01,Cleveland median,12m,6.554561321023322
1978-02-01,Cleveland median,12m,6.37591989073123
1978-03-01,Cleveland median,12m,6.1615724220294155
1978-04-01,Cleveland median,12m,6.096702581242619
1978-05-01,Cleveland median,12m,6.204827960709114
1978-06-01,Cleveland median,12m,6.389988673119462
1978-07-01,Cleveland median,12m,6.303122882635037
1978-08-01,Cleveland median,12m,6.3669954093763526
1978-09-01,Cleveland median,12m,6.375149263267388
1978-10-01,Cleveland median,12m,6.616311359460458
1978-11-01,Cleveland median,12m,6.883278559775108
1978-12-01,Cleveland median,12m,6.920816054099821
1979-01-01,Cleveland median,12m,7.009529033587447
1979-02-01,Cleveland median,12m,7.20829604466271
1979-03-01,Cleveland median,12m,7.481790309435765
1979-04-01,Cleveland median,12m,7.572147396058959
1979-05-01,Cleveland median,12m,7.500318287618435
1979-06-01,Cleveland median,12m,7.6344054888748625
1979-07-01,Cleveland median,12m,7.806745474252974
1979-08-01,Cleveland median,12m,7.90581321505015
1979-09-01,Cleveland median,12m,8.168432919409007
1979-10-01,Cleveland median,12m,8.254799913203058
1979-11-01,Cleveland median,12m,8.423151761975255
1979-12-01,Cleveland median,12m,8.43400978141644
1980-01-01,Cleveland median,12m,8.542603818972294
1980-02-01,Cleveland median,12m,8.768706207915876
1980-03-01,Cleveland median,12m,8.888635883111483
1980-04-01,Cleveland median,12m,9.087151372834
1980-05-01,Cleveland median,12m,9.202730474740783
1980-06-01,Cleveland median,12m,9.157728518505802
1980-07-01,Cleveland median,12m,9.316227367265316
1980-08-01,Cleveland median,12m,9.255737152836607
1980-09-01,Cleveland median,12m,9.181253408886313
1980-10-01,Cleveland median,12m,9.27264258579019
1980-11-01,Cleveland median,12m,9.14957946584154
1980-12-01,Cleveland median,12m,9.225436782496299
1981-01-01,Cleveland median,12m,9.308249197934138
1981-02-01,Cleveland median,12m,9.213651325808137
1981-03-01,Cleveland median,12m,9.161874506653245
1981-04-01,Cleveland median,12m,9.044763347463114
1981-05-01,Cleveland median,12m,9.088448006434003
1981-06-01,Cleveland median,12m,8.848398484311781
1981-07-01,Cleveland median,12m,8.57981762845752
1981-08-01,Cleveland median,12m,8.684086779752963
1981-09-01,Cleveland median,12m,8.58818177213112
1981-10-01,Cleveland median,12m,8.444168710142819
1981-11-01,Cleveland median,12m,8.211004375235076
1981-12-01,Cleveland median,12m,7.981216841561833
1982-01-01,Cleveland median,12m,7.721599098261556
1982-02-01,Cleveland median,12m,7.426232483389694
1982-03-01,Cleveland median,12m,6.977415752564764
1982-04-01,Cleveland median,12m,6.79878739144093
1982-05-01,Cleveland median,12m,6.4253397911898436
1982-06-01,Cleveland median,12m,6.385744775450353
1982-07-01,Cleveland median,12m,6.373413942259454
1982-08-01,Cleveland median,12m,6.315620800255406
1982-09-01,Cleveland median,12m,6.092050073823008
1982-10-01,Cleveland median,12m,5.789524959126413
1982-11-01,Cleveland median,12m,5.75962976722908
1982-12-01,Cleveland median,12m,5.516830871651335
1983-01-01,Cleveland median,12m,5.339393731741993
1983-02-01,Cleveland median,12m,5.32084562085251
1983-03-01,Cleveland median,12m,5.299404899385229
1983-04-01,Cleveland median,12m,4.967682790432693
1983-05-01,Cleveland median,12m,5.16903840863161
1983-06-01,Cleveland median,12m,4.883306315852187
1983-07-01,Cleveland median,12m,4.663843055442962
1983-08-01,Cleveland median,12m,4.420728201809676
1983-09-01,Cleveland median,12m,4.305259271512885
1983-10-01,Cleveland median,12m,4.294553489636033
1983-11-01,Cleveland median,12m,4.024847922363639
1983-12-01,Cleveland median,12m,4.160271137362259
1984-01-01,Cleveland median,12m,4.088222612689996
1984-02-01,Cleveland median,12m,3.9948957689899256
1984-03-01,Cleveland median,12m,4.078545283620394
1984-04-01,Cleveland median,12m,4.273474619156237
1984-05-01,Cleveland median,12m,4.226682643083457
1984-06-01,Cleveland median,12m,4.212453549356443
1984-07-01,Cleveland median,12m,4.2704910863323065
1984-08-01,Cleveland median,12m,4.348527790527279
1984-09-01,Cleveland median,12m,4.408177416575643
1984-10-01,Cleveland median,12m,4.432798123990334
1984-11-01,Cleveland median,12m,4.504019165924289
1984-12-01,Cleveland median,12m,4.339870954362723
1985-01-01,Cleveland median,12m,4.565203998808798
1985-02-01,Cleveland median,12m,4.482871824088641
1985-03-01,Cleveland median,12m,4.532177193682907
1985-04-01,Cleveland median,12m,4.4985797426493335
1985-05-01,Cleveland median,12m,4.254158585460122
1985-06-01,Cleveland median,12m,4.379915605014495
1985-07-01,Cleveland median,12m,4.405584312536437
1985-08-01,Cleveland median,12m,4.129638180177175
1985-09-01,Cleveland median,12m,4.11905876907368
1985-10-01,Cleveland median,12m,3.9904478113265807
1985-11-01,Cleveland median,12m,3.9522613927285732
1985-12-01,Cleveland median,12m,3.956873058260757
1986-01-01,Cleveland median,12m,3.873389414538919
1986-02-01,Cleveland median,12m,3.959164274484128
1986-03-01,Cleveland median,12m,3.753556774940492
1986-04-01,Cleveland median,12m,3.633003166282278
1986-05-01,Cleveland median,12m,3.781075251550159
1986-06-01,Cleveland median,12m,3.6407561193909643
1986-07-01,Cleveland median,12m,3.623155743683548
1986-08-01,Cleveland median,12m,3.6879244012257617
1986-09-01,Cleveland median,12m,3.6314820790569025
1986-10-01,Cleveland median,12m,3.6853242616893045
1986-11-01,Cleveland median,12m,3.8559392691365657
1986-12-01,Cleveland median,12m,3.8647991084987066
1987-01-01,Cleveland median,12m,3.7924640133675247
1987-02-01,Cleveland median,12m,3.8027301567272964
1987-03-01,Cleveland median,12m,3.86879774795712
1987-04-01,Cleveland median,12m,4.01256901327347
1987-05-01,Cleveland median,12m,4.165565836564689
1987-06-01,Cleveland median,12m,4.270277548175416
1987-07-01,Cleveland median,12m,4.204509567433945
1987-08-01,Cleveland median,12m,4.239800006607508
1987-09-01,Cleveland median,12m,4.458928484455682
1987-10-01,Cleveland median,12m,4.408514757412574
1987-11-01,Cleveland median,12m,4.324439516400247
1987-12-01,Cleveland median,12m,4.328828847050414
1988-01-01,Cleveland median,12m,4.254441107917439
1988-02-01,Cleveland median,12m,4.3111788157114805
1988-03-01,Cleveland median,12m,4.301021301989261
1988-04-01,Cleveland median,12m,4.28381347209319
1988-05-01,Cleveland median,12m,4.148537164008359
1988-06-01,Cleveland median,12m,4.116824010000086
1988-07-01,Cleveland median,12m,4.2140644817293405
1988-08-01,Cleveland median,12m,4.37043650822595
1988-09-01,Cleveland median,12m,4.227257965848374
1988-10-01,Cleveland median,12m,4.36276728023417
1988-11-01,Cleveland median,12m,4.312466710762974
1988-12-01,Cleveland median,12m,4.343130687120889
1989-01-01,Cleveland median,12m,4.392709574654208
1989-02-01,Cleveland median,12m,4.380368996634809
1989-03-01,Cleveland median,12m,4.387799844524287
1989-04-01,Cleveland median,12m,4.361683517672721
1989-05-01,Cleveland median,12m,4.373900138681108
1989-06-01,Cleveland median,12m,4.508262761191761
1989-07-01,Cleveland median,12m,4.373627072155428
1989-08-01,Cleveland median,12m,4.317161320756058
1989-09-01,Cleveland median,12m,4.301109637706801
1989-10-01,Cleveland median,12m,4.212890628360766
1989-11-01,Cleveland median,12m,4.402981745822387
1989-12-01,Cleveland median,12m,4.416511950420721
1990-01-01,Cleveland median,12m,4.482981469671254
1990-02-01,Cleveland median,12m,4.410336932014225
1990-03-01,Cleveland median,12m,4.451685565664221
1990-04-01,Cleveland median,12m,4.639636579507989
1990-05-01,Cleveland median,12m,4.6034508604668956
1990-06-01,Cleveland median,12m,4.437303463932096
1990-07-01,Cleveland median,12m,4.6308093709657605
1990-08-01,Cleveland median,12m,4.625641769881206
1990-09-01,Cleveland median,12m,4.71530125370796
1990-10-01,Cleveland median,12m,4.725028362385131
1990-11-01,Cleveland median,12m,4.55305549307834
1990-12-01,Cleveland median,12m,4.474487106280223
1991-01-01,Cleveland median,12m,4.43386833315107
1991-02-01,Cleveland median,12m,4.370225939278383
1991-03-01,Cleveland median,12m,4.179709572703394
1991-04-01,Cleveland median,12m,3.8464532683263553
1991-05-01,Cleveland median,12m,3.7567980469606077
1991-06-01,Cleveland median,12m,3.862551444903106
1991-07-01,Cleveland median,12m,3.5791369453299637
1991-08-01,Cleveland median,12m,3.424464278598127
1991-09-01,Cleveland median,12m,3.1963173890318775
1991-10-01,Cleveland median,12m,3.1060717850548203
1991-11-01,Cleveland median,12m,3.064123529181395
1991-12-01,Cleveland median,12m,3.1237670735945855
1992-01-01,Cleveland median,12m,3.1314392498908994
1992-02-01,Cleveland median,12m,3.05616663149213
1992-03-01,Cleveland median,12m,3.127786348135153
1992-04-01,Cleveland median,12m,3.2121412686573203
1992-05-01,Cleveland median,12m,3.150808434237362
1992-06-01,Cleveland median,12m,2.9984276952945033
1992-07-01,Cleveland median,12m,2.9709973398755807
1992-08-01,Cleveland median,12m,2.974296610126692
1992-09-01,Cleveland median,12m,2.9680079110796953
1992-10-01,Cleveland median,12m,2.9219516108726085
1992-11-01,Cleveland median,12m,2.969031643223441
1992-12-01,Cleveland median,12m,2.9908843150344255
1993-01-01,Cleveland median,12m,2.9204578548587046
1993-02-01,Cleveland median,12m,2.944562041464871
1993-03-01,Cleveland median,12m,2.9381815864061744
1993-04-01,Cleveland median,12m,2.8936532187132435
1993-05-01,Cleveland median,12m,2.986313157372944
1993-06-01,Cleveland median,12m,3.0549552664736135
1993-07-01,Cleveland median,12m,3.0873850800198666
1993-08-01,Cleveland median,12m,3.0432614754428267
1993-09-01,Cleveland median,12m,3.0337892600704075
1993-10-01,Cleveland median,12m,2.953016033680611
1993-11-01,Cleveland median,12m,2.8439819569543667
1993-12-01,Cleveland median,12m,2.730867589921737
1994-01-01,Cleveland median,12m,2.72714737330364
1994-02-01,Cleveland median,12m,2.712099111224142
1994-03-01,Cleveland median,12m,2.736629310527161
1994-04-01,Cleveland median,12m,2.778945481924344
1994-05-01,Cleveland median,12m,2.6695620444147083
1994-06-01,Cleveland median,12m,2.7085482270946315
1994-07-01,Cleveland median,12m,2.7188068136623222
1994-08-01,Cleveland median,12m,2.72522462638356
1994-09-01,Cleveland median,12m,2.7254635901605484
1994-10-01,Cleveland median,12m,2.762030966554785
1994-11-01,Cleveland median,12m,2.7500559013172943
1994-12-01,Cleveland median,12m,2.786964127819891
1995-01-01,Cleveland median,12m,2.6955200286321146
1995-02-01,Cleveland median,12m,2.7884763440417126
1995-03-01,Cleveland median,12m,2.7019193556816035
1995-04-01,Cleveland median,12m,2.7016726998571494
1995-05-01,Cleveland median,12m,2.7481357186261546
1995-06-01,Cleveland median,12m,2.6224495484946653
1995-07-01,Cleveland median,12m,2.586715899613612
1995-08-01,Cleveland median,12m,2.5688551434043694
1995-09-01,Cleveland median,12m,2.5787827827483234
1995-10-01,Cleveland median,12m,2.6185140156232967
1995-11-01,Cleveland median,12m,2.6807189176790702
1995-12-01,Cleveland median,12m,2.63849427826206
1996-01-01,Cleveland median,12m,2.671806947495292
1996-02-01,Cleveland median,12m,2.5393435373688877
1996-03-01,Cleveland median,12m,2.5201917167454235
1996-04-01,Cleveland median,12m,2.471236483528272
1996-05-01,Cleveland median,12m,2.4105840359378794
1996-06-01,Cleveland median,12m,2.458107888158323
1996-07-01,Cleveland median,12m,2.4854143001558526
1996-08-01,Cleveland median,12m,2.561131244367787
1996-09-01,Cleveland median,12m,2.574994888086035
1996-10-01,Cleveland median,12m,2.589465415616954
1996-11-01,Cleveland median,12m,2.558241589987742
1996-12-01,Cleveland median,12m,2.582203988148679
1997-01-01,Cleveland median,12m,2.594420066123737
1997-02-01,Cleveland median,12m,2.619776826850262
1997-03-01,Cleveland median,12m,2.6376006276688457
1997-04-01,Cleveland median,12m,2.633582059094808
1997-05-01,Cleveland median,12m,2.6651015561271363
1997-06-01,Cleveland median,12m,2.5793732576098627
1997-07-01,Cleveland median,12m,2.6024934603517735
1997-08-01,Cleveland median,12m,2.5551728590139433
1997-09-01,Cleveland median,12m,2.4973427335181375
1997-10-01,Cleveland median,12m,2.484850399207894
1997-11-01,Cleveland median,12m,2.4295882618392994
1997-12-01,Cleveland median,12m,2.3712585283226506
1998-01-01,Cleveland median,12m,2.318199171049784
1998-02-01,Cleveland median,12m,2.2681623263095307
1998-03-01,Cleveland median,12m,2.2761873107044472
1998-04-01,Cleveland median,12m,2.303248461845908
1998-05-01,Cleveland median,12m,2.295971390562568
1998-06-01,Cleveland median,12m,2.390565958903079
1998-07-01,Cleveland median,12m,2.3069579194612944
1998-08-01,Cleveland median,12m,2.2990363073032816
1998-09-01,Cleveland median,12m,2.4077333561779657
1998-10-01,Cleveland median,12m,2.4654653957282058
1998-11-01,Cleveland median,12m,2.465207917802781
1998-12-01,Cleveland median,12m,2.490167480930916
1999-01-01,Cleveland median,12m,2.53722632309874
1999-02-01,Cleveland median,12m,2.561714727813258
1999-03-01,Cleveland median,12m,2.509270408218889
1999-04-01,Cleveland median,12m,2.434818309430886
1999-05-01,Cleveland median,12m,2.4474502477461746
1999-06-01,Cleveland median,12m,2.416369234683735
1999-07-01,Cleveland median,12m,2.442881981863221
1999-08-01,Cleveland median,12m,2.452174112548877
1999-09-01,Cleveland median,12m,2.3918583125747572
1999-10-01,Cleveland median,12m,2.330210685748546
1999-11-01,Cleveland median,12m,2.2966550040662836
1999-12-01,Cleveland median,12m,2.3425140602202577
2000-01-01,Cleveland median,12m,2.3184940016708566
2000-02-01,Cleveland median,12m,2.4254279692532688
2000-03-01,Cleveland median,12m,2.4992974461107487
2000-04-01,Cleveland median,12m,2.5756293966306743
2000-05-01,Cleveland median,12m,2.5698822069763816
2000-06-01,Cleveland median,12m,2.5664252622850103
2000-07-01,Cleveland median,12m,2.656550899960819
2000-08-01,Cleveland median,12m,2.712782468272734
2000-09-01,Cleveland median,12m,2.6836829353892755
2000-10-01,Cleveland median,12m,2.7432729637540287
2000-11-01,Cleveland median,12m,2.797354229774429
2000-12-01,Cleveland median,12m,2.7984578792631165
2001-01-01,Cleveland median,12m,2.841066123308722
2001-02-01,Cleveland median,12m,2.8242563967225465
2001-03-01,Cleveland median,12m,2.909678341513322
2001-04-01,Cleveland median,12m,2.9143213115741418
2001-05-01,Cleveland median,12m,2.9757886481214024
2001-06-01,Cleveland median,12m,3.022604106201654
2001-07-01,Cleveland median,12m,3.0552299500382407
2001-08-01,Cleveland median,12m,3.084141029055165
2001-09-01,Cleveland median,12m,3.220963365767515
2001-10-01,Cleveland median,12m,3.1961250601308944
2001-11-01,Cleveland median,12m,3.243543842365204
2001-12-01,Cleveland median,12m,3.2340076310476418
2002-01-01,Cleveland median,12m,3.202570177386699
2002-02-01,Cleveland median,12m,3.1434165815581006
2002-03-01,Cleveland median,12m,3.1128566564797344
2002-04-01,Cleveland median,12m,3.1590305110897887
2002-05-01,Cleveland median,12m,3.0934549836741487
2002-06-01,Cleveland median,12m,3.0419460175847846
2002-07-01,Cleveland median,12m,2.9764459008972732
2002-08-01,Cleveland median,12m,2.9320061882095017
2002-09-01,Cleveland median,12m,2.8029776634503456
2002-10-01,Cleveland median,12m,2.810296786904898
2002-11-01,Cleveland median,12m,2.7857985705924015
2002-12-01,Cleveland median,12m,2.7761622474458125
2003-01-01,Cleveland median,12m,2.8215914119443797
2003-02-01,Cleveland median,12m,2.8579432938398153
2003-03-01,Cleveland median,12m,2.7350355093844536
2003-04-01,Cleveland median,12m,2.6594635232809027
2003-05-01,Cleveland median,12m,2.5178724736246716
2003-06-01,Cleveland median,12m,2.4540963429518836
2003-07-01,Cleveland median,12m,2.3690044901663487
2003-08-01,Cleveland median,12m,2.367979654033703
2003-09-01,Cleveland median,12m,2.3755298873500807
2003-10-01,Cleveland median,12m,2.331923359672361
2003-11-01,Cleveland median,12m,2.3608521663547766
2003-12-01,Cleveland median,12m,2.3426183914019294
2004-01-01,Cleveland median,12m,2.239295571205968
2004-02-01,Cleveland median,12m,2.155933036871205
2004-03-01,Cleveland median,12m,2.22400745167306
2004-04-01,Cleveland median,12m,2.2275833295991365
2004-05-01,Cleveland median,12m,2.4850249775775213
2004-06-01,Cleveland median,12m,2.5694458527391717
2004-07-01,Cleveland median,12m,2.6665503735705087
2004-08-01,Cleveland median,12m,2.627508640287557
2004-09-01,Cleveland median,12m,2.636330604449566
2004-10-01,Cleveland median,12m,2.5785100391852334
2004-11-01,Cleveland median,12m,2.4840585201328036
2004-12-01,Cleveland median,12m,2.4375088799120093
2005-01-01,Cleveland median,12m,2.487157656479755
2005-02-01,Cleveland median,12m,2.5744893056329765
2005-03-01,Cleveland median,12m,2.625158068707334
2005-04-01,Cleveland median,12m,2.57445968017862
2005-05-01,Cleveland median,12m,2.423824542847952
2005-06-01,Cleveland median,12m,2.4218723266895337
2005-07-01,Cleveland median,12m,2.3271407055157844
2005-08-01,Cleveland median,12m,2.361476510854965
2005-09-01,Cleveland median,12m,2.332601340751994
2005-10-01,Cleveland median,12m,2.4564344622235446
2005-11-01,Cleveland median,12m,2.554489728322795
2005-12-01,Cleveland median,12m,2.6486742650044137
2006-01-01,Cleveland median,12m,2.621267903484714
2006-02-01,Cleveland median,12m,2.6422884743874553
2006-03-01,Cleveland median,12m,2.5735371258259754
2006-04-01,Cleveland median,12m,2.699746450942486
2006-05-01,Cleveland median,12m,2.8527394805881956
2006-06-01,Cleveland median,12m,2.9900936991161364
2006-07-01,Cleveland median,12m,3.1911108122093523
2006-08-01,Cleveland median,12m,3.2254172708061857
2006-09-01,Cleveland median,12m,3.3315365738674885
2006-10-01,Cleveland median,12m,3.2956718777485294
2006-11-01,Cleveland median,12m,3.3215056454099168
2006-12-01,Cleveland median,12m,3.259762915675002
2007-01-01,Cleveland median,12m,3.403236769505713
2007-02-01,Cleveland median,12m,3.4132054470557005
2007-03-01,Cleveland median,12m,3.496060077901131
2007-04-01,Cleveland median,12m,3.4273513922763676
2007-05-01,Cleveland median,12m,3.267404172326027
2007-06-01,Cleveland median,12m,3.066671473451321
2007-07-01,Cleveland median,12m,2.921212770296955
2007-08-01,Cleveland median,12m,2.831443658027122
2007-09-01,Cleveland median,12m,2.763097776250323
2007-10-01,Cleveland median,12m,2.801032841962958
2007-11-01,Cleveland median,12m,2.787757179373873
2007-12-01,Cleveland median,12m,2.914805305342294
2008-01-01,Cleveland median,12m,2.889006564222374
2008-02-01,Cleveland median,12m,2.8017741879393654
2008-03-01,Cleveland median,12m,2.708499048501234
2008-04-01,Cleveland median,12m,2.7162388035835816
2008-05-01,Cleveland median,12m,2.769335610814916
2008-06-01,Cleveland median,12m,2.7297164876927793
2008-07-01,Cleveland median,12m,2.7671519013425794
2008-08-01,Cleveland median,12m,2.8456586639362236
2008-09-01,Cleveland median,12m,2.781475417978041
2008-10-01,Cleveland median,12m,2.7375833862634202
2008-11-01,Cleveland median,12m,2.602074797431886
2008-12-01,Cleveland median,12m,2.537802428966973
2009-01-01,Cleveland median,12m,2.3368829735971763
2009-02-01,Cleveland median,12m,2.3653721687153517
2009-03-01,Cleveland median,12m,2.3570266392219708
2009-04-01,Cleveland median,12m,2.2872913239698978
2009-05-01,Cleveland median,12m,2.219755989275174
2009-06-01,Cleveland median,12m,2.268561279125225
2009-07-01,Cleveland median,12m,2.194472649817536
2009-08-01,Cleveland median,12m,1.9513818707803
2009-09-01,Cleveland median,12m,1.8943264646164248
2009-10-01,Cleveland median,12m,1.7255782404033804
2009-11-01,Cleveland median,12m,1.88467344547949
2009-12-01,Cleveland median,12m,1.8007850679979454
2010-01-01,Cleveland median,12m,1.7836140036330717
2010-02-01,Cleveland median,12m,1.599067658797626
2010-03-01,Cleveland median,12m,1.4665827233485862
2010-04-01,Cleveland median,12m,1.349841285149278
2010-05-01,Cleveland median,12m,1.2848730073007575
2010-06-01,Cleveland median,12m,1.1755700850568873
2010-07-01,Cleveland median,12m,1.1129493570902094
2010-08-01,Cleveland median,12m,1.1311203368831624
2010-09-01,Cleveland median,12m,1.203501580691424
2010-10-01,Cleveland median,12m,1.2633194602718945
2010-11-01,Cleveland median,12m,1.0420441475008646
2010-12-01,Cleveland median,12m,0.9702855977964164
2011-01-01,Cleveland median,12m,1.0127104503267148
2011-02-01,Cleveland median,12m,1.1420647409569717
2011-03-01,Cleveland median,12m,1.2536976190086202
2011-04-01,Cleveland median,12m,1.386750280111304
2011-05-01,Cleveland median,12m,1.5000819721201264
2011-06-01,Cleveland median,12m,1.6465939685838427
2011-07-01,Cleveland median,12m,1.714904305050835
2011-08-01,Cleveland median,12m,1.8464839329219496
2011-09-01,Cleveland median,12m,1.896769789536057
2011-10-01,Cleveland median,12m,1.9420439210107832
2011-11-01,Cleveland median,12m,2.0507946554226386
2011-12-01,Cleveland median,12m,2.095520308257437
2012-01-01,Cleveland median,12m,2.1931114821999387
2012-02-01,Cleveland median,12m,2.181320691247368
2012-03-01,Cleveland median,12m,2.1580400982689874
2012-04-01,Cleveland median,12m,2.162087072708929
2012-05-01,Cleveland median,12m,2.15769897378717
2012-06-01,Cleveland median,12m,2.0782692815412673
2012-07-01,Cleveland median,12m,2.027954856776404
2012-08-01,Cleveland median,12m,2.012792196772417
2012-09-01,Cleveland median,12m,1.9995963240846182
2012-10-01,Cleveland median,12m,2.0133794901284086
2012-11-01,Cleveland median,12m,2.000083906657113
2012-12-01,Cleveland median,12m,1.9903168000120042
2013-01-01,Cleveland median,12m,1.9560929177581565
2013-02-01,Cleveland median,12m,1.9382586269629076
2013-03-01,Cleveland median,12m,2.0062373530419952
2013-04-01,Cleveland median,12m,1.9748189951631634
2013-05-01,Cleveland median,12m,1.9178482339548442
2013-06-01,Cleveland median,12m,1.9740663467564978
2013-07-01,Cleveland median,12m,2.0732347490058256
2013-08-01,Cleveland median,12m,2.070663762038949
2013-09-01,Cleveland median,12m,2.036412697704937
2013-10-01,Cleveland median,12m,2.033713851415997
2013-11-01,Cleveland median,12m,2.0484270809377536
2013-12-01,Cleveland median,12m,2.10462382100578
2014-01-01,Cleveland median,12m,2.0962776724922083
2014-02-01,Cleveland median,12m,2.1014327588966486
2014-03-01,Cleveland median,12m,2.033630303489975
2014-04-01,Cleveland median,12m,2.0314400014876277
2014-05-01,Cleveland median,12m,2.1115735866299223
2014-06-01,Cleveland median,12m,2.1041442247274
2014-07-01,Cleveland median,12m,2.094365964310718
2014-08-01,Cleveland median,12m,2.1533516398781316
2014-09-01,Cleveland median,12m,2.132437840056789
2014-10-01,Cleveland median,12m,2.148451353926717
2014-11-01,Cleveland median,12m,2.17128215321174
2014-12-01,Cleveland median,12m,2.1909611521789607
2015-01-01,Cleveland median,12m,2.17785950957321
2015-02-01,Cleveland median,12m,2.17610358987248
2015-03-01,Cleveland median,12m,2.2571138521692458
2015-04-01,Cleveland median,12m,2.2275644988221988
2015-05-01,Cleveland median,12m,2.273539786891021
2015-06-01,Cleveland median,12m,2.3061633264347403
2015-07-01,Cleveland median,12m,2.283576528432363
2015-08-01,Cleveland median,12m,2.273754714126208
2015-09-01,Cleveland median,12m,2.2741168312182314
2015-10-01,Cleveland median,12m,2.2590371312380952
2015-11-01,Cleveland median,12m,2.1803754625580707
2015-12-01,Cleveland median,12m,2.1187613517239523
2016-01-01,Cleveland median,12m,2.109739394486443
2016-02-01,Cleveland median,12m,2.1685620931566785
2016-03-01,Cleveland median,12m,2.158412243735164
2016-04-01,Cleveland median,12m,2.235760521365515
2016-05-01,Cleveland median,12m,2.221492520292867
2016-06-01,Cleveland median,12m,2.2542829813092524
2016-07-01,Cleveland median,12m,2.2362916398665167
2016-08-01,Cleveland median,12m,2.236462919528792
2016-09-01,Cleveland median,12m,2.279646621540743
2016-10-01,Cleveland median,12m,2.271999504553235
2016-11-01,Cleveland median,12m,2.296395921276506
2016-12-01,Cleveland median,12m,2.263844629969225
2017-01-01,Cleveland median,12m,2.3086654315416233
2017-02-01,Cleveland median,12m,2.3144351082899473
2017-03-01,Cleveland median,12m,2.2449020110949958
2017-04-01,Cleveland median,12m,2.2024474008525363
2017-05-01,Cleveland median,12m,2.0866950948659646
2017-06-01,Cleveland median,12m,1.9549583646264024
2017-07-01,Cleveland median,12m,1.958502250995342
2017-08-01,Cleveland median,12m,1.8645605801466791
2017-09-01,Cleveland median,12m,1.835982419754978
2017-10-01,Cleveland median,12m,1.7952332170841911
2017-11-01,Cleveland median,12m,1.8470016161812541
2017-12-01,Cleveland median,12m,1.9008944281012408
2018-01-01,Cleveland median,12m,1.9176161908549982
2018-02-01,Cleveland median,12m,1.9422123112186274
2018-03-01,Cleveland median,12m,1.9922495569873355
2018-04-01,Cleveland median,12m,1.9867208693729488
2018-05-01,Cleveland median,12m,2.02990170894799
2018-06-01,Cleveland median,12m,2.122151584027021
2018-07-01,Cleveland median,12m,2.145967651637437
2018-08-01,Cleveland median,12m,2.198502614674558
2018-09-01,Cleveland median,12m,2.2175995851874575
2018-10-01,Cleveland median,12m,2.2946414096672196
2018-11-01,Cleveland median,12m,2.3099361915262406
2018-12-01,Cleveland median,12m,2.3900577128009637
2019-01-01,Cleveland median,12m,2.374580764989598
2019-02-01,Cleveland median,12m,2.326325673053198
2019-03-01,Cleveland median,12m,2.3753185441169666
2019-04-01,Cleveland median,12m,2.4185198190704416
2019-05-01,Cleveland median,12m,2.585773984138462
2019-06-01,Cleveland median,12m,2.557174821830377
2019-07-01,Cleveland median,12m,2.525542369874745
2019-08-01,Cleveland median,12m,2.5945304293204963
2019-09-01,Cleveland median,12m,2.614611634941988
2019-10-01,Cleveland median,12m,2.583327146261527
2019-11-01,Cleveland median,12m,2.551245449565509
2019-12-01,Cleveland median,12m,2.454463348938707
2020-01-01,Cleveland median,12m,2.5338477807353987
2020-02-01,Cleveland median,12m,2.5877378144116836
2020-03-01,Cleveland median,12m,2.571989466122293
2020-04-01,Cleveland median,12m,2.5308920135633572
2020-05-01,Cleveland median,12m,2.388205091256479
2020-06-01,Cleveland median,12m,2.4480146019544513
2020-07-01,Cleveland median,12m,2.4471595352778097
2020-08-01,Cleveland median,12m,2.4296123131523517
2020-09-01,Cleveland median,12m,2.397225207877973
2020-10-01,Cleveland median,12m,2.3019270880737075
2020-11-01,Cleveland median,12m,2.292829666089502
2020-12-01,Cleveland median,12m,2.1979656707074025
2021-01-01,Cleveland median,12m,2.0898900826784583
2021-02-01,Cleveland median,12m,1.9613567438388602
2021-03-01,Cleveland median,12m,1.9864230677623773
2021-04-01,Cleveland median,12m,2.0576545219754383
2021-05-01,Cleveland median,12m,2.1040826410797075
2021-06-01,Cleveland median,12m,2.161491910176716
2021-07-01,Cleveland median,12m,2.2649260830294393
2021-08-01,Cleveland median,12m,2.326459803951253
2021-09-01,Cleveland median,12m,2.448526916364746
2021-10-01,Cleveland median,12m,2.753138613763917
2021-11-01,Cleveland median,12m,3.0253219593119995
2021-12-01,Cleveland median,12m,3.381380268804901
2022-01-01,Cleveland median,12m,3.632796675385097
2022-02-01,Cleveland median,12m,4.088035797044132
2022-03-01,Cleveland median,12m,4.303370617652402
2022-04-01,Cleveland median,12m,4.3610490985650285
2022-05-01,Cleveland median,12m,4.6074835901561695
2022-06-01,Cleveland median,12m,4.915974164495007
2022-07-01,Cleveland median,12m,5.398197887384204
2022-08-01,Cleveland median,12m,5.550821846120635
2022-09-01,Cleveland median,12m,5.854653471044813
2022-10-01,Cleveland median,12m,5.851015865093734
2022-11-01,Cleveland median,12m,5.931193579869398
2022-12-01,Cleveland median,12m,5.899815537775299
2023-01-01,Cleveland median,12m,5.859568765806977
2023-02-01,Cleveland median,12m,5.825332660303162
2023-03-01,Cleveland median,12m,5.714003186201144
2023-04-01,Cleveland median,12m,5.75021084796723
2023-05-01,Cleveland median,12m,5.635336282961467
2023-06-01,Cleveland median,12m,5.360638320485478
2023-07-01,Cleveland median,12m,4.856904204379209
2023-08-01,Cleveland median,12m,4.695286878736216
2023-09-01,Cleveland median,12m,4.369973082220158
2023-10-01,Cleveland median,12m,4.297663376033145
2023-11-01,Cleveland median,12m,4.0182396744288695
2023-12-01,Cleveland median,12m,3.8859205723120738
2024-01-01,Cleveland median,12m,3.6894760855976205
2024-02-01,Cleveland median,12m,3.649638859706039
2024-03-01,Cleveland median,12m,3.6373120678515836
2024-04-01,Cleveland median,12m,3.6285194574526614
2024-05-01,Cleveland median,12m,3.4946949456719834
2024-06-01,Cleveland median,12m,3.4616107482047465
2024-07-01,Cleveland median,12m,3.4219481988776446
2024-08-01,Cleveland median,12m,3.307619253887495
2024-09-01,Cleveland median,12m,3.274764819569409
2024-10-01,Cleveland median,12m,3.269009802678924
2024-11-01,Cleveland median,12m,3.2908568730934284
2024-12-01,Cleveland median,12m,3.2693202199230553
2025-01-01,Cleveland median,12m,3.4132959647145134
2025-02-01,Cleveland median,12m,3.1545488739673555
2025-03-01,Cleveland median,12m,3.100160059883983
2025-04-01,Cleveland median,12m,3.1033961197068916
2025-05-01,Cleveland median,12m,3.178631656181796
2025-06-01,Cleveland median,12m,3.102778869533984
2025-07-01,Cleveland median,12m,3.2185769368231476
2025-08-01,Cleveland median,12m,3.2633862487712495
2025-09-01,Cleveland median,12m,3.33616494786666
2025-10-01,Cleveland median,12m,3.1661943610669097
2025-11-01,Cleveland median,12m,3.046431282674278
2025-12-01,Cleveland median,12m,2.971359108651117
2026-01-01,Cleveland median,12m,2.945042608787385
2026-02-01,Cleveland median,12m,2.905249738366633
2026-03-01,Cleveland median,12m,2.847112131913576
2026-04-01,Cleveland median,12m,2.8167157151918643
2026-05-01,Cleveland median,12m,2.7046012462670577
2026-06-01,Cleveland median,12m,2.7839945536810573
2026-07-01,Cleveland median,12m,2.6899750274693046
1959-03-01,Dallas trimmed mean,1m,0.6090338489237013
1959-04-01,Dallas trimmed mean,1m,0.5790897449447385
1959-05-01,Dallas trimmed mean,1m,2.535771552959143
1959-06-01,Dallas trimmed mean,1m,0.9112896439140927
1959-07-01,Dallas trimmed mean,1m,2.158722745024999
1959-08-01,Dallas trimmed mean,1m,1.3484691062914278
1959-09-01,Dallas trimmed mean,1m,0.8736643655854692
1959-10-01,Dallas trimmed mean,1m,1.7336861769030154
1959-11-01,Dallas trimmed mean,1m,1.348030846055881
1959-12-01,Dallas trimmed mean,1m,0.5325772987530231
1960-01-01,Dallas trimmed mean,1m,1.0288006144780537
1960-02-01,Dallas trimmed mean,1m,0.20758485952019345
1960-03-01,Dallas trimmed mean,1m,0.6776842191353882
1960-04-01,Dallas trimmed mean,1m,0.15940392353410715
1960-05-01,Dallas trimmed mean,1m,1.9028701966831152
1960-06-01,Dallas trimmed mean,1m,0.427752493756417
1960-07-01,Dallas trimmed mean,1m,0.15670382956989304
1960-08-01,Dallas trimmed mean,1m,1.7213059038267975
1960-09-01,Dallas trimmed mean,1m,0.627211901159952
1960-10-01,Dallas trimmed mean,1m,0.7417347811936592
1960-11-01,Dallas trimmed mean,1m,0.2830699579148277
1960-12-01,Dallas trimmed mean,1m,1.4389423230730891
1961-01-01,Dallas trimmed mean,1m,0.661365537895664
1961-02-01,Dallas trimmed mean,1m,7.053098409093295e-4
1961-03-01,Dallas trimmed mean,1m,0.24084776014694498
1961-04-01,Dallas trimmed mean,1m,-0.09953076765900626
1961-05-01,Dallas trimmed mean,1m,0.5625076870571455
1961-06-01,Dallas trimmed mean,1m,0.038489221745630076
1961-07-01,Dallas trimmed mean,1m,0.3277309636913861
1961-08-01,Dallas trimmed mean,1m,1.0986804896018887
1961-09-01,Dallas trimmed mean,1m,0.13170831067570443
1961-10-01,Dallas trimmed mean,1m,0.7624632337529968
1961-11-01,Dallas trimmed mean,1m,-0.03654737470599745
1961-12-01,Dallas trimmed mean,1m,0.3960900658229516
1962-01-01,Dallas trimmed mean,1m,-0.014588005463678222
1962-02-01,Dallas trimmed mean,1m,2.1810519843760368
1962-03-01,Dallas trimmed mean,1m,1.0234394134338354
1962-04-01,Dallas trimmed mean,1m,1.5184665173832546
1962-05-01,Dallas trimmed mean,1m,-0.28971546945926185
1962-06-01,Dallas trimmed mean,1m,0.4723883492029568
1962-07-01,Dallas trimmed mean,1m,0.5737422486757682
1962-08-01,Dallas trimmed mean,1m,0.30342579080691046
1962-09-01,Dallas trimmed mean,1m,0.853219983459419
1962-10-01,Dallas trimmed mean,1m,1.1503732227575725
1962-11-01,Dallas trimmed mean,1m,-0.526960449757341
1962-12-01,Dallas trimmed mean,1m,0.23239211578118812
1963-01-01,Dallas trimmed mean,1m,-0.04164903829564359
1963-02-01,Dallas trimmed mean,1m,1.6781113242726242
1963-03-01,Dallas trimmed mean,1m,0.4829919237981706
1963-04-01,Dallas trimmed mean,1m,-0.03785816910727435
1963-05-01,Dallas trimmed mean,1m,0.03203899686865519
1963-06-01,Dallas trimmed mean,1m,1.880625519859036
1963-07-01,Dallas trimmed mean,1m,0.6298638522507893
1963-08-01,Dallas trimmed mean,1m,0.5297247241644598
1963-09-01,Dallas trimmed mean,1m,0.27833288463698924
1963-10-01,Dallas trimmed mean,1m,0.2690016644711912
1963-11-01,Dallas trimmed mean,1m,1.7131616400660743
1963-12-01,Dallas trimmed mean,1m,0.35112859049584166
1964-01-01,Dallas trimmed mean,1m,0.40035524369721465
1964-02-01,Dallas trimmed mean,1m,1.0369502505236827
1964-03-01,Dallas trimmed mean,1m,0.8115433603911759
1964-04-01,Dallas trimmed mean,1m,-0.158272923149394
1964-05-01,Dallas trimmed mean,1m,0.12345006220411125
1964-06-01,Dallas trimmed mean,1m,0.10906274775952518
1964-07-01,Dallas trimmed mean,1m,0.04278730060769398
1964-08-01,Dallas trimmed mean,1m,0.07081563929147716
1964-09-01,Dallas trimmed mean,1m,0.6043064522002206
1964-10-01,Dallas trimmed mean,1m,0.027710882976794693
1964-11-01,Dallas trimmed mean,1m,0.21355431212910503
1964-12-01,Dallas trimmed mean,1m,0.6652291542110778
1965-01-01,Dallas trimmed mean,1m,0.4910808656544363
1965-02-01,Dallas trimmed mean,1m,1.1759721280837798
1965-03-01,Dallas trimmed mean,1m,-0.09713965102262634
1965-04-01,Dallas trimmed mean,1m,0.2436098711919854
1965-05-01,Dallas trimmed mean,1m,1.195182146533491
1965-06-01,Dallas trimmed mean,1m,1.0074726555640012
1965-07-01,Dallas trimmed mean,1m,1.0366037242024229
1965-08-01,Dallas trimmed mean,1m,0.6347525928680042
1965-09-01,Dallas trimmed mean,1m,1.0123869232968374
1965-10-01,Dallas trimmed mean,1m,1.1224242742338575
1965-11-01,Dallas trimmed mean,1m,0.9446587228203907
1965-12-01,Dallas trimmed mean,1m,1.4772865518162481
1966-01-01,Dallas trimmed mean,1m,2.0484838142398987
1966-02-01,Dallas trimmed mean,1m,1.7913075716225801
1966-03-01,Dallas trimmed mean,1m,2.0449113556352705
1966-04-01,Dallas trimmed mean,1m,1.1467029821553343
1966-05-01,Dallas trimmed mean,1m,3.318968717928472
1966-06-01,Dallas trimmed mean,1m,1.2972180966842162
1966-07-01,Dallas trimmed mean,1m,1.8185457896902069
1966-08-01,Dallas trimmed mean,1m,1.9798940281953836
1966-09-01,Dallas trimmed mean,1m,1.5489824941898434
1966-10-01,Dallas trimmed mean,1m,3.2563537119140618
1966-11-01,Dallas trimmed mean,1m,3.451964049812961
1966-12-01,Dallas trimmed mean,1m,1.5018739823819294
1967-01-01,Dallas trimmed mean,1m,1.7242132221099604
1967-02-01,Dallas trimmed mean,1m,1.8689088458506697
1967-03-01,Dallas trimmed mean,1m,2.2706549507988782
1967-04-01,Dallas trimmed mean,1m,0.6779338014138991
1967-05-01,Dallas trimmed mean,1m,1.5905004725408123
1967-06-01,Dallas trimmed mean,1m,1.352207908838965
1967-07-01,Dallas trimmed mean,1m,2.690805308654709
1967-08-01,Dallas trimmed mean,1m,2.441502568669107
1967-09-01,Dallas trimmed mean,1m,2.244952846636128
1967-10-01,Dallas trimmed mean,1m,4.027425946671426
1967-11-01,Dallas trimmed mean,1m,3.2226793290692113
1967-12-01,Dallas trimmed mean,1m,2.691957640464615
1968-01-01,Dallas trimmed mean,1m,2.35907021556383
1968-02-01,Dallas trimmed mean,1m,4.090348641316077
1968-03-01,Dallas trimmed mean,1m,3.562679580950956
1968-04-01,Dallas trimmed mean,1m,2.3917373015264864
1968-05-01,Dallas trimmed mean,1m,3.61440286310053
1968-06-01,Dallas trimmed mean,1m,4.226705470600578
1968-07-01,Dallas trimmed mean,1m,3.3965114204118185
1968-08-01,Dallas trimmed mean,1m,2.553218204041996
1968-09-01,Dallas trimmed mean,1m,4.403996572210511
1968-10-01,Dallas trimmed mean,1m,4.2588161226501775
1968-11-01,Dallas trimmed mean,1m,4.338099812243423
1968-12-01,Dallas trimmed mean,1m,3.930302411106279
1969-01-01,Dallas trimmed mean,1m,3.627681474519706
1969-02-01,Dallas trimmed mean,1m,3.6737087285841907
1969-03-01,Dallas trimmed mean,1m,2.467336875383652
1969-04-01,Dallas trimmed mean,1m,4.4230431495398514
1969-05-01,Dallas trimmed mean,1m,4.417373042045569
1969-06-01,Dallas trimmed mean,1m,4.033229658753257
1969-07-01,Dallas trimmed mean,1m,4.146859838581074
1969-08-01,Dallas trimmed mean,1m,5.137059291828305
1969-09-01,Dallas trimmed mean,1m,2.6800940899807557
1969-10-01,Dallas trimmed mean,1m,4.520663049378237
1969-11-01,Dallas trimmed mean,1m,4.182705114139229
1969-12-01,Dallas trimmed mean,1m,4.512973857890645
1970-01-01,Dallas trimmed mean,1m,4.422214462511764
1970-02-01,Dallas trimmed mean,1m,3.7238155489180302
1970-03-01,Dallas trimmed mean,1m,4.14121400628793
1970-04-01,Dallas trimmed mean,1m,4.456834979852409
1970-05-01,Dallas trimmed mean,1m,4.610529032973654
1970-06-01,Dallas trimmed mean,1m,3.091172280078225
1970-07-01,Dallas trimmed mean,1m,3.3058843430995966
1970-08-01,Dallas trimmed mean,1m,4.1788497158256055
1970-09-01,Dallas trimmed mean,1m,3.751097845137208
1970-10-01,Dallas trimmed mean,1m,4.674479129615894
1970-11-01,Dallas trimmed mean,1m,4.841986629832085
1970-12-01,Dallas trimmed mean,1m,4.436033225556324
1971-01-01,Dallas trimmed mean,1m,5.69888328490451
1971-02-01,Dallas trimmed mean,1m,3.632140731954281
1971-03-01,Dallas trimmed mean,1m,2.647481158317544
1971-04-01,Dallas trimmed mean,1m,2.5707170379849265
1971-05-01,Dallas trimmed mean,1m,3.654969465250524
1971-06-01,Dallas trimmed mean,1m,4.507072580458105
1971-07-01,Dallas trimmed mean,1m,4.430922510219926
1971-08-01,Dallas trimmed mean,1m,3.3046374655550936
1971-09-01,Dallas trimmed mean,1m,3.7726085002939502
1971-10-01,Dallas trimmed mean,1m,2.918204682945369
1971-11-01,Dallas trimmed mean,1m,1.0328701264411544
1971-12-01,Dallas trimmed mean,1m,1.8539423369642538
1972-01-01,Dallas trimmed mean,1m,3.104132856401698
1972-02-01,Dallas trimmed mean,1m,3.290950697049988
1972-03-01,Dallas trimmed mean,1m,3.118162595003904
1972-04-01,Dallas trimmed mean,1m,2.8158279163598587
1972-05-01,Dallas trimmed mean,1m,1.4044293521045415
1972-06-01,Dallas trimmed mean,1m,1.918333952855411
1972-07-01,Dallas trimmed mean,1m,1.9125829189129417
1972-08-01,Dallas trimmed mean,1m,3.107299888280357
1972-09-01,Dallas trimmed mean,1m,2.81636663659679
1972-10-01,Dallas trimmed mean,1m,3.581895098428456
1972-11-01,Dallas trimmed mean,1m,2.0297545130300465
1972-12-01,Dallas trimmed mean,1m,3.103266622938561
1973-01-01,Dallas trimmed mean,1m,3.465130872071054
1973-02-01,Dallas trimmed mean,1m,2.4841798065455167
1973-03-01,Dallas trimmed mean,1m,4.123326267497895
1973-04-01,Dallas trimmed mean,1m,4.439439565897074
1973-05-01,Dallas trimmed mean,1m,6.223398192856355
1973-06-01,Dallas trimmed mean,1m,4.431227748128985
1973-07-01,Dallas trimmed mean,1m,3.6709102761773194
1973-08-01,Dallas trimmed mean,1m,2.3157677159816092
1973-09-01,Dallas trimmed mean,1m,5.0170051985929165
1973-10-01,Dallas trimmed mean,1m,3.679874555135343
1973-11-01,Dallas trimmed mean,1m,4.7388325641231965
1973-12-01,Dallas trimmed mean,1m,4.956473588961541
1974-01-01,Dallas trimmed mean,1m,6.044983236398527
1974-02-01,Dallas trimmed mean,1m,5.500138082959216
1974-03-01,Dallas trimmed mean,1m,7.241069981820503
1974-04-01,Dallas trimmed mean,1m,8.26337666559378
1974-05-01,Dallas trimmed mean,1m,7.228087513894699
1974-06-01,Dallas trimmed mean,1m,9.706824288861382
1974-07-01,Dallas trimmed mean,1m,9.336565887227245
1974-08-01,Dallas trimmed mean,1m,7.640930449086936
1974-09-01,Dallas trimmed mean,1m,10.489035208480013
1974-10-01,Dallas trimmed mean,1m,9.538469238813052
1974-11-01,Dallas trimmed mean,1m,8.703183508163326
1974-12-01,Dallas trimmed mean,1m,7.199750551516826
1975-01-01,Dallas trimmed mean,1m,7.501558292649713
1975-02-01,Dallas trimmed mean,1m,7.414345299245939
1975-03-01,Dallas trimmed mean,1m,6.240563255319809
1975-04-01,Dallas trimmed mean,1m,4.0036313914675326
1975-05-01,Dallas trimmed mean,1m,5.021300926108396
1975-06-01,Dallas trimmed mean,1m,3.9072711970160157
1975-07-01,Dallas trimmed mean,1m,4.712482301360366
1975-08-01,Dallas trimmed mean,1m,5.877100562044579
1975-09-01,Dallas trimmed mean,1m,4.893636667991297
1975-10-01,Dallas trimmed mean,1m,6.520361004320097
1975-11-01,Dallas trimmed mean,1m,7.629799563113071
1975-12-01,Dallas trimmed mean,1m,5.894789716568827
1976-01-01,Dallas trimmed mean,1m,5.592426667396899
1976-02-01,Dallas trimmed mean,1m,5.084274552043144
1976-03-01,Dallas trimmed mean,1m,4.671801303037615
1976-04-01,Dallas trimmed mean,1m,3.9540053909467243
1976-05-01,Dallas trimmed mean,1m,3.629237091166071
1976-06-01,Dallas trimmed mean,1m,5.6073897942851225
1976-07-01,Dallas trimmed mean,1m,4.931248845751557
1976-08-01,Dallas trimmed mean,1m,5.11527804317824
1976-09-01,Dallas trimmed mean,1m,6.3905151702007945
1976-10-01,Dallas trimmed mean,1m,5.774485868028556
1976-11-01,Dallas trimmed mean,1m,6.147742667464073
1976-12-01,Dallas trimmed mean,1m,5.5700904857207245
1977-01-01,Dallas trimmed mean,1m,4.856507734627447
1977-02-01,Dallas trimmed mean,1m,6.683127338585382
1977-03-01,Dallas trimmed mean,1m,7.230254551323334
1977-04-01,Dallas trimmed mean,1m,6.632675794661069
1977-05-01,Dallas trimmed mean,1m,4.932695621688565
1977-06-01,Dallas trimmed mean,1m,5.8856534809077266
1977-07-01,Dallas trimmed mean,1m,6.132002706918094
1977-08-01,Dallas trimmed mean,1m,5.621056138163794
1977-09-01,Dallas trimmed mean,1m,6.0933577580208675
1977-10-01,Dallas trimmed mean,1m,5.004370856347329
1977-11-01,Dallas trimmed mean,1m,4.558002380356885
1977-12-01,Dallas trimmed mean,1m,6.695519249624127
1978-01-01,Dallas trimmed mean,1m,5.656226853311708
1978-02-01,Dallas trimmed mean,1m,4.5882323572356
1978-03-01,Dallas trimmed mean,1m,5.596702040656432
1978-04-01,Dallas trimmed mean,1m,6.22315706326424
1978-05-01,Dallas trimmed mean,1m,6.73289601381073
1978-06-01,Dallas trimmed mean,1m,7.8985028019664005
1978-07-01,Dallas trimmed mean,1m,6.349944976472677
1978-08-01,Dallas trimmed mean,1m,6.507142509538988
1978-09-01,Dallas trimmed mean,1m,6.855946819932202
1978-10-01,Dallas trimmed mean,1m,6.968266050027894
1978-11-01,Dallas trimmed mean,1m,8.695050151387274
1978-12-01,Dallas trimmed mean,1m,7.983552226023205
1979-01-01,Dallas trimmed mean,1m,6.174189950836251
1979-02-01,Dallas trimmed mean,1m,8.373725978090096
1979-03-01,Dallas trimmed mean,1m,7.83657438256915
1979-04-01,Dallas trimmed mean,1m,6.607103761679589
1979-05-01,Dallas trimmed mean,1m,6.656574749201405
1979-06-01,Dallas trimmed mean,1m,9.303286311447323
1979-07-01,Dallas trimmed mean,1m,6.88990800992777
1979-08-01,Dallas trimmed mean,1m,7.807123349996581
1979-09-01,Dallas trimmed mean,1m,8.998511706791446
1979-10-01,Dallas trimmed mean,1m,8.325163335843587
1979-11-01,Dallas trimmed mean,1m,9.993169150649761
1979-12-01,Dallas trimmed mean,1m,7.631541240906281
1980-01-01,Dallas trimmed mean,1m,8.000492799137081
1980-02-01,Dallas trimmed mean,1m,9.97596322184997
1980-03-01,Dallas trimmed mean,1m,10.264438070329529
1980-04-01,Dallas trimmed mean,1m,9.401095956010774
1980-05-01,Dallas trimmed mean,1m,6.2230735077413835
1980-06-01,Dallas trimmed mean,1m,9.005635244515808
1980-07-01,Dallas trimmed mean,1m,8.7326887001832
1980-08-01,Dallas trimmed mean,1m,6.636151267668522
1980-09-01,Dallas trimmed mean,1m,8.63099094415003
1980-10-01,Dallas trimmed mean,1m,9.6324950741951465
1980-11-01,Dallas trimmed mean,1m,8.755730553184083
1980-12-01,Dallas trimmed mean,1m,8.502105592508657
1981-01-01,Dallas trimmed mean,1m,8.257824376512414
1981-02-01,Dallas trimmed mean,1m,9.31598235792519
1981-03-01,Dallas trimmed mean,1m,10.030643930833328
1981-04-01,Dallas trimmed mean,1m,7.187258420821152
1981-05-01,Dallas trimmed mean,1m,7.424139877901892
1981-06-01,Dallas trimmed mean,1m,6.759949089569628
1981-07-01,Dallas trimmed mean,1m,5.811130810067744
1981-08-01,Dallas trimmed mean,1m,6.968371304145826
1981-09-01,Dallas trimmed mean,1m,7.771586828534072
1981-10-01,Dallas trimmed mean,1m,7.375107675053849
1981-11-01,Dallas trimmed mean,1m,6.380235788446864
1981-12-01,Dallas trimmed mean,1m,6.228920839310015
1982-01-01,Dallas trimmed mean,1m,5.018783621405376
1982-02-01,Dallas trimmed mean,1m,5.567572069005067
1982-03-01,Dallas trimmed mean,1m,4.839338883093447
1982-04-01,Dallas trimmed mean,1m,5.236614651213456
1982-05-01,Dallas trimmed mean,1m,3.469553128421321
1982-06-01,Dallas trimmed mean,1m,6.063309637911596
1982-07-01,Dallas trimmed mean,1m,5.409273664437642
1982-08-01,Dallas trimmed mean,1m,7.297030510648894
1982-09-01,Dallas trimmed mean,1m,4.381279605242905
1982-10-01,Dallas trimmed mean,1m,3.2466219429481136
1982-11-01,Dallas trimmed mean,1m,5.574995632578417
1982-12-01,Dallas trimmed mean,1m,2.9047922257140257
1983-01-01,Dallas trimmed mean,1m,2.8688928104282363
1983-02-01,Dallas trimmed mean,1m,5.8507938215385025
1983-03-01,Dallas trimmed mean,1m,4.000203970447647
1983-04-01,Dallas trimmed mean,1m,2.3871650166261693
1983-05-01,Dallas trimmed mean,1m,4.948962101918508
1983-06-01,Dallas trimmed mean,1m,3.228201690096122
1983-07-01,Dallas trimmed mean,1m,3.3137524804687013
1983-08-01,Dallas trimmed mean,1m,3.915652333978281
1983-09-01,Dallas trimmed mean,1m,3.3173433625613535
1983-10-01,Dallas trimmed mean,1m,4.09400223506009
1983-11-01,Dallas trimmed mean,1m,2.7848694668410667
1983-12-01,Dallas trimmed mean,1m,4.2127907934460085
1984-01-01,Dallas trimmed mean,1m,2.5761748052359312
1984-02-01,Dallas trimmed mean,1m,5.038770120663427
1984-03-01,Dallas trimmed mean,1m,4.672958580983266
1984-04-01,Dallas trimmed mean,1m,4.213785468215625
1984-05-01,Dallas trimmed mean,1m,4.747033825979341
1984-06-01,Dallas trimmed mean,1m,2.3268394567942385
1984-07-01,Dallas trimmed mean,1m,3.5905469010141022
1984-08-01,Dallas trimmed mean,1m,5.018383400827453
1984-09-01,Dallas trimmed mean,1m,4.210866650903866
1984-10-01,Dallas trimmed mean,1m,3.9245297054752992
1984-11-01,Dallas trimmed mean,1m,3.563690109291917
1984-12-01,Dallas trimmed mean,1m,2.215031525534372
1985-01-01,Dallas trimmed mean,1m,3.9190043472695946
1985-02-01,Dallas trimmed mean,1m,3.280611538685374
1985-03-01,Dallas trimmed mean,1m,5.690023853626069
1985-04-01,Dallas trimmed mean,1m,4.13326393798763
1985-05-01,Dallas trimmed mean,1m,2.5287480811621244
1985-06-01,Dallas trimmed mean,1m,3.177611991971907
1985-07-01,Dallas trimmed mean,1m,4.18821661927562
1985-08-01,Dallas trimmed mean,1m,2.56251195379269
1985-09-01,Dallas trimmed mean,1m,3.8929595136272477
1985-10-01,Dallas trimmed mean,1m,3.4704487291138175
1985-11-01,Dallas trimmed mean,1m,2.931874459949868
1985-12-01,Dallas trimmed mean,1m,3.7630168306420853
1986-01-01,Dallas trimmed mean,1m,4.00120314502419
1986-02-01,Dallas trimmed mean,1m,4.670819479082522
1986-03-01,Dallas trimmed mean,1m,2.8698742879682104
1986-04-01,Dallas trimmed mean,1m,1.9719896061741071
1986-05-01,Dallas trimmed mean,1m,3.2080003170159133
1986-06-01,Dallas trimmed mean,1m,2.304805919561881
1986-07-01,Dallas trimmed mean,1m,4.118340736453163
1986-08-01,Dallas trimmed mean,1m,2.9269191007961215
1986-09-01,Dallas trimmed mean,1m,3.0591144257730907
1986-10-01,Dallas trimmed mean,1m,3.871384783061771
1986-11-01,Dallas trimmed mean,1m,3.8710202756490952
1986-12-01,Dallas trimmed mean,1m,3.1482260465214518
1987-01-01,Dallas trimmed mean,1m,3.212166896652202
1987-02-01,Dallas trimmed mean,1m,4.984243950010869
1987-03-01,Dallas trimmed mean,1m,3.264403980921271
1987-04-01,Dallas trimmed mean,1m,4.158428012339899
1987-05-01,Dallas trimmed mean,1m,5.0144266687317085
1987-06-01,Dallas trimmed mean,1m,3.4237364876366305
1987-07-01,Dallas trimmed mean,1m,3.307439015003788
1987-08-01,Dallas trimmed mean,1m,2.7104272709854493
1987-09-01,Dallas trimmed mean,1m,4.602605089354661
1987-10-01,Dallas trimmed mean,1m,3.541824877201938
1987-11-01,Dallas trimmed mean,1m,4.008863802723095
1987-12-01,Dallas trimmed mean,1m,3.059754290518879
1988-01-01,Dallas trimmed mean,1m,2.1185414943387437
1988-02-01,Dallas trimmed mean,1m,4.688945765763242
1988-03-01,Dallas trimmed mean,1m,3.0170284975466366
1988-04-01,Dallas trimmed mean,1m,3.872382956201048
1988-05-01,Dallas trimmed mean,1m,4.503179265137991
1988-06-01,Dallas trimmed mean,1m,3.209539568014619
1988-07-01,Dallas trimmed mean,1m,4.617910037472828
1988-08-01,Dallas trimmed mean,1m,5.036742051158916
1988-09-01,Dallas trimmed mean,1m,4.096138818927186
1988-10-01,Dallas trimmed mean,1m,5.428443266131189
1988-11-01,Dallas trimmed mean,1m,3.4909152771631646
1988-12-01,Dallas trimmed mean,1m,3.5984789304895237
1989-01-01,Dallas trimmed mean,1m,3.7449650756140818
1989-02-01,Dallas trimmed mean,1m,5.40356264164128
1989-03-01,Dallas trimmed mean,1m,4.142950033663917
1989-04-01,Dallas trimmed mean,1m,3.8941534165403136
1989-05-01,Dallas trimmed mean,1m,4.488506429438499
1989-06-01,Dallas trimmed mean,1m,4.209603044645682
1989-07-01,Dallas trimmed mean,1m,3.2814463005885974
1989-08-01,Dallas trimmed mean,1m,3.9870499477701493
1989-09-01,Dallas trimmed mean,1m,3.148290294965528
1989-10-01,Dallas trimmed mean,1m,3.5734157592909543
1989-11-01,Dallas trimmed mean,1m,5.237375372237962
1989-12-01,Dallas trimmed mean,1m,3.4007791570416668
1990-01-01,Dallas trimmed mean,1m,4.026949119423784
1990-02-01,Dallas trimmed mean,1m,4.099914090033341
1990-03-01,Dallas trimmed mean,1m,3.7579336646533124
1990-04-01,Dallas trimmed mean,1m,5.697290527633192
1990-05-01,Dallas trimmed mean,1m,3.961754201278178
1990-06-01,Dallas trimmed mean,1m,3.0814711983837118
1990-07-01,Dallas trimmed mean,1m,4.980069699351963
1990-08-01,Dallas trimmed mean,1m,4.200202599900571
1990-09-01,Dallas trimmed mean,1m,5.275275227229503
1990-10-01,Dallas trimmed mean,1m,3.465548428152343
1990-11-01,Dallas trimmed mean,1m,3.8365577972705456
1990-12-01,Dallas trimmed mean,1m,1.8982382319715052
1991-01-01,Dallas trimmed mean,1m,3.497516205615292
1991-02-01,Dallas trimmed mean,1m,4.113944651152024
1991-03-01,Dallas trimmed mean,1m,2.6144183935362664
1991-04-01,Dallas trimmed mean,1m,2.0804459397187447
1991-05-01,Dallas trimmed mean,1m,2.9495898767122997
1991-06-01,Dallas trimmed mean,1m,4.066861223761764
1991-07-01,Dallas trimmed mean,1m,2.2684221398637128
1991-08-01,Dallas trimmed mean,1m,2.6052625765346393
1991-09-01,Dallas trimmed mean,1m,2.909880475863158
1991-10-01,Dallas trimmed mean,1m,3.2586973674464836
1991-11-01,Dallas trimmed mean,1m,3.0001112253063233
1991-12-01,Dallas trimmed mean,1m,3.5667660132777224
1992-01-01,Dallas trimmed mean,1m,3.8791595868919337
1992-02-01,Dallas trimmed mean,1m,2.652854347977951
1992-03-01,Dallas trimmed mean,1m,2.8166067888078627
1992-04-01,Dallas trimmed mean,1m,3.1322553878160297
1992-05-01,Dallas trimmed mean,1m,2.152249551797425
1992-06-01,Dallas trimmed mean,1m,2.6149606930374603
1992-07-01,Dallas trimmed mean,1m,2.2270668616642286
1992-08-01,Dallas trimmed mean,1m,2.6880462473308997
1992-09-01,Dallas trimmed mean,1m,2.127343075251642
1992-10-01,Dallas trimmed mean,1m,1.6282547948158532
1992-11-01,Dallas trimmed mean,1m,3.38872732667308
1992-12-01,Dallas trimmed mean,1m,3.1868678826260544
1993-01-01,Dallas trimmed mean,1m,2.5507328569370546
1993-02-01,Dallas trimmed mean,1m,2.6506927593511698
1993-03-01,Dallas trimmed mean,1m,2.7238514545971704
1993-04-01,Dallas trimmed mean,1m,2.326792182396775
1993-05-01,Dallas trimmed mean,1m,3.1611043458586785
1993-06-01,Dallas trimmed mean,1m,3.232492392100661
1993-07-01,Dallas trimmed mean,1m,1.8483850526207934
1993-08-01,Dallas trimmed mean,1m,2.3569631065856633
1993-09-01,Dallas trimmed mean,1m,1.961339829973574
1993-10-01,Dallas trimmed mean,1m,1.972466836545883
1993-11-01,Dallas trimmed mean,1m,2.739160596767376
1993-12-01,Dallas trimmed mean,1m,2.3806419212323515
1994-01-01,Dallas trimmed mean,1m,2.1407688625246113
1994-02-01,Dallas trimmed mean,1m,2.1866009940236353
1994-03-01,Dallas trimmed mean,1m,2.737923386430019
1994-04-01,Dallas trimmed mean,1m,2.8949766707800473
1994-05-01,Dallas trimmed mean,1m,1.9658311917642557
1994-06-01,Dallas trimmed mean,1m,2.795496011596854
1994-07-01,Dallas trimmed mean,1m,2.4492669860735505
1994-08-01,Dallas trimmed mean,1m,2.4917250783803357
1994-09-01,Dallas trimmed mean,1m,1.750594794158089
1994-10-01,Dallas trimmed mean,1m,1.6878386138950763
1994-11-01,Dallas trimmed mean,1m,2.1470730448203357
1994-12-01,Dallas trimmed mean,1m,2.540664845096141
1995-01-01,Dallas trimmed mean,1m,1.6886373584585668
1995-02-01,Dallas trimmed mean,1m,3.432606297182361
1995-03-01,Dallas trimmed mean,1m,1.8807881869460807
1995-04-01,Dallas trimmed mean,1m,2.3840101888555676
1995-05-01,Dallas trimmed mean,1m,2.5858135679584615
1995-06-01,Dallas trimmed mean,1m,2.1348250240775357
1995-07-01,Dallas trimmed mean,1m,1.7278586447567967
1995-08-01,Dallas trimmed mean,1m,2.01700360430761
1995-09-01,Dallas trimmed mean,1m,2.353532475555964
1995-10-01,Dallas trimmed mean,1m,1.9991285531223202
1995-11-01,Dallas trimmed mean,1m,3.189114804625026
1995-12-01,Dallas trimmed mean,1m,2.196590264575393
1996-01-01,Dallas trimmed mean,1m,2.2860211188267643
1996-02-01,Dallas trimmed mean,1m,2.5395020850834893
1996-03-01,Dallas trimmed mean,1m,1.9777218441006106
1996-04-01,Dallas trimmed mean,1m,2.4779801290819803
1996-05-01,Dallas trimmed mean,1m,1.9945954933587862
1996-06-01,Dallas trimmed mean,1m,2.4550183910622803
1996-07-01,Dallas trimmed mean,1m,2.1727709515166005
1996-08-01,Dallas trimmed mean,1m,2.3877891334032064
1996-09-01,Dallas trimmed mean,1m,2.3008811151978836
1996-10-01,Dallas trimmed mean,1m,2.5487304521126575
1996-11-01,Dallas trimmed mean,1m,2.8123017854667864
1996-12-01,Dallas trimmed mean,1m,2.673054230123828
1997-01-01,Dallas trimmed mean,1m,2.021803297712599
1997-02-01,Dallas trimmed mean,1m,2.1914611905299752
1997-03-01,Dallas trimmed mean,1m,1.9649354439849054
1997-04-01,Dallas trimmed mean,1m,1.9874420954713479
1997-05-01,Dallas trimmed mean,1m,2.1544020049096835
1997-06-01,Dallas trimmed mean,1m,1.5633465791958123
1997-07-01,Dallas trimmed mean,1m,2.0528365389529846
1997-08-01,Dallas trimmed mean,1m,1.3151561810780255
1997-09-01,Dallas trimmed mean,1m,1.5048010212306062
1997-10-01,Dallas trimmed mean,1m,2.390903166390679
1997-11-01,Dallas trimmed mean,1m,0.9466073159046573
1997-12-01,Dallas trimmed mean,1m,1.6440360138820775
1998-01-01,Dallas trimmed mean,1m,1.2192415300828818
1998-02-01,Dallas trimmed mean,1m,1.3015261583001703
1998-03-01,Dallas trimmed mean,1m,1.3419422643704548
1998-04-01,Dallas trimmed mean,1m,2.38935550079018
1998-05-01,Dallas trimmed mean,1m,1.84331051483555
1998-06-01,Dallas trimmed mean,1m,2.3290108521879516
1998-07-01,Dallas trimmed mean,1m,1.2386189833712091
1998-08-01,Dallas trimmed mean,1m,1.922854492260706
1998-09-01,Dallas trimmed mean,1m,2.02942154771224
1998-10-01,Dallas trimmed mean,1m,1.888231871212831
1998-11-01,Dallas trimmed mean,1m,1.9800535518569085
1998-12-01,Dallas trimmed mean,1m,1.8323639933132574
1999-01-01,Dallas trimmed mean,1m,1.5691624041373364
1999-02-01,Dallas trimmed mean,1m,1.7566484789343306
1999-03-01,Dallas trimmed mean,1m,0.806927648013489
1999-04-01,Dallas trimmed mean,1m,1.4529426859327677
1999-05-01,Dallas trimmed mean,1m,2.4358380079432473
1999-06-01,Dallas trimmed mean,1m,1.8567658012949684
1999-07-01,Dallas trimmed mean,1m,1.4497438371566806
1999-08-01,Dallas trimmed mean,1m,2.3611849019833597
1999-09-01,Dallas trimmed mean,1m,1.5700078590153765
1999-10-01,Dallas trimmed mean,1m,2.3064345117469243
1999-11-01,Dallas trimmed mean,1m,1.9195168757757397
1999-12-01,Dallas trimmed mean,1m,2.3227130648828087
2000-01-01,Dallas trimmed mean,1m,1.8203068960838342
2000-02-01,Dallas trimmed mean,1m,3.334238187597971
2000-03-01,Dallas trimmed mean,1m,2.294140488667895
2000-04-01,Dallas trimmed mean,1m,2.769310062089869
2000-05-01,Dallas trimmed mean,1m,1.7273456952007216
2000-06-01,Dallas trimmed mean,1m,2.277982001503065
2000-07-01,Dallas trimmed mean,1m,2.074593404007108
2000-08-01,Dallas trimmed mean,1m,2.8996666087540923
2000-09-01,Dallas trimmed mean,1m,1.8684921707714075
2000-10-01,Dallas trimmed mean,1m,3.0748518550989257
2000-11-01,Dallas trimmed mean,1m,2.51815527174033
2000-12-01,Dallas trimmed mean,1m,2.5056191181862753
2001-01-01,Dallas trimmed mean,1m,2.326759026997194
2001-02-01,Dallas trimmed mean,1m,3.3373203094170023
2001-03-01,Dallas trimmed mean,1m,2.6794909785605725
2001-04-01,Dallas trimmed mean,1m,2.500817248709364
2001-05-01,Dallas trimmed mean,1m,3.0342619062244447
2001-06-01,Dallas trimmed mean,1m,2.214690183179635
2001-07-01,Dallas trimmed mean,1m,3.0947363795555294
2001-08-01,Dallas trimmed mean,1m,2.274172247563677
2001-09-01,Dallas trimmed mean,1m,2.436357336234707
2001-10-01,Dallas trimmed mean,1m,1.9669593020182008
2001-11-01,Dallas trimmed mean,1m,2.204095042356413
2001-12-01,Dallas trimmed mean,1m,2.3111343697815423
2002-01-01,Dallas trimmed mean,1m,1.4217079119294818
2002-02-01,Dallas trimmed mean,1m,1.7498451462785614
2002-03-01,Dallas trimmed mean,1m,2.3231418362983813
2002-04-01,Dallas trimmed mean,1m,2.326661041106326
2002-05-01,Dallas trimmed mean,1m,2.3262599226923086
2002-06-01,Dallas trimmed mean,1m,1.7903728281405185
2002-07-01,Dallas trimmed mean,1m,1.9297853369504736
2002-08-01,Dallas trimmed mean,1m,2.5492849879537705
2002-09-01,Dallas trimmed mean,1m,2.047027604268181
2002-10-01,Dallas trimmed mean,1m,2.661317209017633
2002-11-01,Dallas trimmed mean,1m,2.2903993863574224
2002-12-01,Dallas trimmed mean,1m,2.079555605100225
2003-01-01,Dallas trimmed mean,1m,1.927254696325953
2003-02-01,Dallas trimmed mean,1m,1.8930381880563285
2003-03-01,Dallas trimmed mean,1m,1.7852919984907567
2003-04-01,Dallas trimmed mean,1m,2.2185280007817276
2003-05-01,Dallas trimmed mean,1m,0.7735748864044822
2003-06-01,Dallas trimmed mean,1m,1.6571114257098785
2003-07-01,Dallas trimmed mean,1m,1.1180107030754893
2003-08-01,Dallas trimmed mean,1m,2.891203277390919
2003-09-01,Dallas trimmed mean,1m,2.1744596314126285
2003-10-01,Dallas trimmed mean,1m,1.8563376412161547
2003-11-01,Dallas trimmed mean,1m,2.2120211169639914
2003-12-01,Dallas trimmed mean,1m,1.9024218342671428
2004-01-01,Dallas trimmed mean,1m,1.5418098309859518
2004-02-01,Dallas trimmed mean,1m,2.6720359735695087
2004-03-01,Dallas trimmed mean,1m,2.5974829777859476
2004-04-01,Dallas trimmed mean,1m,2.2077661380434765
2004-05-01,Dallas trimmed mean,1m,3.2516632601277795
2004-06-01,Dallas trimmed mean,1m,2.6319912651527444
2004-07-01,Dallas trimmed mean,1m,2.5028153637428385
2004-08-01,Dallas trimmed mean,1m,2.1289874830885624
2004-09-01,Dallas trimmed mean,1m,1.758063567984891
2004-10-01,Dallas trimmed mean,1m,1.7840071764355647
2004-11-01,Dallas trimmed mean,1m,2.3067542867595936
2004-12-01,Dallas trimmed mean,1m,2.3295362678284137
2005-01-01,Dallas trimmed mean,1m,1.8651991507163235
2005-02-01,Dallas trimmed mean,1m,3.4791577672011798
2005-03-01,Dallas trimmed mean,1m,2.8425459655307295
2005-04-01,Dallas trimmed mean,1m,2.143582764226859
2005-05-01,Dallas trimmed mean,1m,2.158128931388892
2005-06-01,Dallas trimmed mean,1m,2.1664260653189382
2005-07-01,Dallas trimmed mean,1m,1.7496829687436932
2005-08-01,Dallas trimmed mean,1m,2.726388207499175
2005-09-01,Dallas trimmed mean,1m,1.851211741971004
2005-10-01,Dallas trimmed mean,1m,3.309181741754097
2005-11-01,Dallas trimmed mean,1m,2.9501554730517965
2005-12-01,Dallas trimmed mean,1m,2.7165581743940015
2006-01-01,Dallas trimmed mean,1m,1.5580784936348069
2006-02-01,Dallas trimmed mean,1m,2.985303567990405
2006-03-01,Dallas trimmed mean,1m,2.0525603852776797
2006-04-01,Dallas trimmed mean,1m,2.912467006578412
2006-05-01,Dallas trimmed mean,1m,3.0843693116964
2006-06-01,Dallas trimmed mean,1m,3.83936912679812
2006-07-01,Dallas trimmed mean,1m,3.677466401664331
2006-08-01,Dallas trimmed mean,1m,3.0517280196717733
2006-09-01,Dallas trimmed mean,1m,2.8131449386866514
2006-10-01,Dallas trimmed mean,1m,2.285788927346588
2006-11-01,Dallas trimmed mean,1m,2.2701464088885848
2006-12-01,Dallas trimmed mean,1m,1.1256505317541299
2007-01-01,Dallas trimmed mean,1m,2.864866036114333
2007-02-01,Dallas trimmed mean,1m,3.3470132269436847
2007-03-01,Dallas trimmed mean,1m,3.4049799066574016
2007-04-01,Dallas trimmed mean,1m,2.129261189333209
2007-05-01,Dallas trimmed mean,1m,2.0706313471009707
2007-06-01,Dallas trimmed mean,1m,1.9688957579826027
2007-07-01,Dallas trimmed mean,1m,2.407592034595396
2007-08-01,Dallas trimmed mean,1m,2.052426132781804
2007-09-01,Dallas trimmed mean,1m,2.1052018887813606
2007-10-01,Dallas trimmed mean,1m,3.2285429947411126
2007-11-01,Dallas trimmed mean,1m,3.2276824966429363
2007-12-01,Dallas trimmed mean,1m,3.43432114979465
2008-01-01,Dallas trimmed mean,1m,2.5176418528535915
2008-02-01,Dallas trimmed mean,1m,2.552252481720685
2008-03-01,Dallas trimmed mean,1m,1.9916683169918237
2008-04-01,Dallas trimmed mean,1m,2.4892052082109872
2008-05-01,Dallas trimmed mean,1m,2.41963887293144
2008-06-01,Dallas trimmed mean,1m,2.2668865202473354
2008-07-01,Dallas trimmed mean,1m,3.1209918693507532
2008-08-01,Dallas trimmed mean,1m,3.3872887957000275
2008-09-01,Dallas trimmed mean,1m,1.6629115802055505
2008-10-01,Dallas trimmed mean,1m,2.13816399481781
2008-11-01,Dallas trimmed mean,1m,1.8259835254476942
2008-12-01,Dallas trimmed mean,1m,2.3348503114843266
2009-01-01,Dallas trimmed mean,1m,0.826677717437585
2009-02-01,Dallas trimmed mean,1m,3.003464327328609
2009-03-01,Dallas trimmed mean,1m,1.9445483665890162
2009-04-01,Dallas trimmed mean,1m,1.757196250957116
2009-05-01,Dallas trimmed mean,1m,1.5276499825223944
2009-06-01,Dallas trimmed mean,1m,1.5229242685576905
2009-07-01,Dallas trimmed mean,1m,1.5141392597435077
2009-08-01,Dallas trimmed mean,1m,0.2227445123549998
2009-09-01,Dallas trimmed mean,1m,1.5143654303455323
2009-10-01,Dallas trimmed mean,1m,0.6356146509353122
2009-11-01,Dallas trimmed mean,1m,2.0203144272298523
2009-12-01,Dallas trimmed mean,1m,0.877087002735677
2010-01-01,Dallas trimmed mean,1m,0.7535031735466768
2010-02-01,Dallas trimmed mean,1m,0.770949949264943
2010-03-01,Dallas trimmed mean,1m,0.5520466194266493
2010-04-01,Dallas trimmed mean,1m,0.703503814016182
2010-05-01,Dallas trimmed mean,1m,0.8522414892845775
2010-06-01,Dallas trimmed mean,1m,0.7450836796832672
2010-07-01,Dallas trimmed mean,1m,0.7841828724735933
2010-08-01,Dallas trimmed mean,1m,0.7573348405864877
2010-09-01,Dallas trimmed mean,1m,1.4502143847314741
2010-10-01,Dallas trimmed mean,1m,1.2496284515875145
2010-11-01,Dallas trimmed mean,1m,0.7420426884627185
2010-12-01,Dallas trimmed mean,1m,1.4076565537439523
2011-01-01,Dallas trimmed mean,1m,1.1013906699766096
2011-02-01,Dallas trimmed mean,1m,2.1846190892361728
2011-03-01,Dallas trimmed mean,1m,2.4510897366372797
2011-04-01,Dallas trimmed mean,1m,2.2993973204915363
2011-05-01,Dallas trimmed mean,1m,2.3786523381514657
2011-06-01,Dallas trimmed mean,1m,2.3226824331843865
2011-07-01,Dallas trimmed mean,1m,1.4516598627119626
2011-08-01,Dallas trimmed mean,1m,1.7191233734145994
2011-09-01,Dallas trimmed mean,1m,2.5206601494598857
2011-10-01,Dallas trimmed mean,1m,1.888514385762785
2011-11-01,Dallas trimmed mean,1m,1.8335399792000162
2011-12-01,Dallas trimmed mean,1m,2.063832205503102
2012-01-01,Dallas trimmed mean,1m,2.0708689717032547
2012-02-01,Dallas trimmed mean,1m,2.4989947195371176
2012-03-01,Dallas trimmed mean,1m,1.6050134338158495
2012-04-01,Dallas trimmed mean,1m,2.0637685759638202
2012-05-01,Dallas trimmed mean,1m,1.880409774684999
2012-06-01,Dallas trimmed mean,1m,1.7067524852513172
2012-07-01,Dallas trimmed mean,1m,1.0091422729018973
2012-08-01,Dallas trimmed mean,1m,1.3512057355250517
2012-09-01,Dallas trimmed mean,1m,1.870391493072443
2012-10-01,Dallas trimmed mean,1m,1.85273240424646
2012-11-01,Dallas trimmed mean,1m,1.5579263997763881
2012-12-01,Dallas trimmed mean,1m,1.0925256502605674
2013-01-01,Dallas trimmed mean,1m,1.1801943530822756
2013-02-01,Dallas trimmed mean,1m,2.0804600152230845
2013-03-01,Dallas trimmed mean,1m,2.1490306718140673
2013-04-01,Dallas trimmed mean,1m,1.3921662157657
2013-05-01,Dallas trimmed mean,1m,0.10497373715836478
2013-06-01,Dallas trimmed mean,1m,1.460263438571019
2013-07-01,Dallas trimmed mean,1m,2.2743001618317438
2013-08-01,Dallas trimmed mean,1m,1.7742126862216212
2013-09-01,Dallas trimmed mean,1m,1.7028161219239113
2013-10-01,Dallas trimmed mean,1m,1.7616423676247495
2013-11-01,Dallas trimmed mean,1m,1.8237028321183901
2013-12-01,Dallas trimmed mean,1m,1.995208753153932
2014-01-01,Dallas trimmed mean,1m,1.612539215064146
2014-02-01,Dallas trimmed mean,1m,1.6764613647202387
2014-03-01,Dallas trimmed mean,1m,1.3265580419652867
2014-04-01,Dallas trimmed mean,1m,1.609500614931103
2014-05-01,Dallas trimmed mean,1m,1.8124544080166505
2014-06-01,Dallas trimmed mean,1m,2.014920126029063
2014-07-01,Dallas trimmed mean,1m,1.7766607998930484
2014-08-01,Dallas trimmed mean,1m,1.796202374896927
2014-09-01,Dallas trimmed mean,1m,1.1314828259368026
2014-10-01,Dallas trimmed mean,1m,1.7617973180372282
2014-11-01,Dallas trimmed mean,1m,1.2842250316950743
2014-12-01,Dallas trimmed mean,1m,1.703915146320023
2015-01-01,Dallas trimmed mean,1m,1.3995190992522222
2015-02-01,Dallas trimmed mean,1m,0.19051929371205478
2015-03-01,Dallas trimmed mean,1m,2.098606677674142
2015-04-01,Dallas trimmed mean,1m,1.57228273288057
2015-05-01,Dallas trimmed mean,1m,2.278543255712928
2015-06-01,Dallas trimmed mean,1m,1.548143143122438
2015-07-01,Dallas trimmed mean,1m,1.7808989824538157
2015-08-01,Dallas trimmed mean,1m,1.7812317149047185
2015-09-01,Dallas trimmed mean,1m,1.1791489482408712
2015-10-01,Dallas trimmed mean,1m,1.8163179185013867
2015-11-01,Dallas trimmed mean,1m,0.8736536968803499
2015-12-01,Dallas trimmed mean,1m,1.387193867974723
2016-01-01,Dallas trimmed mean,1m,0.9747212920680592
2016-02-01,Dallas trimmed mean,1m,1.6878155881065338
2016-03-01,Dallas trimmed mean,1m,1.9260746064677647
2016-04-01,Dallas trimmed mean,1m,2.0480298740252367
2016-05-01,Dallas trimmed mean,1m,2.3292433521368228
2016-06-01,Dallas trimmed mean,1m,2.3154976140620454
2016-07-01,Dallas trimmed mean,1m,1.5913084793901522
2016-08-01,Dallas trimmed mean,1m,1.793522097182576
2016-09-01,Dallas trimmed mean,1m,1.6252292953798042
2016-10-01,Dallas trimmed mean,1m,2.1700096065319974
2016-11-01,Dallas trimmed mean,1m,1.9382002974305923
2016-12-01,Dallas trimmed mean,1m,1.3983259328008035
2017-01-01,Dallas trimmed mean,1m,1.65173330119881
2017-02-01,Dallas trimmed mean,1m,2.3195723876535235
2017-03-01,Dallas trimmed mean,1m,1.4374800884501493
2017-04-01,Dallas trimmed mean,1m,1.2934826336298277
2017-05-01,Dallas trimmed mean,1m,1.618541586742528
2017-06-01,Dallas trimmed mean,1m,1.1366515635717223
2017-07-01,Dallas trimmed mean,1m,1.7985458386337472
2017-08-01,Dallas trimmed mean,1m,1.078985835065538
2017-09-01,Dallas trimmed mean,1m,1.794849859012615
2017-10-01,Dallas trimmed mean,1m,1.7557319149289263
2017-11-01,Dallas trimmed mean,1m,2.182165423328475
2017-12-01,Dallas trimmed mean,1m,1.7008552712594271
2018-01-01,Dallas trimmed mean,1m,2.0544105721130634
2018-02-01,Dallas trimmed mean,1m,2.91897218519912
2018-03-01,Dallas trimmed mean,1m,1.989037391735371
2018-04-01,Dallas trimmed mean,1m,1.5786541717278668
2018-05-01,Dallas trimmed mean,1m,1.5291344393364437
2018-06-01,Dallas trimmed mean,1m,2.1232996921834113
2018-07-01,Dallas trimmed mean,1m,2.0408176514738585
2018-08-01,Dallas trimmed mean,1m,1.8001351452211045
2018-09-01,Dallas trimmed mean,1m,1.6746610338488566
2018-10-01,Dallas trimmed mean,1m,2.075930357111866
2018-11-01,Dallas trimmed mean,1m,2.1994999751014266
2018-12-01,Dallas trimmed mean,1m,2.4442183778203397
2019-01-01,Dallas trimmed mean,1m,1.7946127543114976
2019-02-01,Dallas trimmed mean,1m,1.626112525505019
2019-03-01,Dallas trimmed mean,1m,2.6978913811319893
2019-04-01,Dallas trimmed mean,1m,2.027374320993447
2019-05-01,Dallas trimmed mean,1m,2.9649120864283285
2019-06-01,Dallas trimmed mean,1m,1.0906481817756442
2019-07-01,Dallas trimmed mean,1m,1.500392165593456
2019-08-01,Dallas trimmed mean,1m,2.1471420757558812
2019-09-01,Dallas trimmed mean,1m,1.891344198152134
2019-10-01,Dallas trimmed mean,1m,1.2243882597446465
2019-11-01,Dallas trimmed mean,1m,2.157699190309148
2019-12-01,Dallas trimmed mean,1m,1.6509995329347271
2020-01-01,Dallas trimmed mean,1m,1.6711651003125105
2020-02-01,Dallas trimmed mean,1m,2.489893224738582
2020-03-01,Dallas trimmed mean,1m,2.451826837593063
2020-04-01,Dallas trimmed mean,1m,1.496411506290496
2020-05-01,Dallas trimmed mean,1m,1.626241371025805
2020-06-01,Dallas trimmed mean,1m,2.1167685513591383
2020-07-01,Dallas trimmed mean,1m,1.7857404739194171
2020-08-01,Dallas trimmed mean,1m,2.575292871576673
2020-09-01,Dallas trimmed mean,1m,2.171734531878755
2020-10-01,Dallas trimmed mean,1m,1.1977430361341357
2020-11-01,Dallas trimmed mean,1m,1.6050775617617141
2020-12-01,Dallas trimmed mean,1m,0.905682405485142
2021-01-01,Dallas trimmed mean,1m,1.51742950316327
2021-02-01,Dallas trimmed mean,1m,2.165862496063209
2021-03-01,Dallas trimmed mean,1m,2.618862668696509
2021-04-01,Dallas trimmed mean,1m,2.2101587187353333
2021-05-01,Dallas trimmed mean,1m,2.628741683962166
2021-06-01,Dallas trimmed mean,1m,2.9531701073675976
2021-07-01,Dallas trimmed mean,1m,2.2231131646676117
2021-08-01,Dallas trimmed mean,1m,2.9277519477440395
2021-09-01,Dallas trimmed mean,1m,3.1286266518741446
2021-10-01,Dallas trimmed mean,1m,4.261985315756656
2021-11-01,Dallas trimmed mean,1m,4.699649994793487
2021-12-01,Dallas trimmed mean,1m,4.066764677980306
2022-01-01,Dallas trimmed mean,1m,4.649802591465413
2022-02-01,Dallas trimmed mean,1m,6.871220063433858
2022-03-01,Dallas trimmed mean,1m,4.803491453989794
2022-04-01,Dallas trimmed mean,1m,3.229491370344806
2022-05-01,Dallas trimmed mean,1m,3.268899756931587
2022-06-01,Dallas trimmed mean,1m,5.887109285172709
2022-07-01,Dallas trimmed mean,1m,7.526487296406792
2022-08-01,Dallas trimmed mean,1m,4.051312530260143
2022-09-01,Dallas trimmed mean,1m,5.999818586463768
2022-10-01,Dallas trimmed mean,1m,3.902175562234711
2022-11-01,Dallas trimmed mean,1m,5.05511095104918
2022-12-01,Dallas trimmed mean,1m,3.5061981168166056
2023-01-01,Dallas trimmed mean,1m,3.949991973342404
2023-02-01,Dallas trimmed mean,1m,5.479333791894847
2023-03-01,Dallas trimmed mean,1m,4.767880084580223
2023-04-01,Dallas trimmed mean,1m,3.7214455014477954
2023-05-01,Dallas trimmed mean,1m,4.141939274656603
2023-06-01,Dallas trimmed mean,1m,3.630864682275403
2023-07-01,Dallas trimmed mean,1m,2.2528583567819505
2023-08-01,Dallas trimmed mean,1m,2.797256569945472
2023-09-01,Dallas trimmed mean,1m,2.608192413187016
2023-10-01,Dallas trimmed mean,1m,2.983194371731357
2023-11-01,Dallas trimmed mean,1m,2.762657488957898
2023-12-01,Dallas trimmed mean,1m,2.145685750927062
2024-01-01,Dallas trimmed mean,1m,2.270541234884238
2024-02-01,Dallas trimmed mean,1m,5.629705081960945
2024-03-01,Dallas trimmed mean,1m,3.3064821682161405
2024-04-01,Dallas trimmed mean,1m,3.4635164734275303
2024-05-01,Dallas trimmed mean,1m,2.5673555576571028
2024-06-01,Dallas trimmed mean,1m,2.135141221651682
2024-07-01,Dallas trimmed mean,1m,2.4116735006137535
2024-08-01,Dallas trimmed mean,1m,1.8726075203780335
2024-09-01,Dallas trimmed mean,1m,1.876593748707367
2024-10-01,Dallas trimmed mean,1m,2.943218021123495
2024-11-01,Dallas trimmed mean,1m,3.346177690664165
2024-12-01,Dallas trimmed mean,1m,2.1874264696717605
2025-01-01,Dallas trimmed mean,1m,3.0098671340867744
2025-02-01,Dallas trimmed mean,1m,2.8381334639138167
2025-03-01,Dallas trimmed mean,1m,3.0758103689130456
2025-04-01,Dallas trimmed mean,1m,2.868823910299856
2025-05-01,Dallas trimmed mean,1m,2.8581183243729047
2025-06-01,Dallas trimmed mean,1m,1.8460657152786109
2025-07-01,Dallas trimmed mean,1m,3.776126929699175
2025-08-01,Dallas trimmed mean,1m,1.8653789916449393
2025-09-01,Dallas trimmed mean,1m,3.1093392419456967
2025-10-01,Dallas trimmed mean,1m,1.8240245493141405
2025-11-01,Dallas trimmed mean,1m,1.68660760541115
2025-12-01,Dallas trimmed mean,1m,1.8430057527994315
2026-01-01,Dallas trimmed mean,1m,2.435049995645211
2026-02-01,Dallas trimmed mean,1m,2.5273508883949303
2026-03-01,Dallas trimmed mean,1m,1.9999961449804315
2026-04-01,Dallas trimmed mean,1m,3.122605356525221
2026-05-01,Dallas trimmed mean,1m,2.3699801702612433
2026-06-01,Dallas trimmed mean,1m,2.719598137918111
2026-07-01,Dallas trimmed mean,1m,1.690338653942014
1959-05-01,Dallas trimmed mean,3m,1.2371773126729657
1959-06-01,Dallas trimmed mean,3m,1.338456924118292
1959-07-01,Dallas trimmed mean,3m,1.8662232850902294
1959-08-01,Dallas trimmed mean,3m,1.4715126778894083
1959-09-01,Dallas trimmed mean,3m,1.4588997233969225
1959-10-01,Dallas trimmed mean,3m,1.3179958234630362
1959-11-01,Dallas trimmed mean,3m,1.317849780432434
1959-12-01,Dallas trimmed mean,3m,1.20352449164991
1960-01-01,Dallas trimmed mean,3m,0.9692451647891343
1960-02-01,Dallas trimmed mean,3m,0.5890877714886944
1960-03-01,Dallas trimmed mean,3m,0.6374606676199379
1960-04-01,Dallas trimmed mean,3m,0.3479522772707355
1960-05-01,Dallas trimmed mean,3m,0.9106774412162677
1960-06-01,Dallas trimmed mean,3m,0.8271048703535566
1960-07-01,Dallas trimmed mean,3m,0.8261988309370416
1960-08-01,Dallas trimmed mean,3m,0.766281249088685
1960-09-01,Dallas trimmed mean,3m,0.8329477194408907
1960-10-01,Dallas trimmed mean,3m,1.0288936954759853
1960-11-01,Dallas trimmed mean,3m,0.5504831673649679
1960-12-01,Dallas trimmed mean,3m,0.8201298991740602
1961-01-01,Dallas trimmed mean,3m,0.7933121714151614
1961-02-01,Dallas trimmed mean,3m,0.6986228025622099
1961-03-01,Dallas trimmed mean,3m,0.30060143786556637
1961-04-01,Dallas trimmed mean,3m,0.0472388746187935
1961-05-01,Dallas trimmed mean,3m,0.23424371453482085
1961-06-01,Dallas trimmed mean,3m,0.16674987478992875
1961-07-01,Dallas trimmed mean,3m,0.3093469710241159
1961-08-01,Dallas trimmed mean,3m,0.4873054076885097
1961-09-01,Dallas trimmed mean,3m,0.5185081545592274
1961-10-01,Dallas trimmed mean,3m,0.6634852648876866
1961-11-01,Dallas trimmed mean,3m,0.28528575771149534
1961-12-01,Dallas trimmed mean,3m,0.37347060780237307
1962-01-01,Dallas trimmed mean,3m,0.11478735360037629
1962-02-01,Dallas trimmed mean,3m,0.8496982665523678
1962-03-01,Dallas trimmed mean,3m,1.0593235157523528
1962-04-01,Dallas trimmed mean,3m,1.5732128040818694
1962-05-01,Dallas trimmed mean,3m,0.7478340769149439
1962-06-01,Dallas trimmed mean,3m,0.5643174215225866
1962-07-01,Dallas trimmed mean,3m,0.25139639082063514
1962-08-01,Dallas trimmed mean,3m,0.4497902322112557
1962-09-01,Dallas trimmed mean,3m,0.5765455413222709
1962-10-01,Dallas trimmed mean,3m,0.7683950383985616
1962-11-01,Dallas trimmed mean,3m,0.4895455754339473
1962-12-01,Dallas trimmed mean,3m,0.2829246320790402
1963-01-01,Dallas trimmed mean,3m,-0.11256626138450576
1963-02-01,Dallas trimmed mean,3m,0.6201320364412677
1963-03-01,Dallas trimmed mean,3m,0.7039186579752998
1963-04-01,Dallas trimmed mean,3m,0.705191690036
1963-05-01,Dallas trimmed mean,3m,0.15879187044376408
1963-06-01,Dallas trimmed mean,3m,0.6210300835234994
1963-07-01,Dallas trimmed mean,3m,0.844574156979272
1963-08-01,Dallas trimmed mean,3m,1.011540330015337
1963-09-01,Dallas trimmed mean,3m,0.4791982915612891
1963-10-01,Dallas trimmed mean,3m,0.3589471365868402
1963-11-01,Dallas trimmed mean,3m,0.7512206972279278
1963-12-01,Dallas trimmed mean,3m,0.7755944643764723
1964-01-01,Dallas trimmed mean,3m,0.8195810029327788
1964-02-01,Dallas trimmed mean,3m,0.595660486606242
1964-03-01,Dallas trimmed mean,3m,0.7492713652316185
1964-04-01,Dallas trimmed mean,3m,0.5620672203501487
1964-05-01,Dallas trimmed mean,3m,0.25808034674401625
1964-06-01,Dallas trimmed mean,3m,0.024662685995058276
1964-07-01,Dallas trimmed mean,3m,0.09176053833666042
1964-08-01,Dallas trimmed mean,3m,0.07421820937763002
1964-09-01,Dallas trimmed mean,3m,0.23897060400837056
1964-10-01,Dallas trimmed mean,3m,0.23393502358146634
1964-11-01,Dallas trimmed mean,3m,0.2815694966940008
1964-12-01,Dallas trimmed mean,3m,0.3018078330130347
1965-01-01,Dallas trimmed mean,3m,0.4564491951500882
1965-02-01,Dallas trimmed mean,3m,0.7770086916247809
1965-03-01,Dallas trimmed mean,3m,0.5219586309717084
1965-04-01,Dallas trimmed mean,3m,0.439375125140562
1965-05-01,Dallas trimmed mean,3m,0.44573144376973683
1965-06-01,Dallas trimmed mean,3m,0.814580248119734
1965-07-01,Dallas trimmed mean,3m,1.0797192002164335
1965-08-01,Dallas trimmed mean,3m,0.8927769698385601
1965-09-01,Dallas trimmed mean,3m,0.8944131724699877
1965-10-01,Dallas trimmed mean,3m,0.9229716792227949
1965-11-01,Dallas trimmed mean,3m,1.0264634186129218
1965-12-01,Dallas trimmed mean,3m,1.1812143902020011
1966-01-01,Dallas trimmed mean,3m,1.4891422892624906
1966-02-01,Dallas trimmed mean,3m,1.7720912265380084
1966-03-01,Dallas trimmed mean,3m,1.9614964535197066
1966-04-01,Dallas trimmed mean,3m,1.6602700309477747
1966-05-01,Dallas trimmed mean,3m,2.166311745471017
1966-06-01,Dallas trimmed mean,3m,1.916172224064261
1966-07-01,Dallas trimmed mean,3m,2.141325722395515
1966-08-01,Dallas trimmed mean,3m,1.698134919621519
1966-09-01,Dallas trimmed mean,3m,1.78231882689599
1966-10-01,Dallas trimmed mean,3m,2.2591799756217723
1966-11-01,Dallas trimmed mean,3m,2.7488651227282057
1966-12-01,Dallas trimmed mean,3m,2.7329742863462902
1967-01-01,Dallas trimmed mean,3m,2.222315315287715
1967-02-01,Dallas trimmed mean,3m,1.6982199546633714
1967-03-01,Dallas trimmed mean,3m,1.9543304749768176
1967-04-01,Dallas trimmed mean,3m,1.6035763973361483
1967-05-01,Dallas trimmed mean,3m,1.5109308730561821
1967-06-01,Dallas trimmed mean,3m,1.2061418862465478
1967-07-01,Dallas trimmed mean,3m,1.8761735309744898
1967-08-01,Dallas trimmed mean,3m,2.159847945435067
1967-09-01,Dallas trimmed mean,3m,2.4589245030824047
1967-10-01,Dallas trimmed mean,3m,2.9015438096217316
1967-11-01,Dallas trimmed mean,3m,3.162443373455348
1967-12-01,Dallas trimmed mean,3m,3.3125634726129505
1968-01-01,Dallas trimmed mean,3m,2.7572873607986326
1968-02-01,Dallas trimmed mean,3m,3.0444034835504397
1968-03-01,Dallas trimmed mean,3m,3.334820982585418
1968-04-01,Dallas trimmed mean,3m,3.3458126430632396
1968-05-01,Dallas trimmed mean,3m,3.18805814446228
1968-06-01,Dallas trimmed mean,3m,3.408129752930944
1968-07-01,Dallas trimmed mean,3m,3.7452786668458415
1968-08-01,Dallas trimmed mean,3m,3.389887609833786
1968-09-01,Dallas trimmed mean,3m,3.448476956138502
1968-10-01,Dallas trimmed mean,3m,3.735260550869146
1968-11-01,Dallas trimmed mean,3m,4.333620619027778
1968-12-01,Dallas trimmed mean,3m,4.175589756661147
1969-01-01,Dallas trimmed mean,3m,3.964953874356558
1969-02-01,Dallas trimmed mean,3m,3.743812151280701
1969-03-01,Dallas trimmed mean,3m,3.2547299404843244
1969-04-01,Dallas trimmed mean,3m,3.5182233665075335
1969-05-01,Dallas trimmed mean,3m,3.765150224587277
1969-06-01,Dallas trimmed mean,3m,4.291055580984726
1969-07-01,Dallas trimmed mean,3m,4.199029660442033
1969-08-01,Dallas trimmed mean,3m,4.437875537621294
1969-09-01,Dallas trimmed mean,3m,3.9830985082217607
1969-10-01,Dallas trimmed mean,3m,4.1073551128329555
1969-11-01,Dallas trimmed mean,3m,3.7913947239309076
1969-12-01,Dallas trimmed mean,3m,4.405328407248166
1970-01-01,Dallas trimmed mean,3m,4.372538125799008
1970-02-01,Dallas trimmed mean,3m,4.219070675562309
1970-03-01,Dallas trimmed mean,3m,4.095352395343355
1970-04-01,Dallas trimmed mean,3m,4.10685517365037
1970-05-01,Dallas trimmed mean,3m,4.40267646678385
1970-06-01,Dallas trimmed mean,3m,4.050597809264089
1970-07-01,Dallas trimmed mean,3m,3.6670273790705865
1970-08-01,Dallas trimmed mean,3m,3.524235479263993
1970-09-01,Dallas trimmed mean,3m,3.7446650506492984
1970-10-01,Dallas trimmed mean,3m,4.200792600264935
1970-11-01,Dallas trimmed mean,3m,4.421417337174405
1970-12-01,Dallas trimmed mean,3m,4.650700400972707
1971-01-01,Dallas trimmed mean,3m,4.990983217186495
1971-02-01,Dallas trimmed mean,3m,4.585564632535433
1971-03-01,Dallas trimmed mean,3m,3.9850859404064076
1971-04-01,Dallas trimmed mean,3m,2.94898107583792
1971-05-01,Dallas trimmed mean,3m,2.9565399350385713
1971-06-01,Dallas trimmed mean,3m,3.5745529311388413
1971-07-01,Dallas trimmed mean,3m,4.1969423992237465
1971-08-01,Dallas trimmed mean,3m,4.079421983437226
1971-09-01,Dallas trimmed mean,3m,3.835029030867809
1971-10-01,Dallas trimmed mean,3m,3.331226523938624
1971-11-01,Dallas trimmed mean,3m,2.5681546390638577
1971-12-01,Dallas trimmed mean,3m,1.932085978332787
1972-01-01,Dallas trimmed mean,3m,1.9934312812220467
1972-02-01,Dallas trimmed mean,3m,2.7476893610388187
1972-03-01,Dallas trimmed mean,3m,3.1710470866350926
1972-04-01,Dallas trimmed mean,3m,3.0747932979320547
1972-05-01,Dallas trimmed mean,3m,2.4434091833492655
1972-06-01,Dallas trimmed mean,3m,2.0445322635988195
1972-07-01,Dallas trimmed mean,3m,1.7448298712773314
1972-08-01,Dallas trimmed mean,3m,2.311200222529264
1972-09-01,Dallas trimmed mean,3m,2.610820040070272
1972-10-01,Dallas trimmed mean,3m,3.1680383728764028
1972-11-01,Dallas trimmed mean,3m,2.8073857012354653
1972-12-01,Dallas trimmed mean,3m,2.9029218697939285
1973-01-01,Dallas trimmed mean,3m,2.864241050400973
1973-02-01,Dallas trimmed mean,3m,3.0167288786155266
1973-03-01,Dallas trimmed mean,3m,3.3553490928925678
1973-04-01,Dallas trimmed mean,3m,3.678761008229814
1973-05-01,Dallas trimmed mean,3m,4.924663634563431
1973-06-01,Dallas trimmed mean,3m,5.0279855584966615
1973-07-01,Dallas trimmed mean,3m,4.769730996712496
1973-08-01,Dallas trimmed mean,3m,3.4689291340756157
1973-09-01,Dallas trimmed mean,3m,3.6620284403411363
1973-10-01,Dallas trimmed mean,3m,3.665016191213244
1973-11-01,Dallas trimmed mean,3m,4.476979184338958
1973-12-01,Dallas trimmed mean,3m,4.456901879795772
1974-01-01,Dallas trimmed mean,3m,5.245215663981617
1974-02-01,Dallas trimmed mean,3m,5.499595732601215
1974-03-01,Dallas trimmed mean,3m,6.259580759295891
1974-04-01,Dallas trimmed mean,3m,6.995434063533668
1974-05-01,Dallas trimmed mean,3m,7.576420376617121
1974-06-01,Dallas trimmed mean,3m,8.394669124044896
1974-07-01,Dallas trimmed mean,3m,8.751655699417228
1974-08-01,Dallas trimmed mean,3m,8.89104658845039
1974-09-01,Dallas trimmed mean,3m,9.149232073832847
1974-10-01,Dallas trimmed mean,3m,9.216376566192942
1974-11-01,Dallas trimmed mean,3m,9.574467972575306
1974-12-01,Dallas trimmed mean,3m,8.476143052165263
1975-01-01,Dallas trimmed mean,3m,7.799546172824567
1975-02-01,Dallas trimmed mean,3m,7.371809794181661
1975-03-01,Dallas trimmed mean,3m,7.050607602903769
1975-04-01,Dallas trimmed mean,3m,5.876697060326386
1975-05-01,Dallas trimmed mean,3m,5.084522190269336
1975-06-01,Dallas trimmed mean,3m,4.309519672441975
1975-07-01,Dallas trimmed mean,3m,4.545961892926176
1975-08-01,Dallas trimmed mean,3m,4.829169405965517
1975-09-01,Dallas trimmed mean,3m,5.159830913242924
1975-10-01,Dallas trimmed mean,3m,5.761581727648979
1975-11-01,Dallas trimmed mean,3m,6.341986287129431
1975-12-01,Dallas trimmed mean,3m,6.679241167802186
1976-01-01,Dallas trimmed mean,3m,6.368564479409677
1976-02-01,Dallas trimmed mean,3m,5.523300037964796
1976-03-01,Dallas trimmed mean,3m,5.1154933714606
1976-04-01,Dallas trimmed mean,3m,4.568983260996262
1976-05-01,Dallas trimmed mean,3m,4.084104206380901
1976-06-01,Dallas trimmed mean,3m,4.393296634413391
1976-07-01,Dallas trimmed mean,3m,4.719401256379241
1976-08-01,Dallas trimmed mean,3m,5.217585434853156
1976-09-01,Dallas trimmed mean,3m,5.477023473430798
1976-10-01,Dallas trimmed mean,3m,5.758810964943617
1976-11-01,Dallas trimmed mean,3m,6.103945272346034
1976-12-01,Dallas trimmed mean,3m,5.830502912460056
1977-01-01,Dallas trimmed mean,3m,5.523458187297425
1977-02-01,Dallas trimmed mean,3m,5.700572720147301
1977-03-01,Dallas trimmed mean,3m,6.251765437409529
1977-04-01,Dallas trimmed mean,3m,6.848343650874011
1977-05-01,Dallas trimmed mean,3m,6.260737217173107
1977-06-01,Dallas trimmed mean,3m,5.814719754254605
1977-07-01,Dallas trimmed mean,3m,5.648849033627745
1977-08-01,Dallas trimmed mean,3m,5.879365201444342
1977-09-01,Dallas trimmed mean,3m,5.94855063068247
1977-10-01,Dallas trimmed mean,3m,5.571986254647943
1977-11-01,Dallas trimmed mean,3m,5.216604667530489
1977-12-01,Dallas trimmed mean,3m,5.415290988608423
1978-01-01,Dallas trimmed mean,3m,5.632976799817935
1978-02-01,Dallas trimmed mean,3m,5.643156077265354
1978-03-01,Dallas trimmed mean,3m,5.279244167685393
1978-04-01,Dallas trimmed mean,3m,5.467210835682379
1978-05-01,Dallas trimmed mean,3m,6.183234635381818
1978-06-01,Dallas trimmed mean,3m,6.949224289027023
1978-07-01,Dallas trimmed mean,3m,6.991758885996857
1978-08-01,Dallas trimmed mean,3m,6.916271962235365
1978-09-01,Dallas trimmed mean,3m,6.570801774554558
1978-10-01,Dallas trimmed mean,3m,6.776937842615194
1978-11-01,Dallas trimmed mean,3m,7.5031376518116755
1978-12-01,Dallas trimmed mean,3m,7.879960239565165
1979-01-01,Dallas trimmed mean,3m,7.612348928936252
1979-02-01,Dallas trimmed mean,3m,7.506203099639408
1979-03-01,Dallas trimmed mean,3m,7.457404913907717
1979-04-01,Dallas trimmed mean,3m,7.603255523607255
1979-05-01,Dallas trimmed mean,3m,7.031912778071203
1979-06-01,Dallas trimmed mean,3m,7.514985066959423
1979-07-01,Dallas trimmed mean,3m,7.609972006728527
1979-08-01,Dallas trimmed mean,3m,7.995533339698313
1979-09-01,Dallas trimmed mean,3m,7.895063852036088
1979-10-01,Dallas trimmed mean,3m,8.375835712803648
1979-11-01,Dallas trimmed mean,3m,9.103465443532555
1979-12-01,Dallas trimmed mean,3m,8.64544981749711
1980-01-01,Dallas trimmed mean,3m,8.536797696762921
1980-02-01,Dallas trimmed mean,3m,8.531138030770503
1980-03-01,Dallas trimmed mean,3m,9.408986089782267
1980-04-01,Dallas trimmed mean,3m,9.87991257921288
1980-05-01,Dallas trimmed mean,3m,8.615548958777296
1980-06-01,Dallas trimmed mean,3m,8.200639782757824
1980-07-01,Dallas trimmed mean,3m,7.979831868867282
1980-08-01,Dallas trimmed mean,3m,8.119620622769874
1980-09-01,Dallas trimmed mean,3m,7.995612066770175
1980-10-01,Dallas trimmed mean,3m,8.292696327626835
1980-11-01,Dallas trimmed mean,3m,9.005496271303981
1980-12-01,Dallas trimmed mean,3m,8.962369316172758
1981-01-01,Dallas trimmed mean,3m,8.505029758512528
1981-02-01,Dallas trimmed mean,3m,8.691030839354186
1981-03-01,Dallas trimmed mean,3m,9.199052596344902
1981-04-01,Dallas trimmed mean,3m,8.83790155507349
1981-05-01,Dallas trimmed mean,3m,8.206388151135657
1981-06-01,Dallas trimmed mean,3m,7.123429679677962
1981-07-01,Dallas trimmed mean,3m,6.6630176351480275
1981-08-01,Dallas trimmed mean,3m,6.511957345663366
1981-09-01,Dallas trimmed mean,3m,6.847329528834556
1981-10-01,Dallas trimmed mean,3m,7.3711878391318875
1981-11-01,Dallas trimmed mean,3m,7.1740426509302235
1981-12-01,Dallas trimmed mean,3m,6.66021223184432
1982-01-01,Dallas trimmed mean,3m,5.874222480884139
1982-02-01,Dallas trimmed mean,3m,5.603933653150572
1982-03-01,Dallas trimmed mean,3m,5.1414423037423385
1982-04-01,Dallas trimmed mean,3m,5.214087249806143
1982-05-01,Dallas trimmed mean,3m,4.512420311562537
1982-06-01,Dallas trimmed mean,3m,4.9175657472150025
1982-07-01,Dallas trimmed mean,3m,4.974912915256047
1982-08-01,Dallas trimmed mean,3m,6.253660213385404
1982-09-01,Dallas trimmed mean,3m,5.688981662631387
1982-10-01,Dallas trimmed mean,3m,4.961184596162438
1982-11-01,Dallas trimmed mean,3m,4.396638109532347
1982-12-01,Dallas trimmed mean,3m,3.902063911463838
1983-01-01,Dallas trimmed mean,3m,3.7752000492016657
1983-02-01,Dallas trimmed mean,3m,3.8654869759719546
1983-03-01,Dallas trimmed mean,3m,4.2327330254746665
1983-04-01,Dallas trimmed mean,3m,4.069773530297205
1983-05-01,Dallas trimmed mean,3m,3.773377610115314
1983-06-01,Dallas trimmed mean,3m,3.5159667850678256
1983-07-01,Dallas trimmed mean,3m,3.8272971483924945
1983-08-01,Dallas trimmed mean,3m,3.485417302812066
1983-09-01,Dallas trimmed mean,3m,3.5151966620389885
1983-10-01,Dallas trimmed mean,3m,3.77513375690679
1983-11-01,Dallas trimmed mean,3m,3.3973421550567373
1983-12-01,Dallas trimmed mean,3m,3.695196899144282
1984-01-01,Dallas trimmed mean,3m,3.1887230712003944
1984-02-01,Dallas trimmed mean,3m,3.937528267865975
1984-03-01,Dallas trimmed mean,3m,4.090287751270361
1984-04-01,Dallas trimmed mean,3m,4.6412935717134784
1984-05-01,Dallas trimmed mean,3m,4.544326297693391
1984-06-01,Dallas trimmed mean,3m,3.7573382178641035
1984-07-01,Dallas trimmed mean,3m,3.5500882433128877
1984-08-01,Dallas trimmed mean,3m,3.6394274292932627
1984-09-01,Dallas trimmed mean,3m,4.271627956861601
1984-10-01,Dallas trimmed mean,3m,4.383567294635227
1984-11-01,Dallas trimmed mean,3m,3.8993579923630506
1984-12-01,Dallas trimmed mean,3m,3.2317882224030425
1985-01-01,Dallas trimmed mean,3m,3.2299586809118486
1985-02-01,Dallas trimmed mean,3m,3.1358174019093354
1985-03-01,Dallas trimmed mean,3m,4.291582625687251
1985-04-01,Dallas trimmed mean,3m,4.363209345174601
1985-05-01,Dallas trimmed mean,3m,4.109344125827796
1985-06-01,Dallas trimmed mean,3m,3.2777741011706274
1985-07-01,Dallas trimmed mean,3m,3.2959379819288426
1985-08-01,Dallas trimmed mean,3m,3.3072755764586015
1985-09-01,Dallas trimmed mean,3m,3.545474763773182
1985-10-01,Dallas trimmed mean,3m,3.307146648128678
1985-11-01,Dallas trimmed mean,3m,3.431012801885247
1985-12-01,Dallas trimmed mean,3m,3.387873174945555
1986-01-01,Dallas trimmed mean,3m,3.5643487201618695
1986-02-01,Dallas trimmed mean,3m,4.144304967408741
1986-03-01,Dallas trimmed mean,3m,3.844635348291048
1986-04-01,Dallas trimmed mean,3m,3.164808293997523
1986-05-01,Dallas trimmed mean,3m,2.6819612562795525
1986-06-01,Dallas trimmed mean,3m,2.493603897756236
1986-07-01,Dallas trimmed mean,3m,3.2077267983233293
1986-08-01,Dallas trimmed mean,3m,3.1139481226343246
1986-09-01,Dallas trimmed mean,3m,3.366752625780123
1986-10-01,Dallas trimmed mean,3m,3.2849635009146727
1986-11-01,Dallas trimmed mean,3m,3.5997979606681607
1986-12-01,Dallas trimmed mean,3m,3.6296490688959793
1987-01-01,Dallas trimmed mean,3m,3.4099557464215335
1987-02-01,Dallas trimmed mean,3m,3.778071211588463
1987-03-01,Dallas trimmed mean,3m,3.8170190399223536
1987-04-01,Dallas trimmed mean,3m,4.133323186063964
1987-05-01,Dallas trimmed mean,3m,4.143301590215631
1987-06-01,Dallas trimmed mean,3m,4.1968369346405465
1987-07-01,Dallas trimmed mean,3m,3.912292999400968
1987-08-01,Dallas trimmed mean,3m,3.146727012818018
1987-09-01,Dallas trimmed mean,3m,3.5371510507001602
1987-10-01,Dallas trimmed mean,3m,3.615394253013271
1987-11-01,Dallas trimmed mean,3m,4.050192791175267
1987-12-01,Dallas trimmed mean,3m,3.5360891916435433
1988-01-01,Dallas trimmed mean,3m,3.059497220875107
1988-02-01,Dallas trimmed mean,3m,3.283634189851914
1988-03-01,Dallas trimmed mean,3m,3.269359347836387
1988-04-01,Dallas trimmed mean,3m,3.857208815698554
1988-05-01,Dallas trimmed mean,3m,3.7957422395078266
1988-06-01,Dallas trimmed mean,3m,3.8603574322924494
1988-07-01,Dallas trimmed mean,3m,4.108245572605096
1988-08-01,Dallas trimmed mean,3m,4.285127001494482
1988-09-01,Dallas trimmed mean,3m,4.582888953039532
1988-10-01,Dallas trimmed mean,3m,4.852281734501385
1988-11-01,Dallas trimmed mean,3m,4.335366876066482
1988-12-01,Dallas trimmed mean,3m,4.1688333461110005
1989-01-01,Dallas trimmed mean,3m,3.611400785003349
1989-02-01,Dallas trimmed mean,3m,4.245799879021539
1989-03-01,Dallas trimmed mean,3m,4.428105262447257
1989-04-01,Dallas trimmed mean,3m,4.47813819276035
1989-05-01,Dallas trimmed mean,3m,4.174918301970587
1989-06-01,Dallas trimmed mean,3m,4.19713805270312
1989-07-01,Dallas trimmed mean,3m,3.9919027555061826
1989-08-01,Dallas trimmed mean,3m,3.8252781835531824
1989-09-01,Dallas trimmed mean,3m,3.471608604378651
1989-10-01,Dallas trimmed mean,3m,3.569019215721081
1989-11-01,Dallas trimmed mean,3m,3.982466235235149
1989-12-01,Dallas trimmed mean,3m,4.067240694488161
1990-01-01,Dallas trimmed mean,3m,4.218918101395341
1990-02-01,Dallas trimmed mean,3m,3.842072688737508
1990-03-01,Dallas trimmed mean,3m,3.9614948863540445
1990-04-01,Dallas trimmed mean,3m,4.514973147286039
1990-05-01,Dallas trimmed mean,3m,4.4687157608412464
1990-06-01,Dallas trimmed mean,3m,4.241188412514996
1990-07-01,Dallas trimmed mean,3m,4.004872994185504
1990-08-01,Dallas trimmed mean,3m,4.0843280441728025
1990-09-01,Dallas trimmed mean,3m,4.817533324249346
1990-10-01,Dallas trimmed mean,3m,4.311030930889448
1990-11-01,Dallas trimmed mean,3m,4.189545639040548
1990-12-01,Dallas trimmed mean,3m,3.063346665471256
1991-01-01,Dallas trimmed mean,3m,3.07396007549674
1991-02-01,Dallas trimmed mean,3m,3.165661689284449
1991-03-01,Dallas trimmed mean,3m,3.40679367994563
1991-04-01,Dallas trimmed mean,3m,2.9326805225103003
1991-05-01,Dallas trimmed mean,3m,2.5475264325863556
1991-06-01,Dallas trimmed mean,3m,3.029093441459718
1991-07-01,Dallas trimmed mean,3m,3.0922956922255995
1991-08-01,Dallas trimmed mean,3m,2.977232450110945
1991-09-01,Dallas trimmed mean,3m,2.5941871942895434
1991-10-01,Dallas trimmed mean,3m,2.924267290652116
1991-11-01,Dallas trimmed mean,3m,3.056123714493264
1991-12-01,Dallas trimmed mean,3m,3.2749318219613244
1992-01-01,Dallas trimmed mean,3m,3.4813721417478405
1992-02-01,Dallas trimmed mean,3m,3.3649480682697686
1992-03-01,Dallas trimmed mean,3m,3.114777273871372
1992-04-01,Dallas trimmed mean,3m,2.867046518595995
1992-05-01,Dallas trimmed mean,3m,2.6995575121768756
1992-06-01,Dallas trimmed mean,3m,2.6323747274979548
1992-07-01,Dallas trimmed mean,3m,2.3312249108420113
1992-08-01,Dallas trimmed mean,3m,2.509824828766316
1992-09-01,Dallas trimmed mean,3m,2.347194280206666
1992-10-01,Dallas trimmed mean,3m,2.1469642317773596
1992-11-01,Dallas trimmed mean,3m,2.3787674878397613
1992-12-01,Dallas trimmed mean,3m,2.731594553286887
1993-01-01,Dallas trimmed mean,3m,3.0414898178185767
1993-02-01,Dallas trimmed mean,3m,2.7957188019618107
1993-03-01,Dallas trimmed mean,3m,2.641734494875214
1993-04-01,Dallas trimmed mean,3m,2.566966913163471
1993-05-01,Dallas trimmed mean,3m,2.7366843520944206
1993-06-01,Dallas trimmed mean,3m,2.9059734051464448
1993-07-01,Dallas trimmed mean,3m,2.745351170025545
1993-08-01,Dallas trimmed mean,3m,2.4776876673641812
1993-09-01,Dallas trimmed mean,3m,2.0553299013639448
1993-10-01,Dallas trimmed mean,3m,2.0967577169686225
1993-11-01,Dallas trimmed mean,3m,2.223675176588702
1993-12-01,Dallas trimmed mean,3m,2.363610499742519
1994-01-01,Dallas trimmed mean,3m,2.4198954106756654
1994-02-01,Dallas trimmed mean,3m,2.2359510788872106
1994-03-01,Dallas trimmed mean,3m,2.354738517663768
1994-04-01,Dallas trimmed mean,3m,2.6060502204061864
1994-05-01,Dallas trimmed mean,3m,2.532104941449198
1994-06-01,Dallas trimmed mean,3m,2.5512537943049862
1994-07-01,Dallas trimmed mean,3m,2.4029658810864163
1994-08-01,Dallas trimmed mean,3m,2.578713560896162
1994-09-01,Dallas trimmed mean,3m,2.2299633278005437
1994-10-01,Dallas trimmed mean,3m,1.9760671275367292
1994-11-01,Dallas trimmed mean,3m,1.8616327559029644
1994-12-01,Dallas trimmed mean,3m,2.124597384174942
1995-01-01,Dallas trimmed mean,3m,2.1248647752235117
1995-02-01,Dallas trimmed mean,3m,2.551497925629853
1995-03-01,Dallas trimmed mean,3m,2.331042226029467
1995-04-01,Dallas trimmed mean,3m,2.5637678033545885
1995-05-01,Dallas trimmed mean,3m,2.2831072798014995
1995-06-01,Dallas trimmed mean,3m,2.368050054180393
1995-07-01,Dallas trimmed mean,3m,2.1488981367953297
1995-08-01,Dallas trimmed mean,3m,1.9597523216305923
1995-09-01,Dallas trimmed mean,3m,2.0324779549660166
1995-10-01,Dallas trimmed mean,3m,2.1230915296680974
1995-11-01,Dallas trimmed mean,3m,2.512713176471726
1995-12-01,Dallas trimmed mean,3m,2.460290944309751
1996-01-01,Dallas trimmed mean,3m,2.556264244369477
1996-02-01,Dallas trimmed mean,3m,2.340601485331595
1996-03-01,Dallas trimmed mean,3m,2.2674903208973918
1996-04-01,Dallas trimmed mean,3m,2.331425086918437
1996-05-01,Dallas trimmed mean,3m,2.1498360955711338
1996-06-01,Dallas trimmed mean,3m,2.308955475887653
1996-07-01,Dallas trimmed mean,3m,2.207285884106658
1996-08-01,Dallas trimmed mean,3m,2.338455330512823
1996-09-01,Dallas trimmed mean,3m,2.2871089347639817
1996-10-01,Dallas trimmed mean,3m,2.4124154403193154
1996-11-01,Dallas trimmed mean,3m,2.553758529795269
1996-12-01,Dallas trimmed mean,3m,2.677972383390914
1997-01-01,Dallas trimmed mean,3m,2.5018065599443196
1997-02-01,Dallas trimmed mean,3m,2.295067982559873
1997-03-01,Dallas trimmed mean,3m,2.0593546311964417
1997-04-01,Dallas trimmed mean,3m,2.0478953947249634
1997-05-01,Dallas trimmed mean,3m,2.0355581958470648
1997-06-01,Dallas trimmed mean,3m,1.901426277759155
1997-07-01,Dallas trimmed mean,3m,1.923201387701412
1997-08-01,Dallas trimmed mean,3m,1.6433180576637785
1997-09-01,Dallas trimmed mean,3m,1.6237837513647602
1997-10-01,Dallas trimmed mean,3m,1.7358751753896673
1997-11-01,Dallas trimmed mean,3m,1.6123655283241112
1997-12-01,Dallas trimmed mean,3m,1.65880514751775
1998-01-01,Dallas trimmed mean,3m,1.2695552111675834
1998-02-01,Dallas trimmed mean,3m,1.3881011530503695
1998-03-01,Dallas trimmed mean,3m,1.2875571150805731
1998-04-01,Dallas trimmed mean,3m,1.6763639518290185
1998-05-01,Dallas trimmed mean,3m,1.8573047885172667
1998-06-01,Dallas trimmed mean,3m,2.186932972586786
1998-07-01,Dallas trimmed mean,3m,1.8026692905315
1998-08-01,Dallas trimmed mean,3m,1.829166471548871
1998-09-01,Dallas trimmed mean,3m,1.7296940306429365
1998-10-01,Dallas trimmed mean,3m,1.946818268923467
1998-11-01,Dallas trimmed mean,3m,1.9658855385394691
1998-12-01,Dallas trimmed mean,3m,1.9001982839481624
1999-01-01,Dallas trimmed mean,3m,1.7937180764148408
1999-02-01,Dallas trimmed mean,3m,1.7193314401131365
1999-03-01,Dallas trimmed mean,3m,1.3767462186345947
1999-04-01,Dallas trimmed mean,3m,1.338064945469064
1999-05-01,Dallas trimmed mean,3m,1.563030374732688
1999-06-01,Dallas trimmed mean,3m,1.914384298588101
1999-07-01,Dallas trimmed mean,3m,1.9133131545966187
1999-08-01,Dallas trimmed mean,3m,1.8885497043510613
1999-09-01,Dallas trimmed mean,3m,1.7928440266041346
1999-10-01,Dallas trimmed mean,3m,2.078570584610606
1999-11-01,Dallas trimmed mean,3m,1.9315427154697362
1999-12-01,Dallas trimmed mean,3m,2.182718082596957
2000-01-01,Dallas trimmed mean,3m,2.020614471057036
2000-02-01,Dallas trimmed mean,3m,2.4904886010181704
2000-03-01,Dallas trimmed mean,3m,2.480947904306996
2000-04-01,Dallas trimmed mean,3m,2.79835069524772
2000-05-01,Dallas trimmed mean,3m,2.262711481526525
2000-06-01,Dallas trimmed mean,3m,2.257326690451955
2000-07-01,Dallas trimmed mean,3m,2.0263869682018765
2000-08-01,Dallas trimmed mean,3m,2.416813379628291
2000-09-01,Dallas trimmed mean,3m,2.279948672215104
2000-10-01,Dallas trimmed mean,3m,2.6129535545644567
2000-11-01,Dallas trimmed mean,3m,2.4859803968520833
2000-12-01,Dallas trimmed mean,3m,2.6991994830521726
2001-01-01,Dallas trimmed mean,3m,2.450140493263331
2001-02-01,Dallas trimmed mean,3m,2.722290765153801
2001-03-01,Dallas trimmed mean,3m,2.7803377516324224
2001-04-01,Dallas trimmed mean,3m,2.8385813268931415
2001-05-01,Dallas trimmed mean,3m,2.7379509740236507
2001-06-01,Dallas trimmed mean,3m,2.5826946617629964
2001-07-01,Dallas trimmed mean,3m,2.780444396597326
2001-08-01,Dallas trimmed mean,3m,2.527081269240239
2001-09-01,Dallas trimmed mean,3m,2.601142630046671
2001-10-01,Dallas trimmed mean,3m,2.2256442147320143
2001-11-01,Dallas trimmed mean,3m,2.2022908953349685
2001-12-01,Dallas trimmed mean,3m,2.1606283030396467
2002-01-01,Dallas trimmed mean,3m,1.9782070922644612
2002-02-01,Dallas trimmed mean,3m,1.8269007318940655
2002-03-01,Dallas trimmed mean,3m,1.830884121318288
2002-04-01,Dallas trimmed mean,3m,2.1328557878069976
2002-05-01,Dallas trimmed mean,3m,2.3253542546088246
2002-06-01,Dallas trimmed mean,3m,2.147451623536356
2002-07-01,Dallas trimmed mean,3m,2.0152203096468257
2002-08-01,Dallas trimmed mean,3m,2.089282241578161
2002-09-01,Dallas trimmed mean,3m,2.175013043829388
2002-10-01,Dallas trimmed mean,3m,2.4188612284145927
2002-11-01,Dallas trimmed mean,3m,2.332603152523216
2002-12-01,Dallas trimmed mean,3m,2.343475007274809
2003-01-01,Dallas trimmed mean,3m,2.0989613481730895
2003-02-01,Dallas trimmed mean,3m,1.9665839435441868
2003-03-01,Dallas trimmed mean,3m,1.8685103296973704
2003-04-01,Dallas trimmed mean,3m,1.9654531894221394
2003-05-01,Dallas trimmed mean,3m,1.590657603579193
2003-06-01,Dallas trimmed mean,3m,1.5479945346394297
2003-07-01,Dallas trimmed mean,3m,1.182246082241467
2003-08-01,Dallas trimmed mean,3m,1.8860775234588623
2003-09-01,Dallas trimmed mean,3m,2.058622966587431
2003-10-01,Dallas trimmed mean,3m,2.306419151347039
2003-11-01,Dallas trimmed mean,3m,2.0808146791481352
2003-12-01,Dallas trimmed mean,3m,1.990138000081365
2004-01-01,Dallas trimmed mean,3m,1.8850494295564069
2004-02-01,Dallas trimmed mean,3m,2.037668462452835
2004-03-01,Dallas trimmed mean,3m,2.2691375323272256
2004-04-01,Dallas trimmed mean,3m,2.4922260180961997
2004-05-01,Dallas trimmed mean,3m,2.6847349340482385
2004-06-01,Dallas trimmed mean,3m,2.6962461883028865
2004-07-01,Dallas trimmed mean,3m,2.7949710342181078
2004-08-01,Dallas trimmed mean,3m,2.4210424510856976
2004-09-01,Dallas trimmed mean,3m,2.1295028985034214
2004-10-01,Dallas trimmed mean,3m,1.890212574564587
2004-11-01,Dallas trimmed mean,3m,1.9492953709382643
2004-12-01,Dallas trimmed mean,3m,2.1397880982279682
2005-01-01,Dallas trimmed mean,3m,2.1669394723166313
2005-02-01,Dallas trimmed mean,3m,2.5557251938875147
2005-03-01,Dallas trimmed mean,3m,2.7268208108063074
2005-04-01,Dallas trimmed mean,3m,2.8203151291755546
2005-05-01,Dallas trimmed mean,3m,2.3809005946400896
2005-06-01,Dallas trimmed mean,3m,2.1560454840152232
2005-07-01,Dallas trimmed mean,3m,2.0245603700796755
2005-08-01,Dallas trimmed mean,3m,2.2133827888274338
2005-09-01,Dallas trimmed mean,3m,2.108154761404224
2005-10-01,Dallas trimmed mean,3m,2.627176409184817
2005-11-01,Dallas trimmed mean,3m,2.7016394194835813
2005-12-01,Dallas trimmed mean,3m,2.991676833804613
2006-01-01,Dallas trimmed mean,3m,2.40645055297688
2006-02-01,Dallas trimmed mean,3m,2.418103383372028
2006-03-01,Dallas trimmed mean,3m,2.196936639675129
2006-04-01,Dallas trimmed mean,3m,2.6492347243495473
2006-05-01,Dallas trimmed mean,3m,2.6821383313134994
2006-06-01,Dallas trimmed mean,3m,3.2779517155758553
2006-07-01,Dallas trimmed mean,3m,3.5332256387401673
2006-08-01,Dallas trimmed mean,3m,3.522296678202297
2006-09-01,Dallas trimmed mean,3m,3.180136816397039
2006-10-01,Dallas trimmed mean,3m,2.7163883482534734
2006-11-01,Dallas trimmed mean,3m,2.456049642639302
2006-12-01,Dallas trimmed mean,3m,1.8924101480352729
2007-01-01,Dallas trimmed mean,3m,2.084331772396575
2007-02-01,Dallas trimmed mean,3m,2.4413848965768814
2007-03-01,Dallas trimmed mean,3m,3.205335442362567
2007-04-01,Dallas trimmed mean,3m,2.958733472185915
2007-05-01,Dallas trimmed mean,3m,2.533114287103544
2007-06-01,Dallas trimmed mean,3m,2.056241257030922
2007-07-01,Dallas trimmed mean,3m,2.14886777867902
2007-08-01,Dallas trimmed mean,3m,2.1427943614187095
2007-09-01,Dallas trimmed mean,3m,2.188286959612973
2007-10-01,Dallas trimmed mean,3m,2.46062481825009
2007-11-01,Dallas trimmed mean,3m,2.8524436446515145
2007-12-01,Dallas trimmed mean,3m,3.2968031614362348
2008-01-01,Dallas trimmed mean,3m,3.0591329956611624
2008-02-01,Dallas trimmed mean,3m,2.8338652360301975
2008-03-01,Dallas trimmed mean,3m,2.353532461708374
2008-04-01,Dallas trimmed mean,3m,2.3440678787172597
2008-05-01,Dallas trimmed mean,3m,2.2999340500911014
2008-06-01,Dallas trimmed mean,3m,2.391868086593507
2008-07-01,Dallas trimmed mean,3m,2.601832783525304
2008-08-01,Dallas trimmed mean,3m,2.923944235549958
2008-09-01,Dallas trimmed mean,3m,2.7209255629979223
2008-10-01,Dallas trimmed mean,3m,2.3935449763335725
2008-11-01,Dallas trimmed mean,3m,1.8754956381109134
2008-12-01,Dallas trimmed mean,3m,2.0994508849851323
2009-01-01,Dallas trimmed mean,3m,1.6605706403897358
2009-02-01,Dallas trimmed mean,3m,2.050925848012719
2009-03-01,Dallas trimmed mean,3m,1.921020867983847
2009-04-01,Dallas trimmed mean,3m,2.2336006122490204
2009-05-01,Dallas trimmed mean,3m,1.7429886719882992
2009-06-01,Dallas trimmed mean,3m,1.6025313637607397
2009-07-01,Dallas trimmed mean,3m,1.5215710159275586
2009-08-01,Dallas trimmed mean,3m,1.0847517527095674
2009-09-01,Dallas trimmed mean,3m,1.081911040112371
2009-10-01,Dallas trimmed mean,3m,0.7894711268056742
2009-11-01,Dallas trimmed mean,3m,1.3884822301799549
2009-12-01,Dallas trimmed mean,3m,1.175873986615339
2010-01-01,Dallas trimmed mean,3m,1.2153657044680077
2010-02-01,Dallas trimmed mean,3m,0.8004985846402857
2010-03-01,Dallas trimmed mean,3m,0.6921175599456486
2010-04-01,Dallas trimmed mean,3m,0.6754585050471995
2010-05-01,Dallas trimmed mean,3m,0.7025227312941196
2010-06-01,Dallas trimmed mean,3m,0.7669235172939937
2010-07-01,Dallas trimmed mean,3m,0.7938262899586324
2010-08-01,Dallas trimmed mean,3m,0.7621991412507967
2010-09-01,Dallas trimmed mean,3m,0.9967363014774966
2010-10-01,Dallas trimmed mean,3m,1.151973306211529
2010-11-01,Dallas trimmed mean,3m,1.1468556982221934
2010-12-01,Dallas trimmed mean,3m,1.132710195511355
2011-01-01,Dallas trimmed mean,3m,1.0833305544901473
2011-02-01,Dallas trimmed mean,3m,1.5635335313739507
2011-03-01,Dallas trimmed mean,3m,1.9106912405390197
2011-04-01,Dallas trimmed mean,3m,2.3116438505384584
2011-05-01,Dallas trimmed mean,3m,2.3763610550104675
2011-06-01,Dallas trimmed mean,3m,2.333571959394609
2011-07-01,Dallas trimmed mean,3m,2.0501139699758975
2011-08-01,Dallas trimmed mean,3m,1.8305042125023707
2011-09-01,Dallas trimmed mean,3m,1.8961370449472659
2011-10-01,Dallas trimmed mean,3m,2.0421837702454537
2011-11-01,Dallas trimmed mean,3m,2.080429431701236
2011-12-01,Dallas trimmed mean,3m,1.928581567351939
2012-01-01,Dallas trimmed mean,3m,1.9893540913027197
2012-02-01,Dallas trimmed mean,3m,2.2110295748912767
2012-03-01,Dallas trimmed mean,3m,2.057639332676864
2012-04-01,Dallas trimmed mean,3m,2.0552727859874276
2012-05-01,Dallas trimmed mean,3m,1.8495560375012987
2012-06-01,Dallas trimmed mean,3m,1.883539336194584
2012-07-01,Dallas trimmed mean,3m,1.5314023272117616
2012-08-01,Dallas trimmed mean,3m,1.3553000053924569
2012-09-01,Dallas trimmed mean,3m,1.4096287272756358
2012-10-01,Dallas trimmed mean,3m,1.6911580478958577
2012-11-01,Dallas trimmed mean,3m,1.760249111010781
2012-12-01,Dallas trimmed mean,3m,1.5005787805158377
2013-01-01,Dallas trimmed mean,3m,1.276680997597679
2013-02-01,Dallas trimmed mean,3m,1.4500794673414141
2013-03-01,Dallas trimmed mean,3m,1.8022693284379665
2013-04-01,Dallas trimmed mean,3m,1.8733114425163677
2013-05-01,Dallas trimmed mean,3m,1.2118669382970904
2013-06-01,Dallas trimmed mean,3m,0.9838710081433
2013-07-01,Dallas trimmed mean,3m,1.275886335629961
2013-08-01,Dallas trimmed mean,3m,1.8357073810030933
2013-09-01,Dallas trimmed mean,3m,1.9167928758934805
2013-10-01,Dallas trimmed mean,3m,1.7462189655308658
2013-11-01,Dallas trimmed mean,3m,1.7627084707742657
2013-12-01,Dallas trimmed mean,3m,1.860136769162879
2014-01-01,Dallas trimmed mean,3m,1.8103632953893056
2014-02-01,Dallas trimmed mean,3m,1.761265562681591
2014-03-01,Dallas trimmed mean,3m,1.538405499720219
2014-04-01,Dallas trimmed mean,3m,1.5373933618798352
2014-05-01,Dallas trimmed mean,3m,1.582642207240248
2014-06-01,Dallas trimmed mean,3m,1.8121571831760663
2014-07-01,Dallas trimmed mean,3m,1.8679577880766907
2014-08-01,Dallas trimmed mean,3m,1.8625372019865916
2014-09-01,Dallas trimmed mean,3m,1.5676450856846325
2014-10-01,Dallas trimmed mean,3m,1.5627005259209126
2014-11-01,Dallas trimmed mean,3m,1.392146622001711
2014-12-01,Dallas trimmed mean,3m,1.5830893941336743
2015-01-01,Dallas trimmed mean,3m,1.4623987226850543
2015-02-01,Dallas trimmed mean,3m,1.095866312094329
2015-03-01,Dallas trimmed mean,3m,1.2264747766968398
2015-04-01,Dallas trimmed mean,3m,1.283931758200474
2015-05-01,Dallas trimmed mean,3m,1.9827035033189055
2015-06-01,Dallas trimmed mean,3m,1.7990935819857778
2015-07-01,Dallas trimmed mean,3m,1.8687399520457282
2015-08-01,Dallas trimmed mean,3m,1.7033653120059
2015-09-01,Dallas trimmed mean,3m,1.5800297289449539
2015-10-01,Dallas trimmed mean,3m,1.591811374131069
2015-11-01,Dallas trimmed mean,3m,1.2889463829434789
2015-12-01,Dallas trimmed mean,3m,1.3583224161022756
2016-01-01,Dallas trimmed mean,3m,1.0782790917237772
2016-02-01,Dallas trimmed mean,3m,1.3494885565533243
2016-03-01,Dallas trimmed mean,3m,1.5287314779556027
2016-04-01,Dallas trimmed mean,3m,1.8871968360306468
2016-05-01,Dallas trimmed mean,3m,2.100976444742364
2016-06-01,Dallas trimmed mean,3m,2.2308416104229734
2016-07-01,Dallas trimmed mean,3m,2.078100323261789
2016-08-01,Dallas trimmed mean,3m,1.8996530690488012
2016-09-01,Dallas trimmed mean,3m,1.669981522646835
2016-10-01,Dallas trimmed mean,3m,1.8626658768525095
2016-11-01,Dallas trimmed mean,3m,1.9109018561695557
2016-12-01,Dallas trimmed mean,3m,1.8349982713064206
2017-01-01,Dallas trimmed mean,3m,1.6625139894538066
2017-02-01,Dallas trimmed mean,3m,1.7891364435392187
2017-03-01,Dallas trimmed mean,3m,1.802236445534855
2017-04-01,Dallas trimmed mean,3m,1.6825019803283991
2017-05-01,Dallas trimmed mean,3m,1.4497476095514994
2017-06-01,Dallas trimmed mean,3m,1.3493600036966535
2017-07-01,Dallas trimmed mean,3m,1.5175280819991865
2017-08-01,Dallas trimmed mean,3m,1.337536005850315
2017-09-01,Dallas trimmed mean,3m,1.556896043857714
2017-10-01,Dallas trimmed mean,3m,1.542656616808169
2017-11-01,Dallas trimmed mean,3m,1.910734145698445
2017-12-01,Dallas trimmed mean,3m,1.8793572888237353
2018-01-01,Dallas trimmed mean,3m,1.9789404280138978
2018-02-01,Dallas trimmed mean,3m,2.223467415969238
2018-03-01,Dallas trimmed mean,3m,2.319930695494654
2018-04-01,Dallas trimmed mean,3m,2.1606849150298535
2018-05-01,Dallas trimmed mean,3m,1.698733308434064
2018-06-01,Dallas trimmed mean,3m,1.743340450956521
2018-07-01,Dallas trimmed mean,3m,1.8974112793446407
2018-08-01,Dallas trimmed mean,3m,1.9879919704492988
2018-09-01,Dallas trimmed mean,3m,1.8384246554044026
2018-10-01,Dallas trimmed mean,3m,1.8501043362615377
2018-11-01,Dallas trimmed mean,3m,1.9831175029342063
2018-12-01,Dallas trimmed mean,3m,2.2397684049442645
2019-01-01,Dallas trimmed mean,3m,2.1457589448853787
2019-02-01,Dallas trimmed mean,3m,1.954371927855303
2019-03-01,Dallas trimmed mean,3m,2.038455910413872
2019-04-01,Dallas trimmed mean,3m,2.1161697520497125
2019-05-01,Dallas trimmed mean,3m,2.562633404992898
2019-06-01,Dallas trimmed mean,3m,2.0247755795445466
2019-07-01,Dallas trimmed mean,3m,1.8488160368394624
2019-08-01,Dallas trimmed mean,3m,1.578463792879381
2019-09-01,Dallas trimmed mean,3m,1.8459454270112197
2019-10-01,Dallas trimmed mean,3m,1.7535471092628985
2019-11-01,Dallas trimmed mean,3m,1.7570524670751375
2019-12-01,Dallas trimmed mean,3m,1.676980177163978
2020-01-01,Dallas trimmed mean,3m,1.8263521158552676
2020-02-01,Dallas trimmed mean,3m,1.9366048855084195
2020-03-01,Dallas trimmed mean,3m,2.2035974215996568
2020-04-01,Dallas trimmed mean,3m,2.1450075921524148
2020-05-01,Dallas trimmed mean,3m,1.8572826798832764
2020-06-01,Dallas trimmed mean,3m,1.7461234500188105
2020-07-01,Dallas trimmed mean,3m,1.8427119967953542
2020-08-01,Dallas trimmed mean,3m,2.158754573407773
2020-09-01,Dallas trimmed mean,3m,2.1770808123927843
2020-10-01,Dallas trimmed mean,3m,1.9799480108369405
2020-11-01,Dallas trimmed mean,3m,1.6574008516814898
2020-12-01,Dallas trimmed mean,3m,1.2357615219201312
2021-01-01,Dallas trimmed mean,3m,1.3422516549166597
2021-02-01,Dallas trimmed mean,3m,1.5283544668843962
2021-03-01,Dallas trimmed mean,3m,2.0997170301175094
2021-04-01,Dallas trimmed mean,3m,2.3314249871726256
2021-05-01,Dallas trimmed mean,3m,2.485735277220047
2021-06-01,Dallas trimmed mean,3m,2.596905889425316
2021-07-01,Dallas trimmed mean,3m,2.6012401941555074
2021-08-01,Dallas trimmed mean,3m,2.7007869589671607
2021-09-01,Dallas trimmed mean,3m,2.759095988692528
2021-10-01,Dallas trimmed mean,3m,3.4377910283931
2021-11-01,Dallas trimmed mean,3m,4.02797664957828
2021-12-01,Dallas trimmed mean,3m,4.342464696693105
2022-01-01,Dallas trimmed mean,3m,4.471676831307558
2022-02-01,Dallas trimmed mean,3m,5.189020555819646
2022-03-01,Dallas trimmed mean,3m,5.436660971747909
2022-04-01,Dallas trimmed mean,3m,4.957489780942903
2022-05-01,Dallas trimmed mean,3m,3.7647146712216584
2022-06-01,Dallas trimmed mean,3m,4.121114935614556
2022-07-01,Dallas trimmed mean,3m,5.546223883257273
2022-08-01,Dallas trimmed mean,3m,5.812109129953602
2022-09-01,Dallas trimmed mean,3m,5.849638973470395
2022-10-01,Dallas trimmed mean,3m,4.646757297391524
2022-11-01,Dallas trimmed mean,3m,4.98219518067573
2022-12-01,Dallas trimmed mean,3m,4.15242701938483
2023-01-01,Dallas trimmed mean,3m,4.1684017618593305
2023-02-01,Dallas trimmed mean,3m,4.308427525456127
2023-03-01,Dallas trimmed mean,3m,4.730537280199654
2023-04-01,Dallas trimmed mean,3m,4.65372676231004
2023-05-01,Dallas trimmed mean,3m,4.209535282340204
2023-06-01,Dallas trimmed mean,3m,3.831177946457265
2023-07-01,Dallas trimmed mean,3m,3.3387997820734983
2023-08-01,Dallas trimmed mean,3m,2.8921007835048362
2023-09-01,Dallas trimmed mean,3m,2.552520668940317
2023-10-01,Dallas trimmed mean,3m,2.796100446686567
2023-11-01,Dallas trimmed mean,3m,2.7845662552579364
2023-12-01,Dallas trimmed mean,3m,2.6298997461575935
2024-01-01,Dallas trimmed mean,3m,2.392615456630498
2024-02-01,Dallas trimmed mean,3m,3.336135645532412
2024-03-01,Dallas trimmed mean,3m,3.726103752648724
2024-04-01,Dallas trimmed mean,3m,4.1278636906912025
2024-05-01,Dallas trimmed mean,3m,3.1117098992827996
2024-06-01,Dallas trimmed mean,3m,2.720516797667072
2024-07-01,Dallas trimmed mean,3m,2.3712340026145418
2024-08-01,Dallas trimmed mean,3m,2.1395702842953224
2024-09-01,Dallas trimmed mean,3m,2.053311228920407
2024-10-01,Dallas trimmed mean,3m,2.2295681467560335
2024-11-01,Dallas trimmed mean,3m,2.7201216192290767
2024-12-01,Dallas trimmed mean,3m,2.8244843465165426
2025-01-01,Dallas trimmed mean,3m,2.846670306059673
2025-02-01,Dallas trimmed mean,3m,2.677863830149385
2025-03-01,Dallas trimmed mean,3m,2.974554905917537
2025-04-01,Dallas trimmed mean,3m,2.9275351480577694
2025-05-01,Dallas trimmed mean,3m,2.934202127595187
2025-06-01,Dallas trimmed mean,3m,2.523211596413355
2025-07-01,Dallas trimmed mean,3m,2.8237479832643464
2025-08-01,Dallas trimmed mean,3m,2.491875453082182
2025-09-01,Dallas trimmed mean,3m,2.913896681144057
2025-10-01,Dallas trimmed mean,3m,2.264513305059812
2025-11-01,Dallas trimmed mean,3m,2.204654321770194
2025-12-01,Dallas trimmed mean,3m,1.78452210754243
2026-01-01,Dallas trimmed mean,3m,1.9877123467315627
2026-02-01,Dallas trimmed mean,3m,2.268018841129127
2026-03-01,Dallas trimmed mean,3m,2.320540378935698
2026-04-01,Dallas trimmed mean,3m,2.5489590015673524
2026-05-01,Dallas trimmed mean,3m,2.4964641724608994
2026-06-01,Dallas trimmed mean,3m,2.736934401707347
2026-07-01,Dallas trimmed mean,3m,2.259078506922374
1960-02-01,Dallas trimmed mean,12m,1.1533450522366318
1960-03-01,Dallas trimmed mean,12m,1.1590950691697133
1960-04-01,Dallas trimmed mean,12m,1.1238521161237802
1960-05-01,Dallas trimmed mean,12m,1.0716888537543934
1960-06-01,Dallas trimmed mean,12m,1.0312411341826921
1960-07-01,Dallas trimmed mean,12m,0.8647467085016736
1960-08-01,Dallas trimmed mean,12m,0.8956161356422854
1960-09-01,Dallas trimmed mean,12m,0.875050922027043
1960-10-01,Dallas trimmed mean,12m,0.7927173838575774
1960-11-01,Dallas trimmed mean,12m,0.7040289595204641
1960-12-01,Dallas trimmed mean,12m,0.7793773428695472
1961-01-01,Dallas trimmed mean,12m,0.7487823145559958
1961-02-01,Dallas trimmed mean,12m,0.7314328203227749
1961-03-01,Dallas trimmed mean,12m,0.694937713214383
1961-04-01,Dallas trimmed mean,12m,0.6732187025134895
1961-05-01,Dallas trimmed mean,12m,0.5621987653378735
1961-06-01,Dallas trimmed mean,12m,0.529658884178108
1961-07-01,Dallas trimmed mean,12m,0.5439530328789299
1961-08-01,Dallas trimmed mean,12m,0.49252367907783867
1961-09-01,Dallas trimmed mean,12m,0.45119362091583515
1961-10-01,Dallas trimmed mean,12m,0.45291584777997773
1961-11-01,Dallas trimmed mean,12m,0.4261969067494542
1961-12-01,Dallas trimmed mean,12m,0.3397521045875429
1962-01-01,Dallas trimmed mean,12m,0.28342905547629194
1962-02-01,Dallas trimmed mean,12m,0.4638424215698933
1962-03-01,Dallas trimmed mean,12m,0.5289707525043319
1962-04-01,Dallas trimmed mean,12m,0.6636552411146912
1962-05-01,Dallas trimmed mean,12m,0.5922875826035234
1962-06-01,Dallas trimmed mean,12m,0.6285739313509175
1962-07-01,Dallas trimmed mean,12m,0.649113272623536
1962-08-01,Dallas trimmed mean,12m,0.5828976757338733
1962-09-01,Dallas trimmed mean,12m,0.6430960215799697
1962-10-01,Dallas trimmed mean,12m,0.6753267289559162
1962-11-01,Dallas trimmed mean,12m,0.6340751007163137
1962-12-01,Dallas trimmed mean,12m,0.6203910388267175
1963-01-01,Dallas trimmed mean,12m,0.6181213497804539
1963-02-01,Dallas trimmed mean,12m,0.5767572991828729
1963-03-01,Dallas trimmed mean,12m,0.5318088254183673
1963-04-01,Dallas trimmed mean,12m,0.40246422464640386
1963-05-01,Dallas trimmed mean,12m,0.4294233801473979
1963-06-01,Dallas trimmed mean,12m,0.5459794112298466
1963-07-01,Dallas trimmed mean,12m,0.5506537251559696
1963-08-01,Dallas trimmed mean,12m,0.5695389308132626
1963-09-01,Dallas trimmed mean,12m,0.5216411593857107
1963-10-01,Dallas trimmed mean,12m,0.4483569304054136
1963-11-01,Dallas trimmed mean,12m,0.6349459515692768
1963-12-01,Dallas trimmed mean,12m,0.6448750071649245
1964-01-01,Dallas trimmed mean,12m,0.6818867230546255
1964-02-01,Dallas trimmed mean,12m,0.6288266052680846
1964-03-01,Dallas trimmed mean,12m,0.6562046230901064
1964-04-01,Dallas trimmed mean,12m,0.6460948047632087
1964-05-01,Dallas trimmed mean,12m,0.6537559465943366
1964-06-01,Dallas trimmed mean,12m,0.506728020630054
1964-07-01,Dallas trimmed mean,12m,0.4577336938137888
1964-08-01,Dallas trimmed mean,12m,0.41943846673413443
1964-09-01,Dallas trimmed mean,12m,0.4466007096074698
1964-10-01,Dallas trimmed mean,12m,0.42643527832397776
1964-11-01,Dallas trimmed mean,12m,0.30220719000169094
1964-12-01,Dallas trimmed mean,12m,0.32833201930391187
1965-01-01,Dallas trimmed mean,12m,0.3358839369710376
1965-02-01,Dallas trimmed mean,12m,0.3473814583242252
1965-03-01,Dallas trimmed mean,12m,0.27169332530110335
1965-04-01,Dallas trimmed mean,12m,0.30526589060697606
1965-05-01,Dallas trimmed mean,12m,0.39430309782877426
1965-06-01,Dallas trimmed mean,12m,0.46907684460242294
1965-07-01,Dallas trimmed mean,12m,0.5518714787368539
1965-08-01,Dallas trimmed mean,12m,0.5989706078006973
1965-09-01,Dallas trimmed mean,12m,0.6329124537634234
1965-10-01,Dallas trimmed mean,12m,0.7242333490269592
1965-11-01,Dallas trimmed mean,12m,0.7852653783613883
1965-12-01,Dallas trimmed mean,12m,0.8527683028232591
1966-01-01,Dallas trimmed mean,12m,0.9821028587681635
1966-02-01,Dallas trimmed mean,12m,1.0331404437933678
1966-03-01,Dallas trimmed mean,12m,1.2119141246220044
1966-04-01,Dallas trimmed mean,12m,1.2875868812758373
1966-05-01,Dallas trimmed mean,12m,1.463049250859294
1966-06-01,Dallas trimmed mean,12m,1.4872717779468525
1966-07-01,Dallas trimmed mean,12m,1.5524932403644387
1966-08-01,Dallas trimmed mean,12m,1.6649234786100253
1966-09-01,Dallas trimmed mean,12m,1.7098194361882424
1966-10-01,Dallas trimmed mean,12m,1.8869728862254576
1966-11-01,Dallas trimmed mean,12m,2.0955020262120927
1966-12-01,Dallas trimmed mean,12m,2.097563232407351
1967-01-01,Dallas trimmed mean,12m,2.0704882319278584
1967-02-01,Dallas trimmed mean,12m,2.0769704763765606
1967-03-01,Dallas trimmed mean,12m,2.095769299756145
1967-04-01,Dallas trimmed mean,12m,2.0562546541713855
1967-05-01,Dallas trimmed mean,12m,1.9128732598639564
1967-06-01,Dallas trimmed mean,12m,1.9174824485278519
1967-07-01,Dallas trimmed mean,12m,1.9899572421949507
1967-08-01,Dallas trimmed mean,12m,2.0283488330568034
1967-09-01,Dallas trimmed mean,12m,2.086437897487925
1967-10-01,Dallas trimmed mean,12m,2.149749482144836
1967-11-01,Dallas trimmed mean,12m,2.1308637423522736
1967-12-01,Dallas trimmed mean,12m,2.2301196794954015
1968-01-01,Dallas trimmed mean,12m,2.283136060999924
1968-02-01,Dallas trimmed mean,12m,2.4671765093213116
1968-03-01,Dallas trimmed mean,12m,2.574432486156697
1968-04-01,Dallas trimmed mean,12m,2.7188166698632443
1968-05-01,Dallas trimmed mean,12m,2.887810822466541
1968-06-01,Dallas trimmed mean,12m,3.12787675436208
1968-07-01,Dallas trimmed mean,12m,3.1867506906550602
1968-08-01,Dallas trimmed mean,12m,3.1961233694917768
1968-09-01,Dallas trimmed mean,12m,3.3759832754113983
1968-10-01,Dallas trimmed mean,12m,3.3951255314099704
1968-11-01,Dallas trimmed mean,12m,3.4877745502279733
1968-12-01,Dallas trimmed mean,12m,3.591199278587287
1969-01-01,Dallas trimmed mean,12m,3.6975864560137683
1969-02-01,Dallas trimmed mean,12m,3.6629338532867317
1969-03-01,Dallas trimmed mean,12m,3.5711210040319186
1969-04-01,Dallas trimmed mean,12m,3.740808821115671
1969-05-01,Dallas trimmed mean,12m,3.807567844794213
1969-06-01,Dallas trimmed mean,12m,3.7914960189492586
1969-07-01,Dallas trimmed mean,12m,3.854056109712256
1969-08-01,Dallas trimmed mean,12m,4.069629227746718
1969-09-01,Dallas trimmed mean,12m,3.92533548520011
1969-10-01,Dallas trimmed mean,12m,3.9470612700645002
1969-11-01,Dallas trimmed mean,12m,3.9341514294697344
1969-12-01,Dallas trimmed mean,12m,3.982584853447202
1970-01-01,Dallas trimmed mean,12m,4.048790361253163
1970-02-01,Dallas trimmed mean,12m,4.052980108399318
1970-03-01,Dallas trimmed mean,12m,4.193578809422993
1970-04-01,Dallas trimmed mean,12m,4.196388190635991
1970-05-01,Dallas trimmed mean,12m,4.212436855311363
1970-06-01,Dallas trimmed mean,12m,4.133468555861075
1970-07-01,Dallas trimmed mean,12m,4.06313559261553
1970-08-01,Dallas trimmed mean,12m,3.983768349948158
1970-09-01,Dallas trimmed mean,12m,4.073722593085649
1970-10-01,Dallas trimmed mean,12m,4.08647718806503
1970-11-01,Dallas trimmed mean,12m,4.141208009113018
1970-12-01,Dallas trimmed mean,12m,4.134816940305308
1971-01-01,Dallas trimmed mean,12m,4.240323280312053
1971-02-01,Dallas trimmed mean,12m,4.232642558007105
1971-03-01,Dallas trimmed mean,12m,4.107228914294914
1971-04-01,Dallas trimmed mean,12m,3.94926689909445
1971-05-01,Dallas trimmed mean,12m,3.869807071075848
1971-06-01,Dallas trimmed mean,12m,3.9879480786665367
1971-07-01,Dallas trimmed mean,12m,4.0818524535013
1971-08-01,Dallas trimmed mean,12m,4.008787821385296
1971-09-01,Dallas trimmed mean,12m,4.010584657468108
1971-10-01,Dallas trimmed mean,12m,3.864026218015315
1971-11-01,Dallas trimmed mean,12m,3.5441993861307086
1971-12-01,Dallas trimmed mean,12m,3.3284062316327745
1972-01-01,Dallas trimmed mean,12m,3.1146100345523786
1972-02-01,Dallas trimmed mean,12m,3.086276741496996
1972-03-01,Dallas trimmed mean,12m,3.1255853216535234
1972-04-01,Dallas trimmed mean,12m,3.1460992659175346
1972-05-01,Dallas trimmed mean,12m,2.957591642350854
1972-06-01,Dallas trimmed mean,12m,2.7426101180321405
1972-07-01,Dallas trimmed mean,12m,2.533823455869122
1972-08-01,Dallas trimmed mean,12m,2.5174870536910365
1972-09-01,Dallas trimmed mean,12m,2.4384295848093984
1972-10-01,Dallas trimmed mean,12m,2.493317250488891
1972-11-01,Dallas trimmed mean,12m,2.577213060592154
1972-12-01,Dallas trimmed mean,12m,2.6814778413396967
1973-01-01,Dallas trimmed mean,12m,2.7113897182092783
1973-02-01,Dallas trimmed mean,12m,2.6442955105510757
1973-03-01,Dallas trimmed mean,12m,2.7273040174617513
1973-04-01,Dallas trimmed mean,12m,2.8615198223646887
1973-05-01,Dallas trimmed mean,12m,3.2602587651341164
1973-06-01,Dallas trimmed mean,12m,3.4700632846289325
1973-07-01,Dallas trimmed mean,12m,3.617666265831998
1973-08-01,Dallas trimmed mean,12m,3.551144369281567
1973-09-01,Dallas trimmed mean,12m,3.7340540111027165
1973-10-01,Dallas trimmed mean,12m,3.742227416997279
1973-11-01,Dallas trimmed mean,12m,3.9690260423504764
1973-12-01,Dallas trimmed mean,12m,4.12348833960039
1974-01-01,Dallas trimmed mean,12m,4.337410127072672
1974-02-01,Dallas trimmed mean,12m,4.589897074401117
1974-03-01,Dallas trimmed mean,12m,4.847358727637219
1974-04-01,Dallas trimmed mean,12m,5.16201863542467
1974-05-01,Dallas trimmed mean,12m,5.244549013536992
1974-06-01,Dallas trimmed mean,12m,5.677666865480768
1974-07-01,Dallas trimmed mean,12m,6.147293750342042
1974-08-01,Dallas trimmed mean,12m,6.597045043244365
1974-09-01,Dallas trimmed mean,12m,7.049208823509945
1974-10-01,Dallas trimmed mean,12m,7.540688410736163
1974-11-01,Dallas trimmed mean,12m,7.874142566208464
1974-12-01,Dallas trimmed mean,12m,8.064422134238857
1975-01-01,Dallas trimmed mean,12m,8.18734294879322
1975-02-01,Dallas trimmed mean,12m,8.34957851783804
1975-03-01,Dallas trimmed mean,12m,8.264978774180708
1975-04-01,Dallas trimmed mean,12m,7.903427405020991
1975-05-01,Dallas trimmed mean,12m,7.716601418962377
1975-06-01,Dallas trimmed mean,12m,7.230171471593216
1975-07-01,Dallas trimmed mean,12m,6.844725087611003
1975-08-01,Dallas trimmed mean,12m,6.697719136858993
1975-09-01,Dallas trimmed mean,12m,6.236633278952541
1975-10-01,Dallas trimmed mean,12m,5.989569771760195
1975-11-01,Dallas trimmed mean,12m,5.901956834741973
1975-12-01,Dallas trimmed mean,12m,5.793922524177364
1976-01-01,Dallas trimmed mean,12m,5.636066354297364
1976-02-01,Dallas trimmed mean,12m,5.443183077849634
1976-03-01,Dallas trimmed mean,12m,5.312547609414953
1976-04-01,Dallas trimmed mean,12m,5.308359146808206
1976-05-01,Dallas trimmed mean,12m,5.191324016882337
1976-06-01,Dallas trimmed mean,12m,5.333686881487654
1976-07-01,Dallas trimmed mean,12m,5.352008042262257
1976-08-01,Dallas trimmed mean,12m,5.28862839406683
1976-09-01,Dallas trimmed mean,12m,5.413026436184709
1976-10-01,Dallas trimmed mean,12m,5.351318027329954
1976-11-01,Dallas trimmed mean,12m,5.229658088260591
1976-12-01,Dallas trimmed mean,12m,5.202731911662384
1977-01-01,Dallas trimmed mean,12m,5.14143561575835
1977-02-01,Dallas trimmed mean,12m,5.273825119197428
1977-03-01,Dallas trimmed mean,12m,5.485890428736417
1977-04-01,Dallas trimmed mean,12m,5.7097704739773825
1977-05-01,Dallas trimmed mean,12m,5.819939096225268
1977-06-01,Dallas trimmed mean,12m,5.843146393940768
1977-07-01,Dallas trimmed mean,12m,5.943553270415469
1977-08-01,Dallas trimmed mean,12m,5.985940162808756
1977-09-01,Dallas trimmed mean,12m,5.961239575984401
1977-10-01,Dallas trimmed mean,12m,5.896734479006205
1977-11-01,Dallas trimmed mean,12m,5.763653395422641
1977-12-01,Dallas trimmed mean,12m,5.85715510201863
1978-01-01,Dallas trimmed mean,12m,5.924200296980264
1978-02-01,Dallas trimmed mean,12m,5.749287741713172
1978-03-01,Dallas trimmed mean,12m,5.614091869248683
1978-04-01,Dallas trimmed mean,12m,5.58023165180479
1978-05-01,Dallas trimmed mean,12m,5.730000078076314
1978-06-01,Dallas trimmed mean,12m,5.896049119215796
1978-07-01,Dallas trimmed mean,12m,5.914153564035307
1978-08-01,Dallas trimmed mean,12m,5.987915806795918
1978-09-01,Dallas trimmed mean,12m,6.0511935402089545
1978-10-01,Dallas trimmed mean,12m,6.215082840371933
1978-11-01,Dallas trimmed mean,12m,6.559105531164899
1978-12-01,Dallas trimmed mean,12m,6.665715781219217
1979-01-01,Dallas trimmed mean,12m,6.709194172131805
1979-02-01,Dallas trimmed mean,12m,7.0258302266445805
1979-03-01,Dallas trimmed mean,12m,7.2131977484005905
1979-04-01,Dallas trimmed mean,12m,7.245438140963945
1979-05-01,Dallas trimmed mean,12m,7.23904539828808
1979-06-01,Dallas trimmed mean,12m,7.35470663800788
1979-07-01,Dallas trimmed mean,12m,7.400023316204507
1979-08-01,Dallas trimmed mean,12m,7.508656840995154
1979-09-01,Dallas trimmed mean,12m,7.68666450585811
1979-10-01,Dallas trimmed mean,12m,7.7998421744222
1979-11-01,Dallas trimmed mean,12m,7.906545005497456
1979-12-01,Dallas trimmed mean,12m,7.877187787600581
1980-01-01,Dallas trimmed mean,12m,8.030614934555835
1980-02-01,Dallas trimmed mean,12m,8.162818521401881
1980-03-01,Dallas trimmed mean,12m,8.363688140723212
1980-04-01,Dallas trimmed mean,12m,8.597561057077762
1980-05-01,Dallas trimmed mean,12m,8.560709832291224
1980-06-01,Dallas trimmed mean,12m,8.536043288089923
1980-07-01,Dallas trimmed mean,12m,8.690754588196636
1980-08-01,Dallas trimmed mean,12m,8.5918805730252
1980-09-01,Dallas trimmed mean,12m,8.56132084323864
1980-10-01,Dallas trimmed mean,12m,8.66990334583626
1980-11-01,Dallas trimmed mean,12m,8.567494911115725
1980-12-01,Dallas trimmed mean,12m,8.640402913111323
1981-01-01,Dallas trimmed mean,12m,8.661950748578985
1981-02-01,Dallas trimmed mean,12m,8.607459431615606
1981-03-01,Dallas trimmed mean,12m,8.58825068721234
1981-04-01,Dallas trimmed mean,12m,8.403414299948908
1981-05-01,Dallas trimmed mean,12m,8.505032040732207
1981-06-01,Dallas trimmed mean,12m,8.31696851987176
1981-07-01,Dallas trimmed mean,12m,8.07139710678424
1981-08-01,Dallas trimmed mean,12m,8.099414745658585
1981-09-01,Dallas trimmed mean,12m,8.027888462916888
1981-10-01,Dallas trimmed mean,12m,7.840753464831773
1981-11-01,Dallas trimmed mean,12m,7.6424680373157194
1981-12-01,Dallas trimmed mean,12m,7.452707688587412
1982-01-01,Dallas trimmed mean,12m,7.181049293905084
1982-02-01,Dallas trimmed mean,12m,6.869860803972827
1982-03-01,Dallas trimmed mean,12m,6.440309489370111
1982-04-01,Dallas trimmed mean,12m,6.277526348230178
1982-05-01,Dallas trimmed mean,12m,5.945861024424204
1982-06-01,Dallas trimmed mean,12m,5.888077395655822
1982-07-01,Dallas trimmed mean,12m,5.854506470644005
1982-08-01,Dallas trimmed mean,12m,5.881571450557521
1982-09-01,Dallas trimmed mean,12m,5.599916117873915
1982-10-01,Dallas trimmed mean,12m,5.255450191351008
1982-11-01,Dallas trimmed mean,12m,5.188824883518062
1982-12-01,Dallas trimmed mean,12m,4.910511859839528
1983-01-01,Dallas trimmed mean,12m,4.7298374426326895
1983-02-01,Dallas trimmed mean,12m,4.753223220307046
1983-03-01,Dallas trimmed mean,12m,4.683095111612201
1983-04-01,Dallas trimmed mean,12m,4.443906863978864
1983-05-01,Dallas trimmed mean,12m,4.56754374136521
1983-06-01,Dallas trimmed mean,12m,4.331713217080546
1983-07-01,Dallas trimmed mean,12m,4.157276436561141
1983-08-01,Dallas trimmed mean,12m,3.8797081106934916
1983-09-01,Dallas trimmed mean,12m,3.791057878569948
1983-10-01,Dallas trimmed mean,12m,3.8617796259696746
1983-11-01,Dallas trimmed mean,12m,3.6302238211141757
1983-12-01,Dallas trimmed mean,12m,3.7393577619557306
1984-01-01,Dallas trimmed mean,12m,3.714726041219163
1984-02-01,Dallas trimmed mean,12m,3.648188677352504
1984-03-01,Dallas trimmed mean,12m,3.7038968279107465
1984-04-01,Dallas trimmed mean,12m,3.8568262923221353
1984-05-01,Dallas trimmed mean,12m,3.8401593443294857
1984-06-01,Dallas trimmed mean,12m,3.7642964489467357
1984-07-01,Dallas trimmed mean,12m,3.7874348416728543
1984-08-01,Dallas trimmed mean,12m,3.878772317710877
1984-09-01,Dallas trimmed mean,12m,3.9533420889823923
1984-10-01,Dallas trimmed mean,12m,3.939227926839184
1984-11-01,Dallas trimmed mean,12m,4.004631716739748
1984-12-01,Dallas trimmed mean,12m,3.8370063664126652
1985-01-01,Dallas trimmed mean,12m,3.94961025152587
1985-02-01,Dallas trimmed mean,12m,3.8034918614689994
1985-03-01,Dallas trimmed mean,12m,3.887171268435896
1985-04-01,Dallas trimmed mean,12m,3.8804798009737684
1985-05-01,Dallas trimmed mean,12m,3.6953480430057306
1985-06-01,Dallas trimmed mean,12m,3.766921594988615
1985-07-01,Dallas trimmed mean,12m,3.8166807598319696
1985-08-01,Dallas trimmed mean,12m,3.6121652366671197
1985-09-01,Dallas trimmed mean,12m,3.58578827524505
1985-10-01,Dallas trimmed mean,12m,3.5479957899176906
1985-11-01,Dallas trimmed mean,12m,3.4952046884849652
1985-12-01,Dallas trimmed mean,12m,3.6249211429678185
1986-01-01,Dallas trimmed mean,12m,3.6317491830023085
1986-02-01,Dallas trimmed mean,12m,3.747282667827334
1986-03-01,Dallas trimmed mean,12m,3.513719707338314
1986-04-01,Dallas trimmed mean,12m,3.3329590348190496
1986-05-01,Dallas trimmed mean,12m,3.3898348837376746
1986-06-01,Dallas trimmed mean,12m,3.3166673228741894
1986-07-01,Dallas trimmed mean,12m,3.3108912670644974
1986-08-01,Dallas trimmed mean,12m,3.3414304132756145
1986-09-01,Dallas trimmed mean,12m,3.2720566351623015
1986-10-01,Dallas trimmed mean,12m,3.3053448326006984
1986-11-01,Dallas trimmed mean,12m,3.38356438139078
1986-12-01,Dallas trimmed mean,12m,3.332380023634207
1987-01-01,Dallas trimmed mean,12m,3.266821576426504
1987-02-01,Dallas trimmed mean,12m,3.292554642461365
1987-03-01,Dallas trimmed mean,12m,3.3255093184391793
1987-04-01,Dallas trimmed mean,12m,3.5083411080280236
1987-05-01,Dallas trimmed mean,12m,3.6581169504342537
1987-06-01,Dallas trimmed mean,12m,3.7521242965880663
1987-07-01,Dallas trimmed mean,12m,3.684545263570893
1987-08-01,Dallas trimmed mean,12m,3.6663539375778376
1987-09-01,Dallas trimmed mean,12m,3.794856315487616
1987-10-01,Dallas trimmed mean,12m,3.767373235493121
1987-11-01,Dallas trimmed mean,12m,3.7788417599716295
1987-12-01,Dallas trimmed mean,12m,3.771421121956564
1988-01-01,Dallas trimmed mean,12m,3.679343826053949
1988-02-01,Dallas trimmed mean,12m,3.655010124267788
1988-03-01,Dallas trimmed mean,12m,3.634294769606017
1988-04-01,Dallas trimmed mean,12m,3.610547726467228
1988-05-01,Dallas trimmed mean,12m,3.5684192391298275
1988-06-01,Dallas trimmed mean,12m,3.55052753543883
1988-07-01,Dallas trimmed mean,12m,3.6593591120326785
1988-08-01,Dallas trimmed mean,12m,3.8530076086607634
1988-09-01,Dallas trimmed mean,12m,3.8110112585619804
1988-10-01,Dallas trimmed mean,12m,3.9673369378382173
1988-11-01,Dallas trimmed mean,12m,3.9240930035655097
1988-12-01,Dallas trimmed mean,12m,3.969255137248573
1989-01-01,Dallas trimmed mean,12m,4.1062495895840545
1989-02-01,Dallas trimmed mean,12m,4.165285061055801
1989-03-01,Dallas trimmed mean,12m,4.259685718464956
1989-04-01,Dallas trimmed mean,12m,4.261506513109881
1989-05-01,Dallas trimmed mean,12m,4.260286525975032
1989-06-01,Dallas trimmed mean,12m,4.344102012158113
1989-07-01,Dallas trimmed mean,12m,4.23236577604873
1989-08-01,Dallas trimmed mean,12m,4.145161161495858
1989-09-01,Dallas trimmed mean,12m,4.065804857377842
1989-10-01,Dallas trimmed mean,12m,3.9119726694306856
1989-11-01,Dallas trimmed mean,12m,4.05698491708919
1989-12-01,Dallas trimmed mean,12m,4.040422529736665
1990-01-01,Dallas trimmed mean,12m,4.063958815906177
1990-02-01,Dallas trimmed mean,12m,3.9560892813393034
1990-03-01,Dallas trimmed mean,12m,3.9240077554415054
1990-04-01,Dallas trimmed mean,12m,4.073129836210221
1990-05-01,Dallas trimmed mean,12m,4.0293069702453055
1990-06-01,Dallas trimmed mean,12m,3.9349897373936127
1990-07-01,Dallas trimmed mean,12m,4.076374776846148
1990-08-01,Dallas trimmed mean,12m,4.094136075603849
1990-09-01,Dallas trimmed mean,12m,4.271341529596184
1990-10-01,Dallas trimmed mean,12m,4.262287691129063
1990-11-01,Dallas trimmed mean,12m,4.145922865048068
1990-12-01,Dallas trimmed mean,12m,4.018960979930286
1991-01-01,Dallas trimmed mean,12m,3.974741715972918
1991-02-01,Dallas trimmed mean,12m,3.9759094513736493
1991-03-01,Dallas trimmed mean,12m,3.879930532462028
1991-04-01,Dallas trimmed mean,12m,3.5789591472241256
1991-05-01,Dallas trimmed mean,12m,3.4945453471280974
1991-06-01,Dallas trimmed mean,12m,3.576631212019876
1991-07-01,Dallas trimmed mean,12m,3.3509976440075473
1991-08-01,Dallas trimmed mean,12m,3.21823518544444
1991-09-01,Dallas trimmed mean,12m,3.022951221918957
1991-10-01,Dallas trimmed mean,12m,3.005771623634601
1991-11-01,Dallas trimmed mean,12m,2.9363688227272977
1991-12-01,Dallas trimmed mean,12m,3.0757861203219994
1992-01-01,Dallas trimmed mean,12m,3.107406736447249
1992-02-01,Dallas trimmed mean,12m,2.9860437158766517
1992-03-01,Dallas trimmed mean,12m,3.0029385167305023
1992-04-01,Dallas trimmed mean,12m,3.0909664507170254
1992-05-01,Dallas trimmed mean,12m,3.024192813338078
1992-06-01,Dallas trimmed mean,12m,2.9036405187324865
1992-07-01,Dallas trimmed mean,12m,2.9001721968939798
1992-08-01,Dallas trimmed mean,12m,2.907088107231881
1992-09-01,Dallas trimmed mean,12m,2.8416500466569294
1992-10-01,Dallas trimmed mean,12m,2.705339273052032
1992-11-01,Dallas trimmed mean,12m,2.7375755601799723
1992-12-01,Dallas trimmed mean,12m,2.706117925931917
1993-01-01,Dallas trimmed mean,12m,2.5960189709984594
1993-02-01,Dallas trimmed mean,12m,2.5958389366084855
1993-03-01,Dallas trimmed mean,12m,2.5881227314126676
1993-04-01,Dallas trimmed mean,12m,2.5211147370752585
1993-05-01,Dallas trimmed mean,12m,2.6051100160335405
1993-06-01,Dallas trimmed mean,12m,2.656424666753443
1993-07-01,Dallas trimmed mean,12m,2.624681379130811
1993-08-01,Dallas trimmed mean,12m,2.597067312037571
1993-09-01,Dallas trimmed mean,12m,2.5831597178288757
1993-10-01,Dallas trimmed mean,12m,2.6120687244680196
1993-11-01,Dallas trimmed mean,12m,2.5581894664972626
1993-12-01,Dallas trimmed mean,12m,2.491172974258671
1994-01-01,Dallas trimmed mean,12m,2.4569664289868287
1994-02-01,Dallas trimmed mean,12m,2.418284882903743
1994-03-01,Dallas trimmed mean,12m,2.419453982243036
1994-04-01,Dallas trimmed mean,12m,2.4667253824436353
1994-05-01,Dallas trimmed mean,12m,2.3672604196679714
1994-06-01,Dallas trimmed mean,12m,2.3310790221234168
1994-07-01,Dallas trimmed mean,12m,2.3812542989235963
1994-08-01,Dallas trimmed mean,12m,2.392480355764093
1994-09-01,Dallas trimmed mean,12m,2.3748272790682146
1994-10-01,Dallas trimmed mean,12m,2.3509841524036235
1994-11-01,Dallas trimmed mean,12m,2.3016996302262616
1994-12-01,Dallas trimmed mean,12m,2.315015055255154
1995-01-01,Dallas trimmed mean,12m,2.2771963646785798
1995-02-01,Dallas trimmed mean,12m,2.3805458746947616
1995-03-01,Dallas trimmed mean,12m,2.3090927672766437
1995-04-01,Dallas trimmed mean,12m,2.2666580107017165
1995-05-01,Dallas trimmed mean,12m,2.318331788069683
1995-06-01,Dallas trimmed mean,12m,2.2633693424426005
1995-07-01,Dallas trimmed mean,12m,2.203166518717259
1995-08-01,Dallas trimmed mean,12m,2.163633779960672
1995-09-01,Dallas trimmed mean,12m,2.2139460485562035
1995-10-01,Dallas trimmed mean,12m,2.2399845746212677
1995-11-01,Dallas trimmed mean,12m,2.3264966159848743
1995-12-01,Dallas trimmed mean,12m,2.2978395214705793
1996-01-01,Dallas trimmed mean,12m,2.347785399134472
1996-02-01,Dallas trimmed mean,12m,2.2738475647504863
1996-03-01,Dallas trimmed mean,12m,2.2819529999539956
1996-04-01,Dallas trimmed mean,12m,2.289772733517159
1996-05-01,Dallas trimmed mean,12m,2.2405164945960454
1996-06-01,Dallas trimmed mean,12m,2.2671885842522332
1996-07-01,Dallas trimmed mean,12m,2.3043866690368286
1996-08-01,Dallas trimmed mean,12m,2.3353210076743958
1996-09-01,Dallas trimmed mean,12m,2.330933140363789
1996-10-01,Dallas trimmed mean,12m,2.3767691985529416
1996-11-01,Dallas trimmed mean,12m,2.34556305168101
1996-12-01,Dallas trimmed mean,12m,2.385241544932959
1997-01-01,Dallas trimmed mean,12m,2.363175898468084
1997-02-01,Dallas trimmed mean,12m,2.3341772242619685
1997-03-01,Dallas trimmed mean,12m,2.33310790497534
1997-04-01,Dallas trimmed mean,12m,2.2921976925507126
1997-05-01,Dallas trimmed mean,12m,2.3055441774024965
1997-06-01,Dallas trimmed mean,12m,2.231048976999772
1997-07-01,Dallas trimmed mean,12m,2.2210433576048683
1997-08-01,Dallas trimmed mean,12m,2.1313714640755155
1997-09-01,Dallas trimmed mean,12m,2.0649039800172186
1997-10-01,Dallas trimmed mean,12m,2.051804515950595
1997-11-01,Dallas trimmed mean,12m,1.8961813861901433
1997-12-01,Dallas trimmed mean,12m,1.8106852600668022
1998-01-01,Dallas trimmed mean,12m,1.743701656128649
1998-02-01,Dallas trimmed mean,12m,1.6695689861706553
1998-03-01,Dallas trimmed mean,12m,1.6176577445565776
1998-04-01,Dallas trimmed mean,12m,1.6509689665654026
1998-05-01,Dallas trimmed mean,12m,1.6251363586073708
1998-06-01,Dallas trimmed mean,12m,1.6887609904279843
1998-07-01,Dallas trimmed mean,12m,1.6209030897659904
1998-08-01,Dallas trimmed mean,12m,1.6715583332962192
1998-09-01,Dallas trimmed mean,12m,1.715245141518973
1998-10-01,Dallas trimmed mean,12m,1.6735383579195684
1998-11-01,Dallas trimmed mean,12m,1.7598746805385534
1998-12-01,Dallas trimmed mean,12m,1.7755732376018463
1999-01-01,Dallas trimmed mean,12m,1.8048472277560013
1999-02-01,Dallas trimmed mean,12m,1.8428842674868662
1999-03-01,Dallas trimmed mean,12m,1.7979705501501853
1999-04-01,Dallas trimmed mean,12m,1.7200597400909734
1999-05-01,Dallas trimmed mean,12m,1.7692462515467522
1999-06-01,Dallas trimmed mean,12m,1.7300247415547698
1999-07-01,Dallas trimmed mean,12m,1.747687002710907
1999-08-01,Dallas trimmed mean,12m,1.784080080328443
1999-09-01,Dallas trimmed mean,12m,1.7458086180778931
1999-10-01,Dallas trimmed mean,12m,1.7805448243477962
1999-11-01,Dallas trimmed mean,12m,1.7755086002219311
1999-12-01,Dallas trimmed mean,12m,1.8162583519877762
2000-01-01,Dallas trimmed mean,12m,1.8372142360757682
2000-02-01,Dallas trimmed mean,12m,1.967858381181875
2000-03-01,Dallas trimmed mean,12m,2.092380290669249
2000-04-01,Dallas trimmed mean,12m,2.2021178876484138
2000-05-01,Dallas trimmed mean,12m,2.1430240063562644
2000-06-01,Dallas trimmed mean,12m,2.178157463506314
2000-07-01,Dallas trimmed mean,12m,2.2304546617169407
2000-08-01,Dallas trimmed mean,12m,2.2751631323369326
2000-09-01,Dallas trimmed mean,12m,2.300175840009455
2000-10-01,Dallas trimmed mean,12m,2.363987326137229
2000-11-01,Dallas trimmed mean,12m,2.4139570336104477
2000-12-01,Dallas trimmed mean,12m,2.4292003119477323
2001-01-01,Dallas trimmed mean,12m,2.471560557615615
2001-02-01,Dallas trimmed mean,12m,2.471815253381404
2001-03-01,Dallas trimmed mean,12m,2.503928162648439
2001-04-01,Dallas trimmed mean,12m,2.4815847717874817
2001-05-01,Dallas trimmed mean,12m,2.590661150898965
2001-06-01,Dallas trimmed mean,12m,2.5853692072191903
2001-07-01,Dallas trimmed mean,12m,2.670417641349432
2001-08-01,Dallas trimmed mean,12m,2.618263774981644
2001-09-01,Dallas trimmed mean,12m,2.665812807107848
2001-10-01,Dallas trimmed mean,12m,2.573398650946168
2001-11-01,Dallas trimmed mean,12m,2.547176022963127
2001-12-01,Dallas trimmed mean,12m,2.5309482735920152
2002-01-01,Dallas trimmed mean,12m,2.4550687517248315
2002-02-01,Dallas trimmed mean,12m,2.3229759304757236
2002-03-01,Dallas trimmed mean,12m,2.2933360996709284
2002-04-01,Dallas trimmed mean,12m,2.2788411682138854
2002-05-01,Dallas trimmed mean,12m,2.2200883076064715
2002-06-01,Dallas trimmed mean,12m,2.1846592007893406
2002-07-01,Dallas trimmed mean,12m,2.087934951761694
2002-08-01,Dallas trimmed mean,12m,2.1107911004240254
2002-09-01,Dallas trimmed mean,12m,2.0783935961940836
2002-10-01,Dallas trimmed mean,12m,2.136139980266405
2002-11-01,Dallas trimmed mean,12m,2.1433244467964796
2002-12-01,Dallas trimmed mean,12m,2.1240378526055537
2003-01-01,Dallas trimmed mean,12m,2.166361880491996
2003-02-01,Dallas trimmed mean,12m,2.178335759771999
2003-03-01,Dallas trimmed mean,12m,2.1334701777025344
2003-04-01,Dallas trimmed mean,12m,2.1244717446353256
2003-05-01,Dallas trimmed mean,12m,1.9944295842837967
2003-06-01,Dallas trimmed mean,12m,1.9832955228032745
2003-07-01,Dallas trimmed mean,12m,1.9153638015945162
2003-08-01,Dallas trimmed mean,12m,1.9436376769033759
2003-09-01,Dallas trimmed mean,12m,1.9542401864658832
2003-10-01,Dallas trimmed mean,12m,1.8873799518014822
2003-11-01,Dallas trimmed mean,12m,1.8808718773603683
2003-12-01,Dallas trimmed mean,12m,1.8661277302719048
2004-01-01,Dallas trimmed mean,12m,1.8339708147131928
2004-02-01,Dallas trimmed mean,12m,1.8986234288183024
2004-03-01,Dallas trimmed mean,12m,1.9661348189859762
2004-04-01,Dallas trimmed mean,12m,1.9652401683096787
2004-05-01,Dallas trimmed mean,12m,2.171870857588387
2004-06-01,Dallas trimmed mean,12m,2.253165513995148
2004-07-01,Dallas trimmed mean,12m,2.369135255296273
2004-08-01,Dallas trimmed mean,12m,2.305723970618123
2004-09-01,Dallas trimmed mean,12m,2.2709146526409985
2004-10-01,Dallas trimmed mean,12m,2.264860609862751
2004-11-01,Dallas trimmed mean,12m,2.272755768501966
2004-12-01,Dallas trimmed mean,12m,2.308409548260393
2005-01-01,Dallas trimmed mean,12m,2.335522559137515
2005-02-01,Dallas trimmed mean,12m,2.402321919579098
2005-03-01,Dallas trimmed mean,12m,2.4226827078749347
2005-04-01,Dallas trimmed mean,12m,2.417321303342179
2005-05-01,Dallas trimmed mean,12m,2.3264880466258964
2005-06-01,Dallas trimmed mean,12m,2.2877257759226444
2005-07-01,Dallas trimmed mean,12m,2.2248845351124036
2005-08-01,Dallas trimmed mean,12m,2.274581576540746
2005-09-01,Dallas trimmed mean,12m,2.282380054263622
2005-10-01,Dallas trimmed mean,12m,2.4092313961065592
2005-11-01,Dallas trimmed mean,12m,2.4627477849623824
2005-12-01,Dallas trimmed mean,12m,2.4949857501863404
2006-01-01,Dallas trimmed mean,12m,2.469198475837908
2006-02-01,Dallas trimmed mean,12m,2.4283562130496206
2006-03-01,Dallas trimmed mean,12m,2.3625572344242896
2006-04-01,Dallas trimmed mean,12m,2.4265478071128888
2006-05-01,Dallas trimmed mean,12m,2.503617564274485
2006-06-01,Dallas trimmed mean,12m,2.6424507070992087
2006-07-01,Dallas trimmed mean,12m,2.8031184148967325
2006-08-01,Dallas trimmed mean,12m,2.830211012396977
2006-09-01,Dallas trimmed mean,12m,2.9107943934985503
2006-10-01,Dallas trimmed mean,12m,2.8254523563451928
2006-11-01,Dallas trimmed mean,12m,2.768681501884629
2006-12-01,Dallas trimmed mean,12m,2.635087558005922
2007-01-01,Dallas trimmed mean,12m,2.7444976157421364
2007-02-01,Dallas trimmed mean,12m,2.7745213056079354
2007-03-01,Dallas trimmed mean,12m,2.8873366268312495
2007-04-01,Dallas trimmed mean,12m,2.821856697281744
2007-05-01,Dallas trimmed mean,12m,2.7372114636174727
2007-06-01,Dallas trimmed mean,12m,2.5817050481810044
2007-07-01,Dallas trimmed mean,12m,2.476408188152601
2007-08-01,Dallas trimmed mean,12m,2.393227595037728
2007-09-01,Dallas trimmed mean,12m,2.3342870479134747
2007-10-01,Dallas trimmed mean,12m,2.412557041228869
2007-11-01,Dallas trimmed mean,12m,2.4921219673243122
2007-12-01,Dallas trimmed mean,12m,2.685099847815775
2008-01-01,Dallas trimmed mean,12m,2.6561702816284782
2008-02-01,Dallas trimmed mean,12m,2.5901499219688873
2008-03-01,Dallas trimmed mean,12m,2.472563593900312
2008-04-01,Dallas trimmed mean,12m,2.502611250023423
2008-05-01,Dallas trimmed mean,12m,2.531772626074935
2008-06-01,Dallas trimmed mean,12m,2.5567088849264508
2008-07-01,Dallas trimmed mean,12m,2.6160561857865083
2008-08-01,Dallas trimmed mean,12m,2.727244089689629
2008-09-01,Dallas trimmed mean,12m,2.6900881957394818
2008-10-01,Dallas trimmed mean,12m,2.5992566605197664
2008-11-01,Dallas trimmed mean,12m,2.482430643618816
2008-12-01,Dallas trimmed mean,12m,2.3912059652581696
2009-01-01,Dallas trimmed mean,12m,2.2493907460423124
2009-02-01,Dallas trimmed mean,12m,2.2868052984659215
2009-03-01,Dallas trimmed mean,12m,2.282866439087372
2009-04-01,Dallas trimmed mean,12m,2.221788302376626
2009-05-01,Dallas trimmed mean,12m,2.1473016898761133
2009-06-01,Dallas trimmed mean,12m,2.0851698953819
2009-07-01,Dallas trimmed mean,12m,1.9516542923432967
2009-08-01,Dallas trimmed mean,12m,1.6878829630711412
2009-09-01,Dallas trimmed mean,12m,1.6754927767445693
2009-10-01,Dallas trimmed mean,12m,1.5499991183557826
2009-11-01,Dallas trimmed mean,12m,1.566135358360432
2009-12-01,Dallas trimmed mean,12m,1.4447731904400074
2010-01-01,Dallas trimmed mean,12m,1.4386358883565764
2010-02-01,Dallas trimmed mean,12m,1.2535737063846364
2010-03-01,Dallas trimmed mean,12m,1.1375904962712902
2010-04-01,Dallas trimmed mean,12m,1.0499004984040994
2010-05-01,Dallas trimmed mean,12m,0.9937097735819744
2010-06-01,Dallas trimmed mean,12m,0.9290000640894691
2010-07-01,Dallas trimmed mean,12m,0.8683207512436786
2010-08-01,Dallas trimmed mean,12m,0.9130476635466067
2010-09-01,Dallas trimmed mean,12m,0.9077318696637304
2010-10-01,Dallas trimmed mean,12m,0.9588951247921917
2010-11-01,Dallas trimmed mean,12m,0.8528704850209623
2010-12-01,Dallas trimmed mean,12m,0.8969677984561386
2011-01-01,Dallas trimmed mean,12m,0.9259538597775174
2011-02-01,Dallas trimmed mean,12m,1.0431889321681709
2011-03-01,Dallas trimmed mean,12m,1.2008553330532523
2011-04-01,Dallas trimmed mean,12m,1.333542247362507
2011-05-01,Dallas trimmed mean,12m,1.4604720815830863
2011-06-01,Dallas trimmed mean,12m,1.5919313249255662
2011-07-01,Dallas trimmed mean,12m,1.6478307276571735
2011-08-01,Dallas trimmed mean,12m,1.7283365175749354
2011-09-01,Dallas trimmed mean,12m,1.8173551951093936
2011-10-01,Dallas trimmed mean,12m,1.8707400014856823
2011-11-01,Dallas trimmed mean,12m,1.9622635809581457
2011-12-01,Dallas trimmed mean,12m,2.017081556250333
2012-01-01,Dallas trimmed mean,12m,2.098247030460043
2012-02-01,Dallas trimmed mean,12m,2.124386017979285
2012-03-01,Dallas trimmed mean,12m,2.0538370625238223
2012-04-01,Dallas trimmed mean,12m,2.034227757589746
2012-05-01,Dallas trimmed mean,12m,1.9927546376660388
2012-06-01,Dallas trimmed mean,12m,1.9414509439936278
2012-07-01,Dallas trimmed mean,12m,1.9043221591033888
2012-08-01,Dallas trimmed mean,12m,1.8735554959828704
2012-09-01,Dallas trimmed mean,12m,1.8195513025476728
2012-10-01,Dallas trimmed mean,12m,1.8165710092615361
2012-11-01,Dallas trimmed mean,12m,1.793578502404558
2012-12-01,Dallas trimmed mean,12m,1.7124963405702465
2013-01-01,Dallas trimmed mean,12m,1.6382365864638926
2013-02-01,Dallas trimmed mean,12m,1.6035866936007448
2013-03-01,Dallas trimmed mean,12m,1.6488099548335855
2013-04-01,Dallas trimmed mean,12m,1.5929018185107724
2013-05-01,Dallas trimmed mean,12m,1.4441746531735022
2013-06-01,Dallas trimmed mean,12m,1.4236641369354652
2013-07-01,Dallas trimmed mean,12m,1.5289237179810344
2013-08-01,Dallas trimmed mean,12m,1.5641687379228442
2013-09-01,Dallas trimmed mean,12m,1.550235593296101
2013-10-01,Dallas trimmed mean,12m,1.5426641972335453
2013-11-01,Dallas trimmed mean,12m,1.5647823875758693
2013-12-01,Dallas trimmed mean,12m,1.6400498446855538
2014-01-01,Dallas trimmed mean,12m,1.676171641895885
2014-02-01,Dallas trimmed mean,12m,1.6425774427442974
2014-03-01,Dallas trimmed mean,12m,1.5741248908405447
2014-04-01,Dallas trimmed mean,12m,1.5922507924780227
2014-05-01,Dallas trimmed mean,12m,1.7355381133546066
2014-06-01,Dallas trimmed mean,12m,1.781769186510851
2014-07-01,Dallas trimmed mean,12m,1.7404066249897765
2014-08-01,Dallas trimmed mean,12m,1.7422383089752413
2014-09-01,Dallas trimmed mean,12m,1.6944856688901444
2014-10-01,Dallas trimmed mean,12m,1.6944985728939876
2014-11-01,Dallas trimmed mean,12m,1.6494897341289505
2014-12-01,Dallas trimmed mean,12m,1.6252658217262184
2015-01-01,Dallas trimmed mean,12m,1.6074948403902
2015-02-01,Dallas trimmed mean,12m,1.4829136293334377
2015-03-01,Dallas trimmed mean,12m,1.5471263554946546
2015-04-01,Dallas trimmed mean,12m,1.5440262487320888
2015-05-01,Dallas trimmed mean,12m,1.5826835383041082
2015-06-01,Dallas trimmed mean,12m,1.543868800031123
2015-07-01,Dallas trimmed mean,12m,1.5442211673591721
2015-08-01,Dallas trimmed mean,12m,1.5429766166038972
2015-09-01,Dallas trimmed mean,12m,1.5469640945257046
2015-10-01,Dallas trimmed mean,12m,1.5514967732511487
2015-11-01,Dallas trimmed mean,12m,1.5171283088527776
2015-12-01,Dallas trimmed mean,12m,1.4907456648620476
2016-01-01,Dallas trimmed mean,12m,1.4552457836697785
2016-02-01,Dallas trimmed mean,12m,1.580738266788284
2016-03-01,Dallas trimmed mean,12m,1.5664224299040574
2016-04-01,Dallas trimmed mean,12m,1.6059808869593128
2016-05-01,Dallas trimmed mean,12m,1.610177158921089
2016-06-01,Dallas trimmed mean,12m,1.6739418844625709
2016-07-01,Dallas trimmed mean,12m,1.6581457880826989
2016-08-01,Dallas trimmed mean,12m,1.6591686914121828
2016-09-01,Dallas trimmed mean,12m,1.6964431526383938
2016-10-01,Dallas trimmed mean,12m,1.7258359889816388
2016-11-01,Dallas trimmed mean,12m,1.8148678248896877
2016-12-01,Dallas trimmed mean,12m,1.8157993632099911
2017-01-01,Dallas trimmed mean,12m,1.8725128952535197
2017-02-01,Dallas trimmed mean,12m,1.9251053287223652
2017-03-01,Dallas trimmed mean,12m,1.884299775470355
2017-04-01,Dallas trimmed mean,12m,1.8213079631287599
2017-05-01,Dallas trimmed mean,12m,1.762188365480144
2017-06-01,Dallas trimmed mean,12m,1.6639626562352738
2017-07-01,Dallas trimmed mean,12m,1.6812286497810858
2017-08-01,Dallas trimmed mean,12m,1.6215574261960075
2017-09-01,Dallas trimmed mean,12m,1.6356811611168753
2017-10-01,Dallas trimmed mean,12m,1.6012745795560113
2017-11-01,Dallas trimmed mean,12m,1.621515617592939
2017-12-01,Dallas trimmed mean,12m,1.6467474025194884
2018-01-01,Dallas trimmed mean,12m,1.6802414270131738
2018-02-01,Dallas trimmed mean,12m,1.7297465244793697
2018-03-01,Dallas trimmed mean,12m,1.7757275847966048
2018-04-01,Dallas trimmed mean,12m,1.7995742634780543
2018-05-01,Dallas trimmed mean,12m,1.7921073831380863
2018-06-01,Dallas trimmed mean,12m,1.8744931968112999
2018-07-01,Dallas trimmed mean,12m,1.8946755715326669
2018-08-01,Dallas trimmed mean,12m,1.95505910996554
2018-09-01,Dallas trimmed mean,12m,1.9450221786566635
2018-10-01,Dallas trimmed mean,12m,1.9717165411685444
2018-11-01,Dallas trimmed mean,12m,1.9731579999658022
2018-12-01,Dallas trimmed mean,12m,2.0350636700926295
2019-01-01,Dallas trimmed mean,12m,2.013392659476887
2019-02-01,Dallas trimmed mean,12m,1.9059825087521132
2019-03-01,Dallas trimmed mean,12m,1.9648183795126783
2019-04-01,Dallas trimmed mean,12m,2.0022780975949006
2019-05-01,Dallas trimmed mean,12m,2.1217116659820068
2019-06-01,Dallas trimmed mean,12m,2.0352572966422233
2019-07-01,Dallas trimmed mean,12m,1.9901146086071853
2019-08-01,Dallas trimmed mean,12m,2.019040654091664
2019-09-01,Dallas trimmed mean,12m,2.0371410714004723
2019-10-01,Dallas trimmed mean,12m,1.9659335199071704
2019-11-01,Dallas trimmed mean,12m,1.9624574304357045
2019-12-01,Dallas trimmed mean,12m,1.896432071030274
2020-01-01,Dallas trimmed mean,12m,1.8861287486117373
2020-02-01,Dallas trimmed mean,12m,1.958015027276483
2020-03-01,Dallas trimmed mean,12m,1.9376349871206289
2020-04-01,Dallas trimmed mean,12m,1.8933212059683013
2020-05-01,Dallas trimmed mean,12m,1.782262964740089
2020-06-01,Dallas trimmed mean,12m,1.8679600525193019
2020-07-01,Dallas trimmed mean,12m,1.8917944948195986
2020-08-01,Dallas trimmed mean,12m,1.9273163469954335
2020-09-01,Dallas trimmed mean,12m,1.9506610280443093
2020-10-01,Dallas trimmed mean,12m,1.9484243915323773
2020-11-01,Dallas trimmed mean,12m,1.9023525883163472
2020-12-01,Dallas trimmed mean,12m,1.8398790237511786
2021-01-01,Dallas trimmed mean,12m,1.8270375627448932
2021-02-01,Dallas trimmed mean,12m,1.8001706876896506
2021-03-01,Dallas trimmed mean,12m,1.8139914781176714
2021-04-01,Dallas trimmed mean,12m,1.8734650733017943
2021-05-01,Dallas trimmed mean,12m,1.956833732053398
2021-06-01,Dallas trimmed mean,12m,2.0261648092063433
2021-07-01,Dallas trimmed mean,12m,2.0626268704460715
2021-08-01,Dallas trimmed mean,12m,2.0918057376987376
2021-09-01,Dallas trimmed mean,12m,2.171144375905243
2021-10-01,Dallas trimmed mean,12m,2.4254438791220245
2021-11-01,Dallas trimmed mean,12m,2.6818472167667418
2021-12-01,Dallas trimmed mean,12m,2.946134017632329
2022-01-01,Dallas trimmed mean,12m,3.207167417767187
2022-02-01,Dallas trimmed mean,12m,3.595153650852234
2022-03-01,Dallas trimmed mean,12m,3.7771688210768817
2022-04-01,Dallas trimmed mean,12m,3.8630237801266176
2022-05-01,Dallas trimmed mean,12m,3.916858132595613
2022-06-01,Dallas trimmed mean,12m,4.160475780153239
2022-07-01,Dallas trimmed mean,12m,4.6004335458657675
2022-08-01,Dallas trimmed mean,12m,4.69511241267675
2022-09-01,Dallas trimmed mean,12m,4.934967298882698
2022-10-01,Dallas trimmed mean,12m,4.904741775449284
2022-11-01,Dallas trimmed mean,12m,4.9343754628423
2022-12-01,Dallas trimmed mean,12m,4.887155432995027
2023-01-01,Dallas trimmed mean,12m,4.828525698358543
2023-02-01,Dallas trimmed mean,12m,4.714067317613346
2023-03-01,Dallas trimmed mean,12m,4.711101773752446
2023-04-01,Dallas trimmed mean,12m,4.75259579710523
2023-05-01,Dallas trimmed mean,12m,4.826109941843515
2023-06-01,Dallas trimmed mean,12m,4.638130562257992
2023-07-01,Dallas trimmed mean,12m,4.2005405575469945
2023-08-01,Dallas trimmed mean,12m,4.095303417146767
2023-09-01,Dallas trimmed mean,12m,3.813590459911498
2023-10-01,Dallas trimmed mean,12m,3.7367620388277567
2023-11-01,Dallas trimmed mean,12m,3.546208191200928
2023-12-01,Dallas trimmed mean,12m,3.4320992492802516
2024-01-01,Dallas trimmed mean,12m,3.2918003247469185
2024-02-01,Dallas trimmed mean,12m,3.3040633760789584
2024-03-01,Dallas trimmed mean,12m,3.1832071466317613
2024-04-01,Dallas trimmed mean,12m,3.161800189785069
2024-05-01,Dallas trimmed mean,12m,3.0309102843466995
2024-06-01,Dallas trimmed mean,12m,2.906160857154605
2024-07-01,Dallas trimmed mean,12m,2.9194705374205654
2024-08-01,Dallas trimmed mean,12m,2.8420049568469663
2024-09-01,Dallas trimmed mean,12m,2.780698874802856
2024-10-01,Dallas trimmed mean,12m,2.7773734710104137
2024-11-01,Dallas trimmed mean,12m,2.8258810029387904
2024-12-01,Dallas trimmed mean,12m,2.8293819033853973
2025-01-01,Dallas trimmed mean,12m,2.8911247461067546
2025-02-01,Dallas trimmed mean,12m,2.661733012219747
2025-03-01,Dallas trimmed mean,12m,2.642610755580166
2025-04-01,Dallas trimmed mean,12m,2.5933162473164018
2025-05-01,Dallas trimmed mean,12m,2.6175211772485607
2025-06-01,Dallas trimmed mean,12m,2.5932863231250547
2025-07-01,Dallas trimmed mean,12m,2.706502713421699
2025-08-01,Dallas trimmed mean,12m,2.7058953854151913
2025-09-01,Dallas trimmed mean,12m,2.8088904443771323
2025-10-01,Dallas trimmed mean,12m,2.7152786357892866
2025-11-01,Dallas trimmed mean,12m,2.576803226341373
2025-12-01,Dallas trimmed mean,12m,2.5479475308222366
2026-01-01,Dallas trimmed mean,12m,2.5001385036583113
2026-02-01,Dallas trimmed mean,12m,2.474289252072581
2026-03-01,Dallas trimmed mean,12m,2.3847320210064415
2026-04-01,Dallas trimmed mean,12m,2.405757188907076
2026-05-01,Dallas trimmed mean,12m,2.3651695492213243
2026-06-01,Dallas trimmed mean,12m,2.4380488910968667
2026-07-01,Dallas trimmed mean,12m,2.2648732184260334
