"date","measure","value"
"1960-01-01","Headline PCE",1.694803
"1960-02-01","Headline PCE",1.699717
"1960-03-01","Headline PCE",1.692014
"1960-04-01","Headline PCE",1.859518
"1960-05-01","Headline PCE",1.911079
"1960-06-01","Headline PCE",1.663283
"1960-07-01","Headline PCE",1.633667
"1960-08-01","Headline PCE",1.657423
"1960-09-01","Headline PCE",1.45135
"1960-10-01","Headline PCE",1.324503
"1960-11-01","Headline PCE",1.602647
"1960-12-01","Headline PCE",1.503564
"1961-01-01","Headline PCE",1.582258
"1961-02-01","Headline PCE",1.567662
"1961-03-01","Headline PCE",1.450214
"1961-04-01","Headline PCE",1.025674
"1961-05-01","Headline PCE",0.979508
"1961-06-01","Headline PCE",0.979066
"1961-07-01","Headline PCE",1.015881
"1961-08-01","Headline PCE",0.93074
"1961-09-01","Headline PCE",0.987939
"1961-10-01","Headline PCE",0.865052
"1961-11-01","Headline PCE",0.530047
"1961-12-01","Headline PCE",0.53633
"1962-01-01","Headline PCE",0.708586
"1962-02-01","Headline PCE",0.886536
"1962-03-01","Headline PCE",1.078494
"1962-04-01","Headline PCE",1.251517
"1962-05-01","Headline PCE",1.257179
"1962-06-01","Headline PCE",1.275754
"1962-07-01","Headline PCE",0.9993
"1962-08-01","Headline PCE",1.062071
"1962-09-01","Headline PCE",1.442002
"1962-10-01","Headline PCE",1.346801
"1962-11-01","Headline PCE",1.41024
"1962-12-01","Headline PCE",1.346374
"1963-01-01","Headline PCE",1.400862
"1963-02-01","Headline PCE",1.239095
"1963-03-01","Headline PCE",1.022792
"1963-04-01","Headline PCE",0.90181
"1963-05-01","Headline PCE",1.00208
"1963-06-01","Headline PCE",1.158909
"1963-07-01","Headline PCE",1.417948
"1963-08-01","Headline PCE",1.409603
"1963-09-01","Headline PCE",0.895485
"1963-10-01","Headline PCE",1.190999
"1963-11-01","Headline PCE",1.265347
"1963-12-01","Headline PCE",1.453816
"1964-01-01","Headline PCE",1.419016
"1964-02-01","Headline PCE",1.454977
"1964-03-01","Headline PCE",1.5999
"1964-04-01","Headline PCE",1.68125
"1964-05-01","Headline PCE",1.528766
"1964-06-01","Headline PCE",1.450719
"1964-07-01","Headline PCE",1.379482
"1964-08-01","Headline PCE",1.315545
"1964-09-01","Headline PCE",1.489573
"1964-10-01","Headline PCE",1.356625
"1964-11-01","Headline PCE",1.354695
"1964-12-01","Headline PCE",1.352687
"1965-01-01","Headline PCE",1.251233
"1965-02-01","Headline PCE",1.150982
"1965-03-01","Headline PCE",1.217937
"1965-04-01","Headline PCE",1.303092
"1965-05-01","Headline PCE",1.518038
"1965-06-01","Headline PCE",1.669326
"1965-07-01","Headline PCE",1.612013
"1965-08-01","Headline PCE",1.56183
"1965-09-01","Headline PCE",1.455479
"1965-10-01","Headline PCE",1.424031
"1965-11-01","Headline PCE",1.452548
"1965-12-01","Headline PCE",1.669815
"1966-01-01","Headline PCE",1.680161
"1966-02-01","Headline PCE",2.056712
"1966-03-01","Headline PCE",2.175631
"1966-04-01","Headline PCE",2.366361
"1966-05-01","Headline PCE",2.264197
"1966-06-01","Headline PCE",2.221417
"1966-07-01","Headline PCE",2.346483
"1966-08-01","Headline PCE",2.713786
"1966-09-01","Headline PCE",2.989753
"1966-10-01","Headline PCE",3.229889
"1966-11-01","Headline PCE",3.206401
"1966-12-01","Headline PCE",3.05101
"1967-01-01","Headline PCE",2.933605
"1967-02-01","Headline PCE",2.629382
"1967-03-01","Headline PCE",2.432641
"1967-04-01","Headline PCE",2.252386
"1967-05-01","Headline PCE",2.320625
"1967-06-01","Headline PCE",2.391638
"1967-07-01","Headline PCE",2.540225
"1967-08-01","Headline PCE",2.465946
"1967-09-01","Headline PCE",2.4523
"1967-10-01","Headline PCE",2.469208
"1967-11-01","Headline PCE",2.657962
"1967-12-01","Headline PCE",2.605863
"1968-01-01","Headline PCE",3.076834
"1968-02-01","Headline PCE",3.375356
"1968-03-01","Headline PCE",3.658112
"1968-04-01","Headline PCE",3.808475
"1968-05-01","Headline PCE",3.992131
"1968-06-01","Headline PCE",3.99677
"1968-07-01","Headline PCE",3.960225
"1968-08-01","Headline PCE",4.062572
"1968-09-01","Headline PCE",4.107398
"1968-10-01","Headline PCE",4.27253
"1968-11-01","Headline PCE",4.281172
"1968-12-01","Headline PCE",4.331066
"1969-01-01","Headline PCE",4.254599
"1969-02-01","Headline PCE",4.096887
"1969-03-01","Headline PCE",4.246023
"1969-04-01","Headline PCE",4.377932
"1969-05-01","Headline PCE",4.411928
"1969-06-01","Headline PCE",4.580745
"1969-07-01","Headline PCE",4.721623
"1969-08-01","Headline PCE",4.581246
"1969-09-01","Headline PCE",4.653205
"1969-10-01","Headline PCE",4.550918
"1969-11-01","Headline PCE",4.649897
"1969-12-01","Headline PCE",4.911976
"1970-01-01","Headline PCE",4.876597
"1970-02-01","Headline PCE",5.026184
"1970-03-01","Headline PCE",4.793122
"1970-04-01","Headline PCE",4.863043
"1970-05-01","Headline PCE",4.774338
"1970-06-01","Headline PCE",4.539188
"1970-07-01","Headline PCE",4.461222
"1970-08-01","Headline PCE",4.449008
"1970-09-01","Headline PCE",4.483012
"1970-10-01","Headline PCE",4.645451
"1970-11-01","Headline PCE",4.604579
"1970-12-01","Headline PCE",4.588771
"1971-01-01","Headline PCE",4.438252
"1971-02-01","Headline PCE",4.328159
"1971-03-01","Headline PCE",4.414932
"1971-04-01","Headline PCE",4.295699
"1971-05-01","Headline PCE",4.399125
"1971-06-01","Headline PCE",4.590646
"1971-07-01","Headline PCE",4.5234
"1971-08-01","Headline PCE",4.55187
"1971-09-01","Headline PCE",4.240478
"1971-10-01","Headline PCE",3.88495
"1971-11-01","Headline PCE",3.690624
"1971-12-01","Headline PCE",3.639695
"1972-01-01","Headline PCE",3.844443
"1972-02-01","Headline PCE",3.951518
"1972-03-01","Headline PCE",3.756814
"1972-04-01","Headline PCE",3.507313
"1972-05-01","Headline PCE",3.307677
"1972-06-01","Headline PCE",3.006935
"1972-07-01","Headline PCE",3.065616
"1972-08-01","Headline PCE",3.06639
"1972-09-01","Headline PCE",3.374735
"1972-10-01","Headline PCE",3.33109
"1972-11-01","Headline PCE",3.424953
"1972-12-01","Headline PCE",3.349419
"1973-01-01","Headline PCE",3.235784
"1973-02-01","Headline PCE",3.369988
"1973-03-01","Headline PCE",3.956835
"1973-04-01","Headline PCE",4.569943
"1973-05-01","Headline PCE",4.852171
"1973-06-01","Headline PCE",5.292151
"1973-07-01","Headline PCE",5.296739
"1973-08-01","Headline PCE",6.202928
"1973-09-01","Headline PCE",6.147255
"1973-10-01","Headline PCE",6.628832
"1973-11-01","Headline PCE",7.184268
"1973-12-01","Headline PCE",7.720758
"1974-01-01","Headline PCE",8.425905
"1974-02-01","Headline PCE",9.115503
"1974-03-01","Headline PCE",9.602076
"1974-04-01","Headline PCE",9.562977
"1974-05-01","Headline PCE",10.100738
"1974-06-01","Headline PCE",10.405581
"1974-07-01","Headline PCE",10.818036
"1974-08-01","Headline PCE",10.699027
"1974-09-01","Headline PCE",11.407011
"1974-10-01","Headline PCE",11.574034
"1974-11-01","Headline PCE",11.497187
"1974-12-01","Headline PCE",11.463519
"1975-01-01","Headline PCE",11.091272
"1975-02-01","Headline PCE",10.408875
"1975-03-01","Headline PCE",9.512732
"1975-04-01","Headline PCE",9.111909
"1975-05-01","Headline PCE",8.479699
"1975-06-01","Headline PCE",8.238153
"1975-07-01","Headline PCE",8.366838
"1975-08-01","Headline PCE",7.711284
"1975-09-01","Headline PCE",7.131887
"1975-10-01","Headline PCE",6.987292
"1975-11-01","Headline PCE",6.873132
"1975-12-01","Headline PCE",6.618921
"1976-01-01","Headline PCE",6.363845
"1976-02-01","Headline PCE",5.926011
"1976-03-01","Headline PCE",5.727724
"1976-04-01","Headline PCE",5.610162
"1976-05-01","Headline PCE",5.689434
"1976-06-01","Headline PCE",5.49319
"1976-07-01","Headline PCE",5.127444
"1976-08-01","Headline PCE",5.249354
"1976-09-01","Headline PCE",5.319071
"1976-10-01","Headline PCE",5.259118
"1976-11-01","Headline PCE",5.062096
"1976-12-01","Headline PCE",5.070423
"1977-01-01","Headline PCE",5.281525
"1977-02-01","Headline PCE",5.968165
"1977-03-01","Headline PCE",6.339468
"1977-04-01","Headline PCE",6.715349
"1977-05-01","Headline PCE",6.747658
"1977-06-01","Headline PCE",6.877838
"1977-07-01","Headline PCE",6.889007
"1977-08-01","Headline PCE",6.798638
"1977-09-01","Headline PCE",6.603609
"1977-10-01","Headline PCE",6.54144
"1977-11-01","Headline PCE",6.667358
"1977-12-01","Headline PCE",6.588987
"1978-01-01","Headline PCE",6.598777
"1978-02-01","Headline PCE",6.262715
"1978-03-01","Headline PCE",6.417004
"1978-04-01","Headline PCE",6.604723
"1978-05-01","Headline PCE",6.825084
"1978-06-01","Headline PCE",6.923102
"1978-07-01","Headline PCE",6.953478
"1978-08-01","Headline PCE",6.996845
"1978-09-01","Headline PCE",7.199686
"1978-10-01","Headline PCE",7.55418
"1978-11-01","Headline PCE",7.546742
"1978-12-01","Headline PCE",7.526362
"1979-01-01","Headline PCE",7.703405
"1979-02-01","Headline PCE",7.776253
"1979-03-01","Headline PCE",7.919599
"1979-04-01","Headline PCE",8.22504
"1979-05-01","Headline PCE",8.569733
"1979-06-01","Headline PCE",8.756247
"1979-07-01","Headline PCE",8.989597
"1979-08-01","Headline PCE",9.269896
"1979-09-01","Headline PCE",9.611508
"1979-10-01","Headline PCE",9.632458
"1979-11-01","Headline PCE",9.771015
"1979-12-01","Headline PCE",10.178438
"1980-01-01","Headline PCE",10.497961
"1980-02-01","Headline PCE",11.102558
"1980-03-01","Headline PCE",11.595182
"1980-04-01","Headline PCE",11.019043
"1980-05-01","Headline PCE",10.736382
"1980-06-01","Headline PCE",10.522861
"1980-07-01","Headline PCE",10.539584
"1980-08-01","Headline PCE",10.614195
"1980-09-01","Headline PCE",10.660648
"1980-10-01","Headline PCE",10.643414
"1980-11-01","Headline PCE",10.775945
"1980-12-01","Headline PCE",10.566428
"1981-01-01","Headline PCE",10.470316
"1981-02-01","Headline PCE",10.392794
"1981-03-01","Headline PCE",9.813884
"1981-04-01","Headline PCE",9.721095
"1981-05-01","Headline PCE",9.362819
"1981-06-01","Headline PCE",9.110394
"1981-07-01","Headline PCE",8.922257
"1981-08-01","Headline PCE",8.698635
"1981-09-01","Headline PCE",8.354526
"1981-10-01","Headline PCE",7.980916
"1981-11-01","Headline PCE",7.68354
"1981-12-01","Headline PCE",7.318874
"1982-01-01","Headline PCE",6.929848
"1982-02-01","Headline PCE",6.17728
"1982-03-01","Headline PCE",5.712573
"1982-04-01","Headline PCE",5.305869
"1982-05-01","Headline PCE",5.458002
"1982-06-01","Headline PCE",5.800772
"1982-07-01","Headline PCE",5.789498
"1982-08-01","Headline PCE",5.456586
"1982-09-01","Headline PCE",5.112356
"1982-10-01","Headline PCE",5.22578
"1982-11-01","Headline PCE",4.979291
"1982-12-01","Headline PCE",4.814883
"1983-01-01","Headline PCE",4.68155
"1983-02-01","Headline PCE",4.544731
"1983-03-01","Headline PCE",4.410631
"1983-04-01","Headline PCE",4.834542
"1983-05-01","Headline PCE",4.510838
"1983-06-01","Headline PCE",4.145043
"1983-07-01","Headline PCE",4.116169
"1983-08-01","Headline PCE",4.238716
"1983-09-01","Headline PCE",4.315433
"1983-10-01","Headline PCE",3.908809
"1983-11-01","Headline PCE",3.743644
"1983-12-01","Headline PCE",3.643884
"1984-01-01","Headline PCE",3.611728
"1984-02-01","Headline PCE",4.131872
"1984-03-01","Headline PCE",4.339422
"1984-04-01","Headline PCE",4.261345
"1984-05-01","Headline PCE",4.098396
"1984-06-01","Headline PCE",3.896299
"1984-07-01","Headline PCE",3.682187
"1984-08-01","Headline PCE",3.55806
"1984-09-01","Headline PCE",3.335806
"1984-10-01","Headline PCE",3.40421
"1984-11-01","Headline PCE",3.403617
"1984-12-01","Headline PCE",3.638245
"1985-01-01","Headline PCE",3.704482
"1985-02-01","Headline PCE",3.489683
"1985-03-01","Headline PCE",3.555297
"1985-04-01","Headline PCE",3.311629
"1985-05-01","Headline PCE",3.425494
"1985-06-01","Headline PCE",3.522772
"1985-07-01","Headline PCE",3.407218
"1985-08-01","Headline PCE",3.431705
"1985-09-01","Headline PCE",3.466027
"1985-10-01","Headline PCE",3.394443
"1985-11-01","Headline PCE",3.549026
"1985-12-01","Headline PCE",3.604246
"1986-01-01","Headline PCE",3.564043
"1986-02-01","Headline PCE",3.085461
"1986-03-01","Headline PCE",2.458341
"1986-04-01","Headline PCE",2.101523
"1986-05-01","Headline PCE",2.046497
"1986-06-01","Headline PCE",2.148777
"1986-07-01","Headline PCE",1.924379
"1986-08-01","Headline PCE",1.715511
"1986-09-01","Headline PCE",1.877143
"1986-10-01","Headline PCE",1.889854
"1986-11-01","Headline PCE",1.775848
"1986-12-01","Headline PCE",1.575221
"1987-01-01","Headline PCE",1.585624
"1987-02-01","Headline PCE",1.9419
"1987-03-01","Headline PCE",2.436632
"1987-04-01","Headline PCE",3.029409
"1987-05-01","Headline PCE",3.102372
"1987-06-01","Headline PCE",3.108444
"1987-07-01","Headline PCE",3.320694
"1987-08-01","Headline PCE",3.599594
"1987-09-01","Headline PCE",3.60923
"1987-10-01","Headline PCE",3.752331
"1987-11-01","Headline PCE",3.763086
"1987-12-01","Headline PCE",3.812124
"1988-01-01","Headline PCE",3.726828
"1988-02-01","Headline PCE",3.517935
"1988-03-01","Headline PCE",3.598652
"1988-04-01","Headline PCE",3.715011
"1988-05-01","Headline PCE",3.753188
"1988-06-01","Headline PCE",3.801596
"1988-07-01","Headline PCE",4.065225
"1988-08-01","Headline PCE",3.962541
"1988-09-01","Headline PCE",4.118233
"1988-10-01","Headline PCE",4.127668
"1988-11-01","Headline PCE",4.172194
"1988-12-01","Headline PCE",4.304364
"1989-01-01","Headline PCE",4.434495
"1989-02-01","Headline PCE",4.626401
"1989-03-01","Headline PCE",4.656795
"1989-04-01","Headline PCE",4.843991
"1989-05-01","Headline PCE",4.921671
"1989-06-01","Headline PCE",4.705367
"1989-07-01","Headline PCE",4.44812
"1989-08-01","Headline PCE",4.152243
"1989-09-01","Headline PCE",3.877787
"1989-10-01","Headline PCE",3.94427
"1989-11-01","Headline PCE",3.929763
"1989-12-01","Headline PCE",3.906809
"1990-01-01","Headline PCE",4.159032
"1990-02-01","Headline PCE",4.271125
"1990-03-01","Headline PCE",4.276478
"1990-04-01","Headline PCE",3.804243
"1990-05-01","Headline PCE",3.659283
"1990-06-01","Headline PCE",3.890304
"1990-07-01","Headline PCE",3.898432
"1990-08-01","Headline PCE",4.576619
"1990-09-01","Headline PCE",4.984894
"1990-10-01","Headline PCE",5.17477
"1990-11-01","Headline PCE",5.078954
"1990-12-01","Headline PCE",4.873264
"1991-01-01","Headline PCE",4.48141
"1991-02-01","Headline PCE",4.075768
"1991-03-01","Headline PCE",3.706402
"1991-04-01","Headline PCE",3.676657
"1991-05-01","Headline PCE",3.872491
"1991-06-01","Headline PCE",3.59014
"1991-07-01","Headline PCE",3.497546
"1991-08-01","Headline PCE",3.053448
"1991-09-01","Headline PCE",2.776813
"1991-10-01","Headline PCE",2.382793
"1991-11-01","Headline PCE",2.478321
"1991-12-01","Headline PCE",2.638444
"1992-01-01","Headline PCE",2.388152
"1992-02-01","Headline PCE",2.596066
"1992-03-01","Headline PCE",2.822561
"1992-04-01","Headline PCE",2.91365
"1992-05-01","Headline PCE",2.625597
"1992-06-01","Headline PCE",2.634138
"1992-07-01","Headline PCE",2.811271
"1992-08-01","Headline PCE",2.709467
"1992-09-01","Headline PCE",2.524781
"1992-10-01","Headline PCE",2.695149
"1992-11-01","Headline PCE",2.671603
"1992-12-01","Headline PCE",2.5946
"1993-01-01","Headline PCE",2.704429
"1993-02-01","Headline PCE",2.59885
"1993-03-01","Headline PCE",2.560803
"1993-04-01","Headline PCE",2.557075
"1993-05-01","Headline PCE",2.737212
"1993-06-01","Headline PCE",2.590223
"1993-07-01","Headline PCE",2.41641
"1993-08-01","Headline PCE",2.454055
"1993-09-01","Headline PCE",2.393546
"1993-10-01","Headline PCE",2.353843
"1993-11-01","Headline PCE",2.346091
"1993-12-01","Headline PCE",2.19085
"1994-01-01","Headline PCE",1.977243
"1994-02-01","Headline PCE",2.059632
"1994-03-01","Headline PCE",2.131318
"1994-04-01","Headline PCE",1.980443
"1994-05-01","Headline PCE",1.814178
"1994-06-01","Headline PCE",2.027558
"1994-07-01","Headline PCE",2.185708
"1994-08-01","Headline PCE",2.246432
"1994-09-01","Headline PCE",2.253288
"1994-10-01","Headline PCE",2.105649
"1994-11-01","Headline PCE",2.106242
"1994-12-01","Headline PCE",2.148455
"1995-01-01","Headline PCE",2.321505
"1995-02-01","Headline PCE",2.265953
"1995-03-01","Headline PCE",2.173287
"1995-04-01","Headline PCE",2.320685
"1995-05-01","Headline PCE",2.329416
"1995-06-01","Headline PCE",2.180408
"1995-07-01","Headline PCE",1.987034
"1995-08-01","Headline PCE",1.971966
"1995-09-01","Headline PCE",1.929304
"1995-10-01","Headline PCE",2.020323
"1995-11-01","Headline PCE",1.823804
"1995-12-01","Headline PCE",1.953994
"1996-01-01","Headline PCE",1.97387
"1996-02-01","Headline PCE",1.95402
"1996-03-01","Headline PCE",2.073623
"1996-04-01","Headline PCE",2.111123
"1996-05-01","Headline PCE",2.13005
"1996-06-01","Headline PCE",2.029033
"1996-07-01","Headline PCE",2.116457
"1996-08-01","Headline PCE",1.994172
"1996-09-01","Headline PCE",2.211927
"1996-10-01","Headline PCE",2.256091
"1996-11-01","Headline PCE",2.440992
"1996-12-01","Headline PCE",2.363104
"1997-01-01","Headline PCE",2.268743
"1997-02-01","Headline PCE",2.320595
"1997-03-01","Headline PCE",2.120203
"1997-04-01","Headline PCE",1.915242
"1997-05-01","Headline PCE",1.693394
"1997-06-01","Headline PCE",1.825129
"1997-07-01","Headline PCE",1.671072
"1997-08-01","Headline PCE",1.655051
"1997-09-01","Headline PCE",1.612973
"1997-10-01","Headline PCE",1.438839
"1997-11-01","Headline PCE",1.264445
"1997-12-01","Headline PCE",1.125669
"1998-01-01","Headline PCE",1.044211
"1998-02-01","Headline PCE",0.781172
"1998-03-01","Headline PCE",0.690637
"1998-04-01","Headline PCE",0.716989
"1998-05-01","Headline PCE",0.900914
"1998-06-01","Headline PCE",0.686548
"1998-07-01","Headline PCE",0.875075
"1998-08-01","Headline PCE",0.933996
"1998-09-01","Headline PCE",0.632965
"1998-10-01","Headline PCE",0.72265
"1998-11-01","Headline PCE",0.721195
"1998-12-01","Headline PCE",0.844401
"1999-01-01","Headline PCE",0.935874
"1999-02-01","Headline PCE",0.932121
"1999-03-01","Headline PCE",0.992787
"1999-04-01","Headline PCE",1.354558
"1999-05-01","Headline PCE",1.282178
"1999-06-01","Headline PCE",1.399026
"1999-07-01","Headline PCE",1.41811
"1999-08-01","Headline PCE",1.462564
"1999-09-01","Headline PCE",1.885545
"1999-10-01","Headline PCE",1.833677
"1999-11-01","Headline PCE",1.920647
"1999-12-01","Headline PCE",2.054756
"2000-01-01","Headline PCE",2.189137
"2000-02-01","Headline PCE",2.568738
"2000-03-01","Headline PCE",2.93088
"2000-04-01","Headline PCE",2.35099
"2000-05-01","Headline PCE",2.368949
"2000-06-01","Headline PCE",2.684265
"2000-07-01","Headline PCE",2.668814
"2000-08-01","Headline PCE",2.475467
"2000-09-01","Headline PCE",2.548096
"2000-10-01","Headline PCE",2.514856
"2000-11-01","Headline PCE",2.566328
"2000-12-01","Headline PCE",2.484779
"2001-01-01","Headline PCE",2.701443
"2001-02-01","Headline PCE",2.537197
"2001-03-01","Headline PCE",2.1087
"2001-04-01","Headline PCE",2.373237
"2001-05-01","Headline PCE",2.557649
"2001-06-01","Headline PCE",2.391735
"2001-07-01","Headline PCE",2.101733
"2001-08-01","Headline PCE",2.096464
"2001-09-01","Headline PCE",1.313096
"2001-10-01","Headline PCE",1.531882
"2001-11-01","Headline PCE",1.321568
"2001-12-01","Headline PCE",1.062075
"2002-01-01","Headline PCE",0.665937
"2002-02-01","Headline PCE",0.679565
"2002-03-01","Headline PCE",0.943308
"2002-04-01","Headline PCE",1.187705
"2002-05-01","Headline PCE",0.98826
"2002-06-01","Headline PCE",0.936201
"2002-07-01","Headline PCE",1.192164
"2002-08-01","Headline PCE",1.402946
"2002-09-01","Headline PCE",1.932817
"2002-10-01","Headline PCE",1.760451
"2002-11-01","Headline PCE",1.929985
"2002-12-01","Headline PCE",2.133673
"2003-01-01","Headline PCE",2.346515
"2003-02-01","Headline PCE",2.604622
"2003-03-01","Headline PCE",2.589655
"2003-04-01","Headline PCE",1.988696
"2003-05-01","Headline PCE",1.804808
"2003-06-01","Headline PCE",1.788127
"2003-07-01","Headline PCE",1.862736
"2003-08-01","Headline PCE",2.006715
"2003-09-01","Headline PCE",2.141339
"2003-10-01","Headline PCE",1.968212
"2003-11-01","Headline PCE",1.996177
"2003-12-01","Headline PCE",2.122877
"2004-01-01","Headline PCE",2.212407
"2004-02-01","Headline PCE",2.000619
"2004-03-01","Headline PCE",1.89643
"2004-04-01","Headline PCE",2.259224
"2004-05-01","Headline PCE",2.709538
"2004-06-01","Headline PCE",2.890911
"2004-07-01","Headline PCE",2.684538
"2004-08-01","Headline PCE",2.391168
"2004-09-01","Headline PCE",2.273917
"2004-10-01","Headline PCE",2.700011
"2004-11-01","Headline PCE",2.965626
"2004-12-01","Headline PCE",2.793715
"2005-01-01","Headline PCE",2.532031
"2005-02-01","Headline PCE",2.598733
"2005-03-01","Headline PCE",2.747509
"2005-04-01","Headline PCE",2.844504
"2005-05-01","Headline PCE",2.568966
"2005-06-01","Headline PCE",2.341196
"2005-07-01","Headline PCE",2.679432
"2005-08-01","Headline PCE",3.040803
"2005-09-01","Headline PCE",3.830021
"2005-10-01","Headline PCE",3.551362
"2005-11-01","Headline PCE",2.938409
"2005-12-01","Headline PCE",2.883628
"2006-01-01","Headline PCE",3.246938
"2006-02-01","Headline PCE",3.022235
"2006-03-01","Headline PCE",2.913671
"2006-04-01","Headline PCE",3.102827
"2006-05-01","Headline PCE",3.321535
"2006-06-01","Headline PCE",3.511628
"2006-07-01","Headline PCE",3.427346
"2006-08-01","Headline PCE",3.335883
"2006-09-01","Headline PCE",2.080027
"2006-10-01","Headline PCE",1.67697
"2006-11-01","Headline PCE",1.924673
"2006-12-01","Headline PCE",2.286752
"2007-01-01","Headline PCE",2.133263
"2007-02-01","Headline PCE",2.389213
"2007-03-01","Headline PCE",2.564899
"2007-04-01","Headline PCE",2.330778
"2007-05-01","Headline PCE",2.352983
"2007-06-01","Headline PCE",2.317634
"2007-07-01","Headline PCE",2.124726
"2007-08-01","Headline PCE",1.873715
"2007-09-01","Headline PCE",2.534687
"2007-10-01","Headline PCE",3.088475
"2007-11-01","Headline PCE",3.599627
"2007-12-01","Headline PCE",3.471634
"2008-01-01","Headline PCE",3.387407
"2008-02-01","Headline PCE",3.272923
"2008-03-01","Headline PCE",3.191143
"2008-04-01","Headline PCE",3.139519
"2008-05-01","Headline PCE",3.282144
"2008-06-01","Headline PCE",3.811439
"2008-07-01","Headline PCE",4.135655
"2008-08-01","Headline PCE",3.980627
"2008-09-01","Headline PCE",3.667838
"2008-10-01","Headline PCE",2.671843
"2008-11-01","Headline PCE",0.925029
"2008-12-01","Headline PCE",0.129569
"2009-01-01","Headline PCE",-0.111104
"2009-02-01","Headline PCE",-0.131248
"2009-03-01","Headline PCE",-0.525752
"2009-04-01","Headline PCE",-0.567574
"2009-05-01","Headline PCE",-0.889213
"2009-06-01","Headline PCE",-1.018625
"2009-07-01","Headline PCE",-1.466009
"2009-08-01","Headline PCE",-1.10012
"2009-09-01","Headline PCE",-1.022749
"2009-10-01","Headline PCE",0.013385
"2009-11-01","Headline PCE",1.460612
"2009-12-01","Headline PCE",2.089718
"2010-01-01","Headline PCE",2.301721
"2010-02-01","Headline PCE",2.11633
"2010-03-01","Headline PCE",2.372716
"2010-04-01","Headline PCE",2.282122
"2010-05-01","Headline PCE",2.20847
"2010-06-01","Headline PCE",1.562219
"2010-07-01","Headline PCE",1.63739
"2010-08-01","Headline PCE",1.482395
"2010-09-01","Headline PCE",1.419551
"2010-10-01","Headline PCE",1.35842
"2010-11-01","Headline PCE",1.307197
"2010-12-01","Headline PCE",1.477668
"2011-01-01","Headline PCE",1.559865
"2011-02-01","Headline PCE",1.845031
"2011-03-01","Headline PCE",2.110546
"2011-04-01","Headline PCE",2.488097
"2011-05-01","Headline PCE",2.766247
"2011-06-01","Headline PCE",2.788452
"2011-07-01","Headline PCE",2.8757
"2011-08-01","Headline PCE",2.97673
"2011-09-01","Headline PCE",3.01903
"2011-10-01","Headline PCE",2.693632
"2011-11-01","Headline PCE",2.69926
"2011-12-01","Headline PCE",2.526625
"2012-01-01","Headline PCE",2.569312
"2012-02-01","Headline PCE",2.513154
"2012-03-01","Headline PCE",2.298027
"2012-04-01","Headline PCE",1.999849
"2012-05-01","Headline PCE",1.57694
"2012-06-01","Headline PCE",1.54602
"2012-07-01","Headline PCE",1.410026
"2012-08-01","Headline PCE",1.511867
"2012-09-01","Headline PCE",1.677971
"2012-10-01","Headline PCE",1.976877
"2012-11-01","Headline PCE",1.699102
"2012-12-01","Headline PCE",1.624383
"2013-01-01","Headline PCE",1.470808
"2013-02-01","Headline PCE",1.604608
"2013-03-01","Headline PCE",1.276993
"2013-04-01","Headline PCE",1.041225
"2013-05-01","Headline PCE",1.22903
"2013-06-01","Headline PCE",1.505506
"2013-07-01","Headline PCE",1.595113
"2013-08-01","Headline PCE",1.404788
"2013-09-01","Headline PCE",1.141285
"2013-10-01","Headline PCE",0.976107
"2013-11-01","Headline PCE",1.19547
"2013-12-01","Headline PCE",1.3881
"2014-01-01","Headline PCE",1.405405
"2014-02-01","Headline PCE",1.093982
"2014-03-01","Headline PCE",1.389703
"2014-04-01","Headline PCE",1.673114
"2014-05-01","Headline PCE",1.766166
"2014-06-01","Headline PCE",1.651459
"2014-07-01","Headline PCE",1.669242
"2014-08-01","Headline PCE",1.506244
"2014-09-01","Headline PCE",1.497249
"2014-10-01","Headline PCE",1.332945
"2014-11-01","Headline PCE",1.085759
"2014-12-01","Headline PCE",0.732259
"2015-01-01","Headline PCE",0.041402
"2015-02-01","Headline PCE",0.170701
"2015-03-01","Headline PCE",0.199349
"2015-04-01","Headline PCE",0.110324
"2015-05-01","Headline PCE",0.185286
"2015-06-01","Headline PCE",0.270429
"2015-07-01","Headline PCE",0.219733
"2015-08-01","Headline PCE",0.239271
"2015-09-01","Headline PCE",0.0657
"2015-10-01","Headline PCE",0.095498
"2015-11-01","Headline PCE",0.253878
"2015-12-01","Headline PCE",0.345964
"2016-01-01","Headline PCE",0.871149
"2016-02-01","Headline PCE",0.64033
"2016-03-01","Headline PCE",0.68551
"2016-04-01","Headline PCE",0.925907
"2016-05-01","Headline PCE",0.848685
"2016-06-01","Headline PCE",0.829607
"2016-07-01","Headline PCE",0.755084
"2016-08-01","Headline PCE",0.88821
"2016-09-01","Headline PCE",1.219775
"2016-10-01","Headline PCE",1.427003
"2016-11-01","Headline PCE",1.397404
"2016-12-01","Headline PCE",1.657158
"2017-01-01","Headline PCE",2.00521
"2017-02-01","Headline PCE",2.197137
"2017-03-01","Headline PCE",1.906361
"2017-04-01","Headline PCE",1.767473
"2017-05-01","Headline PCE",1.557772
"2017-06-01","Headline PCE",1.465548
"2017-07-01","Headline PCE",1.485632
"2017-08-01","Headline PCE",1.571909
"2017-09-01","Headline PCE",1.757444
"2017-10-01","Headline PCE",1.682041
"2017-11-01","Headline PCE",1.793713
"2017-12-01","Headline PCE",1.76641
"2018-01-01","Headline PCE",1.757649
"2018-02-01","Headline PCE",1.837608
"2018-03-01","Headline PCE",1.998292
"2018-04-01","Headline PCE",2.046628
"2018-05-01","Headline PCE",2.266207
"2018-06-01","Headline PCE",2.268308
"2018-07-01","Headline PCE",2.338607
"2018-08-01","Headline PCE",2.180411
"2018-09-01","Headline PCE",2.00996
"2018-10-01","Headline PCE",2.053098
"2018-11-01","Headline PCE",1.941892
"2018-12-01","Headline PCE",1.864691
"2019-01-01","Headline PCE",1.431832
"2019-02-01","Headline PCE",1.400174
"2019-03-01","Headline PCE",1.521808
"2019-04-01","Headline PCE",1.566338
"2019-05-01","Headline PCE",1.465554
"2019-06-01","Headline PCE",1.426065
"2019-07-01","Headline PCE",1.45393
"2019-08-01","Headline PCE",1.430416
"2019-09-01","Headline PCE",1.283954
"2019-10-01","Headline PCE",1.288562
"2019-11-01","Headline PCE",1.358277
"2019-12-01","Headline PCE",1.563763
"2020-01-01","Headline PCE",1.794482
"2020-02-01","Headline PCE",1.689097
"2020-03-01","Headline PCE",1.166209
"2020-04-01","Headline PCE",0.462461
"2020-05-01","Headline PCE",0.490163
"2020-06-01","Headline PCE",0.759538
"2020-07-01","Headline PCE",0.922584
"2020-08-01","Headline PCE",1.157519
"2020-09-01","Headline PCE",1.276354
"2020-10-01","Headline PCE",1.187486
"2020-11-01","Headline PCE",1.186265
"2020-12-01","Headline PCE",1.334522
"2021-01-01","Headline PCE",1.507321
"2021-02-01","Headline PCE",1.786312
"2021-03-01","Headline PCE",2.63544
"2021-04-01","Headline PCE",3.577688
"2021-05-01","Headline PCE",3.970484
"2021-06-01","Headline PCE",4.217896
"2021-07-01","Headline PCE",4.383331
"2021-08-01","Headline PCE",4.509393
"2021-09-01","Headline PCE",4.655568
"2021-10-01","Headline PCE",5.277173
"2021-11-01","Headline PCE",5.868438
"2021-12-01","Headline PCE",6.044523
"2022-01-01","Headline PCE",6.234856
"2022-02-01","Headline PCE",6.50971
"2022-03-01","Headline PCE",6.920266
"2022-04-01","Headline PCE",6.633939
"2022-05-01","Headline PCE",6.784554
"2022-06-01","Headline PCE",7.218316
"2022-07-01","Headline PCE",6.85953
"2022-08-01","Headline PCE",6.683455
"2022-09-01","Headline PCE",6.693164
"2022-10-01","Headline PCE",6.505872
"2022-11-01","Headline PCE",6.089649
"2022-12-01","Headline PCE",5.606309
"2023-01-01","Headline PCE",5.555654
"2023-02-01","Headline PCE",5.199788
"2023-03-01","Headline PCE",4.491151
"2023-04-01","Headline PCE",4.532296
"2023-05-01","Headline PCE",4.097018
"2023-06-01","Headline PCE",3.345578
"2023-07-01","Headline PCE",3.361337
"2023-08-01","Headline PCE",3.438131
"2023-09-01","Headline PCE",3.491693
"2023-10-01","Headline PCE",3.100032
"2023-11-01","Headline PCE",2.888658
"2023-12-01","Headline PCE",2.862163
"2024-01-01","Headline PCE",2.74765
"2024-02-01","Headline PCE",2.807194
"2024-03-01","Headline PCE",2.951557
"2024-04-01","Headline PCE",2.83853
"2024-05-01","Headline PCE",2.697101
"2024-06-01","Headline PCE",2.569554
"2024-07-01","Headline PCE",2.595981
"2024-08-01","Headline PCE",2.436665
"2024-09-01","Headline PCE",2.259417
"2024-10-01","Headline PCE",2.406279
"2024-11-01","Headline PCE",2.491039
"2024-12-01","Headline PCE",2.647832
"2025-01-01","Headline PCE",2.63244
"2025-02-01","Headline PCE",2.574768
"2025-03-01","Headline PCE",2.255205
"2025-04-01","Headline PCE",2.331108
"2025-05-01","Headline PCE",2.463342
"2025-06-01","Headline PCE",2.612061
"2025-07-01","Headline PCE",2.590925
"2025-08-01","Headline PCE",2.694304
"2025-09-01","Headline PCE",2.783014
"2025-10-01","Headline PCE",2.657412
"2025-11-01","Headline PCE",2.710442
"2025-12-01","Headline PCE",2.777155
"2026-01-01","Headline PCE",2.728367
"2026-02-01","Headline PCE",2.801145
"2026-03-01","Headline PCE",3.365404
"2026-04-01","Headline PCE",3.573948
"2026-05-01","Headline PCE",3.823334
"2026-06-01","Headline PCE",3.45301
"2026-07-01","Headline PCE",3.361543
"2026-08-01","Headline PCE",3.419032
"1960-01-01","Core PCE",2.070834
"1960-02-01","Core PCE",2.185264
"1960-03-01","Core PCE",2.073273
"1960-04-01","Core PCE",2.003854
"1960-05-01","Core PCE",2.046315
"1960-06-01","Core PCE",1.803646
"1960-07-01","Core PCE",1.74196
"1960-08-01","Core PCE",1.726445
"1960-09-01","Core PCE",1.544034
"1960-10-01","Core PCE",1.427212
"1960-11-01","Core PCE",1.513233
"1960-12-01","Core PCE",1.327601
"1961-01-01","Core PCE",1.327266
"1961-02-01","Core PCE",1.236437
"1961-03-01","Core PCE",1.261591
"1961-04-01","Core PCE",1.215212
"1961-05-01","Core PCE",1.181795
"1961-06-01","Core PCE",1.275366
"1961-07-01","Core PCE",1.254312
"1961-08-01","Core PCE",1.21493
"1961-09-01","Core PCE",1.332833
"1961-10-01","Core PCE",1.307067
"1961-11-01","Core PCE",1.054076
"1961-12-01","Core PCE",1.172947
"1962-01-01","Core PCE",1.266218
"1962-02-01","Core PCE",1.3335
"1962-03-01","Core PCE",1.538653
"1962-04-01","Core PCE",1.418351
"1962-05-01","Core PCE",1.428926
"1962-06-01","Core PCE",1.46402
"1962-07-01","Core PCE",1.39362
"1962-08-01","Core PCE",1.299344
"1962-09-01","Core PCE",1.296777
"1962-10-01","Core PCE",1.259337
"1962-11-01","Core PCE",1.314653
"1962-12-01","Core PCE",1.258017
"1963-01-01","Core PCE",1.330459
"1963-02-01","Core PCE",1.279055
"1963-03-01","Core PCE",1.104294
"1963-04-01","Core PCE",1.208367
"1963-05-01","Core PCE",1.249541
"1963-06-01","Core PCE",1.235021
"1963-07-01","Core PCE",1.240073
"1963-08-01","Core PCE",1.319326
"1963-09-01","Core PCE",1.30456
"1963-10-01","Core PCE",1.536304
"1963-11-01","Core PCE",1.553457
"1963-12-01","Core PCE",1.668697
"1964-01-01","Core PCE",1.616923
"1964-02-01","Core PCE",1.693989
"1964-03-01","Core PCE",1.729369
"1964-04-01","Core PCE",1.69697
"1964-05-01","Core PCE",1.597096
"1964-06-01","Core PCE",1.497765
"1964-07-01","Core PCE",1.508478
"1964-08-01","Core PCE",1.549313
"1964-09-01","Core PCE",1.408112
"1964-10-01","Core PCE",1.224857
"1964-11-01","Core PCE",1.277744
"1964-12-01","Core PCE",1.275908
"1965-01-01","Core PCE",1.274152
"1965-02-01","Core PCE",1.200072
"1965-03-01","Core PCE",1.163137
"1965-04-01","Core PCE",1.191895
"1965-05-01","Core PCE",1.292128
"1965-06-01","Core PCE",1.196001
"1965-07-01","Core PCE",1.194793
"1965-08-01","Core PCE",1.252597
"1965-09-01","Core PCE",1.329219
"1965-10-01","Core PCE",1.251557
"1965-11-01","Core PCE",1.297163
"1965-12-01","Core PCE",1.460933
"1966-01-01","Core PCE",1.352628
"1966-02-01","Core PCE",1.480826
"1966-03-01","Core PCE",1.550708
"1966-04-01","Core PCE",1.796231
"1966-05-01","Core PCE",1.881136
"1966-06-01","Core PCE",2.234374
"1966-07-01","Core PCE",2.431861
"1966-08-01","Core PCE",2.427298
"1966-09-01","Core PCE",2.623565
"1966-10-01","Core PCE",2.993556
"1966-11-01","Core PCE",3.058122
"1966-12-01","Core PCE",3.060511
"1967-01-01","Core PCE",3.123725
"1967-02-01","Core PCE",3.057962
"1967-03-01","Core PCE",3.083087
"1967-04-01","Core PCE",2.996818
"1967-05-01","Core PCE",2.948474
"1967-06-01","Core PCE",2.875712
"1967-07-01","Core PCE",2.924647
"1967-08-01","Core PCE",3.050944
"1967-09-01","Core PCE",3.098608
"1967-10-01","Core PCE",3.145441
"1967-11-01","Core PCE",3.217021
"1967-12-01","Core PCE",3.156287
"1968-01-01","Core PCE",3.520769
"1968-02-01","Core PCE",3.779545
"1968-03-01","Core PCE",4.032894
"1968-04-01","Core PCE",4.128518
"1968-05-01","Core PCE",4.293241
"1968-06-01","Core PCE",4.438978
"1968-07-01","Core PCE",4.429463
"1968-08-01","Core PCE",4.515914
"1968-09-01","Core PCE",4.566336
"1968-10-01","Core PCE",4.60461
"1968-11-01","Core PCE",4.666887
"1968-12-01","Core PCE",4.721171
"1969-01-01","Core PCE",4.651163
"1969-02-01","Core PCE",4.560526
"1969-03-01","Core PCE",4.634543
"1969-04-01","Core PCE",4.649908
"1969-05-01","Core PCE",4.675408
"1969-06-01","Core PCE",4.62502
"1969-07-01","Core PCE",4.764445
"1969-08-01","Core PCE",4.650298
"1969-09-01","Core PCE",4.64747
"1969-10-01","Core PCE",4.670779
"1969-11-01","Core PCE",4.674124
"1969-12-01","Core PCE",4.749188
"1970-01-01","Core PCE",4.700052
"1970-02-01","Core PCE",4.74111
"1970-03-01","Core PCE",4.641416
"1970-04-01","Core PCE",4.654639
"1970-05-01","Core PCE",4.605196
"1970-06-01","Core PCE",4.620107
"1970-07-01","Core PCE",4.532491
"1970-08-01","Core PCE",4.601087
"1970-09-01","Core PCE",4.618108
"1970-10-01","Core PCE",4.683959
"1970-11-01","Core PCE",4.821635
"1970-12-01","Core PCE",4.95876
"1971-01-01","Core PCE",5.027154
"1971-02-01","Core PCE",5.022831
"1971-03-01","Core PCE",4.969589
"1971-04-01","Core PCE",4.945082
"1971-05-01","Core PCE",5.030675
"1971-06-01","Core PCE",5.071401
"1971-07-01","Core PCE",5.071616
"1971-08-01","Core PCE",4.855076
"1971-09-01","Core PCE",4.593144
"1971-10-01","Core PCE",4.243445
"1971-11-01","Core PCE",3.944093
"1971-12-01","Core PCE",3.748154
"1972-01-01","Core PCE",3.780835
"1972-02-01","Core PCE",3.667297
"1972-03-01","Core PCE",3.53778
"1972-04-01","Core PCE",3.393251
"1972-05-01","Core PCE",3.182243
"1972-06-01","Core PCE",2.983477
"1972-07-01","Core PCE",2.884036
"1972-08-01","Core PCE",2.958744
"1972-09-01","Core PCE",3.129478
"1972-10-01","Core PCE",3.027646
"1972-11-01","Core PCE",3.066863
"1972-12-01","Core PCE",3.052699
"1973-01-01","Core PCE",2.678612
"1973-02-01","Core PCE",2.726112
"1973-03-01","Core PCE",2.939169
"1973-04-01","Core PCE",3.295506
"1973-05-01","Core PCE",3.455459
"1973-06-01","Core PCE",3.692488
"1973-07-01","Core PCE",3.83974
"1973-08-01","Core PCE",4.101457
"1973-09-01","Core PCE",4.280592
"1973-10-01","Core PCE",4.623035
"1973-11-01","Core PCE",4.852113
"1973-12-01","Core PCE",5.118268
"1974-01-01","Core PCE",5.569158
"1974-02-01","Core PCE",5.90663
"1974-03-01","Core PCE",6.302762
"1974-04-01","Core PCE",6.481807
"1974-05-01","Core PCE",7.091578
"1974-06-01","Core PCE",7.723489
"1974-07-01","Core PCE",8.215789
"1974-08-01","Core PCE",8.752376
"1974-09-01","Core PCE",9.176875
"1974-10-01","Core PCE",9.608221
"1974-11-01","Core PCE",9.87728
"1974-12-01","Core PCE",10.043224
"1975-01-01","Core PCE",10.141688
"1975-02-01","Core PCE",10.219987
"1975-03-01","Core PCE",9.937217
"1975-04-01","Core PCE",9.652924
"1975-05-01","Core PCE",9.070471
"1975-06-01","Core PCE",8.488772
"1975-07-01","Core PCE",8.197642
"1975-08-01","Core PCE",7.535553
"1975-09-01","Core PCE",7.15748
"1975-10-01","Core PCE",6.855737
"1975-11-01","Core PCE",6.78275
"1975-12-01","Core PCE",6.677449
"1976-01-01","Core PCE",6.604388
"1976-02-01","Core PCE",6.276612
"1976-03-01","Core PCE",6.0739
"1976-04-01","Core PCE",5.972902
"1976-05-01","Core PCE",6.022561
"1976-06-01","Core PCE",5.937418
"1976-07-01","Core PCE",5.867744
"1976-08-01","Core PCE",6.113553
"1976-09-01","Core PCE",6.15769
"1976-10-01","Core PCE",6.149009
"1976-11-01","Core PCE",5.930634
"1976-12-01","Core PCE",5.862393
"1977-01-01","Core PCE",5.965379
"1977-02-01","Core PCE",6.192094
"1977-03-01","Core PCE",6.293008
"1977-04-01","Core PCE",6.39983
"1977-05-01","Core PCE",6.440438
"1977-06-01","Core PCE",6.643197
"1977-07-01","Core PCE",6.715451
"1977-08-01","Core PCE",6.624661
"1977-09-01","Core PCE",6.451166
"1977-10-01","Core PCE",6.443725
"1977-11-01","Core PCE",6.51056
"1977-12-01","Core PCE",6.482302
"1978-01-01","Core PCE",6.47009
"1978-02-01","Core PCE",6.228525
"1978-03-01","Core PCE",6.353146
"1978-04-01","Core PCE",6.515571
"1978-05-01","Core PCE",6.598698
"1978-06-01","Core PCE",6.556186
"1978-07-01","Core PCE",6.525805
"1978-08-01","Core PCE",6.572203
"1978-09-01","Core PCE",6.736459
"1978-10-01","Core PCE",7.00165
"1978-11-01","Core PCE",7.02353
"1978-12-01","Core PCE",6.88827
"1979-01-01","Core PCE",6.796333
"1979-02-01","Core PCE",6.735373
"1979-03-01","Core PCE",6.768435
"1979-04-01","Core PCE",7.063395
"1979-05-01","Core PCE",7.3616
"1979-06-01","Core PCE",7.364149
"1979-07-01","Core PCE",7.271775
"1979-08-01","Core PCE",7.407634
"1979-09-01","Core PCE",7.52056
"1979-10-01","Core PCE",7.51716
"1979-11-01","Core PCE",7.624289
"1979-12-01","Core PCE",7.978309
"1980-01-01","Core PCE",8.244657
"1980-02-01","Core PCE",8.966398
"1980-03-01","Core PCE",9.349521
"1980-04-01","Core PCE",8.903849
"1980-05-01","Core PCE",8.835819
"1980-06-01","Core PCE",8.948204
"1980-07-01","Core PCE",9.164776
"1980-08-01","Core PCE",9.229892
"1980-09-01","Core PCE",9.513017
"1980-10-01","Core PCE",9.612734
"1980-11-01","Core PCE",9.775319
"1980-12-01","Core PCE",9.647346
"1981-01-01","Core PCE",9.76456
"1981-02-01","Core PCE",9.474603
"1981-03-01","Core PCE",9.071508
"1981-04-01","Core PCE",9.207945
"1981-05-01","Core PCE",9.080972
"1981-06-01","Core PCE",8.901896
"1981-07-01","Core PCE",8.79514
"1981-08-01","Core PCE",8.737205
"1981-09-01","Core PCE",8.427969
"1981-10-01","Core PCE",8.184734
"1981-11-01","Core PCE",7.96548
"1981-12-01","Core PCE",7.718002
"1982-01-01","Core PCE",7.445874
"1982-02-01","Core PCE",7.078103
"1982-03-01","Core PCE",6.952322
"1982-04-01","Core PCE",6.694066
"1982-05-01","Core PCE",6.540708
"1982-06-01","Core PCE",6.544738
"1982-07-01","Core PCE",6.59253
"1982-08-01","Core PCE",6.370972
"1982-09-01","Core PCE",6.069426
"1982-10-01","Core PCE",6.109332
"1982-11-01","Core PCE",5.882908
"1982-12-01","Core PCE",5.828322
"1983-01-01","Core PCE",5.902543
"1983-02-01","Core PCE",5.886868
"1983-03-01","Core PCE",5.560187
"1983-04-01","Core PCE",5.462136
"1983-05-01","Core PCE",5.042557
"1983-06-01","Core PCE",5.005935
"1983-07-01","Core PCE",5.032659
"1983-08-01","Core PCE",5.090868
"1983-09-01","Core PCE",5.126071
"1983-10-01","Core PCE",4.64898
"1983-11-01","Core PCE",4.507193
"1983-12-01","Core PCE",4.253147
"1984-01-01","Core PCE",3.889146
"1984-02-01","Core PCE",4.158155
"1984-03-01","Core PCE",4.420508
"1984-04-01","Core PCE",4.595263
"1984-05-01","Core PCE",4.68692
"1984-06-01","Core PCE",4.445556
"1984-07-01","Core PCE",4.193388
"1984-08-01","Core PCE",4
"1984-09-01","Core PCE",3.739997
"1984-10-01","Core PCE",3.788898
"1984-11-01","Core PCE",3.767313
"1984-12-01","Core PCE",4.100926
"1985-01-01","Core PCE",4.337769
"1985-02-01","Core PCE",4.222025
"1985-03-01","Core PCE",4.191353
"1985-04-01","Core PCE",3.826691
"1985-05-01","Core PCE",3.943004
"1985-06-01","Core PCE",4.04196
"1985-07-01","Core PCE",3.898203
"1985-08-01","Core PCE",4.065108
"1985-09-01","Core PCE",4.120777
"1985-10-01","Core PCE",4.053915
"1985-11-01","Core PCE",4.088464
"1985-12-01","Core PCE",3.959829
"1986-01-01","Core PCE",3.937761
"1986-02-01","Core PCE",3.668555
"1986-03-01","Core PCE",3.621479
"1986-04-01","Core PCE",3.685652
"1986-05-01","Core PCE",3.506413
"1986-06-01","Core PCE",3.474834
"1986-07-01","Core PCE",3.360993
"1986-08-01","Core PCE",3.066693
"1986-09-01","Core PCE",3.193091
"1986-10-01","Core PCE",3.377831
"1986-11-01","Core PCE",3.343921
"1986-12-01","Core PCE",3.19712
"1987-01-01","Core PCE",2.890354
"1987-02-01","Core PCE",2.834111
"1987-03-01","Core PCE",2.825507
"1987-04-01","Core PCE",3.074861
"1987-05-01","Core PCE",3.1879
"1987-06-01","Core PCE",3.160947
"1987-07-01","Core PCE",3.240124
"1987-08-01","Core PCE",3.377949
"1987-09-01","Core PCE",3.447482
"1987-10-01","Core PCE",3.537199
"1987-11-01","Core PCE",3.533522
"1987-12-01","Core PCE",3.61664
"1988-01-01","Core PCE",3.857127
"1988-02-01","Core PCE",3.858783
"1988-03-01","Core PCE",3.995004
"1988-04-01","Core PCE",4.059173
"1988-05-01","Core PCE",4.121096
"1988-06-01","Core PCE",4.274738
"1988-07-01","Core PCE",4.430072
"1988-08-01","Core PCE",4.336892
"1988-09-01","Core PCE",4.481185
"1988-10-01","Core PCE",4.432578
"1988-11-01","Core PCE",4.500784
"1988-12-01","Core PCE",4.6275
"1989-01-01","Core PCE",4.662491
"1989-02-01","Core PCE",4.713257
"1989-03-01","Core PCE",4.578541
"1989-04-01","Core PCE",4.422391
"1989-05-01","Core PCE",4.378508
"1989-06-01","Core PCE",4.216315
"1989-07-01","Core PCE",4.059569
"1989-08-01","Core PCE",3.945935
"1989-09-01","Core PCE",3.750866
"1989-10-01","Core PCE",3.733126
"1989-11-01","Core PCE",3.724681
"1989-12-01","Core PCE",3.675436
"1990-01-01","Core PCE",3.550182
"1990-02-01","Core PCE",3.789029
"1990-03-01","Core PCE",3.977866
"1990-04-01","Core PCE",3.938537
"1990-05-01","Core PCE",3.945844
"1990-06-01","Core PCE",4.073327
"1990-07-01","Core PCE",4.068047
"1990-08-01","Core PCE",4.356116
"1990-09-01","Core PCE",4.358171
"1990-10-01","Core PCE",4.333885
"1990-11-01","Core PCE",4.182898
"1990-12-01","Core PCE",4.031957
"1991-01-01","Core PCE",4.149981
"1991-02-01","Core PCE",3.933208
"1991-03-01","Core PCE",3.651638
"1991-04-01","Core PCE",3.550691
"1991-05-01","Core PCE",3.646345
"1991-06-01","Core PCE",3.46816
"1991-07-01","Core PCE",3.522256
"1991-08-01","Core PCE",3.375965
"1991-09-01","Core PCE",3.428197
"1991-10-01","Core PCE",3.305434
"1991-11-01","Core PCE",3.373282
"1991-12-01","Core PCE",3.484372
"1992-01-01","Core PCE",3.251294
"1992-02-01","Core PCE",3.247205
"1992-03-01","Core PCE",3.288879
"1992-04-01","Core PCE",3.420883
"1992-05-01","Core PCE",3.155344
"1992-06-01","Core PCE",3.012396
"1992-07-01","Core PCE",3.087878
"1992-08-01","Core PCE",2.899497
"1992-09-01","Core PCE",2.656411
"1992-10-01","Core PCE",2.824635
"1992-11-01","Core PCE",2.857278
"1992-12-01","Core PCE",2.795109
"1993-01-01","Core PCE",2.814224
"1993-02-01","Core PCE",2.731376
"1993-03-01","Core PCE",2.699576
"1993-04-01","Core PCE",2.661141
"1993-05-01","Core PCE",2.864344
"1993-06-01","Core PCE",2.882328
"1993-07-01","Core PCE",2.707307
"1993-08-01","Core PCE",2.805416
"1993-09-01","Core PCE",2.793141
"1993-10-01","Core PCE",2.566983
"1993-11-01","Core PCE",2.607454
"1993-12-01","Core PCE",2.463137
"1994-01-01","Core PCE",2.246607
"1994-02-01","Core PCE",2.272831
"1994-03-01","Core PCE",2.39726
"1994-04-01","Core PCE",2.253722
"1994-05-01","Core PCE",2.135705
"1994-06-01","Core PCE",2.265137
"1994-07-01","Core PCE",2.267998
"1994-08-01","Core PCE",2.191517
"1994-09-01","Core PCE",2.192732
"1994-10-01","Core PCE",2.265668
"1994-11-01","Core PCE",2.189497
"1994-12-01","Core PCE",2.178043
"1995-01-01","Core PCE",2.3512
"1995-02-01","Core PCE",2.296896
"1995-03-01","Core PCE",2.199926
"1995-04-01","Core PCE",2.284196
"1995-05-01","Core PCE",2.230252
"1995-06-01","Core PCE",2.092322
"1995-07-01","Core PCE",2.039282
"1995-08-01","Core PCE",2.169558
"1995-09-01","Core PCE",2.148624
"1995-10-01","Core PCE",2.156785
"1995-11-01","Core PCE",2.035676
"1995-12-01","Core PCE",2.144792
"1996-01-01","Core PCE",2.006572
"1996-02-01","Core PCE",1.972677
"1996-03-01","Core PCE",1.95913
"1996-04-01","Core PCE",1.860263
"1996-05-01","Core PCE",1.864353
"1996-06-01","Core PCE",1.85405
"1996-07-01","Core PCE",1.884366
"1996-08-01","Core PCE",1.728488
"1996-09-01","Core PCE",1.903308
"1996-10-01","Core PCE",1.897253
"1996-11-01","Core PCE",1.964921
"1996-12-01","Core PCE",1.860398
"1997-01-01","Core PCE",1.853999
"1997-02-01","Core PCE",1.930226
"1997-03-01","Core PCE",1.937177
"1997-04-01","Core PCE",1.998661
"1997-05-01","Core PCE",1.895647
"1997-06-01","Core PCE",1.968084
"1997-07-01","Core PCE",1.846678
"1997-08-01","Core PCE",1.717541
"1997-09-01","Core PCE",1.620514
"1997-10-01","Core PCE",1.533518
"1997-11-01","Core PCE",1.431568
"1997-12-01","Core PCE",1.45213
"1998-01-01","Core PCE",1.49837
"1998-02-01","Core PCE",1.377472
"1998-03-01","Core PCE",1.244053
"1998-04-01","Core PCE",1.231844
"1998-05-01","Core PCE",1.256071
"1998-06-01","Core PCE",0.979682
"1998-07-01","Core PCE",1.19487
"1998-08-01","Core PCE",1.433587
"1998-09-01","Core PCE",1.206779
"1998-10-01","Core PCE",1.250764
"1998-11-01","Core PCE",1.237892
"1998-12-01","Core PCE",1.353675
"1999-01-01","Core PCE",1.343304
"1999-02-01","Core PCE",1.221773
"1999-03-01","Core PCE",1.144453
"1999-04-01","Core PCE",1.218233
"1999-05-01","Core PCE",1.217058
"1999-06-01","Core PCE",1.397993
"1999-07-01","Core PCE",1.294984
"1999-08-01","Core PCE",1.146868
"1999-09-01","Core PCE",1.431417
"1999-10-01","Core PCE",1.406693
"1999-11-01","Core PCE",1.485949
"1999-12-01","Core PCE",1.439597
"2000-01-01","Core PCE",1.538672
"2000-02-01","Core PCE",1.72237
"2000-03-01","Core PCE",1.90087
"2000-04-01","Core PCE",1.706536
"2000-05-01","Core PCE",1.718527
"2000-06-01","Core PCE",1.742113
"2000-07-01","Core PCE",1.791973
"2000-08-01","Core PCE",1.872573
"2000-09-01","Core PCE",1.850021
"2000-10-01","Core PCE",1.818477
"2000-11-01","Core PCE",1.900478
"2000-12-01","Core PCE",1.871088
"2001-01-01","Core PCE",2.005222
"2001-02-01","Core PCE",2.03588
"2001-03-01","Core PCE",1.932464
"2001-04-01","Core PCE",2.027688
"2001-05-01","Core PCE",1.942514
"2001-06-01","Core PCE",2.092196
"2001-07-01","Core PCE",2.122122
"2001-08-01","Core PCE",2.042095
"2001-09-01","Core PCE",1.216707
"2001-10-01","Core PCE",1.787327
"2001-11-01","Core PCE",1.814663
"2001-12-01","Core PCE",1.738727
"2002-01-01","Core PCE",1.418281
"2002-02-01","Core PCE",1.432899
"2002-03-01","Core PCE",1.448513
"2002-04-01","Core PCE",1.569683
"2002-05-01","Core PCE",1.658612
"2002-06-01","Core PCE",1.593333
"2002-07-01","Core PCE",1.53826
"2002-08-01","Core PCE",1.68772
"2002-09-01","Core PCE",2.435692
"2002-10-01","Core PCE",1.805516
"2002-11-01","Core PCE",1.697696
"2002-12-01","Core PCE",1.768886
"2003-01-01","Core PCE",1.780906
"2003-02-01","Core PCE",1.726869
"2003-03-01","Core PCE",1.768902
"2003-04-01","Core PCE",1.598448
"2003-05-01","Core PCE",1.631551
"2003-06-01","Core PCE",1.527072
"2003-07-01","Core PCE",1.574165
"2003-08-01","Core PCE",1.488856
"2003-09-01","Core PCE",1.464628
"2003-10-01","Core PCE",1.565904
"2003-11-01","Core PCE",1.605346
"2003-12-01","Core PCE",1.637101
"2004-01-01","Core PCE",1.828988
"2004-02-01","Core PCE",1.85327
"2004-03-01","Core PCE",1.860489
"2004-04-01","Core PCE",2.012449
"2004-05-01","Core PCE",2.005745
"2004-06-01","Core PCE",2.110064
"2004-07-01","Core PCE",1.975543
"2004-08-01","Core PCE",1.899904
"2004-09-01","Core PCE",1.949086
"2004-10-01","Core PCE",1.982084
"2004-11-01","Core PCE",2.062544
"2004-12-01","Core PCE",2.066267
"2005-01-01","Core PCE",2.17143
"2005-02-01","Core PCE",2.175439
"2005-03-01","Core PCE",2.255611
"2005-04-01","Core PCE",2.107509
"2005-05-01","Core PCE",2.176893
"2005-06-01","Core PCE",2.086366
"2005-07-01","Core PCE",2.114969
"2005-08-01","Core PCE",2.158872
"2005-09-01","Core PCE",2.193265
"2005-10-01","Core PCE",2.26522
"2005-11-01","Core PCE",2.30603
"2005-12-01","Core PCE",2.280881
"2006-01-01","Core PCE",2.14248
"2006-02-01","Core PCE",2.137706
"2006-03-01","Core PCE",2.167929
"2006-04-01","Core PCE",2.362185
"2006-05-01","Core PCE",2.408566
"2006-06-01","Core PCE",2.595788
"2006-07-01","Core PCE",2.545755
"2006-08-01","Core PCE",2.671352
"2006-09-01","Core PCE",2.606005
"2006-10-01","Core PCE",2.496915
"2006-11-01","Core PCE",2.284218
"2006-12-01","Core PCE",2.315602
"2007-01-01","Core PCE",2.500451
"2007-02-01","Core PCE",2.556467
"2007-03-01","Core PCE",2.376989
"2007-04-01","Core PCE",2.210974
"2007-05-01","Core PCE",2.075642
"2007-06-01","Core PCE",1.987266
"2007-07-01","Core PCE",2.041107
"2007-08-01","Core PCE",1.984841
"2007-09-01","Core PCE",2.102326
"2007-10-01","Core PCE",2.183509
"2007-11-01","Core PCE",2.335842
"2007-12-01","Core PCE",2.403393
"2008-01-01","Core PCE",2.193044
"2008-02-01","Core PCE",2.072405
"2008-03-01","Core PCE",2.169743
"2008-04-01","Core PCE",2.083723
"2008-05-01","Core PCE",2.148932
"2008-06-01","Core PCE",2.214095
"2008-07-01","Core PCE",2.244499
"2008-08-01","Core PCE",2.217939
"2008-09-01","Core PCE",2.043983
"2008-10-01","Core PCE",1.634402
"2008-11-01","Core PCE",1.390266
"2008-12-01","Core PCE",1.137828
"2009-01-01","Core PCE",0.905928
"2009-02-01","Core PCE",0.887839
"2009-03-01","Core PCE",0.762459
"2009-04-01","Core PCE",0.927918
"2009-05-01","Core PCE",0.822303
"2009-06-01","Core PCE",0.720146
"2009-07-01","Core PCE",0.625583
"2009-08-01","Core PCE",0.650944
"2009-09-01","Core PCE",0.72518
"2009-10-01","Core PCE",1.2399
"2009-11-01","Core PCE",1.373476
"2009-12-01","Core PCE",1.509516
"2010-01-01","Core PCE",1.690904
"2010-02-01","Core PCE",1.698654
"2010-03-01","Core PCE",1.77697
"2010-04-01","Core PCE",1.602975
"2010-05-01","Core PCE",1.636856
"2010-06-01","Core PCE",1.555571
"2010-07-01","Core PCE",1.470588
"2010-08-01","Core PCE",1.417623
"2010-09-01","Core PCE",1.296828
"2010-10-01","Core PCE",1.078781
"2010-11-01","Core PCE",1.121579
"2010-12-01","Core PCE",1.056748
"2011-01-01","Core PCE",1.123445
"2011-02-01","Core PCE",1.211904
"2011-03-01","Core PCE",1.21457
"2011-04-01","Core PCE",1.3947
"2011-05-01","Core PCE",1.523561
"2011-06-01","Core PCE",1.586329
"2011-07-01","Core PCE",1.734452
"2011-08-01","Core PCE",1.839631
"2011-09-01","Core PCE",1.850822
"2011-10-01","Core PCE",1.744722
"2011-11-01","Core PCE",1.827862
"2011-12-01","Core PCE",1.974961
"2012-01-01","Core PCE",2.061479
"2012-02-01","Core PCE",2.025848
"2012-03-01","Core PCE",2.044845
"2012-04-01","Core PCE",1.965337
"2012-05-01","Core PCE",1.826745
"2012-06-01","Core PCE",1.819258
"2012-07-01","Core PCE",1.773865
"2012-08-01","Core PCE",1.635923
"2012-09-01","Core PCE",1.691602
"2012-10-01","Core PCE",1.889449
"2012-11-01","Core PCE",1.783069
"2012-12-01","Core PCE",1.689865
"2013-01-01","Core PCE",1.591587
"2013-02-01","Core PCE",1.560132
"2013-03-01","Core PCE",1.480745
"2013-04-01","Core PCE",1.377063
"2013-05-01","Core PCE",1.392917
"2013-06-01","Core PCE",1.463651
"2013-07-01","Core PCE",1.487961
"2013-08-01","Core PCE",1.533251
"2013-09-01","Core PCE",1.529226
"2013-10-01","Core PCE",1.454818
"2013-11-01","Core PCE",1.51426
"2013-12-01","Core PCE",1.547362
"2014-01-01","Core PCE",1.452462
"2014-02-01","Core PCE",1.390118
"2014-03-01","Core PCE",1.447423
"2014-04-01","Core PCE",1.571266
"2014-05-01","Core PCE",1.623656
"2014-06-01","Core PCE",1.563545
"2014-07-01","Core PCE",1.610321
"2014-08-01","Core PCE",1.539749
"2014-09-01","Core PCE",1.554848
"2014-10-01","Core PCE",1.470914
"2014-11-01","Core PCE",1.392579
"2014-12-01","Core PCE",1.356346
"2015-01-01","Core PCE",1.209711
"2015-02-01","Core PCE",1.277482
"2015-03-01","Core PCE",1.28084
"2015-04-01","Core PCE",1.294373
"2015-05-01","Core PCE",1.247201
"2015-06-01","Core PCE",1.254154
"2015-07-01","Core PCE",1.17895
"2015-08-01","Core PCE",1.221255
"2015-09-01","Core PCE",1.232125
"2015-10-01","Core PCE",1.177989
"2015-11-01","Core PCE",1.196702
"2015-12-01","Core PCE",1.191701
"2016-01-01","Core PCE",1.40624
"2016-02-01","Core PCE",1.465886
"2016-03-01","Core PCE",1.457448
"2016-04-01","Core PCE",1.519949
"2016-05-01","Core PCE",1.568733
"2016-06-01","Core PCE",1.552404
"2016-07-01","Core PCE",1.599332
"2016-08-01","Core PCE",1.696958
"2016-09-01","Core PCE",1.685255
"2016-10-01","Core PCE",1.782408
"2016-11-01","Core PCE",1.718859
"2016-12-01","Core PCE",1.770093
"2017-01-01","Core PCE",1.863335
"2017-02-01","Core PCE",1.867275
"2017-03-01","Core PCE",1.678655
"2017-04-01","Core PCE",1.636821
"2017-05-01","Core PCE",1.545521
"2017-06-01","Core PCE",1.576444
"2017-07-01","Core PCE",1.503111
"2017-08-01","Core PCE",1.433594
"2017-09-01","Core PCE",1.422587
"2017-10-01","Core PCE",1.541011
"2017-11-01","Core PCE",1.545376
"2017-12-01","Core PCE",1.576877
"2018-01-01","Core PCE",1.632037
"2018-02-01","Core PCE",1.644218
"2018-03-01","Core PCE",1.909183
"2018-04-01","Core PCE",1.884219
"2018-05-01","Core PCE",1.980902
"2018-06-01","Core PCE",1.93622
"2018-07-01","Core PCE",1.9958
"2018-08-01","Core PCE",1.895763
"2018-09-01","Core PCE",1.960295
"2018-10-01","Core PCE",1.870907
"2018-11-01","Core PCE",2.010245
"2018-12-01","Core PCE",2.03808
"2019-01-01","Core PCE",1.844427
"2019-02-01","Core PCE",1.744106
"2019-03-01","Core PCE",1.616068
"2019-04-01","Core PCE",1.636779
"2019-05-01","Core PCE",1.563175
"2019-06-01","Core PCE",1.656981
"2019-07-01","Core PCE",1.639119
"2019-08-01","Core PCE",1.745805
"2019-09-01","Core PCE",1.632014
"2019-10-01","Core PCE",1.623586
"2019-11-01","Core PCE",1.497718
"2019-12-01","Core PCE",1.544751
"2020-01-01","Core PCE",1.591329
"2020-02-01","Core PCE",1.697697
"2020-03-01","Core PCE",1.527295
"2020-04-01","Core PCE",0.995497
"2020-05-01","Core PCE",0.997378
"2020-06-01","Core PCE",0.970452
"2020-07-01","Core PCE",1.214337
"2020-08-01","Core PCE",1.393104
"2020-09-01","Core PCE",1.479692
"2020-10-01","Core PCE",1.421733
"2020-11-01","Core PCE",1.453522
"2020-12-01","Core PCE",1.50879
"2021-01-01","Core PCE",1.589367
"2021-02-01","Core PCE",1.646436
"2021-03-01","Core PCE",2.134146
"2021-04-01","Core PCE",3.068279
"2021-05-01","Core PCE",3.435758
"2021-06-01","Core PCE",3.784249
"2021-07-01","Core PCE",3.844211
"2021-08-01","Core PCE",3.892895
"2021-09-01","Core PCE",3.925624
"2021-10-01","Core PCE",4.371274
"2021-11-01","Core PCE",4.797121
"2021-12-01","Core PCE",5.084234
"2022-01-01","Core PCE",5.325522
"2022-02-01","Core PCE",5.568657
"2022-03-01","Core PCE",5.560286
"2022-04-01","Core PCE",5.288716
"2022-05-01","Core PCE",5.169045
"2022-06-01","Core PCE",5.299386
"2022-07-01","Core PCE",5.21882
"2022-08-01","Core PCE",5.403329
"2022-09-01","Core PCE",5.64045
"2022-10-01","Core PCE",5.509494
"2022-11-01","Core PCE",5.285034
"2022-12-01","Core PCE",5.070992
"2023-01-01","Core PCE",5.001699
"2023-02-01","Core PCE",4.861964
"2023-03-01","Core PCE",4.864946
"2023-04-01","Core PCE",4.853417
"2023-05-01","Core PCE",4.833981
"2023-06-01","Core PCE",4.442869
"2023-07-01","Core PCE",4.236076
"2023-08-01","Core PCE",3.830001
"2023-09-01","Core PCE",3.738108
"2023-10-01","Core PCE",3.558949
"2023-11-01","Core PCE",3.437178
"2023-12-01","Core PCE",3.225199
"2024-01-01","Core PCE",3.22446
"2024-02-01","Core PCE",3.178443
"2024-03-01","Core PCE",3.145526
"2024-04-01","Core PCE",3.017586
"2024-05-01","Core PCE",2.809484
"2024-06-01","Core PCE",2.779221
"2024-07-01","Core PCE",2.808852
"2024-08-01","Core PCE",2.902342
"2024-09-01","Core PCE",2.839579
"2024-10-01","Core PCE",2.90473
"2024-11-01","Core PCE",2.874093
"2024-12-01","Core PCE",2.90321
"2025-01-01","Core PCE",2.811858
"2025-02-01","Core PCE",2.823065
"2025-03-01","Core PCE",2.563598
"2025-04-01","Core PCE",2.676439
"2025-05-01","Core PCE",2.787445
"2025-06-01","Core PCE",2.825536
"2025-07-01","Core PCE",2.841168
"2025-08-01","Core PCE",2.851342
"2025-09-01","Core PCE",2.817061
"2025-10-01","Core PCE",2.70482
"2025-11-01","Core PCE",2.721209
"2025-12-01","Core PCE",2.872027
"2026-01-01","Core PCE",2.93799
"2026-02-01","Core PCE",2.959153
"2026-03-01","Core PCE",3.105223
"2026-04-01","Core PCE",3.083872
"2026-05-01","Core PCE",3.16171
"2026-06-01","Core PCE",3.041234
"2026-07-01","Core PCE",2.983468
"2026-08-01","Core PCE",3.007596
"1960-02-01","Median PCE",0.732407
"1960-03-01","Median PCE",0.732407
"1960-04-01","Median PCE",0.702995
"1960-05-01","Median PCE",0.689256
"1960-06-01","Median PCE",0.443379
"1960-07-01","Median PCE",0.604347
"1960-08-01","Median PCE",0.61144
"1960-09-01","Median PCE",0.434504
"1960-10-01","Median PCE",0.422933
"1960-11-01","Median PCE",0.452231
"1960-12-01","Median PCE",0.456325
"1961-01-01","Median PCE",0.456325
"1961-02-01","Median PCE",0.456325
"1961-03-01","Median PCE",0.456325
"1961-04-01","Median PCE",0.234668
"1961-05-01","Median PCE",0.234668
"1961-06-01","Median PCE",0.234668
"1961-07-01","Median PCE",0.068056
"1961-08-01","Median PCE",0.061001
"1961-09-01","Median PCE",0.064994
"1961-10-01","Median PCE",0.064994
"1961-11-01","Median PCE",0.039008
"1961-12-01","Median PCE",0.030392
"1962-01-01","Median PCE",0.225928
"1962-02-01","Median PCE",0.243409
"1962-03-01","Median PCE",0.421252
"1962-04-01","Median PCE",0.413635
"1962-05-01","Median PCE",0.413635
"1962-06-01","Median PCE",0.413635
"1962-07-01","Median PCE",0.402527
"1962-08-01","Median PCE",0.410999
"1962-09-01","Median PCE",0.405191
"1962-10-01","Median PCE",0.405191
"1962-11-01","Median PCE",0.40198
"1962-12-01","Median PCE",0.40198
"1963-01-01","Median PCE",0.29497
"1963-02-01","Median PCE",0.281053
"1963-03-01","Median PCE",0.103458
"1963-04-01","Median PCE",0.103458
"1963-05-01","Median PCE",0.305939
"1963-06-01","Median PCE",0.305939
"1963-07-01","Median PCE",0.305939
"1963-08-01","Median PCE",0.297475
"1963-09-01","Median PCE",0.29471
"1963-10-01","Median PCE",0.487414
"1963-11-01","Median PCE",0.487414
"1963-12-01","Median PCE",0.49289
"1964-01-01","Median PCE",0.446446
"1964-02-01","Median PCE",0.475165
"1964-03-01","Median PCE",0.475165
"1964-04-01","Median PCE",0.475165
"1964-05-01","Median PCE",0.272342
"1964-06-01","Median PCE",0.272342
"1964-07-01","Median PCE",0.272342
"1964-08-01","Median PCE",0.272342
"1964-09-01","Median PCE",0.272342
"1964-10-01","Median PCE",0.080051
"1964-11-01","Median PCE",0.084754
"1964-12-01","Median PCE",0.083869
"1965-01-01","Median PCE",0.136621
"1965-02-01","Median PCE",0.106439
"1965-03-01","Median PCE",0.106439
"1965-04-01","Median PCE",0.158857
"1965-05-01","Median PCE",0.167372
"1965-06-01","Median PCE",0.176643
"1965-07-01","Median PCE",0.176643
"1965-08-01","Median PCE",0.193081
"1965-09-01","Median PCE",0.195902
"1965-10-01","Median PCE",0.198235
"1965-11-01","Median PCE",0.375002
"1965-12-01","Median PCE",0.60171
"1966-01-01","Median PCE",0.703856
"1966-02-01","Median PCE",0.927804
"1966-03-01","Median PCE",0.930641
"1966-04-01","Median PCE",1.228819
"1966-05-01","Median PCE",1.33044
"1966-06-01","Median PCE",1.52719
"1966-07-01","Median PCE",1.745203
"1966-08-01","Median PCE",1.922995
"1966-09-01","Median PCE",2.265407
"1966-10-01","Median PCE",2.6083
"1966-11-01","Median PCE",2.595365
"1966-12-01","Median PCE",2.58191
"1967-01-01","Median PCE",2.621198
"1967-02-01","Median PCE",2.660862
"1967-03-01","Median PCE",2.66252
"1967-04-01","Median PCE",2.517169
"1967-05-01","Median PCE",2.601068
"1967-06-01","Median PCE",2.68992
"1967-07-01","Median PCE",2.747689
"1967-08-01","Median PCE",2.793799
"1967-09-01","Median PCE",2.78679
"1967-10-01","Median PCE",2.761783
"1967-11-01","Median PCE",2.853736
"1967-12-01","Median PCE",2.895834
"1968-01-01","Median PCE",3.030678
"1968-02-01","Median PCE",3.143174
"1968-03-01","Median PCE",3.401898
"1968-04-01","Median PCE",3.553086
"1968-05-01","Median PCE",3.744104
"1968-06-01","Median PCE",3.823223
"1968-07-01","Median PCE",3.814913
"1968-08-01","Median PCE",3.940636
"1968-09-01","Median PCE",3.975584
"1968-10-01","Median PCE",4.035972
"1968-11-01","Median PCE",4.160419
"1968-12-01","Median PCE",4.271722
"1969-01-01","Median PCE",4.266658
"1969-02-01","Median PCE",4.143827
"1969-03-01","Median PCE",4.260314
"1969-04-01","Median PCE",4.281706
"1969-05-01","Median PCE",4.249561
"1969-06-01","Median PCE",4.238454
"1969-07-01","Median PCE",4.433336
"1969-08-01","Median PCE",4.395726
"1969-09-01","Median PCE",4.389473
"1969-10-01","Median PCE",4.377051
"1969-11-01","Median PCE",4.356455
"1969-12-01","Median PCE",4.354129
"1970-01-01","Median PCE",4.347968
"1970-02-01","Median PCE",4.445067
"1970-03-01","Median PCE",4.4633
"1970-04-01","Median PCE",4.4718
"1970-05-01","Median PCE",4.471085
"1970-06-01","Median PCE",4.46437
"1970-07-01","Median PCE",4.35809
"1970-08-01","Median PCE",4.362001
"1970-09-01","Median PCE",4.357082
"1970-10-01","Median PCE",4.391927
"1970-11-01","Median PCE",4.375356
"1970-12-01","Median PCE",4.519714
"1971-01-01","Median PCE",4.49662
"1971-02-01","Median PCE",4.414767
"1971-03-01","Median PCE",4.285868
"1971-04-01","Median PCE",4.232944
"1971-05-01","Median PCE",4.228054
"1971-06-01","Median PCE",4.211342
"1971-07-01","Median PCE",4.176605
"1971-08-01","Median PCE",4.182833
"1971-09-01","Median PCE",4.098595
"1971-10-01","Median PCE",3.748779
"1971-11-01","Median PCE",3.611418
"1971-12-01","Median PCE",3.377149
"1972-01-01","Median PCE",3.325239
"1972-02-01","Median PCE",3.321351
"1972-03-01","Median PCE",3.311317
"1972-04-01","Median PCE",3.161805
"1972-05-01","Median PCE",3.009914
"1972-06-01","Median PCE",2.894753
"1972-07-01","Median PCE",2.858261
"1972-08-01","Median PCE",2.84032
"1972-09-01","Median PCE",2.88702
"1972-10-01","Median PCE",3.074853
"1972-11-01","Median PCE",3.180772
"1972-12-01","Median PCE",3.203795
"1973-01-01","Median PCE",3.148929
"1973-02-01","Median PCE",3.211762
"1973-03-01","Median PCE",3.299092
"1973-04-01","Median PCE",3.677428
"1973-05-01","Median PCE",3.911666
"1973-06-01","Median PCE",4.130318
"1973-07-01","Median PCE",4.085699
"1973-08-01","Median PCE",4.229905
"1973-09-01","Median PCE",4.216057
"1973-10-01","Median PCE",4.317455
"1973-11-01","Median PCE",4.431008
"1973-12-01","Median PCE",4.74376
"1974-01-01","Median PCE",5.091049
"1974-02-01","Median PCE",5.414968
"1974-03-01","Median PCE",5.807441
"1974-04-01","Median PCE",5.883748
"1974-05-01","Median PCE",6.417812
"1974-06-01","Median PCE",6.675652
"1974-07-01","Median PCE",7.158931
"1974-08-01","Median PCE",7.743184
"1974-09-01","Median PCE",8.268883
"1974-10-01","Median PCE",8.685632
"1974-11-01","Median PCE",8.856662
"1974-12-01","Median PCE",8.845226
"1975-01-01","Median PCE",9.002237
"1975-02-01","Median PCE",8.933363
"1975-03-01","Median PCE",8.509518
"1975-04-01","Median PCE",8.41146
"1975-05-01","Median PCE",7.817567
"1975-06-01","Median PCE",7.605288
"1975-07-01","Median PCE",7.463453
"1975-08-01","Median PCE",6.81847
"1975-09-01","Median PCE",6.556087
"1975-10-01","Median PCE",6.490288
"1975-11-01","Median PCE",6.454273
"1975-12-01","Median PCE",6.400088
"1976-01-01","Median PCE",6.113706
"1976-02-01","Median PCE",6.028699
"1976-03-01","Median PCE",6.066705
"1976-04-01","Median PCE",5.805048
"1976-05-01","Median PCE",5.966524
"1976-06-01","Median PCE",5.96859
"1976-07-01","Median PCE",5.886801
"1976-08-01","Median PCE",6.105103
"1976-09-01","Median PCE",6.067933
"1976-10-01","Median PCE",5.889517
"1976-11-01","Median PCE",5.847862
"1976-12-01","Median PCE",5.759016
"1977-01-01","Median PCE",5.964809
"1977-02-01","Median PCE",6.143852
"1977-03-01","Median PCE",6.384036
"1977-04-01","Median PCE",6.579134
"1977-05-01","Median PCE",6.562127
"1977-06-01","Median PCE",6.638891
"1977-07-01","Median PCE",6.634997
"1977-08-01","Median PCE",6.55039
"1977-09-01","Median PCE",6.458475
"1977-10-01","Median PCE",6.41709
"1977-11-01","Median PCE",6.539046
"1977-12-01","Median PCE",6.554561
"1978-01-01","Median PCE",6.37592
"1978-02-01","Median PCE",6.161572
"1978-03-01","Median PCE",6.096703
"1978-04-01","Median PCE",6.204828
"1978-05-01","Median PCE",6.389989
"1978-06-01","Median PCE",6.303123
"1978-07-01","Median PCE",6.366995
"1978-08-01","Median PCE",6.375149
"1978-09-01","Median PCE",6.616311
"1978-10-01","Median PCE",6.883279
"1978-11-01","Median PCE",6.920816
"1978-12-01","Median PCE",7.009529
"1979-01-01","Median PCE",7.208296
"1979-02-01","Median PCE",7.48179
"1979-03-01","Median PCE",7.572147
"1979-04-01","Median PCE",7.500318
"1979-05-01","Median PCE",7.634405
"1979-06-01","Median PCE",7.806745
"1979-07-01","Median PCE",7.905813
"1979-08-01","Median PCE",8.168433
"1979-09-01","Median PCE",8.2548
"1979-10-01","Median PCE",8.423152
"1979-11-01","Median PCE",8.43401
"1979-12-01","Median PCE",8.542604
"1980-01-01","Median PCE",8.768706
"1980-02-01","Median PCE",8.888636
"1980-03-01","Median PCE",9.087151
"1980-04-01","Median PCE",9.20273
"1980-05-01","Median PCE",9.157729
"1980-06-01","Median PCE",9.316227
"1980-07-01","Median PCE",9.255737
"1980-08-01","Median PCE",9.181253
"1980-09-01","Median PCE",9.272643
"1980-10-01","Median PCE",9.149579
"1980-11-01","Median PCE",9.225437
"1980-12-01","Median PCE",9.308249
"1981-01-01","Median PCE",9.213651
"1981-02-01","Median PCE",9.161875
"1981-03-01","Median PCE",9.044763
"1981-04-01","Median PCE",9.088448
"1981-05-01","Median PCE",8.848398
"1981-06-01","Median PCE",8.579818
"1981-07-01","Median PCE",8.684087
"1981-08-01","Median PCE",8.588182
"1981-09-01","Median PCE",8.444169
"1981-10-01","Median PCE",8.211004
"1981-11-01","Median PCE",7.981217
"1981-12-01","Median PCE",7.721599
"1982-01-01","Median PCE",7.426232
"1982-02-01","Median PCE",6.977416
"1982-03-01","Median PCE",6.798787
"1982-04-01","Median PCE",6.42534
"1982-05-01","Median PCE",6.385745
"1982-06-01","Median PCE",6.373414
"1982-07-01","Median PCE",6.315621
"1982-08-01","Median PCE",6.09205
"1982-09-01","Median PCE",5.789525
"1982-10-01","Median PCE",5.75963
"1982-11-01","Median PCE",5.516831
"1982-12-01","Median PCE",5.339394
"1983-01-01","Median PCE",5.320846
"1983-02-01","Median PCE",5.299405
"1983-03-01","Median PCE",4.967683
"1983-04-01","Median PCE",5.169038
"1983-05-01","Median PCE",4.883306
"1983-06-01","Median PCE",4.663843
"1983-07-01","Median PCE",4.420728
"1983-08-01","Median PCE",4.305259
"1983-09-01","Median PCE",4.294553
"1983-10-01","Median PCE",4.024848
"1983-11-01","Median PCE",4.160271
"1983-12-01","Median PCE",4.088223
"1984-01-01","Median PCE",3.994896
"1984-02-01","Median PCE",4.078545
"1984-03-01","Median PCE",4.273475
"1984-04-01","Median PCE",4.226683
"1984-05-01","Median PCE",4.212454
"1984-06-01","Median PCE",4.270491
"1984-07-01","Median PCE",4.348528
"1984-08-01","Median PCE",4.408177
"1984-09-01","Median PCE",4.432798
"1984-10-01","Median PCE",4.504019
"1984-11-01","Median PCE",4.339871
"1984-12-01","Median PCE",4.565204
"1985-01-01","Median PCE",4.482872
"1985-02-01","Median PCE",4.532177
"1985-03-01","Median PCE",4.49858
"1985-04-01","Median PCE",4.254159
"1985-05-01","Median PCE",4.379916
"1985-06-01","Median PCE",4.405584
"1985-07-01","Median PCE",4.129638
"1985-08-01","Median PCE",4.119059
"1985-09-01","Median PCE",3.990448
"1985-10-01","Median PCE",3.952261
"1985-11-01","Median PCE",3.956873
"1985-12-01","Median PCE",3.873389
"1986-01-01","Median PCE",3.959164
"1986-02-01","Median PCE",3.753557
"1986-03-01","Median PCE",3.633003
"1986-04-01","Median PCE",3.781075
"1986-05-01","Median PCE",3.640756
"1986-06-01","Median PCE",3.623156
"1986-07-01","Median PCE",3.687924
"1986-08-01","Median PCE",3.631482
"1986-09-01","Median PCE",3.685324
"1986-10-01","Median PCE",3.855939
"1986-11-01","Median PCE",3.864799
"1986-12-01","Median PCE",3.792464
"1987-01-01","Median PCE",3.80273
"1987-02-01","Median PCE",3.868798
"1987-03-01","Median PCE",4.012569
"1987-04-01","Median PCE",4.165566
"1987-05-01","Median PCE",4.270278
"1987-06-01","Median PCE",4.20451
"1987-07-01","Median PCE",4.2398
"1987-08-01","Median PCE",4.458928
"1987-09-01","Median PCE",4.408515
"1987-10-01","Median PCE",4.32444
"1987-11-01","Median PCE",4.328829
"1987-12-01","Median PCE",4.254441
"1988-01-01","Median PCE",4.311179
"1988-02-01","Median PCE",4.301021
"1988-03-01","Median PCE",4.283813
"1988-04-01","Median PCE",4.148537
"1988-05-01","Median PCE",4.116824
"1988-06-01","Median PCE",4.214064
"1988-07-01","Median PCE",4.370437
"1988-08-01","Median PCE",4.227258
"1988-09-01","Median PCE",4.362767
"1988-10-01","Median PCE",4.312467
"1988-11-01","Median PCE",4.343131
"1988-12-01","Median PCE",4.39271
"1989-01-01","Median PCE",4.380369
"1989-02-01","Median PCE",4.3878
"1989-03-01","Median PCE",4.361684
"1989-04-01","Median PCE",4.3739
"1989-05-01","Median PCE",4.508263
"1989-06-01","Median PCE",4.373627
"1989-07-01","Median PCE",4.317161
"1989-08-01","Median PCE",4.30111
"1989-09-01","Median PCE",4.212891
"1989-10-01","Median PCE",4.402982
"1989-11-01","Median PCE",4.416512
"1989-12-01","Median PCE",4.482981
"1990-01-01","Median PCE",4.410337
"1990-02-01","Median PCE",4.451686
"1990-03-01","Median PCE",4.639637
"1990-04-01","Median PCE",4.603451
"1990-05-01","Median PCE",4.437303
"1990-06-01","Median PCE",4.630809
"1990-07-01","Median PCE",4.625642
"1990-08-01","Median PCE",4.715301
"1990-09-01","Median PCE",4.725028
"1990-10-01","Median PCE",4.553055
"1990-11-01","Median PCE",4.474487
"1990-12-01","Median PCE",4.433868
"1991-01-01","Median PCE",4.370226
"1991-02-01","Median PCE",4.17971
"1991-03-01","Median PCE",3.846453
"1991-04-01","Median PCE",3.756798
"1991-05-01","Median PCE",3.862551
"1991-06-01","Median PCE",3.579137
"1991-07-01","Median PCE",3.424464
"1991-08-01","Median PCE",3.196317
"1991-09-01","Median PCE",3.106072
"1991-10-01","Median PCE",3.064124
"1991-11-01","Median PCE",3.123767
"1991-12-01","Median PCE",3.131439
"1992-01-01","Median PCE",3.056167
"1992-02-01","Median PCE",3.127786
"1992-03-01","Median PCE",3.212141
"1992-04-01","Median PCE",3.150808
"1992-05-01","Median PCE",2.998428
"1992-06-01","Median PCE",2.970997
"1992-07-01","Median PCE",2.974297
"1992-08-01","Median PCE",2.968008
"1992-09-01","Median PCE",2.921952
"1992-10-01","Median PCE",2.969032
"1992-11-01","Median PCE",2.990884
"1992-12-01","Median PCE",2.920458
"1993-01-01","Median PCE",2.944562
"1993-02-01","Median PCE",2.938182
"1993-03-01","Median PCE",2.893653
"1993-04-01","Median PCE",2.986313
"1993-05-01","Median PCE",3.054955
"1993-06-01","Median PCE",3.087385
"1993-07-01","Median PCE",3.043261
"1993-08-01","Median PCE",3.033789
"1993-09-01","Median PCE",2.953016
"1993-10-01","Median PCE",2.843982
"1993-11-01","Median PCE",2.730868
"1993-12-01","Median PCE",2.727147
"1994-01-01","Median PCE",2.712099
"1994-02-01","Median PCE",2.736629
"1994-03-01","Median PCE",2.778945
"1994-04-01","Median PCE",2.669562
"1994-05-01","Median PCE",2.708548
"1994-06-01","Median PCE",2.718807
"1994-07-01","Median PCE",2.725225
"1994-08-01","Median PCE",2.725464
"1994-09-01","Median PCE",2.762031
"1994-10-01","Median PCE",2.750056
"1994-11-01","Median PCE",2.786964
"1994-12-01","Median PCE",2.69552
"1995-01-01","Median PCE",2.788476
"1995-02-01","Median PCE",2.701919
"1995-03-01","Median PCE",2.701673
"1995-04-01","Median PCE",2.748136
"1995-05-01","Median PCE",2.62245
"1995-06-01","Median PCE",2.586716
"1995-07-01","Median PCE",2.568855
"1995-08-01","Median PCE",2.578783
"1995-09-01","Median PCE",2.618514
"1995-10-01","Median PCE",2.680719
"1995-11-01","Median PCE",2.638494
"1995-12-01","Median PCE",2.671807
"1996-01-01","Median PCE",2.539344
"1996-02-01","Median PCE",2.520192
"1996-03-01","Median PCE",2.471236
"1996-04-01","Median PCE",2.410584
"1996-05-01","Median PCE",2.458108
"1996-06-01","Median PCE",2.485414
"1996-07-01","Median PCE",2.561131
"1996-08-01","Median PCE",2.574995
"1996-09-01","Median PCE",2.589465
"1996-10-01","Median PCE",2.558242
"1996-11-01","Median PCE",2.582204
"1996-12-01","Median PCE",2.59442
"1997-01-01","Median PCE",2.619777
"1997-02-01","Median PCE",2.637601
"1997-03-01","Median PCE",2.633582
"1997-04-01","Median PCE",2.665102
"1997-05-01","Median PCE",2.579373
"1997-06-01","Median PCE",2.602493
"1997-07-01","Median PCE",2.555173
"1997-08-01","Median PCE",2.497343
"1997-09-01","Median PCE",2.48485
"1997-10-01","Median PCE",2.429588
"1997-11-01","Median PCE",2.371259
"1997-12-01","Median PCE",2.318199
"1998-01-01","Median PCE",2.268162
"1998-02-01","Median PCE",2.276187
"1998-03-01","Median PCE",2.303248
"1998-04-01","Median PCE",2.295971
"1998-05-01","Median PCE",2.390566
"1998-06-01","Median PCE",2.306958
"1998-07-01","Median PCE",2.299036
"1998-08-01","Median PCE",2.407733
"1998-09-01","Median PCE",2.465465
"1998-10-01","Median PCE",2.465208
"1998-11-01","Median PCE",2.490167
"1998-12-01","Median PCE",2.537226
"1999-01-01","Median PCE",2.561715
"1999-02-01","Median PCE",2.50927
"1999-03-01","Median PCE",2.434818
"1999-04-01","Median PCE",2.44745
"1999-05-01","Median PCE",2.416369
"1999-06-01","Median PCE",2.442882
"1999-07-01","Median PCE",2.452174
"1999-08-01","Median PCE",2.391858
"1999-09-01","Median PCE",2.330211
"1999-10-01","Median PCE",2.296655
"1999-11-01","Median PCE",2.342514
"1999-12-01","Median PCE",2.318494
"2000-01-01","Median PCE",2.425428
"2000-02-01","Median PCE",2.499297
"2000-03-01","Median PCE",2.575629
"2000-04-01","Median PCE",2.569882
"2000-05-01","Median PCE",2.566425
"2000-06-01","Median PCE",2.656551
"2000-07-01","Median PCE",2.712782
"2000-08-01","Median PCE",2.683683
"2000-09-01","Median PCE",2.743273
"2000-10-01","Median PCE",2.797354
"2000-11-01","Median PCE",2.798458
"2000-12-01","Median PCE",2.841066
"2001-01-01","Median PCE",2.824256
"2001-02-01","Median PCE",2.909678
"2001-03-01","Median PCE",2.914321
"2001-04-01","Median PCE",2.975789
"2001-05-01","Median PCE",3.022604
"2001-06-01","Median PCE",3.05523
"2001-07-01","Median PCE",3.084141
"2001-08-01","Median PCE",3.220963
"2001-09-01","Median PCE",3.196125
"2001-10-01","Median PCE",3.243544
"2001-11-01","Median PCE",3.234008
"2001-12-01","Median PCE",3.20257
"2002-01-01","Median PCE",3.143417
"2002-02-01","Median PCE",3.112857
"2002-03-01","Median PCE",3.159031
"2002-04-01","Median PCE",3.093455
"2002-05-01","Median PCE",3.041946
"2002-06-01","Median PCE",2.976446
"2002-07-01","Median PCE",2.932006
"2002-08-01","Median PCE",2.802978
"2002-09-01","Median PCE",2.810297
"2002-10-01","Median PCE",2.785799
"2002-11-01","Median PCE",2.776162
"2002-12-01","Median PCE",2.821591
"2003-01-01","Median PCE",2.857943
"2003-02-01","Median PCE",2.735036
"2003-03-01","Median PCE",2.659464
"2003-04-01","Median PCE",2.517872
"2003-05-01","Median PCE",2.454096
"2003-06-01","Median PCE",2.369004
"2003-07-01","Median PCE",2.36798
"2003-08-01","Median PCE",2.37553
"2003-09-01","Median PCE",2.331923
"2003-10-01","Median PCE",2.360852
"2003-11-01","Median PCE",2.342618
"2003-12-01","Median PCE",2.239296
"2004-01-01","Median PCE",2.155933
"2004-02-01","Median PCE",2.224007
"2004-03-01","Median PCE",2.227583
"2004-04-01","Median PCE",2.485025
"2004-05-01","Median PCE",2.569446
"2004-06-01","Median PCE",2.66655
"2004-07-01","Median PCE",2.627509
"2004-08-01","Median PCE",2.636331
"2004-09-01","Median PCE",2.57851
"2004-10-01","Median PCE",2.484059
"2004-11-01","Median PCE",2.437509
"2004-12-01","Median PCE",2.487158
"2005-01-01","Median PCE",2.574489
"2005-02-01","Median PCE",2.625158
"2005-03-01","Median PCE",2.57446
"2005-04-01","Median PCE",2.423825
"2005-05-01","Median PCE",2.421872
"2005-06-01","Median PCE",2.327141
"2005-07-01","Median PCE",2.361477
"2005-08-01","Median PCE",2.332601
"2005-09-01","Median PCE",2.456434
"2005-10-01","Median PCE",2.55449
"2005-11-01","Median PCE",2.648674
"2005-12-01","Median PCE",2.621268
"2006-01-01","Median PCE",2.642288
"2006-02-01","Median PCE",2.573537
"2006-03-01","Median PCE",2.699746
"2006-04-01","Median PCE",2.852739
"2006-05-01","Median PCE",2.990094
"2006-06-01","Median PCE",3.191111
"2006-07-01","Median PCE",3.225417
"2006-08-01","Median PCE",3.331537
"2006-09-01","Median PCE",3.295672
"2006-10-01","Median PCE",3.321506
"2006-11-01","Median PCE",3.259763
"2006-12-01","Median PCE",3.403237
"2007-01-01","Median PCE",3.413205
"2007-02-01","Median PCE",3.49606
"2007-03-01","Median PCE",3.427351
"2007-04-01","Median PCE",3.267404
"2007-05-01","Median PCE",3.066671
"2007-06-01","Median PCE",2.921213
"2007-07-01","Median PCE",2.831444
"2007-08-01","Median PCE",2.763098
"2007-09-01","Median PCE",2.801033
"2007-10-01","Median PCE",2.787757
"2007-11-01","Median PCE",2.914805
"2007-12-01","Median PCE",2.889007
"2008-01-01","Median PCE",2.801774
"2008-02-01","Median PCE",2.708499
"2008-03-01","Median PCE",2.716239
"2008-04-01","Median PCE",2.769336
"2008-05-01","Median PCE",2.729716
"2008-06-01","Median PCE",2.767152
"2008-07-01","Median PCE",2.845659
"2008-08-01","Median PCE",2.781475
"2008-09-01","Median PCE",2.737583
"2008-10-01","Median PCE",2.602075
"2008-11-01","Median PCE",2.537802
"2008-12-01","Median PCE",2.336883
"2009-01-01","Median PCE",2.365372
"2009-02-01","Median PCE",2.357027
"2009-03-01","Median PCE",2.287291
"2009-04-01","Median PCE",2.219756
"2009-05-01","Median PCE",2.268561
"2009-06-01","Median PCE",2.194473
"2009-07-01","Median PCE",1.951382
"2009-08-01","Median PCE",1.894326
"2009-09-01","Median PCE",1.725578
"2009-10-01","Median PCE",1.884673
"2009-11-01","Median PCE",1.800785
"2009-12-01","Median PCE",1.783614
"2010-01-01","Median PCE",1.599068
"2010-02-01","Median PCE",1.466583
"2010-03-01","Median PCE",1.349841
"2010-04-01","Median PCE",1.284873
"2010-05-01","Median PCE",1.17557
"2010-06-01","Median PCE",1.112949
"2010-07-01","Median PCE",1.13112
"2010-08-01","Median PCE",1.203502
"2010-09-01","Median PCE",1.263319
"2010-10-01","Median PCE",1.042044
"2010-11-01","Median PCE",0.970286
"2010-12-01","Median PCE",1.01271
"2011-01-01","Median PCE",1.142065
"2011-02-01","Median PCE",1.253698
"2011-03-01","Median PCE",1.38675
"2011-04-01","Median PCE",1.500082
"2011-05-01","Median PCE",1.646594
"2011-06-01","Median PCE",1.714904
"2011-07-01","Median PCE",1.846484
"2011-08-01","Median PCE",1.89677
"2011-09-01","Median PCE",1.942044
"2011-10-01","Median PCE",2.050795
"2011-11-01","Median PCE",2.09552
"2011-12-01","Median PCE",2.193111
"2012-01-01","Median PCE",2.181321
"2012-02-01","Median PCE",2.15804
"2012-03-01","Median PCE",2.162087
"2012-04-01","Median PCE",2.157699
"2012-05-01","Median PCE",2.078269
"2012-06-01","Median PCE",2.027955
"2012-07-01","Median PCE",2.012792
"2012-08-01","Median PCE",1.999596
"2012-09-01","Median PCE",2.013379
"2012-10-01","Median PCE",2.000084
"2012-11-01","Median PCE",1.990317
"2012-12-01","Median PCE",1.956093
"2013-01-01","Median PCE",1.938259
"2013-02-01","Median PCE",2.006237
"2013-03-01","Median PCE",1.974819
"2013-04-01","Median PCE",1.917848
"2013-05-01","Median PCE",1.974066
"2013-06-01","Median PCE",2.073235
"2013-07-01","Median PCE",2.070664
"2013-08-01","Median PCE",2.036413
"2013-09-01","Median PCE",2.033714
"2013-10-01","Median PCE",2.048427
"2013-11-01","Median PCE",2.104624
"2013-12-01","Median PCE",2.096278
"2014-01-01","Median PCE",2.101433
"2014-02-01","Median PCE",2.03363
"2014-03-01","Median PCE",2.03144
"2014-04-01","Median PCE",2.111574
"2014-05-01","Median PCE",2.104144
"2014-06-01","Median PCE",2.094366
"2014-07-01","Median PCE",2.153352
"2014-08-01","Median PCE",2.132438
"2014-09-01","Median PCE",2.148451
"2014-10-01","Median PCE",2.171282
"2014-11-01","Median PCE",2.190961
"2014-12-01","Median PCE",2.17786
"2015-01-01","Median PCE",2.176104
"2015-02-01","Median PCE",2.257114
"2015-03-01","Median PCE",2.227564
"2015-04-01","Median PCE",2.27354
"2015-05-01","Median PCE",2.306163
"2015-06-01","Median PCE",2.283577
"2015-07-01","Median PCE",2.273755
"2015-08-01","Median PCE",2.274117
"2015-09-01","Median PCE",2.259037
"2015-10-01","Median PCE",2.180375
"2015-11-01","Median PCE",2.118761
"2015-12-01","Median PCE",2.109739
"2016-01-01","Median PCE",2.168562
"2016-02-01","Median PCE",2.158412
"2016-03-01","Median PCE",2.235761
"2016-04-01","Median PCE",2.221493
"2016-05-01","Median PCE",2.254283
"2016-06-01","Median PCE",2.236292
"2016-07-01","Median PCE",2.236463
"2016-08-01","Median PCE",2.279647
"2016-09-01","Median PCE",2.272
"2016-10-01","Median PCE",2.296396
"2016-11-01","Median PCE",2.263845
"2016-12-01","Median PCE",2.308665
"2017-01-01","Median PCE",2.314435
"2017-02-01","Median PCE",2.244902
"2017-03-01","Median PCE",2.202447
"2017-04-01","Median PCE",2.086695
"2017-05-01","Median PCE",1.954958
"2017-06-01","Median PCE",1.958502
"2017-07-01","Median PCE",1.864561
"2017-08-01","Median PCE",1.835982
"2017-09-01","Median PCE",1.795233
"2017-10-01","Median PCE",1.847002
"2017-11-01","Median PCE",1.900894
"2017-12-01","Median PCE",1.917616
"2018-01-01","Median PCE",1.942212
"2018-02-01","Median PCE",1.99225
"2018-03-01","Median PCE",1.986721
"2018-04-01","Median PCE",2.029902
"2018-05-01","Median PCE",2.122152
"2018-06-01","Median PCE",2.145968
"2018-07-01","Median PCE",2.198503
"2018-08-01","Median PCE",2.2176
"2018-09-01","Median PCE",2.294641
"2018-10-01","Median PCE",2.309936
"2018-11-01","Median PCE",2.390058
"2018-12-01","Median PCE",2.374581
"2019-01-01","Median PCE",2.326326
"2019-02-01","Median PCE",2.375319
"2019-03-01","Median PCE",2.41852
"2019-04-01","Median PCE",2.585774
"2019-05-01","Median PCE",2.557175
"2019-06-01","Median PCE",2.525542
"2019-07-01","Median PCE",2.59453
"2019-08-01","Median PCE",2.614612
"2019-09-01","Median PCE",2.583327
"2019-10-01","Median PCE",2.551245
"2019-11-01","Median PCE",2.454463
"2019-12-01","Median PCE",2.533848
"2020-01-01","Median PCE",2.587738
"2020-02-01","Median PCE",2.571989
"2020-03-01","Median PCE",2.530892
"2020-04-01","Median PCE",2.388205
"2020-05-01","Median PCE",2.448015
"2020-06-01","Median PCE",2.44716
"2020-07-01","Median PCE",2.429612
"2020-08-01","Median PCE",2.397225
"2020-09-01","Median PCE",2.301927
"2020-10-01","Median PCE",2.29283
"2020-11-01","Median PCE",2.197966
"2020-12-01","Median PCE",2.08989
"2021-01-01","Median PCE",1.9678
"2021-02-01","Median PCE",1.993771
"2021-03-01","Median PCE",2.064539
"2021-04-01","Median PCE",2.109144
"2021-05-01","Median PCE",2.15894
"2021-06-01","Median PCE",2.258608
"2021-07-01","Median PCE",2.34998
"2021-08-01","Median PCE",2.462098
"2021-09-01","Median PCE",2.765862
"2021-10-01","Median PCE",3.04443
"2021-11-01","Median PCE",3.366862
"2021-12-01","Median PCE",3.62545
"2022-01-01","Median PCE",4.005535
"2022-02-01","Median PCE",4.226044
"2022-03-01","Median PCE",4.222979
"2022-04-01","Median PCE",4.4839
"2022-05-01","Median PCE",4.798077
"2022-06-01","Median PCE",5.283671
"2022-07-01","Median PCE",5.399873
"2022-08-01","Median PCE",5.665687
"2022-09-01","Median PCE",5.6596
"2022-10-01","Median PCE",5.688972
"2022-11-01","Median PCE",5.581279
"2022-12-01","Median PCE",5.588949
"2023-01-01","Median PCE",5.649527
"2023-02-01","Median PCE",5.531059
"2023-03-01","Median PCE",5.709924
"2023-04-01","Median PCE",5.582011
"2023-05-01","Median PCE",5.282266
"2023-06-01","Median PCE",4.780523
"2023-07-01","Median PCE",4.634033
"2023-08-01","Median PCE",4.356171
"2023-09-01","Median PCE",4.281291
"2023-10-01","Median PCE",4.082835
"2023-11-01","Median PCE",4.09316
"2023-12-01","Median PCE",3.830758
"2024-01-01","Median PCE",3.766141
"2024-02-01","Median PCE",3.623051
"2024-03-01","Median PCE",3.514878
"2024-04-01","Median PCE",3.418135
"2024-05-01","Median PCE",3.41154
"2024-06-01","Median PCE",3.36499
"2024-07-01","Median PCE",3.241599
"2024-08-01","Median PCE",3.208764
"2024-09-01","Median PCE",3.214576
"2024-10-01","Median PCE",3.230921
"2024-11-01","Median PCE",3.207568
"2024-12-01","Median PCE",3.382206
"2025-01-01","Median PCE",3.126432
"2025-02-01","Median PCE",3.223892
"2025-03-01","Median PCE",3.22147
"2025-04-01","Median PCE",3.260696
"2025-05-01","Median PCE",3.209546
"2025-06-01","Median PCE",3.336668
"2025-07-01","Median PCE",3.413544
"2025-08-01","Median PCE",3.493591
"2025-09-01","Median PCE",3.332326
"2025-10-01","Median PCE",3.180738
"2025-11-01","Median PCE",3.073428
"2025-12-01","Median PCE",3.027
"2026-01-01","Median PCE",2.984362
"2026-02-01","Median PCE",2.905489
"2026-03-01","Median PCE",2.880325
"2026-04-01","Median PCE",2.805001
"2026-05-01","Median PCE",2.860602
"2026-06-01","Median PCE",2.759266
"2026-07-01","Median PCE",2.780783
"2026-08-01","Median PCE",2.660197
"1960-02-01","Trimmed-mean PCE",1.159095
"1960-03-01","Trimmed-mean PCE",1.123852
"1960-04-01","Trimmed-mean PCE",1.071689
"1960-05-01","Trimmed-mean PCE",1.031241
"1960-06-01","Trimmed-mean PCE",0.864747
"1960-07-01","Trimmed-mean PCE",0.895616
"1960-08-01","Trimmed-mean PCE",0.875051
"1960-09-01","Trimmed-mean PCE",0.792717
"1960-10-01","Trimmed-mean PCE",0.704029
"1960-11-01","Trimmed-mean PCE",0.779377
"1960-12-01","Trimmed-mean PCE",0.748782
"1961-01-01","Trimmed-mean PCE",0.731433
"1961-02-01","Trimmed-mean PCE",0.694938
"1961-03-01","Trimmed-mean PCE",0.673219
"1961-04-01","Trimmed-mean PCE",0.562199
"1961-05-01","Trimmed-mean PCE",0.529659
"1961-06-01","Trimmed-mean PCE",0.543953
"1961-07-01","Trimmed-mean PCE",0.492524
"1961-08-01","Trimmed-mean PCE",0.451194
"1961-09-01","Trimmed-mean PCE",0.452916
"1961-10-01","Trimmed-mean PCE",0.426197
"1961-11-01","Trimmed-mean PCE",0.339752
"1961-12-01","Trimmed-mean PCE",0.283429
"1962-01-01","Trimmed-mean PCE",0.463842
"1962-02-01","Trimmed-mean PCE",0.528971
"1962-03-01","Trimmed-mean PCE",0.663655
"1962-04-01","Trimmed-mean PCE",0.592288
"1962-05-01","Trimmed-mean PCE",0.628574
"1962-06-01","Trimmed-mean PCE",0.649113
"1962-07-01","Trimmed-mean PCE",0.582898
"1962-08-01","Trimmed-mean PCE",0.643096
"1962-09-01","Trimmed-mean PCE",0.675327
"1962-10-01","Trimmed-mean PCE",0.634075
"1962-11-01","Trimmed-mean PCE",0.620391
"1962-12-01","Trimmed-mean PCE",0.618121
"1963-01-01","Trimmed-mean PCE",0.576757
"1963-02-01","Trimmed-mean PCE",0.531809
"1963-03-01","Trimmed-mean PCE",0.402464
"1963-04-01","Trimmed-mean PCE",0.429423
"1963-05-01","Trimmed-mean PCE",0.545979
"1963-06-01","Trimmed-mean PCE",0.550654
"1963-07-01","Trimmed-mean PCE",0.569539
"1963-08-01","Trimmed-mean PCE",0.521641
"1963-09-01","Trimmed-mean PCE",0.448357
"1963-10-01","Trimmed-mean PCE",0.634946
"1963-11-01","Trimmed-mean PCE",0.644875
"1963-12-01","Trimmed-mean PCE",0.681887
"1964-01-01","Trimmed-mean PCE",0.628827
"1964-02-01","Trimmed-mean PCE",0.656205
"1964-03-01","Trimmed-mean PCE",0.646095
"1964-04-01","Trimmed-mean PCE",0.653756
"1964-05-01","Trimmed-mean PCE",0.506728
"1964-06-01","Trimmed-mean PCE",0.457734
"1964-07-01","Trimmed-mean PCE",0.419438
"1964-08-01","Trimmed-mean PCE",0.446601
"1964-09-01","Trimmed-mean PCE",0.426435
"1964-10-01","Trimmed-mean PCE",0.302207
"1964-11-01","Trimmed-mean PCE",0.328332
"1964-12-01","Trimmed-mean PCE",0.335884
"1965-01-01","Trimmed-mean PCE",0.347381
"1965-02-01","Trimmed-mean PCE",0.271693
"1965-03-01","Trimmed-mean PCE",0.305266
"1965-04-01","Trimmed-mean PCE",0.394303
"1965-05-01","Trimmed-mean PCE",0.469077
"1965-06-01","Trimmed-mean PCE",0.551871
"1965-07-01","Trimmed-mean PCE",0.598971
"1965-08-01","Trimmed-mean PCE",0.632912
"1965-09-01","Trimmed-mean PCE",0.724233
"1965-10-01","Trimmed-mean PCE",0.785265
"1965-11-01","Trimmed-mean PCE",0.852768
"1965-12-01","Trimmed-mean PCE",0.982103
"1966-01-01","Trimmed-mean PCE",1.03314
"1966-02-01","Trimmed-mean PCE",1.211914
"1966-03-01","Trimmed-mean PCE",1.287587
"1966-04-01","Trimmed-mean PCE",1.463049
"1966-05-01","Trimmed-mean PCE",1.487272
"1966-06-01","Trimmed-mean PCE",1.552493
"1966-07-01","Trimmed-mean PCE",1.664923
"1966-08-01","Trimmed-mean PCE",1.709819
"1966-09-01","Trimmed-mean PCE",1.886973
"1966-10-01","Trimmed-mean PCE",2.095502
"1966-11-01","Trimmed-mean PCE",2.097563
"1966-12-01","Trimmed-mean PCE",2.070488
"1967-01-01","Trimmed-mean PCE",2.07697
"1967-02-01","Trimmed-mean PCE",2.095769
"1967-03-01","Trimmed-mean PCE",2.056255
"1967-04-01","Trimmed-mean PCE",1.912873
"1967-05-01","Trimmed-mean PCE",1.917482
"1967-06-01","Trimmed-mean PCE",1.989957
"1967-07-01","Trimmed-mean PCE",2.028349
"1967-08-01","Trimmed-mean PCE",2.086438
"1967-09-01","Trimmed-mean PCE",2.149749
"1967-10-01","Trimmed-mean PCE",2.130864
"1967-11-01","Trimmed-mean PCE",2.23012
"1967-12-01","Trimmed-mean PCE",2.283136
"1968-01-01","Trimmed-mean PCE",2.467177
"1968-02-01","Trimmed-mean PCE",2.574432
"1968-03-01","Trimmed-mean PCE",2.718817
"1968-04-01","Trimmed-mean PCE",2.887811
"1968-05-01","Trimmed-mean PCE",3.127877
"1968-06-01","Trimmed-mean PCE",3.186751
"1968-07-01","Trimmed-mean PCE",3.196123
"1968-08-01","Trimmed-mean PCE",3.375983
"1968-09-01","Trimmed-mean PCE",3.395126
"1968-10-01","Trimmed-mean PCE",3.487775
"1968-11-01","Trimmed-mean PCE",3.591199
"1968-12-01","Trimmed-mean PCE",3.697586
"1969-01-01","Trimmed-mean PCE",3.662934
"1969-02-01","Trimmed-mean PCE",3.571121
"1969-03-01","Trimmed-mean PCE",3.740809
"1969-04-01","Trimmed-mean PCE",3.807568
"1969-05-01","Trimmed-mean PCE",3.791496
"1969-06-01","Trimmed-mean PCE",3.854056
"1969-07-01","Trimmed-mean PCE",4.069629
"1969-08-01","Trimmed-mean PCE",3.925335
"1969-09-01","Trimmed-mean PCE",3.947061
"1969-10-01","Trimmed-mean PCE",3.934151
"1969-11-01","Trimmed-mean PCE",3.982585
"1969-12-01","Trimmed-mean PCE",4.04879
"1970-01-01","Trimmed-mean PCE",4.05298
"1970-02-01","Trimmed-mean PCE",4.193579
"1970-03-01","Trimmed-mean PCE",4.196388
"1970-04-01","Trimmed-mean PCE",4.212437
"1970-05-01","Trimmed-mean PCE",4.133469
"1970-06-01","Trimmed-mean PCE",4.063136
"1970-07-01","Trimmed-mean PCE",3.983768
"1970-08-01","Trimmed-mean PCE",4.073723
"1970-09-01","Trimmed-mean PCE",4.086477
"1970-10-01","Trimmed-mean PCE",4.141208
"1970-11-01","Trimmed-mean PCE",4.134817
"1970-12-01","Trimmed-mean PCE",4.240323
"1971-01-01","Trimmed-mean PCE",4.232643
"1971-02-01","Trimmed-mean PCE",4.107229
"1971-03-01","Trimmed-mean PCE",3.949267
"1971-04-01","Trimmed-mean PCE",3.869807
"1971-05-01","Trimmed-mean PCE",3.987948
"1971-06-01","Trimmed-mean PCE",4.081852
"1971-07-01","Trimmed-mean PCE",4.008788
"1971-08-01","Trimmed-mean PCE",4.010585
"1971-09-01","Trimmed-mean PCE",3.864026
"1971-10-01","Trimmed-mean PCE",3.544199
"1971-11-01","Trimmed-mean PCE",3.328406
"1971-12-01","Trimmed-mean PCE",3.11461
"1972-01-01","Trimmed-mean PCE",3.086277
"1972-02-01","Trimmed-mean PCE",3.125585
"1972-03-01","Trimmed-mean PCE",3.146099
"1972-04-01","Trimmed-mean PCE",2.957592
"1972-05-01","Trimmed-mean PCE",2.74261
"1972-06-01","Trimmed-mean PCE",2.533823
"1972-07-01","Trimmed-mean PCE",2.517487
"1972-08-01","Trimmed-mean PCE",2.43843
"1972-09-01","Trimmed-mean PCE",2.493317
"1972-10-01","Trimmed-mean PCE",2.577213
"1972-11-01","Trimmed-mean PCE",2.681478
"1972-12-01","Trimmed-mean PCE",2.71139
"1973-01-01","Trimmed-mean PCE",2.644296
"1973-02-01","Trimmed-mean PCE",2.727304
"1973-03-01","Trimmed-mean PCE",2.86152
"1973-04-01","Trimmed-mean PCE",3.260259
"1973-05-01","Trimmed-mean PCE",3.470063
"1973-06-01","Trimmed-mean PCE",3.617666
"1973-07-01","Trimmed-mean PCE",3.551144
"1973-08-01","Trimmed-mean PCE",3.734054
"1973-09-01","Trimmed-mean PCE",3.742227
"1973-10-01","Trimmed-mean PCE",3.969026
"1973-11-01","Trimmed-mean PCE",4.123488
"1973-12-01","Trimmed-mean PCE",4.33741
"1974-01-01","Trimmed-mean PCE",4.589897
"1974-02-01","Trimmed-mean PCE",4.847359
"1974-03-01","Trimmed-mean PCE",5.162019
"1974-04-01","Trimmed-mean PCE",5.244549
"1974-05-01","Trimmed-mean PCE",5.677667
"1974-06-01","Trimmed-mean PCE",6.147294
"1974-07-01","Trimmed-mean PCE",6.597045
"1974-08-01","Trimmed-mean PCE",7.049209
"1974-09-01","Trimmed-mean PCE",7.540688
"1974-10-01","Trimmed-mean PCE",7.874143
"1974-11-01","Trimmed-mean PCE",8.064422
"1974-12-01","Trimmed-mean PCE",8.187343
"1975-01-01","Trimmed-mean PCE",8.349579
"1975-02-01","Trimmed-mean PCE",8.264979
"1975-03-01","Trimmed-mean PCE",7.903427
"1975-04-01","Trimmed-mean PCE",7.716601
"1975-05-01","Trimmed-mean PCE",7.230171
"1975-06-01","Trimmed-mean PCE",6.844725
"1975-07-01","Trimmed-mean PCE",6.697719
"1975-08-01","Trimmed-mean PCE",6.236633
"1975-09-01","Trimmed-mean PCE",5.98957
"1975-10-01","Trimmed-mean PCE",5.901957
"1975-11-01","Trimmed-mean PCE",5.793923
"1975-12-01","Trimmed-mean PCE",5.636066
"1976-01-01","Trimmed-mean PCE",5.443183
"1976-02-01","Trimmed-mean PCE",5.312548
"1976-03-01","Trimmed-mean PCE",5.308359
"1976-04-01","Trimmed-mean PCE",5.191324
"1976-05-01","Trimmed-mean PCE",5.333687
"1976-06-01","Trimmed-mean PCE",5.352008
"1976-07-01","Trimmed-mean PCE",5.288628
"1976-08-01","Trimmed-mean PCE",5.413026
"1976-09-01","Trimmed-mean PCE",5.351318
"1976-10-01","Trimmed-mean PCE",5.229658
"1976-11-01","Trimmed-mean PCE",5.202732
"1976-12-01","Trimmed-mean PCE",5.141436
"1977-01-01","Trimmed-mean PCE",5.273825
"1977-02-01","Trimmed-mean PCE",5.48589
"1977-03-01","Trimmed-mean PCE",5.70977
"1977-04-01","Trimmed-mean PCE",5.819939
"1977-05-01","Trimmed-mean PCE",5.843146
"1977-06-01","Trimmed-mean PCE",5.943553
"1977-07-01","Trimmed-mean PCE",5.98594
"1977-08-01","Trimmed-mean PCE",5.96124
"1977-09-01","Trimmed-mean PCE",5.896734
"1977-10-01","Trimmed-mean PCE",5.763653
"1977-11-01","Trimmed-mean PCE",5.857155
"1977-12-01","Trimmed-mean PCE",5.9242
"1978-01-01","Trimmed-mean PCE",5.749288
"1978-02-01","Trimmed-mean PCE",5.614092
"1978-03-01","Trimmed-mean PCE",5.580232
"1978-04-01","Trimmed-mean PCE",5.73
"1978-05-01","Trimmed-mean PCE",5.896049
"1978-06-01","Trimmed-mean PCE",5.914154
"1978-07-01","Trimmed-mean PCE",5.987916
"1978-08-01","Trimmed-mean PCE",6.051194
"1978-09-01","Trimmed-mean PCE",6.215083
"1978-10-01","Trimmed-mean PCE",6.559106
"1978-11-01","Trimmed-mean PCE",6.665716
"1978-12-01","Trimmed-mean PCE",6.709194
"1979-01-01","Trimmed-mean PCE",7.02583
"1979-02-01","Trimmed-mean PCE",7.213198
"1979-03-01","Trimmed-mean PCE",7.245438
"1979-04-01","Trimmed-mean PCE",7.239045
"1979-05-01","Trimmed-mean PCE",7.354707
"1979-06-01","Trimmed-mean PCE",7.400023
"1979-07-01","Trimmed-mean PCE",7.508657
"1979-08-01","Trimmed-mean PCE",7.686665
"1979-09-01","Trimmed-mean PCE",7.799842
"1979-10-01","Trimmed-mean PCE",7.906545
"1979-11-01","Trimmed-mean PCE",7.877188
"1979-12-01","Trimmed-mean PCE",8.030615
"1980-01-01","Trimmed-mean PCE",8.162819
"1980-02-01","Trimmed-mean PCE",8.363688
"1980-03-01","Trimmed-mean PCE",8.597561
"1980-04-01","Trimmed-mean PCE",8.56071
"1980-05-01","Trimmed-mean PCE",8.536043
"1980-06-01","Trimmed-mean PCE",8.690755
"1980-07-01","Trimmed-mean PCE",8.591881
"1980-08-01","Trimmed-mean PCE",8.561321
"1980-09-01","Trimmed-mean PCE",8.669903
"1980-10-01","Trimmed-mean PCE",8.567495
"1980-11-01","Trimmed-mean PCE",8.640403
"1980-12-01","Trimmed-mean PCE",8.661951
"1981-01-01","Trimmed-mean PCE",8.607459
"1981-02-01","Trimmed-mean PCE",8.588251
"1981-03-01","Trimmed-mean PCE",8.403414
"1981-04-01","Trimmed-mean PCE",8.505032
"1981-05-01","Trimmed-mean PCE",8.316969
"1981-06-01","Trimmed-mean PCE",8.071397
"1981-07-01","Trimmed-mean PCE",8.099415
"1981-08-01","Trimmed-mean PCE",8.027888
"1981-09-01","Trimmed-mean PCE",7.840753
"1981-10-01","Trimmed-mean PCE",7.642468
"1981-11-01","Trimmed-mean PCE",7.452708
"1981-12-01","Trimmed-mean PCE",7.181049
"1982-01-01","Trimmed-mean PCE",6.869861
"1982-02-01","Trimmed-mean PCE",6.440309
"1982-03-01","Trimmed-mean PCE",6.277526
"1982-04-01","Trimmed-mean PCE",5.945861
"1982-05-01","Trimmed-mean PCE",5.888077
"1982-06-01","Trimmed-mean PCE",5.854506
"1982-07-01","Trimmed-mean PCE",5.881571
"1982-08-01","Trimmed-mean PCE",5.599916
"1982-09-01","Trimmed-mean PCE",5.25545
"1982-10-01","Trimmed-mean PCE",5.188825
"1982-11-01","Trimmed-mean PCE",4.910512
"1982-12-01","Trimmed-mean PCE",4.729837
"1983-01-01","Trimmed-mean PCE",4.753223
"1983-02-01","Trimmed-mean PCE",4.683095
"1983-03-01","Trimmed-mean PCE",4.443907
"1983-04-01","Trimmed-mean PCE",4.567544
"1983-05-01","Trimmed-mean PCE",4.331713
"1983-06-01","Trimmed-mean PCE",4.157276
"1983-07-01","Trimmed-mean PCE",3.879708
"1983-08-01","Trimmed-mean PCE",3.791058
"1983-09-01","Trimmed-mean PCE",3.86178
"1983-10-01","Trimmed-mean PCE",3.630224
"1983-11-01","Trimmed-mean PCE",3.739358
"1983-12-01","Trimmed-mean PCE",3.714726
"1984-01-01","Trimmed-mean PCE",3.648189
"1984-02-01","Trimmed-mean PCE",3.703897
"1984-03-01","Trimmed-mean PCE",3.856826
"1984-04-01","Trimmed-mean PCE",3.840159
"1984-05-01","Trimmed-mean PCE",3.764296
"1984-06-01","Trimmed-mean PCE",3.787435
"1984-07-01","Trimmed-mean PCE",3.878772
"1984-08-01","Trimmed-mean PCE",3.953342
"1984-09-01","Trimmed-mean PCE",3.939228
"1984-10-01","Trimmed-mean PCE",4.004632
"1984-11-01","Trimmed-mean PCE",3.837006
"1984-12-01","Trimmed-mean PCE",3.94961
"1985-01-01","Trimmed-mean PCE",3.803492
"1985-02-01","Trimmed-mean PCE",3.887171
"1985-03-01","Trimmed-mean PCE",3.88048
"1985-04-01","Trimmed-mean PCE",3.695348
"1985-05-01","Trimmed-mean PCE",3.766922
"1985-06-01","Trimmed-mean PCE",3.816681
"1985-07-01","Trimmed-mean PCE",3.612165
"1985-08-01","Trimmed-mean PCE",3.585788
"1985-09-01","Trimmed-mean PCE",3.547996
"1985-10-01","Trimmed-mean PCE",3.495205
"1985-11-01","Trimmed-mean PCE",3.624921
"1985-12-01","Trimmed-mean PCE",3.631749
"1986-01-01","Trimmed-mean PCE",3.747283
"1986-02-01","Trimmed-mean PCE",3.51372
"1986-03-01","Trimmed-mean PCE",3.332959
"1986-04-01","Trimmed-mean PCE",3.389835
"1986-05-01","Trimmed-mean PCE",3.316667
"1986-06-01","Trimmed-mean PCE",3.310891
"1986-07-01","Trimmed-mean PCE",3.34143
"1986-08-01","Trimmed-mean PCE",3.272057
"1986-09-01","Trimmed-mean PCE",3.305345
"1986-10-01","Trimmed-mean PCE",3.383564
"1986-11-01","Trimmed-mean PCE",3.33238
"1986-12-01","Trimmed-mean PCE",3.266822
"1987-01-01","Trimmed-mean PCE",3.292555
"1987-02-01","Trimmed-mean PCE",3.325509
"1987-03-01","Trimmed-mean PCE",3.508341
"1987-04-01","Trimmed-mean PCE",3.658117
"1987-05-01","Trimmed-mean PCE",3.752124
"1987-06-01","Trimmed-mean PCE",3.684545
"1987-07-01","Trimmed-mean PCE",3.666354
"1987-08-01","Trimmed-mean PCE",3.794856
"1987-09-01","Trimmed-mean PCE",3.767373
"1987-10-01","Trimmed-mean PCE",3.778842
"1987-11-01","Trimmed-mean PCE",3.771421
"1987-12-01","Trimmed-mean PCE",3.679344
"1988-01-01","Trimmed-mean PCE",3.65501
"1988-02-01","Trimmed-mean PCE",3.634295
"1988-03-01","Trimmed-mean PCE",3.610548
"1988-04-01","Trimmed-mean PCE",3.568419
"1988-05-01","Trimmed-mean PCE",3.550528
"1988-06-01","Trimmed-mean PCE",3.659359
"1988-07-01","Trimmed-mean PCE",3.853008
"1988-08-01","Trimmed-mean PCE",3.811011
"1988-09-01","Trimmed-mean PCE",3.967337
"1988-10-01","Trimmed-mean PCE",3.924093
"1988-11-01","Trimmed-mean PCE",3.969255
"1988-12-01","Trimmed-mean PCE",4.10625
"1989-01-01","Trimmed-mean PCE",4.165285
"1989-02-01","Trimmed-mean PCE",4.259686
"1989-03-01","Trimmed-mean PCE",4.261507
"1989-04-01","Trimmed-mean PCE",4.260287
"1989-05-01","Trimmed-mean PCE",4.344102
"1989-06-01","Trimmed-mean PCE",4.232366
"1989-07-01","Trimmed-mean PCE",4.145161
"1989-08-01","Trimmed-mean PCE",4.065805
"1989-09-01","Trimmed-mean PCE",3.911973
"1989-10-01","Trimmed-mean PCE",4.056985
"1989-11-01","Trimmed-mean PCE",4.040423
"1989-12-01","Trimmed-mean PCE",4.063959
"1990-01-01","Trimmed-mean PCE",3.956089
"1990-02-01","Trimmed-mean PCE",3.924008
"1990-03-01","Trimmed-mean PCE",4.07313
"1990-04-01","Trimmed-mean PCE",4.029307
"1990-05-01","Trimmed-mean PCE",3.93499
"1990-06-01","Trimmed-mean PCE",4.076375
"1990-07-01","Trimmed-mean PCE",4.094136
"1990-08-01","Trimmed-mean PCE",4.271342
"1990-09-01","Trimmed-mean PCE",4.262288
"1990-10-01","Trimmed-mean PCE",4.145923
"1990-11-01","Trimmed-mean PCE",4.018961
"1990-12-01","Trimmed-mean PCE",3.974742
"1991-01-01","Trimmed-mean PCE",3.975909
"1991-02-01","Trimmed-mean PCE",3.879931
"1991-03-01","Trimmed-mean PCE",3.578959
"1991-04-01","Trimmed-mean PCE",3.494545
"1991-05-01","Trimmed-mean PCE",3.576631
"1991-06-01","Trimmed-mean PCE",3.350998
"1991-07-01","Trimmed-mean PCE",3.218235
"1991-08-01","Trimmed-mean PCE",3.022951
"1991-09-01","Trimmed-mean PCE",3.005772
"1991-10-01","Trimmed-mean PCE",2.936369
"1991-11-01","Trimmed-mean PCE",3.075786
"1991-12-01","Trimmed-mean PCE",3.107407
"1992-01-01","Trimmed-mean PCE",2.986044
"1992-02-01","Trimmed-mean PCE",3.002939
"1992-03-01","Trimmed-mean PCE",3.090966
"1992-04-01","Trimmed-mean PCE",3.024193
"1992-05-01","Trimmed-mean PCE",2.903641
"1992-06-01","Trimmed-mean PCE",2.900172
"1992-07-01","Trimmed-mean PCE",2.907088
"1992-08-01","Trimmed-mean PCE",2.84165
"1992-09-01","Trimmed-mean PCE",2.705339
"1992-10-01","Trimmed-mean PCE",2.737576
"1992-11-01","Trimmed-mean PCE",2.706118
"1992-12-01","Trimmed-mean PCE",2.596019
"1993-01-01","Trimmed-mean PCE",2.595839
"1993-02-01","Trimmed-mean PCE",2.588123
"1993-03-01","Trimmed-mean PCE",2.521115
"1993-04-01","Trimmed-mean PCE",2.60511
"1993-05-01","Trimmed-mean PCE",2.656425
"1993-06-01","Trimmed-mean PCE",2.624681
"1993-07-01","Trimmed-mean PCE",2.597067
"1993-08-01","Trimmed-mean PCE",2.58316
"1993-09-01","Trimmed-mean PCE",2.612069
"1993-10-01","Trimmed-mean PCE",2.558189
"1993-11-01","Trimmed-mean PCE",2.491173
"1993-12-01","Trimmed-mean PCE",2.456966
"1994-01-01","Trimmed-mean PCE",2.418285
"1994-02-01","Trimmed-mean PCE",2.419454
"1994-03-01","Trimmed-mean PCE",2.466725
"1994-04-01","Trimmed-mean PCE",2.36726
"1994-05-01","Trimmed-mean PCE",2.331079
"1994-06-01","Trimmed-mean PCE",2.381254
"1994-07-01","Trimmed-mean PCE",2.39248
"1994-08-01","Trimmed-mean PCE",2.374827
"1994-09-01","Trimmed-mean PCE",2.350984
"1994-10-01","Trimmed-mean PCE",2.3017
"1994-11-01","Trimmed-mean PCE",2.315015
"1994-12-01","Trimmed-mean PCE",2.277196
"1995-01-01","Trimmed-mean PCE",2.380546
"1995-02-01","Trimmed-mean PCE",2.309093
"1995-03-01","Trimmed-mean PCE",2.266658
"1995-04-01","Trimmed-mean PCE",2.318332
"1995-05-01","Trimmed-mean PCE",2.263369
"1995-06-01","Trimmed-mean PCE",2.203167
"1995-07-01","Trimmed-mean PCE",2.163634
"1995-08-01","Trimmed-mean PCE",2.213946
"1995-09-01","Trimmed-mean PCE",2.239985
"1995-10-01","Trimmed-mean PCE",2.326497
"1995-11-01","Trimmed-mean PCE",2.29784
"1995-12-01","Trimmed-mean PCE",2.347785
"1996-01-01","Trimmed-mean PCE",2.273848
"1996-02-01","Trimmed-mean PCE",2.281953
"1996-03-01","Trimmed-mean PCE",2.289773
"1996-04-01","Trimmed-mean PCE",2.240516
"1996-05-01","Trimmed-mean PCE",2.267189
"1996-06-01","Trimmed-mean PCE",2.304387
"1996-07-01","Trimmed-mean PCE",2.335321
"1996-08-01","Trimmed-mean PCE",2.330933
"1996-09-01","Trimmed-mean PCE",2.376769
"1996-10-01","Trimmed-mean PCE",2.345563
"1996-11-01","Trimmed-mean PCE",2.385242
"1996-12-01","Trimmed-mean PCE",2.363176
"1997-01-01","Trimmed-mean PCE",2.334177
"1997-02-01","Trimmed-mean PCE",2.333108
"1997-03-01","Trimmed-mean PCE",2.292198
"1997-04-01","Trimmed-mean PCE",2.305544
"1997-05-01","Trimmed-mean PCE",2.231049
"1997-06-01","Trimmed-mean PCE",2.221043
"1997-07-01","Trimmed-mean PCE",2.131371
"1997-08-01","Trimmed-mean PCE",2.064904
"1997-09-01","Trimmed-mean PCE",2.051805
"1997-10-01","Trimmed-mean PCE",1.896181
"1997-11-01","Trimmed-mean PCE",1.810685
"1997-12-01","Trimmed-mean PCE",1.743702
"1998-01-01","Trimmed-mean PCE",1.669569
"1998-02-01","Trimmed-mean PCE",1.617658
"1998-03-01","Trimmed-mean PCE",1.650969
"1998-04-01","Trimmed-mean PCE",1.625136
"1998-05-01","Trimmed-mean PCE",1.688761
"1998-06-01","Trimmed-mean PCE",1.620903
"1998-07-01","Trimmed-mean PCE",1.671558
"1998-08-01","Trimmed-mean PCE",1.715245
"1998-09-01","Trimmed-mean PCE",1.673538
"1998-10-01","Trimmed-mean PCE",1.759875
"1998-11-01","Trimmed-mean PCE",1.775573
"1998-12-01","Trimmed-mean PCE",1.804847
"1999-01-01","Trimmed-mean PCE",1.842884
"1999-02-01","Trimmed-mean PCE",1.797971
"1999-03-01","Trimmed-mean PCE",1.72006
"1999-04-01","Trimmed-mean PCE",1.769246
"1999-05-01","Trimmed-mean PCE",1.730025
"1999-06-01","Trimmed-mean PCE",1.747687
"1999-07-01","Trimmed-mean PCE",1.78408
"1999-08-01","Trimmed-mean PCE",1.745809
"1999-09-01","Trimmed-mean PCE",1.780545
"1999-10-01","Trimmed-mean PCE",1.775509
"1999-11-01","Trimmed-mean PCE",1.816258
"1999-12-01","Trimmed-mean PCE",1.837214
"2000-01-01","Trimmed-mean PCE",1.967858
"2000-02-01","Trimmed-mean PCE",2.09238
"2000-03-01","Trimmed-mean PCE",2.202118
"2000-04-01","Trimmed-mean PCE",2.143024
"2000-05-01","Trimmed-mean PCE",2.178157
"2000-06-01","Trimmed-mean PCE",2.230455
"2000-07-01","Trimmed-mean PCE",2.275163
"2000-08-01","Trimmed-mean PCE",2.300176
"2000-09-01","Trimmed-mean PCE",2.363987
"2000-10-01","Trimmed-mean PCE",2.413957
"2000-11-01","Trimmed-mean PCE",2.4292
"2000-12-01","Trimmed-mean PCE",2.471561
"2001-01-01","Trimmed-mean PCE",2.471815
"2001-02-01","Trimmed-mean PCE",2.503928
"2001-03-01","Trimmed-mean PCE",2.481585
"2001-04-01","Trimmed-mean PCE",2.590661
"2001-05-01","Trimmed-mean PCE",2.585369
"2001-06-01","Trimmed-mean PCE",2.670418
"2001-07-01","Trimmed-mean PCE",2.618264
"2001-08-01","Trimmed-mean PCE",2.665813
"2001-09-01","Trimmed-mean PCE",2.573399
"2001-10-01","Trimmed-mean PCE",2.547176
"2001-11-01","Trimmed-mean PCE",2.530948
"2001-12-01","Trimmed-mean PCE",2.455069
"2002-01-01","Trimmed-mean PCE",2.322976
"2002-02-01","Trimmed-mean PCE",2.293336
"2002-03-01","Trimmed-mean PCE",2.278841
"2002-04-01","Trimmed-mean PCE",2.220088
"2002-05-01","Trimmed-mean PCE",2.184659
"2002-06-01","Trimmed-mean PCE",2.087935
"2002-07-01","Trimmed-mean PCE",2.110791
"2002-08-01","Trimmed-mean PCE",2.078394
"2002-09-01","Trimmed-mean PCE",2.13614
"2002-10-01","Trimmed-mean PCE",2.143324
"2002-11-01","Trimmed-mean PCE",2.124038
"2002-12-01","Trimmed-mean PCE",2.166362
"2003-01-01","Trimmed-mean PCE",2.178336
"2003-02-01","Trimmed-mean PCE",2.13347
"2003-03-01","Trimmed-mean PCE",2.124472
"2003-04-01","Trimmed-mean PCE",1.99443
"2003-05-01","Trimmed-mean PCE",1.983296
"2003-06-01","Trimmed-mean PCE",1.915364
"2003-07-01","Trimmed-mean PCE",1.943638
"2003-08-01","Trimmed-mean PCE",1.95424
"2003-09-01","Trimmed-mean PCE",1.88738
"2003-10-01","Trimmed-mean PCE",1.880872
"2003-11-01","Trimmed-mean PCE",1.866128
"2003-12-01","Trimmed-mean PCE",1.833971
"2004-01-01","Trimmed-mean PCE",1.898623
"2004-02-01","Trimmed-mean PCE",1.966135
"2004-03-01","Trimmed-mean PCE",1.96524
"2004-04-01","Trimmed-mean PCE",2.171871
"2004-05-01","Trimmed-mean PCE",2.253166
"2004-06-01","Trimmed-mean PCE",2.369135
"2004-07-01","Trimmed-mean PCE",2.305724
"2004-08-01","Trimmed-mean PCE",2.270915
"2004-09-01","Trimmed-mean PCE",2.264861
"2004-10-01","Trimmed-mean PCE",2.272756
"2004-11-01","Trimmed-mean PCE",2.30841
"2004-12-01","Trimmed-mean PCE",2.335523
"2005-01-01","Trimmed-mean PCE",2.402322
"2005-02-01","Trimmed-mean PCE",2.422683
"2005-03-01","Trimmed-mean PCE",2.417321
"2005-04-01","Trimmed-mean PCE",2.326488
"2005-05-01","Trimmed-mean PCE",2.287726
"2005-06-01","Trimmed-mean PCE",2.224885
"2005-07-01","Trimmed-mean PCE",2.274582
"2005-08-01","Trimmed-mean PCE",2.28238
"2005-09-01","Trimmed-mean PCE",2.409231
"2005-10-01","Trimmed-mean PCE",2.462748
"2005-11-01","Trimmed-mean PCE",2.494986
"2005-12-01","Trimmed-mean PCE",2.469198
"2006-01-01","Trimmed-mean PCE",2.428356
"2006-02-01","Trimmed-mean PCE",2.362557
"2006-03-01","Trimmed-mean PCE",2.426548
"2006-04-01","Trimmed-mean PCE",2.503618
"2006-05-01","Trimmed-mean PCE",2.642451
"2006-06-01","Trimmed-mean PCE",2.803118
"2006-07-01","Trimmed-mean PCE",2.830211
"2006-08-01","Trimmed-mean PCE",2.910794
"2006-09-01","Trimmed-mean PCE",2.825452
"2006-10-01","Trimmed-mean PCE",2.768682
"2006-11-01","Trimmed-mean PCE",2.635088
"2006-12-01","Trimmed-mean PCE",2.744498
"2007-01-01","Trimmed-mean PCE",2.774521
"2007-02-01","Trimmed-mean PCE",2.887337
"2007-03-01","Trimmed-mean PCE",2.821857
"2007-04-01","Trimmed-mean PCE",2.737211
"2007-05-01","Trimmed-mean PCE",2.581705
"2007-06-01","Trimmed-mean PCE",2.476408
"2007-07-01","Trimmed-mean PCE",2.393228
"2007-08-01","Trimmed-mean PCE",2.334287
"2007-09-01","Trimmed-mean PCE",2.412557
"2007-10-01","Trimmed-mean PCE",2.492122
"2007-11-01","Trimmed-mean PCE",2.6851
"2007-12-01","Trimmed-mean PCE",2.65617
"2008-01-01","Trimmed-mean PCE",2.59015
"2008-02-01","Trimmed-mean PCE",2.472564
"2008-03-01","Trimmed-mean PCE",2.502611
"2008-04-01","Trimmed-mean PCE",2.531773
"2008-05-01","Trimmed-mean PCE",2.556709
"2008-06-01","Trimmed-mean PCE",2.616056
"2008-07-01","Trimmed-mean PCE",2.727244
"2008-08-01","Trimmed-mean PCE",2.690088
"2008-09-01","Trimmed-mean PCE",2.599257
"2008-10-01","Trimmed-mean PCE",2.482431
"2008-11-01","Trimmed-mean PCE",2.391206
"2008-12-01","Trimmed-mean PCE",2.249391
"2009-01-01","Trimmed-mean PCE",2.286805
"2009-02-01","Trimmed-mean PCE",2.282866
"2009-03-01","Trimmed-mean PCE",2.221788
"2009-04-01","Trimmed-mean PCE",2.147302
"2009-05-01","Trimmed-mean PCE",2.08517
"2009-06-01","Trimmed-mean PCE",1.951654
"2009-07-01","Trimmed-mean PCE",1.687883
"2009-08-01","Trimmed-mean PCE",1.675493
"2009-09-01","Trimmed-mean PCE",1.549999
"2009-10-01","Trimmed-mean PCE",1.566135
"2009-11-01","Trimmed-mean PCE",1.444773
"2009-12-01","Trimmed-mean PCE",1.438636
"2010-01-01","Trimmed-mean PCE",1.253574
"2010-02-01","Trimmed-mean PCE",1.13759
"2010-03-01","Trimmed-mean PCE",1.0499
"2010-04-01","Trimmed-mean PCE",0.99371
"2010-05-01","Trimmed-mean PCE",0.929
"2010-06-01","Trimmed-mean PCE",0.868321
"2010-07-01","Trimmed-mean PCE",0.913048
"2010-08-01","Trimmed-mean PCE",0.907732
"2010-09-01","Trimmed-mean PCE",0.958895
"2010-10-01","Trimmed-mean PCE",0.85287
"2010-11-01","Trimmed-mean PCE",0.896968
"2010-12-01","Trimmed-mean PCE",0.925954
"2011-01-01","Trimmed-mean PCE",1.043189
"2011-02-01","Trimmed-mean PCE",1.200855
"2011-03-01","Trimmed-mean PCE",1.333542
"2011-04-01","Trimmed-mean PCE",1.460472
"2011-05-01","Trimmed-mean PCE",1.591931
"2011-06-01","Trimmed-mean PCE",1.647831
"2011-07-01","Trimmed-mean PCE",1.728337
"2011-08-01","Trimmed-mean PCE",1.817355
"2011-09-01","Trimmed-mean PCE",1.87074
"2011-10-01","Trimmed-mean PCE",1.962264
"2011-11-01","Trimmed-mean PCE",2.017082
"2011-12-01","Trimmed-mean PCE",2.098247
"2012-01-01","Trimmed-mean PCE",2.124386
"2012-02-01","Trimmed-mean PCE",2.053837
"2012-03-01","Trimmed-mean PCE",2.034228
"2012-04-01","Trimmed-mean PCE",1.992755
"2012-05-01","Trimmed-mean PCE",1.941451
"2012-06-01","Trimmed-mean PCE",1.904322
"2012-07-01","Trimmed-mean PCE",1.873555
"2012-08-01","Trimmed-mean PCE",1.819551
"2012-09-01","Trimmed-mean PCE",1.816571
"2012-10-01","Trimmed-mean PCE",1.793579
"2012-11-01","Trimmed-mean PCE",1.712496
"2012-12-01","Trimmed-mean PCE",1.638237
"2013-01-01","Trimmed-mean PCE",1.603587
"2013-02-01","Trimmed-mean PCE",1.64881
"2013-03-01","Trimmed-mean PCE",1.592902
"2013-04-01","Trimmed-mean PCE",1.444175
"2013-05-01","Trimmed-mean PCE",1.423664
"2013-06-01","Trimmed-mean PCE",1.528924
"2013-07-01","Trimmed-mean PCE",1.564169
"2013-08-01","Trimmed-mean PCE",1.550236
"2013-09-01","Trimmed-mean PCE",1.542664
"2013-10-01","Trimmed-mean PCE",1.564782
"2013-11-01","Trimmed-mean PCE",1.64005
"2013-12-01","Trimmed-mean PCE",1.676172
"2014-01-01","Trimmed-mean PCE",1.642577
"2014-02-01","Trimmed-mean PCE",1.574125
"2014-03-01","Trimmed-mean PCE",1.592251
"2014-04-01","Trimmed-mean PCE",1.735538
"2014-05-01","Trimmed-mean PCE",1.781769
"2014-06-01","Trimmed-mean PCE",1.740407
"2014-07-01","Trimmed-mean PCE",1.742238
"2014-08-01","Trimmed-mean PCE",1.694486
"2014-09-01","Trimmed-mean PCE",1.694499
"2014-10-01","Trimmed-mean PCE",1.64949
"2014-11-01","Trimmed-mean PCE",1.625266
"2014-12-01","Trimmed-mean PCE",1.607495
"2015-01-01","Trimmed-mean PCE",1.482914
"2015-02-01","Trimmed-mean PCE",1.547126
"2015-03-01","Trimmed-mean PCE",1.544026
"2015-04-01","Trimmed-mean PCE",1.582684
"2015-05-01","Trimmed-mean PCE",1.543869
"2015-06-01","Trimmed-mean PCE",1.544221
"2015-07-01","Trimmed-mean PCE",1.542977
"2015-08-01","Trimmed-mean PCE",1.546964
"2015-09-01","Trimmed-mean PCE",1.551497
"2015-10-01","Trimmed-mean PCE",1.517128
"2015-11-01","Trimmed-mean PCE",1.490746
"2015-12-01","Trimmed-mean PCE",1.455246
"2016-01-01","Trimmed-mean PCE",1.580738
"2016-02-01","Trimmed-mean PCE",1.566422
"2016-03-01","Trimmed-mean PCE",1.605981
"2016-04-01","Trimmed-mean PCE",1.610177
"2016-05-01","Trimmed-mean PCE",1.673942
"2016-06-01","Trimmed-mean PCE",1.658146
"2016-07-01","Trimmed-mean PCE",1.659169
"2016-08-01","Trimmed-mean PCE",1.696443
"2016-09-01","Trimmed-mean PCE",1.725836
"2016-10-01","Trimmed-mean PCE",1.814868
"2016-11-01","Trimmed-mean PCE",1.815799
"2016-12-01","Trimmed-mean PCE",1.872513
"2017-01-01","Trimmed-mean PCE",1.925105
"2017-02-01","Trimmed-mean PCE",1.8843
"2017-03-01","Trimmed-mean PCE",1.821308
"2017-04-01","Trimmed-mean PCE",1.762188
"2017-05-01","Trimmed-mean PCE",1.663963
"2017-06-01","Trimmed-mean PCE",1.681229
"2017-07-01","Trimmed-mean PCE",1.621557
"2017-08-01","Trimmed-mean PCE",1.635681
"2017-09-01","Trimmed-mean PCE",1.601275
"2017-10-01","Trimmed-mean PCE",1.621516
"2017-11-01","Trimmed-mean PCE",1.646747
"2017-12-01","Trimmed-mean PCE",1.680241
"2018-01-01","Trimmed-mean PCE",1.729747
"2018-02-01","Trimmed-mean PCE",1.775728
"2018-03-01","Trimmed-mean PCE",1.799574
"2018-04-01","Trimmed-mean PCE",1.792107
"2018-05-01","Trimmed-mean PCE",1.874493
"2018-06-01","Trimmed-mean PCE",1.894676
"2018-07-01","Trimmed-mean PCE",1.955059
"2018-08-01","Trimmed-mean PCE",1.945022
"2018-09-01","Trimmed-mean PCE",1.971717
"2018-10-01","Trimmed-mean PCE",1.973158
"2018-11-01","Trimmed-mean PCE",2.035064
"2018-12-01","Trimmed-mean PCE",2.013393
"2019-01-01","Trimmed-mean PCE",1.905983
"2019-02-01","Trimmed-mean PCE",1.964818
"2019-03-01","Trimmed-mean PCE",2.002278
"2019-04-01","Trimmed-mean PCE",2.121712
"2019-05-01","Trimmed-mean PCE",2.035257
"2019-06-01","Trimmed-mean PCE",1.990115
"2019-07-01","Trimmed-mean PCE",2.019041
"2019-08-01","Trimmed-mean PCE",2.037141
"2019-09-01","Trimmed-mean PCE",1.965934
"2019-10-01","Trimmed-mean PCE",1.962457
"2019-11-01","Trimmed-mean PCE",1.896432
"2019-12-01","Trimmed-mean PCE",1.886129
"2020-01-01","Trimmed-mean PCE",1.958015
"2020-02-01","Trimmed-mean PCE",1.937635
"2020-03-01","Trimmed-mean PCE",1.893321
"2020-04-01","Trimmed-mean PCE",1.782263
"2020-05-01","Trimmed-mean PCE",1.86796
"2020-06-01","Trimmed-mean PCE",1.891794
"2020-07-01","Trimmed-mean PCE",1.927316
"2020-08-01","Trimmed-mean PCE",1.950661
"2020-09-01","Trimmed-mean PCE",1.948424
"2020-10-01","Trimmed-mean PCE",1.902353
"2020-11-01","Trimmed-mean PCE",1.839879
"2020-12-01","Trimmed-mean PCE",1.827038
"2021-01-01","Trimmed-mean PCE",1.771441
"2021-02-01","Trimmed-mean PCE",1.786856
"2021-03-01","Trimmed-mean PCE",1.842836
"2021-04-01","Trimmed-mean PCE",1.923712
"2021-05-01","Trimmed-mean PCE",1.956795
"2021-06-01","Trimmed-mean PCE",2.005359
"2021-07-01","Trimmed-mean PCE",2.063093
"2021-08-01","Trimmed-mean PCE",2.122079
"2021-09-01","Trimmed-mean PCE",2.355486
"2021-10-01","Trimmed-mean PCE",2.604176
"2021-11-01","Trimmed-mean PCE",2.841591
"2021-12-01","Trimmed-mean PCE",3.096258
"2022-01-01","Trimmed-mean PCE",3.480347
"2022-02-01","Trimmed-mean PCE",3.66004
"2022-03-01","Trimmed-mean PCE",3.748579
"2022-04-01","Trimmed-mean PCE",3.796752
"2022-05-01","Trimmed-mean PCE",4.022504
"2022-06-01","Trimmed-mean PCE",4.460008
"2022-07-01","Trimmed-mean PCE",4.560189
"2022-08-01","Trimmed-mean PCE",4.777848
"2022-09-01","Trimmed-mean PCE",4.755797
"2022-10-01","Trimmed-mean PCE",4.797173
"2022-11-01","Trimmed-mean PCE",4.754485
"2022-12-01","Trimmed-mean PCE",4.708853
"2023-01-01","Trimmed-mean PCE",4.570557
"2023-02-01","Trimmed-mean PCE",4.539046
"2023-03-01","Trimmed-mean PCE",4.6086
"2023-04-01","Trimmed-mean PCE",4.694028
"2023-05-01","Trimmed-mean PCE",4.572868
"2023-06-01","Trimmed-mean PCE",4.149031
"2023-07-01","Trimmed-mean PCE",4.015811
"2023-08-01","Trimmed-mean PCE",3.765655
"2023-09-01","Trimmed-mean PCE",3.694874
"2023-10-01","Trimmed-mean PCE",3.529638
"2023-11-01","Trimmed-mean PCE",3.452444
"2023-12-01","Trimmed-mean PCE",3.288564
"2024-01-01","Trimmed-mean PCE",3.330554
"2024-02-01","Trimmed-mean PCE",3.209205
"2024-03-01","Trimmed-mean PCE",3.138607
"2024-04-01","Trimmed-mean PCE",3.016209
"2024-05-01","Trimmed-mean PCE",2.920046
"2024-06-01","Trimmed-mean PCE",2.903265
"2024-07-01","Trimmed-mean PCE",2.828603
"2024-08-01","Trimmed-mean PCE",2.801715
"2024-09-01","Trimmed-mean PCE",2.823141
"2024-10-01","Trimmed-mean PCE",2.844629
"2024-11-01","Trimmed-mean PCE",2.873153
"2024-12-01","Trimmed-mean PCE",2.957856
"2025-01-01","Trimmed-mean PCE",2.733873
"2025-02-01","Trimmed-mean PCE",2.733253
"2025-03-01","Trimmed-mean PCE",2.711358
"2025-04-01","Trimmed-mean PCE",2.744989
"2025-05-01","Trimmed-mean PCE",2.71405
"2025-06-01","Trimmed-mean PCE",2.816176
"2025-07-01","Trimmed-mean PCE",2.810808
"2025-08-01","Trimmed-mean PCE",2.875551
"2025-09-01","Trimmed-mean PCE",2.78384
"2025-10-01","Trimmed-mean PCE",2.649406
"2025-11-01","Trimmed-mean PCE",2.578453
"2025-12-01","Trimmed-mean PCE",2.528942
"2026-01-01","Trimmed-mean PCE",2.506783
"2026-02-01","Trimmed-mean PCE",2.42572
"2026-03-01","Trimmed-mean PCE",2.408694
"2026-04-01","Trimmed-mean PCE",2.39748
"2026-05-01","Trimmed-mean PCE",2.452318
"2026-06-01","Trimmed-mean PCE",2.295195
"2026-07-01","Trimmed-mean PCE",2.294558
"2026-08-01","Trimmed-mean PCE",2.223821
