"date","measure","value"
"1959-02-01","Headline PCE",1.193501
"1959-03-01","Headline PCE",0.793437
"1959-04-01","Headline PCE",2.396054
"1959-05-01","Headline PCE",0.632617
"1959-06-01","Headline PCE",3.523168
"1959-07-01","Headline PCE",2.543754
"1959-08-01","Headline PCE",1.738858
"1959-09-01","Headline PCE",3.177494
"1959-10-01","Headline PCE",2.928265
"1959-11-01","Headline PCE",0.781908
"1959-12-01","Headline PCE",1.410543
"1960-01-01","Headline PCE",-0.697694
"1960-02-01","Headline PCE",1.252185
"1960-03-01","Headline PCE",0.701866
"1960-04-01","Headline PCE",4.438452
"1960-05-01","Headline PCE",1.245605
"1960-06-01","Headline PCE",0.542652
"1960-07-01","Headline PCE",2.185849
"1960-08-01","Headline PCE",2.024591
"1960-09-01","Headline PCE",0.695448
"1960-10-01","Headline PCE",1.394516
"1960-11-01","Headline PCE",4.152346
"1960-12-01","Headline PCE",0.230142
"1961-01-01","Headline PCE",0.230098
"1961-02-01","Headline PCE",1.077742
"1961-03-01","Headline PCE",-0.686649
"1961-04-01","Headline PCE",-0.687042
"1961-05-01","Headline PCE",0.691795
"1961-06-01","Headline PCE",0.537375
"1961-07-01","Headline PCE",2.633808
"1961-08-01","Headline PCE",0.997466
"1961-09-01","Headline PCE",1.382378
"1961-10-01","Headline PCE",-0.076203
"1961-11-01","Headline PCE",0.076261
"1961-12-01","Headline PCE",0.305343
"1962-01-01","Headline PCE",2.310405
"1962-02-01","Headline PCE",3.241923
"1962-03-01","Headline PCE",1.604806
"1962-04-01","Headline PCE",1.372279
"1962-05-01","Headline PCE",0.759394
"1962-06-01","Headline PCE",0.758914
"1962-07-01","Headline PCE",-0.678113
"1962-08-01","Headline PCE",1.753283
"1962-09-01","Headline PCE",6.051769
"1962-10-01","Headline PCE",-1.195726
"1962-11-01","Headline PCE",0.830576
"1962-12-01","Headline PCE",-0.450084
"1963-01-01","Headline PCE",2.972441
"1963-02-01","Headline PCE",1.282719
"1963-03-01","Headline PCE",-0.96981
"1963-04-01","Headline PCE",-0.07497
"1963-05-01","Headline PCE",1.967523
"1963-06-01","Headline PCE",2.652451
"1963-07-01","Headline PCE",2.417259
"1963-08-01","Headline PCE",1.652855
"1963-09-01","Headline PCE",-0.223166
"1963-10-01","Headline PCE",2.333428
"1963-11-01","Headline PCE",1.723181
"1963-12-01","Headline PCE",1.796136
"1964-01-01","Headline PCE",2.549387
"1964-02-01","Headline PCE",1.714511
"1964-03-01","Headline PCE",0.741103
"1964-04-01","Headline PCE",0.889377
"1964-05-01","Headline PCE",0.14762
"1964-06-01","Headline PCE",1.70952
"1964-07-01","Headline PCE",1.557592
"1964-08-01","Headline PCE",0.886203
"1964-09-01","Headline PCE",1.853001
"1964-10-01","Headline PCE",0.736329
"1964-11-01","Headline PCE",1.699938
"1964-12-01","Headline PCE",1.771935
"1965-01-01","Headline PCE",1.324322
"1965-02-01","Headline PCE",0.512553
"1965-03-01","Headline PCE",1.544229
"1965-04-01","Headline PCE",1.912645
"1965-05-01","Headline PCE",2.727526
"1965-06-01","Headline PCE",3.543381
"1965-07-01","Headline PCE",0.872722
"1965-08-01","Headline PCE",0.289925
"1965-09-01","Headline PCE",0.58048
"1965-10-01","Headline PCE",0.362264
"1965-11-01","Headline PCE",2.043601
"1965-12-01","Headline PCE",4.418377
"1966-01-01","Headline PCE",1.448114
"1966-02-01","Headline PCE",5.071388
"1966-03-01","Headline PCE",2.973224
"1966-04-01","Headline PCE",4.219107
"1966-05-01","Headline PCE",1.503956
"1966-06-01","Headline PCE",3.024803
"1966-07-01","Headline PCE",2.363718
"1966-08-01","Headline PCE",4.69527
"1966-09-01","Headline PCE",3.871653
"1966-10-01","Headline PCE",3.206668
"1966-11-01","Headline PCE",1.765336
"1966-12-01","Headline PCE",2.547335
"1967-01-01","Headline PCE",0.069822
"1967-02-01","Headline PCE",1.404883
"1967-03-01","Headline PCE",0.62924
"1967-04-01","Headline PCE",2.039491
"1967-05-01","Headline PCE",2.319825
"1967-06-01","Headline PCE",3.886106
"1967-07-01","Headline PCE",4.160573
"1967-08-01","Headline PCE",3.78881
"1967-09-01","Headline PCE",3.705772
"1967-10-01","Headline PCE",3.41124
"1967-11-01","Headline PCE",4.03776
"1967-12-01","Headline PCE",1.924561
"1968-01-01","Headline PCE",5.723083
"1968-02-01","Headline PCE",4.985724
"1968-03-01","Headline PCE",3.98232
"1968-04-01","Headline PCE",3.829913
"1968-05-01","Headline PCE",4.513362
"1968-06-01","Headline PCE",3.941729
"1968-07-01","Headline PCE",3.72219
"1968-08-01","Headline PCE",5.021602
"1968-09-01","Headline PCE",4.243115
"1968-10-01","Headline PCE",5.396844
"1968-11-01","Headline PCE",4.141271
"1968-12-01","Headline PCE",2.511299
"1969-01-01","Headline PCE",4.796975
"1969-02-01","Headline PCE",3.095682
"1969-03-01","Headline PCE",5.784139
"1969-04-01","Headline PCE",5.417519
"1969-05-01","Headline PCE",4.922584
"1969-06-01","Headline PCE",5.976441
"1969-07-01","Headline PCE",5.411325
"1969-08-01","Headline PCE",3.344643
"1969-09-01","Headline PCE",5.107096
"1969-10-01","Headline PCE",4.167304
"1969-11-01","Headline PCE",5.330542
"1969-12-01","Headline PCE",5.634768
"1970-01-01","Headline PCE",4.373678
"1970-02-01","Headline PCE",4.874153
"1970-03-01","Headline PCE",3.001343
"1970-04-01","Headline PCE",6.264675
"1970-05-01","Headline PCE",3.86246
"1970-06-01","Headline PCE",3.157231
"1970-07-01","Headline PCE",4.471789
"1970-08-01","Headline PCE",3.199733
"1970-09-01","Headline PCE",5.518454
"1970-10-01","Headline PCE",6.127392
"1970-11-01","Headline PCE",4.837918
"1970-12-01","Headline PCE",5.443374
"1971-01-01","Headline PCE",2.585353
"1971-02-01","Headline PCE",3.55519
"1971-03-01","Headline PCE",4.034093
"1971-04-01","Headline PCE",4.817648
"1971-05-01","Headline PCE",5.105181
"1971-06-01","Headline PCE",5.451197
"1971-07-01","Headline PCE",3.6686
"1971-08-01","Headline PCE",3.53755
"1971-09-01","Headline PCE",1.808366
"1971-10-01","Headline PCE",1.864387
"1971-11-01","Headline PCE",2.508683
"1971-12-01","Headline PCE",4.823568
"1972-01-01","Headline PCE",5.043938
"1972-02-01","Headline PCE",4.843793
"1972-03-01","Headline PCE",1.719731
"1972-04-01","Headline PCE",1.83271
"1972-05-01","Headline PCE",2.698211
"1972-06-01","Headline PCE",1.825826
"1972-07-01","Headline PCE",4.379513
"1972-08-01","Headline PCE",3.546886
"1972-09-01","Headline PCE",5.524087
"1972-10-01","Headline PCE",1.349495
"1972-11-01","Headline PCE",3.631675
"1972-12-01","Headline PCE",3.908587
"1973-01-01","Headline PCE",3.666305
"1973-02-01","Headline PCE",6.491066
"1973-03-01","Headline PCE",8.869992
"1973-04-01","Headline PCE",9.278119
"1973-05-01","Headline PCE",6.074148
"1973-06-01","Headline PCE",7.0732
"1973-07-01","Headline PCE",4.434106
"1973-08-01","Headline PCE",14.761408
"1973-09-01","Headline PCE",4.862183
"1973-10-01","Headline PCE",7.007006
"1973-11-01","Headline PCE",10.298409
"1973-12-01","Headline PCE",10.324434
"1974-01-01","Headline PCE",12.109251
"1974-02-01","Headline PCE",14.908994
"1974-03-01","Headline PCE",14.840761
"1974-04-01","Headline PCE",8.811237
"1974-05-01","Headline PCE",12.49323
"1974-06-01","Headline PCE",10.685404
"1974-07-01","Headline PCE",9.213275
"1974-08-01","Headline PCE",13.291181
"1974-09-01","Headline PCE",13.199247
"1974-10-01","Headline PCE",8.948074
"1974-11-01","Headline PCE",9.390241
"1974-12-01","Headline PCE",9.92533
"1975-01-01","Headline PCE",7.698022
"1975-02-01","Headline PCE",6.719198
"1975-03-01","Headline PCE",4.141447
"1975-04-01","Headline PCE",4.127205
"1975-05-01","Headline PCE",4.916122
"1975-06-01","Headline PCE",7.763865
"1975-07-01","Headline PCE",10.781637
"1975-08-01","Headline PCE",5.335251
"1975-09-01","Headline PCE",6.104579
"1975-10-01","Headline PCE",7.196565
"1975-11-01","Headline PCE",7.997744
"1975-12-01","Headline PCE",6.828399
"1976-01-01","Headline PCE",4.646491
"1976-02-01","Headline PCE",1.565356
"1976-03-01","Headline PCE",1.826037
"1976-04-01","Headline PCE",2.746275
"1976-05-01","Headline PCE",5.865054
"1976-06-01","Headline PCE",5.387076
"1976-07-01","Headline PCE",6.259548
"1976-08-01","Headline PCE",6.810441
"1976-09-01","Headline PCE",6.951062
"1976-10-01","Headline PCE",6.466601
"1976-11-01","Headline PCE",5.596779
"1976-12-01","Headline PCE",6.930042
"1977-01-01","Headline PCE",7.197573
"1977-02-01","Headline PCE",9.805612
"1977-03-01","Headline PCE",6.190995
"1977-04-01","Headline PCE",7.19017
"1977-05-01","Headline PCE",6.250304
"1977-06-01","Headline PCE",6.939713
"1977-07-01","Headline PCE",6.392875
"1977-08-01","Headline PCE",5.731843
"1977-09-01","Headline PCE",4.630768
"1977-10-01","Headline PCE",5.723912
"1977-11-01","Headline PCE",7.104176
"1977-12-01","Headline PCE",5.99108
"1978-01-01","Headline PCE",7.315774
"1978-02-01","Headline PCE",5.722835
"1978-03-01","Headline PCE",8.056057
"1978-04-01","Headline PCE",9.481306
"1978-05-01","Headline PCE",8.916019
"1978-06-01","Headline PCE",8.123154
"1978-07-01","Headline PCE",6.756146
"1978-08-01","Headline PCE",6.247447
"1978-09-01","Headline PCE",7.036006
"1978-10-01","Headline PCE",9.996428
"1978-11-01","Headline PCE",7.01533
"1978-12-01","Headline PCE",5.750306
"1979-01-01","Headline PCE",9.455435
"1979-02-01","Headline PCE",6.584143
"1979-03-01","Headline PCE",9.793347
"1979-04-01","Headline PCE",13.258068
"1979-05-01","Headline PCE",13.152437
"1979-06-01","Headline PCE",10.373299
"1979-07-01","Headline PCE",9.537517
"1979-08-01","Headline PCE",9.573192
"1979-09-01","Headline PCE",11.121318
"1979-10-01","Headline PCE",10.24897
"1979-11-01","Headline PCE",8.649661
"1979-12-01","Headline PCE",10.557642
"1980-01-01","Headline PCE",13.325905
"1980-02-01","Headline PCE",13.796819
"1980-03-01","Headline PCE",15.779767
"1980-04-01","Headline PCE",6.437234
"1980-05-01","Headline PCE",9.743317
"1980-06-01","Headline PCE",7.846361
"1980-07-01","Headline PCE",9.736566
"1980-08-01","Headline PCE",10.464008
"1980-09-01","Headline PCE",11.682602
"1980-10-01","Headline PCE",10.043105
"1980-11-01","Headline PCE",10.221705
"1980-12-01","Headline PCE",8.074333
"1981-01-01","Headline PCE",12.149407
"1981-02-01","Headline PCE",12.842241
"1981-03-01","Headline PCE",8.700356
"1981-04-01","Headline PCE",5.363005
"1981-05-01","Headline PCE",5.519532
"1981-06-01","Headline PCE",4.896891
"1981-07-01","Headline PCE",7.487377
"1981-08-01","Headline PCE",7.773086
"1981-09-01","Headline PCE",7.51303
"1981-10-01","Headline PCE",5.575277
"1981-11-01","Headline PCE",6.633816
"1981-12-01","Headline PCE",3.763348
"1982-01-01","Headline PCE",7.367062
"1982-02-01","Headline PCE",3.672471
"1982-03-01","Headline PCE",3.126805
"1982-04-01","Headline PCE",0.600312
"1982-05-01","Headline PCE",7.363432
"1982-06-01","Headline PCE",9.062182
"1982-07-01","Headline PCE",7.350024
"1982-08-01","Headline PCE",3.772935
"1982-09-01","Headline PCE",3.376506
"1982-10-01","Headline PCE",6.950502
"1982-11-01","Headline PCE",3.674695
"1982-12-01","Headline PCE",1.830006
"1983-01-01","Headline PCE",5.739525
"1983-02-01","Headline PCE",2.058112
"1983-03-01","Headline PCE",1.550578
"1983-04-01","Headline PCE",5.612549
"1983-05-01","Headline PCE",3.452144
"1983-06-01","Headline PCE",4.568644
"1983-07-01","Headline PCE",6.993417
"1983-08-01","Headline PCE",5.248178
"1983-09-01","Headline PCE",4.293205
"1983-10-01","Headline PCE",2.053625
"1983-11-01","Headline PCE",1.714372
"1983-12-01","Headline PCE",0.661169
"1984-01-01","Headline PCE",5.346523
"1984-02-01","Headline PCE",8.37887
"1984-03-01","Headline PCE",4.006241
"1984-04-01","Headline PCE",4.66809
"1984-05-01","Headline PCE",1.528521
"1984-06-01","Headline PCE",2.158372
"1984-07-01","Headline PCE",4.377266
"1984-08-01","Headline PCE",3.746076
"1984-09-01","Headline PCE",1.638698
"1984-10-01","Headline PCE",2.867251
"1984-11-01","Headline PCE",1.707369
"1984-12-01","Headline PCE",3.436495
"1985-01-01","Headline PCE",6.157321
"1985-02-01","Headline PCE",5.715577
"1985-03-01","Headline PCE",4.800294
"1985-04-01","Headline PCE",1.750609
"1985-05-01","Headline PCE",2.879493
"1985-06-01","Headline PCE",3.317383
"1985-07-01","Headline PCE",2.987727
"1985-08-01","Headline PCE",4.041262
"1985-09-01","Headline PCE",2.044162
"1985-10-01","Headline PCE",2.016457
"1985-11-01","Headline PCE",3.547184
"1985-12-01","Headline PCE",4.100355
"1986-01-01","Headline PCE",5.664054
"1986-02-01","Headline PCE",0
"1986-03-01","Headline PCE",-2.599466
"1986-04-01","Headline PCE",-2.421113
"1986-05-01","Headline PCE",2.216109
"1986-06-01","Headline PCE",4.566903
"1986-07-01","Headline PCE",0.305406
"1986-08-01","Headline PCE",1.511426
"1986-09-01","Headline PCE",4.007111
"1986-10-01","Headline PCE",2.169301
"1986-11-01","Headline PCE",2.165387
"1986-12-01","Headline PCE",1.664366
"1987-01-01","Headline PCE",5.793981
"1987-02-01","Headline PCE",4.290716
"1987-03-01","Headline PCE",3.226727
"1987-04-01","Headline PCE",4.574766
"1987-05-01","Headline PCE",3.088145
"1987-06-01","Headline PCE",4.640816
"1987-07-01","Headline PCE",2.811418
"1987-08-01","Headline PCE",4.848876
"1987-09-01","Headline PCE",4.123262
"1987-10-01","Headline PCE",3.875563
"1987-11-01","Headline PCE",2.292555
"1987-12-01","Headline PCE",2.242411
"1988-01-01","Headline PCE",4.75559
"1988-02-01","Headline PCE",1.798109
"1988-03-01","Headline PCE",4.196752
"1988-04-01","Headline PCE",5.99297
"1988-05-01","Headline PCE",3.544424
"1988-06-01","Headline PCE",5.228195
"1988-07-01","Headline PCE",5.988927
"1988-08-01","Headline PCE",3.614107
"1988-09-01","Headline PCE",6.009932
"1988-10-01","Headline PCE",3.988576
"1988-11-01","Headline PCE",2.818694
"1988-12-01","Headline PCE",3.809978
"1989-01-01","Headline PCE",6.334725
"1989-02-01","Headline PCE",4.065667
"1989-03-01","Headline PCE",4.560566
"1989-04-01","Headline PCE",8.290525
"1989-05-01","Headline PCE",4.468791
"1989-06-01","Headline PCE",2.654268
"1989-07-01","Headline PCE",2.906011
"1989-08-01","Headline PCE",0.146289
"1989-09-01","Headline PCE",2.705874
"1989-10-01","Headline PCE",4.790041
"1989-11-01","Headline PCE",2.646629
"1989-12-01","Headline PCE",3.53518
"1990-01-01","Headline PCE",9.473818
"1990-02-01","Headline PCE",5.417558
"1990-03-01","Headline PCE",4.625003
"1990-04-01","Headline PCE",2.549949
"1990-05-01","Headline PCE",2.731518
"1990-06-01","Headline PCE",5.433546
"1990-07-01","Headline PCE",3.002665
"1990-08-01","Headline PCE",8.278472
"1990-09-01","Headline PCE",7.622206
"1990-10-01","Headline PCE",7.087075
"1990-11-01","Headline PCE",1.530089
"1990-12-01","Headline PCE",1.129176
"1991-01-01","Headline PCE",4.664918
"1991-02-01","Headline PCE",0.609769
"1991-03-01","Headline PCE",0.255167
"1991-04-01","Headline PCE",2.197552
"1991-05-01","Headline PCE",5.084448
"1991-06-01","Headline PCE",2.045362
"1991-07-01","Headline PCE",1.903257
"1991-08-01","Headline PCE",2.832834
"1991-09-01","Headline PCE",4.206146
"1991-10-01","Headline PCE",2.263099
"1991-11-01","Headline PCE",2.672732
"1991-12-01","Headline PCE",3.041744
"1992-01-01","Headline PCE",1.642859
"1992-02-01","Headline PCE",3.088963
"1992-03-01","Headline PCE",2.943579
"1992-04-01","Headline PCE",3.28929
"1992-05-01","Headline PCE",1.608725
"1992-06-01","Headline PCE",2.14733
"1992-07-01","Headline PCE",4.033859
"1992-08-01","Headline PCE",1.617562
"1992-09-01","Headline PCE",1.979726
"1992-10-01","Headline PCE",4.32104
"1992-11-01","Headline PCE",2.390591
"1992-12-01","Headline PCE",2.118192
"1993-01-01","Headline PCE",2.956295
"1993-02-01","Headline PCE",1.824445
"1993-03-01","Headline PCE",2.486413
"1993-04-01","Headline PCE",3.24424
"1993-05-01","Headline PCE",3.771192
"1993-06-01","Headline PCE",0.407331
"1993-07-01","Headline PCE",1.93834
"1993-08-01","Headline PCE",2.066694
"1993-09-01","Headline PCE",1.259321
"1993-10-01","Headline PCE",3.836666
"1993-11-01","Headline PCE",2.29758
"1993-12-01","Headline PCE",0.274874
"1994-01-01","Headline PCE",0.403293
"1994-02-01","Headline PCE",2.816023
"1994-03-01","Headline PCE",3.353589
"1994-04-01","Headline PCE",1.428809
"1994-05-01","Headline PCE",1.759083
"1994-06-01","Headline PCE",2.96182
"1994-07-01","Headline PCE",3.85074
"1994-08-01","Headline PCE",2.796918
"1994-09-01","Headline PCE",1.340823
"1994-10-01","Headline PCE",2.051786
"1994-11-01","Headline PCE",2.304713
"1994-12-01","Headline PCE",0.773476
"1995-01-01","Headline PCE",2.463534
"1995-02-01","Headline PCE",2.148176
"1995-03-01","Headline PCE",2.235351
"1995-04-01","Headline PCE",3.198697
"1995-05-01","Headline PCE",1.863329
"1995-06-01","Headline PCE",1.177017
"1995-07-01","Headline PCE",1.516711
"1995-08-01","Headline PCE",2.614818
"1995-09-01","Headline PCE",0.833212
"1995-10-01","Headline PCE",3.150714
"1995-11-01","Headline PCE",-0.0352
"1995-12-01","Headline PCE",2.330564
"1996-01-01","Headline PCE",2.703503
"1996-02-01","Headline PCE",1.909814
"1996-03-01","Headline PCE",3.683878
"1996-04-01","Headline PCE",3.65457
"1996-05-01","Headline PCE",2.090135
"1996-06-01","Headline PCE",-0.017367
"1996-07-01","Headline PCE",2.565467
"1996-08-01","Headline PCE",1.149913
"1996-09-01","Headline PCE",3.447083
"1996-10-01","Headline PCE",3.686822
"1996-11-01","Headline PCE",2.155596
"1996-12-01","Headline PCE",1.400806
"1997-01-01","Headline PCE",1.573149
"1997-02-01","Headline PCE",2.531586
"1997-03-01","Headline PCE",1.273211
"1997-04-01","Headline PCE",1.18546
"1997-05-01","Headline PCE",-0.544911
"1997-06-01","Headline PCE",1.547979
"1997-07-01","Headline PCE",0.718755
"1997-08-01","Headline PCE",0.958815
"1997-09-01","Headline PCE",2.934412
"1997-10-01","Headline PCE",1.574546
"1997-11-01","Headline PCE",0.067902
"1997-12-01","Headline PCE",-0.254243
"1998-01-01","Headline PCE",0.595671
"1998-02-01","Headline PCE",-0.625883
"1998-03-01","Headline PCE",0.186867
"1998-04-01","Headline PCE",1.503689
"1998-05-01","Headline PCE",1.65656
"1998-06-01","Headline PCE",-1.010872
"1998-07-01","Headline PCE",3.005253
"1998-08-01","Headline PCE",1.668733
"1998-09-01","Headline PCE",-0.689715
"1998-10-01","Headline PCE",2.66617
"1998-11-01","Headline PCE",0.050557
"1998-12-01","Headline PCE",1.219807
"1999-01-01","Headline PCE",1.696121
"1999-02-01","Headline PCE",-0.67022
"1999-03-01","Headline PCE",0.911886
"1999-04-01","Headline PCE",5.953895
"1999-05-01","Headline PCE",0.788824
"1999-06-01","Headline PCE",0.368288
"1999-07-01","Headline PCE",3.238132
"1999-08-01","Headline PCE",2.204789
"1999-09-01","Headline PCE",4.393892
"1999-10-01","Headline PCE",2.040747
"1999-11-01","Headline PCE",1.080749
"1999-12-01","Headline PCE",2.829668
"2000-01-01","Headline PCE",3.314713
"2000-02-01","Headline PCE",3.849124
"2000-03-01","Headline PCE",5.271403
"2000-04-01","Headline PCE",-0.991318
"2000-05-01","Headline PCE",1.001243
"2000-06-01","Headline PCE",4.141628
"2000-07-01","Headline PCE",3.051881
"2000-08-01","Headline PCE",-0.081118
"2000-09-01","Headline PCE",5.285226
"2000-10-01","Headline PCE",1.644546
"2000-11-01","Headline PCE",1.691453
"2000-12-01","Headline PCE",1.852853
"2001-01-01","Headline PCE",5.966427
"2001-02-01","Headline PCE",1.873583
"2001-03-01","Headline PCE",0.111986
"2001-04-01","Headline PCE",2.130987
"2001-05-01","Headline PCE",3.206296
"2001-06-01","Headline PCE",2.137797
"2001-07-01","Headline PCE",-0.396534
"2001-08-01","Headline PCE",-0.142966
"2001-09-01","Headline PCE",-4.009989
"2001-10-01","Headline PCE",4.310076
"2001-11-01","Headline PCE",-0.807677
"2001-12-01","Headline PCE",-1.233674
"2002-01-01","Headline PCE",1.088149
"2002-02-01","Headline PCE",2.039204
"2002-03-01","Headline PCE",3.304803
"2002-04-01","Headline PCE",5.138091
"2002-05-01","Headline PCE",0.7915
"2002-06-01","Headline PCE",1.507759
"2002-07-01","Headline PCE",2.677099
"2002-08-01","Headline PCE",2.38185
"2002-09-01","Headline PCE",2.185072
"2002-10-01","Headline PCE",2.213029
"2002-11-01","Headline PCE",1.193656
"2002-12-01","Headline PCE",1.160923
"2003-01-01","Headline PCE",3.645288
"2003-02-01","Headline PCE",5.170372
"2003-03-01","Headline PCE",3.124118
"2003-04-01","Headline PCE",-2.019026
"2003-05-01","Headline PCE",-1.367763
"2003-06-01","Headline PCE",1.308359
"2003-07-01","Headline PCE",3.583874
"2003-08-01","Headline PCE",4.131968
"2003-09-01","Headline PCE",3.815179
"2003-10-01","Headline PCE",0.153319
"2003-11-01","Headline PCE",1.527189
"2003-12-01","Headline PCE",2.679227
"2004-01-01","Headline PCE",4.740927
"2004-02-01","Headline PCE",2.584971
"2004-03-01","Headline PCE",1.867151
"2004-04-01","Headline PCE",2.250179
"2004-05-01","Headline PCE",3.97244
"2004-06-01","Headline PCE",3.476121
"2004-07-01","Headline PCE",1.118038
"2004-08-01","Headline PCE",0.617472
"2004-09-01","Headline PCE",2.39755
"2004-10-01","Headline PCE",5.276777
"2004-11-01","Headline PCE",4.723377
"2004-12-01","Headline PCE",0.64082
"2005-01-01","Headline PCE",1.585646
"2005-02-01","Headline PCE",3.388684
"2005-03-01","Headline PCE",3.653945
"2005-04-01","Headline PCE",3.414511
"2005-05-01","Headline PCE",0.678547
"2005-06-01","Headline PCE",0.75213
"2005-07-01","Headline PCE",5.202067
"2005-08-01","Headline PCE",4.950064
"2005-09-01","Headline PCE",12.215817
"2005-10-01","Headline PCE",1.935882
"2005-11-01","Headline PCE",-2.477858
"2005-12-01","Headline PCE",0
"2006-01-01","Headline PCE",5.974964
"2006-02-01","Headline PCE",0.72064
"2006-03-01","Headline PCE",2.350758
"2006-04-01","Headline PCE",5.718627
"2006-05-01","Headline PCE",3.271442
"2006-06-01","Headline PCE",2.999167
"2006-07-01","Headline PCE",4.178754
"2006-08-01","Headline PCE",3.84175
"2006-09-01","Headline PCE",-3.098712
"2006-10-01","Headline PCE",-2.79045
"2006-11-01","Headline PCE",0.411627
"2006-12-01","Headline PCE",4.347187
"2007-01-01","Headline PCE",4.082352
"2007-02-01","Headline PCE",3.791659
"2007-03-01","Headline PCE",4.478193
"2007-04-01","Headline PCE",2.858873
"2007-05-01","Headline PCE",3.540674
"2007-06-01","Headline PCE",2.573112
"2007-07-01","Headline PCE",1.846038
"2007-08-01","Headline PCE",0.820043
"2007-09-01","Headline PCE",4.720943
"2007-10-01","Headline PCE",3.700436
"2007-11-01","Headline PCE",6.551835
"2007-12-01","Headline PCE",2.810658
"2008-01-01","Headline PCE",3.070197
"2008-02-01","Headline PCE",2.420847
"2008-03-01","Headline PCE",3.489691
"2008-04-01","Headline PCE",2.243077
"2008-05-01","Headline PCE",5.271962
"2008-06-01","Headline PCE",9.061918
"2008-07-01","Headline PCE",5.729224
"2008-08-01","Headline PCE",-0.966384
"2008-09-01","Headline PCE",1.002671
"2008-10-01","Headline PCE",-7.643308
"2008-11-01","Headline PCE",-13.277609
"2008-12-01","Headline PCE",-6.502566
"2009-01-01","Headline PCE",0.136297
"2009-02-01","Headline PCE",2.173256
"2009-03-01","Headline PCE",-1.310799
"2009-04-01","Headline PCE",1.728432
"2009-05-01","Headline PCE",1.257544
"2009-06-01","Headline PCE",7.365273
"2009-07-01","Headline PCE",0.135048
"2009-08-01","Headline PCE",3.537804
"2009-09-01","Headline PCE",1.954955
"2009-10-01","Headline PCE",4.650482
"2009-11-01","Headline PCE",3.039429
"2009-12-01","Headline PCE",0.696418
"2010-01-01","Headline PCE",2.660346
"2010-02-01","Headline PCE",-0.026623
"2010-03-01","Headline PCE",1.703981
"2010-04-01","Headline PCE",0.653393
"2010-05-01","Headline PCE",0.386021
"2010-06-01","Headline PCE",-0.503599
"2010-07-01","Headline PCE",1.028057
"2010-08-01","Headline PCE",1.658899
"2010-09-01","Headline PCE",1.199892
"2010-10-01","Headline PCE",3.89604
"2010-11-01","Headline PCE",2.416292
"2010-12-01","Headline PCE",2.748666
"2011-01-01","Headline PCE",3.662661
"2011-02-01","Headline PCE",3.39442
"2011-03-01","Headline PCE",4.931774
"2011-04-01","Headline PCE",5.211294
"2011-05-01","Headline PCE",3.704613
"2011-06-01","Headline PCE",-0.245313
"2011-07-01","Headline PCE",2.061918
"2011-08-01","Headline PCE",2.863411
"2011-09-01","Headline PCE",1.699869
"2011-10-01","Headline PCE",0.025719
"2011-11-01","Headline PCE",2.48366
"2011-12-01","Headline PCE",0.695105
"2012-01-01","Headline PCE",4.181776
"2012-02-01","Headline PCE",2.71714
"2012-03-01","Headline PCE",2.319635
"2012-04-01","Headline PCE",1.589677
"2012-05-01","Headline PCE",-1.339054
"2012-06-01","Headline PCE",-0.609097
"2012-07-01","Headline PCE",0.433733
"2012-08-01","Headline PCE",4.109892
"2012-09-01","Headline PCE",3.714873
"2012-10-01","Headline PCE",3.611926
"2012-11-01","Headline PCE",-0.81648
"2012-12-01","Headline PCE",-0.189092
"2013-01-01","Headline PCE",2.308119
"2013-02-01","Headline PCE",4.354302
"2013-03-01","Headline PCE",-1.569947
"2013-04-01","Headline PCE",-1.212214
"2013-05-01","Headline PCE",0.884149
"2013-06-01","Headline PCE",2.697756
"2013-07-01","Headline PCE",1.502837
"2013-08-01","Headline PCE",1.793429
"2013-09-01","Headline PCE",0.526628
"2013-10-01","Headline PCE",1.599505
"2013-11-01","Headline PCE",1.80027
"2013-12-01","Headline PCE",2.114859
"2014-01-01","Headline PCE",2.517863
"2014-02-01","Headline PCE",0.572844
"2014-03-01","Headline PCE",1.941333
"2014-04-01","Headline PCE",2.152856
"2014-05-01","Headline PCE",1.997708
"2014-06-01","Headline PCE",1.317242
"2014-07-01","Headline PCE",1.716127
"2014-08-01","Headline PCE",-0.147757
"2014-09-01","Headline PCE",0.419787
"2014-10-01","Headline PCE",-0.356657
"2014-11-01","Headline PCE",-1.139979
"2014-12-01","Headline PCE",-2.088867
"2015-01-01","Headline PCE",-5.60828
"2015-02-01","Headline PCE",2.143818
"2015-03-01","Headline PCE",2.291735
"2015-04-01","Headline PCE",1.069032
"2015-05-01","Headline PCE",2.917997
"2015-06-01","Headline PCE",2.355339
"2015-07-01","Headline PCE",1.100719
"2015-08-01","Headline PCE",0.086095
"2015-09-01","Headline PCE",-1.647066
"2015-10-01","Headline PCE",0
"2015-11-01","Headline PCE",0.753536
"2015-12-01","Headline PCE",-1.004186
"2016-01-01","Headline PCE",0.493643
"2016-02-01","Headline PCE",-0.625915
"2016-03-01","Headline PCE",2.844153
"2016-04-01","Headline PCE",4.003108
"2016-05-01","Headline PCE",1.977015
"2016-06-01","Headline PCE",2.123225
"2016-07-01","Headline PCE",0.207673
"2016-08-01","Headline PCE",1.684585
"2016-09-01","Headline PCE",2.302608
"2016-10-01","Headline PCE",2.484627
"2016-11-01","Headline PCE",0.40127
"2016-12-01","Headline PCE",2.082281
"2017-01-01","Headline PCE",4.701112
"2017-02-01","Headline PCE",1.64116
"2017-03-01","Headline PCE",-0.612816
"2017-04-01","Headline PCE",2.314854
"2017-05-01","Headline PCE",-0.516198
"2017-06-01","Headline PCE",1.015916
"2017-07-01","Headline PCE",0.44595
"2017-08-01","Headline PCE",2.726803
"2017-09-01","Headline PCE",4.567718
"2017-10-01","Headline PCE",1.577022
"2017-11-01","Headline PCE",1.732479
"2017-12-01","Headline PCE",1.754201
"2018-01-01","Headline PCE",4.593006
"2018-02-01","Headline PCE",2.603713
"2018-03-01","Headline PCE",1.285416
"2018-04-01","Headline PCE",2.898207
"2018-05-01","Headline PCE",2.083187
"2018-06-01","Headline PCE",1.040826
"2018-07-01","Headline PCE",1.277648
"2018-08-01","Headline PCE",0.83737
"2018-09-01","Headline PCE",2.493614
"2018-10-01","Headline PCE",2.093681
"2018-11-01","Headline PCE",0.410146
"2018-12-01","Headline PCE",0.833333
"2019-01-01","Headline PCE",-0.617519
"2019-02-01","Headline PCE",2.220077
"2019-03-01","Headline PCE",2.753031
"2019-04-01","Headline PCE",3.441131
"2019-05-01","Headline PCE",0.874227
"2019-06-01","Headline PCE",0.569956
"2019-07-01","Headline PCE",1.612037
"2019-08-01","Headline PCE",0.557285
"2019-09-01","Headline PCE",0.731679
"2019-10-01","Headline PCE",2.14943
"2019-11-01","Headline PCE",1.242623
"2019-12-01","Headline PCE",3.313925
"2020-01-01","Headline PCE",2.125758
"2020-02-01","Headline PCE",0.957377
"2020-03-01","Headline PCE",-3.411003
"2020-04-01","Headline PCE",-4.870916
"2020-05-01","Headline PCE",1.208515
"2020-06-01","Headline PCE",3.853145
"2020-07-01","Headline PCE",3.602802
"2020-08-01","Headline PCE",3.402546
"2020-09-01","Headline PCE",2.160903
"2020-10-01","Headline PCE",1.079002
"2020-11-01","Headline PCE",1.227958
"2020-12-01","Headline PCE",5.145134
"2021-01-01","Headline PCE",4.23525
"2021-02-01","Headline PCE",4.337925
"2021-03-01","Headline PCE",6.71447
"2021-04-01","Headline PCE",6.154811
"2021-05-01","Headline PCE",5.911532
"2021-06-01","Headline PCE",6.857866
"2021-07-01","Headline PCE",5.59363
"2021-08-01","Headline PCE",4.911064
"2021-09-01","Headline PCE",3.888842
"2021-10-01","Headline PCE",8.523413
"2021-11-01","Headline PCE",8.26497
"2021-12-01","Headline PCE",7.263023
"2022-01-01","Headline PCE",6.502577
"2022-02-01","Headline PCE",7.62377
"2022-03-01","Headline PCE",11.756629
"2022-04-01","Headline PCE",2.793274
"2022-05-01","Headline PCE",7.720687
"2022-06-01","Headline PCE",12.184542
"2022-07-01","Headline PCE",1.430608
"2022-08-01","Headline PCE",2.85539
"2022-09-01","Headline PCE",4.002354
"2022-10-01","Headline PCE",6.259294
"2022-11-01","Headline PCE",3.295518
"2022-12-01","Headline PCE",1.543536
"2023-01-01","Headline PCE",5.891171
"2023-02-01","Headline PCE",3.349546
"2023-03-01","Headline PCE",3.050257
"2023-04-01","Headline PCE",3.280043
"2023-05-01","Headline PCE",2.45961
"2023-06-01","Headline PCE",2.843378
"2023-07-01","Headline PCE",1.61637
"2023-08-01","Headline PCE",3.776156
"2023-09-01","Headline PCE",4.650447
"2023-10-01","Headline PCE",1.532868
"2023-11-01","Headline PCE",0.782675
"2023-12-01","Headline PCE",1.230204
"2024-01-01","Headline PCE",4.485176
"2024-02-01","Headline PCE",4.070555
"2024-03-01","Headline PCE",4.800186
"2024-04-01","Headline PCE",1.927573
"2024-05-01","Headline PCE",0.781443
"2024-06-01","Headline PCE",1.321066
"2024-07-01","Headline PCE",1.93099
"2024-08-01","Headline PCE",1.858805
"2024-09-01","Headline PCE",2.498066
"2024-10-01","Headline PCE",3.296573
"2024-11-01","Headline PCE",1.788242
"2024-12-01","Headline PCE",3.10429
"2025-01-01","Headline PCE",4.297327
"2025-02-01","Headline PCE",3.370952
"2025-03-01","Headline PCE",0.948682
"2025-04-01","Headline PCE",2.839204
"2025-05-01","Headline PCE",2.35537
"2025-06-01","Headline PCE",3.09996
"2025-07-01","Headline PCE",1.679324
"2025-08-01","Headline PCE",3.097349
"2025-09-01","Headline PCE",3.565611
"2025-10-01","Headline PCE",1.791967
"2025-11-01","Headline PCE",2.421009
"2025-12-01","Headline PCE",3.910795
"2026-01-01","Headline PCE",3.704757
"2026-02-01","Headline PCE",4.25318
"2026-03-01","Headline PCE",7.802217
"2026-04-01","Headline PCE",5.35681
"2026-05-01","Headline PCE",5.352273
"2026-06-01","Headline PCE",-1.227411
"2026-07-01","Headline PCE",0.605767
"2026-08-01","Headline PCE",3.787558
"1959-02-01","Core PCE",0.932938
"1959-03-01","Core PCE",1.401301
"1959-04-01","Core PCE",3.055296
"1959-05-01","Core PCE",1.474223
"1959-06-01","Core PCE",3.598995
"1959-07-01","Core PCE",2.877037
"1959-08-01","Core PCE",1.931126
"1959-09-01","Core PCE",3.179779
"1959-10-01","Core PCE",2.078248
"1959-11-01","Core PCE",2.229892
"1959-12-01","Core PCE",1.838795
"1960-01-01","Core PCE",0.303874
"1960-02-01","Core PCE",2.299192
"1960-03-01","Core PCE",0.075726
"1960-04-01","Core PCE",2.217389
"1960-05-01","Core PCE",1.982273
"1960-06-01","Core PCE",0.68102
"1960-07-01","Core PCE",2.131495
"1960-08-01","Core PCE",1.744749
"1960-09-01","Core PCE",0.98134
"1960-10-01","Core PCE",0.6779
"1960-11-01","Core PCE",3.275177
"1960-12-01","Core PCE",-0.373587
"1961-01-01","Core PCE",0.299887
"1961-02-01","Core PCE",1.2042
"1961-03-01","Core PCE",0.37452
"1961-04-01","Core PCE",1.657005
"1961-05-01","Core PCE",1.578965
"1961-06-01","Core PCE",1.804011
"1961-07-01","Core PCE",1.876999
"1961-08-01","Core PCE",1.270892
"1961-09-01","Core PCE",2.401989
"1961-10-01","Core PCE",0.371137
"1961-11-01","Core PCE",0.222462
"1961-12-01","Core PCE",1.041851
"1962-01-01","Core PCE",1.415115
"1962-02-01","Core PCE",2.014044
"1962-03-01","Core PCE",2.840404
"1962-04-01","Core PCE",0.221083
"1962-05-01","Core PCE",1.706138
"1962-06-01","Core PCE",2.227494
"1962-07-01","Core PCE",1.031995
"1962-08-01","Core PCE",0.146708
"1962-09-01","Core PCE",2.370847
"1962-10-01","Core PCE",-0.073128
"1962-11-01","Core PCE",0.881429
"1962-12-01","Core PCE",0.366132
"1963-01-01","Core PCE",2.289203
"1963-02-01","Core PCE",1.394772
"1963-03-01","Core PCE",0.731035
"1963-04-01","Core PCE",1.466071
"1963-05-01","Core PCE",2.203769
"1963-06-01","Core PCE",2.051712
"1963-07-01","Core PCE",1.092521
"1963-08-01","Core PCE",1.091527
"1963-09-01","Core PCE",2.191962
"1963-10-01","Core PCE",2.704764
"1963-11-01","Core PCE",1.086126
"1963-12-01","Core PCE",1.741401
"1964-01-01","Core PCE",1.665874
"1964-02-01","Core PCE",2.321402
"1964-03-01","Core PCE",1.152379
"1964-04-01","Core PCE",1.078965
"1964-05-01","Core PCE",1.005799
"1964-06-01","Core PCE",0.860827
"1964-07-01","Core PCE",1.220628
"1964-08-01","Core PCE",1.580617
"1964-09-01","Core PCE",0.499806
"1964-10-01","Core PCE",0.499598
"1964-11-01","Core PCE",1.721725
"1964-12-01","Core PCE",1.719259
"1965-01-01","Core PCE",1.64473
"1965-02-01","Core PCE",1.426849
"1965-03-01","Core PCE",0.710266
"1965-04-01","Core PCE",1.424309
"1965-05-01","Core PCE",2.212946
"1965-06-01","Core PCE",-0.281806
"1965-07-01","Core PCE",1.206123
"1965-08-01","Core PCE",2.279105
"1965-09-01","Core PCE",1.41624
"1965-10-01","Core PCE",-0.420831
"1965-11-01","Core PCE",2.2729
"1965-12-01","Core PCE",3.710337
"1966-01-01","Core PCE",0.350334
"1966-02-01","Core PCE",2.977101
"1966-03-01","Core PCE",1.545637
"1966-04-01","Core PCE",4.406368
"1966-05-01","Core PCE",3.240681
"1966-06-01","Core PCE",3.947101
"1966-07-01","Core PCE",3.577215
"1966-08-01","Core PCE",2.224449
"1966-09-01","Core PCE",3.772929
"1966-10-01","Core PCE",3.973809
"1966-11-01","Core PCE",3.044928
"1966-12-01","Core PCE",3.739187
"1967-01-01","Core PCE",1.091457
"1967-02-01","Core PCE",2.19182
"1967-03-01","Core PCE",1.843109
"1967-04-01","Core PCE",3.362669
"1967-05-01","Core PCE",2.660676
"1967-06-01","Core PCE",3.068905
"1967-07-01","Core PCE",4.169996
"1967-08-01","Core PCE",3.739905
"1967-09-01","Core PCE",4.350361
"1967-10-01","Core PCE",4.541999
"1967-11-01","Core PCE",3.906336
"1967-12-01","Core PCE",3.009056
"1968-01-01","Core PCE",5.46197
"1968-02-01","Core PCE",5.299775
"1968-03-01","Core PCE",4.866952
"1968-04-01","Core PCE",4.508542
"1968-05-01","Core PCE",4.626533
"1968-06-01","Core PCE",4.810569
"1968-07-01","Core PCE",4.056165
"1968-08-01","Core PCE",4.775174
"1968-09-01","Core PCE",4.956077
"1968-10-01","Core PCE",5.002103
"1968-11-01","Core PCE",4.6511
"1968-12-01","Core PCE",3.651987
"1969-01-01","Core PCE",4.619029
"1969-02-01","Core PCE",4.210593
"1969-03-01","Core PCE",5.761227
"1969-04-01","Core PCE",4.692858
"1969-05-01","Core PCE",4.932877
"1969-06-01","Core PCE",4.206728
"1969-07-01","Core PCE",5.732423
"1969-08-01","Core PCE",3.41344
"1969-09-01","Core PCE",4.92205
"1969-10-01","Core PCE",5.2831
"1969-11-01","Core PCE",4.691247
"1969-12-01","Core PCE",4.547487
"1970-01-01","Core PCE",4.031644
"1970-02-01","Core PCE",4.702048
"1970-03-01","Core PCE",4.559543
"1970-04-01","Core PCE",4.851728
"1970-05-01","Core PCE",4.33952
"1970-06-01","Core PCE",4.385128
"1970-07-01","Core PCE",4.674732
"1970-08-01","Core PCE",4.230719
"1970-09-01","Core PCE",5.127117
"1970-10-01","Core PCE",6.081087
"1970-11-01","Core PCE",6.355477
"1970-12-01","Core PCE",6.200552
"1971-01-01","Core PCE",4.848036
"1971-02-01","Core PCE",4.650349
"1971-03-01","Core PCE",3.925228
"1971-04-01","Core PCE",4.55835
"1971-05-01","Core PCE",5.3653
"1971-06-01","Core PCE",4.871871
"1971-07-01","Core PCE",4.677312
"1971-08-01","Core PCE",1.682047
"1971-09-01","Core PCE",2.018719
"1971-10-01","Core PCE",1.902396
"1971-11-01","Core PCE",2.747815
"1971-12-01","Core PCE",3.822993
"1972-01-01","Core PCE",5.245046
"1972-02-01","Core PCE",3.284713
"1972-03-01","Core PCE",2.377825
"1972-04-01","Core PCE",2.820288
"1972-05-01","Core PCE",2.813676
"1972-06-01","Core PCE",2.47314
"1972-07-01","Core PCE",3.470814
"1972-08-01","Core PCE",2.571622
"1972-09-01","Core PCE",4.067437
"1972-10-01","Core PCE",0.701483
"1972-11-01","Core PCE",3.21813
"1972-12-01","Core PCE",3.651908
"1973-01-01","Core PCE",0.750935
"1973-02-01","Core PCE",3.85954
"1973-03-01","Core PCE",4.955107
"1973-04-01","Core PCE",7.173656
"1973-05-01","Core PCE",4.740518
"1973-06-01","Core PCE",5.326255
"1973-07-01","Core PCE",5.247897
"1973-08-01","Core PCE",5.717235
"1973-09-01","Core PCE",6.236804
"1973-10-01","Core PCE",4.742221
"1973-11-01","Core PCE",5.963061
"1973-12-01","Core PCE",6.853661
"1974-01-01","Core PCE",6.060929
"1974-02-01","Core PCE",7.914419
"1974-03-01","Core PCE",9.764119
"1974-04-01","Core PCE",9.359972
"1974-05-01","Core PCE",12.169185
"1974-06-01","Core PCE",13.03105
"1974-07-01","Core PCE",11.167051
"1974-08-01","Core PCE",12.182024
"1974-09-01","Core PCE",11.321196
"1974-10-01","Core PCE",9.817463
"1974-11-01","Core PCE",9.126879
"1974-12-01","Core PCE",8.806362
"1975-01-01","Core PCE",7.205364
"1975-02-01","Core PCE",8.838615
"1975-03-01","Core PCE",6.432181
"1975-04-01","Core PCE",6.014224
"1975-05-01","Core PCE",5.224585
"1975-06-01","Core PCE",6.005653
"1975-07-01","Core PCE",7.639608
"1975-08-01","Core PCE",4.216044
"1975-09-01","Core PCE",6.714376
"1975-10-01","Core PCE",6.16359
"1975-11-01","Core PCE",8.235782
"1975-12-01","Core PCE",7.525762
"1976-01-01","Core PCE",6.327598
"1976-02-01","Core PCE",4.89009
"1976-03-01","Core PCE",4.021477
"1976-04-01","Core PCE",4.809246
"1976-05-01","Core PCE",5.817817
"1976-06-01","Core PCE",4.988602
"1976-07-01","Core PCE",6.793148
"1976-08-01","Core PCE",7.157103
"1976-09-01","Core PCE",7.248234
"1976-10-01","Core PCE",6.059465
"1976-11-01","Core PCE",5.593786
"1976-12-01","Core PCE",6.697476
"1977-01-01","Core PCE",7.575523
"1977-02-01","Core PCE",7.61499
"1977-03-01","Core PCE",5.213908
"1977-04-01","Core PCE",6.080218
"1977-05-01","Core PCE",6.303476
"1977-06-01","Core PCE",7.413819
"1977-07-01","Core PCE",7.664664
"1977-08-01","Core PCE",6.068212
"1977-09-01","Core PCE",5.172766
"1977-10-01","Core PCE",5.970532
"1977-11-01","Core PCE",6.39215
"1977-12-01","Core PCE",6.358291
"1978-01-01","Core PCE",7.427561
"1978-02-01","Core PCE",4.72133
"1978-03-01","Core PCE",6.704673
"1978-04-01","Core PCE",8.040729
"1978-05-01","Core PCE",7.303297
"1978-06-01","Core PCE",6.900903
"1978-07-01","Core PCE",7.296867
"1978-08-01","Core PCE",6.623928
"1978-09-01","Core PCE",7.13453
"1978-10-01","Core PCE",9.173525
"1978-11-01","Core PCE",6.653504
"1978-12-01","Core PCE",4.756425
"1979-01-01","Core PCE",6.323982
"1979-02-01","Core PCE",4.006278
"1979-03-01","Core PCE",7.101975
"1979-04-01","Core PCE",11.677354
"1979-05-01","Core PCE",10.94523
"1979-06-01","Core PCE",6.931363
"1979-07-01","Core PCE",6.194305
"1979-08-01","Core PCE",8.255726
"1979-09-01","Core PCE",8.494041
"1979-10-01","Core PCE",9.1321
"1979-11-01","Core PCE",7.935742
"1979-12-01","Core PCE",8.967094
"1980-01-01","Core PCE",9.51424
"1980-02-01","Core PCE",12.640114
"1980-03-01","Core PCE",11.709206
"1980-04-01","Core PCE",6.336221
"1980-05-01","Core PCE",10.116422
"1980-06-01","Core PCE",8.26393
"1980-07-01","Core PCE",8.755366
"1980-08-01","Core PCE",9.033148
"1980-09-01","Core PCE",11.917189
"1980-10-01","Core PCE",10.330534
"1980-11-01","Core PCE",9.872653
"1980-12-01","Core PCE",7.452466
"1981-01-01","Core PCE",10.92739
"1981-02-01","Core PCE",9.120894
"1981-03-01","Core PCE",6.872073
"1981-04-01","Core PCE",7.943435
"1981-05-01","Core PCE",8.589855
"1981-06-01","Core PCE",6.150276
"1981-07-01","Core PCE",7.482882
"1981-08-01","Core PCE",8.338449
"1981-09-01","Core PCE",8.157014
"1981-10-01","Core PCE",7.396866
"1981-11-01","Core PCE",7.230146
"1981-12-01","Core PCE",4.533815
"1982-01-01","Core PCE",7.610899
"1982-02-01","Core PCE",4.722262
"1982-03-01","Core PCE",5.375297
"1982-04-01","Core PCE",4.856856
"1982-05-01","Core PCE",6.731595
"1982-06-01","Core PCE",6.198467
"1982-07-01","Core PCE",8.062862
"1982-08-01","Core PCE",5.666881
"1982-09-01","Core PCE",4.534539
"1982-10-01","Core PCE",7.882738
"1982-11-01","Core PCE",4.516347
"1982-12-01","Core PCE",3.888959
"1983-01-01","Core PCE",8.520054
"1983-02-01","Core PCE",4.536413
"1983-03-01","Core PCE",1.539589
"1983-04-01","Core PCE",3.69404
"1983-05-01","Core PCE",1.746065
"1983-06-01","Core PCE",5.755023
"1983-07-01","Core PCE",8.393349
"1983-08-01","Core PCE",6.371753
"1983-09-01","Core PCE",4.955516
"1983-10-01","Core PCE",2.151966
"1983-11-01","Core PCE",2.829667
"1983-12-01","Core PCE",0.89863
"1984-01-01","Core PCE",4.059578
"1984-02-01","Core PCE",7.831291
"1984-03-01","Core PCE",4.651551
"1984-04-01","Core PCE",5.795785
"1984-05-01","Core PCE",2.821163
"1984-06-01","Core PCE",2.865919
"1984-07-01","Core PCE",5.294332
"1984-08-01","Core PCE",4.026613
"1984-09-01","Core PCE",1.849755
"1984-10-01","Core PCE",2.731292
"1984-11-01","Core PCE",2.573333
"1984-12-01","Core PCE",4.86089
"1985-01-01","Core PCE",6.93638
"1985-02-01","Core PCE",6.404592
"1985-03-01","Core PCE",4.282558
"1985-04-01","Core PCE",1.436999
"1985-05-01","Core PCE",4.211952
"1985-06-01","Core PCE",4.047259
"1985-07-01","Core PCE",3.561694
"1985-08-01","Core PCE",6.049757
"1985-09-01","Core PCE",2.505493
"1985-10-01","Core PCE",1.942444
"1985-11-01","Core PCE",2.982764
"1985-12-01","Core PCE",3.316346
"1986-01-01","Core PCE",6.664295
"1986-02-01","Core PCE",3.144164
"1986-03-01","Core PCE",3.715712
"1986-04-01","Core PCE",2.193418
"1986-05-01","Core PCE",2.070597
"1986-06-01","Core PCE",3.666972
"1986-07-01","Core PCE",2.202693
"1986-08-01","Core PCE",2.482504
"1986-09-01","Core PCE",4.024224
"1986-10-01","Core PCE",4.154145
"1986-11-01","Core PCE",2.578132
"1986-12-01","Core PCE",1.568897
"1987-01-01","Core PCE",2.921028
"1987-02-01","Core PCE",2.469606
"1987-03-01","Core PCE",3.611634
"1987-04-01","Core PCE",5.207255
"1987-05-01","Core PCE",3.421978
"1987-06-01","Core PCE",3.342506
"1987-07-01","Core PCE",3.147975
"1987-08-01","Core PCE",4.136372
"1987-09-01","Core PCE",4.866944
"1987-10-01","Core PCE",5.243293
"1987-11-01","Core PCE",2.534423
"1987-12-01","Core PCE",2.551722
"1988-01-01","Core PCE",5.824368
"1988-02-01","Core PCE",2.489224
"1988-03-01","Core PCE",5.254206
"1988-04-01","Core PCE",5.988906
"1988-05-01","Core PCE",4.162929
"1988-06-01","Core PCE",5.187344
"1988-07-01","Core PCE",5.00703
"1988-08-01","Core PCE",3.026805
"1988-09-01","Core PCE",6.620556
"1988-10-01","Core PCE",4.657264
"1988-11-01","Core PCE",3.340904
"1988-12-01","Core PCE",4.053951
"1989-01-01","Core PCE",6.249849
"1989-02-01","Core PCE",3.087357
"1989-03-01","Core PCE",3.640714
"1989-04-01","Core PCE",4.105349
"1989-05-01","Core PCE",3.638857
"1989-06-01","Core PCE",3.242624
"1989-07-01","Core PCE",3.127402
"1989-08-01","Core PCE",1.684814
"1989-09-01","Core PCE",4.244118
"1989-10-01","Core PCE",4.442725
"1989-11-01","Core PCE",3.239991
"1989-12-01","Core PCE",3.462686
"1990-01-01","Core PCE",4.71967
"1990-02-01","Core PCE",5.97719
"1990-03-01","Core PCE",5.926299
"1990-04-01","Core PCE",3.633808
"1990-05-01","Core PCE",3.726319
"1990-06-01","Core PCE",4.772358
"1990-07-01","Core PCE",3.064642
"1990-08-01","Core PCE",5.114373
"1990-09-01","Core PCE",4.268757
"1990-10-01","Core PCE",4.151426
"1990-11-01","Core PCE",1.461342
"1990-12-01","Core PCE",1.678186
"1991-01-01","Core PCE",6.154244
"1991-02-01","Core PCE",3.360371
"1991-03-01","Core PCE",2.533522
"1991-04-01","Core PCE",2.429112
"1991-05-01","Core PCE",4.88197
"1991-06-01","Core PCE",2.631238
"1991-07-01","Core PCE",3.71312
"1991-08-01","Core PCE",3.345673
"1991-09-01","Core PCE",4.902708
"1991-10-01","Core PCE",2.677619
"1991-11-01","Core PCE",2.263875
"1991-12-01","Core PCE",2.997187
"1992-01-01","Core PCE",3.320425
"1992-02-01","Core PCE",3.311264
"1992-03-01","Core PCE",3.031256
"1992-04-01","Core PCE",4.011065
"1992-05-01","Core PCE",1.695727
"1992-06-01","Core PCE",0.937523
"1992-07-01","Core PCE",4.628761
"1992-08-01","Core PCE",1.10208
"1992-09-01","Core PCE",1.967228
"1992-10-01","Core PCE",4.715024
"1992-11-01","Core PCE",2.654136
"1992-12-01","Core PCE",2.252623
"1993-01-01","Core PCE",3.551204
"1993-02-01","Core PCE",2.316697
"1993-03-01","Core PCE",2.649202
"1993-04-01","Core PCE",3.544909
"1993-05-01","Core PCE",4.137708
"1993-06-01","Core PCE",1.149491
"1993-07-01","Core PCE",2.512729
"1993-08-01","Core PCE",2.267091
"1993-09-01","Core PCE",1.821223
"1993-10-01","Core PCE",1.983603
"1993-11-01","Core PCE",3.141252
"1993-12-01","Core PCE",0.540101
"1994-01-01","Core PCE",0.955558
"1994-02-01","Core PCE",2.632047
"1994-03-01","Core PCE",4.157914
"1994-04-01","Core PCE",1.816511
"1994-05-01","Core PCE",2.704531
"1994-06-01","Core PCE",2.69845
"1994-07-01","Core PCE",2.547141
"1994-08-01","Core PCE",1.353095
"1994-09-01","Core PCE",1.835752
"1994-10-01","Core PCE",2.860485
"1994-11-01","Core PCE",2.223137
"1994-12-01","Core PCE",0.404956
"1995-01-01","Core PCE",3.027828
"1995-02-01","Core PCE",1.980514
"1995-03-01","Core PCE",2.979256
"1995-04-01","Core PCE",2.828545
"1995-05-01","Core PCE",2.056424
"1995-06-01","Core PCE",1.047995
"1995-07-01","Core PCE",1.909641
"1995-08-01","Core PCE",2.916855
"1995-09-01","Core PCE",1.585644
"1995-10-01","Core PCE",2.959141
"1995-11-01","Core PCE",0.778324
"1995-12-01","Core PCE",1.701029
"1996-01-01","Core PCE",1.367244
"1996-02-01","Core PCE",1.574623
"1996-03-01","Core PCE",2.81521
"1996-04-01","Core PCE",1.638378
"1996-05-01","Core PCE",2.105611
"1996-06-01","Core PCE",0.925417
"1996-07-01","Core PCE",2.27423
"1996-08-01","Core PCE",1.043179
"1996-09-01","Core PCE",3.700463
"1996-10-01","Core PCE",2.885741
"1996-11-01","Core PCE",1.584373
"1996-12-01","Core PCE",0.457029
"1997-01-01","Core PCE",1.290853
"1997-02-01","Core PCE",2.490597
"1997-03-01","Core PCE",2.899382
"1997-04-01","Core PCE",2.376464
"1997-05-01","Core PCE",0.874998
"1997-06-01","Core PCE",1.789763
"1997-07-01","Core PCE",0.822505
"1997-08-01","Core PCE",-0.483557
"1997-09-01","Core PCE",2.519652
"1997-10-01","Core PCE",1.833744
"1997-11-01","Core PCE",0.3671
"1997-12-01","Core PCE",0.701683
"1998-01-01","Core PCE",1.846231
"1998-02-01","Core PCE",1.035208
"1998-03-01","Core PCE",1.286022
"1998-04-01","Core PCE",2.228415
"1998-05-01","Core PCE",1.165084
"1998-06-01","Core PCE",-1.494788
"1998-07-01","Core PCE",3.431174
"1998-08-01","Core PCE",2.370377
"1998-09-01","Core PCE",-0.197604
"1998-10-01","Core PCE",2.366098
"1998-11-01","Core PCE",0.214093
"1998-12-01","Core PCE",2.092456
"1999-01-01","Core PCE",1.721243
"1999-02-01","Core PCE",-0.409179
"1999-03-01","Core PCE",0.361475
"1999-04-01","Core PCE",3.126873
"1999-05-01","Core PCE",1.150988
"1999-06-01","Core PCE",0.639163
"1999-07-01","Core PCE",2.177295
"1999-08-01","Core PCE",0.58849
"1999-09-01","Core PCE",3.224222
"1999-10-01","Core PCE",2.067083
"1999-11-01","Core PCE",1.158029
"1999-12-01","Core PCE",1.534309
"2000-01-01","Core PCE",2.919864
"2000-02-01","Core PCE",1.77456
"2000-03-01","Core PCE",2.495337
"2000-04-01","Core PCE",0.791398
"2000-05-01","Core PCE",1.294184
"2000-06-01","Core PCE",0.919552
"2000-07-01","Core PCE",2.779804
"2000-08-01","Core PCE",1.548419
"2000-09-01","Core PCE",2.950344
"2000-10-01","Core PCE",1.688391
"2000-11-01","Core PCE",2.140004
"2000-12-01","Core PCE",1.18345
"2001-01-01","Core PCE",4.557869
"2001-02-01","Core PCE",2.142234
"2001-03-01","Core PCE",1.255688
"2001-04-01","Core PCE",1.927115
"2001-05-01","Core PCE",0.284094
"2001-06-01","Core PCE",2.712134
"2001-07-01","Core PCE",3.141923
"2001-08-01","Core PCE",0.597592
"2001-09-01","Core PCE",-6.609683
"2001-10-01","Core PCE",8.785107
"2001-11-01","Core PCE",2.469664
"2001-12-01","Core PCE",0.281576
"2002-01-01","Core PCE",0.673701
"2002-02-01","Core PCE",2.319043
"2002-03-01","Core PCE",1.442886
"2002-04-01","Core PCE",3.397659
"2002-05-01","Core PCE",1.342821
"2002-06-01","Core PCE",1.923457
"2002-07-01","Core PCE",2.472974
"2002-08-01","Core PCE",2.388943
"2002-09-01","Core PCE",1.975399
"2002-10-01","Core PCE",1.020491
"2002-11-01","Core PCE",1.174942
"2002-12-01","Core PCE",1.12722
"2003-01-01","Core PCE",0.816474
"2003-02-01","Core PCE",1.669076
"2003-03-01","Core PCE",1.947013
"2003-04-01","Core PCE",1.338519
"2003-05-01","Core PCE",1.739768
"2003-06-01","Core PCE",0.673192
"2003-07-01","Core PCE",3.044808
"2003-08-01","Core PCE",1.361781
"2003-09-01","Core PCE",1.683656
"2003-10-01","Core PCE",2.237142
"2003-11-01","Core PCE",1.647435
"2003-12-01","Core PCE",1.507137
"2004-01-01","Core PCE",3.124392
"2004-02-01","Core PCE",1.960387
"2004-03-01","Core PCE",2.033752
"2004-04-01","Core PCE",3.167656
"2004-05-01","Core PCE",1.659567
"2004-06-01","Core PCE",1.915634
"2004-07-01","Core PCE",1.427537
"2004-08-01","Core PCE",0.463242
"2004-09-01","Core PCE",2.274157
"2004-10-01","Core PCE",2.634946
"2004-11-01","Core PCE",2.613971
"2004-12-01","Core PCE",1.551571
"2005-01-01","Core PCE",4.406688
"2005-02-01","Core PCE",2.008401
"2005-03-01","Core PCE",2.998643
"2005-04-01","Core PCE",1.388798
"2005-05-01","Core PCE",2.491623
"2005-06-01","Core PCE",0.837353
"2005-07-01","Core PCE",1.769083
"2005-08-01","Core PCE",0.982787
"2005-09-01","Core PCE",2.688106
"2005-10-01","Core PCE",3.505502
"2005-11-01","Core PCE",3.106447
"2005-12-01","Core PCE",1.252411
"2006-01-01","Core PCE",2.723912
"2006-02-01","Core PCE",1.951206
"2006-03-01","Core PCE",3.364969
"2006-04-01","Core PCE",3.726446
"2006-05-01","Core PCE",3.050284
"2006-06-01","Core PCE",3.071931
"2006-07-01","Core PCE",1.175122
"2006-08-01","Core PCE",2.477013
"2006-09-01","Core PCE",1.90656
"2006-10-01","Core PCE",2.192637
"2006-11-01","Core PCE",0.568005
"2006-12-01","Core PCE",1.625846
"2007-01-01","Core PCE",4.97322
"2007-02-01","Core PCE",2.621807
"2007-03-01","Core PCE",1.215032
"2007-04-01","Core PCE",1.725905
"2007-05-01","Core PCE",1.424844
"2007-06-01","Core PCE",2.00615
"2007-07-01","Core PCE",1.81793
"2007-08-01","Core PCE",1.800993
"2007-09-01","Core PCE",3.324251
"2007-10-01","Core PCE",3.171975
"2007-11-01","Core PCE",2.381926
"2007-12-01","Core PCE",2.433761
"2008-01-01","Core PCE",2.414723
"2008-02-01","Core PCE",1.177469
"2008-03-01","Core PCE",2.379365
"2008-04-01","Core PCE",0.702892
"2008-05-01","Core PCE",2.205043
"2008-06-01","Core PCE",2.789762
"2008-07-01","Core PCE",2.181959
"2008-08-01","Core PCE",1.484101
"2008-09-01","Core PCE",1.233833
"2008-10-01","Core PCE",-1.689082
"2008-11-01","Core PCE",-0.530578
"2008-12-01","Core PCE",-0.585109
"2009-01-01","Core PCE",-0.367941
"2009-02-01","Core PCE",0.960026
"2009-03-01","Core PCE",0.862954
"2009-04-01","Core PCE",2.705246
"2009-05-01","Core PCE",0.928987
"2009-06-01","Core PCE",1.546899
"2009-07-01","Core PCE",1.036661
"2009-08-01","Core PCE",1.791457
"2009-09-01","Core PCE",2.133473
"2009-10-01","Core PCE",4.511858
"2009-11-01","Core PCE",1.055792
"2009-12-01","Core PCE",1.027689
"2010-01-01","Core PCE",1.789581
"2010-02-01","Core PCE",1.052397
"2010-03-01","Core PCE",1.798982
"2010-04-01","Core PCE",0.617959
"2010-05-01","Core PCE",1.333606
"2010-06-01","Core PCE",0.576615
"2010-07-01","Core PCE",0.026739
"2010-08-01","Core PCE",1.155694
"2010-09-01","Core PCE",0.683228
"2010-10-01","Core PCE",1.84398
"2010-11-01","Core PCE",1.570447
"2010-12-01","Core PCE",0.253177
"2011-01-01","Core PCE",2.598673
"2011-02-01","Core PCE",2.118287
"2011-03-01","Core PCE",1.831164
"2011-04-01","Core PCE",2.787933
"2011-05-01","Core PCE",2.889854
"2011-06-01","Core PCE",1.325347
"2011-07-01","Core PCE",1.791027
"2011-08-01","Core PCE",2.41782
"2011-09-01","Core PCE",0.81608
"2011-10-01","Core PCE",0.578134
"2011-11-01","Core PCE",2.570902
"2011-12-01","Core PCE",2.004946
"2012-01-01","Core PCE",3.648131
"2012-02-01","Core PCE",1.691292
"2012-03-01","Core PCE",2.058934
"2012-04-01","Core PCE",1.830992
"2012-05-01","Core PCE",1.224156
"2012-06-01","Core PCE",1.235991
"2012-07-01","Core PCE",1.247791
"2012-08-01","Core PCE",0.764398
"2012-09-01","Core PCE",1.480845
"2012-10-01","Core PCE",2.951595
"2012-11-01","Core PCE",1.293155
"2012-12-01","Core PCE",0.88969
"2013-01-01","Core PCE",2.452447
"2013-02-01","Core PCE",1.314104
"2013-03-01","Core PCE",1.105719
"2013-04-01","Core PCE",0.589503
"2013-05-01","Core PCE",1.414283
"2013-06-01","Core PCE",2.086748
"2013-07-01","Core PCE",1.53927
"2013-08-01","Core PCE",1.305331
"2013-09-01","Core PCE",1.432583
"2013-10-01","Core PCE",2.049832
"2013-11-01","Core PCE",2.007617
"2013-12-01","Core PCE",1.285181
"2014-01-01","Core PCE",1.30938
"2014-02-01","Core PCE",0.56952
"2014-03-01","Core PCE",1.793589
"2014-04-01","Core PCE",2.072982
"2014-05-01","Core PCE",2.04378
"2014-06-01","Core PCE",1.364477
"2014-07-01","Core PCE",2.101877
"2014-08-01","Core PCE",0.464218
"2014-09-01","Core PCE",1.613733
"2014-10-01","Core PCE",1.042306
"2014-11-01","Core PCE",1.066618
"2014-12-01","Core PCE",0.851707
"2015-01-01","Core PCE",-0.435496
"2015-02-01","Core PCE",1.380602
"2015-03-01","Core PCE",1.834101
"2015-04-01","Core PCE",2.236768
"2015-05-01","Core PCE",1.474989
"2015-06-01","Core PCE",1.448044
"2015-07-01","Core PCE",1.195577
"2015-08-01","Core PCE",0.969448
"2015-09-01","Core PCE",1.744758
"2015-10-01","Core PCE",0.395794
"2015-11-01","Core PCE",1.291159
"2015-12-01","Core PCE",0.791912
"2016-01-01","Core PCE",2.127327
"2016-02-01","Core PCE",2.098489
"2016-03-01","Core PCE",1.732523
"2016-04-01","Core PCE",2.995105
"2016-05-01","Core PCE",2.061688
"2016-06-01","Core PCE",1.252504
"2016-07-01","Core PCE",1.758161
"2016-08-01","Core PCE",2.139878
"2016-09-01","Core PCE",1.604334
"2016-10-01","Core PCE",1.552924
"2016-11-01","Core PCE",0.53485
"2016-12-01","Core PCE",1.402808
"2017-01-01","Core PCE",3.255831
"2017-02-01","Core PCE",2.14589
"2017-03-01","Core PCE",-0.505049
"2017-04-01","Core PCE",2.487755
"2017-05-01","Core PCE",0.966925
"2017-06-01","Core PCE",1.623125
"2017-07-01","Core PCE",0.880082
"2017-08-01","Core PCE",1.303595
"2017-09-01","Core PCE",1.472115
"2017-10-01","Core PCE",2.985009
"2017-11-01","Core PCE",0.586728
"2017-12-01","Core PCE",1.780923
"2018-01-01","Core PCE",3.930711
"2018-02-01","Core PCE",2.292899
"2018-03-01","Core PCE",2.652312
"2018-04-01","Core PCE",2.186893
"2018-05-01","Core PCE",2.122697
"2018-06-01","Core PCE",1.090101
"2018-07-01","Core PCE",1.589921
"2018-08-01","Core PCE",0.117704
"2018-09-01","Core PCE",2.245974
"2018-10-01","Core PCE",1.906782
"2018-11-01","Core PCE",2.250181
"2018-12-01","Core PCE",2.114689
"2019-01-01","Core PCE",1.588319
"2019-02-01","Core PCE",1.090275
"2019-03-01","Core PCE",1.11283
"2019-04-01","Core PCE",2.437099
"2019-05-01","Core PCE",1.23876
"2019-06-01","Core PCE",2.216237
"2019-07-01","Core PCE",1.375925
"2019-08-01","Core PCE",1.38607
"2019-09-01","Core PCE",0.882185
"2019-10-01","Core PCE",1.805418
"2019-11-01","Core PCE",0.740766
"2019-12-01","Core PCE",2.683962
"2020-01-01","Core PCE",2.148905
"2020-02-01","Core PCE",2.36774
"2020-03-01","Core PCE",-0.901602
"2020-04-01","Core PCE",-3.819374
"2020-05-01","Core PCE",1.261393
"2020-06-01","Core PCE",1.889699
"2020-07-01","Core PCE",4.353646
"2020-08-01","Core PCE",3.555913
"2020-09-01","Core PCE",1.920871
"2020-10-01","Core PCE",1.109866
"2020-11-01","Core PCE",1.12033
"2020-12-01","Core PCE",3.357239
"2021-01-01","Core PCE",3.126188
"2021-02-01","Core PCE",3.059953
"2021-03-01","Core PCE",4.957217
"2021-04-01","Core PCE",7.284337
"2021-05-01","Core PCE",5.679812
"2021-06-01","Core PCE",6.086283
"2021-07-01","Core PCE",5.079445
"2021-08-01","Core PCE",4.140006
"2021-09-01","Core PCE",2.306824
"2021-10-01","Core PCE",6.437256
"2021-11-01","Core PCE",6.183956
"2021-12-01","Core PCE",6.806921
"2022-01-01","Core PCE",6.003856
"2022-02-01","Core PCE",5.951342
"2022-03-01","Core PCE",4.857395
"2022-04-01","Core PCE",4.018739
"2022-05-01","Core PCE",4.247396
"2022-06-01","Core PCE",7.674819
"2022-07-01","Core PCE",4.118714
"2022-08-01","Core PCE",6.352677
"2022-09-01","Core PCE",5.103111
"2022-10-01","Core PCE",4.864687
"2022-11-01","Core PCE",3.504709
"2022-12-01","Core PCE",4.230228
"2023-01-01","Core PCE",5.167994
"2023-02-01","Core PCE",4.271685
"2023-03-01","Core PCE",4.893187
"2023-04-01","Core PCE",3.881584
"2023-05-01","Core PCE",4.015746
"2023-06-01","Core PCE",2.951996
"2023-07-01","Core PCE",1.671659
"2023-08-01","Core PCE",1.485991
"2023-09-01","Core PCE",3.992284
"2023-10-01","Core PCE",2.711953
"2023-11-01","Core PCE",2.053638
"2023-12-01","Core PCE",1.695676
"2024-01-01","Core PCE",5.158957
"2024-02-01","Core PCE",3.715237
"2024-03-01","Core PCE",4.492327
"2024-04-01","Core PCE",2.345858
"2024-05-01","Core PCE",1.522149
"2024-06-01","Core PCE",2.588919
"2024-07-01","Core PCE",2.023965
"2024-08-01","Core PCE",2.598981
"2024-09-01","Core PCE",3.233706
"2024-10-01","Core PCE",3.495517
"2024-11-01","Core PCE",1.689627
"2024-12-01","Core PCE",2.041619
"2025-01-01","Core PCE",4.044158
"2025-02-01","Core PCE",3.850983
"2025-03-01","Core PCE",1.371728
"2025-04-01","Core PCE",3.705277
"2025-05-01","Core PCE",2.847108
"2025-06-01","Core PCE",3.046056
"2025-07-01","Core PCE",2.210246
"2025-08-01","Core PCE",2.720848
"2025-09-01","Core PCE",2.821562
"2025-10-01","Core PCE",2.147848
"2025-11-01","Core PCE",1.884523
"2025-12-01","Core PCE",3.854048
"2026-01-01","Core PCE",4.847564
"2026-02-01","Core PCE",4.107476
"2026-03-01","Core PCE",3.111074
"2026-04-01","Core PCE",3.447874
"2026-05-01","Core PCE",3.782891
"2026-06-01","Core PCE",1.61121
"2026-07-01","Core PCE",1.52476
"2026-08-01","Core PCE",3.010014
"1959-03-01","Median PCE",0
"1959-04-01","Median PCE",3.140476
"1959-05-01","Median PCE",0.163866
"1959-06-01","Median PCE",2.97738
"1959-07-01","Median PCE",0.207747
"1959-08-01","Median PCE",0
"1959-09-01","Median PCE",2.190451
"1959-10-01","Median PCE",0.138348
"1959-11-01","Median PCE",0
"1959-12-01","Median PCE",0.054465
"1960-01-01","Median PCE",0
"1960-02-01","Median PCE",0
"1960-03-01","Median PCE",0
"1960-04-01","Median PCE",2.779676
"1960-05-01","Median PCE",0
"1960-06-01","Median PCE",0
"1960-07-01","Median PCE",2.151915
"1960-08-01","Median PCE",0.084635
"1960-09-01","Median PCE",0.054631
"1960-10-01","Median PCE",0
"1960-11-01","Median PCE",0.350655
"1960-12-01","Median PCE",0.103408
"1961-01-01","Median PCE",0
"1961-02-01","Median PCE",0
"1961-03-01","Median PCE",0
"1961-04-01","Median PCE",0.091064
"1961-05-01","Median PCE",0
"1961-06-01","Median PCE",0
"1961-07-01","Median PCE",0.132844
"1961-08-01","Median PCE",0
"1961-09-01","Median PCE",0.102551
"1961-10-01","Median PCE",0
"1961-11-01","Median PCE",0.038381
"1961-12-01","Median PCE",0
"1962-01-01","Median PCE",2.371107
"1962-02-01","Median PCE",0.209497
"1962-03-01","Median PCE",2.149832
"1962-04-01","Median PCE",0
"1962-05-01","Median PCE",0
"1962-06-01","Median PCE",0
"1962-07-01","Median PCE",0
"1962-08-01","Median PCE",0.101304
"1962-09-01","Median PCE",0.033088
"1962-10-01","Median PCE",0
"1962-11-01","Median PCE",0
"1962-12-01","Median PCE",0
"1963-01-01","Median PCE",1.069448
"1963-02-01","Median PCE",0.042755
"1963-03-01","Median PCE",0
"1963-04-01","Median PCE",0
"1963-05-01","Median PCE",2.454445
"1963-06-01","Median PCE",0
"1963-07-01","Median PCE",0
"1963-08-01","Median PCE",0
"1963-09-01","Median PCE",0
"1963-10-01","Median PCE",2.33017
"1963-11-01","Median PCE",0
"1963-12-01","Median PCE",0.065411
"1964-01-01","Median PCE",0.510348
"1964-02-01","Median PCE",0.386535
"1964-03-01","Median PCE",0
"1964-04-01","Median PCE",0
"1964-05-01","Median PCE",0
"1964-06-01","Median PCE",0
"1964-07-01","Median PCE",0
"1964-08-01","Median PCE",0
"1964-09-01","Median PCE",0
"1964-10-01","Median PCE",0
"1964-11-01","Median PCE",0.056402
"1964-12-01","Median PCE",0.054791
"1965-01-01","Median PCE",1.147918
"1965-02-01","Median PCE",0.024047
"1965-03-01","Median PCE",0
"1965-04-01","Median PCE",0.630167
"1965-05-01","Median PCE",0.102063
"1965-06-01","Median PCE",0.111127
"1965-07-01","Median PCE",0
"1965-08-01","Median PCE",0.197077
"1965-09-01","Median PCE",0.033801
"1965-10-01","Median PCE",0.027935
"1965-11-01","Median PCE",2.195277
"1965-12-01","Median PCE",2.800552
"1966-01-01","Median PCE",2.387236
"1966-02-01","Median PCE",2.72617
"1966-03-01","Median PCE",0.033733
"1966-04-01","Median PCE",4.256204
"1966-05-01","Median PCE",1.314618
"1966-06-01","Median PCE",2.468782
"1966-07-01","Median PCE",2.607461
"1966-08-01","Median PCE",2.31843
"1966-09-01","Median PCE",4.141933
"1966-10-01","Median PCE",4.127688
"1966-11-01","Median PCE",2.040791
"1966-12-01","Median PCE",2.638876
"1967-01-01","Median PCE",2.8588
"1967-02-01","Median PCE",3.203633
"1967-03-01","Median PCE",0.053117
"1967-04-01","Median PCE",2.498643
"1967-05-01","Median PCE",2.31409
"1967-06-01","Median PCE",3.538717
"1967-07-01","Median PCE",3.302281
"1967-08-01","Median PCE",2.870801
"1967-09-01","Median PCE",4.056759
"1967-10-01","Median PCE",3.824087
"1967-11-01","Median PCE",3.141902
"1967-12-01","Median PCE",3.144126
"1968-01-01","Median PCE",4.488062
"1968-02-01","Median PCE",4.563999
"1968-03-01","Median PCE",3.106686
"1968-04-01","Median PCE",4.311589
"1968-05-01","Median PCE",4.602
"1968-06-01","Median PCE",4.490249
"1968-07-01","Median PCE",3.203107
"1968-08-01","Median PCE",4.375758
"1968-09-01","Median PCE",4.477377
"1968-10-01","Median PCE",4.549996
"1968-11-01","Median PCE",4.632218
"1968-12-01","Median PCE",4.474532
"1969-01-01","Median PCE",4.427181
"1969-02-01","Median PCE",3.095362
"1969-03-01","Median PCE",4.499155
"1969-04-01","Median PCE",4.568711
"1969-05-01","Median PCE",4.215733
"1969-06-01","Median PCE",4.35673
"1969-07-01","Median PCE",5.542421
"1969-08-01","Median PCE",3.925582
"1969-09-01","Median PCE",4.402305
"1969-10-01","Median PCE",4.400805
"1969-11-01","Median PCE",4.384727
"1969-12-01","Median PCE",4.44659
"1970-01-01","Median PCE",4.353225
"1970-02-01","Median PCE",4.252478
"1970-03-01","Median PCE",4.71827
"1970-04-01","Median PCE",4.670857
"1970-05-01","Median PCE",4.207172
"1970-06-01","Median PCE",4.276268
"1970-07-01","Median PCE",4.261086
"1970-08-01","Median PCE",3.97233
"1970-09-01","Median PCE",4.343273
"1970-10-01","Median PCE",4.81989
"1970-11-01","Median PCE",4.18606
"1970-12-01","Median PCE",6.193318
"1971-01-01","Median PCE",4.076868
"1971-02-01","Median PCE",3.276753
"1971-03-01","Median PCE",3.177467
"1971-04-01","Median PCE",4.035208
"1971-05-01","Median PCE",4.148522
"1971-06-01","Median PCE",4.075801
"1971-07-01","Median PCE",3.844812
"1971-08-01","Median PCE",4.046942
"1971-09-01","Median PCE",3.335348
"1971-10-01","Median PCE",0.670269
"1971-11-01","Median PCE",2.542777
"1971-12-01","Median PCE",3.347598
"1972-01-01","Median PCE",3.45146
"1972-02-01","Median PCE",3.230139
"1972-03-01","Median PCE",3.057292
"1972-04-01","Median PCE",2.242799
"1972-05-01","Median PCE",2.323228
"1972-06-01","Median PCE",2.68812
"1972-07-01","Median PCE",3.403729
"1972-08-01","Median PCE",3.829375
"1972-09-01","Median PCE",3.899843
"1972-10-01","Median PCE",2.897984
"1972-11-01","Median PCE",3.814416
"1972-12-01","Median PCE",3.624659
"1973-01-01","Median PCE",2.793417
"1973-02-01","Median PCE",3.987256
"1973-03-01","Median PCE",4.108577
"1973-04-01","Median PCE",6.82803
"1973-05-01","Median PCE",5.1321
"1973-06-01","Median PCE",5.311274
"1973-07-01","Median PCE",2.873286
"1973-08-01","Median PCE",5.568801
"1973-09-01","Median PCE",3.734315
"1973-10-01","Median PCE",4.105822
"1973-11-01","Median PCE",5.178629
"1973-12-01","Median PCE",7.410661
"1974-01-01","Median PCE",6.958703
"1974-02-01","Median PCE",7.899326
"1974-03-01","Median PCE",8.856327
"1974-04-01","Median PCE",7.756231
"1974-05-01","Median PCE",11.674897
"1974-06-01","Median PCE",8.414314
"1974-07-01","Median PCE",8.607396
"1974-08-01","Median PCE",12.686732
"1974-09-01","Median PCE",9.973655
"1974-10-01","Median PCE",9.017636
"1974-11-01","Median PCE",7.182041
"1974-12-01","Median PCE",7.275335
"1975-01-01","Median PCE",8.824935
"1975-02-01","Median PCE",7.084039
"1975-03-01","Median PCE",3.88115
"1975-04-01","Median PCE",6.593498
"1975-05-01","Median PCE",4.550849
"1975-06-01","Median PCE",5.880423
"1975-07-01","Median PCE",6.901932
"1975-08-01","Median PCE",4.833358
"1975-09-01","Median PCE",6.775497
"1975-10-01","Median PCE",8.212549
"1975-11-01","Median PCE",6.747863
"1975-12-01","Median PCE",6.621921
"1976-01-01","Median PCE",5.361604
"1976-02-01","Median PCE",6.059155
"1976-03-01","Median PCE",4.328868
"1976-04-01","Median PCE",3.480479
"1976-05-01","Median PCE",6.48175
"1976-06-01","Median PCE",5.905197
"1976-07-01","Median PCE",5.916002
"1976-08-01","Median PCE",7.456541
"1976-09-01","Median PCE",6.327502
"1976-10-01","Median PCE",6.048359
"1976-11-01","Median PCE",6.245043
"1976-12-01","Median PCE",5.552911
"1977-01-01","Median PCE",7.848347
"1977-02-01","Median PCE",8.229672
"1977-03-01","Median PCE",7.19732
"1977-04-01","Median PCE",5.780863
"1977-05-01","Median PCE",6.278035
"1977-06-01","Median PCE",6.824331
"1977-07-01","Median PCE",5.86959
"1977-08-01","Median PCE",6.437893
"1977-09-01","Median PCE",5.232037
"1977-10-01","Median PCE",5.554711
"1977-11-01","Median PCE",7.715392
"1977-12-01","Median PCE",5.73752
"1978-01-01","Median PCE",5.698517
"1978-02-01","Median PCE",5.641488
"1978-03-01","Median PCE",6.413923
"1978-04-01","Median PCE",7.081781
"1978-05-01","Median PCE",8.52294
"1978-06-01","Median PCE",5.782373
"1978-07-01","Median PCE",6.635462
"1978-08-01","Median PCE",6.535846
"1978-09-01","Median PCE",8.130851
"1978-10-01","Median PCE",8.770466
"1978-11-01","Median PCE",8.170226
"1978-12-01","Median PCE",6.795112
"1979-01-01","Median PCE",8.078717
"1979-02-01","Median PCE",8.921218
"1979-03-01","Median PCE",7.492413
"1979-04-01","Median PCE",6.226905
"1979-05-01","Median PCE",10.158482
"1979-06-01","Median PCE",7.832863
"1979-07-01","Median PCE",7.81732
"1979-08-01","Median PCE",9.68926
"1979-09-01","Median PCE",9.171457
"1979-10-01","Median PCE",10.817763
"1979-11-01","Median PCE",8.30029
"1979-12-01","Median PCE",8.085637
"1980-01-01","Median PCE",10.811519
"1980-02-01","Median PCE",10.371164
"1980-03-01","Median PCE",9.867777
"1980-04-01","Median PCE",7.585387
"1980-05-01","Median PCE",9.614966
"1980-06-01","Median PCE",9.726842
"1980-07-01","Median PCE",7.103565
"1980-08-01","Median PCE",8.795266
"1980-09-01","Median PCE",10.273091
"1980-10-01","Median PCE",9.329366
"1980-11-01","Median PCE",9.206956
"1980-12-01","Median PCE",9.073127
"1981-01-01","Median PCE",9.666194
"1981-02-01","Median PCE",9.744892
"1981-03-01","Median PCE",8.461672
"1981-04-01","Median PCE",8.103728
"1981-05-01","Median PCE",6.755244
"1981-06-01","Median PCE",6.521593
"1981-07-01","Median PCE",8.344323
"1981-08-01","Median PCE",7.648803
"1981-09-01","Median PCE",8.530864
"1981-10-01","Median PCE",6.541675
"1981-11-01","Median PCE",6.456399
"1981-12-01","Median PCE",5.967493
"1982-01-01","Median PCE",6.111734
"1982-02-01","Median PCE",4.36753
"1982-03-01","Median PCE",6.308239
"1982-04-01","Median PCE",3.653831
"1982-05-01","Median PCE",6.279605
"1982-06-01","Median PCE",6.373529
"1982-07-01","Median PCE",7.640063
"1982-08-01","Median PCE",4.963512
"1982-09-01","Median PCE",4.874805
"1982-10-01","Median PCE",6.180943
"1982-11-01","Median PCE",3.560366
"1982-12-01","Median PCE",3.84882
"1983-01-01","Median PCE",5.887742
"1983-02-01","Median PCE",4.112855
"1983-03-01","Median PCE",2.358342
"1983-04-01","Median PCE",6.06519
"1983-05-01","Median PCE",2.865923
"1983-06-01","Median PCE",3.733077
"1983-07-01","Median PCE",4.677761
"1983-08-01","Median PCE",3.579122
"1983-09-01","Median PCE",4.745707
"1983-10-01","Median PCE",2.932401
"1983-11-01","Median PCE",5.189823
"1983-12-01","Median PCE",2.990095
"1984-01-01","Median PCE",4.754059
"1984-02-01","Median PCE",5.122246
"1984-03-01","Median PCE",4.682679
"1984-04-01","Median PCE",5.495445
"1984-05-01","Median PCE",2.69753
"1984-06-01","Median PCE",4.428451
"1984-07-01","Median PCE",5.621739
"1984-08-01","Median PCE",4.291878
"1984-09-01","Median PCE",5.042495
"1984-10-01","Median PCE",3.777941
"1984-11-01","Median PCE",3.224157
"1984-12-01","Median PCE",5.691043
"1985-01-01","Median PCE",3.768564
"1985-02-01","Median PCE",5.719079
"1985-03-01","Median PCE",4.279642
"1985-04-01","Median PCE",2.572208
"1985-05-01","Median PCE",4.193984
"1985-06-01","Median PCE",4.737036
"1985-07-01","Median PCE",2.320083
"1985-08-01","Median PCE",4.164798
"1985-09-01","Median PCE",3.49601
"1985-10-01","Median PCE",3.321563
"1985-11-01","Median PCE",3.279123
"1985-12-01","Median PCE",4.677014
"1986-01-01","Median PCE",4.801506
"1986-02-01","Median PCE",3.237134
"1986-03-01","Median PCE",2.834919
"1986-04-01","Median PCE",4.344772
"1986-05-01","Median PCE",2.51597
"1986-06-01","Median PCE",4.523796
"1986-07-01","Median PCE",3.090177
"1986-08-01","Median PCE",3.486408
"1986-09-01","Median PCE",4.143119
"1986-10-01","Median PCE",5.380326
"1986-11-01","Median PCE",3.3849
"1986-12-01","Median PCE",3.805548
"1987-01-01","Median PCE",4.925965
"1987-02-01","Median PCE",4.028391
"1987-03-01","Median PCE",4.556065
"1987-04-01","Median PCE",6.201571
"1987-05-01","Median PCE",3.759472
"1987-06-01","Median PCE",3.7354
"1987-07-01","Median PCE",3.509915
"1987-08-01","Median PCE",6.12734
"1987-09-01","Median PCE",3.541582
"1987-10-01","Median PCE",4.366531
"1987-11-01","Median PCE",3.437109
"1987-12-01","Median PCE",2.920847
"1988-01-01","Median PCE",5.613258
"1988-02-01","Median PCE",3.906896
"1988-03-01","Median PCE",4.349254
"1988-04-01","Median PCE",4.560147
"1988-05-01","Median PCE",3.38097
"1988-06-01","Median PCE",4.904002
"1988-07-01","Median PCE",5.389159
"1988-08-01","Median PCE",4.393397
"1988-09-01","Median PCE",5.168597
"1988-10-01","Median PCE",3.7645
"1988-11-01","Median PCE",3.80258
"1988-12-01","Median PCE",3.50922
"1989-01-01","Median PCE",5.463537
"1989-02-01","Median PCE",3.995697
"1989-03-01","Median PCE",4.036405
"1989-04-01","Median PCE",4.70712
"1989-05-01","Median PCE",4.989338
"1989-06-01","Median PCE",3.293698
"1989-07-01","Median PCE",4.70701
"1989-08-01","Median PCE",4.200799
"1989-09-01","Median PCE",4.106116
"1989-10-01","Median PCE",6.058704
"1989-11-01","Median PCE",3.964124
"1989-12-01","Median PCE",4.302698
"1990-01-01","Median PCE",4.586979
"1990-02-01","Median PCE",4.490988
"1990-03-01","Median PCE",6.305216
"1990-04-01","Median PCE",4.273437
"1990-05-01","Median PCE",3.005604
"1990-06-01","Median PCE",5.613891
"1990-07-01","Median PCE",4.64497
"1990-08-01","Median PCE",5.277409
"1990-09-01","Median PCE",4.222222
"1990-10-01","Median PCE",3.987521
"1990-11-01","Median PCE",3.030479
"1990-12-01","Median PCE",3.817113
"1991-01-01","Median PCE",3.824709
"1991-02-01","Median PCE",2.224986
"1991-03-01","Median PCE",2.295584
"1991-04-01","Median PCE",3.198265
"1991-05-01","Median PCE",4.272544
"1991-06-01","Median PCE",2.207003
"1991-07-01","Median PCE",2.785123
"1991-08-01","Median PCE",2.524161
"1991-09-01","Median PCE",3.133754
"1991-10-01","Median PCE",3.480973
"1991-11-01","Median PCE",3.74825
"1991-12-01","Median PCE",3.909837
"1992-01-01","Median PCE",2.919007
"1992-02-01","Median PCE",3.080757
"1992-03-01","Median PCE",3.304204
"1992-04-01","Median PCE",2.464771
"1992-05-01","Median PCE",2.439035
"1992-06-01","Median PCE",1.880846
"1992-07-01","Median PCE",2.82465
"1992-08-01","Median PCE",2.449052
"1992-09-01","Median PCE",2.581548
"1992-10-01","Median PCE",4.050434
"1992-11-01","Median PCE",4.012775
"1992-12-01","Median PCE",3.060378
"1993-01-01","Median PCE",3.208626
"1993-02-01","Median PCE",3.004117
"1993-03-01","Median PCE",2.769238
"1993-04-01","Median PCE",3.577556
"1993-05-01","Median PCE",3.261373
"1993-06-01","Median PCE",2.266237
"1993-07-01","Median PCE",2.297758
"1993-08-01","Median PCE",2.336098
"1993-09-01","Median PCE",1.620674
"1993-10-01","Median PCE",2.735753
"1993-11-01","Median PCE",2.64825
"1993-12-01","Median PCE",3.015601
"1994-01-01","Median PCE",3.027346
"1994-02-01","Median PCE",3.299704
"1994-03-01","Median PCE",3.278345
"1994-04-01","Median PCE",2.262471
"1994-05-01","Median PCE",3.732888
"1994-06-01","Median PCE",2.388877
"1994-07-01","Median PCE",2.374482
"1994-08-01","Median PCE",2.338954
"1994-09-01","Median PCE",2.055614
"1994-10-01","Median PCE",2.592181
"1994-11-01","Median PCE",3.091585
"1994-12-01","Median PCE",1.921196
"1995-01-01","Median PCE",4.152014
"1995-02-01","Median PCE",2.260675
"1995-03-01","Median PCE",3.275369
"1995-04-01","Median PCE",2.819026
"1995-05-01","Median PCE",2.220401
"1995-06-01","Median PCE",1.961867
"1995-07-01","Median PCE",2.160801
"1995-08-01","Median PCE",2.457882
"1995-09-01","Median PCE",2.530969
"1995-10-01","Median PCE",3.340942
"1995-11-01","Median PCE",2.584011
"1995-12-01","Median PCE",2.318864
"1996-01-01","Median PCE",2.55093
"1996-02-01","Median PCE",2.031713
"1996-03-01","Median PCE",2.685131
"1996-04-01","Median PCE",2.0911
"1996-05-01","Median PCE",2.791083
"1996-06-01","Median PCE",2.288436
"1996-07-01","Median PCE",3.070216
"1996-08-01","Median PCE",2.624202
"1996-09-01","Median PCE",2.704676
"1996-10-01","Median PCE",2.964142
"1996-11-01","Median PCE",2.872002
"1996-12-01","Median PCE",2.465176
"1997-01-01","Median PCE",2.855496
"1997-02-01","Median PCE",2.244576
"1997-03-01","Median PCE",2.636896
"1997-04-01","Median PCE",2.467971
"1997-05-01","Median PCE",1.765799
"1997-06-01","Median PCE",2.565434
"1997-07-01","Median PCE",2.501225
"1997-08-01","Median PCE",1.931923
"1997-09-01","Median PCE",2.554565
"1997-10-01","Median PCE",2.299868
"1997-11-01","Median PCE",2.17122
"1997-12-01","Median PCE",1.829693
"1998-01-01","Median PCE",2.253522
"1998-02-01","Median PCE",2.340896
"1998-03-01","Median PCE",2.96325
"1998-04-01","Median PCE",2.380539
"1998-05-01","Median PCE",2.900812
"1998-06-01","Median PCE",1.564926
"1998-07-01","Median PCE",2.406026
"1998-08-01","Median PCE",3.239229
"1998-09-01","Median PCE",3.250498
"1998-10-01","Median PCE",2.296783
"1998-11-01","Median PCE",2.470275
"1998-12-01","Median PCE",2.39218
"1999-01-01","Median PCE",2.546955
"1999-02-01","Median PCE",1.714682
"1999-03-01","Median PCE",2.069444
"1999-04-01","Median PCE",2.532145
"1999-05-01","Median PCE",2.526813
"1999-06-01","Median PCE",1.880883
"1999-07-01","Median PCE",2.517547
"1999-08-01","Median PCE",2.512236
"1999-09-01","Median PCE",2.506988
"1999-10-01","Median PCE",1.894972
"1999-11-01","Median PCE",3.022879
"1999-12-01","Median PCE",2.104171
"2000-01-01","Median PCE",3.840446
"2000-02-01","Median PCE",2.598465
"2000-03-01","Median PCE",2.985331
"2000-04-01","Median PCE",2.463229
"2000-05-01","Median PCE",2.485355
"2000-06-01","Median PCE",2.960369
"2000-07-01","Median PCE",3.193446
"2000-08-01","Median PCE",2.164266
"2000-09-01","Median PCE",3.223121
"2000-10-01","Median PCE",2.540455
"2000-11-01","Median PCE",3.036153
"2000-12-01","Median PCE",2.613176
"2001-01-01","Median PCE",3.636952
"2001-02-01","Median PCE",3.625963
"2001-03-01","Median PCE",3.041102
"2001-04-01","Median PCE",3.200021
"2001-05-01","Median PCE",3.045865
"2001-06-01","Median PCE",3.352325
"2001-07-01","Median PCE",3.541381
"2001-08-01","Median PCE",3.803415
"2001-09-01","Median PCE",2.925449
"2001-10-01","Median PCE",3.107296
"2001-11-01","Median PCE",2.922006
"2001-12-01","Median PCE",2.238823
"2002-01-01","Median PCE",2.926364
"2002-02-01","Median PCE",3.258128
"2002-03-01","Median PCE",3.596168
"2002-04-01","Median PCE",2.415549
"2002-05-01","Median PCE",2.429738
"2002-06-01","Median PCE",2.566707
"2002-07-01","Median PCE",3.006449
"2002-08-01","Median PCE",2.252685
"2002-09-01","Median PCE",3.013418
"2002-10-01","Median PCE",2.812854
"2002-11-01","Median PCE",2.806277
"2002-12-01","Median PCE",2.782443
"2003-01-01","Median PCE",3.363881
"2003-02-01","Median PCE",1.787189
"2003-03-01","Median PCE",2.685393
"2003-04-01","Median PCE",0.733293
"2003-05-01","Median PCE",1.667693
"2003-06-01","Median PCE",1.549139
"2003-07-01","Median PCE",2.994076
"2003-08-01","Median PCE",2.343222
"2003-09-01","Median PCE",2.488111
"2003-10-01","Median PCE",3.162174
"2003-11-01","Median PCE",2.586734
"2003-12-01","Median PCE",1.544131
"2004-01-01","Median PCE",2.35705
"2004-02-01","Median PCE",2.604123
"2004-03-01","Median PCE",2.728506
"2004-04-01","Median PCE",3.819955
"2004-05-01","Median PCE",2.67723
"2004-06-01","Median PCE",2.708828
"2004-07-01","Median PCE",2.525062
"2004-08-01","Median PCE",2.448843
"2004-09-01","Median PCE",1.797409
"2004-10-01","Median PCE",2.028062
"2004-11-01","Median PCE",2.028974
"2004-12-01","Median PCE",2.136298
"2005-01-01","Median PCE",3.408619
"2005-02-01","Median PCE",3.213979
"2005-03-01","Median PCE",2.121165
"2005-04-01","Median PCE",2.00509
"2005-05-01","Median PCE",2.653748
"2005-06-01","Median PCE",1.574645
"2005-07-01","Median PCE",2.938651
"2005-08-01","Median PCE",2.102582
"2005-09-01","Median PCE",3.285513
"2005-10-01","Median PCE",3.205993
"2005-11-01","Median PCE",3.159094
"2005-12-01","Median PCE",1.809543
"2006-01-01","Median PCE",3.663088
"2006-02-01","Median PCE",2.387417
"2006-03-01","Median PCE",3.639243
"2006-04-01","Median PCE",3.843603
"2006-05-01","Median PCE",4.310947
"2006-06-01","Median PCE",3.979404
"2006-07-01","Median PCE",3.350073
"2006-08-01","Median PCE",3.369309
"2006-09-01","Median PCE",2.856148
"2006-10-01","Median PCE",3.516155
"2006-11-01","Median PCE",2.421772
"2006-12-01","Median PCE",3.520082
"2007-01-01","Median PCE",3.783076
"2007-02-01","Median PCE",3.37616
"2007-03-01","Median PCE",2.816606
"2007-04-01","Median PCE",1.932819
"2007-05-01","Median PCE",1.903657
"2007-06-01","Median PCE",2.232046
"2007-07-01","Median PCE",2.273529
"2007-08-01","Median PCE",2.547875
"2007-09-01","Median PCE",3.312708
"2007-10-01","Median PCE",3.355853
"2007-11-01","Median PCE",3.951291
"2007-12-01","Median PCE",3.209105
"2008-01-01","Median PCE",2.732101
"2008-02-01","Median PCE",2.256204
"2008-03-01","Median PCE",2.90962
"2008-04-01","Median PCE",2.566921
"2008-05-01","Median PCE",1.433231
"2008-06-01","Median PCE",2.679992
"2008-07-01","Median PCE",3.215035
"2008-08-01","Median PCE",1.782537
"2008-09-01","Median PCE",2.784523
"2008-10-01","Median PCE",1.73178
"2008-11-01","Median PCE",3.172567
"2008-12-01","Median PCE",0.808271
"2009-01-01","Median PCE",3.075818
"2009-02-01","Median PCE",2.156209
"2009-03-01","Median PCE",2.071424
"2009-04-01","Median PCE",1.757226
"2009-05-01","Median PCE",2.015917
"2009-06-01","Median PCE",1.7909
"2009-07-01","Median PCE",0.307055
"2009-08-01","Median PCE",1.101106
"2009-09-01","Median PCE",0.760356
"2009-10-01","Median PCE",3.657547
"2009-11-01","Median PCE",2.157786
"2009-12-01","Median PCE",0.604416
"2010-01-01","Median PCE",0.855376
"2010-02-01","Median PCE",0.569087
"2010-03-01","Median PCE",0.671059
"2010-04-01","Median PCE",0.977227
"2010-05-01","Median PCE",0.702628
"2010-06-01","Median PCE",1.037449
"2010-07-01","Median PCE",0.523583
"2010-08-01","Median PCE",1.972849
"2010-09-01","Median PCE",1.477356
"2010-10-01","Median PCE",0.971893
"2010-11-01","Median PCE",1.290567
"2010-12-01","Median PCE",1.112844
"2011-01-01","Median PCE",2.416172
"2011-02-01","Median PCE",1.909208
"2011-03-01","Median PCE",2.270027
"2011-04-01","Median PCE",2.340073
"2011-05-01","Median PCE",2.460874
"2011-06-01","Median PCE",1.855279
"2011-07-01","Median PCE",2.095196
"2011-08-01","Median PCE",2.578672
"2011-09-01","Median PCE",2.019733
"2011-10-01","Median PCE",2.272093
"2011-11-01","Median PCE",1.824563
"2011-12-01","Median PCE",2.278783
"2012-01-01","Median PCE",2.274464
"2012-02-01","Median PCE",1.630934
"2012-03-01","Median PCE",2.318655
"2012-04-01","Median PCE",2.287336
"2012-05-01","Median PCE",1.508966
"2012-06-01","Median PCE",1.254456
"2012-07-01","Median PCE",1.913272
"2012-08-01","Median PCE",2.419556
"2012-09-01","Median PCE",2.185287
"2012-10-01","Median PCE",2.112256
"2012-11-01","Median PCE",1.707621
"2012-12-01","Median PCE",1.867694
"2013-01-01","Median PCE",2.05999
"2013-02-01","Median PCE",2.447209
"2013-03-01","Median PCE",1.94112
"2013-04-01","Median PCE",1.603695
"2013-05-01","Median PCE",2.182919
"2013-06-01","Median PCE",2.442419
"2013-07-01","Median PCE",1.882473
"2013-08-01","Median PCE",2.007899
"2013-09-01","Median PCE",2.152858
"2013-10-01","Median PCE",2.289091
"2013-11-01","Median PCE",2.381769
"2013-12-01","Median PCE",1.767817
"2014-01-01","Median PCE",2.121847
"2014-02-01","Median PCE",1.633799
"2014-03-01","Median PCE",1.914863
"2014-04-01","Median PCE",2.565414
"2014-05-01","Median PCE",2.09374
"2014-06-01","Median PCE",2.324754
"2014-07-01","Median PCE",2.591081
"2014-08-01","Median PCE",1.757572
"2014-09-01","Median PCE",2.345224
"2014-10-01","Median PCE",2.563776
"2014-11-01","Median PCE",2.618654
"2014-12-01","Median PCE",1.611359
"2015-01-01","Median PCE",2.100789
"2015-02-01","Median PCE",2.604991
"2015-03-01","Median PCE",1.562019
"2015-04-01","Median PCE",3.120312
"2015-05-01","Median PCE",2.485221
"2015-06-01","Median PCE",2.053992
"2015-07-01","Median PCE",2.472927
"2015-08-01","Median PCE",1.761896
"2015-09-01","Median PCE",2.164289
"2015-10-01","Median PCE",1.621018
"2015-11-01","Median PCE",1.878571
"2015-12-01","Median PCE",1.503686
"2016-01-01","Median PCE",2.80884
"2016-02-01","Median PCE",2.482739
"2016-03-01","Median PCE",2.488632
"2016-04-01","Median PCE",2.947747
"2016-05-01","Median PCE",2.880419
"2016-06-01","Median PCE",1.838727
"2016-07-01","Median PCE",2.474988
"2016-08-01","Median PCE",2.278895
"2016-09-01","Median PCE",2.072665
"2016-10-01","Median PCE",1.912293
"2016-11-01","Median PCE",1.490231
"2016-12-01","Median PCE",2.038826
"2017-01-01","Median PCE",2.878437
"2017-02-01","Median PCE",1.650086
"2017-03-01","Median PCE",1.979126
"2017-04-01","Median PCE",1.557273
"2017-05-01","Median PCE",1.298545
"2017-06-01","Median PCE",1.881213
"2017-07-01","Median PCE",1.347701
"2017-08-01","Median PCE",1.935093
"2017-09-01","Median PCE",1.583615
"2017-10-01","Median PCE",2.535971
"2017-11-01","Median PCE",2.136558
"2017-12-01","Median PCE",2.23994
"2018-01-01","Median PCE",3.176768
"2018-02-01","Median PCE",2.250431
"2018-03-01","Median PCE",1.912811
"2018-04-01","Median PCE",2.074464
"2018-05-01","Median PCE",2.403091
"2018-06-01","Median PCE",2.166698
"2018-07-01","Median PCE",1.974966
"2018-08-01","Median PCE",2.163901
"2018-09-01","Median PCE",2.506201
"2018-10-01","Median PCE",2.720093
"2018-11-01","Median PCE",3.100532
"2018-12-01","Median PCE",2.054644
"2019-01-01","Median PCE",2.59468
"2019-02-01","Median PCE",2.839459
"2019-03-01","Median PCE",2.430083
"2019-04-01","Median PCE",4.092836
"2019-05-01","Median PCE",2.061037
"2019-06-01","Median PCE",1.789194
"2019-07-01","Median PCE",2.801431
"2019-08-01","Median PCE",2.404122
"2019-09-01","Median PCE",2.131812
"2019-10-01","Median PCE",2.335261
"2019-11-01","Median PCE",1.938968
"2019-12-01","Median PCE",3.007593
"2020-01-01","Median PCE",3.243618
"2020-02-01","Median PCE",2.650175
"2020-03-01","Median PCE",1.93868
"2020-04-01","Median PCE",2.367753
"2020-05-01","Median PCE",2.778761
"2020-06-01","Median PCE",1.779
"2020-07-01","Median PCE",2.590336
"2020-08-01","Median PCE",2.016249
"2020-09-01","Median PCE",0.997019
"2020-10-01","Median PCE",2.22611
"2020-11-01","Median PCE",0.810306
"2020-12-01","Median PCE",1.707988
"2021-01-01","Median PCE",1.771689
"2021-02-01","Median PCE",2.96435
"2021-03-01","Median PCE",2.790686
"2021-04-01","Median PCE",2.905898
"2021-05-01","Median PCE",3.381841
"2021-06-01","Median PCE",2.976987
"2021-07-01","Median PCE",3.695778
"2021-08-01","Median PCE",3.365384
"2021-09-01","Median PCE",4.649242
"2021-10-01","Median PCE",5.601393
"2021-11-01","Median PCE",4.661424
"2021-12-01","Median PCE",4.803608
"2022-01-01","Median PCE",6.342601
"2022-02-01","Median PCE",5.614733
"2022-03-01","Median PCE",2.754412
"2022-04-01","Median PCE",6.040311
"2022-05-01","Median PCE",7.174519
"2022-06-01","Median PCE",8.851058
"2022-07-01","Median PCE",5.077537
"2022-08-01","Median PCE",6.537333
"2022-09-01","Median PCE",4.576926
"2022-10-01","Median PCE",5.954199
"2022-11-01","Median PCE",3.388822
"2022-12-01","Median PCE",4.895013
"2023-01-01","Median PCE",7.077037
"2023-02-01","Median PCE",4.202313
"2023-03-01","Median PCE",4.863913
"2023-04-01","Median PCE",4.510763
"2023-05-01","Median PCE",3.5798
"2023-06-01","Median PCE",2.786646
"2023-07-01","Median PCE",3.328166
"2023-08-01","Median PCE",3.191491
"2023-09-01","Median PCE",3.680006
"2023-10-01","Median PCE",3.559697
"2023-11-01","Median PCE",3.511959
"2023-12-01","Median PCE",1.765565
"2024-01-01","Median PCE",6.280116
"2024-02-01","Median PCE",2.491034
"2024-03-01","Median PCE",3.557808
"2024-04-01","Median PCE",3.344686
"2024-05-01","Median PCE",3.500566
"2024-06-01","Median PCE",2.232796
"2024-07-01","Median PCE",1.857672
"2024-08-01","Median PCE",2.798349
"2024-09-01","Median PCE",3.750092
"2024-10-01","Median PCE",3.756669
"2024-11-01","Median PCE",3.231311
"2024-12-01","Median PCE",3.851277
"2025-01-01","Median PCE",3.16738
"2025-02-01","Median PCE",3.659405
"2025-03-01","Median PCE",3.528649
"2025-04-01","Median PCE",3.816954
"2025-05-01","Median PCE",2.887013
"2025-06-01","Median PCE",3.7541
"2025-07-01","Median PCE",2.770707
"2025-08-01","Median PCE",3.757282
"2025-09-01","Median PCE",1.826649
"2025-10-01","Median PCE",1.944814
"2025-11-01","Median PCE",1.950296
"2025-12-01","Median PCE",3.291328
"2026-01-01","Median PCE",2.656198
"2026-02-01","Median PCE",2.710719
"2026-03-01","Median PCE",3.225259
"2026-04-01","Median PCE",2.908511
"2026-05-01","Median PCE",3.556745
"2026-06-01","Median PCE",2.534132
"2026-07-01","Median PCE",3.029233
"2026-08-01","Median PCE",2.305889
"1959-03-01","Trimmed-mean PCE",0.57909
"1959-04-01","Trimmed-mean PCE",2.535772
"1959-05-01","Trimmed-mean PCE",0.91129
"1959-06-01","Trimmed-mean PCE",2.158723
"1959-07-01","Trimmed-mean PCE",1.348469
"1959-08-01","Trimmed-mean PCE",0.873664
"1959-09-01","Trimmed-mean PCE",1.733686
"1959-10-01","Trimmed-mean PCE",1.348031
"1959-11-01","Trimmed-mean PCE",0.532577
"1959-12-01","Trimmed-mean PCE",1.028801
"1960-01-01","Trimmed-mean PCE",0.207585
"1960-02-01","Trimmed-mean PCE",0.677684
"1960-03-01","Trimmed-mean PCE",0.159404
"1960-04-01","Trimmed-mean PCE",1.90287
"1960-05-01","Trimmed-mean PCE",0.427752
"1960-06-01","Trimmed-mean PCE",0.156704
"1960-07-01","Trimmed-mean PCE",1.721306
"1960-08-01","Trimmed-mean PCE",0.627212
"1960-09-01","Trimmed-mean PCE",0.741735
"1960-10-01","Trimmed-mean PCE",0.28307
"1960-11-01","Trimmed-mean PCE",1.438942
"1960-12-01","Trimmed-mean PCE",0.661366
"1961-01-01","Trimmed-mean PCE",0.000705
"1961-02-01","Trimmed-mean PCE",0.240848
"1961-03-01","Trimmed-mean PCE",-0.099531
"1961-04-01","Trimmed-mean PCE",0.562508
"1961-05-01","Trimmed-mean PCE",0.038489
"1961-06-01","Trimmed-mean PCE",0.327731
"1961-07-01","Trimmed-mean PCE",1.09868
"1961-08-01","Trimmed-mean PCE",0.131708
"1961-09-01","Trimmed-mean PCE",0.762463
"1961-10-01","Trimmed-mean PCE",-0.036547
"1961-11-01","Trimmed-mean PCE",0.39609
"1961-12-01","Trimmed-mean PCE",-0.014588
"1962-01-01","Trimmed-mean PCE",2.181052
"1962-02-01","Trimmed-mean PCE",1.023439
"1962-03-01","Trimmed-mean PCE",1.518467
"1962-04-01","Trimmed-mean PCE",-0.289715
"1962-05-01","Trimmed-mean PCE",0.472388
"1962-06-01","Trimmed-mean PCE",0.573742
"1962-07-01","Trimmed-mean PCE",0.303426
"1962-08-01","Trimmed-mean PCE",0.85322
"1962-09-01","Trimmed-mean PCE",1.150373
"1962-10-01","Trimmed-mean PCE",-0.52696
"1962-11-01","Trimmed-mean PCE",0.232392
"1962-12-01","Trimmed-mean PCE",-0.041649
"1963-01-01","Trimmed-mean PCE",1.678111
"1963-02-01","Trimmed-mean PCE",0.482992
"1963-03-01","Trimmed-mean PCE",-0.037858
"1963-04-01","Trimmed-mean PCE",0.032039
"1963-05-01","Trimmed-mean PCE",1.880626
"1963-06-01","Trimmed-mean PCE",0.629864
"1963-07-01","Trimmed-mean PCE",0.529725
"1963-08-01","Trimmed-mean PCE",0.278333
"1963-09-01","Trimmed-mean PCE",0.269002
"1963-10-01","Trimmed-mean PCE",1.713162
"1963-11-01","Trimmed-mean PCE",0.351129
"1963-12-01","Trimmed-mean PCE",0.400355
"1964-01-01","Trimmed-mean PCE",1.03695
"1964-02-01","Trimmed-mean PCE",0.811543
"1964-03-01","Trimmed-mean PCE",-0.158273
"1964-04-01","Trimmed-mean PCE",0.12345
"1964-05-01","Trimmed-mean PCE",0.109063
"1964-06-01","Trimmed-mean PCE",0.042787
"1964-07-01","Trimmed-mean PCE",0.070816
"1964-08-01","Trimmed-mean PCE",0.604306
"1964-09-01","Trimmed-mean PCE",0.027711
"1964-10-01","Trimmed-mean PCE",0.213554
"1964-11-01","Trimmed-mean PCE",0.665229
"1964-12-01","Trimmed-mean PCE",0.491081
"1965-01-01","Trimmed-mean PCE",1.175972
"1965-02-01","Trimmed-mean PCE",-0.09714
"1965-03-01","Trimmed-mean PCE",0.24361
"1965-04-01","Trimmed-mean PCE",1.195182
"1965-05-01","Trimmed-mean PCE",1.007473
"1965-06-01","Trimmed-mean PCE",1.036604
"1965-07-01","Trimmed-mean PCE",0.634753
"1965-08-01","Trimmed-mean PCE",1.012387
"1965-09-01","Trimmed-mean PCE",1.122424
"1965-10-01","Trimmed-mean PCE",0.944659
"1965-11-01","Trimmed-mean PCE",1.477287
"1965-12-01","Trimmed-mean PCE",2.048484
"1966-01-01","Trimmed-mean PCE",1.791308
"1966-02-01","Trimmed-mean PCE",2.044911
"1966-03-01","Trimmed-mean PCE",1.146703
"1966-04-01","Trimmed-mean PCE",3.318969
"1966-05-01","Trimmed-mean PCE",1.297218
"1966-06-01","Trimmed-mean PCE",1.818546
"1966-07-01","Trimmed-mean PCE",1.979894
"1966-08-01","Trimmed-mean PCE",1.548982
"1966-09-01","Trimmed-mean PCE",3.256354
"1966-10-01","Trimmed-mean PCE",3.451964
"1966-11-01","Trimmed-mean PCE",1.501874
"1966-12-01","Trimmed-mean PCE",1.724213
"1967-01-01","Trimmed-mean PCE",1.868909
"1967-02-01","Trimmed-mean PCE",2.270655
"1967-03-01","Trimmed-mean PCE",0.677934
"1967-04-01","Trimmed-mean PCE",1.5905
"1967-05-01","Trimmed-mean PCE",1.352208
"1967-06-01","Trimmed-mean PCE",2.690805
"1967-07-01","Trimmed-mean PCE",2.441503
"1967-08-01","Trimmed-mean PCE",2.244953
"1967-09-01","Trimmed-mean PCE",4.027426
"1967-10-01","Trimmed-mean PCE",3.222679
"1967-11-01","Trimmed-mean PCE",2.691958
"1967-12-01","Trimmed-mean PCE",2.35907
"1968-01-01","Trimmed-mean PCE",4.090349
"1968-02-01","Trimmed-mean PCE",3.56268
"1968-03-01","Trimmed-mean PCE",2.391737
"1968-04-01","Trimmed-mean PCE",3.614403
"1968-05-01","Trimmed-mean PCE",4.226705
"1968-06-01","Trimmed-mean PCE",3.396511
"1968-07-01","Trimmed-mean PCE",2.553218
"1968-08-01","Trimmed-mean PCE",4.403997
"1968-09-01","Trimmed-mean PCE",4.258816
"1968-10-01","Trimmed-mean PCE",4.3381
"1968-11-01","Trimmed-mean PCE",3.930302
"1968-12-01","Trimmed-mean PCE",3.627681
"1969-01-01","Trimmed-mean PCE",3.673709
"1969-02-01","Trimmed-mean PCE",2.467337
"1969-03-01","Trimmed-mean PCE",4.423043
"1969-04-01","Trimmed-mean PCE",4.417373
"1969-05-01","Trimmed-mean PCE",4.03323
"1969-06-01","Trimmed-mean PCE",4.14686
"1969-07-01","Trimmed-mean PCE",5.137059
"1969-08-01","Trimmed-mean PCE",2.680094
"1969-09-01","Trimmed-mean PCE",4.520663
"1969-10-01","Trimmed-mean PCE",4.182705
"1969-11-01","Trimmed-mean PCE",4.512974
"1969-12-01","Trimmed-mean PCE",4.422214
"1970-01-01","Trimmed-mean PCE",3.723816
"1970-02-01","Trimmed-mean PCE",4.141214
"1970-03-01","Trimmed-mean PCE",4.456835
"1970-04-01","Trimmed-mean PCE",4.610529
"1970-05-01","Trimmed-mean PCE",3.091172
"1970-06-01","Trimmed-mean PCE",3.305884
"1970-07-01","Trimmed-mean PCE",4.17885
"1970-08-01","Trimmed-mean PCE",3.751098
"1970-09-01","Trimmed-mean PCE",4.674479
"1970-10-01","Trimmed-mean PCE",4.841987
"1970-11-01","Trimmed-mean PCE",4.436033
"1970-12-01","Trimmed-mean PCE",5.698883
"1971-01-01","Trimmed-mean PCE",3.632141
"1971-02-01","Trimmed-mean PCE",2.647481
"1971-03-01","Trimmed-mean PCE",2.570717
"1971-04-01","Trimmed-mean PCE",3.654969
"1971-05-01","Trimmed-mean PCE",4.507073
"1971-06-01","Trimmed-mean PCE",4.430923
"1971-07-01","Trimmed-mean PCE",3.304637
"1971-08-01","Trimmed-mean PCE",3.772609
"1971-09-01","Trimmed-mean PCE",2.918205
"1971-10-01","Trimmed-mean PCE",1.03287
"1971-11-01","Trimmed-mean PCE",1.853942
"1971-12-01","Trimmed-mean PCE",3.104133
"1972-01-01","Trimmed-mean PCE",3.290951
"1972-02-01","Trimmed-mean PCE",3.118163
"1972-03-01","Trimmed-mean PCE",2.815828
"1972-04-01","Trimmed-mean PCE",1.404429
"1972-05-01","Trimmed-mean PCE",1.918334
"1972-06-01","Trimmed-mean PCE",1.912583
"1972-07-01","Trimmed-mean PCE",3.1073
"1972-08-01","Trimmed-mean PCE",2.816367
"1972-09-01","Trimmed-mean PCE",3.581895
"1972-10-01","Trimmed-mean PCE",2.029755
"1972-11-01","Trimmed-mean PCE",3.103267
"1972-12-01","Trimmed-mean PCE",3.465131
"1973-01-01","Trimmed-mean PCE",2.48418
"1973-02-01","Trimmed-mean PCE",4.123326
"1973-03-01","Trimmed-mean PCE",4.43944
"1973-04-01","Trimmed-mean PCE",6.223398
"1973-05-01","Trimmed-mean PCE",4.431228
"1973-06-01","Trimmed-mean PCE",3.67091
"1973-07-01","Trimmed-mean PCE",2.315768
"1973-08-01","Trimmed-mean PCE",5.017005
"1973-09-01","Trimmed-mean PCE",3.679875
"1973-10-01","Trimmed-mean PCE",4.738833
"1973-11-01","Trimmed-mean PCE",4.956474
"1973-12-01","Trimmed-mean PCE",6.044983
"1974-01-01","Trimmed-mean PCE",5.500138
"1974-02-01","Trimmed-mean PCE",7.24107
"1974-03-01","Trimmed-mean PCE",8.263377
"1974-04-01","Trimmed-mean PCE",7.228088
"1974-05-01","Trimmed-mean PCE",9.706824
"1974-06-01","Trimmed-mean PCE",9.336566
"1974-07-01","Trimmed-mean PCE",7.64093
"1974-08-01","Trimmed-mean PCE",10.489035
"1974-09-01","Trimmed-mean PCE",9.538469
"1974-10-01","Trimmed-mean PCE",8.703184
"1974-11-01","Trimmed-mean PCE",7.199751
"1974-12-01","Trimmed-mean PCE",7.501558
"1975-01-01","Trimmed-mean PCE",7.414345
"1975-02-01","Trimmed-mean PCE",6.240563
"1975-03-01","Trimmed-mean PCE",4.003631
"1975-04-01","Trimmed-mean PCE",5.021301
"1975-05-01","Trimmed-mean PCE",3.907271
"1975-06-01","Trimmed-mean PCE",4.712482
"1975-07-01","Trimmed-mean PCE",5.877101
"1975-08-01","Trimmed-mean PCE",4.893637
"1975-09-01","Trimmed-mean PCE",6.520361
"1975-10-01","Trimmed-mean PCE",7.6298
"1975-11-01","Trimmed-mean PCE",5.89479
"1975-12-01","Trimmed-mean PCE",5.592427
"1976-01-01","Trimmed-mean PCE",5.084275
"1976-02-01","Trimmed-mean PCE",4.671801
"1976-03-01","Trimmed-mean PCE",3.954005
"1976-04-01","Trimmed-mean PCE",3.629237
"1976-05-01","Trimmed-mean PCE",5.60739
"1976-06-01","Trimmed-mean PCE",4.931249
"1976-07-01","Trimmed-mean PCE",5.115278
"1976-08-01","Trimmed-mean PCE",6.390515
"1976-09-01","Trimmed-mean PCE",5.774486
"1976-10-01","Trimmed-mean PCE",6.147743
"1976-11-01","Trimmed-mean PCE",5.57009
"1976-12-01","Trimmed-mean PCE",4.856508
"1977-01-01","Trimmed-mean PCE",6.683127
"1977-02-01","Trimmed-mean PCE",7.230255
"1977-03-01","Trimmed-mean PCE",6.632676
"1977-04-01","Trimmed-mean PCE",4.932696
"1977-05-01","Trimmed-mean PCE",5.885653
"1977-06-01","Trimmed-mean PCE",6.132003
"1977-07-01","Trimmed-mean PCE",5.621056
"1977-08-01","Trimmed-mean PCE",6.093358
"1977-09-01","Trimmed-mean PCE",5.004371
"1977-10-01","Trimmed-mean PCE",4.558002
"1977-11-01","Trimmed-mean PCE",6.695519
"1977-12-01","Trimmed-mean PCE",5.656227
"1978-01-01","Trimmed-mean PCE",4.588232
"1978-02-01","Trimmed-mean PCE",5.596702
"1978-03-01","Trimmed-mean PCE",6.223157
"1978-04-01","Trimmed-mean PCE",6.732896
"1978-05-01","Trimmed-mean PCE",7.898503
"1978-06-01","Trimmed-mean PCE",6.349945
"1978-07-01","Trimmed-mean PCE",6.507143
"1978-08-01","Trimmed-mean PCE",6.855947
"1978-09-01","Trimmed-mean PCE",6.968266
"1978-10-01","Trimmed-mean PCE",8.69505
"1978-11-01","Trimmed-mean PCE",7.983552
"1978-12-01","Trimmed-mean PCE",6.17419
"1979-01-01","Trimmed-mean PCE",8.373726
"1979-02-01","Trimmed-mean PCE",7.836574
"1979-03-01","Trimmed-mean PCE",6.607104
"1979-04-01","Trimmed-mean PCE",6.656575
"1979-05-01","Trimmed-mean PCE",9.303286
"1979-06-01","Trimmed-mean PCE",6.889908
"1979-07-01","Trimmed-mean PCE",7.807123
"1979-08-01","Trimmed-mean PCE",8.998512
"1979-09-01","Trimmed-mean PCE",8.325163
"1979-10-01","Trimmed-mean PCE",9.993169
"1979-11-01","Trimmed-mean PCE",7.631541
"1979-12-01","Trimmed-mean PCE",8.000493
"1980-01-01","Trimmed-mean PCE",9.975963
"1980-02-01","Trimmed-mean PCE",10.264438
"1980-03-01","Trimmed-mean PCE",9.401096
"1980-04-01","Trimmed-mean PCE",6.223074
"1980-05-01","Trimmed-mean PCE",9.005635
"1980-06-01","Trimmed-mean PCE",8.732689
"1980-07-01","Trimmed-mean PCE",6.636151
"1980-08-01","Trimmed-mean PCE",8.630991
"1980-09-01","Trimmed-mean PCE",9.632495
"1980-10-01","Trimmed-mean PCE",8.755731
"1980-11-01","Trimmed-mean PCE",8.502106
"1980-12-01","Trimmed-mean PCE",8.257824
"1981-01-01","Trimmed-mean PCE",9.315982
"1981-02-01","Trimmed-mean PCE",10.030644
"1981-03-01","Trimmed-mean PCE",7.187258
"1981-04-01","Trimmed-mean PCE",7.42414
"1981-05-01","Trimmed-mean PCE",6.759949
"1981-06-01","Trimmed-mean PCE",5.811131
"1981-07-01","Trimmed-mean PCE",6.968371
"1981-08-01","Trimmed-mean PCE",7.771587
"1981-09-01","Trimmed-mean PCE",7.375108
"1981-10-01","Trimmed-mean PCE",6.380236
"1981-11-01","Trimmed-mean PCE",6.228921
"1981-12-01","Trimmed-mean PCE",5.018784
"1982-01-01","Trimmed-mean PCE",5.567572
"1982-02-01","Trimmed-mean PCE",4.839339
"1982-03-01","Trimmed-mean PCE",5.236615
"1982-04-01","Trimmed-mean PCE",3.469553
"1982-05-01","Trimmed-mean PCE",6.06331
"1982-06-01","Trimmed-mean PCE",5.409274
"1982-07-01","Trimmed-mean PCE",7.297031
"1982-08-01","Trimmed-mean PCE",4.38128
"1982-09-01","Trimmed-mean PCE",3.246622
"1982-10-01","Trimmed-mean PCE",5.574996
"1982-11-01","Trimmed-mean PCE",2.904792
"1982-12-01","Trimmed-mean PCE",2.868893
"1983-01-01","Trimmed-mean PCE",5.850794
"1983-02-01","Trimmed-mean PCE",4.000204
"1983-03-01","Trimmed-mean PCE",2.387165
"1983-04-01","Trimmed-mean PCE",4.948962
"1983-05-01","Trimmed-mean PCE",3.228202
"1983-06-01","Trimmed-mean PCE",3.313752
"1983-07-01","Trimmed-mean PCE",3.915652
"1983-08-01","Trimmed-mean PCE",3.317343
"1983-09-01","Trimmed-mean PCE",4.094002
"1983-10-01","Trimmed-mean PCE",2.784869
"1983-11-01","Trimmed-mean PCE",4.212791
"1983-12-01","Trimmed-mean PCE",2.576175
"1984-01-01","Trimmed-mean PCE",5.03877
"1984-02-01","Trimmed-mean PCE",4.672959
"1984-03-01","Trimmed-mean PCE",4.213785
"1984-04-01","Trimmed-mean PCE",4.747034
"1984-05-01","Trimmed-mean PCE",2.326839
"1984-06-01","Trimmed-mean PCE",3.590547
"1984-07-01","Trimmed-mean PCE",5.018383
"1984-08-01","Trimmed-mean PCE",4.210867
"1984-09-01","Trimmed-mean PCE",3.92453
"1984-10-01","Trimmed-mean PCE",3.56369
"1984-11-01","Trimmed-mean PCE",2.215032
"1984-12-01","Trimmed-mean PCE",3.919004
"1985-01-01","Trimmed-mean PCE",3.280612
"1985-02-01","Trimmed-mean PCE",5.690024
"1985-03-01","Trimmed-mean PCE",4.133264
"1985-04-01","Trimmed-mean PCE",2.528748
"1985-05-01","Trimmed-mean PCE",3.177612
"1985-06-01","Trimmed-mean PCE",4.188217
"1985-07-01","Trimmed-mean PCE",2.562512
"1985-08-01","Trimmed-mean PCE",3.89296
"1985-09-01","Trimmed-mean PCE",3.470449
"1985-10-01","Trimmed-mean PCE",2.931874
"1985-11-01","Trimmed-mean PCE",3.763017
"1985-12-01","Trimmed-mean PCE",4.001203
"1986-01-01","Trimmed-mean PCE",4.670819
"1986-02-01","Trimmed-mean PCE",2.869874
"1986-03-01","Trimmed-mean PCE",1.97199
"1986-04-01","Trimmed-mean PCE",3.208
"1986-05-01","Trimmed-mean PCE",2.304806
"1986-06-01","Trimmed-mean PCE",4.118341
"1986-07-01","Trimmed-mean PCE",2.926919
"1986-08-01","Trimmed-mean PCE",3.059114
"1986-09-01","Trimmed-mean PCE",3.871385
"1986-10-01","Trimmed-mean PCE",3.87102
"1986-11-01","Trimmed-mean PCE",3.148226
"1986-12-01","Trimmed-mean PCE",3.212167
"1987-01-01","Trimmed-mean PCE",4.984244
"1987-02-01","Trimmed-mean PCE",3.264404
"1987-03-01","Trimmed-mean PCE",4.158428
"1987-04-01","Trimmed-mean PCE",5.014427
"1987-05-01","Trimmed-mean PCE",3.423736
"1987-06-01","Trimmed-mean PCE",3.307439
"1987-07-01","Trimmed-mean PCE",2.710427
"1987-08-01","Trimmed-mean PCE",4.602605
"1987-09-01","Trimmed-mean PCE",3.541825
"1987-10-01","Trimmed-mean PCE",4.008864
"1987-11-01","Trimmed-mean PCE",3.059754
"1987-12-01","Trimmed-mean PCE",2.118541
"1988-01-01","Trimmed-mean PCE",4.688946
"1988-02-01","Trimmed-mean PCE",3.017028
"1988-03-01","Trimmed-mean PCE",3.872383
"1988-04-01","Trimmed-mean PCE",4.503179
"1988-05-01","Trimmed-mean PCE",3.20954
"1988-06-01","Trimmed-mean PCE",4.61791
"1988-07-01","Trimmed-mean PCE",5.036742
"1988-08-01","Trimmed-mean PCE",4.096139
"1988-09-01","Trimmed-mean PCE",5.428443
"1988-10-01","Trimmed-mean PCE",3.490915
"1988-11-01","Trimmed-mean PCE",3.598479
"1988-12-01","Trimmed-mean PCE",3.744965
"1989-01-01","Trimmed-mean PCE",5.403563
"1989-02-01","Trimmed-mean PCE",4.14295
"1989-03-01","Trimmed-mean PCE",3.894153
"1989-04-01","Trimmed-mean PCE",4.488506
"1989-05-01","Trimmed-mean PCE",4.209603
"1989-06-01","Trimmed-mean PCE",3.281446
"1989-07-01","Trimmed-mean PCE",3.98705
"1989-08-01","Trimmed-mean PCE",3.14829
"1989-09-01","Trimmed-mean PCE",3.573416
"1989-10-01","Trimmed-mean PCE",5.237375
"1989-11-01","Trimmed-mean PCE",3.400779
"1989-12-01","Trimmed-mean PCE",4.026949
"1990-01-01","Trimmed-mean PCE",4.099914
"1990-02-01","Trimmed-mean PCE",3.757934
"1990-03-01","Trimmed-mean PCE",5.697291
"1990-04-01","Trimmed-mean PCE",3.961754
"1990-05-01","Trimmed-mean PCE",3.081471
"1990-06-01","Trimmed-mean PCE",4.98007
"1990-07-01","Trimmed-mean PCE",4.200203
"1990-08-01","Trimmed-mean PCE",5.275275
"1990-09-01","Trimmed-mean PCE",3.465548
"1990-10-01","Trimmed-mean PCE",3.836558
"1990-11-01","Trimmed-mean PCE",1.898238
"1990-12-01","Trimmed-mean PCE",3.497516
"1991-01-01","Trimmed-mean PCE",4.113945
"1991-02-01","Trimmed-mean PCE",2.614418
"1991-03-01","Trimmed-mean PCE",2.080446
"1991-04-01","Trimmed-mean PCE",2.94959
"1991-05-01","Trimmed-mean PCE",4.066861
"1991-06-01","Trimmed-mean PCE",2.268422
"1991-07-01","Trimmed-mean PCE",2.605263
"1991-08-01","Trimmed-mean PCE",2.90988
"1991-09-01","Trimmed-mean PCE",3.258697
"1991-10-01","Trimmed-mean PCE",3.000111
"1991-11-01","Trimmed-mean PCE",3.566766
"1991-12-01","Trimmed-mean PCE",3.87916
"1992-01-01","Trimmed-mean PCE",2.652854
"1992-02-01","Trimmed-mean PCE",2.816607
"1992-03-01","Trimmed-mean PCE",3.132255
"1992-04-01","Trimmed-mean PCE",2.15225
"1992-05-01","Trimmed-mean PCE",2.614961
"1992-06-01","Trimmed-mean PCE",2.227067
"1992-07-01","Trimmed-mean PCE",2.688046
"1992-08-01","Trimmed-mean PCE",2.127343
"1992-09-01","Trimmed-mean PCE",1.628255
"1992-10-01","Trimmed-mean PCE",3.388727
"1992-11-01","Trimmed-mean PCE",3.186868
"1992-12-01","Trimmed-mean PCE",2.550733
"1993-01-01","Trimmed-mean PCE",2.650693
"1993-02-01","Trimmed-mean PCE",2.723851
"1993-03-01","Trimmed-mean PCE",2.326792
"1993-04-01","Trimmed-mean PCE",3.161104
"1993-05-01","Trimmed-mean PCE",3.232492
"1993-06-01","Trimmed-mean PCE",1.848385
"1993-07-01","Trimmed-mean PCE",2.356963
"1993-08-01","Trimmed-mean PCE",1.96134
"1993-09-01","Trimmed-mean PCE",1.972467
"1993-10-01","Trimmed-mean PCE",2.739161
"1993-11-01","Trimmed-mean PCE",2.380642
"1993-12-01","Trimmed-mean PCE",2.140769
"1994-01-01","Trimmed-mean PCE",2.186601
"1994-02-01","Trimmed-mean PCE",2.737923
"1994-03-01","Trimmed-mean PCE",2.894977
"1994-04-01","Trimmed-mean PCE",1.965831
"1994-05-01","Trimmed-mean PCE",2.795496
"1994-06-01","Trimmed-mean PCE",2.449267
"1994-07-01","Trimmed-mean PCE",2.491725
"1994-08-01","Trimmed-mean PCE",1.750595
"1994-09-01","Trimmed-mean PCE",1.687839
"1994-10-01","Trimmed-mean PCE",2.147073
"1994-11-01","Trimmed-mean PCE",2.540665
"1994-12-01","Trimmed-mean PCE",1.688637
"1995-01-01","Trimmed-mean PCE",3.432606
"1995-02-01","Trimmed-mean PCE",1.880788
"1995-03-01","Trimmed-mean PCE",2.38401
"1995-04-01","Trimmed-mean PCE",2.585814
"1995-05-01","Trimmed-mean PCE",2.134825
"1995-06-01","Trimmed-mean PCE",1.727859
"1995-07-01","Trimmed-mean PCE",2.017004
"1995-08-01","Trimmed-mean PCE",2.353532
"1995-09-01","Trimmed-mean PCE",1.999129
"1995-10-01","Trimmed-mean PCE",3.189115
"1995-11-01","Trimmed-mean PCE",2.19659
"1995-12-01","Trimmed-mean PCE",2.286021
"1996-01-01","Trimmed-mean PCE",2.539502
"1996-02-01","Trimmed-mean PCE",1.977722
"1996-03-01","Trimmed-mean PCE",2.47798
"1996-04-01","Trimmed-mean PCE",1.994595
"1996-05-01","Trimmed-mean PCE",2.455018
"1996-06-01","Trimmed-mean PCE",2.172771
"1996-07-01","Trimmed-mean PCE",2.387789
"1996-08-01","Trimmed-mean PCE",2.300881
"1996-09-01","Trimmed-mean PCE",2.54873
"1996-10-01","Trimmed-mean PCE",2.812302
"1996-11-01","Trimmed-mean PCE",2.673054
"1996-12-01","Trimmed-mean PCE",2.021803
"1997-01-01","Trimmed-mean PCE",2.191461
"1997-02-01","Trimmed-mean PCE",1.964935
"1997-03-01","Trimmed-mean PCE",1.987442
"1997-04-01","Trimmed-mean PCE",2.154402
"1997-05-01","Trimmed-mean PCE",1.563347
"1997-06-01","Trimmed-mean PCE",2.052837
"1997-07-01","Trimmed-mean PCE",1.315156
"1997-08-01","Trimmed-mean PCE",1.504801
"1997-09-01","Trimmed-mean PCE",2.390903
"1997-10-01","Trimmed-mean PCE",0.946607
"1997-11-01","Trimmed-mean PCE",1.644036
"1997-12-01","Trimmed-mean PCE",1.219242
"1998-01-01","Trimmed-mean PCE",1.301526
"1998-02-01","Trimmed-mean PCE",1.341942
"1998-03-01","Trimmed-mean PCE",2.389356
"1998-04-01","Trimmed-mean PCE",1.843311
"1998-05-01","Trimmed-mean PCE",2.329011
"1998-06-01","Trimmed-mean PCE",1.238619
"1998-07-01","Trimmed-mean PCE",1.922854
"1998-08-01","Trimmed-mean PCE",2.029422
"1998-09-01","Trimmed-mean PCE",1.888232
"1998-10-01","Trimmed-mean PCE",1.980054
"1998-11-01","Trimmed-mean PCE",1.832364
"1998-12-01","Trimmed-mean PCE",1.569162
"1999-01-01","Trimmed-mean PCE",1.756648
"1999-02-01","Trimmed-mean PCE",0.806928
"1999-03-01","Trimmed-mean PCE",1.452943
"1999-04-01","Trimmed-mean PCE",2.435838
"1999-05-01","Trimmed-mean PCE",1.856766
"1999-06-01","Trimmed-mean PCE",1.449744
"1999-07-01","Trimmed-mean PCE",2.361185
"1999-08-01","Trimmed-mean PCE",1.570008
"1999-09-01","Trimmed-mean PCE",2.306435
"1999-10-01","Trimmed-mean PCE",1.919517
"1999-11-01","Trimmed-mean PCE",2.322713
"1999-12-01","Trimmed-mean PCE",1.820307
"2000-01-01","Trimmed-mean PCE",3.334238
"2000-02-01","Trimmed-mean PCE",2.29414
"2000-03-01","Trimmed-mean PCE",2.76931
"2000-04-01","Trimmed-mean PCE",1.727346
"2000-05-01","Trimmed-mean PCE",2.277982
"2000-06-01","Trimmed-mean PCE",2.074593
"2000-07-01","Trimmed-mean PCE",2.899667
"2000-08-01","Trimmed-mean PCE",1.868492
"2000-09-01","Trimmed-mean PCE",3.074852
"2000-10-01","Trimmed-mean PCE",2.518155
"2000-11-01","Trimmed-mean PCE",2.505619
"2000-12-01","Trimmed-mean PCE",2.326759
"2001-01-01","Trimmed-mean PCE",3.33732
"2001-02-01","Trimmed-mean PCE",2.679491
"2001-03-01","Trimmed-mean PCE",2.500817
"2001-04-01","Trimmed-mean PCE",3.034262
"2001-05-01","Trimmed-mean PCE",2.21469
"2001-06-01","Trimmed-mean PCE",3.094736
"2001-07-01","Trimmed-mean PCE",2.274172
"2001-08-01","Trimmed-mean PCE",2.436357
"2001-09-01","Trimmed-mean PCE",1.966959
"2001-10-01","Trimmed-mean PCE",2.204095
"2001-11-01","Trimmed-mean PCE",2.311134
"2001-12-01","Trimmed-mean PCE",1.421708
"2002-01-01","Trimmed-mean PCE",1.749845
"2002-02-01","Trimmed-mean PCE",2.323142
"2002-03-01","Trimmed-mean PCE",2.326661
"2002-04-01","Trimmed-mean PCE",2.32626
"2002-05-01","Trimmed-mean PCE",1.790373
"2002-06-01","Trimmed-mean PCE",1.929785
"2002-07-01","Trimmed-mean PCE",2.549285
"2002-08-01","Trimmed-mean PCE",2.047028
"2002-09-01","Trimmed-mean PCE",2.661317
"2002-10-01","Trimmed-mean PCE",2.290399
"2002-11-01","Trimmed-mean PCE",2.079556
"2002-12-01","Trimmed-mean PCE",1.927255
"2003-01-01","Trimmed-mean PCE",1.893038
"2003-02-01","Trimmed-mean PCE",1.785292
"2003-03-01","Trimmed-mean PCE",2.218528
"2003-04-01","Trimmed-mean PCE",0.773575
"2003-05-01","Trimmed-mean PCE",1.657111
"2003-06-01","Trimmed-mean PCE",1.118011
"2003-07-01","Trimmed-mean PCE",2.891203
"2003-08-01","Trimmed-mean PCE",2.17446
"2003-09-01","Trimmed-mean PCE",1.856338
"2003-10-01","Trimmed-mean PCE",2.212021
"2003-11-01","Trimmed-mean PCE",1.902422
"2003-12-01","Trimmed-mean PCE",1.54181
"2004-01-01","Trimmed-mean PCE",2.672036
"2004-02-01","Trimmed-mean PCE",2.597483
"2004-03-01","Trimmed-mean PCE",2.207766
"2004-04-01","Trimmed-mean PCE",3.251663
"2004-05-01","Trimmed-mean PCE",2.631991
"2004-06-01","Trimmed-mean PCE",2.502815
"2004-07-01","Trimmed-mean PCE",2.128987
"2004-08-01","Trimmed-mean PCE",1.758064
"2004-09-01","Trimmed-mean PCE",1.784007
"2004-10-01","Trimmed-mean PCE",2.306754
"2004-11-01","Trimmed-mean PCE",2.329536
"2004-12-01","Trimmed-mean PCE",1.865199
"2005-01-01","Trimmed-mean PCE",3.479158
"2005-02-01","Trimmed-mean PCE",2.842546
"2005-03-01","Trimmed-mean PCE",2.143583
"2005-04-01","Trimmed-mean PCE",2.158129
"2005-05-01","Trimmed-mean PCE",2.166426
"2005-06-01","Trimmed-mean PCE",1.749683
"2005-07-01","Trimmed-mean PCE",2.726388
"2005-08-01","Trimmed-mean PCE",1.851212
"2005-09-01","Trimmed-mean PCE",3.309182
"2005-10-01","Trimmed-mean PCE",2.950155
"2005-11-01","Trimmed-mean PCE",2.716558
"2005-12-01","Trimmed-mean PCE",1.558078
"2006-01-01","Trimmed-mean PCE",2.985304
"2006-02-01","Trimmed-mean PCE",2.05256
"2006-03-01","Trimmed-mean PCE",2.912467
"2006-04-01","Trimmed-mean PCE",3.084369
"2006-05-01","Trimmed-mean PCE",3.839369
"2006-06-01","Trimmed-mean PCE",3.677466
"2006-07-01","Trimmed-mean PCE",3.051728
"2006-08-01","Trimmed-mean PCE",2.813145
"2006-09-01","Trimmed-mean PCE",2.285789
"2006-10-01","Trimmed-mean PCE",2.270146
"2006-11-01","Trimmed-mean PCE",1.125651
"2006-12-01","Trimmed-mean PCE",2.864866
"2007-01-01","Trimmed-mean PCE",3.347013
"2007-02-01","Trimmed-mean PCE",3.40498
"2007-03-01","Trimmed-mean PCE",2.129261
"2007-04-01","Trimmed-mean PCE",2.070631
"2007-05-01","Trimmed-mean PCE",1.968896
"2007-06-01","Trimmed-mean PCE",2.407592
"2007-07-01","Trimmed-mean PCE",2.052426
"2007-08-01","Trimmed-mean PCE",2.105202
"2007-09-01","Trimmed-mean PCE",3.228543
"2007-10-01","Trimmed-mean PCE",3.227682
"2007-11-01","Trimmed-mean PCE",3.434321
"2007-12-01","Trimmed-mean PCE",2.517642
"2008-01-01","Trimmed-mean PCE",2.552252
"2008-02-01","Trimmed-mean PCE",1.991668
"2008-03-01","Trimmed-mean PCE",2.489205
"2008-04-01","Trimmed-mean PCE",2.419639
"2008-05-01","Trimmed-mean PCE",2.266887
"2008-06-01","Trimmed-mean PCE",3.120992
"2008-07-01","Trimmed-mean PCE",3.387289
"2008-08-01","Trimmed-mean PCE",1.662912
"2008-09-01","Trimmed-mean PCE",2.138164
"2008-10-01","Trimmed-mean PCE",1.825984
"2008-11-01","Trimmed-mean PCE",2.33485
"2008-12-01","Trimmed-mean PCE",0.826678
"2009-01-01","Trimmed-mean PCE",3.003464
"2009-02-01","Trimmed-mean PCE",1.944548
"2009-03-01","Trimmed-mean PCE",1.757196
"2009-04-01","Trimmed-mean PCE",1.52765
"2009-05-01","Trimmed-mean PCE",1.522924
"2009-06-01","Trimmed-mean PCE",1.514139
"2009-07-01","Trimmed-mean PCE",0.222745
"2009-08-01","Trimmed-mean PCE",1.514365
"2009-09-01","Trimmed-mean PCE",0.635615
"2009-10-01","Trimmed-mean PCE",2.020314
"2009-11-01","Trimmed-mean PCE",0.877087
"2009-12-01","Trimmed-mean PCE",0.753503
"2010-01-01","Trimmed-mean PCE",0.77095
"2010-02-01","Trimmed-mean PCE",0.552047
"2010-03-01","Trimmed-mean PCE",0.703504
"2010-04-01","Trimmed-mean PCE",0.852241
"2010-05-01","Trimmed-mean PCE",0.745084
"2010-06-01","Trimmed-mean PCE",0.784183
"2010-07-01","Trimmed-mean PCE",0.757335
"2010-08-01","Trimmed-mean PCE",1.450214
"2010-09-01","Trimmed-mean PCE",1.249628
"2010-10-01","Trimmed-mean PCE",0.742043
"2010-11-01","Trimmed-mean PCE",1.407657
"2010-12-01","Trimmed-mean PCE",1.101391
"2011-01-01","Trimmed-mean PCE",2.184619
"2011-02-01","Trimmed-mean PCE",2.45109
"2011-03-01","Trimmed-mean PCE",2.299397
"2011-04-01","Trimmed-mean PCE",2.378652
"2011-05-01","Trimmed-mean PCE",2.322682
"2011-06-01","Trimmed-mean PCE",1.45166
"2011-07-01","Trimmed-mean PCE",1.719123
"2011-08-01","Trimmed-mean PCE",2.52066
"2011-09-01","Trimmed-mean PCE",1.888514
"2011-10-01","Trimmed-mean PCE",1.83354
"2011-11-01","Trimmed-mean PCE",2.063832
"2011-12-01","Trimmed-mean PCE",2.070869
"2012-01-01","Trimmed-mean PCE",2.498995
"2012-02-01","Trimmed-mean PCE",1.605013
"2012-03-01","Trimmed-mean PCE",2.063769
"2012-04-01","Trimmed-mean PCE",1.88041
"2012-05-01","Trimmed-mean PCE",1.706752
"2012-06-01","Trimmed-mean PCE",1.009142
"2012-07-01","Trimmed-mean PCE",1.351206
"2012-08-01","Trimmed-mean PCE",1.870391
"2012-09-01","Trimmed-mean PCE",1.852732
"2012-10-01","Trimmed-mean PCE",1.557926
"2012-11-01","Trimmed-mean PCE",1.092526
"2012-12-01","Trimmed-mean PCE",1.180194
"2013-01-01","Trimmed-mean PCE",2.08046
"2013-02-01","Trimmed-mean PCE",2.149031
"2013-03-01","Trimmed-mean PCE",1.392166
"2013-04-01","Trimmed-mean PCE",0.104974
"2013-05-01","Trimmed-mean PCE",1.460263
"2013-06-01","Trimmed-mean PCE",2.2743
"2013-07-01","Trimmed-mean PCE",1.774213
"2013-08-01","Trimmed-mean PCE",1.702816
"2013-09-01","Trimmed-mean PCE",1.761642
"2013-10-01","Trimmed-mean PCE",1.823703
"2013-11-01","Trimmed-mean PCE",1.995209
"2013-12-01","Trimmed-mean PCE",1.612539
"2014-01-01","Trimmed-mean PCE",1.676461
"2014-02-01","Trimmed-mean PCE",1.326558
"2014-03-01","Trimmed-mean PCE",1.609501
"2014-04-01","Trimmed-mean PCE",1.812454
"2014-05-01","Trimmed-mean PCE",2.01492
"2014-06-01","Trimmed-mean PCE",1.776661
"2014-07-01","Trimmed-mean PCE",1.796202
"2014-08-01","Trimmed-mean PCE",1.131483
"2014-09-01","Trimmed-mean PCE",1.761797
"2014-10-01","Trimmed-mean PCE",1.284225
"2014-11-01","Trimmed-mean PCE",1.703915
"2014-12-01","Trimmed-mean PCE",1.399519
"2015-01-01","Trimmed-mean PCE",0.190519
"2015-02-01","Trimmed-mean PCE",2.098607
"2015-03-01","Trimmed-mean PCE",1.572283
"2015-04-01","Trimmed-mean PCE",2.278543
"2015-05-01","Trimmed-mean PCE",1.548143
"2015-06-01","Trimmed-mean PCE",1.780899
"2015-07-01","Trimmed-mean PCE",1.781232
"2015-08-01","Trimmed-mean PCE",1.179149
"2015-09-01","Trimmed-mean PCE",1.816318
"2015-10-01","Trimmed-mean PCE",0.873654
"2015-11-01","Trimmed-mean PCE",1.387194
"2015-12-01","Trimmed-mean PCE",0.974721
"2016-01-01","Trimmed-mean PCE",1.687816
"2016-02-01","Trimmed-mean PCE",1.926075
"2016-03-01","Trimmed-mean PCE",2.04803
"2016-04-01","Trimmed-mean PCE",2.329243
"2016-05-01","Trimmed-mean PCE",2.315498
"2016-06-01","Trimmed-mean PCE",1.591308
"2016-07-01","Trimmed-mean PCE",1.793522
"2016-08-01","Trimmed-mean PCE",1.625229
"2016-09-01","Trimmed-mean PCE",2.17001
"2016-10-01","Trimmed-mean PCE",1.9382
"2016-11-01","Trimmed-mean PCE",1.398326
"2016-12-01","Trimmed-mean PCE",1.651733
"2017-01-01","Trimmed-mean PCE",2.319572
"2017-02-01","Trimmed-mean PCE",1.43748
"2017-03-01","Trimmed-mean PCE",1.293483
"2017-04-01","Trimmed-mean PCE",1.618542
"2017-05-01","Trimmed-mean PCE",1.136652
"2017-06-01","Trimmed-mean PCE",1.798546
"2017-07-01","Trimmed-mean PCE",1.078986
"2017-08-01","Trimmed-mean PCE",1.79485
"2017-09-01","Trimmed-mean PCE",1.755732
"2017-10-01","Trimmed-mean PCE",2.182165
"2017-11-01","Trimmed-mean PCE",1.700855
"2017-12-01","Trimmed-mean PCE",2.054411
"2018-01-01","Trimmed-mean PCE",2.918972
"2018-02-01","Trimmed-mean PCE",1.989037
"2018-03-01","Trimmed-mean PCE",1.578654
"2018-04-01","Trimmed-mean PCE",1.529134
"2018-05-01","Trimmed-mean PCE",2.1233
"2018-06-01","Trimmed-mean PCE",2.040818
"2018-07-01","Trimmed-mean PCE",1.800135
"2018-08-01","Trimmed-mean PCE",1.674661
"2018-09-01","Trimmed-mean PCE",2.07593
"2018-10-01","Trimmed-mean PCE",2.1995
"2018-11-01","Trimmed-mean PCE",2.444218
"2018-12-01","Trimmed-mean PCE",1.794613
"2019-01-01","Trimmed-mean PCE",1.626113
"2019-02-01","Trimmed-mean PCE",2.697891
"2019-03-01","Trimmed-mean PCE",2.027374
"2019-04-01","Trimmed-mean PCE",2.964912
"2019-05-01","Trimmed-mean PCE",1.090648
"2019-06-01","Trimmed-mean PCE",1.500392
"2019-07-01","Trimmed-mean PCE",2.147142
"2019-08-01","Trimmed-mean PCE",1.891344
"2019-09-01","Trimmed-mean PCE",1.224388
"2019-10-01","Trimmed-mean PCE",2.157699
"2019-11-01","Trimmed-mean PCE",1.651
"2019-12-01","Trimmed-mean PCE",1.671165
"2020-01-01","Trimmed-mean PCE",2.489893
"2020-02-01","Trimmed-mean PCE",2.451827
"2020-03-01","Trimmed-mean PCE",1.496412
"2020-04-01","Trimmed-mean PCE",1.626241
"2020-05-01","Trimmed-mean PCE",2.116769
"2020-06-01","Trimmed-mean PCE",1.78574
"2020-07-01","Trimmed-mean PCE",2.575293
"2020-08-01","Trimmed-mean PCE",2.171735
"2020-09-01","Trimmed-mean PCE",1.197743
"2020-10-01","Trimmed-mean PCE",1.605078
"2020-11-01","Trimmed-mean PCE",0.905682
"2020-12-01","Trimmed-mean PCE",1.51743
"2021-01-01","Trimmed-mean PCE",1.820402
"2021-02-01","Trimmed-mean PCE",2.638205
"2021-03-01","Trimmed-mean PCE",2.168283
"2021-04-01","Trimmed-mean PCE",2.59893
"2021-05-01","Trimmed-mean PCE",2.51522
"2021-06-01","Trimmed-mean PCE",2.369067
"2021-07-01","Trimmed-mean PCE",3.274137
"2021-08-01","Trimmed-mean PCE",2.882585
"2021-09-01","Trimmed-mean PCE",4.008432
"2021-10-01","Trimmed-mean PCE",4.607378
"2021-11-01","Trimmed-mean PCE",3.743444
"2021-12-01","Trimmed-mean PCE",4.575512
"2022-01-01","Trimmed-mean PCE",6.466862
"2022-02-01","Trimmed-mean PCE",4.79752
"2022-03-01","Trimmed-mean PCE",3.220403
"2022-04-01","Trimmed-mean PCE",3.172055
"2022-05-01","Trimmed-mean PCE",5.223039
"2022-06-01","Trimmed-mean PCE",7.656873
"2022-07-01","Trimmed-mean PCE",4.468953
"2022-08-01","Trimmed-mean PCE",5.482212
"2022-09-01","Trimmed-mean PCE",3.746066
"2022-10-01","Trimmed-mean PCE",5.104267
"2022-11-01","Trimmed-mean PCE",3.23748
"2022-12-01","Trimmed-mean PCE",4.030169
"2023-01-01","Trimmed-mean PCE",4.791642
"2023-02-01","Trimmed-mean PCE",4.419206
"2023-03-01","Trimmed-mean PCE",4.047533
"2023-04-01","Trimmed-mean PCE",4.187678
"2023-05-01","Trimmed-mean PCE",3.771031
"2023-06-01","Trimmed-mean PCE",2.535997
"2023-07-01","Trimmed-mean PCE",2.876632
"2023-08-01","Trimmed-mean PCE",2.477971
"2023-09-01","Trimmed-mean PCE",2.900023
"2023-10-01","Trimmed-mean PCE",3.112008
"2023-11-01","Trimmed-mean PCE",2.31755
"2023-12-01","Trimmed-mean PCE",2.069758
"2024-01-01","Trimmed-mean PCE",5.304006
"2024-02-01","Trimmed-mean PCE",2.957146
"2024-03-01","Trimmed-mean PCE",3.196675
"2024-04-01","Trimmed-mean PCE",2.713611
"2024-05-01","Trimmed-mean PCE",2.614562
"2024-06-01","Trimmed-mean PCE",2.335563
"2024-07-01","Trimmed-mean PCE",1.984481
"2024-08-01","Trimmed-mean PCE",2.156883
"2024-09-01","Trimmed-mean PCE",3.157676
"2024-10-01","Trimmed-mean PCE",3.370882
"2024-11-01","Trimmed-mean PCE",2.65861
"2024-12-01","Trimmed-mean PCE",3.082832
"2025-01-01","Trimmed-mean PCE",2.58761
"2025-02-01","Trimmed-mean PCE",2.949694
"2025-03-01","Trimmed-mean PCE",2.933061
"2025-04-01","Trimmed-mean PCE",3.117913
"2025-05-01","Trimmed-mean PCE",2.24438
"2025-06-01","Trimmed-mean PCE",3.563263
"2025-07-01","Trimmed-mean PCE",1.920599
"2025-08-01","Trimmed-mean PCE",2.931542
"2025-09-01","Trimmed-mean PCE",2.059521
"2025-10-01","Trimmed-mean PCE",1.760078
"2025-11-01","Trimmed-mean PCE",1.810325
"2025-12-01","Trimmed-mean PCE",2.48737
"2026-01-01","Trimmed-mean PCE",2.321858
"2026-02-01","Trimmed-mean PCE",1.976982
"2026-03-01","Trimmed-mean PCE",2.727915
"2026-04-01","Trimmed-mean PCE",2.982496
"2026-05-01","Trimmed-mean PCE",2.90339
"2026-06-01","Trimmed-mean PCE",1.673344
"2026-07-01","Trimmed-mean PCE",1.912981
"2026-08-01","Trimmed-mean PCE",2.080648
