"date","measure","value"
"1959-04-01","Headline PCE",1.458717
"1959-05-01","Headline PCE",1.270918
"1959-06-01","Headline PCE",2.177008
"1959-07-01","Headline PCE",2.226112
"1959-08-01","Headline PCE",2.599334
"1959-09-01","Headline PCE",2.48501
"1959-10-01","Headline PCE",2.612948
"1959-11-01","Headline PCE",2.29021
"1959-12-01","Headline PCE",1.702926
"1960-01-01","Headline PCE",0.494356
"1960-02-01","Headline PCE",0.650426
"1960-03-01","Headline PCE",0.415422
"1960-04-01","Headline PCE",2.117643
"1960-05-01","Headline PCE",2.115431
"1960-06-01","Headline PCE",2.061586
"1960-07-01","Headline PCE",1.322468
"1960-08-01","Headline PCE",1.581663
"1960-09-01","Headline PCE",1.633095
"1960-10-01","Headline PCE",1.370064
"1960-11-01","Headline PCE",2.069923
"1960-12-01","Headline PCE",1.912461
"1961-01-01","Headline PCE",1.520836
"1961-02-01","Headline PCE",0.511868
"1961-03-01","Headline PCE",0.204473
"1961-04-01","Headline PCE",-0.102099
"1961-05-01","Headline PCE",-0.229409
"1961-06-01","Headline PCE",0.178805
"1961-07-01","Headline PCE",1.283186
"1961-08-01","Headline PCE",1.385572
"1961-09-01","Headline PCE",1.668824
"1961-10-01","Headline PCE",0.765987
"1961-11-01","Headline PCE",0.458686
"1961-12-01","Headline PCE",0.101678
"1962-01-01","Headline PCE",0.892368
"1962-02-01","Headline PCE",1.94517
"1962-03-01","Headline PCE",2.383518
"1962-04-01","Headline PCE",2.069624
"1962-05-01","Headline PCE",1.244864
"1962-06-01","Headline PCE",0.963116
"1962-07-01","Headline PCE",0.277769
"1962-08-01","Headline PCE",0.606403
"1962-09-01","Headline PCE",2.338042
"1962-10-01","Headline PCE",2.159955
"1962-11-01","Headline PCE",1.850219
"1962-12-01","Headline PCE",-0.275249
"1963-01-01","Headline PCE",1.107813
"1963-02-01","Headline PCE",1.258717
"1963-03-01","Headline PCE",1.082194
"1963-04-01","Headline PCE",0.075035
"1963-05-01","Headline PCE",0.300075
"1963-06-01","Headline PCE",1.508364
"1963-07-01","Headline PCE",2.34535
"1963-08-01","Headline PCE",2.239964
"1963-09-01","Headline PCE",1.27622
"1963-10-01","Headline PCE",1.24858
"1963-11-01","Headline PCE",1.271923
"1963-12-01","Headline PCE",1.950552
"1964-01-01","Headline PCE",2.022219
"1964-02-01","Headline PCE",2.01932
"1964-03-01","Headline PCE",1.665647
"1964-04-01","Headline PCE",1.114092
"1964-05-01","Headline PCE",0.592189
"1964-06-01","Headline PCE",0.91349
"1964-07-01","Headline PCE",1.135791
"1964-08-01","Headline PCE",1.383806
"1964-09-01","Headline PCE",1.431457
"1964-10-01","Headline PCE",1.157303
"1964-11-01","Headline PCE",1.428549
"1964-12-01","Headline PCE",1.401632
"1965-01-01","Headline PCE",1.598542
"1965-02-01","Headline PCE",1.201593
"1965-03-01","Headline PCE",1.12606
"1965-04-01","Headline PCE",1.321406
"1965-05-01","Headline PCE",2.060271
"1965-06-01","Headline PCE",2.725693
"1965-07-01","Headline PCE",2.375092
"1965-08-01","Headline PCE",1.558855
"1965-09-01","Headline PCE",0.580761
"1965-10-01","Headline PCE",0.410814
"1965-11-01","Headline PCE",0.992698
"1965-12-01","Headline PCE",2.26124
"1966-01-01","Headline PCE",2.628716
"1966-02-01","Headline PCE",3.633889
"1966-03-01","Headline PCE",3.153568
"1966-04-01","Headline PCE",4.084336
"1966-05-01","Headline PCE",2.892774
"1966-06-01","Headline PCE",2.909951
"1966-07-01","Headline PCE",2.295596
"1966-08-01","Headline PCE",3.356621
"1966-09-01","Headline PCE",3.639041
"1966-10-01","Headline PCE",3.922748
"1966-11-01","Headline PCE",2.944123
"1966-12-01","Headline PCE",2.504753
"1967-01-01","Headline PCE",1.455546
"1967-02-01","Headline PCE",1.335619
"1967-03-01","Headline PCE",0.699828
"1967-04-01","Headline PCE",1.35623
"1967-05-01","Headline PCE",1.660152
"1967-06-01","Headline PCE",2.745272
"1967-07-01","Headline PCE",3.452313
"1967-08-01","Headline PCE",3.945044
"1967-09-01","Headline PCE",3.884864
"1967-10-01","Headline PCE",3.635148
"1967-11-01","Headline PCE",3.717942
"1967-12-01","Headline PCE",3.120702
"1968-01-01","Headline PCE",3.883495
"1968-02-01","Headline PCE",4.198061
"1968-03-01","Headline PCE",4.894614
"1968-04-01","Headline PCE",4.264728
"1968-05-01","Headline PCE",4.10812
"1968-06-01","Headline PCE",4.094572
"1968-07-01","Headline PCE",4.05856
"1968-08-01","Headline PCE",4.226963
"1968-09-01","Headline PCE",4.327604
"1968-10-01","Headline PCE",4.886085
"1968-11-01","Headline PCE",4.592197
"1968-12-01","Headline PCE",4.009755
"1969-01-01","Headline PCE",3.812054
"1969-02-01","Headline PCE",3.463457
"1969-03-01","Headline PCE",4.553023
"1969-04-01","Headline PCE",4.758983
"1969-05-01","Headline PCE",5.374156
"1969-06-01","Headline PCE",5.437969
"1969-07-01","Headline PCE",5.435904
"1969-08-01","Headline PCE",4.904678
"1969-09-01","Headline PCE",4.61704
"1969-10-01","Headline PCE",4.203861
"1969-11-01","Headline PCE",4.867101
"1969-12-01","Headline PCE",5.042297
"1970-01-01","Headline PCE",5.11162
"1970-02-01","Headline PCE",4.959587
"1970-03-01","Headline PCE",4.080039
"1970-04-01","Headline PCE",4.70484
"1970-05-01","Headline PCE",4.367065
"1970-06-01","Headline PCE",4.41969
"1970-07-01","Headline PCE",3.829104
"1970-08-01","Headline PCE",3.607794
"1970-09-01","Headline PCE",4.39235
"1970-10-01","Headline PCE",4.940911
"1970-11-01","Headline PCE",5.493273
"1970-12-01","Headline PCE",5.468246
"1971-01-01","Headline PCE",4.281598
"1971-02-01","Headline PCE",3.854545
"1971-03-01","Headline PCE",3.389786
"1971-04-01","Headline PCE",4.134345
"1971-05-01","Headline PCE",4.651327
"1971-06-01","Headline PCE",5.124356
"1971-07-01","Headline PCE",4.738807
"1971-08-01","Headline PCE",4.215474
"1971-09-01","Headline PCE",3.001337
"1971-10-01","Headline PCE",2.400303
"1971-11-01","Headline PCE",2.059985
"1971-12-01","Headline PCE",3.05775
"1972-01-01","Headline PCE",4.11905
"1972-02-01","Headline PCE",4.903719
"1972-03-01","Headline PCE",3.857925
"1972-04-01","Headline PCE",2.78863
"1972-05-01","Headline PCE",2.082617
"1972-06-01","Headline PCE",2.118096
"1972-07-01","Headline PCE",2.962409
"1972-08-01","Headline PCE",3.245251
"1972-09-01","Headline PCE",4.480354
"1972-10-01","Headline PCE",3.459429
"1972-11-01","Headline PCE",3.487661
"1972-12-01","Headline PCE",2.956835
"1973-01-01","Headline PCE",3.735449
"1973-02-01","Headline PCE",4.680891
"1973-03-01","Headline PCE",6.321149
"1973-04-01","Headline PCE",8.206045
"1973-05-01","Headline PCE",8.06465
"1973-06-01","Headline PCE",7.466849
"1973-07-01","Headline PCE",5.854883
"1973-08-01","Headline PCE",8.669166
"1973-09-01","Headline PCE",7.915967
"1973-10-01","Headline PCE",8.795014
"1973-11-01","Headline PCE",7.366003
"1973-12-01","Headline PCE",9.198764
"1974-01-01","Headline PCE",10.907471
"1974-02-01","Headline PCE",12.431773
"1974-03-01","Headline PCE",13.9455
"1974-04-01","Headline PCE",12.817017
"1974-05-01","Headline PCE",12.020816
"1974-06-01","Headline PCE",10.653077
"1974-07-01","Headline PCE",10.789191
"1974-08-01","Headline PCE",11.050529
"1974-09-01","Headline PCE",11.884955
"1974-10-01","Headline PCE",11.794319
"1974-11-01","Headline PCE",10.49617
"1974-12-01","Headline PCE",9.420486
"1975-01-01","Headline PCE",9.000384
"1975-02-01","Headline PCE",8.105889
"1975-03-01","Headline PCE",6.175577
"1975-04-01","Headline PCE",4.988918
"1975-05-01","Headline PCE",4.394275
"1975-06-01","Headline PCE",5.59091
"1975-07-01","Headline PCE",7.793951
"1975-08-01","Headline PCE",7.937302
"1975-09-01","Headline PCE",7.380448
"1975-10-01","Headline PCE",6.209389
"1975-11-01","Headline PCE",7.096816
"1975-12-01","Headline PCE",7.339794
"1976-01-01","Headline PCE",6.481794
"1976-02-01","Headline PCE",4.324344
"1976-03-01","Headline PCE",2.669876
"1976-04-01","Headline PCE",2.044635
"1976-05-01","Headline PCE",3.464775
"1976-06-01","Headline PCE",4.657098
"1976-07-01","Headline PCE",5.836624
"1976-08-01","Headline PCE",6.150736
"1976-09-01","Headline PCE",6.673266
"1976-10-01","Headline PCE",6.742508
"1976-11-01","Headline PCE",6.33667
"1976-12-01","Headline PCE",6.329703
"1977-01-01","Headline PCE",6.572492
"1977-02-01","Headline PCE",7.969993
"1977-03-01","Headline PCE",7.720673
"1977-04-01","Headline PCE",7.718193
"1977-05-01","Headline PCE",6.542842
"1977-06-01","Headline PCE",6.792655
"1977-07-01","Headline PCE",6.527217
"1977-08-01","Headline PCE",6.353663
"1977-09-01","Headline PCE",5.582657
"1977-10-01","Headline PCE",5.360902
"1977-11-01","Headline PCE",5.814784
"1977-12-01","Headline PCE",6.271379
"1978-01-01","Headline PCE",6.802092
"1978-02-01","Headline PCE",6.340956
"1978-03-01","Headline PCE",7.027117
"1978-04-01","Headline PCE",7.74223
"1978-05-01","Headline PCE",8.816215
"1978-06-01","Headline PCE",8.838733
"1978-07-01","Headline PCE",7.92808
"1978-08-01","Headline PCE",7.039326
"1978-09-01","Headline PCE",6.679367
"1978-10-01","Headline PCE",7.747944
"1978-11-01","Headline PCE",8.006898
"1978-12-01","Headline PCE",7.5727
"1979-01-01","Headline PCE",7.396053
"1979-02-01","Headline PCE",7.251618
"1979-03-01","Headline PCE",8.601374
"1979-04-01","Headline PCE",9.844738
"1979-05-01","Headline PCE",12.056322
"1979-06-01","Headline PCE",12.253277
"1979-07-01","Headline PCE",11.010385
"1979-08-01","Headline PCE",9.827326
"1979-09-01","Headline PCE",10.074874
"1979-10-01","Headline PCE",10.312674
"1979-11-01","Headline PCE",10.001878
"1979-12-01","Headline PCE",9.815563
"1980-01-01","Headline PCE",10.827817
"1980-02-01","Headline PCE",12.551001
"1980-03-01","Headline PCE",14.295903
"1980-04-01","Headline PCE",11.931448
"1980-05-01","Headline PCE",10.58633
"1980-06-01","Headline PCE",8.000488
"1980-07-01","Headline PCE",9.105082
"1980-08-01","Headline PCE",9.343394
"1980-09-01","Headline PCE",10.624816
"1980-10-01","Headline PCE",10.727727
"1980-11-01","Headline PCE",10.646707
"1980-12-01","Headline PCE",9.442039
"1981-01-01","Headline PCE",10.135896
"1981-02-01","Headline PCE",11.001901
"1981-03-01","Headline PCE",11.215815
"1981-04-01","Headline PCE",8.925678
"1981-05-01","Headline PCE",6.516607
"1981-06-01","Headline PCE",5.259477
"1981-07-01","Headline PCE",5.962203
"1981-08-01","Headline PCE",6.711232
"1981-09-01","Headline PCE",7.591087
"1981-10-01","Headline PCE",6.949285
"1981-11-01","Headline PCE",6.571095
"1981-12-01","Headline PCE",5.317462
"1982-01-01","Headline PCE",5.909926
"1982-02-01","Headline PCE",4.920294
"1982-03-01","Headline PCE",4.705307
"1982-04-01","Headline PCE",2.457742
"1982-05-01","Headline PCE",3.659496
"1982-06-01","Headline PCE",5.611197
"1982-07-01","Headline PCE",7.922229
"1982-08-01","Headline PCE",6.705501
"1982-09-01","Headline PCE",4.818039
"1982-10-01","Headline PCE",4.687845
"1982-11-01","Headline PCE",4.654799
"1982-12-01","Headline PCE",4.1303
"1983-01-01","Headline PCE",3.735793
"1983-02-01","Headline PCE",3.193787
"1983-03-01","Headline PCE",3.09931
"1983-04-01","Headline PCE",3.058025
"1983-05-01","Headline PCE",3.525135
"1983-06-01","Headline PCE",4.540723
"1983-07-01","Headline PCE",4.99437
"1983-08-01","Headline PCE",5.59849
"1983-09-01","Headline PCE",5.505691
"1983-10-01","Headline PCE",3.85634
"1983-11-01","Headline PCE",2.680724
"1983-12-01","Headline PCE",1.474653
"1984-01-01","Headline PCE",2.554526
"1984-02-01","Headline PCE",4.747162
"1984-03-01","Headline PCE",5.894826
"1984-04-01","Headline PCE",5.667015
"1984-05-01","Headline PCE",3.392076
"1984-06-01","Headline PCE",2.776094
"1984-07-01","Headline PCE",2.680817
"1984-08-01","Headline PCE",3.423013
"1984-09-01","Headline PCE",3.247346
"1984-10-01","Headline PCE",2.747036
"1984-11-01","Headline PCE",2.069554
"1984-12-01","Headline PCE",2.667846
"1985-01-01","Headline PCE",3.750944
"1985-02-01","Headline PCE",5.096336
"1985-03-01","Headline PCE",5.556216
"1985-04-01","Headline PCE",4.07494
"1985-05-01","Headline PCE",3.135801
"1985-06-01","Headline PCE",2.647035
"1985-07-01","Headline PCE",3.061366
"1985-08-01","Headline PCE",3.447856
"1985-09-01","Headline PCE",3.021155
"1985-10-01","Headline PCE",2.69627
"1985-11-01","Headline PCE",2.533448
"1985-12-01","Headline PCE",3.217558
"1986-01-01","Headline PCE",4.433362
"1986-02-01","Headline PCE",3.226965
"1986-03-01","Headline PCE",0.963145
"1986-04-01","Headline PCE",-1.680635
"1986-05-01","Headline PCE",-0.959647
"1986-06-01","Headline PCE",1.412109
"1986-07-01","Headline PCE",2.347988
"1986-08-01","Headline PCE",2.112248
"1986-09-01","Headline PCE",1.929705
"1986-10-01","Headline PCE",2.557194
"1986-11-01","Headline PCE",2.776955
"1986-12-01","Headline PCE",1.999409
"1987-01-01","Headline PCE",3.191637
"1987-02-01","Headline PCE",3.902291
"1987-03-01","Headline PCE",4.431838
"1987-04-01","Headline PCE",4.029115
"1987-05-01","Headline PCE",3.627716
"1987-06-01","Headline PCE",4.098766
"1987-07-01","Headline PCE",3.510339
"1987-08-01","Headline PCE",4.09633
"1987-09-01","Headline PCE",3.924425
"1987-10-01","Headline PCE",4.28175
"1987-11-01","Headline PCE",3.42727
"1987-12-01","Headline PCE",2.800723
"1988-01-01","Headline PCE",3.090214
"1988-02-01","Headline PCE",2.923845
"1988-03-01","Headline PCE",3.575499
"1988-04-01","Headline PCE",3.981717
"1988-05-01","Headline PCE",4.572941
"1988-06-01","Headline PCE",4.916864
"1988-07-01","Headline PCE",4.91553
"1988-08-01","Headline PCE",4.93906
"1988-09-01","Headline PCE",5.198282
"1988-10-01","Headline PCE",4.532264
"1988-11-01","Headline PCE",4.26409
"1988-12-01","Headline PCE",3.537801
"1989-01-01","Headline PCE",4.310677
"1989-02-01","Headline PCE",4.730673
"1989-03-01","Headline PCE",4.982482
"1989-04-01","Headline PCE",5.622219
"1989-05-01","Headline PCE",5.758428
"1989-06-01","Headline PCE",5.111769
"1989-07-01","Headline PCE",3.339917
"1989-08-01","Headline PCE",1.89453
"1989-09-01","Headline PCE",1.911602
"1989-10-01","Headline PCE",2.529786
"1989-11-01","Headline PCE",3.376065
"1989-12-01","Headline PCE",3.653558
"1990-01-01","Headline PCE",5.175431
"1990-02-01","Headline PCE",6.113438
"1990-03-01","Headline PCE",6.48446
"1990-04-01","Headline PCE",4.190461
"1990-05-01","Headline PCE",3.297913
"1990-06-01","Headline PCE",3.563326
"1990-07-01","Headline PCE",3.715498
"1990-08-01","Headline PCE",5.549569
"1990-09-01","Headline PCE",6.274929
"1990-10-01","Headline PCE",7.661482
"1990-11-01","Headline PCE",5.376694
"1990-12-01","Headline PCE",3.213403
"1991-01-01","Headline PCE",2.429281
"1991-02-01","Headline PCE",2.118851
"1991-03-01","Headline PCE",1.823812
"1991-04-01","Headline PCE",1.017311
"1991-05-01","Headline PCE",2.493243
"1991-06-01","Headline PCE",3.099701
"1991-07-01","Headline PCE",3.000641
"1991-08-01","Headline PCE",2.259668
"1991-09-01","Headline PCE",2.976407
"1991-10-01","Headline PCE",3.097475
"1991-11-01","Headline PCE",3.043943
"1991-12-01","Headline PCE",2.658699
"1992-01-01","Headline PCE",2.450732
"1992-02-01","Headline PCE",2.588989
"1992-03-01","Headline PCE",2.5564
"1992-04-01","Headline PCE",3.10718
"1992-05-01","Headline PCE",2.611299
"1992-06-01","Headline PCE",2.346054
"1992-07-01","Headline PCE",2.591389
"1992-08-01","Headline PCE",2.594363
"1992-09-01","Headline PCE",2.53822
"1992-10-01","Headline PCE",2.632484
"1992-11-01","Headline PCE",2.892077
"1992-12-01","Headline PCE",2.938624
"1993-01-01","Headline PCE",2.487765
"1993-02-01","Headline PCE",2.298522
"1993-03-01","Headline PCE",2.421331
"1993-04-01","Headline PCE",2.516725
"1993-05-01","Headline PCE",3.165933
"1993-06-01","Headline PCE",2.463539
"1993-07-01","Headline PCE",2.029697
"1993-08-01","Headline PCE",1.467979
"1993-09-01","Headline PCE",1.754167
"1993-10-01","Headline PCE",2.381919
"1993-11-01","Headline PCE",2.45906
"1993-12-01","Headline PCE",2.125942
"1994-01-01","Headline PCE",0.9877
"1994-02-01","Headline PCE",1.158014
"1994-03-01","Headline PCE",2.182873
"1994-04-01","Headline PCE",2.529592
"1994-05-01","Headline PCE",2.17705
"1994-06-01","Headline PCE",2.047783
"1994-07-01","Headline PCE",2.853639
"1994-08-01","Headline PCE",3.202123
"1994-09-01","Headline PCE",2.657663
"1994-10-01","Headline PCE",2.061444
"1994-11-01","Headline PCE",1.898289
"1994-12-01","Headline PCE",1.707777
"1995-01-01","Headline PCE",1.84438
"1995-02-01","Headline PCE",1.79241
"1995-03-01","Headline PCE",2.282267
"1995-04-01","Headline PCE",2.526305
"1995-05-01","Headline PCE",2.430916
"1995-06-01","Headline PCE",2.076237
"1995-07-01","Headline PCE",1.518632
"1995-08-01","Headline PCE",1.76767
"1995-09-01","Headline PCE",1.652268
"1995-10-01","Headline PCE",2.194763
"1995-11-01","Headline PCE",1.307356
"1995-12-01","Headline PCE",1.806358
"1996-01-01","Headline PCE",1.659017
"1996-02-01","Headline PCE",2.314113
"1996-03-01","Headline PCE",2.763171
"1996-04-01","Headline PCE",3.079404
"1996-05-01","Headline PCE",3.140165
"1996-06-01","Headline PCE",1.897986
"1996-07-01","Headline PCE",1.539847
"1996-08-01","Headline PCE",1.227167
"1996-09-01","Headline PCE",2.383108
"1996-10-01","Headline PCE",2.754877
"1996-11-01","Headline PCE",3.094301
"1996-12-01","Headline PCE",2.410003
"1997-01-01","Headline PCE",1.709338
"1997-02-01","Headline PCE",1.833968
"1997-03-01","Headline PCE",1.791237
"1997-04-01","Headline PCE",1.661564
"1997-05-01","Headline PCE",0.634424
"1997-06-01","Headline PCE",0.725354
"1997-07-01","Headline PCE",0.570254
"1997-08-01","Headline PCE",1.074583
"1997-09-01","Headline PCE",1.532495
"1997-10-01","Headline PCE",1.819253
"1997-11-01","Headline PCE",1.518866
"1997-12-01","Headline PCE",0.459583
"1998-01-01","Headline PCE",0.135831
"1998-02-01","Headline PCE",-0.096125
"1998-03-01","Headline PCE",0.050928
"1998-04-01","Headline PCE",0.351061
"1998-05-01","Headline PCE",1.113547
"1998-06-01","Headline PCE",0.708991
"1998-07-01","Headline PCE",1.203165
"1998-08-01","Headline PCE",1.207204
"1998-09-01","Headline PCE",1.316537
"1998-10-01","Headline PCE",1.20524
"1998-11-01","Headline PCE",0.665433
"1998-12-01","Headline PCE",1.306535
"1999-01-01","Headline PCE",0.986457
"1999-02-01","Headline PCE",0.743366
"1999-03-01","Headline PCE",0.641105
"1999-04-01","Headline PCE",2.026481
"1999-05-01","Headline PCE",2.523607
"1999-06-01","Headline PCE",2.339182
"1999-07-01","Headline PCE",1.457232
"1999-08-01","Headline PCE",1.930143
"1999-09-01","Headline PCE",3.275068
"1999-10-01","Headline PCE",2.874243
"1999-11-01","Headline PCE",2.495718
"1999-12-01","Headline PCE",1.981212
"2000-01-01","Headline PCE",2.403866
"2000-02-01","Headline PCE",3.33033
"2000-03-01","Headline PCE",4.141815
"2000-04-01","Headline PCE",2.674401
"2000-05-01","Headline PCE",1.727133
"2000-06-01","Headline PCE",1.361911
"2000-07-01","Headline PCE",2.723309
"2000-08-01","Headline PCE",2.355052
"2000-09-01","Headline PCE",2.728349
"2000-10-01","Headline PCE",2.258565
"2000-11-01","Headline PCE",2.859716
"2000-12-01","Headline PCE",1.729578
"2001-01-01","Headline PCE",3.151444
"2001-02-01","Headline PCE",3.212989
"2001-03-01","Headline PCE",2.621569
"2001-04-01","Headline PCE",1.368199
"2001-05-01","Headline PCE",1.808319
"2001-06-01","Headline PCE",2.49045
"2001-07-01","Headline PCE",1.637906
"2001-08-01","Headline PCE",0.526339
"2001-09-01","Headline PCE",-1.532468
"2001-10-01","Headline PCE",-0.005298
"2001-11-01","Headline PCE",-0.227668
"2001-12-01","Headline PCE",0.725108
"2002-01-01","Headline PCE",-0.322822
"2002-02-01","Headline PCE",0.621797
"2002-03-01","Headline PCE",2.14002
"2002-04-01","Headline PCE",3.486227
"2002-05-01","Headline PCE",3.062697
"2002-06-01","Headline PCE",2.461587
"2002-07-01","Headline PCE",1.655819
"2002-08-01","Headline PCE",2.187694
"2002-09-01","Headline PCE",2.414474
"2002-10-01","Headline PCE",2.259947
"2002-11-01","Headline PCE",1.862814
"2002-12-01","Headline PCE",1.521364
"2003-01-01","Headline PCE",1.993355
"2003-02-01","Headline PCE",3.312274
"2003-03-01","Headline PCE",3.976312
"2003-04-01","Headline PCE",2.046584
"2003-05-01","Headline PCE",-0.113462
"2003-06-01","Headline PCE",-0.703188
"2003-07-01","Headline PCE",1.154554
"2003-08-01","Headline PCE",3.000777
"2003-09-01","Headline PCE",3.843431
"2003-10-01","Headline PCE",2.684153
"2003-11-01","Headline PCE",1.820726
"2003-12-01","Headline PCE",1.447987
"2004-01-01","Headline PCE",2.97389
"2004-02-01","Headline PCE",3.330274
"2004-03-01","Headline PCE",3.057144
"2004-04-01","Headline PCE",2.23368
"2004-05-01","Headline PCE",2.692523
"2004-06-01","Headline PCE",3.23037
"2004-07-01","Headline PCE",2.847958
"2004-08-01","Headline PCE",1.729613
"2004-09-01","Headline PCE",1.374922
"2004-10-01","Headline PCE",2.746061
"2004-11-01","Headline PCE",4.12506
"2004-12-01","Headline PCE",3.526166
"2005-01-01","Headline PCE",2.301826
"2005-02-01","Headline PCE",1.865356
"2005-03-01","Headline PCE",2.871972
"2005-04-01","Headline PCE",3.485644
"2005-05-01","Headline PCE",2.5734
"2005-06-01","Headline PCE",1.607138
"2005-07-01","Headline PCE",2.189235
"2005-08-01","Headline PCE",3.614469
"2005-09-01","Headline PCE",7.403975
"2005-10-01","Headline PCE",6.280753
"2005-11-01","Headline PCE",3.71179
"2005-12-01","Headline PCE",-0.197036
"2006-01-01","Headline PCE",1.104116
"2006-02-01","Headline PCE",2.197574
"2006-03-01","Headline PCE",2.992185
"2006-04-01","Headline PCE",2.909077
"2006-05-01","Headline PCE",3.770587
"2006-06-01","Headline PCE",3.98926
"2006-07-01","Headline PCE",3.481894
"2006-08-01","Headline PCE",3.672035
"2006-09-01","Headline PCE",1.584373
"2006-10-01","Headline PCE",-0.733321
"2006-11-01","Headline PCE",-1.838581
"2006-12-01","Headline PCE",0.613879
"2007-01-01","Headline PCE",2.931258
"2007-02-01","Headline PCE",4.073485
"2007-03-01","Headline PCE",4.117021
"2007-04-01","Headline PCE",3.70745
"2007-05-01","Headline PCE",3.623789
"2007-06-01","Headline PCE",2.990088
"2007-07-01","Headline PCE",2.650929
"2007-08-01","Headline PCE",1.743854
"2007-09-01","Headline PCE",2.449109
"2007-10-01","Headline PCE",3.067166
"2007-11-01","Headline PCE",4.98446
"2007-12-01","Headline PCE",4.342175
"2008-01-01","Headline PCE",4.130366
"2008-02-01","Headline PCE",2.766888
"2008-03-01","Headline PCE",2.992639
"2008-04-01","Headline PCE",2.7164
"2008-05-01","Headline PCE",3.660804
"2008-06-01","Headline PCE",5.488857
"2008-07-01","Headline PCE",6.674422
"2008-08-01","Headline PCE",4.52422
"2008-09-01","Headline PCE",1.88342
"2008-10-01","Headline PCE",-2.606952
"2008-11-01","Headline PCE",-6.822549
"2008-12-01","Headline PCE",-9.19012
"2009-01-01","Headline PCE",-6.70877
"2009-02-01","Headline PCE",-1.46826
"2009-03-01","Headline PCE",0.322758
"2009-04-01","Headline PCE",0.851665
"2009-05-01","Headline PCE",0.549471
"2009-06-01","Headline PCE",3.413648
"2009-07-01","Headline PCE",2.870878
"2009-08-01","Headline PCE",3.63735
"2009-09-01","Headline PCE",1.866441
"2009-10-01","Headline PCE",3.375155
"2009-11-01","Headline PCE",3.209024
"2009-12-01","Headline PCE",2.782592
"2010-01-01","Headline PCE",2.12688
"2010-02-01","Headline PCE",1.103697
"2010-03-01","Headline PCE",1.439791
"2010-04-01","Headline PCE",0.774405
"2010-05-01","Headline PCE",0.912865
"2010-06-01","Headline PCE",0.177382
"2010-07-01","Headline PCE",0.301525
"2010-08-01","Headline PCE",0.723682
"2010-09-01","Headline PCE",1.295267
"2010-10-01","Headline PCE",2.24486
"2010-11-01","Headline PCE",2.498151
"2010-12-01","Headline PCE",3.018387
"2011-01-01","Headline PCE",2.941193
"2011-02-01","Headline PCE",3.267869
"2011-03-01","Headline PCE",3.994129
"2011-04-01","Headline PCE",4.509433
"2011-05-01","Headline PCE",4.613842
"2011-06-01","Headline PCE",2.864278
"2011-07-01","Headline PCE",1.82749
"2011-08-01","Headline PCE",1.551417
"2011-09-01","Headline PCE",2.207245
"2011-10-01","Headline PCE",1.522974
"2011-11-01","Headline PCE",1.397886
"2011-12-01","Headline PCE",1.062853
"2012-01-01","Headline PCE",2.443619
"2012-02-01","Headline PCE",2.521356
"2012-03-01","Headline PCE",3.069749
"2012-04-01","Headline PCE",2.207749
"2012-05-01","Headline PCE",0.844282
"2012-06-01","Headline PCE",-0.127214
"2012-07-01","Headline PCE",-0.507463
"2012-08-01","Headline PCE",1.29144
"2012-09-01","Headline PCE",2.739524
"2012-10-01","Headline PCE",3.812009
"2012-11-01","Headline PCE",2.148055
"2012-12-01","Headline PCE",0.849966
"2013-01-01","Headline PCE",0.425162
"2013-02-01","Headline PCE",2.140855
"2013-03-01","Headline PCE",1.667636
"2013-04-01","Headline PCE",0.487901
"2013-05-01","Headline PCE",-0.638539
"2013-06-01","Headline PCE",0.777222
"2013-07-01","Headline PCE",1.692133
"2013-08-01","Headline PCE",1.996741
"2013-09-01","Headline PCE",1.272846
"2013-10-01","Headline PCE",1.304985
"2013-11-01","Headline PCE",1.307254
"2013-12-01","Headline PCE",1.837991
"2014-01-01","Headline PCE",2.143909
"2014-02-01","Headline PCE",1.731724
"2014-03-01","Headline PCE",1.674067
"2014-04-01","Headline PCE",1.553256
"2014-05-01","Headline PCE",2.030593
"2014-06-01","Headline PCE",1.821954
"2014-07-01","Headline PCE",1.676642
"2014-08-01","Headline PCE",0.958681
"2014-09-01","Headline PCE",0.659703
"2014-10-01","Headline PCE",-0.028747
"2014-11-01","Headline PCE",-0.360985
"2014-12-01","Headline PCE",-1.197708
"2015-01-01","Headline PCE",-2.964892
"2015-02-01","Headline PCE",-1.902181
"2015-03-01","Headline PCE",-0.460488
"2015-04-01","Headline PCE",1.8334
"2015-05-01","Headline PCE",2.090028
"2015-06-01","Headline PCE",2.111184
"2015-07-01","Headline PCE",2.121854
"2015-08-01","Headline PCE",1.176464
"2015-09-01","Headline PCE",-0.159878
"2015-10-01","Headline PCE",-0.523532
"2015-11-01","Headline PCE",-0.302897
"2015-12-01","Headline PCE",-0.086146
"2016-01-01","Headline PCE",0.07799
"2016-02-01","Headline PCE",-0.380845
"2016-03-01","Headline PCE",0.893638
"2016-04-01","Headline PCE",2.054703
"2016-05-01","Headline PCE",2.938082
"2016-06-01","Headline PCE",2.696989
"2016-07-01","Headline PCE",1.43222
"2016-08-01","Headline PCE",1.335172
"2016-09-01","Headline PCE",1.394469
"2016-10-01","Headline PCE",2.156699
"2016-11-01","Headline PCE",1.72512
"2016-12-01","Headline PCE",1.65204
"2017-01-01","Headline PCE",2.379646
"2017-02-01","Headline PCE",2.799363
"2017-03-01","Headline PCE",1.886606
"2017-04-01","Headline PCE",1.106613
"2017-05-01","Headline PCE",0.386154
"2017-06-01","Headline PCE",0.931553
"2017-07-01","Headline PCE",0.313228
"2017-08-01","Headline PCE",1.391606
"2017-09-01","Headline PCE",2.566282
"2017-10-01","Headline PCE",2.949828
"2017-11-01","Headline PCE",2.61659
"2017-12-01","Headline PCE",1.68787
"2018-01-01","Headline PCE",2.684496
"2018-02-01","Headline PCE",2.976791
"2018-03-01","Headline PCE",2.818409
"2018-04-01","Headline PCE",2.260034
"2018-05-01","Headline PCE",2.086814
"2018-06-01","Headline PCE",2.004572
"2018-07-01","Headline PCE",1.466241
"2018-08-01","Headline PCE",1.051788
"2018-09-01","Headline PCE",1.533801
"2018-10-01","Headline PCE",1.80577
"2018-11-01","Headline PCE",1.661791
"2018-12-01","Headline PCE",1.109864
"2019-01-01","Headline PCE",0.206798
"2019-02-01","Headline PCE",0.805305
"2019-03-01","Headline PCE",1.441009
"2019-04-01","Headline PCE",2.803532
"2019-05-01","Headline PCE",2.35036
"2019-06-01","Headline PCE",1.620325
"2019-07-01","Headline PCE",1.017794
"2019-08-01","Headline PCE",0.911885
"2019-09-01","Headline PCE",0.965947
"2019-10-01","Headline PCE",1.143626
"2019-11-01","Headline PCE",1.372884
"2019-12-01","Headline PCE",2.231814
"2020-01-01","Headline PCE",2.223916
"2020-02-01","Headline PCE",2.127822
"2020-03-01","Headline PCE",-0.137983
"2020-04-01","Headline PCE",-2.472668
"2020-05-01","Headline PCE",-2.391867
"2020-06-01","Headline PCE",-0.003836
"2020-07-01","Headline PCE",2.881211
"2020-08-01","Headline PCE",3.619334
"2020-09-01","Headline PCE",3.053438
"2020-10-01","Headline PCE",2.209744
"2020-11-01","Headline PCE",1.488161
"2020-12-01","Headline PCE",2.466885
"2021-01-01","Headline PCE",3.522501
"2021-02-01","Headline PCE",4.57198
"2021-03-01","Headline PCE",5.089673
"2021-04-01","Headline PCE",5.730852
"2021-05-01","Headline PCE",6.25974
"2021-06-01","Headline PCE",6.307313
"2021-07-01","Headline PCE",6.119653
"2021-08-01","Headline PCE",5.784451
"2021-09-01","Headline PCE",4.795501
"2021-10-01","Headline PCE",5.755886
"2021-11-01","Headline PCE",6.871057
"2021-12-01","Headline PCE",8.015765
"2022-01-01","Headline PCE",7.341099
"2022-02-01","Headline PCE",7.12877
"2022-03-01","Headline PCE",8.604346
"2022-04-01","Headline PCE",7.328584
"2022-05-01","Headline PCE",7.360791
"2022-06-01","Headline PCE",7.497644
"2022-07-01","Headline PCE",7.02052
"2022-08-01","Headline PCE",5.38441
"2022-09-01","Headline PCE",2.757395
"2022-10-01","Headline PCE",4.362799
"2022-11-01","Headline PCE",4.511446
"2022-12-01","Headline PCE",3.681251
"2023-01-01","Headline PCE",3.561382
"2023-02-01","Headline PCE",3.579434
"2023-03-01","Headline PCE",4.089231
"2023-04-01","Headline PCE",3.226536
"2023-05-01","Headline PCE",2.92939
"2023-06-01","Headline PCE",2.860465
"2023-07-01","Headline PCE",2.305168
"2023-08-01","Headline PCE",2.741491
"2023-09-01","Headline PCE",3.33976
"2023-10-01","Headline PCE",3.311446
"2023-11-01","Headline PCE",2.30838
"2023-12-01","Headline PCE",1.181446
"2024-01-01","Headline PCE",2.152788
"2024-02-01","Headline PCE",3.251782
"2024-03-01","Headline PCE",4.451545
"2024-04-01","Headline PCE",3.592235
"2024-05-01","Headline PCE",2.4892
"2024-06-01","Headline PCE",1.34228
"2024-07-01","Headline PCE",1.343412
"2024-08-01","Headline PCE",1.703256
"2024-09-01","Headline PCE",2.095554
"2024-10-01","Headline PCE",2.549462
"2024-11-01","Headline PCE",2.525776
"2024-12-01","Headline PCE",2.727508
"2025-01-01","Headline PCE",3.058189
"2025-02-01","Headline PCE",3.589597
"2025-03-01","Headline PCE",2.862588
"2025-04-01","Headline PCE",2.380982
"2025-05-01","Headline PCE",2.044593
"2025-06-01","Headline PCE",2.764381
"2025-07-01","Headline PCE",2.376574
"2025-08-01","Headline PCE",2.623356
"2025-09-01","Headline PCE",2.777624
"2025-10-01","Headline PCE",2.815563
"2025-11-01","Headline PCE",2.590239
"2025-12-01","Headline PCE",2.704091
"2026-01-01","Headline PCE",3.343413
"2026-02-01","Headline PCE",3.955998
"2026-03-01","Headline PCE",5.237832
"2026-04-01","Headline PCE",5.793716
"2026-05-01","Headline PCE",6.164196
"2026-06-01","Headline PCE",3.113213
"2026-07-01","Headline PCE",1.539357
"2026-08-01","Headline PCE",1.034152
"1959-04-01","Core PCE",1.792454
"1959-05-01","Core PCE",1.974095
"1959-06-01","Core PCE",2.705538
"1959-07-01","Core PCE",2.646286
"1959-08-01","Core PCE",2.800116
"1959-09-01","Core PCE",2.661267
"1959-10-01","Core PCE",2.394872
"1959-11-01","Core PCE",2.494816
"1959-12-01","Core PCE",2.048851
"1960-01-01","Core PCE",1.454104
"1960-02-01","Core PCE",1.477023
"1960-03-01","Core PCE",0.88801
"1960-04-01","Core PCE",1.525525
"1960-05-01","Core PCE",1.420576
"1960-06-01","Core PCE",1.624642
"1960-07-01","Core PCE",1.596168
"1960-08-01","Core PCE",1.517232
"1960-09-01","Core PCE",1.61807
"1960-10-01","Core PCE",1.133668
"1960-11-01","Core PCE",1.638226
"1960-12-01","Core PCE",1.181597
"1961-01-01","Core PCE",1.054803
"1961-02-01","Core PCE",0.374754
"1961-03-01","Core PCE",0.625369
"1961-04-01","Core PCE",1.077178
"1961-05-01","Core PCE",1.201789
"1961-06-01","Core PCE",1.679951
"1961-07-01","Core PCE",1.753246
"1961-08-01","Core PCE",1.650275
"1961-09-01","Core PCE",1.848911
"1961-10-01","Core PCE",1.344603
"1961-11-01","Core PCE",0.993658
"1961-12-01","Core PCE",0.54452
"1962-01-01","Core PCE",0.891911
"1962-02-01","Core PCE",1.489547
"1962-03-01","Core PCE",2.088183
"1962-04-01","Core PCE",1.685948
"1962-05-01","Core PCE",1.58354
"1962-06-01","Core PCE",1.381331
"1962-07-01","Core PCE",1.654031
"1962-08-01","Core PCE",1.131809
"1962-09-01","Core PCE",1.179059
"1962-10-01","Core PCE",0.808795
"1962-11-01","Core PCE",1.05472
"1962-12-01","Core PCE",0.39072
"1963-01-01","Core PCE",1.175666
"1963-02-01","Core PCE",1.346989
"1963-03-01","Core PCE",1.469663
"1963-04-01","Core PCE",1.196751
"1963-05-01","Core PCE",1.465177
"1963-06-01","Core PCE",1.906687
"1963-07-01","Core PCE",1.781476
"1963-08-01","Core PCE",1.410913
"1963-09-01","Core PCE",1.457348
"1963-10-01","Core PCE",1.99386
"1963-11-01","Core PCE",1.992043
"1963-12-01","Core PCE",1.841929
"1964-01-01","Core PCE",1.497378
"1964-02-01","Core PCE",1.909139
"1964-03-01","Core PCE",1.712094
"1964-04-01","Core PCE",1.51599
"1964-05-01","Core PCE",1.07903
"1964-06-01","Core PCE",0.981823
"1964-07-01","Core PCE",1.028977
"1964-08-01","Core PCE",1.220264
"1964-09-01","Core PCE",1.09935
"1964-10-01","Core PCE",0.858722
"1964-11-01","Core PCE",0.905403
"1964-12-01","Core PCE",1.311888
"1965-01-01","Core PCE",1.695232
"1965-02-01","Core PCE",1.59687
"1965-03-01","Core PCE",1.259827
"1965-04-01","Core PCE",1.186579
"1965-05-01","Core PCE",1.447318
"1965-06-01","Core PCE",1.113107
"1965-07-01","Core PCE",1.040549
"1965-08-01","Core PCE",1.062345
"1965-09-01","Core PCE",1.632764
"1965-10-01","Core PCE",1.085216
"1965-11-01","Core PCE",1.083171
"1965-12-01","Core PCE",1.839683
"1966-01-01","Core PCE",2.101897
"1966-02-01","Core PCE",2.335702
"1966-03-01","Core PCE",1.618688
"1966-04-01","Core PCE",2.969745
"1966-05-01","Core PCE",3.057524
"1966-06-01","Core PCE",3.863609
"1966-07-01","Core PCE",3.587931
"1966-08-01","Core PCE",3.246926
"1966-09-01","Core PCE",3.189228
"1966-10-01","Core PCE",3.320762
"1966-11-01","Core PCE",3.596452
"1966-12-01","Core PCE",3.585223
"1967-01-01","Core PCE",2.619046
"1967-02-01","Core PCE",2.335067
"1967-03-01","Core PCE",1.707758
"1967-04-01","Core PCE",2.46381
"1967-05-01","Core PCE",2.620272
"1967-06-01","Core PCE",3.030348
"1967-07-01","Core PCE",3.297896
"1967-08-01","Core PCE",3.658611
"1967-09-01","Core PCE",4.086439
"1967-10-01","Core PCE",4.210193
"1967-11-01","Core PCE",4.265892
"1967-12-01","Core PCE",3.817225
"1968-01-01","Core PCE",4.120866
"1968-02-01","Core PCE",4.58424
"1968-03-01","Core PCE",5.209266
"1968-04-01","Core PCE",4.891258
"1968-05-01","Core PCE",4.667236
"1968-06-01","Core PCE",4.648474
"1968-07-01","Core PCE",4.497262
"1968-08-01","Core PCE",4.546724
"1968-09-01","Core PCE",4.595082
"1968-10-01","Core PCE",4.911072
"1968-11-01","Core PCE",4.869644
"1968-12-01","Core PCE",4.433494
"1969-01-01","Core PCE",4.30634
"1969-02-01","Core PCE",4.159782
"1969-03-01","Core PCE",4.861567
"1969-04-01","Core PCE",4.886228
"1969-05-01","Core PCE",5.127993
"1969-06-01","Core PCE",4.610384
"1969-07-01","Core PCE",4.955493
"1969-08-01","Core PCE",4.44644
"1969-09-01","Core PCE",4.684884
"1969-10-01","Core PCE",4.536384
"1969-11-01","Core PCE",4.965183
"1969-12-01","Core PCE",4.840129
"1970-01-01","Core PCE",4.423075
"1970-02-01","Core PCE",4.426666
"1970-03-01","Core PCE",4.43068
"1970-04-01","Core PCE",4.704372
"1970-05-01","Core PCE",4.583387
"1970-06-01","Core PCE",4.525203
"1970-07-01","Core PCE",4.466355
"1970-08-01","Core PCE",4.430031
"1970-09-01","Core PCE",4.676883
"1970-10-01","Core PCE",5.143594
"1970-11-01","Core PCE",5.853249
"1970-12-01","Core PCE",6.212313
"1971-01-01","Core PCE",5.799182
"1971-02-01","Core PCE",5.23073
"1971-03-01","Core PCE",4.473784
"1971-04-01","Core PCE",4.377478
"1971-05-01","Core PCE",4.614634
"1971-06-01","Core PCE",4.931315
"1971-07-01","Core PCE",4.971096
"1971-08-01","Core PCE",3.733402
"1971-09-01","Core PCE",2.784013
"1971-10-01","Core PCE",1.867625
"1971-11-01","Core PCE",2.222293
"1971-12-01","Core PCE",2.8214
"1972-01-01","Core PCE",3.933591
"1972-02-01","Core PCE",4.114308
"1972-03-01","Core PCE",3.628975
"1972-04-01","Core PCE",2.826942
"1972-05-01","Core PCE",2.670388
"1972-06-01","Core PCE",2.70224
"1972-07-01","Core PCE",2.918378
"1972-08-01","Core PCE",2.837547
"1972-09-01","Core PCE",3.368127
"1972-10-01","Core PCE",2.437581
"1972-11-01","Core PCE",2.652352
"1972-12-01","Core PCE",2.515544
"1973-01-01","Core PCE",2.532322
"1973-02-01","Core PCE",2.744266
"1973-03-01","Core PCE",3.17307
"1973-04-01","Core PCE",5.320442
"1973-05-01","Core PCE",5.617394
"1973-06-01","Core PCE",5.741744
"1973-07-01","Core PCE",5.104569
"1973-08-01","Core PCE",5.430263
"1973-09-01","Core PCE",5.733207
"1973-10-01","Core PCE",5.5636
"1973-11-01","Core PCE",5.645359
"1973-12-01","Core PCE",5.849439
"1974-01-01","Core PCE",6.291803
"1974-02-01","Core PCE",6.940309
"1974-03-01","Core PCE",7.902564
"1974-04-01","Core PCE",9.009937
"1974-05-01","Core PCE",10.424163
"1974-06-01","Core PCE",11.508996
"1974-07-01","Core PCE",12.11984
"1974-08-01","Core PCE",12.124118
"1974-09-01","Core PCE",11.555865
"1974-10-01","Core PCE",11.102589
"1974-11-01","Core PCE",10.08471
"1974-12-01","Core PCE",9.249421
"1975-01-01","Core PCE",8.376265
"1975-02-01","Core PCE",8.280754
"1975-03-01","Core PCE",7.487384
"1975-04-01","Core PCE",7.08781
"1975-05-01","Core PCE",5.889145
"1975-06-01","Core PCE",5.747505
"1975-07-01","Core PCE",6.285197
"1975-08-01","Core PCE",5.944538
"1975-09-01","Core PCE",6.180119
"1975-10-01","Core PCE",5.692548
"1975-11-01","Core PCE",7.034338
"1975-12-01","Core PCE",7.304926
"1976-01-01","Core PCE",7.360155
"1976-02-01","Core PCE",6.242349
"1976-03-01","Core PCE",5.075426
"1976-04-01","Core PCE",4.572869
"1976-05-01","Core PCE",4.880272
"1976-06-01","Core PCE",5.204306
"1976-07-01","Core PCE",5.863955
"1976-08-01","Core PCE",6.308707
"1976-09-01","Core PCE",7.065981
"1976-10-01","Core PCE",6.820231
"1976-11-01","Core PCE",6.298217
"1976-12-01","Core PCE",6.115945
"1977-01-01","Core PCE",6.619177
"1977-02-01","Core PCE",7.295159
"1977-03-01","Core PCE",6.795543
"1977-04-01","Core PCE",6.298412
"1977-05-01","Core PCE",5.864823
"1977-06-01","Core PCE",6.597579
"1977-07-01","Core PCE",7.125683
"1977-08-01","Core PCE",7.046597
"1977-09-01","Core PCE",6.296895
"1977-10-01","Core PCE",5.736408
"1977-11-01","Core PCE",5.84394
"1977-12-01","Core PCE",6.240152
"1978-01-01","Core PCE",6.724849
"1978-02-01","Core PCE",6.163217
"1978-03-01","Core PCE",6.278341
"1978-04-01","Core PCE",6.480161
"1978-05-01","Core PCE",7.348176
"1978-06-01","Core PCE",7.41394
"1978-07-01","Core PCE",7.166857
"1978-08-01","Core PCE",6.94021
"1978-09-01","Core PCE",7.018057
"1978-10-01","Core PCE",7.638382
"1978-11-01","Core PCE",7.648333
"1978-12-01","Core PCE",6.845863
"1979-01-01","Core PCE",5.908059
"1979-02-01","Core PCE",5.024467
"1979-03-01","Core PCE",5.802538
"1979-04-01","Core PCE",7.549249
"1979-05-01","Core PCE",9.889722
"1979-06-01","Core PCE",9.83134
"1979-07-01","Core PCE",8.003622
"1979-08-01","Core PCE",7.123742
"1979-09-01","Core PCE",7.64305
"1979-10-01","Core PCE",8.62666
"1979-11-01","Core PCE",8.519527
"1979-12-01","Core PCE",8.67702
"1980-01-01","Core PCE",8.803721
"1980-02-01","Core PCE",10.36203
"1980-03-01","Core PCE",11.28011
"1980-04-01","Core PCE",10.193106
"1980-05-01","Core PCE",9.363926
"1980-06-01","Core PCE",8.227851
"1980-07-01","Core PCE",9.042431
"1980-08-01","Core PCE",8.683682
"1980-09-01","Core PCE",9.892658
"1980-10-01","Core PCE",10.420664
"1980-11-01","Core PCE",10.703336
"1980-12-01","Core PCE",9.211215
"1981-01-01","Core PCE",9.407795
"1981-02-01","Core PCE",9.157697
"1981-03-01","Core PCE",8.960808
"1981-04-01","Core PCE",7.974896
"1981-05-01","Core PCE",7.799457
"1981-06-01","Core PCE",7.556222
"1981-07-01","Core PCE",7.403037
"1981-08-01","Core PCE",7.320087
"1981-09-01","Core PCE",7.992154
"1981-10-01","Core PCE",7.963338
"1981-11-01","Core PCE",7.59392
"1981-12-01","Core PCE",6.378804
"1982-01-01","Core PCE",6.449425
"1982-02-01","Core PCE",5.612995
"1982-03-01","Core PCE",5.895628
"1982-04-01","Core PCE",4.984428
"1982-05-01","Core PCE",5.651633
"1982-06-01","Core PCE",5.926029
"1982-07-01","Core PCE",6.994776
"1982-08-01","Core PCE",6.637806
"1982-09-01","Core PCE",6.077934
"1982-10-01","Core PCE",6.018963
"1982-11-01","Core PCE",5.632769
"1982-12-01","Core PCE",5.414866
"1983-01-01","Core PCE",5.622037
"1983-02-01","Core PCE",5.628796
"1983-03-01","Core PCE",4.826479
"1983-04-01","Core PCE",3.248939
"1983-05-01","Core PCE",2.321981
"1983-06-01","Core PCE",3.718798
"1983-07-01","Core PCE",5.262518
"1983-08-01","Core PCE",6.834122
"1983-09-01","Core PCE",6.564219
"1983-10-01","Core PCE",4.478302
"1983-11-01","Core PCE",3.305508
"1983-12-01","Core PCE",1.956944
"1984-01-01","Core PCE",2.587691
"1984-02-01","Core PCE",4.224714
"1984-03-01","Core PCE",5.501227
"1984-04-01","Core PCE",6.084747
"1984-05-01","Core PCE",4.415631
"1984-06-01","Core PCE",3.818352
"1984-07-01","Core PCE",3.654065
"1984-08-01","Core PCE",4.057564
"1984-09-01","Core PCE",3.713784
"1984-10-01","Core PCE",2.86534
"1984-11-01","Core PCE",2.384073
"1984-12-01","Core PCE",3.383267
"1985-01-01","Core PCE",4.775038
"1985-02-01","Core PCE",6.063624
"1985-03-01","Core PCE",5.868276
"1985-04-01","Core PCE",4.021428
"1985-05-01","Core PCE",3.301953
"1985-06-01","Core PCE",3.224199
"1985-07-01","Core PCE",3.939935
"1985-08-01","Core PCE",4.54738
"1985-09-01","Core PCE",4.028416
"1985-10-01","Core PCE",3.483383
"1985-11-01","Core PCE",2.476018
"1985-12-01","Core PCE",2.745515
"1986-01-01","Core PCE",4.307983
"1986-02-01","Core PCE",4.362447
"1986-03-01","Core PCE",4.496744
"1986-04-01","Core PCE",3.015849
"1986-05-01","Core PCE",2.657191
"1986-06-01","Core PCE",2.641108
"1986-07-01","Core PCE",2.644213
"1986-08-01","Core PCE",2.782102
"1986-09-01","Core PCE",2.900034
"1986-10-01","Core PCE",3.550832
"1986-11-01","Core PCE",3.58303
"1986-12-01","Core PCE",2.761561
"1987-01-01","Core PCE",2.354407
"1987-02-01","Core PCE",2.318298
"1987-03-01","Core PCE",2.999686
"1987-04-01","Core PCE",3.756766
"1987-05-01","Core PCE",4.07722
"1987-06-01","Core PCE",3.987029
"1987-07-01","Core PCE",3.304089
"1987-08-01","Core PCE",3.541403
"1987-09-01","Core PCE",4.048044
"1987-10-01","Core PCE",4.747861
"1987-11-01","Core PCE",4.207964
"1987-12-01","Core PCE",3.435359
"1988-01-01","Core PCE",3.625374
"1988-02-01","Core PCE",3.610145
"1988-03-01","Core PCE",4.512391
"1988-04-01","Core PCE",4.566529
"1988-05-01","Core PCE",5.132667
"1988-06-01","Core PCE",5.110401
"1988-07-01","Core PCE",4.784814
"1988-08-01","Core PCE",4.402452
"1988-09-01","Core PCE",4.874487
"1988-10-01","Core PCE",4.757916
"1988-11-01","Core PCE",4.864267
"1988-12-01","Core PCE",4.015981
"1989-01-01","Core PCE",4.540936
"1989-02-01","Core PCE",4.455369
"1989-03-01","Core PCE",4.316908
"1989-04-01","Core PCE",3.610304
"1989-05-01","Core PCE",3.794741
"1989-06-01","Core PCE",3.661677
"1989-07-01","Core PCE",3.336062
"1989-08-01","Core PCE",2.682493
"1989-09-01","Core PCE",3.013445
"1989-10-01","Core PCE",3.449553
"1989-11-01","Core PCE",3.974276
"1989-12-01","Core PCE",3.713821
"1990-01-01","Core PCE",3.805411
"1990-02-01","Core PCE",4.714817
"1990-03-01","Core PCE",5.539449
"1990-04-01","Core PCE",5.173393
"1990-05-01","Core PCE",4.423459
"1990-06-01","Core PCE",4.042884
"1990-07-01","Core PCE",3.852063
"1990-08-01","Core PCE",4.313257
"1990-09-01","Core PCE",4.145857
"1990-10-01","Core PCE",4.51064
"1990-11-01","Core PCE",3.285655
"1990-12-01","Core PCE",2.423089
"1991-01-01","Core PCE",3.075453
"1991-02-01","Core PCE",3.714562
"1991-03-01","Core PCE",4.004572
"1991-04-01","Core PCE",2.773492
"1991-05-01","Core PCE",3.275358
"1991-06-01","Core PCE",3.308155
"1991-07-01","Core PCE",3.738039
"1991-08-01","Core PCE",3.229032
"1991-09-01","Core PCE",3.985049
"1991-10-01","Core PCE",3.637819
"1991-11-01","Core PCE",3.274931
"1991-12-01","Core PCE",2.645788
"1992-01-01","Core PCE",2.859545
"1992-02-01","Core PCE",3.209516
"1992-03-01","Core PCE",3.220894
"1992-04-01","Core PCE",3.450375
"1992-05-01","Core PCE",2.908302
"1992-06-01","Core PCE",2.206448
"1992-07-01","Core PCE",2.408375
"1992-08-01","Core PCE",2.208717
"1992-09-01","Core PCE",2.5551
"1992-10-01","Core PCE",2.583277
"1992-11-01","Core PCE",3.105544
"1992-12-01","Core PCE",3.201649
"1993-01-01","Core PCE",2.81789
"1993-02-01","Core PCE",2.705107
"1993-03-01","Core PCE",2.837714
"1993-04-01","Core PCE",2.83563
"1993-05-01","Core PCE",3.442129
"1993-06-01","Core PCE",2.93589
"1993-07-01","Core PCE",2.592711
"1993-08-01","Core PCE",1.974707
"1993-09-01","Core PCE",2.199947
"1993-10-01","Core PCE",2.023806
"1993-11-01","Core PCE",2.313675
"1993-12-01","Core PCE",1.882757
"1994-01-01","Core PCE",1.539257
"1994-02-01","Core PCE",1.371883
"1994-03-01","Core PCE",2.573498
"1994-04-01","Core PCE",2.864257
"1994-05-01","Core PCE",2.888467
"1994-06-01","Core PCE",2.405646
"1994-07-01","Core PCE",2.650015
"1994-08-01","Core PCE",2.197786
"1994-09-01","Core PCE",1.910817
"1994-10-01","Core PCE",2.014511
"1994-11-01","Core PCE",2.305586
"1994-12-01","Core PCE",1.824192
"1995-01-01","Core PCE",1.879381
"1995-02-01","Core PCE",1.798715
"1995-03-01","Core PCE",2.661395
"1995-04-01","Core PCE",2.595161
"1995-05-01","Core PCE",2.620611
"1995-06-01","Core PCE",1.975046
"1995-07-01","Core PCE",1.670378
"1995-08-01","Core PCE",1.955304
"1995-09-01","Core PCE",2.13581
"1995-10-01","Core PCE",2.485223
"1995-11-01","Core PCE",1.770395
"1995-12-01","Core PCE",1.808912
"1996-01-01","Core PCE",1.28148
"1996-02-01","Core PCE",1.547539
"1996-03-01","Core PCE",1.917026
"1996-04-01","Core PCE",2.007813
"1996-05-01","Core PCE",2.185255
"1996-06-01","Core PCE",1.555308
"1996-07-01","Core PCE",1.766645
"1996-08-01","Core PCE",1.412446
"1996-09-01","Core PCE",2.333534
"1996-10-01","Core PCE",2.537084
"1996-11-01","Core PCE",2.719823
"1996-12-01","Core PCE",1.637539
"1997-01-01","Core PCE",1.109622
"1997-02-01","Core PCE",1.409396
"1997-03-01","Core PCE",2.22466
"1997-04-01","Core PCE",2.588569
"1997-05-01","Core PCE",2.046664
"1997-06-01","Core PCE",1.678529
"1997-07-01","Core PCE",1.161449
"1997-08-01","Core PCE",0.705257
"1997-09-01","Core PCE",0.945388
"1997-10-01","Core PCE",1.281757
"1997-11-01","Core PCE",1.569521
"1997-12-01","Core PCE",0.965563
"1998-01-01","Core PCE",0.96969
"1998-02-01","Core PCE",1.193234
"1998-03-01","Core PCE",1.388587
"1998-04-01","Core PCE",1.515251
"1998-05-01","Core PCE",1.55873
"1998-06-01","Core PCE",0.62066
"1998-07-01","Core PCE",1.013737
"1998-08-01","Core PCE",1.413318
"1998-09-01","Core PCE",1.856537
"1998-10-01","Core PCE",1.50571
"1998-11-01","Core PCE",0.787956
"1998-12-01","Core PCE",1.553026
"1999-01-01","Core PCE",1.339332
"1999-02-01","Core PCE",1.128805
"1999-03-01","Core PCE",0.553996
"1999-04-01","Core PCE",1.015046
"1999-05-01","Core PCE",1.539808
"1999-06-01","Core PCE",1.633371
"1999-07-01","Core PCE",1.320467
"1999-08-01","Core PCE",1.132304
"1999-09-01","Core PCE",1.990903
"1999-10-01","Core PCE",1.954219
"1999-11-01","Core PCE",2.146281
"1999-12-01","Core PCE",1.585789
"2000-01-01","Core PCE",1.867925
"2000-02-01","Core PCE",2.074459
"2000-03-01","Core PCE",2.395495
"2000-04-01","Core PCE",1.684698
"2000-05-01","Core PCE",1.524462
"2000-06-01","Core PCE",1.001486
"2000-07-01","Core PCE",1.661349
"2000-08-01","Core PCE",1.746331
"2000-09-01","Core PCE",2.42428
"2000-10-01","Core PCE",2.060443
"2000-11-01","Core PCE",2.258249
"2000-12-01","Core PCE",1.669864
"2001-01-01","Core PCE",2.617326
"2001-02-01","Core PCE",2.618073
"2001-03-01","Core PCE",2.642488
"2001-04-01","Core PCE",1.774311
"2001-05-01","Core PCE",1.153381
"2001-06-01","Core PCE",1.636066
"2001-07-01","Core PCE",2.038252
"2001-08-01","Core PCE",2.144469
"2001-09-01","Core PCE",-1.044132
"2001-10-01","Core PCE",0.728637
"2001-11-01","Core PCE",1.349638
"2001-12-01","Core PCE",3.783577
"2002-01-01","Core PCE",1.137178
"2002-02-01","Core PCE",1.0876
"2002-03-01","Core PCE",1.476318
"2002-04-01","Core PCE",2.38341
"2002-05-01","Core PCE",2.056757
"2002-06-01","Core PCE",2.217663
"2002-07-01","Core PCE",1.912039
"2002-08-01","Core PCE",2.261505
"2002-09-01","Core PCE",2.278874
"2002-10-01","Core PCE",1.793329
"2002-11-01","Core PCE",1.389415
"2002-12-01","Core PCE",1.10753
"2003-01-01","Core PCE",1.03942
"2003-02-01","Core PCE",1.203644
"2003-03-01","Core PCE",1.476379
"2003-04-01","Core PCE",1.651232
"2003-05-01","Core PCE",1.674786
"2003-06-01","Core PCE",1.249537
"2003-07-01","Core PCE",1.81464
"2003-08-01","Core PCE",1.688396
"2003-09-01","Core PCE",2.027481
"2003-10-01","Core PCE",1.760218
"2003-11-01","Core PCE",1.85572
"2003-12-01","Core PCE",1.796747
"2004-01-01","Core PCE",2.090375
"2004-02-01","Core PCE",2.19504
"2004-03-01","Core PCE",2.371464
"2004-04-01","Core PCE",2.385777
"2004-05-01","Core PCE",2.284987
"2004-06-01","Core PCE",2.245502
"2004-07-01","Core PCE",1.667384
"2004-08-01","Core PCE",1.267004
"2004-09-01","Core PCE",1.385612
"2004-10-01","Core PCE",1.786329
"2004-11-01","Core PCE",2.507558
"2004-12-01","Core PCE",2.265576
"2005-01-01","Core PCE",2.850677
"2005-02-01","Core PCE",2.647955
"2005-03-01","Core PCE",3.133222
"2005-04-01","Core PCE",2.129798
"2005-05-01","Core PCE",2.29081
"2005-06-01","Core PCE",1.570267
"2005-07-01","Core PCE",1.697097
"2005-08-01","Core PCE",1.195582
"2005-09-01","Core PCE",1.810941
"2005-10-01","Core PCE",2.386723
"2005-11-01","Core PCE",3.099478
"2005-12-01","Core PCE",2.616739
"2006-01-01","Core PCE",2.357794
"2006-02-01","Core PCE",1.974073
"2006-03-01","Core PCE",2.678402
"2006-04-01","Core PCE",3.011351
"2006-05-01","Core PCE",3.380197
"2006-06-01","Core PCE",3.282411
"2006-07-01","Core PCE",2.428571
"2006-08-01","Core PCE",2.23828
"2006-09-01","Core PCE",1.851504
"2006-10-01","Core PCE",2.191804
"2006-11-01","Core PCE",1.553258
"2006-12-01","Core PCE",1.459925
"2007-01-01","Core PCE",2.371919
"2007-02-01","Core PCE",3.064108
"2007-03-01","Core PCE",2.925045
"2007-04-01","Core PCE",1.85259
"2007-05-01","Core PCE",1.455044
"2007-06-01","Core PCE",1.71869
"2007-07-01","Core PCE",1.749353
"2007-08-01","Core PCE",1.874982
"2007-09-01","Core PCE",2.311907
"2007-10-01","Core PCE",2.76345
"2007-11-01","Core PCE",2.958554
"2007-12-01","Core PCE",2.661921
"2008-01-01","Core PCE",2.410134
"2008-02-01","Core PCE",2.006953
"2008-03-01","Core PCE",1.988893
"2008-04-01","Core PCE",1.41746
"2008-05-01","Core PCE",1.759641
"2008-06-01","Core PCE",1.895431
"2008-07-01","Core PCE",2.391869
"2008-08-01","Core PCE",2.150547
"2008-09-01","Core PCE",1.632507
"2008-10-01","Core PCE",0.332542
"2008-11-01","Core PCE",-0.33584
"2008-12-01","Core PCE",-0.936364
"2009-01-01","Core PCE",-0.494585
"2009-02-01","Core PCE",0
"2009-03-01","Core PCE",0.48319
"2009-04-01","Core PCE",1.505892
"2009-05-01","Core PCE",1.495489
"2009-06-01","Core PCE",1.724384
"2009-07-01","Core PCE",1.17049
"2009-08-01","Core PCE",1.457851
"2009-09-01","Core PCE",1.652829
"2009-10-01","Core PCE",2.80518
"2009-11-01","Core PCE",2.556917
"2009-12-01","Core PCE",2.185451
"2010-01-01","Core PCE",1.290408
"2010-02-01","Core PCE",1.289273
"2010-03-01","Core PCE",1.546383
"2010-04-01","Core PCE",1.155271
"2010-05-01","Core PCE",1.249016
"2010-06-01","Core PCE",0.842129
"2010-07-01","Core PCE",0.644228
"2010-08-01","Core PCE",0.585293
"2010-09-01","Core PCE",0.620821
"2010-10-01","Core PCE",1.226513
"2010-11-01","Core PCE",1.364672
"2010-12-01","Core PCE",1.220145
"2011-01-01","Core PCE",1.469554
"2011-02-01","Core PCE",1.651659
"2011-03-01","Core PCE",2.182218
"2011-04-01","Core PCE",2.24501
"2011-05-01","Core PCE",2.501872
"2011-06-01","Core PCE",2.331874
"2011-07-01","Core PCE",1.999971
"2011-08-01","Core PCE",1.843748
"2011-09-01","Core PCE",1.672837
"2011-10-01","Core PCE",1.267395
"2011-11-01","Core PCE",1.317824
"2011-12-01","Core PCE",1.714529
"2012-01-01","Core PCE",2.739069
"2012-02-01","Core PCE",2.444542
"2012-03-01","Core PCE",2.462612
"2012-04-01","Core PCE",1.860293
"2012-05-01","Core PCE",1.704083
"2012-06-01","Core PCE",1.429985
"2012-07-01","Core PCE",1.235979
"2012-08-01","Core PCE",1.082476
"2012-09-01","Core PCE",1.163904
"2012-10-01","Core PCE",1.728215
"2012-11-01","Core PCE",1.905843
"2012-12-01","Core PCE",1.70758
"2013-01-01","Core PCE",1.542942
"2013-02-01","Core PCE",1.549942
"2013-03-01","Core PCE",1.622371
"2013-04-01","Core PCE",1.002649
"2013-05-01","Core PCE",1.035928
"2013-06-01","Core PCE",1.361661
"2013-07-01","Core PCE",1.679681
"2013-08-01","Core PCE",1.643256
"2013-09-01","Core PCE",1.425683
"2013-10-01","Core PCE",1.595396
"2013-11-01","Core PCE",1.829621
"2013-12-01","Core PCE",1.780271
"2014-01-01","Core PCE",1.533508
"2014-02-01","Core PCE",1.05411
"2014-03-01","Core PCE",1.22291
"2014-04-01","Core PCE",1.476591
"2014-05-01","Core PCE",1.97004
"2014-06-01","Core PCE",1.826553
"2014-07-01","Core PCE",1.83616
"2014-08-01","Core PCE",1.307976
"2014-09-01","Core PCE",1.390947
"2014-10-01","Core PCE",1.038996
"2014-11-01","Core PCE",1.240542
"2014-12-01","Core PCE",0.986831
"2015-01-01","Core PCE",0.492081
"2015-02-01","Core PCE",0.59604
"2015-03-01","Core PCE",0.921619
"2015-04-01","Core PCE",1.816556
"2015-05-01","Core PCE",1.848144
"2015-06-01","Core PCE",1.719278
"2015-07-01","Core PCE",1.372792
"2015-08-01","Core PCE",1.204168
"2015-09-01","Core PCE",1.302739
"2015-10-01","Core PCE",1.035156
"2015-11-01","Core PCE",1.142349
"2015-12-01","Core PCE",0.825623
"2016-01-01","Core PCE",1.401971
"2016-02-01","Core PCE",1.670663
"2016-03-01","Core PCE",1.985955
"2016-04-01","Core PCE",2.273999
"2016-05-01","Core PCE",2.26171
"2016-06-01","Core PCE",2.100617
"2016-07-01","Core PCE",1.690236
"2016-08-01","Core PCE",1.716198
"2016-09-01","Core PCE",1.833876
"2016-10-01","Core PCE",1.765366
"2016-11-01","Core PCE",1.229502
"2016-12-01","Core PCE",1.16253
"2017-01-01","Core PCE",1.724852
"2017-02-01","Core PCE",2.265345
"2017-03-01","Core PCE",1.619918
"2017-04-01","Core PCE",1.367322
"2017-05-01","Core PCE",0.975819
"2017-06-01","Core PCE",1.690696
"2017-07-01","Core PCE",1.156168
"2017-08-01","Core PCE",1.268477
"2017-09-01","Core PCE",1.218291
"2017-10-01","Core PCE",1.917445
"2017-11-01","Core PCE",1.676472
"2017-12-01","Core PCE",1.779511
"2018-01-01","Core PCE",2.090106
"2018-02-01","Core PCE",2.664096
"2018-03-01","Core PCE",2.956248
"2018-04-01","Core PCE",2.377174
"2018-05-01","Core PCE",2.320362
"2018-06-01","Core PCE",1.798654
"2018-07-01","Core PCE",1.600032
"2018-08-01","Core PCE",0.930722
"2018-09-01","Core PCE",1.313948
"2018-10-01","Core PCE",1.419172
"2018-11-01","Core PCE",2.134186
"2018-12-01","Core PCE",2.090453
"2019-01-01","Core PCE",1.983996
"2019-02-01","Core PCE",1.5969
"2019-03-01","Core PCE",1.263548
"2019-04-01","Core PCE",1.544788
"2019-05-01","Core PCE",1.594482
"2019-06-01","Core PCE",1.9627
"2019-07-01","Core PCE",1.60939
"2019-08-01","Core PCE",1.658649
"2019-09-01","Core PCE",1.214453
"2019-10-01","Core PCE",1.357188
"2019-11-01","Core PCE",1.14169
"2019-12-01","Core PCE",1.740278
"2020-01-01","Core PCE",1.854572
"2020-02-01","Core PCE",2.399967
"2020-03-01","Core PCE",1.193936
"2020-04-01","Core PCE",-0.816571
"2020-05-01","Core PCE",-1.175177
"2020-06-01","Core PCE",-0.25589
"2020-07-01","Core PCE",2.492936
"2020-08-01","Core PCE",3.261304
"2020-09-01","Core PCE",3.271833
"2020-10-01","Core PCE",2.190499
"2020-11-01","Core PCE",1.382979
"2020-12-01","Core PCE",1.857021
"2021-01-01","Core PCE",2.529643
"2021-02-01","Core PCE",3.181048
"2021-03-01","Core PCE",3.710741
"2021-04-01","Core PCE",5.086322
"2021-05-01","Core PCE",5.969338
"2021-06-01","Core PCE",6.347968
"2021-07-01","Core PCE",5.614369
"2021-08-01","Core PCE",5.098907
"2021-09-01","Core PCE",3.835691
"2021-10-01","Core PCE",4.281025
"2021-11-01","Core PCE",4.958849
"2021-12-01","Core PCE",6.475737
"2022-01-01","Core PCE",6.331022
"2022-02-01","Core PCE",6.253319
"2022-03-01","Core PCE",5.602872
"2022-04-01","Core PCE",4.939511
"2022-05-01","Core PCE",4.373911
"2022-06-01","Core PCE",5.300472
"2022-07-01","Core PCE",5.334197
"2022-08-01","Core PCE",6.038552
"2022-09-01","Core PCE",5.187532
"2022-10-01","Core PCE",5.438144
"2022-11-01","Core PCE",4.488457
"2022-12-01","Core PCE",4.198393
"2023-01-01","Core PCE",4.298756
"2023-02-01","Core PCE",4.555742
"2023-03-01","Core PCE",4.776951
"2023-04-01","Core PCE",4.347988
"2023-05-01","Core PCE",4.262542
"2023-06-01","Core PCE",3.61536
"2023-07-01","Core PCE",2.875333
"2023-08-01","Core PCE",2.034473
"2023-09-01","Core PCE",2.376994
"2023-10-01","Core PCE",2.724981
"2023-11-01","Core PCE",2.91615
"2023-12-01","Core PCE",2.152889
"2024-01-01","Core PCE",2.957759
"2024-02-01","Core PCE",3.513527
"2024-03-01","Core PCE",4.45384
"2024-04-01","Core PCE",3.513997
"2024-05-01","Core PCE",2.779182
"2024-06-01","Core PCE",2.151287
"2024-07-01","Core PCE",2.044081
"2024-08-01","Core PCE",2.403602
"2024-09-01","Core PCE",2.617695
"2024-10-01","Core PCE",3.108714
"2024-11-01","Core PCE",2.803185
"2024-12-01","Core PCE",2.405947
"2025-01-01","Core PCE",2.586583
"2025-02-01","Core PCE",3.308301
"2025-03-01","Core PCE",3.081735
"2025-04-01","Core PCE",2.969698
"2025-05-01","Core PCE",2.636838
"2025-06-01","Core PCE",3.19883
"2025-07-01","Core PCE",2.700517
"2025-08-01","Core PCE",2.658473
"2025-09-01","Core PCE",2.583869
"2025-10-01","Core PCE",2.562989
"2025-11-01","Core PCE",2.283884
"2025-12-01","Core PCE",2.625107
"2026-01-01","Core PCE",3.521367
"2026-02-01","Core PCE",4.268845
"2026-03-01","Core PCE",4.019603
"2026-04-01","Core PCE",3.554649
"2026-05-01","Core PCE",3.446916
"2026-06-01","Core PCE",2.942882
"2026-07-01","Core PCE",2.300978
"2026-08-01","Core PCE",2.046398
"1959-05-01","Median PCE",1.091212
"1959-06-01","Median PCE",2.084706
"1959-07-01","Median PCE",1.107818
"1959-08-01","Median PCE",1.052651
"1959-09-01","Median PCE",0.794586
"1959-10-01","Median PCE",0.771312
"1959-11-01","Median PCE",0.771312
"1959-12-01","Median PCE",0.064255
"1960-01-01","Median PCE",0.018152
"1960-02-01","Median PCE",0.018152
"1960-03-01","Median PCE",0
"1960-04-01","Median PCE",0.918104
"1960-05-01","Median PCE",0.918104
"1960-06-01","Median PCE",0.918104
"1960-07-01","Median PCE",0.71222
"1960-08-01","Median PCE",0.740625
"1960-09-01","Median PCE",0.758967
"1960-10-01","Median PCE",0.046416
"1960-11-01","Median PCE",0.134977
"1960-12-01","Median PCE",0.151246
"1961-01-01","Median PCE",0.151246
"1961-02-01","Median PCE",0.034458
"1961-03-01","Median PCE",0
"1961-04-01","Median PCE",0.030346
"1961-05-01","Median PCE",0.030346
"1961-06-01","Median PCE",0.030346
"1961-07-01","Median PCE",0.044262
"1961-08-01","Median PCE",0.044262
"1961-09-01","Median PCE",0.078449
"1961-10-01","Median PCE",0.034172
"1961-11-01","Median PCE",0.046968
"1961-12-01","Median PCE",0.012792
"1962-01-01","Median PCE",0.797096
"1962-02-01","Median PCE",0.854534
"1962-03-01","Median PCE",1.57215
"1962-04-01","Median PCE",0.781816
"1962-05-01","Median PCE",0.711536
"1962-06-01","Median PCE",0
"1962-07-01","Median PCE",0
"1962-08-01","Median PCE",0.033757
"1962-09-01","Median PCE",0.044789
"1962-10-01","Median PCE",0.044789
"1962-11-01","Median PCE",0.011028
"1962-12-01","Median PCE",0
"1963-01-01","Median PCE",0.355219
"1963-02-01","Median PCE",0.369519
"1963-03-01","Median PCE",0.369519
"1963-04-01","Median PCE",0.01425
"1963-05-01","Median PCE",0.811544
"1963-06-01","Median PCE",0.811544
"1963-07-01","Median PCE",0.811544
"1963-08-01","Median PCE",0
"1963-09-01","Median PCE",0
"1963-10-01","Median PCE",0.770767
"1963-11-01","Median PCE",0.770767
"1963-12-01","Median PCE",0.792734
"1964-01-01","Median PCE",0.191663
"1964-02-01","Median PCE",0.320589
"1964-03-01","Median PCE",0.298725
"1964-04-01","Median PCE",0.128679
"1964-05-01","Median PCE",0
"1964-06-01","Median PCE",0
"1964-07-01","Median PCE",0
"1964-08-01","Median PCE",0
"1964-09-01","Median PCE",0
"1964-10-01","Median PCE",0
"1964-11-01","Median PCE",0.018797
"1964-12-01","Median PCE",0.037061
"1965-01-01","Median PCE",0.418386
"1965-02-01","Median PCE",0.407561
"1965-03-01","Median PCE",0.38923
"1965-04-01","Median PCE",0.217648
"1965-05-01","Median PCE",0.243697
"1965-06-01","Median PCE",0.280815
"1965-07-01","Median PCE",0.07105
"1965-08-01","Median PCE",0.102702
"1965-09-01","Median PCE",0.076922
"1965-10-01","Median PCE",0.08624
"1965-11-01","Median PCE",0.747196
"1965-12-01","Median PCE",1.667589
"1966-01-01","Median PCE",2.46071
"1966-02-01","Median PCE",2.637828
"1966-03-01","Median PCE",1.708628
"1966-04-01","Median PCE",2.323761
"1966-05-01","Median PCE",1.852923
"1966-06-01","Median PCE",2.672751
"1966-07-01","Median PCE",2.128638
"1966-08-01","Median PCE",2.464823
"1966-09-01","Median PCE",3.01951
"1966-10-01","Median PCE",3.525795
"1966-11-01","Median PCE",3.432072
"1966-12-01","Median PCE",2.932055
"1967-01-01","Median PCE",2.512239
"1967-02-01","Median PCE",2.900174
"1967-03-01","Median PCE",2.0287
"1967-04-01","Median PCE",1.909478
"1967-05-01","Median PCE",1.615836
"1967-06-01","Median PCE",2.782406
"1967-07-01","Median PCE",3.050328
"1967-08-01","Median PCE",3.236896
"1967-09-01","Median PCE",3.408787
"1967-10-01","Median PCE",3.582609
"1967-11-01","Median PCE",3.673521
"1967-12-01","Median PCE",3.36954
"1968-01-01","Median PCE",3.589428
"1968-02-01","Median PCE",4.063346
"1968-03-01","Median PCE",4.050753
"1968-04-01","Median PCE",3.992142
"1968-05-01","Median PCE",4.004738
"1968-06-01","Median PCE",4.467877
"1968-07-01","Median PCE",4.096511
"1968-08-01","Median PCE",4.021408
"1968-09-01","Median PCE",4.017136
"1968-10-01","Median PCE",4.467686
"1968-11-01","Median PCE",4.553178
"1968-12-01","Median PCE",4.552229
"1969-01-01","Median PCE",4.511274
"1969-02-01","Median PCE",3.997055
"1969-03-01","Median PCE",4.005224
"1969-04-01","Median PCE",4.052189
"1969-05-01","Median PCE",4.427755
"1969-06-01","Median PCE",4.38029
"1969-07-01","Median PCE",4.703275
"1969-08-01","Median PCE",4.606015
"1969-09-01","Median PCE",4.621241
"1969-10-01","Median PCE",4.242656
"1969-11-01","Median PCE",4.395946
"1969-12-01","Median PCE",4.410704
"1970-01-01","Median PCE",4.39484
"1970-02-01","Median PCE",4.350734
"1970-03-01","Median PCE",4.441133
"1970-04-01","Median PCE",4.546992
"1970-05-01","Median PCE",4.531845
"1970-06-01","Median PCE",4.384566
"1970-07-01","Median PCE",4.248171
"1970-08-01","Median PCE",4.169801
"1970-09-01","Median PCE",4.192108
"1970-10-01","Median PCE",4.377921
"1970-11-01","Median PCE",4.449394
"1970-12-01","Median PCE",5.06309
"1971-01-01","Median PCE",4.814252
"1971-02-01","Median PCE",4.508431
"1971-03-01","Median PCE",3.509581
"1971-04-01","Median PCE",3.495768
"1971-05-01","Median PCE",3.786159
"1971-06-01","Median PCE",4.0865
"1971-07-01","Median PCE",4.022964
"1971-08-01","Median PCE",3.989134
"1971-09-01","Median PCE",3.741935
"1971-10-01","Median PCE",2.673843
"1971-11-01","Median PCE",2.176668
"1971-12-01","Median PCE",2.180706
"1972-01-01","Median PCE",3.113144
"1972-02-01","Median PCE",3.343026
"1972-03-01","Median PCE",3.246171
"1972-04-01","Median PCE",2.842507
"1972-05-01","Median PCE",2.540452
"1972-06-01","Median PCE",2.417865
"1972-07-01","Median PCE",2.804047
"1972-08-01","Median PCE",3.306
"1972-09-01","Median PCE",3.710751
"1972-10-01","Median PCE",3.541392
"1972-11-01","Median PCE",3.536419
"1972-12-01","Median PCE",3.444931
"1973-01-01","Median PCE",3.409878
"1973-02-01","Median PCE",3.467235
"1973-03-01","Median PCE",3.628047
"1973-04-01","Median PCE",4.966476
"1973-05-01","Median PCE",5.350279
"1973-06-01","Median PCE",5.754407
"1973-07-01","Median PCE",4.432964
"1973-08-01","Median PCE",4.577364
"1973-09-01","Median PCE",4.052746
"1973-10-01","Median PCE",4.466653
"1973-11-01","Median PCE",4.337795
"1973-12-01","Median PCE",5.556092
"1974-01-01","Median PCE",6.511624
"1974-02-01","Median PCE",7.42221
"1974-03-01","Median PCE",7.902004
"1974-04-01","Median PCE",8.169528
"1974-05-01","Median PCE",9.416767
"1974-06-01","Median PCE",9.26847
"1974-07-01","Median PCE",9.555419
"1974-08-01","Median PCE",9.885302
"1974-09-01","Median PCE",10.409628
"1974-10-01","Median PCE",10.54847
"1974-11-01","Median PCE",8.718257
"1974-12-01","Median PCE",7.821711
"1975-01-01","Median PCE",7.758145
"1975-02-01","Median PCE",7.725292
"1975-03-01","Median PCE",6.576954
"1975-04-01","Median PCE",5.84347
"1975-05-01","Median PCE",5.002186
"1975-06-01","Median PCE",5.671527
"1975-07-01","Median PCE",5.773351
"1975-08-01","Median PCE",5.868536
"1975-09-01","Median PCE",6.166023
"1975-10-01","Median PCE",6.598127
"1975-11-01","Median PCE",7.243128
"1975-12-01","Median PCE",7.191687
"1976-01-01","Median PCE",6.241947
"1976-02-01","Median PCE",6.012973
"1976-03-01","Median PCE",5.247473
"1976-04-01","Median PCE",4.617345
"1976-05-01","Median PCE",4.756111
"1976-06-01","Median PCE",5.281071
"1976-07-01","Median PCE",6.100642
"1976-08-01","Median PCE",6.423426
"1976-09-01","Median PCE",6.564696
"1976-10-01","Median PCE",6.609067
"1976-11-01","Median PCE",6.206904
"1976-12-01","Median PCE",5.948371
"1977-01-01","Median PCE",6.544441
"1977-02-01","Median PCE",7.20376
"1977-03-01","Median PCE",7.757603
"1977-04-01","Median PCE",7.064574
"1977-05-01","Median PCE",6.417124
"1977-06-01","Median PCE",6.293556
"1977-07-01","Median PCE",6.323266
"1977-08-01","Median PCE",6.376548
"1977-09-01","Median PCE",5.84536
"1977-10-01","Median PCE",5.74032
"1977-11-01","Median PCE",6.161681
"1977-12-01","Median PCE",6.331393
"1978-01-01","Median PCE",6.379659
"1978-02-01","Median PCE",5.692501
"1978-03-01","Median PCE",5.917394
"1978-04-01","Median PCE",6.377436
"1978-05-01","Median PCE",7.335948
"1978-06-01","Median PCE",7.123186
"1978-07-01","Median PCE",6.974148
"1978-08-01","Median PCE",6.31721
"1978-09-01","Median PCE",7.098243
"1978-10-01","Median PCE",7.808281
"1978-11-01","Median PCE",8.356786
"1978-12-01","Median PCE",7.90876
"1979-01-01","Median PCE",7.679517
"1979-02-01","Median PCE",7.928137
"1979-03-01","Median PCE",8.162528
"1979-04-01","Median PCE",7.541216
"1979-05-01","Median PCE",7.94688
"1979-06-01","Median PCE",8.060723
"1979-07-01","Median PCE",8.597344
"1979-08-01","Median PCE",8.442934
"1979-09-01","Median PCE",8.889812
"1979-10-01","Median PCE",9.890681
"1979-11-01","Median PCE",9.424869
"1979-12-01","Median PCE",9.06088
"1980-01-01","Median PCE",9.058831
"1980-02-01","Median PCE",9.749573
"1980-03-01","Median PCE",10.34948
"1980-04-01","Median PCE",9.268022
"1980-05-01","Median PCE",9.017903
"1980-06-01","Median PCE",8.971269
"1980-07-01","Median PCE",8.808349
"1980-08-01","Median PCE",8.536447
"1980-09-01","Median PCE",8.716257
"1980-10-01","Median PCE",9.464205
"1980-11-01","Median PCE",9.602104
"1980-12-01","Median PCE",9.2031
"1981-01-01","Median PCE",9.315131
"1981-02-01","Median PCE",9.494327
"1981-03-01","Median PCE",9.289338
"1981-04-01","Median PCE",8.767821
"1981-05-01","Median PCE",7.771037
"1981-06-01","Median PCE",7.124592
"1981-07-01","Median PCE",7.204005
"1981-08-01","Median PCE",7.50228
"1981-09-01","Median PCE",8.173997
"1981-10-01","Median PCE",7.5707
"1981-11-01","Median PCE",7.172045
"1981-12-01","Median PCE",6.321554
"1982-01-01","Median PCE",6.178344
"1982-02-01","Median PCE",5.47928
"1982-03-01","Median PCE",5.592218
"1982-04-01","Median PCE",4.770551
"1982-05-01","Median PCE",5.406503
"1982-06-01","Median PCE",5.428077
"1982-07-01","Median PCE",6.762601
"1982-08-01","Median PCE",6.320078
"1982-09-01","Median PCE",5.818391
"1982-10-01","Median PCE",5.338072
"1982-11-01","Median PCE",4.86658
"1982-12-01","Median PCE",4.523491
"1983-01-01","Median PCE",4.427194
"1983-02-01","Median PCE",4.61257
"1983-03-01","Median PCE",4.109676
"1983-04-01","Median PCE",4.1678
"1983-05-01","Median PCE",3.750265
"1983-06-01","Median PCE",4.212677
"1983-07-01","Median PCE",3.756283
"1983-08-01","Median PCE",3.995521
"1983-09-01","Median PCE",4.332824
"1983-10-01","Median PCE",3.749701
"1983-11-01","Median PCE",4.284721
"1983-12-01","Median PCE",3.698807
"1984-01-01","Median PCE",4.306974
"1984-02-01","Median PCE",4.284633
"1984-03-01","Median PCE",4.852818
"1984-04-01","Median PCE",5.099598
"1984-05-01","Median PCE",4.28524
"1984-06-01","Median PCE",4.200751
"1984-07-01","Median PCE",4.242315
"1984-08-01","Median PCE",4.778991
"1984-09-01","Median PCE",4.983958
"1984-10-01","Median PCE",4.369481
"1984-11-01","Median PCE",4.012086
"1984-12-01","Median PCE",4.225709
"1985-01-01","Median PCE",4.22257
"1985-02-01","Median PCE",5.055579
"1985-03-01","Median PCE",4.585843
"1985-04-01","Median PCE",4.182363
"1985-05-01","Median PCE",3.678959
"1985-06-01","Median PCE",3.830324
"1985-07-01","Median PCE",3.745182
"1985-08-01","Median PCE",3.735494
"1985-09-01","Median PCE",3.324146
"1985-10-01","Median PCE",3.660154
"1985-11-01","Median PCE",3.365523
"1985-12-01","Median PCE",3.757208
"1986-01-01","Median PCE",4.250256
"1986-02-01","Median PCE",4.236126
"1986-03-01","Median PCE",3.621059
"1986-04-01","Median PCE",3.470309
"1986-05-01","Median PCE",3.228815
"1986-06-01","Median PCE",3.790865
"1986-07-01","Median PCE",3.373208
"1986-08-01","Median PCE",3.698369
"1986-09-01","Median PCE",3.572325
"1986-10-01","Median PCE",4.333669
"1986-11-01","Median PCE",4.299544
"1986-12-01","Median PCE",4.186729
"1987-01-01","Median PCE",4.036776
"1987-02-01","Median PCE",4.252179
"1987-03-01","Median PCE",4.502825
"1987-04-01","Median PCE",4.924607
"1987-05-01","Median PCE",4.834117
"1987-06-01","Median PCE",4.559114
"1987-07-01","Median PCE",3.668201
"1987-08-01","Median PCE",4.450873
"1987-09-01","Median PCE",4.385781
"1987-10-01","Median PCE",4.672944
"1987-11-01","Median PCE",3.78091
"1987-12-01","Median PCE",3.573104
"1988-01-01","Median PCE",3.983889
"1988-02-01","Median PCE",4.141075
"1988-03-01","Median PCE",4.620644
"1988-04-01","Median PCE",4.271744
"1988-05-01","Median PCE",4.095522
"1988-06-01","Median PCE",4.279662
"1988-07-01","Median PCE",4.554533
"1988-08-01","Median PCE",4.894732
"1988-09-01","Median PCE",4.982848
"1988-10-01","Median PCE",4.440587
"1988-11-01","Median PCE",4.243186
"1988-12-01","Median PCE",3.692018
"1989-01-01","Median PCE",4.254907
"1989-02-01","Median PCE",4.31952
"1989-03-01","Median PCE",4.496324
"1989-04-01","Median PCE",4.245898
"1989-05-01","Median PCE",4.576856
"1989-06-01","Median PCE",4.327407
"1989-07-01","Median PCE",4.32737
"1989-08-01","Median PCE",4.065524
"1989-09-01","Median PCE",4.337642
"1989-10-01","Median PCE",4.784699
"1989-11-01","Median PCE",4.705305
"1989-12-01","Median PCE",4.771168
"1990-01-01","Median PCE",4.284289
"1990-02-01","Median PCE",4.460155
"1990-03-01","Median PCE",5.124435
"1990-04-01","Median PCE",5.019279
"1990-05-01","Median PCE",4.519271
"1990-06-01","Median PCE",4.292208
"1990-07-01","Median PCE",4.415928
"1990-08-01","Median PCE",5.177989
"1990-09-01","Median PCE",4.71397
"1990-10-01","Median PCE",4.494215
"1990-11-01","Median PCE",3.745458
"1990-12-01","Median PCE",3.610865
"1991-01-01","Median PCE",3.556762
"1991-02-01","Median PCE",3.286187
"1991-03-01","Median PCE",2.779119
"1991-04-01","Median PCE",2.57199
"1991-05-01","Median PCE",3.252304
"1991-06-01","Median PCE",3.222492
"1991-07-01","Median PCE",3.084561
"1991-08-01","Median PCE",2.505156
"1991-09-01","Median PCE",2.814043
"1991-10-01","Median PCE",3.045537
"1991-11-01","Median PCE",3.45402
"1991-12-01","Median PCE",3.712869
"1992-01-01","Median PCE",3.524786
"1992-02-01","Median PCE",3.30229
"1992-03-01","Median PCE",3.101202
"1992-04-01","Median PCE",2.949298
"1992-05-01","Median PCE",2.735218
"1992-06-01","Median PCE",2.261195
"1992-07-01","Median PCE",2.380777
"1992-08-01","Median PCE",2.384114
"1992-09-01","Median PCE",2.618299
"1992-10-01","Median PCE",3.024464
"1992-11-01","Median PCE",3.545988
"1992-12-01","Median PCE",3.706848
"1993-01-01","Median PCE",3.426414
"1993-02-01","Median PCE",3.091004
"1993-03-01","Median PCE",2.993837
"1993-04-01","Median PCE",3.116412
"1993-05-01","Median PCE",3.202186
"1993-06-01","Median PCE",3.033537
"1993-07-01","Median PCE",2.607418
"1993-08-01","Median PCE",2.300027
"1993-09-01","Median PCE",2.084314
"1993-10-01","Median PCE",2.2298
"1993-11-01","Median PCE",2.333637
"1993-12-01","Median PCE",2.799749
"1994-01-01","Median PCE",2.896915
"1994-02-01","Median PCE",3.114134
"1994-03-01","Median PCE",3.201724
"1994-04-01","Median PCE",2.9457
"1994-05-01","Median PCE",3.089399
"1994-06-01","Median PCE",2.792598
"1994-07-01","Median PCE",2.830115
"1994-08-01","Median PCE",2.367436
"1994-09-01","Median PCE",2.256251
"1994-10-01","Median PCE",2.328682
"1994-11-01","Median PCE",2.578921
"1994-12-01","Median PCE",2.533866
"1995-01-01","Median PCE",3.050903
"1995-02-01","Median PCE",2.773295
"1995-03-01","Median PCE",3.226459
"1995-04-01","Median PCE",2.784186
"1995-05-01","Median PCE",2.770691
"1995-06-01","Median PCE",2.333136
"1995-07-01","Median PCE",2.114297
"1995-08-01","Median PCE",2.193314
"1995-09-01","Median PCE",2.383092
"1995-10-01","Median PCE",2.77582
"1995-11-01","Median PCE",2.817976
"1995-12-01","Median PCE",2.747028
"1996-01-01","Median PCE",2.484534
"1996-02-01","Median PCE",2.300282
"1996-03-01","Median PCE",2.422203
"1996-04-01","Median PCE",2.268889
"1996-05-01","Median PCE",2.521975
"1996-06-01","Median PCE",2.389783
"1996-07-01","Median PCE",2.716069
"1996-08-01","Median PCE",2.660452
"1996-09-01","Median PCE",2.799515
"1996-10-01","Median PCE",2.764238
"1996-11-01","Median PCE",2.846884
"1996-12-01","Median PCE",2.766878
"1997-01-01","Median PCE",2.730719
"1997-02-01","Median PCE",2.521439
"1997-03-01","Median PCE",2.578678
"1997-04-01","Median PCE",2.449688
"1997-05-01","Median PCE",2.289525
"1997-06-01","Median PCE",2.26578
"1997-07-01","Median PCE",2.276842
"1997-08-01","Median PCE",2.332464
"1997-09-01","Median PCE",2.328849
"1997-10-01","Median PCE",2.261799
"1997-11-01","Median PCE",2.34176
"1997-12-01","Median PCE",2.100067
"1998-01-01","Median PCE",2.084646
"1998-02-01","Median PCE",2.141126
"1998-03-01","Median PCE",2.518736
"1998-04-01","Median PCE",2.561167
"1998-05-01","Median PCE",2.747868
"1998-06-01","Median PCE",2.280613
"1998-07-01","Median PCE",2.2891
"1998-08-01","Median PCE",2.401112
"1998-09-01","Median PCE",2.96449
"1998-10-01","Median PCE",2.927864
"1998-11-01","Median PCE",2.671682
"1998-12-01","Median PCE",2.386388
"1999-01-01","Median PCE",2.469784
"1999-02-01","Median PCE",2.217299
"1999-03-01","Median PCE",2.109791
"1999-04-01","Median PCE",2.104875
"1999-05-01","Median PCE",2.375904
"1999-06-01","Median PCE",2.312823
"1999-07-01","Median PCE",2.307967
"1999-08-01","Median PCE",2.303118
"1999-09-01","Median PCE",2.512257
"1999-10-01","Median PCE",2.304321
"1999-11-01","Median PCE",2.473909
"1999-12-01","Median PCE",2.339504
"2000-01-01","Median PCE",2.986722
"2000-02-01","Median PCE",2.845106
"2000-03-01","Median PCE",3.14011
"2000-04-01","Median PCE",2.682103
"2000-05-01","Median PCE",2.644356
"2000-06-01","Median PCE",2.636062
"2000-07-01","Median PCE",2.879301
"2000-08-01","Median PCE",2.771748
"2000-09-01","Median PCE",2.859097
"2000-10-01","Median PCE",2.641679
"2000-11-01","Median PCE",2.93284
"2000-12-01","Median PCE",2.729696
"2001-01-01","Median PCE",3.094572
"2001-02-01","Median PCE",3.290912
"2001-03-01","Median PCE",3.434297
"2001-04-01","Median PCE",3.288734
"2001-05-01","Median PCE",3.095636
"2001-06-01","Median PCE",3.199328
"2001-07-01","Median PCE",3.312989
"2001-08-01","Median PCE",3.565542
"2001-09-01","Median PCE",3.422759
"2001-10-01","Median PCE",3.278028
"2001-11-01","Median PCE",2.984881
"2001-12-01","Median PCE",2.755362
"2002-01-01","Median PCE",2.695222
"2002-02-01","Median PCE",2.806894
"2002-03-01","Median PCE",3.259858
"2002-04-01","Median PCE",3.088751
"2002-05-01","Median PCE",2.812334
"2002-06-01","Median PCE",2.470642
"2002-07-01","Median PCE",2.667337
"2002-08-01","Median PCE",2.608148
"2002-09-01","Median PCE",2.756896
"2002-10-01","Median PCE",2.692481
"2002-11-01","Median PCE",2.877471
"2002-12-01","Median PCE",2.800524
"2003-01-01","Median PCE",2.98385
"2003-02-01","Median PCE",2.642437
"2003-03-01","Median PCE",2.610121
"2003-04-01","Median PCE",1.732162
"2003-05-01","Median PCE",1.692336
"2003-06-01","Median PCE",1.315855
"2003-07-01","Median PCE",2.068207
"2003-08-01","Median PCE",2.293772
"2003-09-01","Median PCE",2.608091
"2003-10-01","Median PCE",2.663883
"2003-11-01","Median PCE",2.745244
"2003-12-01","Median PCE",2.428821
"2004-01-01","Median PCE",2.161658
"2004-02-01","Median PCE",2.16743
"2004-03-01","Median PCE",2.56311
"2004-04-01","Median PCE",3.049417
"2004-05-01","Median PCE",3.073886
"2004-06-01","Median PCE",3.067304
"2004-07-01","Median PCE",2.637009
"2004-08-01","Median PCE",2.560853
"2004-09-01","Median PCE",2.256582
"2004-10-01","Median PCE",2.091082
"2004-11-01","Median PCE",1.951423
"2004-12-01","Median PCE",2.064432
"2005-01-01","Median PCE",2.522721
"2005-02-01","Median PCE",2.918107
"2005-03-01","Median PCE",2.913024
"2005-04-01","Median PCE",2.4453
"2005-05-01","Median PCE",2.259611
"2005-06-01","Median PCE",2.076864
"2005-07-01","Median PCE",2.387325
"2005-08-01","Median PCE",2.203751
"2005-09-01","Median PCE",2.774381
"2005-10-01","Median PCE",2.863276
"2005-11-01","Median PCE",3.216853
"2005-12-01","Median PCE",2.72283
"2006-01-01","Median PCE",2.874258
"2006-02-01","Median PCE",2.6171
"2006-03-01","Median PCE",3.228192
"2006-04-01","Median PCE",3.288076
"2006-05-01","Median PCE",3.930884
"2006-06-01","Median PCE",4.044466
"2006-07-01","Median PCE",3.879376
"2006-08-01","Median PCE",3.56585
"2006-09-01","Median PCE",3.19157
"2006-10-01","Median PCE",3.246816
"2006-11-01","Median PCE",2.930376
"2006-12-01","Median PCE",3.151372
"2007-01-01","Median PCE",3.239956
"2007-02-01","Median PCE",3.559635
"2007-03-01","Median PCE",3.324521
"2007-04-01","Median PCE",2.706808
"2007-05-01","Median PCE",2.216818
"2007-06-01","Median PCE",2.022733
"2007-07-01","Median PCE",2.136277
"2007-08-01","Median PCE",2.351054
"2007-09-01","Median PCE",2.710431
"2007-10-01","Median PCE",3.071476
"2007-11-01","Median PCE",3.539541
"2007-12-01","Median PCE",3.50492
"2008-01-01","Median PCE",3.296282
"2008-02-01","Median PCE",2.731733
"2008-03-01","Median PCE",2.63227
"2008-04-01","Median PCE",2.577235
"2008-05-01","Median PCE",2.301308
"2008-06-01","Median PCE",2.225161
"2008-07-01","Median PCE",2.440027
"2008-08-01","Median PCE",2.557483
"2008-09-01","Median PCE",2.592273
"2008-10-01","Median PCE",2.098465
"2008-11-01","Median PCE",2.561147
"2008-12-01","Median PCE",1.899569
"2009-01-01","Median PCE",2.346359
"2009-02-01","Median PCE",2.009176
"2009-03-01","Median PCE",2.433476
"2009-04-01","Median PCE",1.994809
"2009-05-01","Median PCE",1.948097
"2009-06-01","Median PCE",1.854616
"2009-07-01","Median PCE",1.368446
"2009-08-01","Median PCE",1.064534
"2009-09-01","Median PCE",0.722314
"2009-10-01","Median PCE",1.831508
"2009-11-01","Median PCE",2.185051
"2009-12-01","Median PCE",2.132308
"2010-01-01","Median PCE",1.203575
"2010-02-01","Median PCE",0.676212
"2010-03-01","Median PCE",0.698438
"2010-04-01","Median PCE",0.738975
"2010-05-01","Median PCE",0.783544
"2010-06-01","Median PCE",0.905663
"2010-07-01","Median PCE",0.754328
"2010-08-01","Median PCE",1.176184
"2010-09-01","Median PCE",1.322808
"2010-10-01","Median PCE",1.47321
"2010-11-01","Median PCE",1.24639
"2010-12-01","Median PCE",1.125017
"2011-01-01","Median PCE",1.604893
"2011-02-01","Median PCE",1.811327
"2011-03-01","Median PCE",2.198247
"2011-04-01","Median PCE",2.172928
"2011-05-01","Median PCE",2.356961
"2011-06-01","Median PCE",2.218407
"2011-07-01","Median PCE",2.136813
"2011-08-01","Median PCE",2.17594
"2011-09-01","Median PCE",2.230901
"2011-10-01","Median PCE",2.289911
"2011-11-01","Median PCE",2.038632
"2011-12-01","Median PCE",2.124925
"2012-01-01","Median PCE",2.125714
"2012-02-01","Median PCE",2.060939
"2012-03-01","Median PCE",2.0742
"2012-04-01","Median PCE",2.078482
"2012-05-01","Median PCE",2.037631
"2012-06-01","Median PCE",1.682638
"2012-07-01","Median PCE",1.558536
"2012-08-01","Median PCE",1.861311
"2012-09-01","Median PCE",2.172496
"2012-10-01","Median PCE",2.238949
"2012-11-01","Median PCE",2.001505
"2012-12-01","Median PCE",1.895721
"2013-01-01","Median PCE",1.878333
"2013-02-01","Median PCE",2.12468
"2013-03-01","Median PCE",2.149211
"2013-04-01","Median PCE",1.996752
"2013-05-01","Median PCE",1.908968
"2013-06-01","Median PCE",2.075742
"2013-07-01","Median PCE",2.169014
"2013-08-01","Median PCE",2.110649
"2013-09-01","Median PCE",2.01435
"2013-10-01","Median PCE",2.149885
"2013-11-01","Median PCE",2.274529
"2013-12-01","Median PCE",2.145868
"2014-01-01","Median PCE",2.090167
"2014-02-01","Median PCE",1.840947
"2014-03-01","Median PCE",1.889973
"2014-04-01","Median PCE",2.03728
"2014-05-01","Median PCE",2.190971
"2014-06-01","Median PCE",2.327788
"2014-07-01","Median PCE",2.336323
"2014-08-01","Median PCE",2.223878
"2014-09-01","Median PCE",2.230694
"2014-10-01","Median PCE",2.221623
"2014-11-01","Median PCE",2.50915
"2014-12-01","Median PCE",2.263548
"2015-01-01","Median PCE",2.109439
"2015-02-01","Median PCE",2.104907
"2015-03-01","Median PCE",2.088378
"2015-04-01","Median PCE",2.427053
"2015-05-01","Median PCE",2.387183
"2015-06-01","Median PCE",2.55224
"2015-07-01","Median PCE",2.337184
"2015-08-01","Median PCE",2.095855
"2015-09-01","Median PCE",2.132622
"2015-10-01","Median PCE",1.848808
"2015-11-01","Median PCE",1.887718
"2015-12-01","Median PCE",1.667638
"2016-01-01","Median PCE",2.062227
"2016-02-01","Median PCE",2.263582
"2016-03-01","Median PCE",2.593291
"2016-04-01","Median PCE",2.639475
"2016-05-01","Median PCE",2.772066
"2016-06-01","Median PCE",2.554371
"2016-07-01","Median PCE",2.397146
"2016-08-01","Median PCE",2.19719
"2016-09-01","Median PCE",2.275384
"2016-10-01","Median PCE",2.087841
"2016-11-01","Median PCE",1.824767
"2016-12-01","Median PCE",1.813513
"2017-01-01","Median PCE",2.134237
"2017-02-01","Median PCE",2.187832
"2017-03-01","Median PCE",2.167899
"2017-04-01","Median PCE",1.728668
"2017-05-01","Median PCE",1.611261
"2017-06-01","Median PCE",1.578731
"2017-07-01","Median PCE",1.508811
"2017-08-01","Median PCE",1.72099
"2017-09-01","Median PCE",1.62185
"2017-10-01","Median PCE",2.017469
"2017-11-01","Median PCE",2.084634
"2017-12-01","Median PCE",2.304017
"2018-01-01","Median PCE",2.51669
"2018-02-01","Median PCE",2.554775
"2018-03-01","Median PCE",2.445279
"2018-04-01","Median PCE",2.079142
"2018-05-01","Median PCE",2.129918
"2018-06-01","Median PCE",2.214657
"2018-07-01","Median PCE",2.181435
"2018-08-01","Median PCE",2.101816
"2018-09-01","Median PCE",2.214786
"2018-10-01","Median PCE",2.463142
"2018-11-01","Median PCE",2.775315
"2018-12-01","Median PCE",2.624178
"2019-01-01","Median PCE",2.582396
"2019-02-01","Median PCE",2.495736
"2019-03-01","Median PCE",2.62127
"2019-04-01","Median PCE",3.118373
"2019-05-01","Median PCE",2.857536
"2019-06-01","Median PCE",2.642566
"2019-07-01","Median PCE",2.216327
"2019-08-01","Median PCE",2.330735
"2019-09-01","Median PCE",2.44542
"2019-10-01","Median PCE",2.290333
"2019-11-01","Median PCE",2.135219
"2019-12-01","Median PCE",2.426325
"2020-01-01","Median PCE",2.728488
"2020-02-01","Median PCE",2.96684
"2020-03-01","Median PCE",2.609437
"2020-04-01","Median PCE",2.318451
"2020-05-01","Median PCE",2.361156
"2020-06-01","Median PCE",2.307681
"2020-07-01","Median PCE",2.381778
"2020-08-01","Median PCE",2.127961
"2020-09-01","Median PCE",1.865734
"2020-10-01","Median PCE",1.74504
"2020-11-01","Median PCE",1.342538
"2020-12-01","Median PCE",1.579782
"2021-01-01","Median PCE",1.429043
"2021-02-01","Median PCE",2.146379
"2021-03-01","Median PCE",2.507555
"2021-04-01","Median PCE",2.886953
"2021-05-01","Median PCE",3.025824
"2021-06-01","Median PCE",3.088029
"2021-07-01","Median PCE",3.351116
"2021-08-01","Median PCE",3.345632
"2021-09-01","Median PCE",3.902045
"2021-10-01","Median PCE",4.534654
"2021-11-01","Median PCE",4.969741
"2021-12-01","Median PCE",5.021328
"2022-01-01","Median PCE",5.266468
"2022-02-01","Median PCE",5.585109
"2022-03-01","Median PCE",4.892416
"2022-04-01","Median PCE",4.792932
"2022-05-01","Median PCE",5.306296
"2022-06-01","Median PCE",7.349097
"2022-07-01","Median PCE",7.023223
"2022-08-01","Median PCE",6.810706
"2022-09-01","Median PCE",5.393993
"2022-10-01","Median PCE",5.686282
"2022-11-01","Median PCE",4.634735
"2022-12-01","Median PCE",4.740715
"2023-01-01","Median PCE",5.109408
"2023-02-01","Median PCE",5.384365
"2023-03-01","Median PCE",5.373949
"2023-04-01","Median PCE",4.525313
"2023-05-01","Median PCE",4.31675
"2023-06-01","Median PCE",3.623342
"2023-07-01","Median PCE",3.231006
"2023-08-01","Median PCE",3.101844
"2023-09-01","Median PCE",3.399683
"2023-10-01","Median PCE",3.476856
"2023-11-01","Median PCE",3.583863
"2023-12-01","Median PCE",2.942343
"2024-01-01","Median PCE",3.835964
"2024-02-01","Median PCE",3.493462
"2024-03-01","Median PCE",4.097488
"2024-04-01","Median PCE",3.130144
"2024-05-01","Median PCE",3.467648
"2024-06-01","Median PCE",3.024466
"2024-07-01","Median PCE",2.527941
"2024-08-01","Median PCE",2.295542
"2024-09-01","Median PCE",2.799134
"2024-10-01","Median PCE",3.434055
"2024-11-01","Median PCE",3.579065
"2024-12-01","Median PCE",3.612727
"2025-01-01","Median PCE",3.416197
"2025-02-01","Median PCE",3.558953
"2025-03-01","Median PCE",3.451602
"2025-04-01","Median PCE",3.668269
"2025-05-01","Median PCE",3.410141
"2025-06-01","Median PCE",3.485151
"2025-07-01","Median PCE",3.136342
"2025-08-01","Median PCE",3.426318
"2025-09-01","Median PCE",2.781857
"2025-10-01","Median PCE",2.505789
"2025-11-01","Median PCE",1.907237
"2025-12-01","Median PCE",2.393525
"2026-01-01","Median PCE",2.631145
"2026-02-01","Median PCE",2.885681
"2026-03-01","Median PCE",2.86374
"2026-04-01","Median PCE",2.947945
"2026-05-01","Median PCE",3.229832
"2026-06-01","Median PCE",2.99893
"2026-07-01","Median PCE",3.039191
"2026-08-01","Median PCE",2.622641
"1959-05-01","Trimmed-mean PCE",1.338457
"1959-06-01","Trimmed-mean PCE",1.866223
"1959-07-01","Trimmed-mean PCE",1.471513
"1959-08-01","Trimmed-mean PCE",1.4589
"1959-09-01","Trimmed-mean PCE",1.317996
"1959-10-01","Trimmed-mean PCE",1.31785
"1959-11-01","Trimmed-mean PCE",1.203524
"1959-12-01","Trimmed-mean PCE",0.969245
"1960-01-01","Trimmed-mean PCE",0.589088
"1960-02-01","Trimmed-mean PCE",0.637461
"1960-03-01","Trimmed-mean PCE",0.347952
"1960-04-01","Trimmed-mean PCE",0.910677
"1960-05-01","Trimmed-mean PCE",0.827105
"1960-06-01","Trimmed-mean PCE",0.826199
"1960-07-01","Trimmed-mean PCE",0.766281
"1960-08-01","Trimmed-mean PCE",0.832948
"1960-09-01","Trimmed-mean PCE",1.028894
"1960-10-01","Trimmed-mean PCE",0.550483
"1960-11-01","Trimmed-mean PCE",0.82013
"1960-12-01","Trimmed-mean PCE",0.793312
"1961-01-01","Trimmed-mean PCE",0.698623
"1961-02-01","Trimmed-mean PCE",0.300601
"1961-03-01","Trimmed-mean PCE",0.047239
"1961-04-01","Trimmed-mean PCE",0.234244
"1961-05-01","Trimmed-mean PCE",0.16675
"1961-06-01","Trimmed-mean PCE",0.309347
"1961-07-01","Trimmed-mean PCE",0.487305
"1961-08-01","Trimmed-mean PCE",0.518508
"1961-09-01","Trimmed-mean PCE",0.663485
"1961-10-01","Trimmed-mean PCE",0.285286
"1961-11-01","Trimmed-mean PCE",0.373471
"1961-12-01","Trimmed-mean PCE",0.114787
"1962-01-01","Trimmed-mean PCE",0.849698
"1962-02-01","Trimmed-mean PCE",1.059324
"1962-03-01","Trimmed-mean PCE",1.573213
"1962-04-01","Trimmed-mean PCE",0.747834
"1962-05-01","Trimmed-mean PCE",0.564317
"1962-06-01","Trimmed-mean PCE",0.251396
"1962-07-01","Trimmed-mean PCE",0.44979
"1962-08-01","Trimmed-mean PCE",0.576546
"1962-09-01","Trimmed-mean PCE",0.768395
"1962-10-01","Trimmed-mean PCE",0.489546
"1962-11-01","Trimmed-mean PCE",0.282925
"1962-12-01","Trimmed-mean PCE",-0.112566
"1963-01-01","Trimmed-mean PCE",0.620132
"1963-02-01","Trimmed-mean PCE",0.703919
"1963-03-01","Trimmed-mean PCE",0.705192
"1963-04-01","Trimmed-mean PCE",0.158792
"1963-05-01","Trimmed-mean PCE",0.62103
"1963-06-01","Trimmed-mean PCE",0.844574
"1963-07-01","Trimmed-mean PCE",1.01154
"1963-08-01","Trimmed-mean PCE",0.479198
"1963-09-01","Trimmed-mean PCE",0.358947
"1963-10-01","Trimmed-mean PCE",0.751221
"1963-11-01","Trimmed-mean PCE",0.775594
"1963-12-01","Trimmed-mean PCE",0.819581
"1964-01-01","Trimmed-mean PCE",0.59566
"1964-02-01","Trimmed-mean PCE",0.749271
"1964-03-01","Trimmed-mean PCE",0.562067
"1964-04-01","Trimmed-mean PCE",0.25808
"1964-05-01","Trimmed-mean PCE",0.024663
"1964-06-01","Trimmed-mean PCE",0.091761
"1964-07-01","Trimmed-mean PCE",0.074218
"1964-08-01","Trimmed-mean PCE",0.238971
"1964-09-01","Trimmed-mean PCE",0.233935
"1964-10-01","Trimmed-mean PCE",0.281569
"1964-11-01","Trimmed-mean PCE",0.301808
"1964-12-01","Trimmed-mean PCE",0.456449
"1965-01-01","Trimmed-mean PCE",0.777009
"1965-02-01","Trimmed-mean PCE",0.521959
"1965-03-01","Trimmed-mean PCE",0.439375
"1965-04-01","Trimmed-mean PCE",0.445731
"1965-05-01","Trimmed-mean PCE",0.81458
"1965-06-01","Trimmed-mean PCE",1.079719
"1965-07-01","Trimmed-mean PCE",0.892777
"1965-08-01","Trimmed-mean PCE",0.894413
"1965-09-01","Trimmed-mean PCE",0.922972
"1965-10-01","Trimmed-mean PCE",1.026463
"1965-11-01","Trimmed-mean PCE",1.181214
"1965-12-01","Trimmed-mean PCE",1.489142
"1966-01-01","Trimmed-mean PCE",1.772091
"1966-02-01","Trimmed-mean PCE",1.961496
"1966-03-01","Trimmed-mean PCE",1.66027
"1966-04-01","Trimmed-mean PCE",2.166312
"1966-05-01","Trimmed-mean PCE",1.916172
"1966-06-01","Trimmed-mean PCE",2.141326
"1966-07-01","Trimmed-mean PCE",1.698135
"1966-08-01","Trimmed-mean PCE",1.782319
"1966-09-01","Trimmed-mean PCE",2.25918
"1966-10-01","Trimmed-mean PCE",2.748865
"1966-11-01","Trimmed-mean PCE",2.732974
"1966-12-01","Trimmed-mean PCE",2.222315
"1967-01-01","Trimmed-mean PCE",1.69822
"1967-02-01","Trimmed-mean PCE",1.95433
"1967-03-01","Trimmed-mean PCE",1.603576
"1967-04-01","Trimmed-mean PCE",1.510931
"1967-05-01","Trimmed-mean PCE",1.206142
"1967-06-01","Trimmed-mean PCE",1.876174
"1967-07-01","Trimmed-mean PCE",2.159848
"1967-08-01","Trimmed-mean PCE",2.458925
"1967-09-01","Trimmed-mean PCE",2.901544
"1967-10-01","Trimmed-mean PCE",3.162443
"1967-11-01","Trimmed-mean PCE",3.312563
"1967-12-01","Trimmed-mean PCE",2.757287
"1968-01-01","Trimmed-mean PCE",3.044403
"1968-02-01","Trimmed-mean PCE",3.334821
"1968-03-01","Trimmed-mean PCE",3.345813
"1968-04-01","Trimmed-mean PCE",3.188058
"1968-05-01","Trimmed-mean PCE",3.40813
"1968-06-01","Trimmed-mean PCE",3.745279
"1968-07-01","Trimmed-mean PCE",3.389888
"1968-08-01","Trimmed-mean PCE",3.448477
"1968-09-01","Trimmed-mean PCE",3.735261
"1968-10-01","Trimmed-mean PCE",4.333621
"1968-11-01","Trimmed-mean PCE",4.17559
"1968-12-01","Trimmed-mean PCE",3.964954
"1969-01-01","Trimmed-mean PCE",3.743812
"1969-02-01","Trimmed-mean PCE",3.25473
"1969-03-01","Trimmed-mean PCE",3.518223
"1969-04-01","Trimmed-mean PCE",3.76515
"1969-05-01","Trimmed-mean PCE",4.291056
"1969-06-01","Trimmed-mean PCE",4.19903
"1969-07-01","Trimmed-mean PCE",4.437876
"1969-08-01","Trimmed-mean PCE",3.983099
"1969-09-01","Trimmed-mean PCE",4.107355
"1969-10-01","Trimmed-mean PCE",3.791395
"1969-11-01","Trimmed-mean PCE",4.405328
"1969-12-01","Trimmed-mean PCE",4.372538
"1970-01-01","Trimmed-mean PCE",4.219071
"1970-02-01","Trimmed-mean PCE",4.095352
"1970-03-01","Trimmed-mean PCE",4.106855
"1970-04-01","Trimmed-mean PCE",4.402676
"1970-05-01","Trimmed-mean PCE",4.050598
"1970-06-01","Trimmed-mean PCE",3.667027
"1970-07-01","Trimmed-mean PCE",3.524235
"1970-08-01","Trimmed-mean PCE",3.744665
"1970-09-01","Trimmed-mean PCE",4.200793
"1970-10-01","Trimmed-mean PCE",4.421417
"1970-11-01","Trimmed-mean PCE",4.6507
"1970-12-01","Trimmed-mean PCE",4.990983
"1971-01-01","Trimmed-mean PCE",4.585565
"1971-02-01","Trimmed-mean PCE",3.985086
"1971-03-01","Trimmed-mean PCE",2.948981
"1971-04-01","Trimmed-mean PCE",2.95654
"1971-05-01","Trimmed-mean PCE",3.574553
"1971-06-01","Trimmed-mean PCE",4.196942
"1971-07-01","Trimmed-mean PCE",4.079422
"1971-08-01","Trimmed-mean PCE",3.835029
"1971-09-01","Trimmed-mean PCE",3.331227
"1971-10-01","Trimmed-mean PCE",2.568155
"1971-11-01","Trimmed-mean PCE",1.932086
"1971-12-01","Trimmed-mean PCE",1.993431
"1972-01-01","Trimmed-mean PCE",2.747689
"1972-02-01","Trimmed-mean PCE",3.171047
"1972-03-01","Trimmed-mean PCE",3.074793
"1972-04-01","Trimmed-mean PCE",2.443409
"1972-05-01","Trimmed-mean PCE",2.044532
"1972-06-01","Trimmed-mean PCE",1.74483
"1972-07-01","Trimmed-mean PCE",2.3112
"1972-08-01","Trimmed-mean PCE",2.61082
"1972-09-01","Trimmed-mean PCE",3.168038
"1972-10-01","Trimmed-mean PCE",2.807386
"1972-11-01","Trimmed-mean PCE",2.902922
"1972-12-01","Trimmed-mean PCE",2.864241
"1973-01-01","Trimmed-mean PCE",3.016729
"1973-02-01","Trimmed-mean PCE",3.355349
"1973-03-01","Trimmed-mean PCE",3.678761
"1973-04-01","Trimmed-mean PCE",4.924664
"1973-05-01","Trimmed-mean PCE",5.027986
"1973-06-01","Trimmed-mean PCE",4.769731
"1973-07-01","Trimmed-mean PCE",3.468929
"1973-08-01","Trimmed-mean PCE",3.662028
"1973-09-01","Trimmed-mean PCE",3.665016
"1973-10-01","Trimmed-mean PCE",4.476979
"1973-11-01","Trimmed-mean PCE",4.456902
"1973-12-01","Trimmed-mean PCE",5.245216
"1974-01-01","Trimmed-mean PCE",5.499596
"1974-02-01","Trimmed-mean PCE",6.259581
"1974-03-01","Trimmed-mean PCE",6.995434
"1974-04-01","Trimmed-mean PCE",7.57642
"1974-05-01","Trimmed-mean PCE",8.394669
"1974-06-01","Trimmed-mean PCE",8.751656
"1974-07-01","Trimmed-mean PCE",8.891047
"1974-08-01","Trimmed-mean PCE",9.149232
"1974-09-01","Trimmed-mean PCE",9.216377
"1974-10-01","Trimmed-mean PCE",9.574468
"1974-11-01","Trimmed-mean PCE",8.476143
"1974-12-01","Trimmed-mean PCE",7.799546
"1975-01-01","Trimmed-mean PCE",7.37181
"1975-02-01","Trimmed-mean PCE",7.050608
"1975-03-01","Trimmed-mean PCE",5.876697
"1975-04-01","Trimmed-mean PCE",5.084522
"1975-05-01","Trimmed-mean PCE",4.30952
"1975-06-01","Trimmed-mean PCE",4.545962
"1975-07-01","Trimmed-mean PCE",4.829169
"1975-08-01","Trimmed-mean PCE",5.159831
"1975-09-01","Trimmed-mean PCE",5.761582
"1975-10-01","Trimmed-mean PCE",6.341986
"1975-11-01","Trimmed-mean PCE",6.679241
"1975-12-01","Trimmed-mean PCE",6.368564
"1976-01-01","Trimmed-mean PCE",5.5233
"1976-02-01","Trimmed-mean PCE",5.115493
"1976-03-01","Trimmed-mean PCE",4.568983
"1976-04-01","Trimmed-mean PCE",4.084104
"1976-05-01","Trimmed-mean PCE",4.393297
"1976-06-01","Trimmed-mean PCE",4.719401
"1976-07-01","Trimmed-mean PCE",5.217585
"1976-08-01","Trimmed-mean PCE",5.477023
"1976-09-01","Trimmed-mean PCE",5.758811
"1976-10-01","Trimmed-mean PCE",6.103945
"1976-11-01","Trimmed-mean PCE",5.830503
"1976-12-01","Trimmed-mean PCE",5.523458
"1977-01-01","Trimmed-mean PCE",5.700573
"1977-02-01","Trimmed-mean PCE",6.251765
"1977-03-01","Trimmed-mean PCE",6.848344
"1977-04-01","Trimmed-mean PCE",6.260737
"1977-05-01","Trimmed-mean PCE",5.81472
"1977-06-01","Trimmed-mean PCE",5.648849
"1977-07-01","Trimmed-mean PCE",5.879365
"1977-08-01","Trimmed-mean PCE",5.948551
"1977-09-01","Trimmed-mean PCE",5.571986
"1977-10-01","Trimmed-mean PCE",5.216605
"1977-11-01","Trimmed-mean PCE",5.415291
"1977-12-01","Trimmed-mean PCE",5.632977
"1978-01-01","Trimmed-mean PCE",5.643156
"1978-02-01","Trimmed-mean PCE",5.279244
"1978-03-01","Trimmed-mean PCE",5.467211
"1978-04-01","Trimmed-mean PCE",6.183235
"1978-05-01","Trimmed-mean PCE",6.949224
"1978-06-01","Trimmed-mean PCE",6.991759
"1978-07-01","Trimmed-mean PCE",6.916272
"1978-08-01","Trimmed-mean PCE",6.570802
"1978-09-01","Trimmed-mean PCE",6.776938
"1978-10-01","Trimmed-mean PCE",7.503138
"1978-11-01","Trimmed-mean PCE",7.87996
"1978-12-01","Trimmed-mean PCE",7.612349
"1979-01-01","Trimmed-mean PCE",7.506203
"1979-02-01","Trimmed-mean PCE",7.457405
"1979-03-01","Trimmed-mean PCE",7.603256
"1979-04-01","Trimmed-mean PCE",7.031913
"1979-05-01","Trimmed-mean PCE",7.514985
"1979-06-01","Trimmed-mean PCE",7.609972
"1979-07-01","Trimmed-mean PCE",7.995533
"1979-08-01","Trimmed-mean PCE",7.895064
"1979-09-01","Trimmed-mean PCE",8.375836
"1979-10-01","Trimmed-mean PCE",9.103465
"1979-11-01","Trimmed-mean PCE",8.64545
"1979-12-01","Trimmed-mean PCE",8.536798
"1980-01-01","Trimmed-mean PCE",8.531138
"1980-02-01","Trimmed-mean PCE",9.408986
"1980-03-01","Trimmed-mean PCE",9.879913
"1980-04-01","Trimmed-mean PCE",8.615549
"1980-05-01","Trimmed-mean PCE",8.20064
"1980-06-01","Trimmed-mean PCE",7.979832
"1980-07-01","Trimmed-mean PCE",8.119621
"1980-08-01","Trimmed-mean PCE",7.995612
"1980-09-01","Trimmed-mean PCE",8.292696
"1980-10-01","Trimmed-mean PCE",9.005496
"1980-11-01","Trimmed-mean PCE",8.962369
"1980-12-01","Trimmed-mean PCE",8.50503
"1981-01-01","Trimmed-mean PCE",8.691031
"1981-02-01","Trimmed-mean PCE",9.199053
"1981-03-01","Trimmed-mean PCE",8.837902
"1981-04-01","Trimmed-mean PCE",8.206388
"1981-05-01","Trimmed-mean PCE",7.12343
"1981-06-01","Trimmed-mean PCE",6.663018
"1981-07-01","Trimmed-mean PCE",6.511957
"1981-08-01","Trimmed-mean PCE",6.84733
"1981-09-01","Trimmed-mean PCE",7.371188
"1981-10-01","Trimmed-mean PCE",7.174043
"1981-11-01","Trimmed-mean PCE",6.660212
"1981-12-01","Trimmed-mean PCE",5.874222
"1982-01-01","Trimmed-mean PCE",5.603934
"1982-02-01","Trimmed-mean PCE",5.141442
"1982-03-01","Trimmed-mean PCE",5.214087
"1982-04-01","Trimmed-mean PCE",4.51242
"1982-05-01","Trimmed-mean PCE",4.917566
"1982-06-01","Trimmed-mean PCE",4.974913
"1982-07-01","Trimmed-mean PCE",6.25366
"1982-08-01","Trimmed-mean PCE",5.688982
"1982-09-01","Trimmed-mean PCE",4.961185
"1982-10-01","Trimmed-mean PCE",4.396638
"1982-11-01","Trimmed-mean PCE",3.902064
"1982-12-01","Trimmed-mean PCE",3.7752
"1983-01-01","Trimmed-mean PCE",3.865487
"1983-02-01","Trimmed-mean PCE",4.232733
"1983-03-01","Trimmed-mean PCE",4.069774
"1983-04-01","Trimmed-mean PCE",3.773378
"1983-05-01","Trimmed-mean PCE",3.515967
"1983-06-01","Trimmed-mean PCE",3.827297
"1983-07-01","Trimmed-mean PCE",3.485417
"1983-08-01","Trimmed-mean PCE",3.515197
"1983-09-01","Trimmed-mean PCE",3.775134
"1983-10-01","Trimmed-mean PCE",3.397342
"1983-11-01","Trimmed-mean PCE",3.695197
"1983-12-01","Trimmed-mean PCE",3.188723
"1984-01-01","Trimmed-mean PCE",3.937528
"1984-02-01","Trimmed-mean PCE",4.090288
"1984-03-01","Trimmed-mean PCE",4.641294
"1984-04-01","Trimmed-mean PCE",4.544326
"1984-05-01","Trimmed-mean PCE",3.757338
"1984-06-01","Trimmed-mean PCE",3.550088
"1984-07-01","Trimmed-mean PCE",3.639427
"1984-08-01","Trimmed-mean PCE",4.271628
"1984-09-01","Trimmed-mean PCE",4.383567
"1984-10-01","Trimmed-mean PCE",3.899358
"1984-11-01","Trimmed-mean PCE",3.231788
"1984-12-01","Trimmed-mean PCE",3.229959
"1985-01-01","Trimmed-mean PCE",3.135817
"1985-02-01","Trimmed-mean PCE",4.291583
"1985-03-01","Trimmed-mean PCE",4.363209
"1985-04-01","Trimmed-mean PCE",4.109344
"1985-05-01","Trimmed-mean PCE",3.277774
"1985-06-01","Trimmed-mean PCE",3.295938
"1985-07-01","Trimmed-mean PCE",3.307276
"1985-08-01","Trimmed-mean PCE",3.545475
"1985-09-01","Trimmed-mean PCE",3.307147
"1985-10-01","Trimmed-mean PCE",3.431013
"1985-11-01","Trimmed-mean PCE",3.387873
"1985-12-01","Trimmed-mean PCE",3.564349
"1986-01-01","Trimmed-mean PCE",4.144305
"1986-02-01","Trimmed-mean PCE",3.844635
"1986-03-01","Trimmed-mean PCE",3.164808
"1986-04-01","Trimmed-mean PCE",2.681961
"1986-05-01","Trimmed-mean PCE",2.493604
"1986-06-01","Trimmed-mean PCE",3.207727
"1986-07-01","Trimmed-mean PCE",3.113948
"1986-08-01","Trimmed-mean PCE",3.366753
"1986-09-01","Trimmed-mean PCE",3.284964
"1986-10-01","Trimmed-mean PCE",3.599798
"1986-11-01","Trimmed-mean PCE",3.629649
"1986-12-01","Trimmed-mean PCE",3.409956
"1987-01-01","Trimmed-mean PCE",3.778071
"1987-02-01","Trimmed-mean PCE",3.817019
"1987-03-01","Trimmed-mean PCE",4.133323
"1987-04-01","Trimmed-mean PCE",4.143302
"1987-05-01","Trimmed-mean PCE",4.196837
"1987-06-01","Trimmed-mean PCE",3.912293
"1987-07-01","Trimmed-mean PCE",3.146727
"1987-08-01","Trimmed-mean PCE",3.537151
"1987-09-01","Trimmed-mean PCE",3.615394
"1987-10-01","Trimmed-mean PCE",4.050193
"1987-11-01","Trimmed-mean PCE",3.536089
"1987-12-01","Trimmed-mean PCE",3.059497
"1988-01-01","Trimmed-mean PCE",3.283634
"1988-02-01","Trimmed-mean PCE",3.269359
"1988-03-01","Trimmed-mean PCE",3.857209
"1988-04-01","Trimmed-mean PCE",3.795742
"1988-05-01","Trimmed-mean PCE",3.860357
"1988-06-01","Trimmed-mean PCE",4.108246
"1988-07-01","Trimmed-mean PCE",4.285127
"1988-08-01","Trimmed-mean PCE",4.582889
"1988-09-01","Trimmed-mean PCE",4.852282
"1988-10-01","Trimmed-mean PCE",4.335367
"1988-11-01","Trimmed-mean PCE",4.168833
"1988-12-01","Trimmed-mean PCE",3.611401
"1989-01-01","Trimmed-mean PCE",4.2458
"1989-02-01","Trimmed-mean PCE",4.428105
"1989-03-01","Trimmed-mean PCE",4.478138
"1989-04-01","Trimmed-mean PCE",4.174918
"1989-05-01","Trimmed-mean PCE",4.197138
"1989-06-01","Trimmed-mean PCE",3.991903
"1989-07-01","Trimmed-mean PCE",3.825278
"1989-08-01","Trimmed-mean PCE",3.471609
"1989-09-01","Trimmed-mean PCE",3.569019
"1989-10-01","Trimmed-mean PCE",3.982466
"1989-11-01","Trimmed-mean PCE",4.067241
"1989-12-01","Trimmed-mean PCE",4.218918
"1990-01-01","Trimmed-mean PCE",3.842073
"1990-02-01","Trimmed-mean PCE",3.961495
"1990-03-01","Trimmed-mean PCE",4.514973
"1990-04-01","Trimmed-mean PCE",4.468716
"1990-05-01","Trimmed-mean PCE",4.241188
"1990-06-01","Trimmed-mean PCE",4.004873
"1990-07-01","Trimmed-mean PCE",4.084328
"1990-08-01","Trimmed-mean PCE",4.817533
"1990-09-01","Trimmed-mean PCE",4.311031
"1990-10-01","Trimmed-mean PCE",4.189546
"1990-11-01","Trimmed-mean PCE",3.063347
"1990-12-01","Trimmed-mean PCE",3.07396
"1991-01-01","Trimmed-mean PCE",3.165662
"1991-02-01","Trimmed-mean PCE",3.406794
"1991-03-01","Trimmed-mean PCE",2.932681
"1991-04-01","Trimmed-mean PCE",2.547526
"1991-05-01","Trimmed-mean PCE",3.029093
"1991-06-01","Trimmed-mean PCE",3.092296
"1991-07-01","Trimmed-mean PCE",2.977232
"1991-08-01","Trimmed-mean PCE",2.594187
"1991-09-01","Trimmed-mean PCE",2.924267
"1991-10-01","Trimmed-mean PCE",3.056124
"1991-11-01","Trimmed-mean PCE",3.274932
"1991-12-01","Trimmed-mean PCE",3.481372
"1992-01-01","Trimmed-mean PCE",3.364948
"1992-02-01","Trimmed-mean PCE",3.114777
"1992-03-01","Trimmed-mean PCE",2.867047
"1992-04-01","Trimmed-mean PCE",2.699558
"1992-05-01","Trimmed-mean PCE",2.632375
"1992-06-01","Trimmed-mean PCE",2.331225
"1992-07-01","Trimmed-mean PCE",2.509825
"1992-08-01","Trimmed-mean PCE",2.347194
"1992-09-01","Trimmed-mean PCE",2.146964
"1992-10-01","Trimmed-mean PCE",2.378767
"1992-11-01","Trimmed-mean PCE",2.731595
"1992-12-01","Trimmed-mean PCE",3.04149
"1993-01-01","Trimmed-mean PCE",2.795719
"1993-02-01","Trimmed-mean PCE",2.641734
"1993-03-01","Trimmed-mean PCE",2.566967
"1993-04-01","Trimmed-mean PCE",2.736684
"1993-05-01","Trimmed-mean PCE",2.905973
"1993-06-01","Trimmed-mean PCE",2.745351
"1993-07-01","Trimmed-mean PCE",2.477688
"1993-08-01","Trimmed-mean PCE",2.05533
"1993-09-01","Trimmed-mean PCE",2.096758
"1993-10-01","Trimmed-mean PCE",2.223675
"1993-11-01","Trimmed-mean PCE",2.36361
"1993-12-01","Trimmed-mean PCE",2.419895
"1994-01-01","Trimmed-mean PCE",2.235951
"1994-02-01","Trimmed-mean PCE",2.354739
"1994-03-01","Trimmed-mean PCE",2.60605
"1994-04-01","Trimmed-mean PCE",2.532105
"1994-05-01","Trimmed-mean PCE",2.551254
"1994-06-01","Trimmed-mean PCE",2.402966
"1994-07-01","Trimmed-mean PCE",2.578714
"1994-08-01","Trimmed-mean PCE",2.229963
"1994-09-01","Trimmed-mean PCE",1.976067
"1994-10-01","Trimmed-mean PCE",1.861633
"1994-11-01","Trimmed-mean PCE",2.124597
"1994-12-01","Trimmed-mean PCE",2.124865
"1995-01-01","Trimmed-mean PCE",2.551498
"1995-02-01","Trimmed-mean PCE",2.331042
"1995-03-01","Trimmed-mean PCE",2.563768
"1995-04-01","Trimmed-mean PCE",2.283107
"1995-05-01","Trimmed-mean PCE",2.36805
"1995-06-01","Trimmed-mean PCE",2.148898
"1995-07-01","Trimmed-mean PCE",1.959752
"1995-08-01","Trimmed-mean PCE",2.032478
"1995-09-01","Trimmed-mean PCE",2.123092
"1995-10-01","Trimmed-mean PCE",2.512713
"1995-11-01","Trimmed-mean PCE",2.460291
"1995-12-01","Trimmed-mean PCE",2.556264
"1996-01-01","Trimmed-mean PCE",2.340601
"1996-02-01","Trimmed-mean PCE",2.26749
"1996-03-01","Trimmed-mean PCE",2.331425
"1996-04-01","Trimmed-mean PCE",2.149836
"1996-05-01","Trimmed-mean PCE",2.308955
"1996-06-01","Trimmed-mean PCE",2.207286
"1996-07-01","Trimmed-mean PCE",2.338455
"1996-08-01","Trimmed-mean PCE",2.287109
"1996-09-01","Trimmed-mean PCE",2.412415
"1996-10-01","Trimmed-mean PCE",2.553759
"1996-11-01","Trimmed-mean PCE",2.677972
"1996-12-01","Trimmed-mean PCE",2.501807
"1997-01-01","Trimmed-mean PCE",2.295068
"1997-02-01","Trimmed-mean PCE",2.059355
"1997-03-01","Trimmed-mean PCE",2.047895
"1997-04-01","Trimmed-mean PCE",2.035558
"1997-05-01","Trimmed-mean PCE",1.901426
"1997-06-01","Trimmed-mean PCE",1.923201
"1997-07-01","Trimmed-mean PCE",1.643318
"1997-08-01","Trimmed-mean PCE",1.623784
"1997-09-01","Trimmed-mean PCE",1.735875
"1997-10-01","Trimmed-mean PCE",1.612366
"1997-11-01","Trimmed-mean PCE",1.658805
"1997-12-01","Trimmed-mean PCE",1.269555
"1998-01-01","Trimmed-mean PCE",1.388101
"1998-02-01","Trimmed-mean PCE",1.287557
"1998-03-01","Trimmed-mean PCE",1.676364
"1998-04-01","Trimmed-mean PCE",1.857305
"1998-05-01","Trimmed-mean PCE",2.186933
"1998-06-01","Trimmed-mean PCE",1.802669
"1998-07-01","Trimmed-mean PCE",1.829166
"1998-08-01","Trimmed-mean PCE",1.729694
"1998-09-01","Trimmed-mean PCE",1.946818
"1998-10-01","Trimmed-mean PCE",1.965886
"1998-11-01","Trimmed-mean PCE",1.900198
"1998-12-01","Trimmed-mean PCE",1.793718
"1999-01-01","Trimmed-mean PCE",1.719331
"1999-02-01","Trimmed-mean PCE",1.376746
"1999-03-01","Trimmed-mean PCE",1.338065
"1999-04-01","Trimmed-mean PCE",1.56303
"1999-05-01","Trimmed-mean PCE",1.914384
"1999-06-01","Trimmed-mean PCE",1.913313
"1999-07-01","Trimmed-mean PCE",1.88855
"1999-08-01","Trimmed-mean PCE",1.792844
"1999-09-01","Trimmed-mean PCE",2.078571
"1999-10-01","Trimmed-mean PCE",1.931543
"1999-11-01","Trimmed-mean PCE",2.182718
"1999-12-01","Trimmed-mean PCE",2.020614
"2000-01-01","Trimmed-mean PCE",2.490489
"2000-02-01","Trimmed-mean PCE",2.480948
"2000-03-01","Trimmed-mean PCE",2.798351
"2000-04-01","Trimmed-mean PCE",2.262711
"2000-05-01","Trimmed-mean PCE",2.257327
"2000-06-01","Trimmed-mean PCE",2.026387
"2000-07-01","Trimmed-mean PCE",2.416813
"2000-08-01","Trimmed-mean PCE",2.279949
"2000-09-01","Trimmed-mean PCE",2.612954
"2000-10-01","Trimmed-mean PCE",2.48598
"2000-11-01","Trimmed-mean PCE",2.699199
"2000-12-01","Trimmed-mean PCE",2.45014
"2001-01-01","Trimmed-mean PCE",2.722291
"2001-02-01","Trimmed-mean PCE",2.780338
"2001-03-01","Trimmed-mean PCE",2.838581
"2001-04-01","Trimmed-mean PCE",2.737951
"2001-05-01","Trimmed-mean PCE",2.582695
"2001-06-01","Trimmed-mean PCE",2.780444
"2001-07-01","Trimmed-mean PCE",2.527081
"2001-08-01","Trimmed-mean PCE",2.601143
"2001-09-01","Trimmed-mean PCE",2.225644
"2001-10-01","Trimmed-mean PCE",2.202291
"2001-11-01","Trimmed-mean PCE",2.160628
"2001-12-01","Trimmed-mean PCE",1.978207
"2002-01-01","Trimmed-mean PCE",1.826901
"2002-02-01","Trimmed-mean PCE",1.830884
"2002-03-01","Trimmed-mean PCE",2.132856
"2002-04-01","Trimmed-mean PCE",2.325354
"2002-05-01","Trimmed-mean PCE",2.147452
"2002-06-01","Trimmed-mean PCE",2.01522
"2002-07-01","Trimmed-mean PCE",2.089282
"2002-08-01","Trimmed-mean PCE",2.175013
"2002-09-01","Trimmed-mean PCE",2.418861
"2002-10-01","Trimmed-mean PCE",2.332603
"2002-11-01","Trimmed-mean PCE",2.343475
"2002-12-01","Trimmed-mean PCE",2.098961
"2003-01-01","Trimmed-mean PCE",1.966584
"2003-02-01","Trimmed-mean PCE",1.86851
"2003-03-01","Trimmed-mean PCE",1.965453
"2003-04-01","Trimmed-mean PCE",1.590658
"2003-05-01","Trimmed-mean PCE",1.547995
"2003-06-01","Trimmed-mean PCE",1.182246
"2003-07-01","Trimmed-mean PCE",1.886078
"2003-08-01","Trimmed-mean PCE",2.058623
"2003-09-01","Trimmed-mean PCE",2.306419
"2003-10-01","Trimmed-mean PCE",2.080815
"2003-11-01","Trimmed-mean PCE",1.990138
"2003-12-01","Trimmed-mean PCE",1.885049
"2004-01-01","Trimmed-mean PCE",2.037668
"2004-02-01","Trimmed-mean PCE",2.269138
"2004-03-01","Trimmed-mean PCE",2.492226
"2004-04-01","Trimmed-mean PCE",2.684735
"2004-05-01","Trimmed-mean PCE",2.696246
"2004-06-01","Trimmed-mean PCE",2.794971
"2004-07-01","Trimmed-mean PCE",2.421042
"2004-08-01","Trimmed-mean PCE",2.129503
"2004-09-01","Trimmed-mean PCE",1.890213
"2004-10-01","Trimmed-mean PCE",1.949295
"2004-11-01","Trimmed-mean PCE",2.139788
"2004-12-01","Trimmed-mean PCE",2.166939
"2005-01-01","Trimmed-mean PCE",2.555725
"2005-02-01","Trimmed-mean PCE",2.726821
"2005-03-01","Trimmed-mean PCE",2.820315
"2005-04-01","Trimmed-mean PCE",2.380901
"2005-05-01","Trimmed-mean PCE",2.156045
"2005-06-01","Trimmed-mean PCE",2.02456
"2005-07-01","Trimmed-mean PCE",2.213383
"2005-08-01","Trimmed-mean PCE",2.108155
"2005-09-01","Trimmed-mean PCE",2.627176
"2005-10-01","Trimmed-mean PCE",2.701639
"2005-11-01","Trimmed-mean PCE",2.991677
"2005-12-01","Trimmed-mean PCE",2.406451
"2006-01-01","Trimmed-mean PCE",2.418103
"2006-02-01","Trimmed-mean PCE",2.196937
"2006-03-01","Trimmed-mean PCE",2.649235
"2006-04-01","Trimmed-mean PCE",2.682138
"2006-05-01","Trimmed-mean PCE",3.277952
"2006-06-01","Trimmed-mean PCE",3.533226
"2006-07-01","Trimmed-mean PCE",3.522297
"2006-08-01","Trimmed-mean PCE",3.180137
"2006-09-01","Trimmed-mean PCE",2.716388
"2006-10-01","Trimmed-mean PCE",2.45605
"2006-11-01","Trimmed-mean PCE",1.89241
"2006-12-01","Trimmed-mean PCE",2.084332
"2007-01-01","Trimmed-mean PCE",2.441385
"2007-02-01","Trimmed-mean PCE",3.205335
"2007-03-01","Trimmed-mean PCE",2.958733
"2007-04-01","Trimmed-mean PCE",2.533114
"2007-05-01","Trimmed-mean PCE",2.056241
"2007-06-01","Trimmed-mean PCE",2.148868
"2007-07-01","Trimmed-mean PCE",2.142794
"2007-08-01","Trimmed-mean PCE",2.188287
"2007-09-01","Trimmed-mean PCE",2.460625
"2007-10-01","Trimmed-mean PCE",2.852444
"2007-11-01","Trimmed-mean PCE",3.296803
"2007-12-01","Trimmed-mean PCE",3.059133
"2008-01-01","Trimmed-mean PCE",2.833865
"2008-02-01","Trimmed-mean PCE",2.353532
"2008-03-01","Trimmed-mean PCE",2.344068
"2008-04-01","Trimmed-mean PCE",2.299934
"2008-05-01","Trimmed-mean PCE",2.391868
"2008-06-01","Trimmed-mean PCE",2.601833
"2008-07-01","Trimmed-mean PCE",2.923944
"2008-08-01","Trimmed-mean PCE",2.720926
"2008-09-01","Trimmed-mean PCE",2.393545
"2008-10-01","Trimmed-mean PCE",1.875496
"2008-11-01","Trimmed-mean PCE",2.099451
"2008-12-01","Trimmed-mean PCE",1.660571
"2009-01-01","Trimmed-mean PCE",2.050926
"2009-02-01","Trimmed-mean PCE",1.921021
"2009-03-01","Trimmed-mean PCE",2.233601
"2009-04-01","Trimmed-mean PCE",1.742989
"2009-05-01","Trimmed-mean PCE",1.602531
"2009-06-01","Trimmed-mean PCE",1.521571
"2009-07-01","Trimmed-mean PCE",1.084752
"2009-08-01","Trimmed-mean PCE",1.081911
"2009-09-01","Trimmed-mean PCE",0.789471
"2009-10-01","Trimmed-mean PCE",1.388482
"2009-11-01","Trimmed-mean PCE",1.175874
"2009-12-01","Trimmed-mean PCE",1.215366
"2010-01-01","Trimmed-mean PCE",0.800499
"2010-02-01","Trimmed-mean PCE",0.692118
"2010-03-01","Trimmed-mean PCE",0.675459
"2010-04-01","Trimmed-mean PCE",0.702523
"2010-05-01","Trimmed-mean PCE",0.766924
"2010-06-01","Trimmed-mean PCE",0.793826
"2010-07-01","Trimmed-mean PCE",0.762199
"2010-08-01","Trimmed-mean PCE",0.996736
"2010-09-01","Trimmed-mean PCE",1.151973
"2010-10-01","Trimmed-mean PCE",1.146856
"2010-11-01","Trimmed-mean PCE",1.13271
"2010-12-01","Trimmed-mean PCE",1.083331
"2011-01-01","Trimmed-mean PCE",1.563534
"2011-02-01","Trimmed-mean PCE",1.910691
"2011-03-01","Trimmed-mean PCE",2.311644
"2011-04-01","Trimmed-mean PCE",2.376361
"2011-05-01","Trimmed-mean PCE",2.333572
"2011-06-01","Trimmed-mean PCE",2.050114
"2011-07-01","Trimmed-mean PCE",1.830504
"2011-08-01","Trimmed-mean PCE",1.896137
"2011-09-01","Trimmed-mean PCE",2.042184
"2011-10-01","Trimmed-mean PCE",2.080429
"2011-11-01","Trimmed-mean PCE",1.928582
"2011-12-01","Trimmed-mean PCE",1.989354
"2012-01-01","Trimmed-mean PCE",2.21103
"2012-02-01","Trimmed-mean PCE",2.057639
"2012-03-01","Trimmed-mean PCE",2.055273
"2012-04-01","Trimmed-mean PCE",1.849556
"2012-05-01","Trimmed-mean PCE",1.883539
"2012-06-01","Trimmed-mean PCE",1.531402
"2012-07-01","Trimmed-mean PCE",1.3553
"2012-08-01","Trimmed-mean PCE",1.409629
"2012-09-01","Trimmed-mean PCE",1.691158
"2012-10-01","Trimmed-mean PCE",1.760249
"2012-11-01","Trimmed-mean PCE",1.500579
"2012-12-01","Trimmed-mean PCE",1.276681
"2013-01-01","Trimmed-mean PCE",1.450079
"2013-02-01","Trimmed-mean PCE",1.802269
"2013-03-01","Trimmed-mean PCE",1.873311
"2013-04-01","Trimmed-mean PCE",1.211867
"2013-05-01","Trimmed-mean PCE",0.983871
"2013-06-01","Trimmed-mean PCE",1.275886
"2013-07-01","Trimmed-mean PCE",1.835707
"2013-08-01","Trimmed-mean PCE",1.916793
"2013-09-01","Trimmed-mean PCE",1.746219
"2013-10-01","Trimmed-mean PCE",1.762708
"2013-11-01","Trimmed-mean PCE",1.860137
"2013-12-01","Trimmed-mean PCE",1.810363
"2014-01-01","Trimmed-mean PCE",1.761266
"2014-02-01","Trimmed-mean PCE",1.538405
"2014-03-01","Trimmed-mean PCE",1.537393
"2014-04-01","Trimmed-mean PCE",1.582642
"2014-05-01","Trimmed-mean PCE",1.812157
"2014-06-01","Trimmed-mean PCE",1.867958
"2014-07-01","Trimmed-mean PCE",1.862537
"2014-08-01","Trimmed-mean PCE",1.567645
"2014-09-01","Trimmed-mean PCE",1.562701
"2014-10-01","Trimmed-mean PCE",1.392147
"2014-11-01","Trimmed-mean PCE",1.583089
"2014-12-01","Trimmed-mean PCE",1.462399
"2015-01-01","Trimmed-mean PCE",1.095866
"2015-02-01","Trimmed-mean PCE",1.226475
"2015-03-01","Trimmed-mean PCE",1.283932
"2015-04-01","Trimmed-mean PCE",1.982704
"2015-05-01","Trimmed-mean PCE",1.799094
"2015-06-01","Trimmed-mean PCE",1.86874
"2015-07-01","Trimmed-mean PCE",1.703365
"2015-08-01","Trimmed-mean PCE",1.58003
"2015-09-01","Trimmed-mean PCE",1.591811
"2015-10-01","Trimmed-mean PCE",1.288946
"2015-11-01","Trimmed-mean PCE",1.358322
"2015-12-01","Trimmed-mean PCE",1.078279
"2016-01-01","Trimmed-mean PCE",1.349489
"2016-02-01","Trimmed-mean PCE",1.528731
"2016-03-01","Trimmed-mean PCE",1.887197
"2016-04-01","Trimmed-mean PCE",2.100976
"2016-05-01","Trimmed-mean PCE",2.230842
"2016-06-01","Trimmed-mean PCE",2.0781
"2016-07-01","Trimmed-mean PCE",1.899653
"2016-08-01","Trimmed-mean PCE",1.669982
"2016-09-01","Trimmed-mean PCE",1.862666
"2016-10-01","Trimmed-mean PCE",1.910902
"2016-11-01","Trimmed-mean PCE",1.834998
"2016-12-01","Trimmed-mean PCE",1.662514
"2017-01-01","Trimmed-mean PCE",1.789136
"2017-02-01","Trimmed-mean PCE",1.802236
"2017-03-01","Trimmed-mean PCE",1.682502
"2017-04-01","Trimmed-mean PCE",1.449748
"2017-05-01","Trimmed-mean PCE",1.34936
"2017-06-01","Trimmed-mean PCE",1.517528
"2017-07-01","Trimmed-mean PCE",1.337536
"2017-08-01","Trimmed-mean PCE",1.556896
"2017-09-01","Trimmed-mean PCE",1.542657
"2017-10-01","Trimmed-mean PCE",1.910734
"2017-11-01","Trimmed-mean PCE",1.879357
"2017-12-01","Trimmed-mean PCE",1.97894
"2018-01-01","Trimmed-mean PCE",2.223467
"2018-02-01","Trimmed-mean PCE",2.319931
"2018-03-01","Trimmed-mean PCE",2.160685
"2018-04-01","Trimmed-mean PCE",1.698733
"2018-05-01","Trimmed-mean PCE",1.74334
"2018-06-01","Trimmed-mean PCE",1.897411
"2018-07-01","Trimmed-mean PCE",1.987992
"2018-08-01","Trimmed-mean PCE",1.838425
"2018-09-01","Trimmed-mean PCE",1.850104
"2018-10-01","Trimmed-mean PCE",1.983118
"2018-11-01","Trimmed-mean PCE",2.239768
"2018-12-01","Trimmed-mean PCE",2.145759
"2019-01-01","Trimmed-mean PCE",1.954372
"2019-02-01","Trimmed-mean PCE",2.038456
"2019-03-01","Trimmed-mean PCE",2.11617
"2019-04-01","Trimmed-mean PCE",2.562633
"2019-05-01","Trimmed-mean PCE",2.024776
"2019-06-01","Trimmed-mean PCE",1.848816
"2019-07-01","Trimmed-mean PCE",1.578464
"2019-08-01","Trimmed-mean PCE",1.845945
"2019-09-01","Trimmed-mean PCE",1.753547
"2019-10-01","Trimmed-mean PCE",1.757052
"2019-11-01","Trimmed-mean PCE",1.67698
"2019-12-01","Trimmed-mean PCE",1.826352
"2020-01-01","Trimmed-mean PCE",1.936605
"2020-02-01","Trimmed-mean PCE",2.203597
"2020-03-01","Trimmed-mean PCE",2.145008
"2020-04-01","Trimmed-mean PCE",1.857283
"2020-05-01","Trimmed-mean PCE",1.746123
"2020-06-01","Trimmed-mean PCE",1.842712
"2020-07-01","Trimmed-mean PCE",2.158755
"2020-08-01","Trimmed-mean PCE",2.177081
"2020-09-01","Trimmed-mean PCE",1.979948
"2020-10-01","Trimmed-mean PCE",1.657401
"2020-11-01","Trimmed-mean PCE",1.235762
"2020-12-01","Trimmed-mean PCE",1.342252
"2021-01-01","Trimmed-mean PCE",1.41379
"2021-02-01","Trimmed-mean PCE",1.990915
"2021-03-01","Trimmed-mean PCE",2.208414
"2021-04-01","Trimmed-mean PCE",2.468251
"2021-05-01","Trimmed-mean PCE",2.427308
"2021-06-01","Trimmed-mean PCE",2.494362
"2021-07-01","Trimmed-mean PCE",2.71871
"2021-08-01","Trimmed-mean PCE",2.841262
"2021-09-01","Trimmed-mean PCE",3.387333
"2021-10-01","Trimmed-mean PCE",3.830332
"2021-11-01","Trimmed-mean PCE",4.119125
"2021-12-01","Trimmed-mean PCE",4.30801
"2022-01-01","Trimmed-mean PCE",4.922438
"2022-02-01","Trimmed-mean PCE",5.276592
"2022-03-01","Trimmed-mean PCE",4.819883
"2022-04-01","Trimmed-mean PCE",3.727253
"2022-05-01","Trimmed-mean PCE",3.867455
"2022-06-01","Trimmed-mean PCE",5.334724
"2022-07-01","Trimmed-mean PCE",5.774249
"2022-08-01","Trimmed-mean PCE",5.861021
"2022-09-01","Trimmed-mean PCE",4.563321
"2022-10-01","Trimmed-mean PCE",4.774855
"2022-11-01","Trimmed-mean PCE",4.026294
"2022-12-01","Trimmed-mean PCE",4.121164
"2023-01-01","Trimmed-mean PCE",4.017828
"2023-02-01","Trimmed-mean PCE",4.413209
"2023-03-01","Trimmed-mean PCE",4.419018
"2023-04-01","Trimmed-mean PCE",4.218026
"2023-05-01","Trimmed-mean PCE",4.001937
"2023-06-01","Trimmed-mean PCE",3.495853
"2023-07-01","Trimmed-mean PCE",3.059906
"2023-08-01","Trimmed-mean PCE",2.630049
"2023-09-01","Trimmed-mean PCE",2.751359
"2023-10-01","Trimmed-mean PCE",2.829663
"2023-11-01","Trimmed-mean PCE",2.775978
"2023-12-01","Trimmed-mean PCE",2.498809
"2024-01-01","Trimmed-mean PCE",3.220043
"2024-02-01","Trimmed-mean PCE",3.434676
"2024-03-01","Trimmed-mean PCE",3.813946
"2024-04-01","Trimmed-mean PCE",2.955622
"2024-05-01","Trimmed-mean PCE",2.841302
"2024-06-01","Trimmed-mean PCE",2.554454
"2024-07-01","Trimmed-mean PCE",2.311211
"2024-08-01","Trimmed-mean PCE",2.158875
"2024-09-01","Trimmed-mean PCE",2.43171
"2024-10-01","Trimmed-mean PCE",2.893783
"2024-11-01","Trimmed-mean PCE",3.061957
"2024-12-01","Trimmed-mean PCE",3.037026
"2025-01-01","Trimmed-mean PCE",2.776118
"2025-02-01","Trimmed-mean PCE",2.873166
"2025-03-01","Trimmed-mean PCE",2.82332
"2025-04-01","Trimmed-mean PCE",3.000189
"2025-05-01","Trimmed-mean PCE",2.76443
"2025-06-01","Trimmed-mean PCE",2.973726
"2025-07-01","Trimmed-mean PCE",2.573627
"2025-08-01","Trimmed-mean PCE",2.802906
"2025-09-01","Trimmed-mean PCE",2.302911
"2025-10-01","Trimmed-mean PCE",2.249175
"2025-11-01","Trimmed-mean PCE",1.876557
"2025-12-01","Trimmed-mean PCE",2.018719
"2026-01-01","Trimmed-mean PCE",2.206111
"2026-02-01","Trimmed-mean PCE",2.261849
"2026-03-01","Trimmed-mean PCE",2.341792
"2026-04-01","Trimmed-mean PCE",2.561575
"2026-05-01","Trimmed-mean PCE",2.871212
"2026-06-01","Trimmed-mean PCE",2.517986
"2026-07-01","Trimmed-mean PCE",2.161854
"2026-08-01","Trimmed-mean PCE",1.888854
