date,horizon,p10,p24,p50,p69,p90
1959-02-01,1m,-3.596934066357793,0,0.10647263985459343,4.524268491940742,11.055667554224048
1959-03-01,1m,-5.0876700611342756,-0.1092846301473882,0,3.113748405358985,7.763259885603113
1959-04-01,1m,-4.56759459934114,-0.10437050591604047,3.112484121111758,5.118046490381345,15.703922336497978
1959-05-01,1m,-5.04534343604276,-0.102197231836898,0.16386598796893637,4.190250128957285,8.12031467860399
1959-06-01,1m,-3.6877238034422333,0,2.3845998913907707,5.207758939726093,10.75666358694658
1959-07-01,1m,-4.702740509062631,-0.10548985885739937,0.6751887201392082,4.756210580053755,10.990010808826046
1959-08-01,1m,-5.775270503888386,-0.01822309620576057,0,4.289921701811772,13.430730620964049
1959-09-01,1m,-3.3673868544204066,0,2.1904507810899476,4.805598108725828,10.044461691651563
1959-10-01,1m,-3.256953943456553,-0.12183358063931893,0.11981826138860452,4.787620382095925,9.709365689948601
1959-11-01,1m,-4.466046575321425,-0.07828043570390353,0.06138499712744494,3.9664356667651113,7.797978517814275
1959-12-01,1m,-2.2631998321272495,0,0.0610205671372821,4.214849668393805,5.974906027194726
1960-01-01,1m,-10.307958173106456,-2.9960287148019127,0,3.0001787856292594,6.149195067960833
1960-02-01,1m,-4.982510997487244,-0.09462602302872103,0,4.190036284185572,12.802184004357642
1960-03-01,1m,-6.810838442912869,-0.2419597576196808,0,2.188726299822785,7.3822760641214735
1960-04-01,1m,-2.309025907089479,0,2.7796759072828303,5.062243706703917,11.262066028593898
1960-05-01,1m,-3.7045660099007116,-0.46454526819948994,0,3.8291745397763366,6.466833462706023
1960-06-01,1m,-4.0857094449214255,-0.5797863303708017,0,2.598735148141218,7.763259885603113
1960-07-01,1m,-4.120614382683597,-0.10415309570962483,2.351809972503771,4.891636894614582,9.244472047813069
1960-08-01,1m,-3.8620355143553775,0,0.09450678569387083,3.514382066261801,10.60959460953843
1960-09-01,1m,-11.01318657975594,-1.9318215994175492,0.05463112473531595,4.107497750305589,10.118410548294875
1960-10-01,1m,-6.9569040934516435,-0.20902274267127208,0,2.953509205530125,9.031816646632818
1960-11-01,1m,-4.467160554304939,-0.12167298888640099,0.2738786388524872,4.988161139030689,10.453778687615767
1960-12-01,1m,-4.555714273841693,-0.10466788798948468,0.10340815148142113,2.977862687150923,7.330989933596044
1961-01-01,1m,-4.492361623538665,-0.2090773700579418,0,0.10941416742027421,9.126153633677369
1961-02-01,1m,-4.86480853479625,-0.07497578557887907,0,1.8011392211644939,9.07593113676677
1961-03-01,1m,-5.640051987112626,-0.8648594881631722,0,0.1046161798849532,4.90238716597704
1961-04-01,1m,-7.967088648632825,-1.0533478540967756,0.09106430792531484,3.640979213581974,5.086170766942577
1961-05-01,1m,-4.316572185813317,-0.1028762394312599,0,1.8955625866938774,6.857940035153565
1961-06-01,1m,-3.87089445046086,-0.5875711508918413,0,2.3571351193934165,5.154994431743942
1961-07-01,1m,-3.674504139821899,-0.07495081004279536,0.2707885079118899,4.669393578598857,9.162377047986414
1961-08-01,1m,-3.891815078034455,-0.13363771062196994,0,2.347911623858989,9.238385785515346
1961-09-01,1m,-3.7584195673255993,-0.16819675083411534,0.10255094608528914,3.981291427980649,9.629484804038846
1961-10-01,1m,-6.700466199395594,-0.8897618163931531,0,0.2633020981766432,7.265026219656345
1961-11-01,1m,-5.925979764804612,-0.4327436481423863,0.06044578585713278,2.935214472196712,7.460360562850665
1961-12-01,1m,-5.550782385164688,-0.4890165122502954,0,0.5454394324805545,6.056420991603084
1962-01-01,1m,-5.664131508002579,0,2.4304469535668005,5.043834103214739,7.45386500655294
1962-02-01,1m,-2.316187746626519,0,0.1467844758502368,4.648984579149995,8.70425719939998
1962-03-01,1m,-4.383212880223386,-0.13735475448037882,2.149832218008929,4.578915750127743,7.384471010621496
1962-04-01,1m,-4.7825141923264365,-2.4614639899427693,0,2.366431364313626,11.163977026982641
1962-05-01,1m,-4.63198977874959,-1.9604421413667361,0,3.4379316425384054,5.022726815100476
1962-06-01,1m,-4.000676453973073,-0.2122390435441157,0,3.563635534849885,6.666515394199046
1962-07-01,1m,-7.005889828020917,-0.18100634643841707,0,2.361774094494362,5.240648529597425
1962-08-01,1m,-6.296985453149206,-0.8762266097092519,0.10130428417014503,4.410808096326213,11.262066028593898
1962-09-01,1m,-1.0166245099065385,-0.08400713569871598,0.06638085776566882,4.755660912727544,29.327671814174174
1962-10-01,1m,-9.178950980594225,-3.8529692964088924,0,0.8562203002343116,4.749257500441217
1962-11-01,1m,-4.727672504822111,-0.30517502828862897,0,2.533126638703287,6.551541033377317
1962-12-01,1m,-6.79689171968022,-0.8602097634404227,0,0.12312110496657258,7.335569239340067
1963-01-01,1m,-6.659448631965315,-0.5794939018513579,2.5307600999790125,4.757749869083727,7.853254767220985
1963-02-01,1m,-3.232273563595678,0,0.10089543859770345,2.356380924850332,6.008850259006904
1963-03-01,1m,-7.0323062436136174,-0.3424988595190248,0,0.055117928017600626,4.6615529418700286
1963-04-01,1m,-6.326833188892911,-0.5059722211863349,0,1.3238464026450236,7.094031162842196
1963-05-01,1m,-3.769820987306849,0,2.479214270185004,4.797831968876376,8.941345772620224
1963-06-01,1m,-3.6281071218546512,-0.20068560910583289,0,3.619020228344505,8.475061832101849
1963-07-01,1m,-4.591870697147726,-0.02835136776521141,0.03277748157854976,3.4409182182074227,7.534590132461005
1963-08-01,1m,-2.824207125602507,-0.06601930826615199,0,2.7820822916504673,11.536521083272566
1963-09-01,1m,-6.837499324408192,0,0,3.1064908560662463,7.981569783447773
1963-10-01,1m,-2.1327563416576045,0,2.3301703330067314,4.843344970322305,7.171762999525577
1963-11-01,1m,-3.3550832019958454,0,0.04207499806885284,3.25131200655,7.100269304480111
1963-12-01,1m,-4.586988256189417,-0.01659578878087098,0.06541113393063736,2.9139913500999315,8.53020823751236
1964-01-01,1m,-4.8037622095027155,0,0.3914527748359653,3.924284538140066,9.207230449240743
1964-02-01,1m,-2.9351957329830536,-0.11285088385378783,0.13076879314490863,4.117784289645066,5.653703212781713
1964-03-01,1m,-4.591870697147726,-2.669629628767889,0,0.9316703572209262,6.181482551925432
1964-04-01,1m,-2.1802298720624336,0,0,0.6436595202835349,5.61378913288213
1964-05-01,1m,-6.002156838626361,-0.5509627994245814,0,1.2073504487390974,4.594764161165443
1964-06-01,1m,-3.5106659569730803,-0.07388024908564494,0,0.3965844476626623,6.071738683169481
1964-07-01,1m,-2.7220355640809712,0,0,0.5108545827998467,7.090186339008109
1964-08-01,1m,-4.57817865001382,-1.1726149626793414,0,3.7093608748567597,4.9004708082798665
1964-09-01,1m,-2.3415489636217757,-0.09918584140641284,0,0.4527012994210322,6.85848047107398
1964-10-01,1m,-4.260457355419744,-0.13749639783791068,0,2.8817525442241587,6.819518305568528
1964-11-01,1m,-2.9217986610157842,-0.06521384477731207,0.10657350350991024,3.220871749203247,5.811904561190895
1964-12-01,1m,-4.297066498808877,-0.31868250958884126,0,2.863892213136543,5.284183386545416
1965-01-01,1m,-2.497523621192632,-0.0988020174562787,1.1479181395513738,4.443944805167455,8.279346048496826
1965-02-01,1m,-6.432039598582229,-2.3471437441817233,0,1.6353556492413102,5.702346512317402
1965-03-01,1m,-2.7995839715185378,-0.1365686900395624,0,3.1622976824500437,7.500434319139848
1965-04-01,1m,-3.9299380650860694,0,0.35045962313426937,4.295570243615576,7.354034983866975
1965-05-01,1m,-4.645061221443381,-0.3424476513218644,0.10206250449558141,3.716876628735255,6.751217276553834
1965-06-01,1m,-4.7918024731379845,-0.09808328124708554,0.11112653400326966,4.280250713832889,10.021398765974808
1965-07-01,1m,-2.496822670157639,-0.10455237563841147,0,3.395141903092691,6.9143193475792675
1965-08-01,1m,-4.653955219410976,-0.02799258178424191,0.1970766324001616,3.901572302471501,8.815146066642487
1965-09-01,1m,-7.763795287901276,-0.1966890043341829,0.09524564726999252,4.058082408043262,7.555934133797204
1965-10-01,1m,-6.417303423103582,-0.23030409225154314,0.09349798692801503,3.91468425320467,7.195016462164627
1965-11-01,1m,-1.6668595309477618,0,2.1952767382517724,4.317288644341777,7.488842759201919
1965-12-01,1m,-2.19930004019373,0,2.8005515496581923,4.841739200206896,10.78648253391643
1966-01-01,1m,-5.115786910144138,-0.08472481580714675,2.387235794840059,4.5083059734428055,8.870827380864355
1966-02-01,1m,-2.444315447896772,0,2.7261697103461824,4.432792150177223,15.650327314401835
1966-03-01,1m,-1.138183687373584,0,0.09553759081266655,4.236339394047728,8.565244360666014
1966-04-01,1m,-0.10113352984527646,0,4.68842021492577,5.878989040605043,11.277488267816405
1966-05-01,1m,-2.8613065460095677,-0.057693692970473,1.6802555052500612,4.841739200206896,9.681099490314637
1966-06-01,1m,-3.0929255616371387,0,2.48899843754522,5.257521507446938,10.960567646950793
1966-07-01,1m,-2.3734443692488227,0,2.633922268112121,5.022670675300112,9.966375382146042
1966-08-01,1m,-4.742632080003439,-0.09724078489974364,2.3184296429787032,4.412349841539398,9.10264970048733
1966-09-01,1m,-1.1428019799314848,0.01741945313045168,4.141933159500066,4.7983465937373015,10.59862415094055
1966-10-01,1m,-1.5920206976996143,0,4.127687921867063,4.765394484359153,8.249161428959795
1966-11-01,1m,-2.223742359421965,0,2.0407911931602296,4.101585786143014,8.34778243758647
1966-12-01,1m,-3.558155708954891,0,2.5123956165386208,4.681501065888716,8.212942883396824
1967-01-01,1m,-7.1383554821453865,-1.1865776075644763,2.858799856344829,4.746548537979223,8.823420375430091
1967-02-01,1m,-4.50230745751824,0,3.116562822106217,4.635031207698659,6.9105971657787535
1967-03-01,1m,-5.768108292155305,-0.48261011705986734,0.03365822842016364,3.165819218887811,5.9553757927058415
1967-04-01,1m,-3.828199464942883,0,2.17159981414754,4.513854329322786,8.206381471259249
1967-05-01,1m,-2.419766446664673,0,2.3140902237809957,3.438064736164481,6.817366711970441
1967-06-01,1m,-2.232403032670871,0,3.538716906076389,4.709655619431663,8.36635529589378
1967-07-01,1m,-0.3387195988212688,0,3.3022808467422005,5.451752367875096,8.780282649545
1967-08-01,1m,0,0,3.0291657020061757,4.794719674631032,10.213427333768422
1967-09-01,1m,-0.2845707294315547,2.4390237931557257,4.056758829285423,4.693264933655472,13.067486857663035
1967-10-01,1m,-0.7766951365435926,0,3.824086608614441,5.362855288536439,10.662447303973055
1967-11-01,1m,-2.361706964199539,0,3.1538662465951273,6.288463797843469,13.552310897724972
1967-12-01,1m,-1.1310620582083208,0,3.1441261536241605,5.417925863672024,10.277157963442596
1968-01-01,1m,-0.42298139567309434,0.23633667079918652,4.641357436353699,5.769072798346153,14.551477122655253
1968-02-01,1m,-0.07205259530004282,0,4.62964119231164,5.647172377937437,8.451646027088877
1968-03-01,1m,-2.5830468139724783,0,3.106685808462184,5.393767614261624,9.83051296592814
1968-04-01,1m,-2.496485204441723,0.40272456711301086,4.311588503110708,4.8524638052727775,7.636779541745509
1968-05-01,1m,0,2.486368836775976,4.601999576111049,5.277501160947007,7.94339766235006
1968-06-01,1m,-0.5657591006152374,0,4.490249230801968,6.578855254018823,10.560963288602988
1968-07-01,1m,0,0.16829110426801464,3.203106506825204,4.5844212561659825,9.263649196833557
1968-08-01,1m,0,1.3108651391102955,4.375758316614031,7.5160664373771,11.922979807340738
1968-09-01,1m,-0.08691557780381443,1.5771948403672909,4.477376660229893,6.457361588164456,8.153402014239909
1968-10-01,1m,0,3.0353339646412847,4.549996054526884,6.40626751441995,9.670931609565582
1968-11-01,1m,-0.08104548237226616,0,4.63221792768862,6.556570196491429,9.34891345421689
1968-12-01,1m,-10.512688103044255,0.25233926368775084,4.346999857794676,4.817952355420374,8.098809829022692
1969-01-01,1m,-2.302133881208901,0.032866356881267045,4.427181363196198,6.4393699787894,11.839145799137807
1969-02-01,1m,-1.8893483272276468,0,3.09536241511863,4.501371970443935,8.790871918073062
1969-03-01,1m,-0.8943938899361181,2.587414550456102,4.499154518646797,6.83383399212909,12.943859132504176
1969-04-01,1m,0,0,4.568711238162715,7.359682347678298,13.880377062562555
1969-05-01,1m,-0.1311726099548438,0.10389384583580075,4.215732878140921,7.126561634204176,10.791397233382316
1969-06-01,1m,0,1.7865537228989758,4.356729529116121,5.999982925865188,9.61649331788581
1969-07-01,1m,-0.12755326288327318,2.361774094494362,5.612288577171398,8.671208085318138,12.52037374660313
1969-08-01,1m,-2.857406684509467,0,3.9255817943496973,5.886124281042693,10.835043573040215
1969-09-01,1m,-2.2984431274547523,2.523423915733458,4.402305450657029,6.790937543062703,12.08683432744413
1969-10-01,1m,-0.2942616819140542,1.7736210021213283,4.400805048159118,6.907660646905178,10.606401461936565
1969-11-01,1m,-0.2051924389049553,2.8241538174639036,4.3847272325159725,6.313571543843777,8.853913841899175
1969-12-01,1m,-2.1954350232316844,1.9952572960213466,4.446589796063027,6.892643732514059,11.848593740999647
1970-01-01,1m,-4.225822193543049,0.05307503359366361,4.353225051821874,6.799336815228396,15.018502349581597
1970-02-01,1m,-0.6393158913735375,1.7881106250112744,4.252477922783515,6.002919943244001,10.405253933262015
1970-03-01,1m,-6.311104542091028,0.06805614371305779,4.718270053615403,6.738248244503264,11.761274970580416
1970-04-01,1m,0,0.7470550198893644,4.937017185711023,7.164175753115676,14.59285896942395
1970-05-01,1m,-1.8376816257349882,0,4.2071724179950865,6.537763885479708,9.921611584212764
1970-06-01,1m,-5.4788861699935465,0,4.276268243125303,5.440474422747221,11.603003985193073
1970-07-01,1m,0,2.348791436233588,4.261085816957055,6.430566254647152,9.939394416603232
1970-08-01,1m,-0.09636261254287737,1.75511141620186,3.689466647793549,5.9711390516637985,9.54430689781509
1970-09-01,1m,-0.022246872214992663,2.9375260797598335,4.649718649453449,6.612449657065644,11.957361961216971
1970-10-01,1m,0,2.963352164948474,4.82375208720649,8.07299296701327,18.048372580814487
1970-11-01,1m,-0.06821088269337583,2.7626828124663882,4.18606030282791,6.413641333486586,12.9934442908751
1970-12-01,1m,-1.9251208657669605,1.6561455329829,6.443154573592125,8.501984208548595,10.636860765937485
1971-01-01,1m,-1.6604018159712797,0.08474276534824465,4.076867951432472,6.430838894860802,11.31816174766831
1971-02-01,1m,-2.684807263988953,0,3.3227389249091965,6.129439543884163,10.496060601028457
1971-03-01,1m,-4.191313817431164,-0.6682419883931812,3.3547039163056125,4.877499913864902,11.855968482571132
1971-04-01,1m,-0.7698850028848292,0,4.035208258651646,6.829289248663972,12.689876845600413
1971-05-01,1m,0,2.165873195340584,4.884352964886451,7.056689704444286,8.357727344123367
1971-06-01,1m,0.23966435595783597,2.2740419826924096,4.4285580155350335,6.311585137360565,11.14009989696283
1971-07-01,1m,-3.4202693704551868,0,3.9511654120835793,5.771995134213759,10.712357617791124
1971-08-01,1m,-7.021339969251661,0,4.130817776834239,6.071785007570485,11.913538607689866
1971-09-01,1m,-3.110997643739344,0,3.335347689838253,4.285564976106659,7.574340193721318
1971-10-01,1m,-2.217795554846158,-0.06889226700650397,0.6702694334799864,3.0156494049363936,5.109383746788598
1971-11-01,1m,-3.691072311136845,0,2.6524847322690004,3.995185230762166,6.993903784532018
1971-12-01,1m,-0.28410192889365415,0.6992978791894533,3.5524207673726327,4.285564976106659,10.25403775116458
1972-01-01,1m,-2.583945960185119,0.48959511441104553,3.4554847737315653,5.346866561276831,13.822994096870843
1972-02-01,1m,-1.2169581743692648,0.03710058854937692,3.2870603705762447,4.0617728475325965,13.665791506159675
1972-03-01,1m,-2.600069292441798,0,3.0572916252178617,3.8895587731877734,5.465047595939487
1972-04-01,1m,-2.6286277369519273,0,2.2724567534538,3.951200722225856,7.102800418800337
1972-05-01,1m,-2.1619153104504907,0,2.2238482043740238,3.9543719712916925,7.011284783530747
1972-06-01,1m,-4.304915690835531,-0.06757327221561527,2.6881196857100997,3.94138549559373,7.394537771906329
1972-07-01,1m,-1.9780705020563505,0.7441116546204274,3.3424279516737876,4.908665722697059,13.827512012434129
1972-08-01,1m,-3.6492517423488913,0,3.829374507451644,5.9311871352231815,9.183399086438992
1972-09-01,1m,-0.10588078604245599,2.2256608884119844,3.9031769011506956,5.298089995076927,13.780848079350738
1972-10-01,1m,-3.547409679004232,0,2.89798372317025,3.945571790252056,6.324616975504105
1972-11-01,1m,-2.1974897960114426,0,3.8144159814793133,5.672805065698516,8.520517791650196
1972-12-01,1m,0,2.0515675018411006,3.562154692596775,5.2530749358093765,7.893815024893414
1973-01-01,1m,-3.4781584979068136,0,2.7934169455959834,7.541803223090748,10.28837912071181
1973-02-01,1m,-0.9970082610212039,2.24326825243113,3.9872563875449574,6.781170282455329,12.773226561878515
1973-03-01,1m,0,2.2343721970635944,3.8123519605348877,8.834869040506055,14.506179652215234
1973-04-01,1m,0.012258302856849035,3.8048946829614794,6.8280303893978544,9.286826232580857,22.262624021787715
1973-05-01,1m,0,2.2178544850127713,4.532712579007314,7.640462968956019,18.180862128026256
1973-06-01,1m,-0.03169948858209315,0,4.975799614979315,7.810609561176318,15.044755651920362
1973-07-01,1m,-4.362307594705028,0,2.831761028555402,5.0198989302876695,9.563855451581361
1973-08-01,1m,-2.025856582434893,1.661847779100012,5.568800893371573,7.567982666398243,21.00733136992281
1973-09-01,1m,-2.4509833508975065,0,3.7343147151672307,7.23434237402063,27.11006738310735
1973-10-01,1m,-2.2752730827970136,2.135412351895871,3.8280097632233723,8.972776842440178,29.465198357013
1973-11-01,1m,-2.1619153104504907,2.229300121230793,5.178628912353478,9.304876856088807,34.0060321126648
1973-12-01,1m,-1.9109753256883688,2.700395193114913,7.410660712697847,8.861659546196998,30.5154334244645
1974-01-01,1m,-0.171591635957824,0,6.958703292281632,11.86957842877321,31.182062165837475
1974-02-01,1m,0.49155568624095203,3.6054519043850375,7.899325724883033,12.876839520875972,44.3991009667569
1974-03-01,1m,0,0.04562130436382983,9.293884211251902,14.767351578276976,46.786895689907524
1974-04-01,1m,1.9247735405832467,3.666305275046877,7.7562312652072585,14.02312550935183,21.869647553945136
1974-05-01,1m,0,0.29795136430177394,11.67489702207558,17.530957572869553,30.716182857138506
1974-06-01,1m,-0.1816367455750867,5.520309526773826,8.414314187728289,14.591321544609603,24.068904762824307
1974-07-01,1m,0.03306240499088009,3.633221019423072,8.60739589511217,14.301569063186847,26.712074213966552
1974-08-01,1m,-0.08260991816119168,3.5514769154969983,12.756776110958711,17.757062076914785,45.059203937758994
1974-09-01,1m,-1.5385070321601857,5.784757918676275,9.973654859608017,15.27755009045919,29.51426870604252
1974-10-01,1m,-4.109069718471792,3.63252023242695,9.017635929346635,12.382873624328106,24.509203864923702
1974-11-01,1m,-4.732828922018051,3.6275619501620726,7.182040543161361,10.373691923872897,19.13939249826193
1974-12-01,1m,-1.4525940822495365,2.852257232069655,7.28344010491373,12.155189365457609,19.85073926009806
1975-01-01,1m,-6.537927162403944,1.6640953085150567,8.824934968986998,13.020975980762639,23.80071453078243
1975-02-01,1m,-3.060049021547817,2.0693046161156747,7.084039117368124,9.63458191116555,16.631855526562855
1975-03-01,1m,-4.673394152029209,2.1662399845112423,4.085563493426614,5.9421988279587445,13.958206040585308
1975-04-01,1m,-1.9185376751927885,0.05908855727099205,6.914857566612964,7.030055401317337,13.212189264129615
1975-05-01,1m,-5.580155833627898,-0.03166978939681542,4.550849198197904,6.912235192408711,14.866553636944403
1975-06-01,1m,-2.430371351698568,0,5.882158122324177,7.617107980294757,26.057786218353773
1975-07-01,1m,-1.793818155353244,1.4532871227461719,6.901932447119541,8.743647804689324,37.48807707899642
1975-08-01,1m,-3.9605622524163664,2.2068085782801727,4.543165603034538,8.696370785615649,11.637235204273576
1975-09-01,1m,-4.889219742274086,3.385529454804903,6.775496664961467,9.530491834594779,15.999537164860268
1975-10-01,1m,0.04630254774797837,3.8746482201699184,8.212549286923277,10.339833359770111,13.953273943696342
1975-11-01,1m,-0.024467076368805962,2.6918630045789538,6.747863251170738,8.977783019383523,17.44762141815368
1975-12-01,1m,-2.4949482559035285,1.800070588936764,6.6219208444648014,9.282657528562854,17.509700760741744
1976-01-01,1m,-2.5527125639096093,2.4412946429216653,6.015939286253835,7.7756365682104756,12.874688225819897
1976-02-01,1m,-9.6807390863370415,0,6.166098890874516,7.59795186159975,11.991022845475797
1976-03-01,1m,-9.419283458728156,-0.7262155445512786,4.368428880105912,6.534850764263278,12.491156785756342
1976-04-01,1m,-6.728620507817262,1.092506940516702,3.6995649461847746,6.458966483258188,8.914817875040582
1976-05-01,1m,-1.176355274992713,1.8293730162945332,6.481750299680344,8.196272937223647,11.025697651204958
1976-06-01,1m,-0.08629988680387557,1.8265884988170944,5.905197408118545,7.1027725150321075,13.546809657898873
1976-07-01,1m,-1.4524975588975808,2.5308166247907327,5.916002159421563,6.547834997939117,9.661958944321935
1976-08-01,1m,-2.386828127321494,2.311359966769344,7.456541328772981,9.656284909029322,14.683350345628178
1976-09-01,1m,-1.096864986350743,2.386437389995888,6.304867666093883,8.081861701046854,16.15922330371471
1976-10-01,1m,-3.6725270183134873,2.5167921904520663,6.048359463622943,9.608123310692473,16.33869463416
1976-11-01,1m,-5.1275670113845155,1.9763100973827274,6.245043432773345,8.065761589785936,14.36875137127933
1976-12-01,1m,-0.7533302545234655,2.1775762937099152,5.55291054390159,7.010603070407195,12.842962811636216
1977-01-01,1m,-1.974190339995352,2.5062797502345413,7.8483470862794835,9.382896636088244,14.192598915594502
1977-02-01,1m,-2.1832338623157255,1.7591278791685427,8.229672490006479,12.543023174778867,18.719682166807416
1977-03-01,1m,-4.065349446476185,1.5899779875814701,7.17376789492794,10.280942020699136,16.41228303673776
1977-04-01,1m,-2.1253025256289138,0,5.693639252770311,9.19952265164743,14.646097940072721
1977-05-01,1m,-1.696925102908331,2.041035942424041,6.12529180695629,7.746793852269729,12.315546432874736
1977-06-01,1m,-2.72716990962244,2.586186739988272,6.824330913903376,9.030088138825665,16.574117667421582
1977-07-01,1m,-3.8144930544564692,2.947411646422604,5.876943399114065,7.529752603614903,15.056981567650851
1977-08-01,1m,-3.9441470238906873,2.5627822643084164,6.4378928802852675,8.91844743030823,14.500393019352575
1977-09-01,1m,-5.66575949857916,1.4757290444482596,5.232036529987649,8.945171486712367,12.982892214710585
1977-10-01,1m,-3.547219363285492,1.6319376783382689,5.554710832130394,7.330452146791977,16.83899063293839
1977-11-01,1m,0,3.6555438345223346,7.823291321647674,9.101803149281196,12.691385258114884
1977-12-01,1m,-0.1726680389468882,2.125696365879781,5.716035134216524,8.792926402150414,17.268221125147832
1978-01-01,1m,-3.3932639531032316,0.04321754565590474,5.698516564158895,7.488949417051005,19.856558073459407
1978-02-01,1m,-6.860449901004206,1.9846017478371003,5.641488035405828,9.754044584555842,17.087197680801623
1978-03-01,1m,2.2312406977592403,3.5403673022276205,6.413923155372414,8.967968040700747,17.328879939514906
1978-04-01,1m,-1.7059989353682359,3.944619023960394,7.13409993297256,9.314185817712728,22.978237810855994
1978-05-01,1m,1.3413049135669652,3.5635745705510313,8.522939616557146,10.520226634877083,14.814521754727771
1978-06-01,1m,-0.8218523396468891,3.6637224125997347,6.01055245962534,9.059757168015569,14.581923642138861
1978-07-01,1m,-2.224136119954534,4.019899912860669,6.45131391578837,9.78253937215483,16.089733358229918
1978-08-01,1m,-1.6603216424086797,4.53091012261837,6.535845636805759,11.163302086572902,15.944558709522694
1978-09-01,1m,-0.5160217444532544,2.699020046645084,8.13085117378256,10.319511720619335,16.081151379174187
1978-10-01,1m,-0.03195866652070389,6.234765466139747,8.77046566708879,11.423877612665901,17.966516263931574
1978-11-01,1m,-1.2061865000949634,4.780745068240511,8.170226299868055,10.402570157581081,18.635560037638466
1978-12-01,1m,-3.7506818431814137,3.5771991562553618,6.370684738364729,8.739350962657744,14.498594700928047
1979-01-01,1m,2.373922739585277,5.728786402375063,8.078717263260437,11.99549224974852,18.33019621105363
1979-02-01,1m,-1.7584092963608522,4.61278363366131,8.921218276415189,12.706827095648832,16.04040704104652
1979-03-01,1m,0.09401809160978214,4.284602457885134,7.49241300283614,8.89335696250435,14.744307399363299
1979-04-01,1m,1.5201130298725607,4.603907694938059,6.226905194518473,10.249306568122062,18.253459483286893
1979-05-01,1m,0.9280676613885985,4.791301272289195,10.210302630491208,13.49465104941181,18.595957260138274
1979-06-01,1m,-2.2115691925841285,4.369385494728295,7.8328630018315915,9.802358678763468,17.91604882762701
1979-07-01,1m,0.2962412219449373,5.275227953703765,7.817319974148185,9.768075285471456,17.773459911799883
1979-08-01,1m,-4.36722401331584,4.28607465903168,9.667466179438723,13.223037296492834,21.543499424181476
1979-09-01,1m,-1.2089505670373923,3.9867062102994177,9.171456900703777,13.025717939391734,27.516936109618385
1979-10-01,1m,0,4.32366941886031,10.817763250635926,18.38420476168867,26.232857278816436
1979-11-01,1m,1.84503063089414,4.901961804447619,8.300290206214322,11.928902046935107,21.194301143934304
1979-12-01,1m,2.861115024127514,4.882022661499286,8.085637288483216,11.24153896582214,25.295037820922218
1980-01-01,1m,1.379092223901468,6.553904820251555,10.811518508402651,14.881828851146306,32.521963311442704
1980-02-01,1m,0.4338408159788365,7.353109636884003,10.371164326653792,16.540629202845647,40.64288915989911
1980-03-01,1m,2.701189730268938,6.562566228441535,9.867777312016868,11.175056811973928,38.8627604731993
1980-04-01,1m,-4.24106502190601,2.334125616531546,7.585386986072873,12.32144470931631,20.047997924119578
1980-05-01,1m,-0.685306954050624,4.969912836200341,9.615544453170187,12.355172662154201,18.34623723036717
1980-06-01,1m,-4.626626087852948,2.508670952422132,9.630005536043962,12.924476126943318,19.629755864597143
1980-07-01,1m,-1.959703845453642,4.276818454911102,7.103565325756622,10.169714048718092,20.31845281821805
1980-08-01,1m,-0.4927109764976234,6.350512111575135,8.795361298681414,11.102023986065834,19.304886752518115
1980-09-01,1m,-0.13749639783791068,4.994793873050418,10.27309104938341,14.409429676541752,20.094343073495956
1980-10-01,1m,-0.7098724312277427,5.183835032200479,9.329366195834133,12.560807899240878,22.123152605261453
1980-11-01,1m,2.4532798939348455,4.440453976654113,9.206955523310988,11.668281599752216,18.064886114348088
1980-12-01,1m,-1.0246072755821234,4.4679873642644585,9.07312726658498,11.50249925211364,16.183191606967572
1981-01-01,1m,0.043852836489577385,6.274212700667081,9.493265444094323,12.313807877165384,27.37332293813313
1981-02-01,1m,-0.11058038228586309,7.057941421487124,9.744892019289498,13.742080735712769,21.627804542506723
1981-03-01,1m,-4.755871917460308,3.4001288860829204,8.461671756702671,9.854361859817718,20.570098434854287
1981-04-01,1m,-13.426957889625013,3.812388003394984,8.103728271508981,8.806785857034116,19.996123702651268
1981-05-01,1m,-12.41632288928436,2.047245449585744,6.755243814382639,11.927336182685377,16.85403438148907
1981-06-01,1m,-5.302113799259089,1.3359726943449335,6.445327726944483,8.294188103784306,14.782594029997975
1981-07-01,1m,-2.624421142439237,3.420170401047229,8.445609424674716,9.44828930866235,23.11147662813642
1981-08-01,1m,-1.857558725184938,1.1335853679903751,7.9242537339094365,15.739076677780162,25.132210661895837
1981-09-01,1m,-0.0281554649086857,3.403525287566289,8.217917053906486,10.645425796945585,16.833028552654362
1981-10-01,1m,-3.820112023251243,2.3918966008278364,6.541674676442866,10.594709434768191,18.502253965821414
1981-11-01,1m,-3.217234767880206,2.515222436132669,6.474237837082342,8.274127815815646,23.683752319384908
1981-12-01,1m,-3.288789733567299,0.8023791178956241,5.967492937840024,8.258854391771585,10.144168578837531
1982-01-01,1m,-5.388744907178067,1.9022391532329985,6.111733824628884,10.315822180442492,23.93614028155142
1982-02-01,1m,-7.313557055604624,1.875083285668433,4.5454771475776035,8.226532222467341,12.3198930323829
1982-03-01,1m,-4.4822909629121614,2.1058369083604145,5.660545556614061,7.773262856868013,13.422794190424558
1982-04-01,1m,-5.5720268490557885,0.9808793540761362,3.6538308402246367,7.1867298606692165,15.75685477355686
1982-05-01,1m,-0.3568576505276644,2.9985821710396765,6.2160497929252045,8.515543430532935,12.35742018334578
1982-06-01,1m,-1.2243495785513092,2.647880722634488,6.373528784807192,8.603100138292664,23.596098512015672
1982-07-01,1m,-1.2425895289140176,3.1822107999956994,8.238038586346285,11.193686852562301,18.965708566192376
1982-08-01,1m,-3.0324556816580195,0.7356557452248502,4.9635115614666825,6.830857818222857,14.714145142427459
1982-09-01,1m,-4.9475297046920215,-0.6101376706361128,4.874804793264587,5.492366204302801,11.680732878792345
1982-10-01,1m,-2.2855652123611736,0.49958760306791916,6.180942774245901,11.073638267348219,12.529615231877678
1982-11-01,1m,-4.560511791919852,-1.3288275067023236,3.2814846676604503,6.704911423609117,18.139074869185535
1982-12-01,1m,-10.43524329133958,-1.407377548295119,4.027139823857495,4.859848591582772,10.659092096296696
1983-01-01,1m,-6.428892204509751,2.31946685671347,5.870326906991474,8.089275072160529,19.979953935749762
1983-02-01,1m,-4.782750009882076,1.9106621838880677,4.1128554587883,6.764772402572916,15.60164533794184
1983-03-01,1m,-4.293550202505014,0.3535335005774076,2.3529188156476533,4.8453162971235475,9.99396364941818
1983-04-01,1m,-2.4849992092420115,1.9190108500864778,6.0043695713231315,9.854330487874897,17.96412258105955
1983-05-01,1m,-3.6633467456403057,1.953726378092835,2.865923194063469,4.94977426362333,14.798478415985116
1983-06-01,1m,-3.0751358011662178,1.3643332681841702,3.733076549906378,5.455435821058785,9.378293723464083
1983-07-01,1m,-3.16102747878525,1.0554369251182694,4.156461590024163,6.340744508611329,15.124602670893239
1983-08-01,1m,-6.904297017345229,-1.125597442324866,4.575670282892097,5.970109721843309,16.556485630939875
1983-09-01,1m,-7.691150772247701,0.5493498913308859,4.7457068139681535,6.646910563353137,14.288289662741027
1983-10-01,1m,-5.869954031590274,-2.6770124801862694,2.9324007663577234,5.959390155566546,12.009807591501032
1983-11-01,1m,-6.058377008580617,1.8100162014383914,5.189822612572792,7.117213666536437,10.686102370144845
1983-12-01,1m,-7.449227159831584,-0.6106605981854307,2.990094631775264,5.0636429486440315,7.824809960741463
1984-01-01,1m,-1.2037730035713512,3.4719109989471697,5.181770134264707,8.1090678080715,19.27280580542552
1984-02-01,1m,-3.9776963844532,1.7867157091022712,5.122245975243067,6.189663619033259,12.046891449554597
1984-03-01,1m,-5.527001968482049,-0.034762288362777394,4.682678946257379,6.3174207109066405,9.382291840442235
1984-04-01,1m,-2.4879593192857152,1.8070707765927008,5.495445373152608,7.632958651053645,10.13402187519059
1984-05-01,1m,-4.636884445981703,-0.7002945498656987,2.69752980825424,5.049658595408402,8.211684022378751
1984-06-01,1m,-11.555801493310735,0.749987147098996,4.41291084016493,6.402213134755219,8.36223168816188
1984-07-01,1m,-4.695931702699951,2.4777161032501827,5.176714438759311,8.283750565794001,10.105007969659452
1984-08-01,1m,-6.291844194180918,2.987358300611831,4.2918775750789395,6.335025843368713,9.71883745258424
1984-09-01,1m,-4.907997966161437,0.7761243247776717,5.042495152813653,6.089641414413838,9.081289429918105
1984-10-01,1m,-3.3086356734993827,1.2655365550615416,3.7779412270509516,6.013939114127953,9.95614471764772
1984-11-01,1m,-4.853915480345739,-1.4715550714371917,3.296243963612855,4.28969391361167,10.083412799256797
1984-12-01,1m,-5.010542075470948,0.05861330518288632,5.528730921528036,6.343296969008794,9.114486575982195
1985-01-01,1m,-3.087509891668927,1.575308567955691,3.7685638079015815,5.017006647947109,12.66363037351983
1985-02-01,1m,-2.2959063313275907,1.9311052876014756,5.719078513649145,9.14342657803826,13.278312141394387
1985-03-01,1m,-1.5697643609806744,1.8609810905731994,4.489042612756644,6.576822424111639,13.557622891857314
1985-04-01,1m,-7.381375200377027,-0.38600232624338426,2.572208206661486,5.32930722719227,8.99552934258745
1985-05-01,1m,-5.109437774205028,-1.0226237890529566,4.319159309866105,6.207053165897447,15.567490195708
1985-06-01,1m,-5.3286336351195285,1.4021975251689245,4.737035577619797,6.191840641691493,12.26105421093755
1985-07-01,1m,-4.218493809606761,-0.17871233004508325,2.320083443661325,5.547223316068672,8.161253668597679
1985-08-01,1m,-12.189180330772832,0.7832284715868942,4.175665619992697,6.992948639742758,9.368629825519537
1985-09-01,1m,-6.852167217624072,0.489641215463843,3.563988297810461,5.453167719622121,8.464382336608246
1985-10-01,1m,-3.8279604964033487,0.9889870407679746,3.557686234963442,5.397604191002325,10.00322356947516
1985-11-01,1m,-5.667832861134858,0.9819889285356043,3.280128131749449,8.630700675019787,11.886494086892352
1985-12-01,1m,-3.9263431325017306,-0.06285354917016095,4.69850190946044,5.809560415487347,10.381563648604097
1986-01-01,1m,-4.144387517559944,0.7531640966738529,5.127423882727533,6.742275441111412,14.308270585634574
1986-02-01,1m,-12.588683161055059,-0.38931797168137994,3.237133780409618,5.111531560154603,9.563155600863338
1986-03-01,1m,-8.034801844783024,-3.464417110752216,3.2302461883464195,7.273304983671847,11.166544582953875
1986-04-01,1m,-13.339553820171279,-1.602606490841041,4.533672043671655,6.090675601119333,9.910469123684805
1986-05-01,1m,-6.091518839247345,-1.5511887025155269,2.515969872311552,4.755449946860502,11.110217868928029
1986-06-01,1m,-2.2215619211379267,0.89294187639406,4.523796256096957,7.404498400148851,14.986760973667156
1986-07-01,1m,-8.961248346414274,-0.0522909982282771,2.471248652614233,6.224591390921619,8.927741328740545
1986-08-01,1m,-6.867598801487906,0.4642956355268568,3.1700686338125506,5.486513528349435,12.600251227786163
1986-09-01,1m,-5.282476018404925,1.1591834747159968,4.143119010897189,6.5717451398197735,11.419510900209694
1986-10-01,1m,-6.419711603467427,0,5.1972117604377255,5.8270586742066754,9.921521704259684
1986-11-01,1m,-9.46846223690656,0,3.3848997838826556,5.895158194584993,11.220683583155399
1986-12-01,1m,-4.090513536991747,0.28845638722820865,3.4037571957217905,6.2672265447396125,8.96134352038831
1987-01-01,1m,-2.598192877494243,3.651909473359405,4.925965386255204,8.187826795432617,23.726297768440197
1987-02-01,1m,-7.681230787088078,0,3.923753493798632,5.936790750796095,13.5386319021219
1987-03-01,1m,-3.985295749760931,-0.3097171366462703,4.629462299086984,6.155196529534979,10.337117102899152
1987-04-01,1m,-5.161366341298635,1.7403884045498863,6.201571393892635,8.305263023225141,10.157519343167976
1987-05-01,1m,-3.69591000690328,1.6903988184543417,3.829315868149741,5.567286268775651,9.584309926737289
1987-06-01,1m,-5.541105188830764,0.6977971896778623,3.498194040334024,6.888463477702422,19.078053611967725
1987-07-01,1m,-4.141304924767808,-0.3934513322445654,3.5099153444475784,5.963322401147986,9.743104992362506
1987-08-01,1m,-1.7402784353135914,1.8790955434352385,5.592041516981694,7.332738793970561,10.715857463479562
1987-09-01,1m,-3.3749245481269785,0.662608630638073,3.4986500543983112,5.248642348174548,10.52501232254679
1987-10-01,1m,-1.9839860025686162,1.8205241500207192,4.147741450187237,5.820501966363656,10.197721973257456
1987-11-01,1m,-4.819313452731144,0.8025222120422004,3.4371094715999417,5.999014609778941,10.450788848745152
1987-12-01,1m,-8.059650547804276,-3.1096442272723235,2.9283579274884675,5.829192782977266,8.80023651976165
1988-01-01,1m,-8.571370466020733,0.35455717353527483,5.613258190082249,7.132682588796535,13.788627776553053
1988-02-01,1m,-6.4178655722718965,-0.9230776294809062,3.9068964551258967,4.896760523905619,10.415713223010892
1988-03-01,1m,-3.2856625182812738,0.8524659589256744,4.355507148497062,6.495333827302363,14.654957745745033
1988-04-01,1m,0.19023155006649972,2.6697224506326833,4.560147039553075,7.585505012416216,13.217055257287358
1988-05-01,1m,-4.401241691916901,0.7843851403436908,3.3799256542011547,5.135917015403968,15.260616150505424
1988-06-01,1m,-2.638349377277849,2.637908446426551,4.98984043877253,5.966080189723155,11.322851283499258
1988-07-01,1m,-2.150525801873826,2.5203829410541667,5.154416189759425,8.872943692563595,15.783429914052704
1988-08-01,1m,-8.993878532068777,1.846993191134505,4.3933973848391705,5.435306559766895,14.969437442424782
1988-09-01,1m,-3.266687684204328,3.6958819028804157,5.1685973870276625,7.783392045844639,12.993218206172784
1988-10-01,1m,-2.6608457323504697,1.9625454509689666,3.764499611567085,6.9511368626201,11.999147524007325
1988-11-01,1m,-2.258116101656571,-0.8798058082399418,3.8025798335067362,6.2649159808355614,7.676160462400539
1988-12-01,1m,-2.164384161420263,1.5737991913673532,3.7317216740765824,6.189375681511899,15.427219594821405
1989-01-01,1m,-3.033778536925835,2.5877266389580766,5.486694092677347,9.905993342606223,14.093932891945693
1989-02-01,1m,-7.1610247987684446,0.693650213882191,4.022107654312146,7.367778665966074,15.277691045535867
1989-03-01,1m,-4.331696012615794,1.5193495282499025,4.0364048498907845,5.895259785387563,13.822016502865297
1989-04-01,1m,-1.111494945751479,2.6662716379920015,4.451937421004359,8.358035722874968,13.786381231547917
1989-05-01,1m,-1.965494698417103,1.6870530430934894,4.976389059808772,5.891869929301352,11.507041585331468
1989-06-01,1m,-7.142700764968113,0.5105380197834908,3.293697521127914,5.664853274668036,12.88226768973242
1989-07-01,1m,-8.441570978522329,0.8976291182271501,4.70700957525898,6.468993602609796,10.945170780170944
1989-08-01,1m,-14.68338094151418,-1.026968159167918,3.9582318520619664,5.606798864265428,11.058955627919499
1989-09-01,1m,-4.8167294970502645,0.41779224214304467,4.106116189603792,5.986503519658526,15.68520715993078
1989-10-01,1m,-2.7006190187478296,1.8198929354834803,6.058703686402422,6.6964950234296605,12.482073720807696
1989-11-01,1m,-6.527679738853154,0.770461719235449,3.964123685281784,6.419797445585362,12.043320006673675
1989-12-01,1m,-5.779803325760802,0.8286205465345642,4.693700310462767,5.993186874325684,10.98171232465377
1990-01-01,1m,-3.162936584223086,2.1413200106340735,4.586978696777511,7.309629724536548,18.28283015093193
1990-02-01,1m,-2.9849269484319763,0.12607556573795975,4.19110704583574,8.554228434533062,14.329270166626085
1990-03-01,1m,-3.89216154595603,0.7646928246948681,6.305216273619552,9.787433154093804,13.384845975152992
1990-04-01,1m,-6.119317878740205,1.2521191330746806,4.273436683228082,5.719167059893748,10.276870563063568
1990-05-01,1m,-8.087716079658735,-0.583995553892791,3.7681438468650574,6.127648577437972,12.012978577753408
1990-06-01,1m,-2.2522935625199914,2.2247771084259016,5.814604882273677,9.308432365758247,11.566610108212473
1990-07-01,1m,-5.746146522679574,0.8945606271332673,4.644970055063813,6.198685754090838,13.02677091836484
1990-08-01,1m,-0.42303607059894777,2.354189224526726,5.443094906540913,8.572333146415367,15.84648531197459
1990-09-01,1m,-1.714449428061493,1.099998212208031,3.4133062141183945,7.1033128773747345,11.10433312871475
1990-10-01,1m,-3.0837175848095644,1.4185319003150676,3.9875213418556266,7.415684533843669,11.858168009726079
1990-11-01,1m,-5.266554884485197,-1.1107866788602316,3.030478925698654,5.646966219343041,11.429033928401488
1990-12-01,1m,-11.514768852700719,0.8751129836682026,3.8386900946755453,5.899987626652936,10.837324122391934
1991-01-01,1m,-6.016733335407354,1.563640867323346,4.035847172451978,9.156447024230863,24.276101951668494
1991-02-01,1m,-5.06759689552807,0.19449334463264023,2.2249861808233184,7.0064422496876055,13.762719940568612
1991-03-01,1m,-8.510785754883642,-0.6061243557256679,2.154592978696712,4.171769423322069,8.722005678354595
1991-04-01,1m,-5.058633471327855,0.8724045617910736,3.198265313247939,4.490124984347776,9.062474693775835
1991-05-01,1m,-2.2607601005788625,2.0425515528699867,4.321833391964192,6.710240057106787,11.294787480687196
1991-06-01,1m,-6.643521904416739,0.22465870571912738,2.3488530722341583,5.1376550859051795,10.091106388726146
1991-07-01,1m,-5.403591626820825,0.48506152611496045,2.7851234592561447,5.4947701488825995,11.389574826995098
1991-08-01,1m,-2.3475834319636735,1.0042325428639476,2.242505379737114,5.826915728802695,9.674377806538125
1991-09-01,1m,-1.1439234656432928,1.8304312020873459,3.1337538149776023,5.836214898779946,9.83181182089934
1991-10-01,1m,-3.7246114500100846,0.6421713258257133,3.3454073700485587,4.855118559226024,8.840793379651558
1991-11-01,1m,-4.1018221021715595,1.929402296763727,3.748249521078084,6.2081465552985104,10.750365768092296
1991-12-01,1m,-5.970170203369129,0.5106210180374937,4.51273378709014,5.864562841689813,10.486310529199727
1992-01-01,1m,-8.412325902855521,0.5502080292662415,2.9190067049155832,5.062969328406641,10.423194101537492
1992-02-01,1m,-4.29768228854599,-0.7580830657626714,3.080757217582364,6.2303451593833215,9.991043104602149
1992-03-01,1m,-2.4939367624532305,0.48865049448529874,3.2793552276668247,5.746039341363551,10.90952945625705
1992-04-01,1m,-4.6481423179282615,-0.563246580924559,2.464770632900515,4.751783038402668,11.655257429058508
1992-05-01,1m,-3.9744474517520723,0.8230750943536869,2.308713568093168,5.623158430872932,10.830468805839665
1992-06-01,1m,-3.2111006162493183,1.079358453441337,1.8808458689475227,4.687696321883816,10.329267484337157
1992-07-01,1m,-3.6266430338351086,0.616829567885735,2.4480116686949716,5.131389750578874,9.728448995671556
1992-08-01,1m,-4.704680003004402,0.20776433361291424,2.4490517357308894,4.467083752862444,9.079568957756457
1992-09-01,1m,-3.6173884375850673,-0.856550612285123,2.5815483667018135,5.061976833892912,10.138868364228948
1992-10-01,1m,-1.4806300392288585,0.652549397864699,4.050433637478856,5.5163226011792466,11.219651186896273
1992-11-01,1m,-4.7451332200196035,0.9582917712848804,3.94611983054336,5.472318949923438,7.9128485121060965
1992-12-01,1m,-4.130114397660245,0.7554949330634386,3.0343501102941817,4.508395104820684,8.16134962014592
1993-01-01,1m,-5.094805119136514,-0.41949560392642304,3.2086257381680694,4.22062575452542,14.123758745173088
1993-02-01,1m,-5.623253919998971,0.2671387243101231,3.0041165904615585,4.281817636826135,9.539814080540099
1993-03-01,1m,-7.662048397140597,0.6163611978726058,2.7929488863745133,3.139945040234582,12.793621654727172
1993-04-01,1m,-5.179701178424956,1.4871761163720576,3.5775560300398856,4.59154787535061,11.625694836480482
1993-05-01,1m,-8.089474893922189,1.1041775525811426,3.261372797827744,5.757300814507382,13.430875097874551
1993-06-01,1m,-5.618515590941486,-0.9172653950448528,2.2662365070614143,3.4947305592840427,7.7314640528629575
1993-07-01,1m,-3.614016734065284,0.8064719253519037,2.450729814552366,4.309335456789221,7.626586784867673
1993-08-01,1m,-3.953694742746783,-0.40618848251657846,2.406211978600181,3.495531344823233,9.644248466449334
1993-09-01,1m,-7.926311821085741,1.0458625942479038,1.6479851499452858,3.7850484500402626,9.028400895481802
1993-10-01,1m,-4.377994160357868,1.4827027934053216,2.7256284106937256,4.495610026360408,10.131314046277096
1993-11-01,1m,-5.564062620062882,1.2403326526589264,2.6482501210761455,3.454656492170427,8.747655149835488
1993-12-01,1m,-8.978431787883679,-0.6368137764348636,3.1356586049017476,3.521858654693788,5.063644156261682
1994-01-01,1m,-11.536391630271103,-0.9534121713880683,2.941152859209528,3.4189328015005405,8.839264136499114
1994-02-01,1m,-8.016874850001422,0,3.387428401211312,4.080499896752299,12.044994091169126
1994-03-01,1m,-1.94483317519214,1.0884676851984354,3.432328889996361,3.7144061307600174,11.016579725873864
1994-04-01,1m,-5.732889791204854,-1.677689342387878,2.262471147592038,2.7528478514885713,10.498491281713186
1994-05-01,1m,-5.740313959909127,0.33784431311540963,3.7328876352693774,4.469142522579239,7.202219682020972
1994-06-01,1m,-1.4810510517670683,1.356527326284862,2.2782855807858438,4.567900053813445,7.414292089846564
1994-07-01,1m,-4.541756684569331,0.8577252584457629,2.3744823682290805,4.462496728718657,8.741004405110031
1994-08-01,1m,-4.7882445778059,-0.28714047009631427,2.250091815770716,2.816973317650895,5.916720899629357
1994-09-01,1m,-6.5419818896341075,-0.47309196613821713,2.0556142324410054,2.698147578226462,5.3424016341806935
1994-10-01,1m,-4.916770590315933,-0.9778701328080563,2.624215205495828,3.3471618124590874,11.009181900410647
1994-11-01,1m,-5.23876228575566,0.12113573060124061,3.091585191510804,3.4282435595216265,8.530524221215362
1994-12-01,1m,-5.856792993772175,-0.645452689090642,1.921196208997733,3.374877876839033,4.022384575171678
1995-01-01,1m,-5.851533774892925,1.0685769820481639,4.152014473990628,6.0302187071804125,13.970466070813515
1995-02-01,1m,-5.113523625239635,0.21531607336966463,2.2606751233896993,3.306766165944053,8.724899688536025
1995-03-01,1m,-5.795720380817371,-0.35424317391002935,3.2753690318034323,3.5055821184375446,7.047674746402555
1995-04-01,1m,-1.915344319466683,0.7226373052601875,2.819026482454068,3.756492105237119,8.046431034522783
1995-05-01,1m,-4.601274508143794,0.07289625630633179,2.2086454048521498,4.357716516394716,7.482213678754501
1995-06-01,1m,-5.4959519221685404,-0.9151953977740712,1.9618673452606927,3.4657587716200977,7.125976151800972
1995-07-01,1m,-5.281128840601901,-0.5371769663915171,2.160801394259515,3.2572833336701246,8.62411951510138
1995-08-01,1m,-2.3281335362749345,1.1131989691513855,2.4578824247474707,3.3364013893750766,8.143570296445946
1995-09-01,1m,-5.751513567350363,-0.35275688833150687,2.530969188274401,3.3868023368750055,6.77000144032065
1995-10-01,1m,-2.9964901887738593,1.2577806413495374,3.340941626080607,4.5933466820736735,9.140422495872702
1995-11-01,1m,-7.850030921193141,-0.09127904135868281,2.5525217500905306,3.7636485745409454,5.834484408848928
1995-12-01,1m,-3.9987256202855703,0.1592636064728037,2.318863914221736,3.839128613364773,11.621629748601038
1996-01-01,1m,-5.865557918668751,1.4811052135462077,2.5509299497094906,3.7809985547898606,11.197620739051505
1996-02-01,1m,-3.4491537611366807,0.8737573471276017,2.031713156217685,3.044835677794322,9.197846493643613
1996-03-01,1m,-2.9345956130645945,0.6289177780236743,2.6851306804019037,3.6174061778505573,10.358518790557536
1996-04-01,1m,-7.090483070233433,-0.3466624695017573,2.1427560117675215,4.105490210171214,11.870610026025897
1996-05-01,1m,-5.744005238848294,0.6903076653309581,3.2321933137423153,3.778915823287443,10.62839491862908
1996-06-01,1m,-10.575302496288996,-0.41029644268152365,2.288435649253695,3.5194846823470627,6.2142456475879015
1996-07-01,1m,-4.128258708895038,-1.7484618573940347,3.07021624757684,3.8514192320284746,9.236378390856913
1996-08-01,1m,-11.058578177211654,0.8154160392690679,2.6242022860041514,3.155215738661732,7.82647720712164
1996-09-01,1m,-4.457288529050574,1.345325329482061,2.7046757264204135,4.416751113250195,10.240895448681098
1996-10-01,1m,-4.4203241931613295,0.4355747698155499,2.96414227809898,4.75600393543798,10.012038435058447
1996-11-01,1m,-4.154082549505455,0.6019881111752445,2.9993866648562184,3.9936582465646353,8.840275901206262
1996-12-01,1m,-5.016161998434776,0.8516627591081738,2.3489318083759647,2.7820483414350283,6.98352305166241
1997-01-01,1m,-3.096453882934458,-0.9338515276986259,2.855495884031334,3.2129876649249045,8.404096237363866
1997-02-01,1m,-5.180129089806718,0.17536591005720137,2.2520593168830816,3.1886918622076266,7.538658143434462
1997-03-01,1m,-5.215037331238081,0.3024933532523866,2.6368959140157466,3.1943540514050017,9.037740372811086
1997-04-01,1m,-7.6517798159451145,-0.46792194291085387,2.1671100882673766,3.7282169335353554,13.86685732833357
1997-05-01,1m,-6.898189807771804,-1.0281565982497853,1.6794796601098394,3.0600739818823053,5.719847229770836
1997-06-01,1m,-9.219424197828928,-1.1338530032489302,2.5596298770237835,2.954964168935703,6.741670514133324
1997-07-01,1m,-8.614351183545965,-3.553432516236632,2.4260938513715136,3.7728906501093062,5.805850524050915
1997-08-01,1m,-10.225295029264093,-0.8440805416433328,1.9319233427855131,3.38749633924349,5.474791899756748
1997-09-01,1m,-2.5652995890090513,0.46144521318705056,2.5545651301447148,3.8602345924754644,8.133510590150417
1997-10-01,1m,-6.14643677851131,-2.3761382561403144,1.6426740882027557,2.587882247171547,8.42716369726093
1997-11-01,1m,-8.089362925150578,-1.4187570079571277,2.0142605381313183,3.6047302102599765,6.945808780266782
1997-12-01,1m,-9.290984263736712,-2.533642766459965,1.8297569037494243,2.7799340905807712,6.29861411794681
1998-01-01,1m,-5.987621044476954,-1.280323943964179,1.9449076617396033,3.4675775094952455,7.42123141258082
1998-02-01,1m,-9.620710272385347,-0.9034537102273754,2.340895526515374,2.664130619426097,5.509605649008509
1998-03-01,1m,-7.0363965991877775,-0.8932511201645954,2.940281435644554,4.247166630570409,6.255393848381963
1998-04-01,1m,-8.776202787069531,0,2.021090354381494,3.3977789085431365,7.576937199901002
1998-05-01,1m,-8.330842059249811,-2.217145161979306,2.900811588141239,3.6548365820319617,8.020963609786014
1998-06-01,1m,-7.6484445911234715,-1.6935932072255078,1.2554614335313907,3.9123153811253086,5.91886232851242
1998-07-01,1m,-2.1760698658667366,0.22299593068846324,2.3181390203294683,3.3310148356523683,8.662736742495225
1998-08-01,1m,-5.0391091359676565,-1.5596293698335928,3.239229347185546,3.9583570344982055,10.376428634519886
1998-09-01,1m,-10.450435282524307,-3.5855679182771882,2.7299652671203267,3.6023455399699866,7.157229702298906
1998-10-01,1m,-4.478197776353476,-0.19199840538479673,2.2967829483530044,3.9416194941434,6.792760077316284
1998-11-01,1m,-12.21251833282222,-0.04738993270730907,2.3095738749669303,3.0678580698310975,6.334627153228234
1998-12-01,1m,-7.3520168576366896,-2.8875512334538445,2.230141251089224,2.742358831686542,5.117672337637025
1999-01-01,1m,-5.69674843362844,0,2.5469545402634353,3.6143086190127294,7.1348948500502996
1999-02-01,1m,-8.86476863794281,-3.3574988027934127,1.7146817766413136,1.9723481106043161,5.762367715032557
1999-03-01,1m,-5.243959072337379,-1.0070364031357304,2.041574098106813,2.537499143837274,5.527765858832612
1999-04-01,1m,-3.4787632204000163,0.802391785630463,2.5321449916934524,4.607005716773971,12.334648569273421
1999-05-01,1m,-7.3235250164374595,-0.8549653400373614,2.5268133854718933,2.7709690596003034,5.857841903703487
1999-06-01,1m,-10.46445822527996,-0.85557490872612,1.8808833547602877,3.0578146611858648,5.921459462789946
1999-07-01,1m,-5.291935368325607,0,2.5175469779931126,3.625126882896468,8.511456691747288
1999-08-01,1m,-5.411064137532873,-0.6190587124550562,2.33295527437114,2.692241493778158,8.080674137859912
1999-09-01,1m,-2.304832325608297,0.5850365377460864,2.506988265484944,3.555875752650639,11.582663377736878
1999-10-01,1m,-5.110780258033321,0,1.8949715024072722,3.3727002400160133,6.628943720209768
1999-11-01,1m,-5.989444516788978,-0.8561853472441316,3.0228792154816553,3.778856557796084,6.274965576482905
1999-12-01,1m,-5.830953755293178,0,2.2462739691894607,3.5150595809652296,11.78662666622634
2000-01-01,1m,-4.093124104679058,1.0731025464843835,3.8289352540561428,5.999799117914173,12.677760186720066
2000-02-01,1m,-5.5452977197772535,-0.6606278125656062,2.598464544634771,3.106846008696773,12.37533167402367
2000-03-01,1m,-4.477126592342307,1.1573091231095178,2.985331177594297,4.905087837885191,10.456502962926084
2000-04-01,1m,-8.811859994724147,-1.4898001393085614,2.4632291919526095,3.161833394524427,6.410186331826617
2000-05-01,1m,-6.93356648767629,0,2.4372411507476377,3.3412582911103827,7.5541531803048345
2000-06-01,1m,-10.174769240480153,-0.8582936782583594,2.8330284820563323,3.707966426956766,9.479427359811577
2000-07-01,1m,-5.326106234767258,0.2520521685046573,2.9820393267562917,5.002228803920916,14.774683309442938
2000-08-01,1m,-6.50129091976609,-0.7765788553148245,2.213838772274035,3.0624672048578994,7.706813628391518
2000-09-01,1m,-5.195332703331812,1.3488174056879076,3.223120994265405,3.9221083341482332,9.127893377999975
2000-10-01,1m,-6.837301982150345,-0.09444430629714784,2.4733340775879187,4.043811255450791,9.785244083485978
2000-11-01,1m,-7.464875703837293,0.8755508128499123,3.0361528484065925,4.030854505613735,7.849620772125476
2000-12-01,1m,-10.672439347509021,-0.9375442500387021,2.5977968796656814,3.629129034280343,7.081288622489734
2001-01-01,1m,-4.2737659091048315,0,3.6369516936713753,6.062756069381181,19.920327494193813
2001-02-01,1m,-4.051359143250921,0.3534467261817609,3.625963306272917,4.4259747442934705,7.672791472929719
2001-03-01,1m,-5.963431711152389,-1.1337055216520064,3.04120041720628,4.8338530767919385,6.138536259487304
2001-04-01,1m,-8.169945260355593,-0.2497497208324484,3.200021369082906,4.209016065529614,7.702672575989022
2001-05-01,1m,-6.913411654715739,-1.6394450210889921,3.0781623150332837,4.816351050711165,7.428410840929356
2001-06-01,1m,-4.846598009323932,0.12750469787490282,3.3523252833376205,4.778468128356961,7.048475103044272
2001-07-01,1m,-5.293385006121731,-1.582819352900422,3.541380742999034,4.098853818435022,10.165209212555393
2001-08-01,1m,-7.709394491579724,-2.28280569782906,3.715780630600407,4.67952026352485,5.358882676378474
2001-09-01,1m,-7.103697623155625,-1.7282775641651815,2.5543054431749423,4.136612670982598,6.938221347946505
2001-10-01,1m,-9.469289082062316,-0.5832944462026535,2.971980965377341,4.941655280346624,7.383557400661411
2001-11-01,1m,-4.414884844354017,-0.1179906061439362,2.66869186709513,4.391794058331211,6.247412400115482
2001-12-01,1m,-8.59365973269438,-2.1944144007585487,1.9754803249910857,4.396342708694134,5.1973630619865485
2002-01-01,1m,-7.473855563627918,-2.4240086785772053,2.7977099400344096,4.052587251586703,6.104592022252442
2002-02-01,1m,-7.111044445582159,-1.1164006341902177,3.2581283429648833,3.8585535798943527,8.037990013373308
2002-03-01,1m,-5.91660578817772,-0.8102393768016025,3.4497830042978572,4.045197334495532,6.518219562302341
2002-04-01,1m,-4.545134352231139,0,2.415548815841295,4.01376194355616,10.835970179461807
2002-05-01,1m,-5.581268628425073,-0.6113774002331596,2.4297379067981906,2.850249913173908,6.954292410007246
2002-06-01,1m,-6.506032000277018,0,2.5667067462331383,3.4245440645942926,6.675412671401548
2002-07-01,1m,-3.669901882146598,0.7040910007540369,2.812482234385527,3.3971992191651035,10.468944651144785
2002-08-01,1m,-4.486160541948935,0,2.2526848011345413,3.599522981852732,9.593103250503177
2002-09-01,1m,-4.981649339197447,0.4998729042304362,3.0134178195534878,3.9783261777118772,8.288369284175335
2002-10-01,1m,-5.406650899981891,0.5506833548102996,2.812854377506535,4.007882297573939,8.008365430099884
2002-11-01,1m,-5.387683014845845,-0.08665719317785259,2.806276755542081,3.8763349753769827,8.270908501571306
2002-12-01,1m,-5.826263580141122,-2.3345379118200227,2.782442751157399,4.296291753196679,7.963585322767663
2003-01-01,1m,-8.901082068266764,-2.2267543515881894,3.3464989394008215,4.874417212037674,9.89275456888523
2003-02-01,1m,-3.243563898284707,-1.0672334415699591,1.8351484362992387,4.269767360555954,10.309477643291176
2003-03-01,1m,-10.70151535778363,0,2.6853934919322864,4.168810729918704,10.720017403615634
2003-04-01,1m,-7.041880772248776,-2.123118234023702,0.7108840707942932,3.6045517204561506,8.587542919849112
2003-05-01,1m,-7.655301753856369,-1.656575775238045,1.6676931584271637,4.997800689470866,12.324362481522932
2003-06-01,1m,-5.6411697624792145,-0.2566081165972567,1.7820417742598238,3.3176425108358387,8.330820299036024
2003-07-01,1m,-3.036210747972856,1.4290348888001292,2.9368032151938506,5.235126998071782,10.624699341244215
2003-08-01,1m,-2.4869487792868794,1.0185071277910795,2.204016310700463,3.194577818457933,11.664330358442854
2003-09-01,1m,-4.850123805002338,0,2.48811078826765,3.22504246235642,8.906104248874591
2003-10-01,1m,-7.248084565139679,-1.6876537804676683,3.1621743434266048,4.169627861627112,10.873142773798827
2003-11-01,1m,-6.704762870822867,-1.0144824983862155,2.5867344966362227,2.952087027859429,6.125618025164137
2003-12-01,1m,-2.196966165972658,-0.07088218494873955,1.1175051447630757,3.4290194280522712,8.817662089753542
2004-01-01,1m,-4.546797465418284,0.42163114737387986,2.2463169902285474,6.135767227187761,13.478395527016062
2004-02-01,1m,-3.16335794702991,0.5884061087405357,2.51268525430679,4.440708839079832,7.272119751560169
2004-03-01,1m,-5.392548962458421,-0.8104196027042709,2.7285059968755077,4.587605032838948,7.599141217236971
2004-04-01,1m,-5.5890487069441885,0.8170410636462178,3.819954749138277,4.336993316174742,8.538039479332827
2004-05-01,1m,-3.300795594917838,0.6603147882344285,2.9339405382329264,4.321377483048239,8.263612649003127
2004-06-01,1m,-2.0827605696904006,1.3861673111850603,2.7088277395635796,4.1066251441093105,7.979675373682027
2004-07-01,1m,-7.201074393301276,-0.5256162023335009,2.525061898130354,4.22078523949021,6.758742547064767
2004-08-01,1m,-7.957512821831713,-2.177223964583952,2.448842524095718,3.327267422053426,6.408104640327794
2004-09-01,1m,-5.003013982539528,0,1.638853696442455,3.1742979111557545,10.716937755479172
2004-10-01,1m,-3.5937682868763865,0.08401889934723794,2.028061940715231,4.2233249847938525,9.798456783448707
2004-11-01,1m,-3.5364694276511566,1.375056615436998,2.1321378387682666,4.540508331519266,12.151485084071311
2004-12-01,1m,-8.914875931938537,0,2.136297700580947,2.850826841470644,6.811858613076893
2005-01-01,1m,-7.281531137756547,0.11129556181646016,3.4086188477988166,5.859718340017039,11.911679157320854
2005-02-01,1m,-5.581390157555943,-0.07605686999763162,3.213978859469302,4.529357245191656,9.269985740801179
2005-03-01,1m,-4.525550355025432,0.3590510038683936,2.1211646331831036,3.2390172735871303,12.658367420733807
2005-04-01,1m,-3.5179509347968763,0.5748762707301847,2.090599860762765,3.820550274665435,16.662088403509312
2005-05-01,1m,-6.635764185344184,0.2842153961586158,2.6537479654512808,2.9142175596929,9.076341051408999
2005-06-01,1m,-5.292776488190498,-0.49165117019680515,1.5746445699111877,3.8819115455792863,7.61332854734893
2005-07-01,1m,-3.4711293509083307,0.5928938744241607,2.9386512432837186,4.061185697435277,7.696051561880379
2005-08-01,1m,-5.959611481131455,-0.34306264594328173,2.1025822915066605,3.849532194431937,9.391472979138072
2005-09-01,1m,-3.52054229608616,1.5088746565900646,3.3565281401522373,6.301794333958455,12.28344359119411
2005-10-01,1m,-5.418256079767502,0.9748623874700213,3.3297427872710506,5.571196202839723,10.680758430194825
2005-11-01,1m,-5.8638605619751205,0.7020212014990257,3.1590938721888895,4.632022658422907,9.938505347426108
2005-12-01,1m,-7.9574771017899,-0.3688505894228089,1.8095430690439729,2.6167357046515516,5.9937667016415785
2006-01-01,1m,-2.215656231219043,0,3.6630875935276475,4.64440899013383,11.291094672909185
2006-02-01,1m,-11.85118083863409,-0.36866470960472686,2.387417015103299,3.6681529429952953,8.942721547648368
2006-03-01,1m,-5.426429941628563,0.8050609012061116,3.41435105128296,4.1753740758387,8.051983737007152
2006-04-01,1m,-2.876650711347495,0.48011156984777426,3.8436030675618404,4.6960848115146225,9.323048046526994
2006-05-01,1m,-3.4563264798061377,1.2314579844852958,4.399378028306522,5.73507646769893,10.344938456074182
2006-06-01,1m,-3.2374605590342442,2.2214036617082655,3.9206311523762194,4.934796527566387,8.202352617050801
2006-07-01,1m,-6.972579240154497,0.1648335105199683,3.392435441220032,4.601066866118808,8.124727259945864
2006-08-01,1m,-2.659071272752611,0.778122129418346,3.3693085356642616,4.242127624545322,11.790407954357907
2006-09-01,1m,-5.322348890221374,-0.47475509344167,2.8886697321298227,4.080921401145066,7.230787409073591
2006-10-01,1m,-6.613355201465199,-1.7804283408496158,3.400899956072667,4.586404964822233,8.499864199768936
2006-11-01,1m,-6.650321340606835,-3.4518266183774293,2.152912544191876,3.5304369823093262,6.116598819665753
2006-12-01,1m,-5.865898197498143,0.7446209445996166,3.5200818217324903,3.9907014686173525,7.3578658575668365
2007-01-01,1m,-6.913325201353892,0.4439872590311422,3.783075946221426,5.755900650235768,18.97351573611379
2007-02-01,1m,-3.799659439404679,1.6077367752023841,3.3761596799211535,4.75634456141254,11.154992527248275
2007-03-01,1m,-4.194597335083927,-0.19901407760880563,2.8871749349687725,3.544482577526109,10.044770602733966
2007-04-01,1m,-3.966738142589221,0.4798682143409838,1.9328186132055336,3.6139833528186616,8.542995967800282
2007-05-01,1m,-3.788631604333492,0.04932892014231083,2.520587344345593,3.2435483482099903,8.915485015760204
2007-06-01,1m,-2.519004109934475,0.4997688124080968,2.2320462311309353,3.864265727509908,8.518557631261903
2007-07-01,1m,-4.000593528489094,0.4468678969441031,2.2735294017937946,3.825005390996661,8.37800603344494
2007-08-01,1m,-6.540232501434772,0.5813971623928049,2.3241433276683043,3.2911451958923976,6.78211251064067
2007-09-01,1m,-2.8444991135480935,1.4845092077845123,3.312707549215288,5.360811940704147,14.721446269169203
2007-10-01,1m,-1.8655049416500868,1.1072356164881336,3.3558531608706588,4.879223974362312,14.853989604578377
2007-11-01,1m,-3.4459446830908513,0.9018603192104901,3.9512914037105773,4.902055763662316,10.453916837378996
2007-12-01,1m,-4.349567166610491,0.21469269178384653,3.209105145460711,4.161878104355088,13.39102585400318
2008-01-01,1m,-3.522113474170707,-0.5655427173511196,2.7321009761166026,4.788180554910171,9.999467213758017
2008-02-01,1m,-4.867743561293025,0.4169692035766781,2.160548329401779,3.426998395240455,11.853736864481878
2008-03-01,1m,-5.347845258481709,0.6590706381385925,2.9096196974065514,4.027823202483072,14.425983030382405
2008-04-01,1m,-10.218835807701698,-0.048818688458618364,2.7379304953526473,3.5056369245482166,10.808647877300071
2008-05-01,1m,-5.62466454318038,0.6388262294666269,2.44655286968678,4.736545808697579,12.775934850840297
2008-06-01,1m,-4.752776205055409,1.197727473125365,3.048530626836121,6.479610586298756,13.325888151078713
2008-07-01,1m,-3.6716573674676845,1.8738709231713724,3.215034735383271,6.680325155988376,20.21710603490132
2008-08-01,1m,-8.946198240734072,0.03310299138270523,1.7825368251226825,3.60999264989037,10.185179147234692
2008-09-01,1m,-4.984424188497072,-0.6263993547866664,2.7845225791190087,4.363459262255431,6.938246375077539
2008-10-01,1m,-19.39743145655558,-2.0231784202102032,1.7317796202523272,4.443671537030713,8.986424633581391
2008-11-01,1m,-19.290557623816706,0.055356297105224606,3.172567411355298,3.968966156125009,6.360181318614333
2008-12-01,1m,-12.033461679030854,-2.4624429351464028,0.8082708461923271,3.287200036417981,5.667211660130356
2009-01-01,1m,-10.012003376534595,0.4405369130896064,2.8589393281512665,4.181447511539416,10.266665824126363
2009-02-01,1m,-5.891441477732718,0.4224842013071939,2.095915444608276,3.3690223869397906,9.811639655893845
2009-03-01,1m,-11.737542647231747,0.02795508531521218,2.0284718462122875,2.725789204803597,6.075284779853263
2009-04-01,1m,-5.65482851043817,0.2696718493415906,1.757226434662451,2.7115784253236797,6.636159377524309
2009-05-01,1m,-6.668846822091301,-0.7132652099934522,2.0159167477225903,3.7239890572560164,7.826059023016163
2009-06-01,1m,-3.300461046956038,0.19960310414348648,1.7908998668546117,3.3653452060163236,9.992353132612353
2009-07-01,1m,-8.308930676888638,-1.6782466647134342,0.30707291162357375,2.169164516912825,7.135371921774469
2009-08-01,1m,-4.345039663968953,0.31625694008734495,1.2628228541273545,4.7951185881142555,11.138907399530718
2009-09-01,1m,-3.736826556724082,-1.3437093429535918,0.9281539814763429,2.6325160014632143,10.826525962346057
2009-10-01,1m,-3.749767555224026,-0.33314995512746526,3.0257418104195244,5.583255251463615,19.952364577122637
2009-11-01,1m,-6.296256410684409,-1.4017056100745218,2.1577566841321616,2.5901233430431603,11.181218595413878
2009-12-01,1m,-5.75203499928465,-0.46573663677585975,0.6044161860538688,2.1245233979812372,5.1606373217409685
2010-01-01,1m,-5.115781327861313,-0.8102733130292417,1.1615574005197526,2.7856375870354055,12.308627946766393
2010-02-01,1m,-6.379694760286981,-0.7848784638239459,0.24762678328928978,2.7433818454258185,5.819759085309473
2010-03-01,1m,-4.146190672918437,-0.8959993300821756,0.7711156162721444,2.848582245285014,6.3390307091881315
2010-04-01,1m,-5.478571614591998,-0.498577244699161,1.167680705523555,2.48098412105644,7.935059075760353
2010-05-01,1m,-7.322677697184732,-0.6299225589775581,0.7026278221921478,1.7327467454648637,7.5544856849629305
2010-06-01,1m,-9.422388357806987,-0.8633535135789794,0.6734665028963915,2.307920020583798,6.410081058511974
2010-07-01,1m,-7.022211571797532,0.03059819446933343,0.639565514025664,1.8598473427284157,7.88092874746773
2010-08-01,1m,-4.362080270848335,0.09994347608193177,1.9728492162154554,3.1261513960125553,7.993581151956697
2010-09-01,1m,-5.445230301255677,0.4737002508631738,1.5355739781170774,2.0244458507837404,6.98547262247724
2010-10-01,1m,-4.100322645991983,-0.34563099496059957,0.9214200116280491,2.097424669560821,11.022148620318628
2010-11-01,1m,-2.7739494138222964,0.5428982264293669,1.290567031903045,3.0913668093421887,7.624639552808321
2010-12-01,1m,-6.915066733600195,0.14834374846672826,1.058885302811552,2.4832255862932806,7.352806828183844
2011-01-01,1m,-4.268504527617056,1.1353627062781868,2.416172223268931,4.379858738892084,22.910313552397632
2011-02-01,1m,-2.2124706121678495,1.3152419716692565,1.8110255577808099,4.783732028626808,9.409743391943248
2011-03-01,1m,-3.616487915436617,0.5700835475903832,2.134985420048663,4.149151194468237,10.252978729278128
2011-04-01,1m,-0.48324607246524875,1.0400558011791627,2.340072706072882,4.304218033122731,13.795039381556439
2011-05-01,1m,-1.276399755046631,1.3829512969421476,2.3679999186310363,4.471860833283459,13.880389016290383
2011-06-01,1m,-4.767752728441543,0,1.8552793360899766,2.844081803092946,7.428724495610695
2011-07-01,1m,-3.167754602744166,0.6147416840529107,1.9838542561855688,2.7324224175671707,9.70812467823119
2011-08-01,1m,-1.7938248371237364,1.3553081702272207,2.5786715965596674,3.879702280863695,11.929720175145931
2011-09-01,1m,-5.146886902874925,-0.14441299629912585,2.019733086357345,3.505252609591647,11.676197449433623
2011-10-01,1m,-11.507963724275294,-0.24211649128491608,2.2720933653476827,3.2382477839486556,6.948547782773606
2011-11-01,1m,-1.7466988238347692,0.8084982483734127,1.824562621763004,3.5376497876376423,11.882062814047778
2011-12-01,1m,-4.690055326965858,0.6807332698360202,2.2787828378969532,3.4903754874202164,8.100248397236708
2012-01-01,1m,-2.2804265094006904,0.7728819165906398,2.288737936670193,3.6318111671979514,16.220681395233207
2012-02-01,1m,-3.355360984571931,0.7916937807017188,1.6309340654944604,2.7061456136847184,12.746144129854088
2012-03-01,1m,-3.0683373037014072,0.6137802926480918,2.318654583547697,2.902763036233247,7.691182398474772
2012-04-01,1m,-2.966518116379946,0.2919721415806542,2.703080496428556,3.4818997805894147,6.025585449097792
2012-05-01,1m,-7.311401293448528,0.06015188170529484,1.5089663642113615,3.3507751406688158,4.378360402077108
2012-06-01,1m,-6.496033729488115,-0.7823468597922933,1.2544557252051947,2.6424447855730726,6.758297411574987
2012-07-01,1m,-7.907741075655461,-1.4558806692007376,1.91327246750852,2.925301841964556,7.7206938867211194
2012-08-01,1m,-6.039334350502279,-0.10842678441730369,2.419555966829634,2.4883694166883963,10.577601922417967
2012-09-01,1m,-2.8606871004444256,0.9456473181235436,2.185286737340819,2.7091771695510136,6.468179440609179
2012-10-01,1m,-2.1023848840296733,0.15386256203702153,2.1122563475476808,3.282496759211817,16.646046418289863
2012-11-01,1m,-6.317576107913747,-1.2978316290214953,1.3140699774095266,2.057803586030804,6.121753959722609
2012-12-01,1m,-5.66888710527328,-0.4818489052066055,1.867693927922498,2.4438435770434808,7.615859836310235
2013-01-01,1m,-4.499908893141525,1.152663635498885,2.0599904928997104,3.7215237653070554,9.349025084310036
2013-02-01,1m,-3.9862114161222317,0.5072248798889456,2.4472090221944853,3.0215338752040743,6.71110296361328
2013-03-01,1m,-7.135165635710317,-1.2116413217128086,1.9411195589544628,2.0594102178519202,4.577438044667681
2013-04-01,1m,-9.350740306349126,-4.760477976215438,1.6322657330030577,2.5540898255643762,6.1923535795056495
2013-05-01,1m,-5.732715366546614,-0.6974972967248805,2.182919440159581,2.2942905798216007,5.475457881403933
2013-06-01,1m,-3.183235560113029,1.2228937191837597,2.4424194639202312,2.7784472954750727,9.681467441178949
2013-07-01,1m,-3.4684931625794,0.32444583123290016,1.8824732397493715,2.680653267159072,6.0735710182393765
2013-08-01,1m,-4.138045668791801,0.07409617759415177,2.007898598302482,3.3987494553035846,9.19155251911532
2013-09-01,1m,-5.835660933202192,-0.12398229607556432,2.1528580473524572,2.9902256882496703,4.445668984800566
2013-10-01,1m,-6.485490837737185,0.08784818435352282,2.289091215062,3.345306385909086,6.958443425336336
2013-11-01,1m,-4.635975702749217,0.3193236158688384,2.381794905043577,3.065282130496083,6.9159832839854385
2013-12-01,1m,-5.409373227831738,-0.05014154436063789,1.7678174588428242,3.347164848365991,7.131151837928651
2014-01-01,1m,-3.5560030947904497,-0.2050952658188998,2.121846719133158,2.946446739596942,16.087412478900287
2014-02-01,1m,-9.913288490138704,-1.2610695519029935,1.633695225573839,2.659358021272862,6.523030156401877
2014-03-01,1m,-4.471625952775849,-1.403107586465524,1.9148628656336042,2.9674461504667793,12.127167270866535
2014-04-01,1m,-2.4708316389103424,0,2.5517983077655293,3.076277749946743,10.330233962626023
2014-05-01,1m,-4.815870588843085,0.8144391339655943,2.3047321508984364,2.546537459367748,8.385818629847952
2014-06-01,1m,-3.639536511745467,0.34315639029456335,2.3247535795555496,2.9588050423582812,5.931513693439783
2014-07-01,1m,-6.500803161362945,-0.6818613356485703,2.426165961345972,3.7356428653578577,8.83508689415935
2014-08-01,1m,-7.7773679775176685,-1.2475172785910815,1.7453423113290345,2.8841429563841503,4.423935892967901
2014-09-01,1m,-5.540802609355733,-0.09113939904790147,2.345224466027762,2.5679538041703864,5.265606728504335
2014-10-01,1m,-10.404064423442804,-5.137984086272363,2.721029283864196,2.827622260671081,6.771717632821028
2014-11-01,1m,-8.624957094751318,-1.5701992201535342,2.8489871921715704,3.1569876952213027,8.285304696225971
2014-12-01,1m,-7.40286875646774,-0.7311863120149642,1.5315595185923403,2.716297369106302,7.305978156267678
2015-01-01,1m,-11.996202876161643,-5.2346189992231285,2.1007892240055615,3.0780234534542927,6.456093384848871
2015-02-01,1m,-4.902229677648773,0.5194062860598425,2.290578482781802,3.284112314757981,7.074755345644235
2015-03-01,1m,-4.879580512885684,-0.19768536905994116,1.5620185744354531,3.168413500222367,10.97597867001312
2015-04-01,1m,-4.8107023923293575,0.24765233550634314,3.1203120087794023,3.399727241396411,5.828143414356002
2015-05-01,1m,-6.0944156021190965,-0.10886272650996176,2.4852210790787144,2.7804277646837017,6.955881995593316
2015-06-01,1m,-5.886909488316194,0.3394107583447381,1.9868200621738108,3.941692910522976,7.294280333201386
2015-07-01,1m,-3.8543345051498368,0.04824168994250755,2.4728746734662854,3.384036296796822,5.340125432814613
2015-08-01,1m,-7.447731671024183,-0.8235140850730405,1.5715014404419803,2.534804555751302,3.755068467859002
2015-09-01,1m,-6.4909967046489765,-0.036195637027947036,2.1642890285530125,3.261747746547927,6.947500067871171
2015-10-01,1m,-9.148990418549975,-3.1519204772020193,1.6709821713509987,2.7823432593994557,6.103289644733145
2015-11-01,1m,-5.492334551027378,-0.9537440707921063,1.878571096885584,2.6588487056644405,5.50741220794424
2015-12-01,1m,-7.441469987944438,-2.207328021684085,1.2444343559672832,2.8948867254444677,4.56167701616601
2016-01-01,1m,-6.622230738327806,-2.1300156996420516,3.241028922782152,4.094077801896212,6.830768799927078
2016-02-01,1m,-7.292931480846098,-0.15970103861806528,2.482738956402031,3.15607487952958,8.821059123000751
2016-03-01,1m,-4.526711102067438,-0.29420757319356117,2.488631602008784,2.9024719144196576,9.153393513860841
2016-04-01,1m,-3.3026253070148393,-0.06131990917744856,2.9477471193018134,3.833183092208192,14.481048579440326
2016-05-01,1m,-5.979208396217695,-0.30439297983875235,3.0177861125650685,4.215885917047779,10.946290637073886
2016-06-01,1m,-4.766705503757562,-0.6450498835272267,1.8387268713615956,3.749373814879564,7.57811690759993
2016-07-01,1m,-8.655517464956308,-1.5708975282511473,2.4749876117428515,3.4683607871508704,10.095741991677176
2016-08-01,1m,-7.070659068401142,-0.7204471756554698,2.278894855044178,3.36899205015071,7.247483900257268
2016-09-01,1m,-4.993192452443774,0.14815726676695729,2.072664807207447,4.12075443304214,10.219808189177781
2016-10-01,1m,-6.876850824028347,0.1852051393957943,1.9123518759696312,3.537748000700347,8.493650483014669
2016-11-01,1m,-6.426635660929792,-1.1889288403496234,1.4903070153835074,3.37504187515254,7.6088744101241
2016-12-01,1m,-4.038955210658301,-0.059042622150340396,1.9323377387546747,3.3391511908691163,5.292692885548456
2017-01-01,1m,-3.4601958279014133,-0.7454950103548685,2.8784365210525964,4.829866819919504,12.151709941121469
2017-02-01,1m,-7.347915130978899,-0.2900183267996126,1.936750503574114,3.121522776457719,7.581635916893648
2017-03-01,1m,-11.629679894115942,-1.067521113473091,1.9791264707079481,2.4663493836366346,5.40782143874996
2017-04-01,1m,-7.779147089952931,-0.16714085712302706,1.5572729053228374,2.7759895599320794,11.799219081749746
2017-05-01,1m,-7.451653637665789,-0.726486391934611,1.2985453846128703,2.5552793952112296,8.11147578010678
2017-06-01,1m,-6.207078172552127,-0.5381716096126032,1.9221023966464523,3.3797949629967405,9.038195043684262
2017-07-01,1m,-10.155047098636027,-1.8964828124009903,1.101945161333151,3.1473669359888268,10.798238948589557
2017-08-01,1m,-5.452082571091077,-0.10780970547643598,1.9350928484256347,4.056030721828052,5.9925302396662605
2017-09-01,1m,-4.899658229786919,-0.5699399851654796,1.5836151204537963,3.325548725410088,7.593764184307572
2017-10-01,1m,-3.7675046111824484,0.40530820001778434,2.5359709731850755,3.747165831345156,11.332765061807759
2017-11-01,1m,-7.383856614972418,-0.6583090624439625,2.1487040434621907,3.122506912008882,6.482912241855576
2017-12-01,1m,-4.12152550438657,-0.43866729048619435,2.2399404835155456,4.106503882819479,8.328823087490278
2018-01-01,1m,-3.2158907431659722,0.8365069221804466,3.176768280048914,4.396180723436682,13.681021801017735
2018-02-01,1m,-4.5021292275041365,0.04793145710384472,2.2504314014859528,3.4087003827014906,10.807146302785142
2018-03-01,1m,-3.6475598839368018,-1.267353155842943,1.9501146137624215,3.903241301349314,8.027044492615975
2018-04-01,1m,-4.444634641180533,-1.0301222487248962,1.5862832481298161,3.7813428063464993,11.866082774847264
2018-05-01,1m,-5.568482660525675,0.8732829519530805,2.3712874978997656,3.1062602187982957,10.774779779710064
2018-06-01,1m,-4.738535750020834,0.7936466730742664,2.166981812766622,2.836144122529305,5.733763746139187
2018-07-01,1m,-6.546852538485959,-0.45115383796252573,2.2992230709654615,3.5107532235602035,6.5182127350800645
2018-08-01,1m,-6.113487524644656,-0.023027767548622347,2.1640288393194984,3.321060943693954,6.355587644246619
2018-09-01,1m,-4.525365683835281,-0.1546153883117185,2.4574632443085775,2.6576016732807073,9.131539131930388
2018-10-01,1m,-7.458349742291737,0.4930970708353355,2.7079607373523107,3.4712914203383516,11.386663430945699
2018-11-01,1m,-13.147591226717593,0.4389969235006008,2.8853451759788706,3.8181450206155265,9.402319182175688
2018-12-01,1m,-7.467768954234543,-0.5520050254976594,2.054643503900455,2.9070580358016906,10.168404263080788
2019-01-01,1m,-11.04548804267157,-1.863654522374092,2.2894963775037303,3.4381144808719677,7.112636532533623
2019-02-01,1m,-4.761265985132789,0.39002704131532173,3.016792106081456,3.77539460496199,10.752124378822781
2019-03-01,1m,-6.335783367219583,-0.4331876297552495,2.4300832099300784,3.7400031206331397,8.428079717762182
2019-04-01,1m,-7.434966403071308,-0.6939549894033337,4.092836436887692,4.774803089324098,9.862404160605752
2019-05-01,1m,-6.6146957595925375,-1.2736091074407652,2.0610367738264523,3.1673004152905415,8.82635905714566
2019-06-01,1m,-7.653209195172572,-1.6377128945821218,1.7891943347311257,3.635955498624499,6.416169402784333
2019-07-01,1m,-2.257173037315019,0.30767710482322297,2.8014587258365253,3.262700123715079,9.348133238611434
2019-08-01,1m,-4.46847328678126,-0.2872081077271438,2.4041224006020823,3.0723389729113704,4.747327830270542
2019-09-01,1m,-8.059944627433612,-1.4116504355825676,2.1318121396185274,3.3987113641975375,4.678820814433049
2019-10-01,1m,-5.939058522966301,0.19698137860597598,2.335261471170491,4.204244628059506,12.30050236482989
2019-11-01,1m,-4.002244764845653,0.1403672715494908,1.9389679633450063,3.175941973370744,7.738240603723634
2019-12-01,1m,-6.806230263141,-1.2418460922504981,3.007593417990928,3.7720704099894142,10.731639707162199
2020-01-01,1m,-5.203078186905885,-0.22553815495319762,3.1849414967574097,4.075058186780156,9.055941560375524
2020-02-01,1m,-5.663726723907558,0.1695481608409377,2.650175295257462,3.2342407724488043,8.755331954589174
2020-03-01,1m,-7.482911974770456,-2.0186118525849173,1.9387351773341832,3.0062468416717225,9.21872668331023
2020-04-01,1m,-13.478295455309496,-0.2682852918154288,2.36775298575167,4.028517901845952,19.89593796748652
2020-05-01,1m,-7.431303834748659,-0.9884263178107533,2.7787605208116517,5.750593892772837,8.53299340834055
2020-06-01,1m,-5.692892905571334,0,1.8369349091496456,3.967299763182064,10.409797322924774
2020-07-01,1m,-5.943321948934466,0.21059192029651008,2.5903355877312295,4.485844934652583,17.715278871716155
2020-08-01,1m,-5.0523963585550336,0.3743252300870692,2.031252429723085,4.344593426291388,10.824832820668174
2020-09-01,1m,-9.214729239117458,-0.35421376507943636,0.9970192202077399,3.0137048198674465,14.42361843446951
2020-10-01,1m,-5.122938541374122,-0.7865323058213081,2.226110231470413,2.6009087973878353,7.401031700302818
2020-11-01,1m,-6.6491617270791,-0.08047094232109808,0.49017063321017407,2.424238257247291,10.544355100127344
2020-12-01,1m,-3.3961102265023135,0.06969990039338292,1.7079883112742333,2.903530289973011,11.674948600246893
2021-01-01,1m,-9.365296198432294,-0.31693118955316013,1.7716886574593582,4.267587496754177,21.664654484261803
2021-02-01,1m,-4.484526637208763,-0.4155798225004337,2.9643500531539857,5.453317077588227,11.880085860718225
2021-03-01,1m,-3.8808810494396773,0.32346438635633135,2.7906857142490527,4.409199730999935,16.30020192607531
2021-04-01,1m,-4.4373634260978285,1.1620779465755904,2.905897890959297,4.594928090739692,22.55192583071599
2021-05-01,1m,-3.9610089697251105,0.779849867755722,3.1180422238114014,6.273391911549253,18.46326021127558
2021-06-01,1m,-4.387107896022879,-0.6246572868365052,2.9645805876875153,7.080058272956102,23.26931786019335
2021-07-01,1m,-2.7967729595555046,1.1869354541638177,3.6957776076227633,6.164498503342508,18.65286867225795
2021-08-01,1m,-1.9239074352806806,0.4051045250736518,3.365384368873614,5.961295716578507,15.725272051079408
2021-09-01,1m,-2.856151875459334,1.2701237285628553,4.649241612565591,6.42061075058924,16.77408646497458
2021-10-01,1m,-1.7173444837072172,0.8429403148693781,5.601393240481212,10.504441978895684,23.862170870616104
2021-11-01,1m,-0.07254480837401989,1.4979875184172986,4.833721545917391,6.950036619014344,19.92173129458812
2021-12-01,1m,-2.2320584964371837,1.9641560395668334,4.803608173140894,7.146211950752002,21.00746273543703
2022-01-01,1m,-7.459396421697717,1.6406404758446458,6.830196694635249,12.279229763953548,21.982269115889874
2022-02-01,1m,-1.2632393916294449,1.6598618735978787,5.614782504907967,7.533738724677574,23.08297174964844
2022-03-01,1m,-4.054908088927355,-0.27942178829403197,2.7598660228728145,5.664906222101007,25.5507192740438
2022-04-01,1m,-9.987614941417778,-2.715645262461319,6.0403113457911495,7.083990744720281,15.797788096623155
2022-05-01,1m,-2.7976890437804047,1.6045030540637217,5.998009418313721,9.1001386863672309,19.41971579598112
2022-06-01,1m,0.39263845451609214,1.895661538472404,8.851057701422626,11.34418924239653,26.12716232044743
2022-07-01,1m,-7.163301819258228,-0.7029750074708851,5.077537174426827,8.000753418254014,19.146223991999566
2022-08-01,1m,-4.4973102537479654,1.137188527249755,6.53733273217707,9.024300482442893,15.952325827666947
2022-09-01,1m,-6.763823493902244,0.10996965570080341,4.575938901327525,9.443797549156209,14.78710140336239
2022-10-01,1m,-5.349655139333054,0.09374389006757688,5.78241465656939,8.148385433778005,13.238298897217437
2022-11-01,1m,-6.94678674715049,0.13542311164174148,3.2099309570122525,8.294789212224707,13.11912881829742
2022-12-01,1m,-5.3720366168852,0.6321022973678314,4.895013063200593,9.19670863919162,12.629690082165258
2023-01-01,1m,-4.5329771440479005,-0.5401308318981224,6.280938891656485,8.046053705043633,15.869213006500349
2023-02-01,1m,-3.7502292902043544,1.2840693967489214,4.002993025955104,8.692620893669535,11.994630495942605
2023-03-01,1m,-6.347821116277219,1.596817850343335,4.863913424519639,5.9598924577454415,9.409322874749627
2023-04-01,1m,-5.96049545192473,0.8056877545093322,4.510762510372901,6.955681794182866,9.173805900504073
2023-05-01,1m,-8.508801490340346,0.9132009863763058,3.949302479329031,6.397534317750764,10.512052321009048
2023-06-01,1m,-6.952423635411775,-0.532597291029091,2.687692515162632,5.958381970604343,9.878744418627882
2023-07-01,1m,-5.6927776715635865,-0.03336314361290782,3.403792778501047,6.090678856162612,8.26990421914553
2023-08-01,1m,-6.465186917456012,0.030582987976068843,3.1914913227810704,4.60137589349634,11.057647430871631
2023-09-01,1m,-7.703730573577083,-0.5591855249913902,4.080527013335367,6.393709257129432,13.821089568503853
2023-10-01,1m,-4.9578391747236665,0.02767006504142966,3.5789074079523697,5.4611134600961675,9.637452740112185
2023-11-01,1m,-10.16239256143251,-1.8199368350313105,3.511959223950867,5.676888502752631,7.110535644563454
2023-12-01,1m,-6.222444539219141,-0.660191389964937,1.7655645732477243,5.362307333149596,10.475408836327338
2024-01-01,1m,-9.107570640533924,1.920752707459461,6.2801161853860865,7.024281008243105,15.401966229229647
2024-02-01,1m,-2.018934626392077,0.7739044155612884,2.4910339072261367,5.651619488261961,14.418782538631802
2024-03-01,1m,-4.222864093976675,1.0036970196395156,3.5578084268450327,5.093412694690702,17.648871134755083
2024-04-01,1m,-4.964399276444887,-0.7146169019028203,3.3446855196907377,4.31688964851169,9.23203786799862
2024-05-01,1m,-8.961870449178877,-1.749050623654791,3.500566242203318,4.743098528809986,8.8690976622255
2024-06-01,1m,-6.678603394340432,-0.5060117315776269,2.650463160884997,3.6903608339320604,7.188531368795226
2024-07-01,1m,-3.1698897404391913,-0.38159396801175083,1.8576717216148841,4.399910168244747,6.676836229220595
2024-08-01,1m,-5.156441211729035,-1.1562771864479848,2.798348997718536,5.192843396028746,8.881454242015963
2024-09-01,1m,-5.585867417051982,0.57455451603039,3.7500918087590485,4.2632101346586015,11.032514301385966
2024-10-01,1m,-4.638746329026944,0.7469914455810134,3.6662611468412765,5.388831765631408,13.366705442063619
2024-11-01,1m,-4.889824875136428,-0.2807571414882082,3.231311047458929,4.017866332147757,11.48247454387965
2024-12-01,1m,-5.6844308232896985,0.396353946455541,3.85127739797424,4.085621898160285,8.128847827008311
2025-01-01,1m,-4.177086012529829,0.01950268155737067,3.5709106742458863,4.265046186414279,16.217734811200124
2025-02-01,1m,-2.9565249297142326,1.065661111678562,3.6593780341565685,4.52673279319431,11.122426197676894
2025-03-01,1m,-6.966184942710285,0.24874013170610443,3.528648509573551,4.538580885227272,7.307146654921515
2025-04-01,1m,-6.59390152710878,0.702772650468253,3.9590863968799406,4.570146225389515,10.082968447850082
2025-05-01,1m,-4.490207861981932,0.3924874232323017,2.7930437600197866,3.373567594805693,9.018145288655145
2025-06-01,1m,-3.343955510051322,1.6071893113332125,3.7540995915625652,5.403204128808747,9.444476801004553
2025-07-01,1m,-6.235988274847736,0.1054875405626099,2.770707401444472,3.4995154326814104,10.83354871573361
2025-08-01,1m,-5.392224204344387,-0.07273136264934754,3.7572818182637358,4.979191605122124,13.04515434955793
2025-09-01,1m,-2.9983495086664758,0.9876503334698583,1.8266494146344403,3.9904215798041154,10.966297887725961
2025-10-01,1m,-4.856681656709738,0.18168507999107852,1.9448135320513815,3.4083404956464003,11.252843540498736
2025-11-01,1m,-4.2875142563997715,0.25763037357642293,1.9502963377152849,3.406513802095179,9.671093139870646
2025-12-01,1m,-4.179383867560659,-1.5972695813356474,3.2913278038551708,4.834472088551145,13.75257499307665
2026-01-01,1m,-4.582234301223965,1.155618636454614,2.656197580258479,4.033557415448841,20.938212698326364
2026-02-01,1m,-4.407407558343945,-1.1609813096478794,2.7107192421406134,3.716439347283962,16.82309028815665
2026-03-01,1m,-5.38717789154709,0.6331965084478863,2.9071884788874014,5.134612052484067,16.122549421052
2026-04-01,1m,-3.0169842171635097,-0.7729918369065225,2.908510652169749,6.54722853658416,19.919152918835124
2026-05-01,1m,-6.306507329138322,0.4988853892764489,3.55674548896745,4.43204618956321,13.896787807764198
2026-06-01,1m,-10.923709077789256,-0.8389329977458893,2.7182508034586883,3.174957378143728,9.107407946998713
2026-07-01,1m,-8.907150394912755,-1.107277032525511,2.934330360031878,3.405089101131198,7.7973505404413945
2026-08-01,1m,-4.66373615488247,0.05000937572332553,2.305888852019322,4.558055026103869,16.076492781677775
1959-04-01,3m,-1.5257760746536286,0.0424380663491597,1.7172659228653853,3.31779092959541,8.497812208503053
1959-05-01,3m,-2.0671137321143007,0,1.7172659228653853,3.0053387566500556,6.652868293104697
1959-06-01,3m,-1.642080551503844,0.6654103256718003,2.883506458652474,3.4973013957976473,8.525087777207506
1959-07-01,3m,-3.364762551685685,0.804131508216166,2.014447227970284,2.9058826359184664,8.480254682174927
1959-08-01,3m,-3.404724798694414,0,1.7099250981741587,3.5680659799297576,10.15058097057906
1959-09-01,3m,-0.6711556319210388,0,1.6863343987904456,3.2207644862602525,9.424695365999924
1959-10-01,3m,-2.4752807249230346,0.6671598915529042,1.6696999672219492,2.7471922580597496,11.47737748787736
1959-11-01,3m,-1.712078775634096,0,1.735163819995722,3.2078508310503517,8.424883844062613
1959-12-01,3m,-1.446506231318323,-0.590975788018866,1.6133635293256177,3.393579203971364,7.677912360866945
1960-01-01,3m,-4.817564060852508,-0.6326268691693726,1.6955683328515825,2.747008495332315,4.945831023357061
1960-02-01,3m,-5.752973024172714,-0.050200452209925306,1.6955683328515825,2.4634444617385842,6.144491268371555
1960-03-01,3m,-5.984398959934989,-1.1653777806169385,0.9754494256655866,2.7258160525095,5.114626675280198
1960-04-01,3m,-1.6342508359205588,-0.28224366261194733,1.0632145063723009,3.2122613996870664,5.9908775964285566
1960-05-01,3m,-1.6756480419020892,-0.03459758649474454,1.569407308904669,1.8670311968542075,6.104142707491755
1960-06-01,3m,-1.8871890408417191,0,1.6802599793471762,2.0013961912973777,5.600504454119282
1960-07-01,3m,-1.4260448585853847,-0.7706062095640065,1.6046586095916249,3.1841120679011015,6.806892799183695
1960-08-01,3m,-2.3505339570893846,-0.02622348955000353,1.5035760217964933,2.3986104218462145,7.620011239588087
1960-09-01,3m,-3.0674353395644616,0,1.6487832108534661,2.495150359308318,7.942653550501388
1960-10-01,3m,-2.996293499905589,0,1.1939816887115429,2.0539408905148715,5.059546447875651
1960-11-01,3m,-3.8645025864221694,-0.011322944520453238,1.674412186466756,2.6404125610084206,6.912844645800442
1960-12-01,3m,-2.3251690828841154,-0.024121815056932228,1.635673226396439,2.231641852584554,5.083505147249023
1961-01-01,3m,-1.8953499409608776,-0.028189858523297584,1.349321147749083,1.7058669366954105,5.708518612427538
1961-02-01,3m,-3.6553848237974584,-0.6287678002156349,0.3021647971011676,2.472532117214943,5.871685144809691
1961-03-01,3m,-5.873486861988974,-0.6131908529111829,0.4629324228820675,1.5858990374286508,4.803291151487987
1961-04-01,3m,-5.356655952711121,-1.311123712338702,1.3224642462817071,1.6674324133246543,3.4424952275299514
1961-05-01,3m,-6.631787952638824,-1.7020888027912129,1.0005213400927415,1.6674324133246543,3.019814901227247
1961-06-01,3m,-3.8584767917254403,-0.8290626217103636,0.591626844259574,1.6046586095916249,3.3229686355606747
1961-07-01,3m,-2.4123451274918994,-0.13941530578769346,1.5328482351929296,1.6569941773010521,5.306752734586984
1961-08-01,3m,-2.8936301681885657,-1.133263192082612,1.4817057030749092,1.6918784026662692,6.3569241048288205
1961-09-01,3m,-1.8887117617137017,-0.8758432061575006,0.19751454771181898,2.4681293429278828,4.962926309775639
1961-10-01,3m,-1.8008064907760635,-0.08427261725426627,0.5979914332802094,1.6614023171769743,3.792334878891923
1961-11-01,3m,-3.016936135294146,-0.35814177813172643,0.034171970129559526,1.6807414148863664,4.6742544241269
1961-12-01,3m,-3.726949338114094,-1.0582400192488128,0.0341690510700543,1.5151245457346807,3.6372662460812943
1962-01-01,3m,-3.9532975407782,-1.4977782066600165,1.5151245457346807,1.7160294981313218,3.97199811033917
1962-02-01,3m,-2.1685981124233478,0,1.5792198750654185,2.282273808429025,5.229822361674241
1962-03-01,3m,-1.6546753950892001,0,1.6844629918447485,3.3279829697183683,5.447156797470942
1962-04-01,3m,-1.3087888817594817,0,0.9500400768168715,2.9862285682080714,5.905820359370995
1962-05-01,3m,-2.8015682982178047,0,0.9418348032422141,1.646968311858954,4.02432540124491
1962-06-01,3m,-2.66429653082374,-0.024047855123265904,0.7826687694208356,1.9012903591674846,4.820518290498166
1962-07-01,3m,-3.9888995593988064,-0.15441031670888616,1.1887783479034297,1.6736388591825468,4.5843623732030325
1962-08-01,3m,-3.0395540191210935,-0.11584687687494766,1.5997905072224539,2.3617801223785317,4.3189429789589395
1962-09-01,3m,-2.6875882321920175,0.14007351715152883,1.6084834176927965,2.6220641917593657,7.616191351663137
1962-10-01,3m,-2.334804285893932,-0.05771422649776259,1.5038818074948557,2.7372243029685883,7.746300675622386
1962-11-01,3m,-2.3353862649945434,-0.2547363776201794,1.2405356710857962,3.0258667892398616,7.222798228866822
1962-12-01,3m,-7.497196054518806,-1.6703419022437327,0,1.2513623679691221,3.135480644413269
1963-01-01,3m,-3.6783931592566987,-1.0800645910171491,1.202882687426099,1.6336451324897805,4.204806756734114
1963-02-01,3m,-2.2775515463911766,-0.4606425883646348,1.2675898216010006,1.6336451324897805,4.5741237818896385
1963-03-01,3m,-4.580028410951808,0,1.595555191126663,1.940475542868092,3.9588220749906755
1963-04-01,3m,-4.616782525339358,0,1.1592719621190017,1.6573999255208305,4.084584522218648
1963-05-01,3m,-5.498169621940308,-0.33659379013761814,1.442964068955499,1.6270004149819162,4.734620450871407
1963-06-01,3m,-3.1269553952112616,0,1.5552070825516573,2.253432719261994,4.801076184714126
1963-07-01,3m,-1.0924422403159717,0,1.574361119227019,2.4324240628354588,7.176196023199077
1963-08-01,3m,-1.3330328328006291,0,0.9452846998342368,3.1315155231776304,8.515992132405593
1963-09-01,3m,-1.4026011947485983,0,0.9452846998342368,2.1084274234120848,5.882688355600552
1963-10-01,3m,-1.3604311177063177,0.4430898785138915,1.589063347570474,2.620663813503965,4.685356464084101
1963-11-01,3m,-1.4489933930207144,-0.018793459824040237,1.589063347570474,2.074404575868649,4.319690035075507
1963-12-01,3m,-2.743458334965798,0.027447078440046013,1.589063347570474,2.5947089168409043,5.104604328212914
1964-01-01,3m,-3.079241157244128,-0.7493155018197806,0.638320099238121,2.3369907987954353,7.435616177172921
1964-02-01,3m,-2.0170027296294246,0,1.5004948166527754,2.113914115900317,6.286765918359238
1964-03-01,3m,-3.2352529544439013,-0.03333472199065213,1.6024528586025433,2.3787738462456076,5.043827687290925
1964-04-01,3m,-2.1989264501573125,-0.6229716713475275,0.8658281287349245,1.6139970568316508,3.974292314952832
1964-05-01,3m,-4.316063041255836,-1.3445979875796543,0,1.5764234495829754,4.205728276329168
1964-06-01,3m,-2.4687100478964275,-0.8729575734390926,0,1.6100305466608456,3.8474583322021028
1964-07-01,3m,-2.2169252156619024,-0.2017773574539805,0.03426857968145125,1.5761591254634721,4.859708042177058
1964-08-01,3m,-1.858870507717758,-0.9876119211313594,0.9227824409105523,1.6710868377957988,4.560278820337693
1964-09-01,3m,-2.223153376450826,-0.7124540275682101,1.2002116153502218,1.6731265591259925,4.817854523636567
1964-10-01,3m,-3.3500257706339798,-0.8238885066738644,1.4499429687374832,1.637187728497902,5.195845812147115
1964-11-01,3m,-1.5039057005963308,-0.0551743150431494,0.19889889081645684,1.6650642718887054,5.126252796888298
1964-12-01,3m,-3.048882819683052,0,1.0523674437992847,1.701002482035352,5.104604328212914
1965-01-01,3m,-2.096636559209919,0,1.3297058353222146,2.491333862194578,4.955223042764967
1965-02-01,3m,-2.381995174990148,-0.7752642087213157,1.4975404109856871,1.619105318691405,6.36915123508206
1965-03-01,3m,-2.4204627336385287,-0.011369288697393731,1.104792346139205,1.8898577693790442,5.672639771490484
1965-04-01,3m,-2.4211494555630986,0,1.2209213195103263,1.9860126672264444,4.941895341718139
1965-05-01,3m,-3.472573074562302,-0.03349382428257108,1.532718905570385,2.7571009040599836,4.977585311328703
1965-06-01,3m,-3.6544929423411032,-0.10162047558339715,1.5948159756382196,3.2878484421365206,6.174566102021473
1965-07-01,3m,-3.2455724134793695,-0.014503263210352557,1.5948159756382196,2.746284692431633,6.350627035762102
1965-08-01,3m,-4.538907091956601,0,1.5971998842267077,2.985944813082786,4.773814603176207
1965-09-01,3m,-1.7355622506701307,0,1.119691231425901,2.7299633179586724,5.772816728006869
1965-10-01,3m,-5.553488388714278,-0.24057727681344732,1.2593762635755512,2.2171287452852795,5.772816728006869
1965-11-01,3m,-6.158613209081398,-0.3287313947824666,1.5884827548318547,3.0097495549595177,5.43618170862874
1965-12-01,3m,-5.934068008653048,0.08301584266452444,1.5884827548318547,3.2087584769751487,6.102405559485269
1966-01-01,3m,-3.3795909842100014,0.0026842304811980355,2.28788065856238,3.2297164010044455,7.548808707205068
1966-02-01,3m,-1.8867394785792357,-0.022602062348064944,1.858254625465583,4.137704389257535,11.963305775331579
1966-03-01,3m,-2.433483180615692,-0.01741616651532718,1.611345878388759,3.865627602441868,10.139341575337223
1966-04-01,3m,-0.9098772508730146,1.4284814909355958,3.1077207985242605,4.138760720722279,10.642954726054853
1966-05-01,3m,0,1.4026336164171926,1.828924326282122,3.968806296739036,8.006433873668083
1966-06-01,3m,-1.0027452756175892,1.2406030020732706,2.493458824492434,4.399121463114342,9.39713651073042
1966-07-01,3m,-1.1008732839247082,0,2.580123726272543,4.716341905899513,8.041504960435386
1966-08-01,3m,-0.9090675039097329,0,2.771683041558548,5.241258352044276,8.530331563942228
1966-09-01,3m,-0.8990641420243417,0.7039004277328287,2.4192455327165296,4.570699028745162,9.848855231680421
1966-10-01,3m,-1.6207211314472336,0.9947185844815465,3.1274928793631362,4.604740102845639,8.625318778882995
1966-11-01,3m,-0.6646401071058183,0.8211869890067947,3.1498826446722195,4.606710010822335,8.03698338862635
1966-12-01,3m,-0.8577322234372908,0.8251408436037222,3.13753000516257,4.580338800888395,6.889180896471037
1967-01-01,3m,-3.1288841515292543,0.04463538400669709,1.65158635144238,4.547699799833782,6.335475247719047
1967-02-01,3m,-3.594264440165995,0,2.4998794434609284,3.323047393748735,6.314919226730797
1967-03-01,3m,-3.3795909842100014,-1.4434711081889873,1.9365242298249319,3.129833794641357,5.9144797152571815
1967-04-01,3m,-4.933421059737608,-0.011216263571289797,1.6611036347930153,3.6264254417461173,5.869342510423481
1967-05-01,3m,-4.11940589478651,0,2.1163288346895737,3.406782845828271,5.66713172776967
1967-06-01,3m,-1.5696665996539405,0.9383933184196058,2.4941785972748542,3.863028264246582,5.990757160060722
1967-07-01,3m,-0.12601951738256956,1.5458650796331241,3.0594112176870247,4.162189178079445,6.082779108683378
1967-08-01,3m,0,1.5091043955514083,3.0594112176870247,4.3870707514368945,8.941343861609763
1967-09-01,3m,0.07653304921135806,1.5399139406609974,3.851852889447138,4.632571265616869,8.304798010627668
1967-10-01,3m,0,1.5356033734386543,3.247653954677787,4.551454844065472,9.25560573990467
1967-11-01,3m,0,1.7054057019875835,3.436216244516599,5.058746169084127,8.602164840747427
1967-12-01,3m,-1.3471656726992132,1.1856741175429786,3.2545239100988166,5.174979824608883,7.728191067825474
1968-01-01,3m,-0.7932752471095594,1.5282603483275592,3.549306730551871,5.33984030479131,7.9058876766956665
1968-02-01,3m,0,1.0552371207646738,3.5043863653910545,5.912882245475082,7.968430891777101
1968-03-01,3m,0,2.0910728961243574,3.796158034492403,5.593175661094607,9.529209157455277
1968-04-01,3m,-1.0277129092817971,1.547722912916405,3.045680222988767,5.171549018439814,8.732427139589905
1968-05-01,3m,0,2.413973550105708,3.4926532537367105,5.073706111556575,8.714386706766675
1968-06-01,3m,0,2.2242677971671787,3.5296331674992576,5.952879719088666,7.826734944065183
1968-07-01,3m,0.5844310354073956,2.0135759459676716,3.4522803636961585,5.812958713982952,6.851476426676983
1968-08-01,3m,0.8206430508779894,1.5053654556213214,3.999509873407936,6.152831259734426,7.473489515743403
1968-09-01,3m,0.8422779370643063,2.6327281218252008,4.011631216378042,5.139252738366107,8.14373918542952
1968-10-01,3m,1.0551678318532431,2.986394554184235,4.555050241783931,6.233272962250469,8.981525781983834
1968-11-01,3m,0.7701498443193566,2.6004867765232476,4.061500285229647,6.361475424506269,8.004188804088773
1968-12-01,3m,-0.12970166906470793,1.2418031356056014,3.414647638992463,5.024434038139947,8.21749455234768
1969-01-01,3m,-1.1561819058521827,1.9519410369630341,3.2781234908570767,5.081510824793423,7.896296504560962
1969-02-01,3m,-0.41370825107999165,1.4625973570014938,3.465476989519445,4.846090470623232,7.343834762142976
1969-03-01,3m,0,1.5094654176317945,3.990782153550909,5.33595642761866,9.176646451559067
1969-04-01,3m,1.0073484062193883,1.4777724851511076,4.168092698490722,6.070647472456825,10.23139029639324
1969-05-01,3m,1.4131967664327671,2.532497645962728,4.453187921745583,6.088748995379212,9.137885972149483
1969-06-01,3m,1.573009673367154,2.5952614348649927,4.830095164280035,5.811096329332743,9.286350530897703
1969-07-01,3m,0.05938682933448458,2.3664374277886147,4.829137457391575,6.179926939133051,10.761859164713062
1969-08-01,3m,0,2.6283018147806647,3.96722884303784,5.866437583307693,9.983535958354395
1969-09-01,3m,0.4072554167582565,1.7279773145659982,4.4041636927138805,5.76077646218891,9.514315380995274
1969-10-01,3m,-0.04396280680082354,1.4994441530890246,3.366500881684975,5.591839830310419,9.497702865900726
1969-11-01,3m,0.05605237341670399,2.6933374526219023,4.3718705859988605,6.1549758978574065,9.39907384980334
1969-12-01,3m,0,2.4963649805243238,4.356206957165498,6.832184952564213,8.312884547355859
1970-01-01,3m,-1.428928510095484,1.5218975048143513,4.340351324539271,6.923382437357795,10.197943944425369
1970-02-01,3m,-0.7661780683195341,2.002204157765708,4.296268339755915,6.755484569833081,10.277991071785152
1970-03-01,3m,-0.9219111889823495,1.5486497199432625,4.3092832285052785,6.586385886180923,9.979750471150407
1970-04-01,3m,0.40534281422444085,2.565040127099505,4.440564406421843,6.697483682321059,10.274247534966285
1970-05-01,3m,0,2.469577304515469,4.2786566810524285,5.7991228549536755,9.032044981188857
1970-06-01,3m,0,2.294871437081003,4.2633594896293925,6.381573277011143,9.137885972149483
1970-07-01,3m,-1.4294493725908297,1.6878492513914045,4.24817127612529,5.470009409350407,7.8720606635720225
1970-08-01,3m,-1.8365546618681838,1.953623250077019,4.2762147748288015,5.017164564597221,7.799903224951654
1970-09-01,3m,-1.3501159613273361,2.865106455640709,4.218404115488927,5.663062887595682,8.68692172811647
1970-10-01,3m,1.0853358108890765,3.1643347380972964,4.759688078830626,6.177702115923678,10.874307055382149
1970-11-01,3m,1.0991653000310242,3.5549166721628778,4.271207822269063,6.624058255760423,12.877249119222522
1970-12-01,3m,0.015625915551176206,3.9945546868889625,5.6036714944369015,6.566830924663436,12.47017354007669
1971-01-01,3m,0.5406291349747461,2.7563470262989664,5.443904606374561,5.844159028496243,12.536704419065092
1971-02-01,3m,-1.4037490036676759,1.9159074152459432,4.971898177659151,5.571170978983675,9.811163390805678
1971-03-01,3m,-0.9030510678325498,1.3682600658770916,3.6632974363975945,4.370395116583969,7.817156115439516
1971-04-01,3m,-0.7117057684095207,1.8188241988722265,3.8947477171924483,4.515290628910651,8.871901698873508
1971-05-01,3m,-0.8392224617552957,2.234048119259824,4.12919146900812,5.4885483414844005,10.632814256693269
1971-06-01,3m,0.17180281663951025,2.7250521907321135,5.284237488625965,5.475467990996008,9.5292565155217
1971-07-01,3m,0,2.862642356973777,4.692785490361073,5.451337352353947,8.803130852785745
1971-08-01,3m,-1.2488061909268655,1.396111599802352,4.033985540574059,5.230517754458397,10.75172415090757
1971-09-01,3m,-1.4116354258847053,1.8813003891361646,3.572573892245612,4.445359136989979,9.699480141376892
1971-10-01,3m,-1.4229090908666753,0.015173643354171595,2.7766824469457996,4.088253608446668,7.666601323318845
1971-11-01,3m,-2.681305527256861,0,2.584619927095644,3.0693726043685476,4.705202825793053
1971-12-01,3m,-1.1259872847848906,0.6215987510255427,2.6580021658667796,3.061474988199042,6.029329511923787
1972-01-01,3m,-0.5049857354795795,0.8291219737608158,3.127018170499074,4.495091017107389,8.477661615385612
1972-02-01,3m,0,1.6478571832621247,3.711520761894782,4.556371576810747,9.915680478988431
1972-03-01,3m,-0.7367648362132884,1.8710038398285,3.9283574020591683,4.799323296451674,9.594503389469523
1972-04-01,3m,-0.0230514334152776,1.2943760703966856,2.7574280154147424,3.964280340099746,6.038958316115628
1972-05-01,3m,-1.4086925531269556,0.4258415355216094,2.241207988762395,2.7159388152933284,5.040709458242487
1972-06-01,3m,-1.9585429930179532,0.013787635916995278,2.6148985625598087,3.348835538819306,5.145938989974552
1972-07-01,3m,-0.8517299863259664,0.4460296383669071,2.893679309647146,3.9716115082840897,7.298525020193658
1972-08-01,3m,-1.444474863125833,0.813559248364415,3.334876774937756,3.962387857315286,8.456630159747158
1972-09-01,3m,-0.2015989829106335,1.2636508256014922,3.890233045058933,4.516347863045356,9.009327056323269
1972-10-01,3m,-0.8430619537704631,1.5508788839678989,2.589668691654623,4.347484061753426,6.775667780690675
1972-11-01,3m,-1.4666926611742959,1.0535466624874257,3.3575265567719725,4.929116110022935,8.328398882187615
1972-12-01,3m,-1.196734496506735,1.4327835078600692,3.757080199278229,3.9201085778763023,6.291579750838783
1973-01-01,3m,-0.7059315017310497,0.8642902246760675,3.884894820499163,6.022438938455599,7.949502397858166
1973-02-01,3m,-0.46818406133596335,2.0250640795955066,3.8660004936978742,5.211873409868106,10.383176480032619
1973-03-01,3m,-0.66413432621516,2.082575997607128,5.07625979055204,5.800290502385108,11.510348035823315
1973-04-01,3m,1.2166702486123393,3.4978001767153266,5.1619594007355385,8.61328044454761,11.820532700589892
1973-05-01,3m,1.3348370784947994,3.7376261161583324,5.063811884442826,8.615894419427384,13.308676145579845
1973-06-01,3m,1.5428037876761058,3.7682429339992662,4.902132197246178,7.275305646168806,15.624923505759192
1973-07-01,3m,0,2.2130876839305147,3.756372327718016,5.804618463681743,11.747503207020827
1973-08-01,3m,0.8205085225224451,2.9534205929552915,4.186984244766645,7.893504377027205,15.578663366646417
1973-09-01,3m,-0.29545052844924813,2.208094283332529,4.877697819070859,6.424675961278026,17.953674549851193
1973-10-01,3m,0,2.466482342139553,4.992869004818901,9.261748247714085,21.491876428921298
1973-11-01,3m,-2.158032273427679,2.38610744176293,4.830160328205779,8.128748630230787,30.01262599058363
1973-12-01,3m,-2.161920039612153,3.301868442368039,5.39364031012306,10.461363729057371,29.547765384242417
1974-01-01,3m,0,2.586939834106605,6.048357349341327,10.517825202046094,23.895686986981126
1974-02-01,3m,1.6920475188458628,3.664683084514242,7.771082577182953,11.123198137055024,31.610210397777582
1974-03-01,3m,0.05002813985128807,2.451367402924176,8.624156521147498,12.340005562302725,42.50188728509316
1974-04-01,3m,1.6178887719330959,2.4298076317304185,10.168538149145622,12.462371627644742,33.372545396673736
1974-05-01,3m,1.205713592243729,3.960096808424285,11.330750502970567,13.62146020960262,30.257342435273713
1974-06-01,3m,3.0521325590978865,3.63141644519267,11.198987881199818,15.016747631585737,27.262221268006037
1974-07-01,3m,1.6411154173991083,3.664593463504029,10.907265284608592,14.653257391713836,28.466543133054543
1974-08-01,3m,-1.8321156317203102,4.832833753632815,11.801089358666484,16.092269845663807,23.95473237331767
1974-09-01,3m,0.7906426565892799,4.827552122790113,11.781034702193583,15.634494010692679,24.09506898024294
1974-10-01,3m,1.429205060477834,6.024969774411404,10.985642843207177,14.469631469086952,25.0615513916703
1974-11-01,3m,0,5.444191053523295,9.647014030622557,12.355262356828224,19.52675877533774
1974-12-01,3m,-2.3394921621750164,5.466162078105308,8.99672818084236,11.436612768102062,18.44912776241967
1975-01-01,3m,-2.04013989915377,2.852705430393465,9.626276726786042,11.007665053952763,19.98565879092542
1975-02-01,3m,-1.6389198309255892,3.827902641339276,9.592854437420462,10.343362709237102,18.355365520280987
1975-03-01,3m,-1.1069685011734665,3.143929908870313,7.010085528966736,8.71472078264186,14.613773082581494
1975-04-01,3m,-2.4034710470139387,1.8926134500018676,5.82085292167096,7.831781413385341,13.071543440470501
1975-05-01,3m,-2.5071406774890392,1.649670291116001,5.764230199612563,6.602115109489359,11.57941203608659
1975-06-01,3m,-1.1362752499549433,0.9434961738338687,5.671893038591014,6.967013892962282,14.708861343447378
1975-07-01,3m,-2.0506051471141373,0.7317405846167802,5.3176272460378815,6.926812065526877,22.80556372314797
1975-08-01,3m,-0.009262153676159457,2.9912953652164287,5.682363877721075,6.907098320778693,29.128303875124594
1975-09-01,3m,1.155591345478335,3.4595966938725464,5.650326493846358,8.369557050535548,14.886124608770167
1975-10-01,3m,0,3.3452016746522206,6.756382717077725,9.13523708552928,13.062829601732107
1975-11-01,3m,-0.6143482379280529,3.7795856575643993,7.7609449951486775,8.3493590204194,14.55136034245701
1975-12-01,3m,1.5921716815270992,3.566911821116703,7.882167324440603,9.192098913466417,15.214751659066605
1976-01-01,3m,-1.6897145271258296,3.54015091232025,6.666218201883889,8.652719210910798,13.62074309627086
1976-02-01,3m,-4.9703603940135626,2.8449356404660175,6.513401357024229,7.134775184322861,11.892521182040895
1976-03-01,3m,-7.408465628841753,1.2609919779461354,5.726047410002577,6.592874437449203,10.322046767334658
1976-04-01,3m,-8.243767207444197,1.0274935561574328,5.456709744991239,6.187001816287463,9.111436213138923
1976-05-01,3m,-5.0503256305857285,1.9377760847004266,5.405619354804148,6.372113363450893,10.32603853319969
1976-06-01,3m,-2.201170993930368,2.2771506980348466,5.267704957598096,6.030906431132177,9.910101112962867
1976-07-01,3m,-0.07192045306828598,2.5298126738905413,6.468416136142396,6.945637349651745,9.96787411687723
1976-08-01,3m,-0.6970638563806419,3.098991638942561,6.371128130353632,7.542756638378356,9.669876341492746
1976-09-01,3m,0.4915848573078252,3.224581431426521,6.826283807079037,7.5249358769496455,11.300891647537338
1976-10-01,3m,-0.3035583905080519,2.645741999723361,6.782732289533433,8.546264532645775,12.565843110656182
1976-11-01,3m,0.008162682253098907,3.574624530575665,7.248606062195284,7.8372977168953195,11.553854864605606
1976-12-01,3m,-0.4997179307579591,3.2529923572252706,6.151080348029425,8.564666414399902,11.992807124700189
1977-01-01,3m,-0.039617688812376706,2.724228769468673,6.193068119576073,8.319290401803968,11.821450336704498
1977-02-01,3m,-1.2062705561133202,3.3410735869655817,7.587661356973796,8.985004567868193,11.674469089421002
1977-03-01,3m,-2.058216261540735,2.7186616203016323,8.952269235474851,10.369823245603493,12.216899014448623
1977-04-01,3m,-1.3412579762651644,2.6708104680147615,7.744368353603437,10.289753127792256,11.345360192961662
1977-05-01,3m,-0.9857107666698783,2.272972012063934,6.683666196270255,8.11283867153172,12.494098447280312
1977-06-01,3m,0,1.84801397651293,7.059081270191481,8.129128235561955,11.959198295935014
1977-07-01,3m,-2.397223605035037,2.9849252985596486,6.507527713484618,8.067989178470425,14.363895898561951
1977-08-01,3m,0.674628670440125,3.872006138952022,7.18125993014358,7.948646135801329,10.488638037540987
1977-09-01,3m,-0.7022909896847618,2.9700770225245865,6.341980361364974,8.162206411161833,9.693825564953595
1977-10-01,3m,-0.4510823340892367,2.663423809819876,6.332640872818707,7.834866690892173,10.65833134937948
1977-11-01,3m,-0.008184394401689055,1.8281885168769163,6.167530479922068,7.777717021835229,11.83265336524717
1977-12-01,3m,0.6853613676186976,3.6552943201356936,5.741695524758583,8.20205335516022,14.77200214208767
1978-01-01,3m,1.2649558422747953,3.6185999636702215,6.6417207088315555,7.885792464106678,12.754303036909342
1978-02-01,3m,-1.492345749247781,2.6014634512242285,5.868301852880808,7.772509242432313,14.620905267621897
1978-03-01,3m,-1.6202029220533043,3.114564367456274,5.921705197513938,8.230150544498361,14.106388866108798
1978-04-01,3m,0.9830295774846176,3.120368346966118,6.687574312293165,9.589334703539421,15.69701331199813
1978-05-01,3m,1.8752787942537097,5.047767496996647,7.132155439368337,9.958665095838803,14.401449214027817
1978-06-01,3m,2.6619945819289503,5.147329561608838,6.665146055567717,9.701688495500838,15.111848090120716
1978-07-01,3m,2.488337212864211,5.269938386015283,6.53771253855957,9.193409287721455,12.98061219158173
1978-08-01,3m,-0.2090267044506211,5.499035494593185,7.7006087120825795,9.711517910184364,12.29946178692851
1978-09-01,3m,-0.6191186451515063,4.4414309009992214,7.43023700101666,9.273116662050818,12.995790664493324
1978-10-01,3m,1.293799948137675,5.198765949316142,8.283210018506226,10.116074494140559,13.303817687695506
1978-11-01,3m,0.4659884676691206,4.685444969665764,9.198177514093796,9.618270713607235,13.03127847877603
1978-12-01,3m,0.13471326182952215,5.3526419681111825,8.211892226357943,10.063334100419329,13.24339878034506
1979-01-01,3m,-1.001500795614385,4.960893189789051,8.072353598294724,9.802973720702068,14.869574304433876
1979-02-01,3m,1.2795726866525081,5.7435047478780366,8.43621839916755,10.972637364293059,15.509884903718095
1979-03-01,3m,0.6832640560728853,5.331318706707622,8.680498106394353,11.158492441105095,18.807001559209514
1979-04-01,3m,0.9677714125589709,5.263388219725518,8.02214920154305,10.286696842168297,14.303780451735859
1979-05-01,3m,2.239099013396184,5.396914367949135,7.9187478158575075,9.367266712066957,13.880809165095243
1979-06-01,3m,1.908361742146636,5.13656070164028,8.636932797199082,9.713365125447005,14.5807966876085
1979-07-01,3m,0.4801596908910355,5.5533830338036605,9.148143269515918,10.34874473120646,14.391757219900692
1979-08-01,3m,0.27693005319429087,5.3677631568400885,9.583250707643188,10.19977186735792,16.684944590885497
1979-09-01,3m,0.3809875342789315,4.846355509255074,8.924143673316554,11.398339637625421,18.307221827362397
1979-10-01,3m,-1.4321553306868462,4.090812726763038,9.612098493935006,14.505696488640663,21.158621065939307
1979-11-01,3m,2.2385390916595194,5.303712277138728,9.521218297295885,12.001443018102576,22.943671267632794
1979-12-01,3m,2.743622283881031,6.295152121658543,9.244155409948295,11.100383922928492,19.640467908826853
1980-01-01,3m,5.17641227939345,5.8364502662651585,9.792388072133518,11.595321127776392,19.538440636119915
1980-02-01,3m,3.9765997413219623,6.537998139167223,9.862615538832543,12.563971357745206,27.176351937504005
1980-03-01,3m,3.532352150632634,7.453057293459753,10.616710539384954,14.060207151724246,28.716371179137322
1980-04-01,3m,1.6752605567614598,6.302854819106374,9.91901257912906,13.598521522569884,25.14994202709513
1980-05-01,3m,3.410041137579145,7.361545569620143,9.106152085378616,12.258371558128989,20.74216741487851
1980-06-01,3m,-5.9204344177397505,5.3406417657033245,9.537678479243962,10.72410519729894,16.935485341526267
1980-07-01,3m,0.23599196548629298,5.742859860705241,9.459223199244349,11.34572521795647,14.610791448816475
1980-08-01,3m,2.9474612353948215,6.825500821986941,8.599255468717182,10.515684564128968,16.64857480822168
1980-09-01,3m,1.4227125798794926,7.008502315749499,9.444926375015772,10.78787613022223,17.756676577355336
1980-10-01,3m,2.4367557590841082,7.131691451665412,9.3381146126986,11.971109056770235,19.17268663409917
1980-11-01,3m,3.6978255494166445,5.38834705438378,10.151943658191964,12.592241723310615,18.03495141038507
1980-12-01,3m,2.900139356805509,5.244084280625505,9.516495502486432,11.630463114704881,14.181535413913672
1981-01-01,3m,2.189260082650346,5.972147223164259,9.899204411829853,11.229055377596797,18.550574495822204
1981-02-01,3m,1.8681047332305356,6.72609371120525,9.824251674110496,12.366887206285625,17.32541378786694
1981-03-01,3m,-0.6724628206014716,6.153680588566024,9.029703583520043,12.506275425597458,18.018172211701856
1981-04-01,3m,2.5009958524260023,5.7990268171299375,8.902443157346518,9.926583937354705,19.057361656368997
1981-05-01,3m,-3.2749133068590286,3.8685383794548445,7.293911513568707,10.412816537539872,13.736660365830033
1981-06-01,3m,-4.747997909161983,2.6941337926485343,7.208080895075231,9.518553145723342,15.221604473150974
1981-07-01,3m,-2.4222758255569854,3.2396270641635194,8.47976427263708,10.064449200760638,14.908968717964854
1981-08-01,3m,0,3.530304064020684,7.63709480794339,10.853031042566052,18.22678997814664
1981-09-01,3m,0.16320391732014272,3.764993392363092,8.722177006432275,12.292269547170331,19.828127488017945
1981-10-01,3m,0.8122907701142879,4.023013324650426,7.389632774672683,12.054659526964805,18.177251432545493
1981-11-01,3m,-1.1650400718761555,3.4223581177260654,6.526928175379565,9.83249183194539,20.257081633119036
1981-12-01,3m,-2.1795233404021785,3.2547929033817757,5.703401083097637,9.037066200320098,14.215691020587062
1982-01-01,3m,-1.6075525859125195,2.328196959441331,5.637519510496025,8.945335939073074,17.65362201369596
1982-02-01,3m,-1.1379439154944215,2.0572656954934487,6.356444377654036,7.618981971961181,13.5805925396844
1982-03-01,3m,-3.3893759374999832,3.3311518355225944,6.007792402426015,7.177786164157474,14.962047508109698
1982-04-01,3m,-2.0615847196432835,2.3213770152378466,4.756644160613344,7.002789553354161,12.70503976738846
1982-05-01,3m,-0.39214803287781486,2.9832570762700295,5.51973062298754,7.03664102590682,12.259006436562213
1982-06-01,3m,-0.8200562965306024,1.9987259506190735,5.557356248804712,7.142671253481292,11.520457272819051
1982-07-01,3m,-0.23952643996899559,3.663603197407106,7.51673452377335,9.084712784846083,19.59078202361304
1982-08-01,3m,-0.7491008398474053,2.8119033182754993,6.5309474189916505,8.143310314986184,16.277481265490046
1982-09-01,3m,-2.054532653706942,1.837876626206092,5.3796793360816775,8.18793459628042,15.798843943376895
1982-10-01,3m,-2.9591927126296325,0.5729715641150435,4.775085660444978,8.051963657104789,12.834724922934182
1982-11-01,3m,-3.873358222015799,0.02256890560028424,4.462306150125239,7.5055661272500185,12.771409205197571
1982-12-01,3m,-5.4899797030320325,0.2625981546804601,4.006552650736039,7.5478029524229,11.280044087681397
1983-01-01,3m,-10.718728866891814,0.5467858263574987,4.407210371409964,6.203162913831872,11.548626753665303
1983-02-01,3m,-6.757337937619756,1.6699049804979715,4.295249940621426,6.76181218475207,13.658504203160437
1983-03-01,3m,-5.337166502923352,1.8825738970075667,4.051589011846302,6.312669054217213,14.49805174059129
1983-04-01,3m,-3.6795313288519593,1.0413201058537824,4.370233417661384,5.825155724847786,11.713795580271213
1983-05-01,3m,-1.3794460595331293,2.339082451626795,4.515561057169459,5.302599642684203,10.796344723730101
1983-06-01,3m,-0.9547673384244004,2.016508162426711,4.25720291075693,6.541331086346203,11.38958871542346
1983-07-01,3m,-1.067913480717353,1.8328594068445891,4.017347282853589,6.091702729411086,13.294330087217276
1983-08-01,3m,-2.45355286931761,1.632927076279378,4.007759137996203,5.964174225637731,12.579152076498357
1983-09-01,3m,-1.5884896414244731,0.9008952141261517,3.924796970268618,5.39332845609426,13.743432325971373
1983-10-01,3m,-3.9287916947646995,0.4183157063004428,4.14769892052258,5.309235944752477,11.992034325127253
1983-11-01,3m,-3.9702183364442645,0.8811489906533687,4.359326097414207,4.911887669575399,9.40256876833665
1983-12-01,3m,-2.611615822715041,0.6901572038323645,3.899779492935651,5.175657363874375,9.301792925393059
1984-01-01,3m,-1.8116253831257811,2.12612902171474,4.510642064067061,5.3524712062804625,9.037168028238307
1984-02-01,3m,-0.4340372955663252,1.24306479554257,4.686961246501187,5.4626042608073355,10.032654699669186
1984-03-01,3m,-1.607033925707757,2.6699086948486217,5.1389436893348295,6.213243883227215,9.401907045367452
1984-04-01,3m,-1.670632007566819,1.9708340462715856,4.958633435197024,7.117975624173711,8.529933874462237
1984-05-01,3m,-2.1954483752007814,0.38456974591272175,4.565472538659132,6.272684384441818,7.793055460556264
1984-06-01,3m,-5.06196040744733,1.3098790158668994,3.782213474805496,5.854087647428918,7.721177797554102
1984-07-01,3m,-4.471089865083922,1.6835454383005377,4.159862920808233,5.552812440694677,8.531775523207784
1984-08-01,3m,-3.38498036612892,2.2578157892196193,4.292530187818122,6.1874520998853155,8.33581813110631
1984-09-01,3m,-3.7224662631870076,2.464319786485092,4.96389969793507,6.531179183978164,8.126779461200929
1984-10-01,3m,-1.1366586648940413,2.197961680734939,4.464526357475007,5.424405062882021,6.985041433778272
1984-11-01,3m,-1.6401199379424414,1.6073343111661753,3.575585129505887,4.550158442388308,8.323603239857992
1984-12-01,3m,-1.8123892530148122,0.596568070302661,3.341795153602356,4.572339377929779,8.616102834677996
1985-01-01,3m,-2.6085968261669312,1.0367242546611033,3.7986051842943347,4.860174044759269,8.447706053674287
1985-02-01,3m,-2.0223789122010727,2.252942866272245,4.812476232436302,6.442189420903843,10.055720555918523
1985-03-01,3m,0.3396591857384168,2.815020455891659,5.550020310293147,5.735925896835314,9.30306404826402
1985-04-01,3m,-0.9406214387905787,1.942985437011413,5.048005931223121,6.33864084496456,9.901478738707148
1985-05-01,3m,-2.323930030083232,1.1915024500477989,4.155932136833251,7.132325522496985,7.653250439262171
1985-06-01,3m,-3.802902757348958,1.4235294560643874,4.6402603948545895,6.4508875616440475,7.490379275643622
1985-07-01,3m,-2.8500003785299377,0.7760247605616666,3.538295501434141,5.919521721491461,8.593637331100012
1985-08-01,3m,-3.2168733757456103,0.5813245602430683,3.6726555571971797,5.787190832746347,7.50358752272573
1985-09-01,3m,-4.395760541964966,0.023257842155421926,3.4321320310924053,5.095615140362764,6.8254591380261465
1985-10-01,3m,-4.4037874439749825,1.6027966074094513,3.7469462333363124,5.106894869378342,7.207800457492097
1985-11-01,3m,-2.7420148060627536,1.6319857408214844,3.8301619605358495,5.431824567842436,8.850134641615814
1985-12-01,3m,-1.2619049185905062,1.825825276496107,3.8871212333596805,6.251810390918,7.717290537180732
1986-01-01,3m,-1.9804267156714017,1.9982994574260005,5.2256165060458715,6.945322505135887,8.796461260062172
1986-02-01,3m,-6.318890743581484,1.0076640950007931,3.9044441121890427,5.380166262827002,8.816594086469621
1986-03-01,3m,-7.410640688518755,-0.3870338954831465,3.955965787632909,7.129384961242491,8.340275122212004
1986-04-01,3m,-6.210819959054525,-1.5695674303279894,4.003448902929785,7.062769243442957,8.212933918388687
1986-05-01,3m,-5.96832577995241,-1.3394696999227573,3.0990097022411733,6.165233946356019,8.230262895308528
1986-06-01,3m,-5.884948528865319,0.007931472077316037,4.332769431770012,5.33385947666436,7.558323135432254
1986-07-01,3m,-4.285677173534896,1.0722510729143542,3.1659169516061736,4.9054976837104025,8.58114728089092
1986-08-01,3m,-4.303449065648612,1.3405669853860047,3.8364975111249366,5.84110681145773,7.49866028371895
1986-09-01,3m,-4.494196041677223,1.157163565539232,3.879520729607644,4.584675057621546,8.611156850059864
1986-10-01,3m,-4.075695414474834,1.1055847578128608,3.407101785249078,5.567921637387996,8.486933356402027
1986-11-01,3m,-3.671525322660074,0.614349045980922,4.138534103724489,5.2237749821264945,9.519822388080602
1986-12-01,3m,-5.366392232738892,0.008511996590399029,3.8096155412785437,4.821720108817984,8.284476772086347
1987-01-01,3m,-1.375273246312414,2.462600298195672,4.242726626848636,6.618709871628936,9.480815372937034
1987-02-01,3m,-1.2051014946497185,1.7381706116080808,4.009482259553976,5.183309165554828,10.32987577353901
1987-03-01,3m,-2.8948973943148326,2.181348420871032,5.154681924715798,5.810464432299267,10.099922027758534
1987-04-01,3m,-2.4078657118167146,0.6386420809032067,4.720162854761023,6.439961302088615,7.960631114561911
1987-05-01,3m,-0.823709554631491,1.0538311518763832,3.8197997693997676,5.998289056665862,8.832763348562779
1987-06-01,3m,-0.730992093648819,2.1492834116217274,4.190216069012864,5.521617496006903,8.42473799461656
1987-07-01,3m,-2.118511928149991,1.654249154639409,3.049362968528868,5.758682869278275,9.155292818438209
1987-08-01,3m,-1.4597698944710746,1.3582697568673474,3.681575303876805,5.403440340417132,9.068559089008277
1987-09-01,3m,-0.7936514769536385,1.9124535700276724,3.4792143463747927,5.631878631538356,10.048962510004223
1987-10-01,3m,-1.8172344915254102,2.0454550446113107,4.836740241638848,6.5500151116692384,8.700267694954933
1987-11-01,3m,-2.138662056607754,1.495692268529658,3.926264675435931,5.155091027071013,7.549234153530171
1987-12-01,3m,-3.185377578375026,0.4069860777679457,4.008260870534119,5.220833050111584,7.766828298229833
1988-01-01,3m,-4.160591809734971,0.4615095544822756,3.952134818126818,5.081352970177844,9.293997986787872
1988-02-01,3m,-5.035289141674215,-1.526206964417387,3.595973348635617,5.828013807067789,9.283113670835807
1988-03-01,3m,-1.6335483531249473,0.8521952999645199,4.357978323138911,5.381115001663717,10.385053385600518
1988-04-01,3m,-1.0276157876936698,2.1502221486078277,3.9832756775991296,5.759740858723594,10.151532616726788
1988-05-01,3m,-0.91059075052492,2.885111607040014,4.420423038040355,5.884552713782809,12.338532983953133
1988-06-01,3m,1.0430822909615056,3.0617809332036394,4.139443095623907,6.224982660289258,10.637993024543047
1988-07-01,3m,0.30110457593885975,3.169149710817498,4.116148239551687,5.745886531450628,11.333735312637682
1988-08-01,3m,-1.4744565805645538,2.5655524678033226,4.7645223500235145,5.932646498865379,10.33116141889594
1988-09-01,3m,-0.5318848003400101,3.1403008950800837,4.867806271233732,6.397884718634472,11.195141842406509
1988-10-01,3m,-1.9734014865412597,2.99522692914973,4.019957312586997,5.378302388686929,10.892308772059822
1988-11-01,3m,-1.2776371628818173,2.620334601085217,4.312152782656287,6.279647877932315,9.903045222881058
1988-12-01,3m,-0.962702585550812,2.7267779240003565,3.8650751930329186,5.451259856194968,9.518532709925731
1989-01-01,3m,-0.5648932336858814,1.2632688884183452,4.333931003732228,5.596385876668752,11.524327565751324
1989-02-01,3m,-0.9951885252948989,2.058891418370079,4.394214220334636,6.1489024384975055,14.102796671402174
1989-03-01,3m,-2.499743656980624,2.0740533265917627,4.29277584551071,6.599766366265514,13.789839768332124
1989-04-01,3m,-1.805088978138858,2.3741832387887296,4.1001752872857455,6.421154391622719,11.694681222467885
1989-05-01,3m,-1.0796367347666647,2.2355913580772713,4.5285156212805155,6.041831599172953,10.411491000626727
1989-06-01,3m,-0.17228672680238422,2.2566399000952364,4.33408106411739,5.468495067204371,11.76924552547296
1989-07-01,3m,-2.6013991354454036,1.0060588882772503,4.4390707870773705,5.250007551834024,11.264977011203236
1989-08-01,3m,-4.140072692817909,0.5290160709597869,4.086409903026711,4.741722236756618,9.937007918339603
1989-09-01,3m,-3.9831774364755823,1.1914994939028478,4.190228163012821,4.8048288906737735,9.868155249583822
1989-10-01,3m,-2.027794838540986,1.1566702292467257,4.493530423563397,5.464450009247601,9.579581099158684
1989-11-01,3m,-3.159307313686921,1.5023329784288997,4.499140378576971,4.914769723651746,12.535992548062458
1989-12-01,3m,-2.364194602293135,2.0212178961074523,4.531866666343776,5.544887223210382,8.9630979067284
1990-01-01,3m,-1.0395369558269807,2.2079258133154145,4.020987223220973,6.403395321335692,11.733177000355166
1990-02-01,3m,0.5079483015155928,2.724854993710224,4.5020967805860845,7.292964159103388,15.528998100158443
1990-03-01,3m,-0.14719408730213823,3.1232884994925048,4.495167743428197,7.447288791596218,15.778533151866947
1990-04-01,3m,-2.678455271471436,2.9972332909459887,5.075134935068837,6.030721314233167,10.867811351990376
1990-05-01,3m,-3.2859078327505564,1.1648501192709437,5.254389303951479,6.045524408552927,11.280498955288977
1990-06-01,3m,-3.196402799399589,0.5708746613156235,4.671917015038463,6.059949690895583,10.410475983923796
1990-07-01,3m,-1.9914116167361273,1.0107891237354005,4.728384220462045,6.717394456138903,11.322340811770836
1990-08-01,3m,-1.5538402663808348,1.5090581138894832,4.989865032138141,8.328008627625838,13.187278265250836
1990-09-01,3m,-0.3312503721974447,1.9579877479028118,4.557018748204178,5.774605666079613,12.812929559245866
1990-10-01,3m,-1.0147467801690957,2.7542909466977017,4.333203481759851,6.757302476496729,12.422784539841402
1990-11-01,3m,-1.4896728696695782,0.46291989070261774,3.774561628141404,5.983497508468094,11.649997108499853
1990-12-01,3m,-3.5114265452418247,1.1551639465873897,3.655790779604784,5.8743598224294535,11.546895666699996
1991-01-01,3m,-5.923626318096076,1.8410172306045913,3.649924778509095,5.683345835254272,11.200552947446107
1991-02-01,3m,-2.6877363526639386,1.944369318741579,3.459035352767459,5.711040848360871,10.85454119794582
1991-03-01,3m,-3.8887342993972895,2.03976218418791,3.6736688502718273,6.7227739434015055,12.775807452428456
1991-04-01,3m,-4.23302343345725,1.2720771494098448,2.9521582430062754,5.073228316597667,8.826873713290784
1991-05-01,3m,-1.8496446744016959,0.9208042414872164,3.020542266510806,4.943847169190474,8.086223350306977
1991-06-01,3m,-1.9445977095237654,1.5721115299677235,3.3014643337162974,4.405032609058224,8.192915079039874
1991-07-01,3m,-2.400061690138222,1.4494166492849736,3.0568239853012935,4.850821675391015,8.734812292800509
1991-08-01,3m,-1.9334658403139193,1.3423844908673654,2.6601447937830702,4.319953774700447,9.410327761430025
1991-09-01,3m,-0.9826539248875776,1.7778236484424559,2.9715080933521376,5.280114952390824,8.45216790075689
1991-10-01,3m,-0.9098725157484444,1.7131530084483426,3.093940253552696,4.942509933792949,8.198940591939309
1991-11-01,3m,-0.8240824919488521,2.014261452750632,3.110805424900853,4.452133294428018,8.55170058285617
1991-12-01,3m,-1.9593028097123266,1.1550071733471334,3.3238437903613693,4.785702819157378,7.29552193838503
1992-01-01,3m,-2.584514880822586,1.4786220962891061,3.3015747589596023,4.13965372284808,9.318945975345482
1992-02-01,3m,-6.446797194950349,0.8489644020006404,3.301620232221558,4.547832599719515,10.220777404325965
1992-03-01,3m,-3.9919285527298953,0.8285961020699117,2.875063376222964,4.969711476501781,10.361410191186637
1992-04-01,3m,-2.675116155535151,0.9560342329242966,2.8081273438485876,4.699571608258113,9.478015760296898
1992-05-01,3m,-1.1535978171773875,1.1251862729731332,2.465605261867432,4.312144291591236,9.438248542104288
1992-06-01,3m,-1.9449569075025153,1.3477363388348484,2.0082839307668854,4.534464100380453,8.541786553369946
1992-07-01,3m,-2.2392621917400213,1.1774248662534514,2.0704205853522506,4.7156815863729,8.600668735744211
1992-08-01,3m,-0.5829426659046177,1.0780862550569648,2.0553094444413667,4.2731958372624,7.900597949435273
1992-09-01,3m,-1.1492493297993955,0.6152444621344122,1.681117072868954,3.580501691346627,8.04514911375216
1992-10-01,3m,-0.8343541471180882,1.395575124857773,2.1382150007697387,4.2222504530582405,8.505050004927494
1992-11-01,3m,-0.9295277434989258,1.4862408676412864,2.418730933792901,4.576705682352933,8.614257050249519
1992-12-01,3m,-0.7350207744723392,1.6206304713102915,3.2940468715063176,4.548509749913254,8.401394392833005
1993-01-01,3m,-1.9303443430661926,1.4468467017958897,3.1269858092330294,3.9267666962744308,8.035319596570822
1993-02-01,3m,-4.282323688336154,1.3327208496085152,2.924536600025718,4.059682312562951,6.56835032166545
1993-03-01,3m,-2.364668491515265,1.145258879342248,2.985459384177158,3.4141486215230055,5.813098596058941
1993-04-01,3m,-2.115164612532161,0.8717243138833375,3.1102834688887526,3.516356675050991,6.518187512318563
1993-05-01,3m,-2.885548486764311,1.7471361881177483,3.309724801102676,4.2850282442967735,10.55164695741655
1993-06-01,3m,-2.482855407841744,0.6941898445876449,2.825810576245602,4.379877409621136,7.7327179038875204
1993-07-01,3m,-3.2100896409965274,1.365105926793575,2.2987127123809348,4.024129916663299,7.172486739330419
1993-08-01,3m,-2.75460597422692,1.3271111331671026,1.9250500101566814,3.8696812517040824,6.75885454935492
1993-09-01,3m,-1.6726823973761795,1.3425525443659048,1.7040149110536529,3.240942219450482,6.56922836285192
1993-10-01,3m,-0.786154081115964,1.3635570937481578,2.2958464257296196,3.4487223260582622,6.849819093447351
1993-11-01,3m,-1.989067075946993,1.4678104168462047,2.3137148908755956,3.1174598113197005,7.49706839436044
1993-12-01,3m,-1.7577070130633587,1.2595880131560877,2.9483460036334286,3.1095713699454297,7.265564643894518
1994-01-01,3m,-4.264571382114923,-0.28291684624854874,2.6392619195478417,3.1956096253493493,6.140528522996247
1994-02-01,3m,-6.154353026723047,-0.44759745417635166,2.9134581188421604,3.6733568258105143,6.353053188464486
1994-03-01,3m,-3.5296976310078443,0.7552244625588234,3.0658405234124553,3.6856925686751696,6.310668965652888
1994-04-01,3m,-1.5919792240972286,1.2593096609818222,2.7036990066132693,3.422531721537858,6.244576700515259
1994-05-01,3m,-1.2287113248364068,1.18955120409876,3.1084429749045572,3.342394329323173,5.452758671128288
1994-06-01,3m,-2.8726346597755636,1.02001164403418,2.7108984529537583,3.8366897214703988,6.052200409319886
1994-07-01,3m,-1.032317734538335,0.9345301853721955,2.6144365603268938,4.004714738470971,6.155780126972399
1994-08-01,3m,-3.780568582992616,0.8948392951870776,2.2307706865114296,3.815855662915957,5.150585961319276
1994-09-01,3m,-4.411184908475407,0.20416535195353358,2.0854859052631403,3.5805351023298737,5.8791878086736915
1994-10-01,3m,-4.129270156137988,-0.33903626610087834,2.2837031254251405,3.1074745321413966,5.701853880738006
1994-11-01,3m,-2.1876530076926026,0.47377864679556403,2.5274161758658487,2.9673002745758126,5.671217064160783
1994-12-01,3m,-3.5896124874187474,0.44470625951025244,2.2682081630255535,3.1998070278619117,5.644888799805359
1995-01-01,3m,-2.7396107657094326,0.37054152082209857,2.5192299436368026,3.7560882335317514,6.18846764049461
1995-02-01,3m,-4.415053038838812,0.7155978671065988,2.4902149240556115,3.7154515032869817,6.8390517177082
1995-03-01,3m,-3.6014418393586434,1.1820510374541238,3.1717442964132037,4.737183448389981,8.81613530081471
1995-04-01,3m,-2.808980825042573,0.5978477384039893,2.562254938112596,3.349629167695234,6.408308653724193
1995-05-01,3m,-1.6250244566366923,0.28590746038157366,2.5928633571222104,3.7925778040321934,5.290744702451211
1995-06-01,3m,-3.860673630109146,0.8615305197468892,2.2134125665342452,3.8563197243874914,5.360272854255066
1995-07-01,3m,-2.7251898615851755,0.009595509294779703,2.107002907603306,3.348564925171904,5.362044482737094
1995-08-01,3m,-3.2776296823443962,0.6025133401855065,2.337793147444267,3.353112115535395,6.28271407115415
1995-09-01,3m,-1.9451906608733638,-0.006186922390893912,2.4937325424844836,3.3215576253436074,5.95876532910089
1995-10-01,3m,-0.8173176693721862,0.6643337397711724,2.542049098924437,3.765280957416972,6.171605943753677
1995-11-01,3m,-2.750430243909796,0.35916471389640936,2.4691769875697434,3.9080911201988977,5.057716177051019
1995-12-01,3m,-1.3423943137261807,0.7008033354045207,2.2577233227597304,3.795598434819958,6.031313591272824
1996-01-01,3m,-2.7183909897285696,0.19438254805907995,2.7172896636955324,3.382879438686448,7.20763316189863
1996-02-01,3m,-1.91332204004252,0.05520329248256406,2.4510466340460724,3.156223354634524,7.984687746039643
1996-03-01,3m,-2.408215064939667,1.4131163517884682,2.7312327098244493,3.461110067055362,8.823092171320956
1996-04-01,3m,-1.9814937394682652,0.9861749506749007,2.5074554798719673,3.553446627713863,8.004652902712417
1996-05-01,3m,-1.4755719109638132,0.9166996788179782,2.5392630719003106,3.0416085234907797,7.716404906426866
1996-06-01,3m,-5.081523233886099,0.6677570453419657,2.599183120950377,3.0497486757388614,7.084889593111665
1996-07-01,3m,-5.191400391464674,0.6939167907480392,2.9266449569480546,3.2815352594366853,6.375768377303803
1996-08-01,3m,-5.861561879316346,0.7293270422646492,2.7241831370196756,3.025824093879881,5.686869086045077
1996-09-01,3m,-3.7338116169931213,0.6929981018843012,2.8010147076702907,3.0704912409016405,8.087647672266908
1996-10-01,3m,-2.7955485758211385,1.4406407653896336,2.7657369620702976,3.5603364598165044,6.348011206890436
1996-11-01,3m,-1.5113238329870438,1.78810834752956,2.6652803582561724,4.106858841032501,6.799444428239987
1996-12-01,3m,-2.0788543909837753,1.2493235393471025,2.690463910800256,3.774136545081763,5.343996279640284
1997-01-01,3m,-2.574979726759663,0.46986393262651305,2.7048172258216097,2.9438801780721446,5.899614133490694
1997-02-01,3m,-3.721231085068477,0.15583127254596985,2.433921584944243,3.0735072044427714,5.83734376625602
1997-03-01,3m,-3.32494447084265,-0.21291018456066624,2.49826106051263,2.944047327981658,7.638217707511075
1997-04-01,3m,-3.5355807155155183,0.8938610834902994,2.3472440963516084,3.082785310709246,7.978271447339957
1997-05-01,3m,-3.825720380092279,0.2993699985887277,1.9288069980067934,3.0399388790898874,6.920420198341937
1997-06-01,3m,-3.3552887396742004,-0.03177553735167482,2.093262644781091,3.0748291535653394,5.520349508988365
1997-07-01,3m,-2.896661095315467,-1.1099912522213207,1.83521163786593,3.1904854776046765,5.325112824893763
1997-08-01,3m,-4.629048125319935,-1.4128426381623371,2.442732204013498,3.2996488466796814,5.750921329792069
1997-09-01,3m,-3.9787090089531962,-0.293888789960961,2.1612744168500564,3.237063630255621,5.390034842197777
1997-10-01,3m,-5.08148487309108,-0.88985688400115,2.2145118015274745,2.9208803082810597,6.624736918863627
1997-11-01,3m,-2.3415956837169127,-0.602562607640944,1.6328887569955208,3.019675740415506,4.460936563435713
1997-12-01,3m,-4.338393066414636,-1.0594622637084994,1.466904136887126,3.0717376400523078,3.952902339385722
1998-01-01,3m,-6.485325215731319,-0.9649858257435806,2.003398835514214,3.1751823451664496,4.196337010841433
1998-02-01,3m,-6.368103580225282,-1.318676458592194,2.499282703499661,2.9699376820138124,4.630649374487961
1998-03-01,3m,-7.364901336814889,-0.0671588963866987,1.8425871972743035,3.45760606925849,4.881275953284536
1998-04-01,3m,-6.400118572557978,0.2837711425836664,2.068478344539515,3.2650930196566508,4.529499063369191
1998-05-01,3m,-6.6741605379577855,-0.520141046171374,2.386168926088361,3.161517062364805,5.709497577884171
1998-06-01,3m,-4.616216323355237,-0.07853285954064759,1.9917570493983128,3.4347049681111796,5.417908047852604
1998-07-01,3m,-3.589402229508154,0.5452856138024265,2.1197000336990346,3.5003005073578786,4.945713765474302
1998-08-01,3m,-3.45746238458966,-0.1152797431700825,2.299475170052112,3.4367957077005684,5.332481001703604
1998-09-01,3m,-4.019353782500246,0.07086858029154985,2.8921599204916992,3.192193279119171,5.843884607560135
1998-10-01,3m,-5.088370484743409,0.1603165931704842,2.544192399027856,3.476595036673924,5.172851889803587
1998-11-01,3m,-6.66702697938526,-1.0606387338308099,2.687375101179179,3.2218522582120546,4.838602296260386
1998-12-01,3m,-3.3878474885374765,-0.8486514987500193,2.2450892074261652,2.982070232256606,4.61122441664501
1999-01-01,3m,-5.430833762959186,-0.23355658413061198,2.221015794175285,2.837458732996989,4.518755588432999
1999-02-01,3m,-6.589980398337825,-1.0695876737216503,2.305994246855758,2.6829554074004003,4.9191978005725945
1999-03-01,3m,-4.611594957533482,-0.2660221542636898,2.0772117181350858,2.332828693310085,4.8913170484996105
1999-04-01,3m,-3.2788620329114226,0.3830211398273775,2.144553468631183,2.7267032993876006,5.549496923685604
1999-05-01,3m,-3.8288575007425107,0.7769224010143239,2.363383541786801,2.7845811155040145,5.616494912189629
1999-06-01,3m,-2.9364646404722694,0.7924572275410435,2.312823058457436,3.23513033773446,6.3385497439802485
1999-07-01,3m,-4.318397137542995,0.015362064633173134,2.3079672320871047,3.123050747875511,6.046928971412036
1999-08-01,3m,-3.205546266603543,-0.2960353870710586,2.3095842236927178,3.011420786468366,6.370784605694668
1999-09-01,3m,-3.090094722130521,0,2.518736186937609,2.9361635410662723,7.4879514963601235
1999-10-01,3m,-2.289288855717553,0.3077636532959893,2.3011561068131625,2.7329888167292538,7.182228380702904
1999-11-01,3m,-0.7836279188725648,0.5193509549328512,2.4889094020184244,3.517666747206616,6.431433137089448
1999-12-01,3m,-4.001573487316845,0.2511824418037989,2.285150548574455,3.5457888796241344,6.1143325233333545
2000-01-01,3m,-3.713360030888724,-0.25974324607329624,3.0531246820735936,3.759589874215852,6.37090501218438
2000-02-01,3m,-3.8491832889755107,0.7009523699958997,3.076195054306141,3.7497942152821206,9.263918815059391
2000-03-01,3m,-3.510880341369893,0.470438039274379,2.9864257398463767,3.956431371058766,9.29856037095691
2000-04-01,3m,-3.579755921617034,0.5957733153675759,2.679012787841928,2.949763162628871,7.6058821866376025
2000-05-01,3m,-3.110598963135791,1.0240870612677089,2.6721233799709587,3.5220796649843678,6.670095492036965
2000-06-01,3m,-4.224981815906926,0.7427225686174044,2.6343148602559596,3.0845103798615714,4.999952913576422
2000-07-01,3m,-5.230218688262534,0,3.0781906763074796,4.320415956154511,6.803134328946547
2000-08-01,3m,-3.6838391894553624,0.3972226274910451,3.070315393568701,4.436745062151526,7.074540245664251
2000-09-01,3m,-3.412874634340113,1.232079382805118,3.0546168275095376,4.247964856286646,6.432228720252997
2000-10-01,3m,-2.8400999294299845,0.3818737119007487,2.6308896809110305,3.4634227698903786,4.871712480995449
2000-11-01,3m,-3.0486270276437577,0.7933020391732937,2.920045999455212,3.4546164436358495,7.081752485650905
2000-12-01,3m,-4.571509071195045,-0.5454232629592437,2.310119647274256,3.444150369531118,6.473938101556209
2001-01-01,3m,-3.916571845081629,1.0342160738386452,3.433694599512016,4.12096106067934,7.8891027927111335
2001-02-01,3m,-3.1374947774942097,0.750979340079394,3.380412878114414,4.078548281260552,7.587073832106128
2001-03-01,3m,-3.748601854072575,0.6889476902238512,3.833663007494481,4.277186631205887,7.489259213419852
2001-04-01,3m,-4.374724338567004,-0.5716370975918039,3.261885081593441,4.217632172439956,5.647837126380306
2001-05-01,3m,-4.421415867745127,-0.5128777860215372,3.000756129696569,4.615175281175832,6.117509803257115
2001-06-01,3m,-3.523490953405295,0.21356522743323225,3.047768066334733,4.596748896369052,6.20666383360009
2001-07-01,3m,-4.609822403261266,-0.014489516207438768,3.1827909681054534,4.377048289380414,6.1929843807498
2001-08-01,3m,-4.553408210623367,0.6864946867653599,3.4254173769974416,4.499720551837605,6.305955222661486
2001-09-01,3m,-6.185807756375783,-0.6659348138784549,3.199256932145711,4.136884385469863,4.9286803582942795
2001-10-01,3m,-5.995207811479619,-1.7182309372591686,2.5602086432608973,3.6195004012413268,4.934976921919931
2001-11-01,3m,-4.474611090512615,-0.8984001456378121,2.4967100955918697,3.7370802554290927,4.960243060729197
2001-12-01,3m,-4.507804651068081,-0.900341689013362,2.6268766836220703,4.3521272278429946,5.090957518834238
2002-01-01,3m,-4.723928986218528,-2.218230499726459,2.1563934908803706,3.7918625134511386,4.669246226659318
2002-02-01,3m,-6.397926386394448,-1.8502901823402418,2.4974234564662856,3.8975720375572065,5.213936733751279
2002-03-01,3m,-4.550289921774309,-0.3860705155065536,2.767170137115005,3.8541332576861986,5.559410477070692
2002-04-01,3m,-4.141210689186547,0.14899203007769923,3.360629227687628,3.8412145645703832,6.687090821835651
2002-05-01,3m,-2.598554108452522,-0.3090247787473799,2.812333540933487,3.6349076062011987,5.834546073592017
2002-06-01,3m,-3.3849320854811515,0,2.5386333373479175,3.4284278947265268,5.945855287716051
2002-07-01,3m,-4.4465626493258466,-0.2527848786534448,2.906902968249514,3.2236584099847976,6.308812314148837
2002-08-01,3m,-2.581092832915921,-0.352315978371065,2.7107609224836127,3.05474875007552,7.574186902882185
2002-09-01,3m,-2.3931396031368957,0.8894680459504922,2.601540936674218,3.206909223494492,7.749331905186474
2002-10-01,3m,-2.522771266935697,0.8781322450484685,2.7499420822814757,3.3124049150892176,5.606326398453554
2002-11-01,3m,-2.9093860019958173,0.5024933642137297,2.9892607803224225,3.3960272899413058,6.622333502197142
2002-12-01,3m,-2.8314563933518944,-0.5152125101665073,2.5010971933083326,3.483403380526928,6.7296563480037985
2003-01-01,3m,-5.2165681091035365,-1.2224868521783505,2.9838501458494315,3.8512114615885107,7.691445473882608
2003-02-01,3m,-4.478991670606414,-1.0261352378360122,2.540807681337065,3.2442083428262825,7.7536694416826535
2003-03-01,3m,-4.417319480341764,0.32986053898924617,2.2270987267362097,3.2297728325518804,9.038541306999504
2003-04-01,3m,-5.0779788998549735,-0.838779558895042,1.3220463748862432,3.559897590849226,8.206375084443241
2003-05-01,3m,-5.8335890369626275,-1.148408701522452,1.7481820689770222,3.9749730873704925,7.713530703389049
2003-06-01,3m,-5.894446239509499,-0.9138357326993529,1.5845286430898664,3.0500147079826068,7.235880675771744
2003-07-01,3m,-3.4641707912354547,0.34877652804818915,2.2418227698896898,3.5512654703145685,7.682291420625154
2003-08-01,3m,-2.1167716741290588,0.8271904279299802,2.276326799989725,3.7471709745726,7.6862400953199295
2003-09-01,3m,-1.328159876759294,0.831520222190596,2.5788997170966166,3.4416045021843367,7.409080076407459
2003-10-01,3m,-2.4794704975648507,0.9671604873730644,2.754184719190156,4.025660576018875,6.866791208118617
2003-11-01,3m,-2.9356090737731155,-0.8459502608342051,2.4179282666806134,2.9359139458768224,5.6201136567418875
2003-12-01,3m,-3.1007920348333884,0,2.376531692015238,3.507601317225806,5.445622258622418
2004-01-01,3m,-1.8805429230450366,0,2.3555975114831984,3.8441553676100026,6.917263785489158
2004-02-01,3m,-2.459693507277372,0.7167576765530148,2.493001545780249,4.558873610097591,6.450834834936892
2004-03-01,3m,-1.381862748150342,1.0475262777422945,2.7333687477829827,4.542689443172754,7.292933435548643
2004-04-01,3m,-3.188480263545479,0.8306429701025797,2.90656187471805,4.048933796062815,6.51657019946934
2004-05-01,3m,-1.9641291011452955,0.5707705205197255,2.9012917221669987,4.319436224169637,6.944420937683504
2004-06-01,3m,-1.94887239435646,1.3996137374752804,2.8947208507702493,4.230967491966564,7.079118296983888
2004-07-01,3m,-2.468793033326966,0,3.1967938093357295,3.7855705583714316,6.223715778413563
2004-08-01,3m,-3.233266369967125,-0.42861906505740066,2.51976044389588,3.665900893693874,6.457529876528945
2004-09-01,3m,-5.094642255942272,0.4421518048335793,2.1552247156262805,3.073471373169556,5.46716226275219
2004-10-01,3m,-2.8643836438037473,0.70291087300276,1.9698600329936866,2.896106005156174,6.711465034733721
2004-11-01,3m,-1.4671337280332208,0.7377709045707226,2.0797089919996514,3.2312603231095416,8.567932231391007
2004-12-01,3m,-1.5242613364890079,0.6916649910668093,1.851882074352007,3.4852842489726976,6.829180966795412
2005-01-01,3m,-4.913696667964073,0.9444015425538854,2.8385919999003306,3.9502537227598333,8.117931881984797
2005-02-01,3m,-5.308067740226264,0.9240911915742611,2.8563609342677543,3.961737819716049,6.163067411830969
2005-03-01,3m,-0.8545023063488255,1.4951419413830491,2.8810408294646095,4.066746743222116,7.444190487204461
2005-04-01,3m,-1.15117666227752,1.096263598309366,2.302857340051001,3.756968641083569,8.599851022082738
2005-05-01,3m,-1.5985454210575734,0.7911481607311144,2.5066865943756067,3.050219097475515,6.661660338798736
2005-06-01,3m,-4.021004349287793,0.656822817197078,1.9349336633660563,3.5379896037625924,6.334596017286542
2005-07-01,3m,-3.2005763736544623,0.7346891609751216,2.289675878582975,3.334562152949627,7.088818993564661
2005-08-01,3m,-3.0385399447354744,0.49176028255202286,2.1947354883071535,3.8089710429958235,6.5723521080288005
2005-09-01,3m,-3.569952109600827,0.6327914367392884,2.653948603621492,4.202329467362609,10.136626411869209
2005-10-01,3m,-1.3797989660991883,0.9095065561871118,2.96509446041342,4.666710988799205,8.905551296693282
2005-11-01,3m,-1.9813021309059486,1.4912925882178962,2.718104843896829,4.414039107149015,6.693336755421164
2005-12-01,3m,-2.2605582285360137,0.7343292489806696,2.6969788856409105,3.9619991450265513,6.623389438551008
2006-01-01,3m,-2.5983509970934238,0.40309138742740114,2.8965303953573107,3.3884774702454434,6.182474296710216
2006-02-01,3m,-2.127807042982044,0.591611402543224,3.065517876750379,3.314806211913579,7.188598886032138
2006-03-01,3m,-1.4914869555948562,0.8483893077491977,3.536854276351775,3.835796526733337,7.053975427593762
2006-04-01,3m,-0.7090426813055051,1.102037689369273,3.813301076540454,4.1790253832149515,6.669227158200575
2006-05-01,3m,-1.678281865650999,1.3546442534629888,4.007506451741771,4.866843968268286,9.237650186790013
2006-06-01,3m,-1.7259713215955874,1.1983454050777942,4.257804595632009,5.100813146700167,7.829412668052305
2006-07-01,3m,-2.472079616567624,1.0414524223344435,4.037457380780585,4.795803203226412,6.439031848137855
2006-08-01,3m,-2.5560634258724235,1.0265040513266488,3.5063445986142305,4.737694150558225,7.100635200662886
2006-09-01,3m,-2.951246919832029,-0.3277040533792852,2.754300807571708,4.097017857563712,4.7183853998588265
2006-10-01,3m,-4.543906967581346,-0.34461120854341054,2.5981503769040737,4.081350184122345,6.231859798238859
2006-11-01,3m,-4.72967174541804,-1.1952113193988367,2.4728102979468813,3.894527413506599,5.5981928727602215
2006-12-01,3m,-4.802337454681482,-1.4157093824218592,2.9414143609123533,3.8777727982121313,5.039729907904555
2007-01-01,3m,-3.936598412811365,0.4750988502745024,3.2590686787910217,4.049012822432996,8.582618314725732
2007-02-01,3m,-2.1557570293031514,1.466138418639451,3.380488352455391,4.819469273159438,10.103955272079324
2007-03-01,3m,-1.100597523950908,1.562755119293402,3.6024400240563637,4.872345920173671,13.58728976698016
2007-04-01,3m,-2.348733305728401,1.3127722283131416,2.7357856300533667,4.040631398297467,6.1983503268244755
2007-05-01,3m,-2.1057516251617003,0.5983699057016345,2.083680797916343,3.226018493545335,6.709152389127104
2007-06-01,3m,-1.5109309547140959,0.7813405951534014,2.624400044501507,3.7242072160009965,6.128736718408789
2007-07-01,3m,-1.8314207729209109,1.2787326180667247,2.734423235724348,3.6237777395947246,6.060299789625012
2007-08-01,3m,-5.393085922420204,0.556646932320648,2.5977405099057105,3.240333929382877,5.4285798321416445
2007-09-01,3m,-2.8951629717813954,1.4721662109489886,2.9579831245780452,4.030250223034626,6.093367170029618
2007-10-01,3m,-1.5724111278202946,2.1741459414378994,3.16538067289196,4.807630202630664,6.932423994282377
2007-11-01,3m,-2.101643285999777,1.4115950118680276,3.3846949235570634,4.946031165859743,11.760566662578032
2007-12-01,3m,-0.44664596294442527,1.2844897864389582,3.3501251677544364,4.712723046455292,7.581177130423122
2008-01-01,3m,-0.2470914088147924,0.8893775187982955,3.1606713031376854,4.002594127912085,7.139999398903374
2008-02-01,3m,-2.2482890723930837,0.7591612718223173,2.504426322796749,3.977410098397538,8.309114433804577
2008-03-01,3m,-3.8169954957887775,0.8404107411914774,2.3384964115347184,4.3606799432146515,8.843279230000277
2008-04-01,3m,-5.395125783733523,0.23432913216552276,2.6588100093178912,3.829296309162422,8.147864226350098
2008-05-01,3m,-3.884505088679713,0.2081480617062592,2.418305739257187,4.091135979134797,11.0398964768188
2008-06-01,3m,-1.7716647055453838,0.38651284158273125,2.2319019276783036,4.951582563127488,12.828118843951541
2008-07-01,3m,-1.2418230624222537,0.8781601491968161,2.5088217779683397,5.232255676691144,15.733364490987945
2008-08-01,3m,-3.6790157636101717,1.1613434007711199,2.882955164783496,5.183927093264296,11.67933276379609
2008-09-01,3m,-4.44638036168784,0.9404150629113817,2.145977184304848,3.880075439086461,9.149637132266552
2008-10-01,3m,-12.015226275225332,0.2607985576052352,2.0984648109373616,3.7175784061773243,6.80452475294917
2008-11-01,3m,-12.21405253749226,0.1178422945751878,2.3963035049187065,3.412878380781259,6.394177367151355
2008-12-01,3m,-12.982558699843661,-0.126498493718874,1.904904606581015,3.849130197821471,5.689271864997991
2009-01-01,3m,-12.511764186432806,-0.009108193953066834,2.214479136339209,3.919927742544016,5.246688803453092
2009-02-01,3m,-11.783491309734718,0.42381801215141124,1.7250249591382882,3.718616269980002,5.541793335765854
2009-03-01,3m,-10.007841778402637,1.5166265725487849,2.3998854183466367,3.410577548590199,5.798536245092678
2009-04-01,3m,-5.518929324772315,-0.19976246485995386,2.008087951178661,2.504980216324171,6.000920706308999
2009-05-01,3m,-4.629097333727361,-0.21086041318013615,2.0498761002352595,2.8332127596250922,5.117118997784087
2009-06-01,3m,-3.4641815541437415,0.4885028139750114,1.5922717461697156,2.7263164543973373,6.012557735950708
2009-07-01,3m,-5.54904266790186,0.270988954993312,1.1586002508070736,2.5378327273847923,7.984345402241977
2009-08-01,3m,-4.7425101236820755,0.24256664089916669,1.3438251756222597,3.46450673253762,8.823047817649154
2009-09-01,3m,-2.869010415352935,-0.1755353108832569,1.1806108244478253,2.8121837542312678,8.793800355275682
2009-10-01,3m,-1.4095183184428706,-0.1945190118351814,1.7077242183765273,4.357747267323586,10.831721156069207
2009-11-01,3m,-2.4053428459753112,-0.9784095727445874,2.2026900729351873,4.721023004513403,13.896056002867962
2009-12-01,3m,-2.3642733141347683,-0.5639829783404604,1.9086598816878908,3.9611886733248225,12.46398609039181
2010-01-01,3m,-3.3656647896928904,-0.7720280065236063,1.3061900116974279,2.8288198773902984,7.807300690408803
2010-02-01,3m,-3.956993856689661,-0.3846583182445684,0.5379947517551775,2.3059632848204448,4.77669356630821
2010-03-01,3m,-2.3829548076339635,-0.6499993301576912,0.8919395398807151,2.5424405572774367,4.936240064390085
2010-04-01,3m,-3.106447937489054,-0.4276544125966453,0.4213393256490727,2.407875209076993,5.114162471898354
2010-05-01,3m,-4.77214570639608,-0.33661970696806653,0.8906993929981954,2.131627346721232,7.624425051017947
2010-06-01,3m,-5.952782174884163,-0.2838907032552629,0.7649193415158573,1.9523052271959607,5.139527823262724
2010-07-01,3m,-4.4340337890328545,0.08884939478936982,0.6822202460213811,1.4210221593788042,3.732383434194886
2010-08-01,3m,-4.283775535723155,0.28201179354323536,1.1825640330840326,1.778994269409151,4.896278421570566
2010-09-01,3m,-2.788263510409972,0.12940157106531291,1.1812076403551641,2.0608154486889463,4.5561372219021345
2010-10-01,3m,-3.3221452423686015,0.32648995857600394,1.6280630988464662,2.0039649794828307,5.148066919503225
2010-11-01,3m,-2.867225898735204,0.06865552907024952,1.2578532726731817,2.0150241018338733,6.479764851358216
2010-12-01,3m,-2.4049335872445954,0.08978051304502355,1.0069897417517515,1.5841276017290573,5.902926677354037
2011-01-01,3m,-2.270615448294333,0.41571473789505653,1.2220303668199817,3.332790954822218,7.990540729443607
2011-02-01,3m,-1.404548312591325,0.9952413096413038,2.0691651670084354,3.3979947363321106,7.334452471689978
2011-03-01,3m,-1.6971897215300902,0.9759549908962217,2.481075217090156,3.7794280078984777,10.80543288796607
2011-04-01,3m,-1.1229200134662665,1.2661233512047065,2.8376648541086347,3.579420651909837,11.655861744245444
2011-05-01,3m,-0.3139715003601551,1.1593117832243705,3.0632855545314586,4.020824700779357,10.398706113882628
2011-06-01,3m,-0.5809299265128742,1.4255450810901849,2.7124238563523084,3.7120371040300526,7.905361646319076
2011-07-01,3m,-3.3225549584611436,0.8995043861488083,1.9886870300277693,2.9260194952801966,7.010452403518408
2011-08-01,3m,-3.4066703840128776,0.5682501820777341,2.301942326964901,2.740715345278355,6.508463608130666
2011-09-01,3m,-3.142569928294836,0.8265599783401134,2.3319626152564332,3.490568049125331,6.333002135697918
2011-10-01,3m,-4.285722222088307,0.6079071449298867,2.031042041495157,2.7247880777719002,6.344063873543582
2011-11-01,3m,-3.2393034789608643,0.7813922317885691,1.8841646516477129,3.039521081655483,5.25092923701298
2011-12-01,3m,-3.8138999061798295,0.49298564271986756,2.1011530088672847,3.0217925033976023,5.431273294932404
2012-01-01,3m,-0.5584715869578649,1.1849266009683834,2.101941841864252,3.17837552410698,6.304268192274232
2012-02-01,3m,-0.9755156036518442,1.5244128914961852,2.060939045210919,2.9978269103422495,9.447460394021267
2012-03-01,3m,-0.5821616214723324,0.8066804962685081,2.1706675536502296,3.255189190384433,7.879233456467505
2012-04-01,3m,-2.027792533276118,0.9598640655679169,2.31319585302201,2.8351456866583247,7.11043907557114
2012-05-01,3m,-4.068271469627183,0.6310303725219457,2.2722506403264786,2.607589692215573,5.05127442211839
2012-06-01,3m,-4.041238518590362,0.10433385951060803,1.8202142119765785,2.4311195624852955,3.7078132816515064
2012-07-01,3m,-3.538413069703239,0.26219511024723197,1.5585360735485443,2.672966519294473,4.241299957450284
2012-08-01,3m,-3.5494573054038803,0.19657689407088785,1.884118295454984,3.2132266725670044,5.177761398840119
2012-09-01,3m,-3.1063357712504347,0.29586422244380906,2.369722709319788,2.6528740590005206,6.180432910479849
2012-10-01,3m,-1.1120399771611167,0.5779867755272949,1.8057441403513064,2.509248594292268,6.260162709191075
2012-11-01,3m,-1.199970203244205,0.5689736197154183,2.0386435812518755,2.767007626747242,6.6133662453662145
2012-12-01,3m,-3.1679819756762484,0.10538461840550184,1.973468913106946,2.779200800856274,5.353893388604125
2013-01-01,3m,-3.978077821048742,-0.42325870258377307,1.956067671607098,2.6228116722533557,5.171079506479881
2013-02-01,3m,-2.8506973933606683,0.6793569911314412,2.1246802764266937,3.106010841274065,6.125864151646487
2013-03-01,3m,-1.6499477936630202,0.34494583663609024,2.149211338512802,2.958492369611454,5.2070925152759795
2013-04-01,3m,-6.260769662046162,-1.0608869108820862,1.6207327837554963,2.407402402112324,3.9756044148360647
2013-05-01,3m,-4.915488566937409,-1.2923765766571838,1.3057832331263564,2.2475156055166368,3.4648414567758135
2013-06-01,3m,-3.6490484317854066,-1.1150008987716564,1.459063978149433,2.4148438301963893,4.236237473218396
2013-07-01,3m,-1.6124973735500814,0.8796664836597134,2.1655164182475817,2.538057286772233,5.075970527977525
2013-08-01,3m,-1.7771529902099292,0.31330886999823004,2.2083872746547994,2.9796820989615114,6.286376616009792
2013-09-01,3m,-2.4248922321175037,-0.22512275423919315,2.1273588223001516,2.340691196848965,4.638558799914083
2013-10-01,3m,-3.689851508931985,-0.08256217524297282,1.967279630850416,2.949291308010915,4.57299436804719
2013-11-01,3m,-3.3637904864892043,0.09100309649325844,1.892357903392461,2.670486413494544,3.729573436269784
2013-12-01,3m,-2.7006137180953127,0.02739374208142742,2.1352345621648228,3.01831369077441,8.079515352396506
2014-01-01,3m,-2.4211047322602597,0.5152873958810922,1.6207362445667783,2.9796326281607888,8.534593427986392
2014-02-01,3m,-2.8357824692659794,0.19696342005055545,2.2112690156072645,2.844259156372675,5.466760499745793
2014-03-01,3m,-4.700865802898269,-0.30709835714768374,1.6460386949814554,2.7136020752746903,5.260887814161808
2014-04-01,3m,-3.711758139052135,0.515421976379038,1.5277843290431914,2.7260498931022115,4.346579760349334
2014-05-01,3m,-3.2706142273361882,0.8849370734022921,2.3472711453653705,2.871666838924236,5.1589346241851075
2014-06-01,3m,-1.8092285912200246,1.0263707930396215,2.3524683590302464,2.5246926416792936,4.888098325611101
2014-07-01,3m,-2.9412312098159865,0.6618327495407472,2.2021229375439377,2.9272472008921246,6.9727436548422395
2014-08-01,3m,-3.1149591660510567,0.17690164999013547,1.5820331714915925,2.5311403489526763,4.231378626359983
2014-09-01,3m,-2.802684925949328,-0.02149901902961382,1.7064479272667077,2.6024577646846847,3.883207774070452
2014-10-01,3m,-5.4054140146302725,-1.7266463256645936,1.5211175717492864,2.5740392285012126,4.013335318975231
2014-11-01,3m,-5.835798586572604,-1.8359911852814603,1.5699426980103626,2.702744786038247,4.517162087866722
2014-12-01,3m,-5.852007744398091,-2.0969342517807354,1.7150803730282105,2.5722727274613444,4.179765998782647
2015-01-01,3m,-6.208104778386603,-1.8776838487540193,2.2855980432832546,2.690961066165487,4.288355432928048
2015-02-01,3m,-6.066247586111007,-1.3240569969072413,1.8577881184443479,2.835565683613561,3.824826349943855
2015-03-01,3m,-6.542962019793109,-1.1664367648268947,1.8301763030454277,3.151142919452976,3.870537629313575
2015-04-01,3m,-2.4804118867160607,0.40036144301685006,2.2860119565178527,3.284041181480979,6.227127577630842
2015-05-01,3m,-3.007210642254954,0.02885839270896362,2.187117600077637,3.1158727817529153,5.748191088298649
2015-06-01,3m,-3.941633962147306,0.25044927250774673,2.4125893227017414,3.421069464357185,5.42825409450971
2015-07-01,3m,-3.19672322424176,0.532209048453236,1.571395458826541,3.195578709312774,4.478193430241384
2015-08-01,3m,-3.0589490434898337,0.2080871529084538,1.3716148092709268,2.821696393277562,3.9332753993679637
2015-09-01,3m,-4.854735718508851,-0.26377869435425527,1.3856152779586406,2.9252260691595477,4.133905362174661
2015-10-01,3m,-5.998252756124511,-0.5056905872205197,1.1064580609562835,2.8634620127111043,3.9602876122927233
2015-11-01,3m,-5.316536833475938,-0.2911997247767584,1.6381249276981258,2.9006516678792726,3.7096952770480085
2015-12-01,3m,-4.933081506618153,-0.7632362456659658,1.2974966486799078,2.7991868382844842,3.467257191060602
2016-01-01,3m,-4.563488216294543,-1.2478724134411534,1.4011563722774012,3.0288251204301897,5.373188953216967
2016-02-01,3m,-4.764710734344469,-0.8204510202315274,1.6869937532437262,3.194896669383751,4.327328328241853
2016-03-01,3m,-2.8702551084877848,-0.41652520141961524,2.177352628914031,3.1610714091266257,4.720162076706025
2016-04-01,3m,-2.229849903451908,0.6503336405864424,2.4359025925631217,3.2165889547925763,6.010095246566238
2016-05-01,3m,-2.519446547377857,0.3020552726148873,2.599632667472518,3.568862874325629,6.828615541842975
2016-06-01,3m,-3.8105299753073973,0.5690144396859553,2.5342781463702835,3.852215742918985,5.53842284702093
2016-07-01,3m,-4.225530618880658,-0.32537770616366535,2.4379375038008577,3.8107493298849215,5.022281125882233
2016-08-01,3m,-4.647251261832219,-0.3887650113428509,1.851119056342232,3.5287836322378086,6.5441639014194974
2016-09-01,3m,-4.775270765568984,-0.337945860691824,1.9744282045935702,3.7326953591025225,4.963788634620281
2016-10-01,3m,-2.974618525341677,-0.10944965050798672,1.9444031982990495,3.3948469258165526,6.818914389733877
2016-11-01,3m,-4.9631572423395,0.3706559735563886,1.6816644480379006,2.6774763382867217,4.354139579341099
2016-12-01,3m,-2.813537063907634,-0.3752511411292514,1.5247813994360149,2.9952605171479796,4.398867297597442
2017-01-01,3m,-2.1833546821239613,-0.2777286945738311,1.80799006931327,3.3995832148261185,5.748321375139587
2017-02-01,3m,-2.1809156818971664,0.4937113128767656,2.59885934277162,3.1170678048938694,7.020984574564726
2017-03-01,3m,-2.4781943394241335,0.6920144370326398,2.5950296881209534,3.1175302320420206,5.54511833727076
2017-04-01,3m,-4.822809834885156,-0.4687647112947224,1.883921811401823,2.6619070070980078,4.043999500600015
2017-05-01,3m,-5.180705593904955,-0.7260470190781909,1.7298037752670803,2.4736554814824174,5.450706259439442
2017-06-01,3m,-4.914486230971882,-0.962611639887101,1.9876882231893545,2.7772586647954345,6.740482389644242
2017-07-01,3m,-5.985121271413007,-0.6795701243912489,1.6997818537735077,3.0268950514126702,5.009360281044262
2017-08-01,3m,-4.3606442011213,-0.199820099460446,1.673485460615387,3.2323760880727193,5.752942273756689
2017-09-01,3m,-3.654391588448902,0.023990883356383996,1.6768095566199515,3.5089033350699683,4.2327427960880515
2017-10-01,3m,-2.7979211394258408,0.06358668452954852,2.5536424273488123,3.7091494330791175,6.678219916055683
2017-11-01,3m,-2.779385871097162,-0.7413132399438527,2.6308686121261804,3.4448172084351913,5.572002895207917
2017-12-01,3m,-2.722143463337423,0.16684373640138972,2.2091783523219943,3.6579276174636854,5.89700083061826
2018-01-01,3m,-1.6113179448752124,0.41507382659533576,2.2717998216550184,3.467609428569496,6.923389999478169
2018-02-01,3m,-1.7078419066586026,0.8054587261012713,2.9038694938215315,3.2830686728414715,7.672663300362359
2018-03-01,3m,-1.1941590544857328,0.3227812375279582,2.5542287434973776,3.1079269435696277,9.46081573194486
2018-04-01,3m,-1.9354203044492757,0.2639053626688703,2.216576552564309,3.3089252446575568,8.217389514165664
2018-05-01,3m,-1.5215276370133202,0.886250105983355,2.0390033933376683,3.5863781713328047,6.124204098614228
2018-06-01,3m,-1.5221465998374262,0.23083350184898155,1.8061121007402203,3.1999853463308137,5.308489758845725
2018-07-01,3m,-2.2739612261557074,0.6801512808282562,2.0593773511366376,3.110216013483602,4.7314217893830834
2018-08-01,3m,-3.094320170500453,0.15487480532876408,1.8573588820117948,3.1817693362380384,5.493934260666444
2018-09-01,3m,-3.6190327639906816,-0.09533455796563173,1.8804730571010175,3.1507715500866063,4.7639871543130985
2018-10-01,3m,-3.3562994736725082,0.21433241636270584,1.927371666939659,3.1376616952980996,5.191432793626305
2018-11-01,3m,-3.9359227894060433,0.39370031159089436,2.346608737084499,3.3027977283902166,6.855133643766509
2018-12-01,3m,-4.479968434691461,0.5622132695016102,2.1629008922628756,3.394203459362255,7.910294510899618
2019-01-01,3m,-5.174180749453006,0.05952233162846987,2.019920790791474,3.2507421100057776,7.194824230728347
2019-02-01,3m,-4.063037598132713,-0.8377576180015223,2.3044338355632243,3.2365679077685394,5.591745482009713
2019-03-01,3m,-2.9401812503581204,-1.0160178961072686,2.410945081051441,3.5183076153419757,5.696389014524361
2019-04-01,3m,-2.815480124333747,0.10740725565914211,2.8243899561862795,3.869290318558316,5.166099035350125
2019-05-01,3m,-3.7382668198271407,0.38612491248379843,1.9615099000966474,3.5987317605899127,6.933474430754516
2019-06-01,3m,-3.7769464140307574,0.2706135717176261,2.034807564658836,3.445863325984,4.337698408127522
2019-07-01,3m,-3.6604094995106418,0.11279930810808025,1.4264367320901306,3.267094531359982,4.615088577759319
2019-08-01,3m,-3.5305990165795387,0.1461576580385815,1.7437206855544618,3.205307101712429,4.214923599979992
2019-09-01,3m,-3.2371646922154995,-0.2695429419551143,1.9191899803590706,3.0092280645207747,3.6695880814145543
2019-10-01,3m,-4.626270538298993,0.015440587485615609,2.510796454046438,2.934474981619606,4.532937352560973
2019-11-01,3m,-4.001212796271981,0.003916442694573696,2.298702159251742,2.9689515750617845,4.340893237842147
2019-12-01,3m,-3.852169118872495,0.4137398837037676,2.6187057949057957,3.1325647373394716,7.623390328565582
2020-01-01,3m,-3.0933201869001836,0.5495355259995227,2.176261221555542,3.388240829802447,6.5927184612399214
2020-02-01,3m,-2.4290111005447645,1.052185055259014,2.352887507031065,3.6266203410010966,5.843416468823537
2020-03-01,3m,-4.883424236562384,0.05854486575547213,2.9321693968438867,3.3001192645687683,6.185676026646525
2020-04-01,3m,-8.468404715997924,-0.7567996364200136,2.67439277276309,3.1545424235224218,9.048821606875723
2020-05-01,3m,-9.315003992127224,-1.5416849295986412,2.717246737897794,4.055404802199791,9.267514503863318
2020-06-01,3m,-13.1247763811432,-0.3188425801759154,2.094759739650276,3.4736113004603997,8.540905647216878
2020-07-01,3m,-3.248499585820397,0.4858971607820006,2.1687025135474824,3.694202783633349,6.468136001902081
2020-08-01,3m,-1.2268985351863937,0.7707872951909334,1.9154132018955883,5.100714984224575,10.315362523629101
2020-09-01,3m,-2.6448367457427513,0.40997233497146457,1.810050049752654,4.09017963694136,7.885189030280948
2020-10-01,3m,-3.601160600967235,0.5946263068950186,1.813547526779291,3.3343115359471875,7.3140659284081755
2020-11-01,3m,-4.563276143519124,-0.1050311720751429,1.303312787517541,2.4001465455326665,5.382507615484156
2020-12-01,3m,-3.0285097014431495,0.15858770335530625,2.0801791389399193,2.585279412768249,6.384013043909609
2021-01-01,3m,-3.3491921940440927,0.2699557122772589,1.4898741449727027,3.8967111175161273,9.038117197668981
2021-02-01,3m,-2.5740070054506625,0.8347048694657522,2.150058467041771,5.098437428715452,11.833556920992061
2021-03-01,3m,-2.6950004037110675,0.28259306405886697,2.5075551285237196,5.174570494125197,12.499414634008588
2021-04-01,3m,-1.1814033624178544,1.0767367181924836,2.8869525843358668,5.065189926914249,16.85042455134902
2021-05-01,3m,-0.017679167268103146,1.5756733414027613,3.0455418451552196,5.078332543651132,16.32353795668986
2021-06-01,3m,-0.6537980232307672,0.5593310080787228,2.917409793858239,4.154597934525994,15.768454872173665
2021-07-01,3m,-0.13664147591981868,0.8052488956214798,3.6745986244012485,4.909920280539981,19.430717963149302
2021-08-01,3m,-0.651123593798042,0.552082853653002,3.707894099066511,5.806241615140761,19.454041743601703
2021-09-01,3m,0.11333670378745886,1.6330776777337297,3.9776741122800274,5.687496969615036,12.901596435749841
2021-10-01,3m,-0.3962979521549004,1.0913063467311357,4.610743847868859,6.581115325021791,14.75535413982072
2021-11-01,3m,0.1574464079926008,1.0568607056050894,4.937685534039393,6.429533639553409,16.373159437452635
2021-12-01,3m,-0.3206289297031373,1.4521957906148186,5.22673000167444,9.022152037427,17.261223954551564
2022-01-01,3m,-0.6547597045592601,2.167275097772836,6.396717356950621,8.765662396829743,15.648937230006155
2022-02-01,3m,-0.45933505633874994,3.834400214692746,6.258428000008598,8.31222999722998,16.69728234957828
2022-03-01,3m,-2.1061196193776,3.8473631846243084,5.487381297368454,7.750634885750807,18.718290217130185
2022-04-01,3m,-0.02614610992615063,0.7010886108173464,5.0419720331954965,6.482247797837237,18.9102039324899
2022-05-01,3m,-2.075325707319031,0.6084439674406639,6.0425689653165415,6.779301366340218,18.027548400775117
2022-06-01,3m,-0.8242225842862938,2.3194948225067513,7.194587316991785,8.255895807656266,18.18201398191239
2022-07-01,3m,-0.7477052600580625,2.2623298396756475,7.538185657745955,8.940214148611947,20.704715464093404
2022-08-01,3m,-1.7696587509640427,1.5836545570981242,5.8061740969976405,8.557501751867402,16.81040095700157
2022-09-01,3m,-4.660006424492136,0.7610966162312494,5.5605840514011184,8.747932905937738,13.907672401094384
2022-10-01,3m,-3.5187333865676296,1.4850104156555854,6.1553421663262275,8.797461470103428,11.70027709977315
2022-11-01,3m,-4.394754356414243,0.6235204033981256,4.8294704375404285,8.627450033507822,10.872090056003735
2022-12-01,3m,-3.663682478835273,1.497439627271091,4.490766012229863,7.573275681076197,9.495625531160567
2023-01-01,3m,-3.3396358088505163,1.1725810538891546,4.559102458639264,7.763338687495991,9.474840121982432
2023-02-01,3m,-1.1599862568517194,1.6266924196610244,4.581568323805363,7.608364579595994,9.375452519305473
2023-03-01,3m,-1.5566840852339725,1.6132632413478731,5.131421402513192,7.467023467741485,9.238140921094162
2023-04-01,3m,-2.144475363920184,1.7737927003278475,4.469200459375777,6.9935059039124114,7.742547546287737
2023-05-01,3m,-3.755034651435396,1.4685839281379787,5.1239061075669445,6.411437809297471,8.535610599885747
2023-06-01,3m,-6.172699517516134,0.7602898887809628,4.113251558051023,6.411164555021376,10.052890226890465
2023-07-01,3m,-4.411099263801144,0.5125201279998937,2.9972659800520107,5.401863139465135,6.554905115951959
2023-08-01,3m,-5.688555136266304,0.6345868616687733,2.992416198148229,5.577400633853746,8.298399676244328
2023-09-01,3m,-3.1675937072875415,0.9918523227598453,3.35235774885998,5.69323089175211,8.364868071365606
2023-10-01,3m,-2.678500426163044,0.6815864139917194,3.454621735998731,5.482860823645064,7.129361937886469
2023-11-01,3m,-3.486777313540279,0.6094239162175219,3.109183844569774,5.02228579275239,7.474733715281423
2023-12-01,3m,-3.685749138375949,0.12962884501046545,3.59157351576207,5.486122348985467,6.993257112884255
2024-01-01,3m,-4.774481632692895,-0.1738413286704099,4.384842742931205,5.605770021813461,7.585038231269903
2024-02-01,3m,-2.222538529386664,1.277881406093373,3.815239002290993,5.64450260083631,7.46781999878714
2024-03-01,3m,-1.3148748860839166,2.1482147240727167,3.7876620747094636,5.683132384616085,10.658415269509991
2024-04-01,3m,-1.8163590025723764,0.8959517599046674,2.9109019270203262,5.013688480086276,9.742175553432908
2024-05-01,3m,-3.226297375848719,0.28914432081219577,2.976854366028725,4.596540976800356,8.237398280018681
2024-06-01,3m,-6.831535595328031,-0.21770180378641868,3.2774376543343253,4.430917729688577,6.372550190693871
2024-07-01,3m,-6.238505524872573,-0.30365974436651344,2.7796731152349485,4.1558472641018085,6.873470123059677
2024-08-01,3m,-3.3554778503824934,0.003697182284523315,2.5734178887993675,4.3281085999409274,5.959369132789449
2024-09-01,3m,-3.4747495529711236,-0.08599233840399512,2.9232182815490226,4.68486089460034,6.296600960705767
2024-10-01,3m,-2.2009137065967077,0.25614963742188745,3.4290068882347535,5.014362936922123,7.260512840193378
2024-11-01,3m,-3.6626220731414083,1.837698296206236,3.6756242003035844,4.290730270340948,8.192426601024172
2024-12-01,3m,-3.4576362674197725,0.8235172698529691,3.3976618920534607,4.175617628588624,8.173047396028089
2025-01-01,3m,-2.621302337659348,0.4479152968944522,3.5373055450526936,3.6695208448278116,8.697293746938417
2025-02-01,3m,-1.2992622131826836,1.0855948861753006,3.6572017916944866,3.791611918156401,10.60126776022059
2025-03-01,3m,-1.5399967673611847,0.6422868206053645,3.256688362063942,3.9976958612338853,6.810714160957287
2025-04-01,3m,-3.4010792883486185,0.6099903726631162,3.739468260486989,4.202017903022459,7.513932256087119
2025-05-01,3m,-3.337058579584462,0.6559909138883047,2.8338625812721396,3.9968274009619664,6.059921641854937
2025-06-01,3m,-2.9159743545342565,1.2995515793945422,3.4651462129078325,4.1150916727279,7.285694864992531
2025-07-01,3m,-2.1553424386908215,0.9569983220189426,2.8040018708928915,3.6435112277812376,6.609385438988369
2025-08-01,3m,-1.5258460413342112,0.34785538333168553,3.6629503526012464,3.807564860861512,7.675723395472911
2025-09-01,3m,-0.9087842274656088,0.49507075905235176,2.7142335111942417,3.2908309692535997,9.49060306145677
2025-10-01,3m,-1.3641337337342407,0.6970851867150296,2.64285228021357,4.268816383609608,7.770317825583262
2025-11-01,3m,-1.275746344390205,1.1692526171150242,1.9072371276354305,3.7114842732686615,8.37634009860524
2025-12-01,3m,-2.763933296544485,0.6965686610982402,2.5576258221708725,4.489896664738402,8.79434773193941
2026-01-01,3m,-3.342195134330972,1.3172891798006736,2.7956265215852927,4.4914627269682095,8.641994679068343
2026-02-01,3m,-1.7151210375172976,-0.10225788239043299,3.0505697215972516,4.8014724108796925,13.130843459500085
2026-03-01,3m,-1.2022486137163613,1.910597750384957,2.9432489973752363,3.704271432980133,13.264861900813862
2026-04-01,3m,-2.47766688229506,1.8610969556074108,3.176676620633656,4.3028475725346516,9.873377794880067
2026-05-01,3m,-2.799200677116309,0.6100502247248896,3.6192863390720476,4.513182641496627,12.069715718770603
2026-06-01,3m,-2.0203009579029207,0.12110812560717221,3.1533857059019565,4.33575833491775,8.247799513936926
2026-07-01,3m,-4.87156367639755,0.03929769359349855,3.2215816703775824,3.450328924189261,10.115333790221959
2026-08-01,3m,-3.4613383742782333,-0.11653929978060473,2.8042942652545255,3.073178364963658,5.971199184053089
1960-01-01,12m,-1.74751195047409,0.19283820339073277,1.6981132075471805,3.1963470319634757,6.988098870918513
1960-02-01,12m,-2.1735350373847995,0.48899012908125705,1.6981132075471805,2.9941203075531497,6.9554606467358004
1960-03-01,12m,-2.3226382788654742,0.48751594678333454,1.6981132075471805,2.7835665376600094,6.940464820120984
1960-04-01,12m,-1.3333333333333308,0.6716497111754816,1.473516527279961,2.266653469266555,5.4119061936259705
1960-05-01,12m,-0.7669160919234086,0.4729709244156277,1.6909001797091872,2.1257431093496537,5.241488519398252
1960-06-01,12m,-1.3395348837209275,0.13796867656201695,1.5973119669165259,2.386934673366836,4.863563402889248
1960-07-01,12m,-1.1481727574750855,0.481433669982545,1.67561412070929,2.393814214595902,4.749227069735484
1960-08-01,12m,-0.9586451149042663,0.8246765081100893,1.67561412070929,2.3774765380604856,4.011789749467831
1960-09-01,12m,-2.2912909727378694,0.3446295232624852,1.67561412070929,2.157559576425583,4.197794379224473
1960-10-01,12m,-2.104983388704307,0.39196375812486917,1.2555690562980892,2.2491179929439387,4.580960130187139
1960-11-01,12m,-1.8345818682158677,0.5721944430125303,1.6767922235722876,2.0388768898488285,4.580960130187139
1960-12-01,12m,-1.7793594306049876,0.34344590726960167,1.250302492538502,2.02490634808139,4.890895410082763
1961-01-01,12m,-1.3050972666830862,0.4602747486191827,1.2733298447584307,2.051282051282066,4.351779683034551
1961-02-01,12m,-1.2752313608507482,0.5568465821896851,1.250302492538502,2.048849414614473,4.798464491362764
1961-03-01,12m,-0.6123883144262598,0.17683065064608705,1.250302492538502,1.9708478751796266,4.547653604257373
1961-04-01,12m,-1.7628458498023747,-0.47066206463759475,1.4047916867121923,1.689732027160118,4.53376205787781
1961-05-01,12m,-1.3235600639199596,-0.3066378066378217,1.2450799260984802,1.859945116373618,3.2958034800409486
1961-06-01,12m,-1.6531094200997076,0,1.2591177492184746,1.6547513856534524,2.8890678477954568
1961-07-01,12m,-1.6328293736501132,0,1.2399999999999967,1.6742843396680307,3.261197785606451
1961-08-01,12m,-2.0062909121822847,0,1.030337721808805,1.5250984749015206,3.2917253875578867
1961-09-01,12m,-1.7704350992171936,-0.2366278761765317,1.030337721808805,1.504629629629628,3.5558104523621736
1961-10-01,12m,-1.8056189296656089,-0.019450092829997878,1.0113780025284624,1.2453515523653147,3.019430337822926
1961-11-01,12m,-2.40453814240964,-0.3022628870190225,0.7884182187791744,1.055333713633777,2.7495941558441483
1961-12-01,12m,-2.8479657387580293,-0.06929380573633681,0.5898899418302905,1.055333713633777,2.796406427938769
1962-01-01,12m,-2.0189003436426045,-0.7745580462912516,0.7483720478180578,1.2348629700446256,2.8090598506896214
1962-02-01,12m,-1.2968603914708776,-0.7764505119454035,0.7935092724679071,1.3145965548504002,2.8624856156501677
1962-03-01,12m,-1.6531094200997076,-0.2810172825628676,1.0447515630141346,1.649139579349912,2.78477822580645
1962-04-01,12m,-0.8927345144897791,0,0.817200888606795,1.3847967000589323,4.139900071377589
1962-05-01,12m,-1.223767866532821,-0.03180372557928246,1.1534912334666192,1.5058290155440357,2.947218004822716
1962-06-01,12m,-0.9018494781175779,0.12055241370751979,0.8218095614381804,1.4501306803810676,3.5440998791784084
1962-07-01,12m,-1.8900998399512314,-0.20943197227665244,0.8218095614381804,1.6961507191118441,3.205604500583825
1962-08-01,12m,-1.6396286978398567,-0.3864215752046096,1.2248123271434208,1.5486993345432465,3.333777837044938
1962-09-01,12m,-0.7332151243590435,0.30985752345651374,1.2248123271434208,1.624190064794817,3.6988110964332854
1962-10-01,12m,-1.3524755132161448,0,1.2248123271434208,1.7943409247756836,3.828032979976448
1962-11-01,12m,-0.7320009631591629,0.15321018703204903,1.2248123271434208,1.5128361858190775,4.154518950437303
1962-12-01,12m,-0.9250564424287289,0.004749522079339208,1.2248123271434208,2.1059972105997193,4.180320609334864
1963-01-01,12m,-0.9727679176263382,0.2940236497283477,1.219800110175484,1.7229549439658376,3.452920288967798
1963-02-01,12m,-0.5864306464312019,0.07750845546785623,1.219800110175484,1.5445962049683848,3.516051539637477
1963-03-01,12m,-1.4664302487180647,0.021135691137086354,0.885294829394212,1.7151314643914173,2.6680793681371773
1963-04-01,12m,-2.0323620249764973,-0.2593181661019295,1.219800110175484,1.6515151515151594,2.8588854158725363
1963-05-01,12m,-0.8853086616685268,-0.008592910848548296,1.2008522177028746,1.8324607329842868,2.998274374460741
1963-06-01,12m,-1.2436055741753438,-0.06341154090044876,1.2029820399864333,2.0999166098097044,3.231263745559132
1963-07-01,12m,-0.9716861453750503,0.2313230260828414,1.2148287483344955,1.9265128563660472,3.861363107699445
1963-08-01,12m,-1.1637617521079724,0.5966521186674845,1.1233737646683783,1.993632504548204,3.8354577056778583
1963-09-01,12m,-1.6575147447630667,-0.5452647047449855,0.8184963294236791,1.9889644552803842,4.034458004307262
1963-10-01,12m,-1.4647784598553426,0.2474286823209937,1.2099921935987412,2.0573485920020618,3.160127253446454
1963-11-01,12m,-1.2316176470588247,0.008798169980650528,1.2099921935987412,1.8466865441954416,3.719788519637457
1963-12-01,12m,-1.3765318113144187,0.0046871338176490696,1.2233189909727438,1.9189389396451428,4.031165311653129
1964-01-01,12m,-1.53233949040803,0.2671666276072182,1.1826507879754589,1.839785358374857,4.6940486169321005
1964-02-01,12m,-1.6262261228704222,0.360655737704918,1.2051002954439394,1.5471654543355307,4.673060156931141
1964-03-01,12m,-0.868318769468257,0.19662998061009684,1.2051002954439394,1.8331105594806107,4.69078670593186
1964-04-01,12m,-0.5888528780755187,0.39128769222349646,1.2051002954439394,1.8428339539768857,5.089379600420618
1964-05-01,12m,-1.2219959266802416,0.02306273062728792,0.7975840173455095,1.8612041082676,4.7007995873097785
1964-06-01,12m,-1.0980616824214695,0.14036269720958394,0.839510583191938,1.8259105400444176,4.443053817271592
1964-07-01,12m,-1.2420187177468733,0.004788682291456681,0.8034145116746272,1.746683210842792,4.29995845450768
1964-08-01,12m,-2.186272497882802,-0.26436154588560523,1.200247793092779,1.7022613065326597,3.869905310827515
1964-09-01,12m,-1.1655894204505413,0,1.200247793092779,1.498584399101821,3.938081488610834
1964-10-01,12m,-1.084611697027793,-0.006168270416972987,0.8021596606247572,1.4637831712154048,4.531410916580847
1964-11-01,12m,-0.8107998540560324,0,0.8021596606247572,1.4481634218854955,4.275165176836371
1964-12-01,12m,-0.5922026649119783,0,0.8021596606247572,1.4637831712154048,4.136104319478395
1965-01-01,12m,-0.7822508108697446,0.05710429320460175,0.9874566319722389,1.4584117425668008,3.970357548547643
1965-02-01,12m,-1.365623218309664,0,0.9449116507606492,1.553961748633892,3.6215765327401783
1965-03-01,12m,-0.9784949167325419,-0.04048582995950234,1.0222087009430947,2.1567814184985545,3.2635395952743007
1965-04-01,12m,-0.8542181433109697,-0.08611729769857357,0.791272950756694,2.027748132337237,3.3739550810756302
1965-05-01,12m,-1.2492872323881743,-0.00890445519574623,1.190750556963982,2.19877277798437,4.189177220795304
1965-06-01,12m,-2.2066261710977475,0.04012036108325123,1.190750556963982,2.1565217391304348,5.021698698078114
1965-07-01,12m,-2.28278008009265,0.002959105166611131,1.190750556963982,2.398942198715548,5.021698698078114
1965-08-01,12m,-2.5611558036447213,0.00856604420080842,1.2150961615836398,2.5322213798331994,4.923798358733866
1965-09-01,12m,-1.9701198489574856,-0.3619331488183941,0.9044984363723696,2.6458682989436433,4.58634679837715
1965-10-01,12m,-3.325874694873876,0,1.182404498098233,2.6432132442855805,4.558229404531877
1965-11-01,12m,-3.6974907387991918,-0.07094714437744232,1.1860127018134436,2.787347322267464,4.751484839012199
1965-12-01,12m,-2.9758949749020935,0.2973492403089528,1.1860127018134436,2.8669971976719166,4.847163838289492
1966-01-01,12m,-3.16661478330047,0.4900076863950886,1.576249139184327,2.5894287239722313,4.719885081058894
1966-02-01,12m,-3.680553352159155,0.31672905269219953,1.8749627983571715,2.9047805132213167,5.955973726255981
1966-03-01,12m,-3.0126418334881944,0.37031693358342554,1.5292801193584449,3.0023262576330367,5.780601888624148
1966-04-01,12m,-2.662993572084471,0.5888259996348344,1.5814183345688182,3.4928229665071697,5.951040246576977
1966-05-01,12m,-2.2773044151820354,0.7371913011426479,1.598095885753148,3.5386258454966235,6.051772073312289
1966-06-01,12m,-0.6074475899870091,0.7927137797267614,1.7758635947962897,3.0845465370875402,6.4490714687675865
1966-07-01,12m,-0.4032030677268539,0.8850735343049143,2.1116763279309225,3.588143525741039,6.644760861628329
1966-08-01,12m,-0.9997047285611793,1.1729964728077968,2.396071458809579,3.5414455273569567,7.043726235741432
1966-09-01,12m,-0.5698005698005826,1.563923474035822,2.5801001807996604,4.005149477900161,7.236963049206446
1966-10-01,12m,-0.004260939963363075,1.164934629567549,2.7386741745584864,4.189085318985386,7.581773492153543
1966-11-01,12m,0.03504345388281038,0.9904572384785704,2.873030583873959,4.164145058423707,7.2840040386557
1966-12-01,12m,-0.04258943781940694,1.029214935154843,3.1395972126502913,3.965916263412561,6.305387812720564
1967-01-01,12m,0,1.3548285459223708,2.7483443708609334,3.770353858191,6.282204757195653
1967-02-01,12m,-0.20593198524154754,0.903425286245696,2.9578955621765823,4.031462196756563,6.031244332754748
1967-03-01,12m,-1.1454183266932372,0.4373916522202981,3.0271398747390377,4.068393630292788,6.146211108990274
1967-04-01,12m,-1.283732486714062,0.38789105320855555,2.9289724188430455,4.078805883103387,6.003039513677799
1967-05-01,12m,-1.283732486714062,0.8475096726647369,2.329531667071083,4.150093589143644,6.153070230740143
1967-06-01,12m,-1.0901883052527261,0.6717850287907945,2.2003679071741944,4.2831050228310685,5.755962440121465
1967-07-01,12m,-0.19389238972370437,1.122840690978899,2.6258816956491238,3.9072963372736247,5.8254318742694045
1967-08-01,12m,0,1.4298302964836918,2.3087656983382,3.900911161731213,5.046907574704651
1967-09-01,12m,-0.9315943571998941,1.5215082315453987,2.5198760274895537,3.891883322764733,5.197740112994365
1967-10-01,12m,-0.8626639061421693,1.4000614062020356,2.6039987100935136,4.012678715942819,5.765477398704033
1967-11-01,12m,-0.733646548608613,1.5687851971037725,2.684509326845097,4.060626625947283,5.682747342600147
1967-12-01,12m,-0.548298661506208,1.3634426927993104,2.756047659164773,4.050302139474127,6.0321988995312825
1968-01-01,12m,0.006931447979496852,1.9066084989497467,3.4664544685930165,4.430028594596891,6.625209280076549
1968-02-01,12m,0.006901787562973993,1.9138402423705125,3.5052019145338287,4.639802911026791,6.701684477449743
1968-03-01,12m,0.8701705534284621,1.9138402423705125,3.2920515974029563,4.813347060233819,7.103039021758684
1968-04-01,12m,0.37684413085312674,2.2906968151924945,3.5689245731086894,4.77161192902984,7.078853046594968
1968-05-01,12m,0.7617062219371418,2.3068326947637274,3.800638516295707,4.9842326559214944,7.053571428571437
1968-06-01,12m,1.1385503527902685,2.2819285977180526,3.613187655740857,5.190119344990274,7.465862741620843
1968-07-01,12m,1.1385503527902685,2.314115308151088,3.353768481788677,5.159526861953023,6.923980837024324
1968-08-01,12m,1.5232550267415768,2.277100705580515,3.8143289606458186,5.418761921276216,6.638714185883998
1968-09-01,12m,0.5857162591518028,2.4088650700608394,3.6442359732996366,5.402500976944102,6.878306878306861
1968-10-01,12m,1.5391969407265726,2.364489354023802,3.59838340556069,5.683999666138062,7.287870900572613
1968-11-01,12m,1.1215543795908722,2.6066350710900466,3.734231651376163,5.658528619253689,7.240143369175622
1968-12-01,12m,1.3928116519909217,2.545023696682458,3.770080787445451,5.6324271528569225,6.973548608725522
1969-01-01,12m,1.1962119953480732,2.578319933462714,3.7909376401973782,5.725675987982437,6.646286231884058
1969-02-01,12m,1.3661985287092726,2.2221406008962052,3.5449952205380164,5.57974520238671,6.891868952639624
1969-03-01,12m,1.3501949225064314,2.638997650743935,4.110807113543102,5.467939626156371,6.7281645801303025
1969-04-01,12m,1.4645084436970102,2.615040092465515,4.522913402361595,5.857841173170941,7.129707112970718
1969-05-01,12m,1.384530690889063,2.5832899531494036,4.507747691344499,5.822381521306252,7.322834645669296
1969-06-01,12m,1.5607254706267115,2.6986892080989255,4.279080780310696,5.786890436985437,7.754412316935788
1969-07-01,12m,1.5161143894689033,2.5907073871052066,4.391811473458729,6.068976402809567,7.721104351895169
1969-08-01,12m,1.3821878058412507,2.5542410434346463,3.653779060547424,6.032318795105107,7.729248219954976
1969-09-01,12m,1.1774646351767615,2.891235552329219,4.076532604451399,6.213657876943901,7.934006858837694
1969-10-01,12m,1.368338175006123,2.7540677514003686,3.9145492042491847,6.265060240963849,7.826887661141813
1969-11-01,12m,1.1660233744500648,2.3170984455958665,3.7837837837837673,6.151511093254758,8.75699534957044
1969-12-01,12m,1.7371737173717428,3.3246977547495726,4.091536843192167,5.929871282734123,9.167933956115593
1970-01-01,12m,1.8433179723502224,2.8109593073168293,4.0635361246048385,6.9992792504204315,9.25992134429745
1970-02-01,12m,1.8365758754863792,2.9935231045555843,4.4698270170342,7.094049904030708,9.355464539771496
1970-03-01,12m,0.5679104081524278,2.8984499895739146,4.456327985739739,6.987227648384686,9.50929712213564
1970-04-01,12m,1.4338821030270843,2.5483425414364547,4.3646603308693965,7.049012666194621,8.974530831099203
1970-05-01,12m,1.0735495660118666,2.5706680187603137,4.370549916679289,6.088548819567063,9.055976736940497
1970-06-01,12m,0.7017104191466617,2.444246704855124,4.333240145373218,6.11038107752957,9.130434782608688
1970-07-01,12m,0.7156997106745777,2.0931225971806855,3.941160144324174,5.88880031885215,8.681572860447172
1970-08-01,12m,0.975510618839559,2.5787454269652788,4.295031917846237,6.202584995785321,8.338442673206625
1970-09-01,12m,0.7710501419110782,2.8934120067125146,4.28680080204662,6.071297317162805,7.690532953933715
1970-10-01,12m,1.4442916093535096,3.039437327304717,4.271443334481573,6.160178596344368,7.791828082742502
1970-11-01,12m,1.4163916391639164,3.3031173999557906,4.291750055592614,6.063932838230546,8.043217286914771
1970-12-01,12m,1.0161640986860787,3.141660319878148,4.5970721028868455,6.146046935520633,7.888521492678313
1971-01-01,12m,1.6239422598307574,3.288435869433326,4.573960463531002,6.037684878773564,7.883129728140292
1971-02-01,12m,1.4442916093535096,3.0998200418281163,4.575163398692816,5.9758472925594,8.075596781523164
1971-03-01,12m,1.6057760593387593,3.045335274175942,4.548839098355106,5.71589866629032,7.504363001745196
1971-04-01,12m,0.008119079837620724,3.043186395166697,4.526138279932557,5.092341042890847,7.436108821104703
1971-05-01,12m,0.16047712739795106,3.392470097134148,4.832662130259702,5.268996117581803,7.522479713429342
1971-06-01,12m,0.4982426921054328,3.384758185833636,4.843247588424426,5.423982577922959,7.693428529797464
1971-07-01,12m,0.6065666814111692,3.2917139614075053,4.826435246995997,5.261689321162355,7.834877843302435
1971-08-01,12m,2.0674047342345236,3.271243842364524,4.294553547408841,5.024073686414066,8.024451236454567
1971-09-01,12m,0.3748438150770639,2.8722967168415936,4.3486517280668435,5.03631629436756,7.666022879215562
1971-10-01,12m,0.004318881533071917,2.2259992324140443,4.111405835543769,4.816777624804325,7.0550621669627
1971-11-01,12m,-0.2776618855112267,2.0044960659423072,4.115138592750522,4.4978960536790735,6.800305877212143
1971-12-01,12m,-0.012318001527433786,2.1194965610817462,3.7484116899618725,4.319124858543955,6.97275997944149
1972-01-01,12m,-1.054664289958429,1.9177457942505693,4.041457532103521,4.1918755401901375,6.633400227802788
1972-02-01,12m,0,1.9196615127455186,3.8247011952191157,4.653873047937229,6.710048170370997
1972-03-01,12m,0.41490112994351236,1.826595226497818,3.696457270630993,4.128014842300565,6.313225927313604
1972-04-01,12m,0.4325946852652862,1.3046629620681482,3.6141804788213605,4.107856191744341,6.538029224428632
1972-05-01,12m,-0.0027112026895093067,1.8165024630541815,3.3076923076923004,4.073387203603107,6.276611012773281
1972-06-01,12m,-0.21839359378791334,0.7955390334572598,3.145707974712475,3.8023064250411798,6.253669528237515
1972-07-01,12m,-0.3120182071800981,0.7108811430036388,3.2458385413566715,3.7472446730345332,5.785582255083166
1972-08-01,12m,0,0.8989033379277256,3.0627174944637847,3.7491867273910184,5.681040383299107
1972-09-01,12m,0.35605582036410954,1.5016625549715723,3.2709097810957877,3.766097027618054,5.905096660808451
1972-10-01,12m,0.5567626290059691,1.4597871677930918,3.0085197018104193,3.6587240584165848,6.012793176972275
1972-11-01,12m,0.7468879668049766,1.6374226162130467,3.2154340836012985,3.7825594563986265,6.108202443280986
1972-12-01,12m,0.26235242675993753,1.7999271705769093,3.3743712199800324,3.8911200906716736,5.092672787112429
1973-01-01,12m,-0.5363360248907489,1.6248611035211358,3.163717825629764,3.9134563212154028,5.964166413604621
1973-02-01,12m,-0.6382728395787907,1.6888170937660707,3.6461805092654176,4.065972834715126,6.281802762297084
1973-03-01,12m,-0.4263497393302007,1.760367381018657,3.596329135545595,4.486603128933653,6.290293426522853
1973-04-01,12m,0.0013232063937440586,2.4223583828918205,4.183266932270913,5.020172910662812,8.634079488350842
1973-05-01,12m,0.17070040094746552,2.523825053447837,4.191215854311725,5.434782608695654,8.572724523737518
1973-06-01,12m,0.4593224622062353,2.5336362047877037,4.150173181593275,5.92934147291857,10.411928228455892
1973-07-01,12m,0.1680494356450124,2.9529966800629026,4.1432887354337256,5.688796948736186,10.712125793770788
1973-08-01,12m,0.005016135235003105,2.7766888801777023,4.443488414971419,6.088082901554404,9.397672309552618
1973-09-01,12m,0.12798060083525353,2.888120385082704,4.45682984754463,6.072351421188649,11.21887287024903
1973-10-01,12m,1.5357301375943155,3.131524008350728,4.747901733749904,6.307229301402306,12.571799610409062
1973-11-01,12m,1.4082423596935012,3.354138892255487,4.7331134725784985,6.745817593092274,15.019505851755511
1973-12-01,12m,1.1241484397697121,3.7099939180427643,5.0578034682081,7.648395176792677,20.13437364542696
1974-01-01,12m,1.662384378211712,3.9442835470969495,5.269336115821055,8.170060186963756,26.069197501201337
1974-02-01,12m,1.6588587666077848,4.034148980941499,5.530088044822823,8.430669596391805,25.422863808690586
1974-03-01,12m,1.792346197319561,3.716135219371841,6.503873803678273,9.669676534461091,28.635084427767367
1974-04-01,12m,1.9448367920281706,3.7045889101338547,6.4412545270597255,9.115677148371004,30.22159358793022
1974-05-01,12m,2.6591809775429187,3.0972882662896772,7.033934867667391,10.162305399138782,29.133676431776202
1974-06-01,12m,3.398041334123292,3.6944230274993606,7.898634438223873,11.441049904729272,26.550442983709633
1974-07-01,12m,3.3782489303275876,4.243139538511143,8.481344000946489,12.033922667816599,26.524168965016703
1974-08-01,12m,3.0658880284372136,3.3864541832669293,9.454073178377897,13.050443641143605,27.29095540020594
1974-09-01,12m,3.637216942391186,3.849671210207717,9.621963440340032,12.355565724745453,25.902883956345235
1974-10-01,12m,3.9244356065036845,4.6900197097294205,10.546667677610145,12.50264438332982,28.205446740375727
1974-11-01,12m,3.943644254355627,5.058923690460193,10.474626953182264,12.902772902772908,25.814961371773126
1974-12-01,12m,3.932724771789431,4.486176317162238,10.69379950833107,13.363641801758707,21.20517166882707
1975-01-01,12m,3.1331791731253,5.443030036997576,9.700208870868664,13.343528961957563,17.856121281464542
1975-02-01,12m,3.12363448132138,5.726431607901961,9.849082576507918,11.776555779386943,18.42812676853425
1975-03-01,12m,1.8703844295672623,5.969717984281098,9.60094561073468,11.647366751269029,17.188945106359842
1975-04-01,12m,0.7039111683934118,6.059460821365592,9.1830967184227,11.197134273168462,16.56098871574423
1975-05-01,12m,0.16882136034475081,5.315171311418454,7.9318876437199926,10.4648500114495,14.697257757870652
1975-06-01,12m,2.28541393603503,5.614203454894429,7.644306642204279,9.290917585174686,14.215436810856685
1975-07-01,12m,3.1610264038676172,5.492855412932918,7.166069691866128,9.927775737544376,14.019589014787769
1975-08-01,12m,2.174713584288046,5.580428525743519,7.145295810369223,8.323497716426353,12.05619272348133
1975-09-01,12m,1.7656455816821293,4.60413080895008,7.013472206498372,8.564848841197525,10.80843585237259
1975-10-01,12m,1.506443035385563,4.568447676256726,7.265462322021499,8.234064785788942,11.036024844720504
1975-11-01,12m,1.2062787572783895,4.5338224004094485,7.2291853178155785,7.919355645605064,11.557086515900373
1975-12-01,12m,1.7171617487417468,4.242043988985311,7.181797952825986,7.826286238111613,11.433104671239924
1976-01-01,12m,1.8900662028536352,4.2074755146911835,6.595301813856658,8.592387401251678,11.053925773431716
1976-02-01,12m,2.19028152207541,4.370513893170114,6.4967734879142425,7.5861061397421325,10.566027072088602
1976-03-01,12m,1.6656818598586032,4.050129909827294,6.716164410151881,6.852267624607089,10.688786224275514
1976-04-01,12m,1.8767435850816527,3.4420562152412293,6.433118778797797,6.668596795985349,11.03184612959167
1976-05-01,12m,1.893734809613834,3.8094063983233895,6.406384814495247,7.014085861256691,11.502866914797295
1976-06-01,12m,1.9680890174260446,3.636425427789769,6.223570116611832,7.178502879078685,10.244101726074973
1976-07-01,12m,1.4634009466937492,3.1752692684291484,6.051618044180795,6.783902603990533,10.098343343673676
1976-08-01,12m,0.8603423160961299,2.951427512050442,6.1239368165249,6.922267903241219,9.993985565356844
1976-09-01,12m,0.6408809856930153,3.067410281280303,6.130611531232244,6.842872595588578,10.581719483568076
1976-10-01,12m,1.0561174259375417,3.1072108651627683,6.4245027546923295,6.833390041964371,10.394444018110649
1976-11-01,12m,0,3.469086007986233,6.017059150750992,6.736589438530571,10.472056429734122
1976-12-01,12m,0.3303882990570939,3.4624961095549134,5.6365521869090385,7.240359163336274,9.861954721148546
1977-01-01,12m,-0.6207067781180298,2.9751471843961985,6.172436316133245,7.26400357063155,9.586187996711427
1977-02-01,12m,0.004177109440250959,4.15856339182592,6.283367556468189,7.954195337372916,9.272368573749556
1977-03-01,12m,0.3944166986810105,3.0683514875792905,6.784593697421681,7.987414440273777,9.368998628257884
1977-04-01,12m,1.201052016364712,3.2576452187044858,6.682330452789609,8.639822447685486,9.420985284708895
1977-05-01,12m,1.2924809858476882,3.4727112676056437,6.735853523794488,8.640786539631073,9.531327529432998
1977-06-01,12m,1.513439341351197,3.7875682500122965,6.4225173367175925,8.513200555812883,9.51595884990768
1977-07-01,12m,1.2850943441463425,4.200581395348824,6.366533664583818,8.474732571007015,9.413387929499727
1977-08-01,12m,1.3009834448315383,3.9450324175339224,6.212477160010432,8.14900017695983,9.342575831162513
1977-09-01,12m,1.3731541122133928,3.642502685834148,6.455457726171709,8.103913078996827,9.243179365976474
1977-10-01,12m,1.2047130726059896,3.7375612766796795,6.644228371977068,8.111783802755102,8.961811552485122
1977-11-01,12m,1.8241636535391903,3.9409566163599363,6.502818143476108,8.10231744643637,9.122942245223808
1977-12-01,12m,1.7371601208459264,4.116276372531447,7.142712407043428,8.23861093708047,10.018803813545363
1978-01-01,12m,2.2674354141257513,3.851001724824199,7.425343018563346,7.940625450353078,9.532275132275124
1978-02-01,12m,1.3712227042129266,3.3570849866007446,7.372877324834715,7.956906813000586,9.945741324921142
1978-03-01,12m,1.9974446337308382,4.088942886768532,7.073378033808653,7.756649416295569,10.738002029868078
1978-04-01,12m,1.7759011076433628,4.211203869860336,6.782918483101308,7.5997593743733605,11.283082077051931
1978-05-01,12m,2.0366013787066484,4.500210290200468,6.987918085553013,7.5644402227883045,10.914867535586525
1978-06-01,12m,2.3718295781100407,4.838939003775722,6.747205373702947,7.65222924869744,10.05868927290512
1978-07-01,12m,2.6231155778894566,4.670679621350238,6.66513021433508,7.970220324250787,10.522617953845327
1978-08-01,12m,2.6337766587308575,4.841888765104119,6.403220434700763,8.184826883910379,10.304912478825523
1978-09-01,12m,2.5994397759103505,5.305068722274742,6.50977153867327,8.5260364613847,10.380659905727763
1978-10-01,12m,3.034397342791184,5.636554393835258,7.014752675730418,8.518256564406347,10.630427164051248
1978-11-01,12m,3.3403115422165452,6.161905441351845,7.180381931129687,8.872337377995132,10.929417653929562
1978-12-01,12m,3.05290772672151,5.998156906032581,7.153908247006591,8.807751486671922,11.466862845445224
1979-01-01,12m,3.3738066549263257,6.325735718407377,7.608894303990277,9.415609680180514,11.377181399664526
1979-02-01,12m,3.5529111772205635,6.465637034978355,7.69750999077774,9.72070209574769,11.420204978038061
1979-03-01,12m,3.099846858420241,6.6231083925805345,7.600962276705725,9.656687276277243,12.44412264685515
1979-04-01,12m,1.5418073254181541,6.48243624114937,7.454058372890904,9.226792009400707,12.02100323986146
1979-05-01,12m,2.6990154391868693,6.4421167933182755,7.800439861853281,9.30837933665456,12.021070416935853
1979-06-01,12m,1.9439296557706598,6.384885885678826,7.471237379666573,9.353004872766668,12.932414914978496
1979-07-01,12m,1.3483547925607908,6.152840985896435,7.662100883549172,9.64212950659935,13.088978893612758
1979-08-01,12m,1.2280408630895412,6.220121984724414,8.225778695577347,9.676003160944768,13.255292652552942
1979-09-01,12m,1.6926104848810297,6.459287757219867,8.370645175045844,9.849969588430074,13.56024506466984
1979-10-01,12m,2.1680443403889527,6.52586817859675,9.1925781580954,10.06541319908214,14.210099661437226
1979-11-01,12m,2.1210295997639905,6.641643207173398,8.913766255628985,10.426072770042127,14.742678419107191
1979-12-01,12m,2.65697605147146,6.769665659420987,8.875293328863542,11.070848903483931,14.93227312653136
1980-01-01,12m,2.74375856722322,7.103945818610136,8.818019068237648,10.948200175592614,16.27109930597208
1980-02-01,12m,3.264970897361108,7.187701847306549,8.991418977739096,10.614324673460619,16.747026679524257
1980-03-01,12m,3.9108869672784596,6.979783654514615,9.382481631305218,10.50898328400518,19.472486432864542
1980-04-01,12m,1.5502279471649505,7.335935834139784,9.12902297669449,10.86407485612555,16.33059497137166
1980-05-01,12m,1.1671962845270167,7.714383327639207,9.40048435723817,11.125851242593088,19.90465477529595
1980-06-01,12m,1.3669801657510083,7.198923907306187,9.813272977123933,11.440922190201718,21.730856073801696
1980-07-01,12m,2.88528602018967,7.588009223674108,9.543318472105078,11.160532589104012,20.853543307086618
1980-08-01,12m,4.602633781728582,7.960332350576249,9.238352679281281,11.34311988526111,20.27544466403164
1980-09-01,12m,4.709456447791305,8.20770519262981,9.517050255162406,11.838360131828619,18.941631397862537
1980-10-01,12m,5.149010300358925,8.337916284754066,9.163599866175964,11.882057716436645,17.597313766944424
1980-11-01,12m,4.918070997366142,8.024479524136341,9.382124502492362,12.079291438211737,18.377058021127436
1980-12-01,12m,4.940807799442903,7.926153043251349,9.941497960126245,11.654668260277411,17.49412590400048
1981-01-01,12m,5.000727554930395,7.698898047209668,10.07766767417837,11.327003753587995,15.220057549884425
1981-02-01,12m,4.975372693242264,7.5829217068906996,10.146258503401384,11.065422097948119,16.75820465493181
1981-03-01,12m,4.266817228585262,6.901840490797562,10.13623155590777,10.599778076271683,14.204324744270359
1981-04-01,12m,5.01972433839617,7.17568045245669,10.206520521342943,11.083881299589926,14.104789456766298
1981-05-01,12m,4.584669587605594,7.0378374279648215,10.39788823074943,10.787422134357861,13.836598796260713
1981-06-01,12m,4.804448382664961,7.411669927494535,9.852950702856788,10.207091863826756,13.722507447550235
1981-07-01,12m,3.7228525380184063,6.9025651173720615,9.466623390674034,10.229897701022983,13.755158184319116
1981-08-01,12m,3.4239332361599484,6.279407348082899,9.435344985526362,10.902474526928675,14.219703037397569
1981-09-01,12m,3.317253121452879,6.188242688050649,9.129745441733462,10.593738754947823,14.226603383229875
1981-10-01,12m,3.235598178738752,5.97460791635549,8.945325011131855,10.295373665480412,14.110466160014369
1981-11-01,12m,2.614901993810137,6.014650845172853,8.651486228524675,10.216554209206219,14.753516964180168
1981-12-01,12m,1.4715103883616854,5.844938301734248,8.2305770470664,9.945737791002962,14.833127317676142
1982-01-01,12m,1.1585283070099983,4.41342040081063,7.604302679848307,10.055263981092066,14.57251644167532
1982-02-01,12m,-1.5569787985865724,3.9741241664318583,7.315826246996471,9.659051694388854,14.131133177570089
1982-03-01,12m,-1.1239687724932113,3.760541798743766,6.858400754738558,9.491176974473191,14.512471655328785
1982-04-01,12m,-2.899660515098157,3.6363438116733704,6.767577708608696,8.992548739410022,14.226386966244275
1982-05-01,12m,-0.1961704123843333,3.42800643226564,6.12061206120611,8.683209319551533,13.97697607737407
1982-06-01,12m,0.19830539030105676,3.3456363852839788,6.4721559826062425,8.4874062165059,14.091716285385992
1982-07-01,12m,-0.7855822550831726,3.4160183856453807,6.536152674491524,8.89798090676246,12.74607277788824
1982-08-01,12m,-0.2004188935432527,3.1213231213231163,6.218764399390353,8.012862580391133,12.555044524904613
1982-09-01,12m,-0.6654129900187988,2.4781284174347773,5.418532552531863,7.584434177132793,12.926735711545856
1982-10-01,12m,-1.0436432637570991,2.3815444930440854,5.731244929383905,7.6952860323298955,13.215165976191724
1982-11-01,12m,-1.056174241387775,2.220519859129455,5.453055688978048,7.564345011058027,12.758833831255778
1982-12-01,12m,-1.4497485796382104,1.9657637321293997,5.754422476586907,7.215181812392535,12.56920237851138
1983-01-01,12m,-2.0076471626002346,2.070250257756112,5.0547528133358055,7.011116725619004,11.717019133937567
1983-02-01,12m,-1.3233689270765625,2.0473138780176203,4.621801055438901,6.9893319067249715,12.77816585171141
1983-03-01,12m,-1.341835201167929,1.954259376001155,4.808334058791108,6.509940585009133,12.455445544554467
1983-04-01,12m,-0.3897489494197215,1.905166914735279,4.794121724663802,7.257913466941379,11.989395129615076
1983-05-01,12m,0.2582299510627273,2.23751655819846,4.5534876014800885,6.665800837689528,11.863909664173633
1983-06-01,12m,-1.7773195876288672,1.785766434015712,4.205812867424874,6.381418907661041,11.557153965785382
1983-07-01,12m,-2.9060905968662953,1.7004037032282149,3.7662621624576342,5.989981061763094,10.87506564185803
1983-08-01,12m,-1.9466107389383147,1.790118020081044,3.7510888501742112,5.656479737529629,10.963611542625816
1983-09-01,12m,-1.961630104346379,1.7807522565881362,3.733528550512455,5.62225918645094,10.86946354239744
1983-10-01,12m,-2.4298041364196665,1.7055687958229537,3.9279824822254117,5.080591950230939,10.667469544675523
1983-11-01,12m,-2.6437321976715444,1.931009308267928,4.086219225661458,5.057428097518235,10.06806450139328
1983-12-01,12m,-1.8222128378378333,2.0787215651550506,3.705095849218698,5.064929969790888,10.373406193078317
1984-01-01,12m,-0.12420498104803723,1.9310088177222795,3.899229781771507,5.050698909253737,9.960338921939794
1984-02-01,12m,0.9114966186415829,2.429212440043327,4.108363163032869,4.915060125978243,8.636021767022072
1984-03-01,12m,0.594681277562481,2.3426686943594843,4.535071217414677,5.259692757863932,8.83518225039619
1984-04-01,12m,0.5927569696424495,1.8993639942889384,3.8608767236056662,5.4937084108612755,8.96975010960106
1984-05-01,12m,-0.164731076517588,1.3316423589093018,4.162374877849095,5.591039234811057,9.32966264639048
1984-06-01,12m,-1.68861512319457,1.4316659254902442,4.157330029262107,5.521218547156659,9.728151956086094
1984-07-01,12m,-1.2816328097999263,1.492563460224594,4.448717273349834,5.850399600399614,9.235339705502454
1984-08-01,12m,-1.011931732366722,1.7542985297782199,4.434066222385491,5.382403680276027,8.009842603198836
1984-09-01,12m,-0.8580692045391247,2.011745466887449,4.017355393502187,5.46615507960142,7.90128664838643
1984-10-01,12m,-0.7636588241900277,2.1928463559444777,4.083048985021098,5.5477788887301704,7.817862224826322
1984-11-01,12m,-1.0010744069444244,1.8332504558262963,3.849082878217547,5.430546468295727,7.479363341998457
1984-12-01,12m,-0.3591346966368203,2.256396775324232,4.07756433490396,5.521559295144196,7.625886202508614
1985-01-01,12m,-0.32932427818036514,2.0351403114331035,3.7547649301143737,5.506607929515428,7.41484608763372
1985-02-01,12m,-0.5075139714449395,1.9520891564538179,3.958407787478091,5.8603526335029965,7.0250458155161954
1985-03-01,12m,-1.005169442848941,2.623712454080529,3.794565292932117,5.643062977366187,7.054160093839745
1985-04-01,12m,-0.1316236413043459,2.020083757373814,3.800983364328836,5.035252317770489,7.157225619568708
1985-05-01,12m,-0.13755795981452712,2.1920771553472385,3.689241613631178,5.695129469790383,6.990687077820867
1985-06-01,12m,0.10733352848519839,1.9931199833211677,3.969559851912785,6.0460626120535155,6.848771191487657
1985-07-01,12m,-1.3060186261504514,2.2582461547580257,3.7029702970297063,5.722965760735699,6.515071078865109
1985-08-01,12m,-0.40540140657518986,1.9282225525589114,3.645362275148223,6.151066420519258,6.569835680751179
1985-09-01,12m,-1.2300748210800183,2.0659104082139557,4.039405508590144,5.877881247794092,6.5488018702513084
1985-10-01,12m,-1.33603036659673,1.8849401138818056,3.9265310213491,5.856879939374249,6.794394697057782
1985-11-01,12m,-0.9537515166906596,1.9309832050384834,3.918432626949242,5.846683893195537,7.13747973129486
1985-12-01,12m,-0.4441955232816541,2.466418514322699,3.824738167837727,5.949519230769229,6.82411652062902
1986-01-01,12m,-0.4449519609387331,2.2682409028269124,3.8069669696102926,5.70353999457176,6.843931815861981
1986-02-01,12m,-1.5505817812903167,1.1969701252084297,3.6116879264313173,5.7003691160242065,6.646694424697874
1986-03-01,12m,-2.4341387265669256,0.9103914683313841,3.598433536119794,5.849411764705881,6.742584745762703
1986-04-01,12m,-2.967837108639526,0.5194438563060233,3.678979015830164,5.8575635789713365,7.1722942912002985
1986-05-01,12m,-2.0773015326678856,0.4434170013053462,3.756052232601359,5.553093733236936,6.743961158007128
1986-06-01,12m,-3.047381415597228,0.4788294967382756,3.739409874379196,5.486708693880482,7.165395413550657
1986-07-01,12m,-2.437794894543699,0.7971083120245082,3.8050998220992227,5.729004866935905,7.138449386616652
1986-08-01,12m,-2.5270104420256456,0.8937417854615326,3.718337171251962,5.339980469753813,7.0109615243139745
1986-09-01,12m,-1.7369290812559335,1.4582403764247687,3.602712289761345,5.672085747987077,7.4373550262994526
1986-10-01,12m,-2.670955717306567,0.6455759879268941,3.775768535262203,5.844753528328894,7.4959623621936755
1986-11-01,12m,-1.9959359375417929,0.7050764209777904,3.913348008805295,5.277439642929593,7.303042121684866
1986-12-01,12m,-1.5271406727828785,0.8010913878709891,3.6980119867559003,4.995204200111059,7.3103045351639695
1987-01-01,12m,-1.6055744529623772,0.9802120512282242,3.864600895296766,4.742180047195843,6.89780096366337
1987-02-01,12m,-2.3104265402843494,1.6052296627658391,3.6515933800246536,4.933420104124964,6.946674024280131
1987-03-01,12m,-2.252967851881804,1.7703615115873816,3.814315857815287,4.510494715426994,7.362049549549554
1987-04-01,12m,-1.467268623024831,2.230767550088486,4.086715271953034,4.6416938110749095,7.497773402709429
1987-05-01,12m,-0.7867200123105267,2.423091744757655,3.7520804689196163,4.752758077226171,7.2890501441994715
1987-06-01,12m,-0.6944839756361509,1.934288672151685,3.6422353271552854,4.57333529613817,7.636844179630442
1987-07-01,12m,-0.30114777074888854,2.1109144200354146,3.750268067767526,4.4957764522198795,7.89444669043331
1987-08-01,12m,-0.049331182999712286,2.157219705161717,4.056891676232599,4.6434824128601,7.5438837710252615
1987-09-01,12m,-0.2611361314006744,2.1340204157897613,4.24397410087598,4.689369597074511,7.471668975541079
1987-10-01,12m,0.44713038669668137,2.470994272286675,4.217998508268828,4.887706737595754,7.2644363176667115
1987-11-01,12m,-0.10918706815661317,2.2235505080693274,4.07659433218539,5.214165983094965,7.235366053287873
1987-12-01,12m,-0.16603241305337413,1.8167349236233754,4.206428709512999,4.923431978267678,7.206306906506765
1988-01-01,12m,-0.381344088168345,1.6008152419282107,4.190813943430505,5.100426633430799,7.503304300674407
1988-02-01,12m,-0.7572956263219299,1.7945544554455628,3.992049030975653,5.004412852133666,8.22562089734047
1988-03-01,12m,-0.5525381929083029,2.080957475575196,3.9541853373082247,4.7645047953660535,7.388450653338952
1988-04-01,12m,0.8608965101442934,1.8695296422106988,3.8622205936240217,4.299021341822895,7.262836989658683
1988-05-01,12m,0.5528152472988435,1.652627554481212,3.8821253840027437,4.243264845549888,7.216582785976278
1988-06-01,12m,0.6723525590733859,1.748697858032755,4.389976656662387,4.506274996552184,7.250091541559867
1988-07-01,12m,0.32932139578367714,2.247258796736218,4.248611319621687,4.844160720991364,8.038242323956602
1988-08-01,12m,-0.4492478054835991,1.8896085350236236,4.129081724697814,4.673355109659361,9.662347371044122
1988-09-01,12m,0.42723519002274557,2.3792419058287884,4.132509825940489,4.776306912035011,9.392059553349874
1988-10-01,12m,0.33027740339754974,2.3360506144299853,4.153775109674429,5.008255365987901,9.351806036615539
1988-11-01,12m,0.27609195208795345,2.208862777246434,4.105152658968558,4.911718264031761,9.422661315220736
1988-12-01,12m,1.0498394527432842,2.5041402027334625,4.170008019246185,5.169501069940297,9.242508153344398
1989-01-01,12m,1.3331747232111724,2.7311977886226746,4.138840563443513,4.978389627020974,9.641615904929179
1989-02-01,12m,1.982332627401595,2.753191019390666,4.227884516593039,5.293780217979194,11.278552358350646
1989-03-01,12m,0.8531125277379203,3.1079147597524948,4.374683223517484,5.548568011711574,11.295563301234711
1989-04-01,12m,0.37845922473702664,2.909200819865676,4.203644739516288,5.603009823730232,11.364195253903864
1989-05-01,12m,1.0043718742754892,2.8342256069974203,4.244187357643825,5.572555515005195,11.014941690962111
1989-06-01,12m,0.16089025943555324,2.7853093418782393,4.073109394647023,5.832718523073854,11.542063132457358
1989-07-01,12m,0.33663532572196786,2.9056464509779723,4.154727793696278,5.807516752452191,11.461232306909652
1989-08-01,12m,0.32650638171565216,2.77327299013137,4.186170924167443,5.59372713681332,7.884169884169867
1989-09-01,12m,-0.017889365938661417,2.8371594562581093,4.13224975575095,5.223899530635534,7.997411727671788
1989-10-01,12m,-0.21805097252393102,2.194227175192087,4.478799346349005,5.09551098376313,8.623409401619519
1989-11-01,12m,0.005875983177894284,2.5885509190443523,4.336318320172916,5.123670510872547,8.635345098983315
1989-12-01,12m,-0.5216518976759787,2.0974434799198693,4.4830682401231225,5.087676962676957,9.356527613578791
1990-01-01,12m,-0.5862907752759994,2.260438749017468,4.318979266347678,5.366123516395094,11.106381771232376
1990-02-01,12m,0.7827292399242625,3.2016552775584683,4.171406072272288,5.490112467352493,10.588598188497222
1990-03-01,12m,1.407297537822605,3.369518308269437,4.691493631313226,5.481602046154732,9.646140284598914
1990-04-01,12m,0.13988343047461882,2.4781782636231098,4.61770981507823,4.955804144507603,9.401279166173172
1990-05-01,12m,-0.2939825447863975,2.502283105022829,4.547322877230919,5.0083620965733155,9.274072292055102
1990-06-01,12m,-0.11378087142762672,2.560413207895218,4.516795647681504,5.208198489751892,9.98506617230548
1990-07-01,12m,-0.13450665693962582,2.218404316243161,4.629918638283703,5.315079092159558,10.284661446338085
1990-08-01,12m,0.8011032180216482,3.051341182182288,4.902627361468603,6.1478720909019735,11.191249268110948
1990-09-01,12m,0.61607296506625,3.044459772998076,4.963407252517471,5.765785375818355,10.695974548418462
1990-10-01,12m,0.7936957342393525,3.1560290829993454,4.710675409001208,6.004939209726445,10.854310682144263
1990-11-01,12m,0.687148059221232,2.9359831934939296,4.420345002536785,5.799269174697552,10.971009250167963
1990-12-01,12m,0.6294148836095692,2.458346223538266,4.3059490084985885,5.465985713332011,11.345856922285114
1991-01-01,12m,0.559973317885798,3.461780104712031,4.302994665882642,5.405854107069885,11.449660315676557
1991-02-01,12m,0.5638957686954438,2.193587973615596,4.474728597526401,5.153244996944184,10.010256410256414
1991-03-01,12m,-0.7054211896146634,2.4192025891131452,3.93693693693693,5.200411477276901,9.49007395873882
1991-04-01,12m,-0.8384811208231757,2.906080911599229,3.6208857568331254,4.975397642750878,9.325082745718793
1991-05-01,12m,0.5552033276647661,2.424068084389863,3.5878465737681386,4.683064090646449,9.379316915162207
1991-06-01,12m,0.3643914741942478,2.282428266540193,3.4227870973040586,4.916479551442632,9.417379388555492
1991-07-01,12m,0.45153018562906766,2.2162813003816284,3.577217212646966,4.356631996455618,9.155788502109719
1991-08-01,12m,-0.5959455329552887,1.7045684867647681,3.224927820449963,4.460560479899711,9.595270577535242
1991-09-01,12m,-0.7231433363578788,1.8062896138347107,3.2791916003594768,4.50061781398563,9.29669128999311
1991-10-01,12m,-1.382362583324226,2.0812685827551913,3.1749153283076703,4.460059634270941,9.047910391566273
1991-11-01,12m,-1.2539868603985593,2.4901305800182127,3.184463480023547,4.34185774569118,8.827364597401388
1991-12-01,12m,-0.36853042405350367,2.0745371873984952,3.180879956545346,4.748242479153042,8.921348833984322
1992-01-01,12m,-0.5225993094223336,1.7328124324246463,2.5901055228175984,4.223956397869433,8.379533085804368
1992-02-01,12m,-0.37633384146341653,1.3060997637904803,2.6691321300799986,3.966361784212591,8.471022181799803
1992-03-01,12m,-0.5482802145787335,1.6655250730019056,2.790436231505833,3.6953147559919186,8.269678679656378
1992-04-01,12m,-0.6383350821965728,1.6402797932530078,2.8361260322296244,4.185666582887504,9.112386095173797
1992-05-01,12m,-0.5669334056693343,1.4479594762496495,2.7633367991682034,3.6447405420605206,7.6103613624005195
1992-06-01,12m,0.03045493081792472,1.5754847645429448,2.769009469772632,3.720761747050294,7.5074341113690934
1992-07-01,12m,-0.012341615928912475,1.5511493920650432,2.8769940303871255,4.044950608706155,7.672354395493053
1992-08-01,12m,-0.22608438291293886,1.5002019502625474,2.8956336315988596,3.4575562260011017,8.162631101903406
1992-09-01,12m,-0.808937545537769,1.2637399918577819,2.625559423172552,3.421073495599769,8.538176504357796
1992-10-01,12m,-0.3415766002777487,1.3721380199935407,2.567862096294826,3.4606908289511074,9.182251393634244
1992-11-01,12m,-0.5805780365184421,1.362522963870183,2.5896296296296306,3.568024779604473,8.204701971028271
1992-12-01,12m,-0.8409892258481433,1.3044548363278397,2.4131904230453305,3.5967761337664106,8.385871322340765
1993-01-01,12m,-0.532749379003794,1.4369680546544084,2.5160441975938586,3.5238234740212038,8.65091222827803
1993-02-01,12m,-0.5061241843959952,1.4495193372613402,2.5096903018675842,3.4507624764045897,8.12729702639492
1993-03-01,12m,-0.370090504731313,1.077392260773924,2.5271956721285793,3.6972722668403124,7.44467217357101
1993-04-01,12m,-0.47539172769299753,0.8690222731739361,2.619525600795214,3.163411859064036,7.141093692136757
1993-05-01,12m,-0.6723504540098402,1.1576031975056855,2.7201618866015576,3.628639912665821,6.8291786611135
1993-06-01,12m,-0.9937676916161431,1.2780048636622299,2.7682737169517857,3.472534051788667,6.438003285937399
1993-07-01,12m,-1.2463913426798312,0.6502777633559997,2.7616053407856,3.4890273818205975,6.303782672658764
1993-08-01,12m,-1.0080491194843666,0.9670449539552317,2.66888751162071,3.1619065543687874,5.947396887081591
1993-09-01,12m,-1.0922005877453511,1.194111142286558,2.7414659962953003,3.2397559664337106,5.546713353493549
1993-10-01,12m,-0.8298806050651031,1.2312252401174062,2.6771305780631582,2.9478830033301096,5.350859823618093
1993-11-01,12m,-1.0893972213626646,1.5985670350468162,2.6532655576093633,3.100493034644791,5.170742053752675
1993-12-01,12m,-1.3318942931106026,1.1843760945425164,2.678931500009618,3.1385811848511525,5.049179338643506
1994-01-01,12m,-1.861290551572381,0.7086972540690573,2.6476500430745675,3.2419855222337146,5.828128753302897
1994-02-01,12m,-2.450898103072019,1.3163549542379638,2.7000984090536306,3.4806693594922056,5.649371045664631
1994-03-01,12m,-2.0187579532779276,0.9129730525695656,2.673171931694718,3.3046509094869725,5.699025794805235
1994-04-01,12m,-1.753154020340364,0.43296534402939013,2.6970048052268547,3.311705589782421,5.581180811808117
1994-05-01,12m,-1.3082378235916292,0.9192903347022163,2.69641938373002,3.2491269630567476,4.8369533227382355
1994-06-01,12m,-1.1491760624458003,0.5630693411531107,2.3829868033798496,3.3495709688952324,4.974313811830333
1994-07-01,12m,-0.712595251098791,1.2476954079663871,2.6791856028314465,3.4308703831324783,4.7921967769295915
1994-08-01,12m,-0.8093618793157176,1.2434576249146678,2.667642362959022,3.4054930076309775,4.864872757004557
1994-09-01,12m,-1.0340830959630676,1.2275206309328768,2.500694637399281,3.2814153939210833,4.552200732804601
1994-10-01,12m,-1.219002634208377,0.910717962525931,2.4136897112995825,3.035434522163838,4.8651071335627405
1994-11-01,12m,-1.9155967967459109,1.0747900510803543,2.695727526184899,3.074843361084878,4.833271702956088
1994-12-01,12m,-1.9122257053291514,0.7935329538892866,2.6175824175824314,3.09199400108493,4.776113581402597
1995-01-01,12m,-0.7721480996425778,1.1227848672047624,2.4783619169738813,3.18411366943423,4.873787086328019
1995-02-01,12m,-1.148776711952204,0.8552241021074547,2.665920954511569,3.156075284879001,4.526148880142711
1995-03-01,12m,-1.316976754178656,1.0101515227284086,2.609804686264794,2.9963367669620267,4.656585988511952
1995-04-01,12m,-0.997928328998976,0.6925529794725271,2.6301479118329585,3.3067355496187334,4.602657872856142
1995-05-01,12m,-1.1182655902738259,1.0324042744055184,2.5835945937444205,3.2153841029455954,5.135694527728862
1995-06-01,12m,-1.7021276595744705,0.8726037944445597,2.704543695332462,3.2495029089034455,5.316869519118184
1995-07-01,12m,-1.9398078163155197,0.8876439955815218,2.554292690475779,3.325921978647961,4.793811024663319
1995-08-01,12m,-2.425159388856346,0.8167224967662756,2.4964153093863795,3.3809427769934564,4.708429492517419
1995-09-01,12m,-2.1255967373091433,0.7634476564319259,2.3666305098116514,3.5606351997362395,5.316634683365318
1995-10-01,12m,-1.4596360570505174,0.8488895497370974,2.799164002072141,3.4663808295332776,5.043438148689172
1995-11-01,12m,-2.373497336105046,0.8421952000976285,2.814349031680541,3.4497753297579203,4.265747385207064
1995-12-01,12m,-1.9322858497927031,0.9745937555263096,2.844488459739747,3.3603769574151565,5.314286844864768
1996-01-01,12m,-1.585970204383147,0.9089496581727641,2.4493382393321994,3.337395337867055,5.14102032351722
1996-02-01,12m,-1.0092415524460274,0.9237312240115925,2.4521671222178743,3.2303962900505967,5.560497300428202
1996-03-01,12m,-1.0926322276539224,0.8368144272755451,2.5329375520867448,3.4902977283364,5.4915346805024745
1996-04-01,12m,-1.328165933417036,0.6412933647692798,2.500626828249053,3.3709680314480073,5.886980051601531
1996-05-01,12m,-0.7911047946865368,1.1345632953442042,2.448393605463295,3.2759915596723976,5.633228157980619
1996-06-01,12m,-0.7022471910112404,0.6547899159663695,2.537038830250804,3.1775467627181975,5.370883087323564
1996-07-01,12m,-0.3247092234124671,1.1003182738808848,2.552088879423575,3.1619569276733372,5.320286282778475
1996-08-01,12m,0.05847331490538288,0.7250747848780659,2.462644288648108,3.1462268333776633,5.274617371443191
1996-09-01,12m,-1.5269083230248226,1.0709645243001331,2.5961976691190713,3.047346173573162,5.666992824527073
1996-10-01,12m,-1.5587567281665105,0.8820465644827413,2.6383997997962094,2.9885883727199136,5.857034001276862
1996-11-01,12m,-0.9901504266994321,1.159970008380018,2.7534201891897148,2.8519384967051753,5.759731075901375
1996-12-01,12m,-0.8722271145217508,0.7500533845825386,2.705447668411942,2.906510226279835,5.435666695509234
1997-01-01,12m,-0.8164954660044299,1.2644540174756136,2.719508028698314,2.973276122990365,5.529759392148592
1997-02-01,12m,-1.043126622705226,1.191471571906355,2.698508953413725,2.984470945838291,5.366750898183015
1997-03-01,12m,-1.3558774524805361,1.0338738160218242,2.7297316534984573,3.0461085386839892,5.243462181914249
1997-04-01,12m,-1.1789881697420013,1.0760905302256152,2.775647527397762,2.910989205450365,5.16150120345884
1997-05-01,12m,-1.138570204238798,0.9628345850182907,2.4713949183913897,2.8396301554870718,4.804198627371825
1997-06-01,12m,-1.2903171715308637,1.0229825470883025,2.681560308678943,2.8847319912684855,4.829912601581499
1997-07-01,12m,-0.8793563702533813,0.7908763671604646,2.3628918574209568,2.935751348928628,4.3943930768977735
1997-08-01,12m,-0.6018937633040511,0.7066832538530576,2.1808282412818736,2.9556904348424062,4.323507477332478
1997-09-01,12m,-0.787338555578887,0.5511265675424593,2.1826877264268907,2.9864067005354933,4.722926005327088
1997-10-01,12m,-0.668247467126537,0.2069286613439969,1.8705939833880025,2.944902920932768,4.7326659511954805
1997-11-01,12m,-1.52995943701848,0.05305039787799615,1.5454234972677616,3.072086387479289,4.6969216121866
1997-12-01,12m,-2.0495816786829657,-0.08085834240398881,1.7349928314667418,3.0877037441178423,4.5875207067918256
1998-01-01,12m,-1.9196093762466226,-0.23125500311305114,1.82160399128517,3.0111966670386403,4.215357158033384
1998-02-01,12m,-2.7397761357816908,-0.3501910714057477,1.787275762473839,2.9916671306348785,4.056156254201149
1998-03-01,12m,-3.0661576511750055,-0.46930479081974674,2.0201826413935864,2.803466103546204,3.9484009263335063
1998-04-01,12m,-3.294291138382266,-0.8122827346465744,2.015730522154513,2.714013632718526,4.0089978458547115
1998-05-01,12m,-3.397069908077255,-0.8872705245840717,2.0850924505867674,2.991508095860884,4.093767215668387
1998-06-01,12m,-3.9996605422837117,-1.0117259271525847,1.9950815133303879,2.571297945799378,4.126791758953585
1998-07-01,12m,-3.697792815078449,-0.7531044190840053,1.8109838274932732,2.9679840686274606,4.247385743448739
1998-08-01,12m,-3.7358352988445254,-0.1257967125125714,1.9989237573991625,3.1192291518110205,4.20652873181564
1998-09-01,12m,-4.05171405171404,-0.4430566000719227,1.8057105822201436,3.0820544599569955,4.208798937250924
1998-10-01,12m,-3.6516736255603366,-0.6070448740184808,1.914141558108362,2.9359369647139477,4.557999670456425
1998-11-01,12m,-4.727052396706921,-0.29623596671936037,2.2534547738693345,3.1335762462206374,4.446819003781033
1998-12-01,12m,-3.462009803921573,-0.5287386996697396,2.075892857142847,2.979636314104739,4.0071892488051875
1999-01-01,12m,-3.9717150811836355,-0.28439568447260477,2.153832013358059,2.940706919122582,4.432472143994115
1999-02-01,12m,-3.473134786613452,-0.4609104077959669,1.996196118694571,2.7814996353521915,4.3174543840385216
1999-03-01,12m,-3.0427328461624215,-0.6614844786192897,1.7535100459936892,2.984634054346569,4.286940658868965
1999-04-01,12m,-2.7571137462866213,-0.3747973170537211,2.066088938975885,2.9546495648190563,4.83786974031386
1999-05-01,12m,-2.3268592178503966,0,2.0549007444168543,2.879470112242233,4.729784149484528
1999-06-01,12m,-1.8173698774331948,0.2005112270980991,2.108213334069675,2.70424092623911,4.540758342804008
1999-07-01,12m,-3.0600710089318417,0.04827937665961013,2.2025493596179,2.656848115227395,4.945777193558998
1999-08-01,12m,-3.7199826614651155,-0.5016043964150008,2.4101191548498324,2.5980328717484014,4.8299624857282675
1999-09-01,12m,-2.4613462939683473,0.03530667542490651,2.2154445715254045,2.536261112276339,5.0471129723643315
1999-10-01,12m,-2.7492372128036013,0.5706663368698184,2.354348888551838,2.4253985556615287,5.08247610931889
1999-11-01,12m,-2.4057597283509535,0.3875256819282802,2.3340021464234084,2.5203174904341763,5.229143339815745
1999-12-01,12m,-2.0767210684882964,0.5973983607225675,2.3623434446971237,2.5470764793668277,5.136932707355246
2000-01-01,12m,-1.7387028647890435,0.47554461579679685,2.2662379421221956,2.672249836180862,5.375368967601979
2000-02-01,12m,-1.733522660040232,0.32126356505857157,2.448012634903929,2.901891653671429,5.277696722108738
2000-03-01,12m,-1.6609535343923287,0.3662139248693297,2.499055875736822,2.9914177936646524,5.69176375123166
2000-04-01,12m,-2.045403219735664,0.5219835374422832,2.4569622119211765,3.063531706740341,6.0163485270475325
2000-05-01,12m,-2.2613674093882596,0.6421675024324447,2.4991822047759182,2.9149744530328814,5.5470420827509415
2000-06-01,12m,-2.56626300834506,1.0433479971727389,2.581741531724391,3.1171932691250293,5.7783994641238845
2000-07-01,12m,-1.8093672966310481,1.0506397040133564,2.95307315531681,3.242817920042862,5.902614686081109
2000-08-01,12m,-2.445955082871909,0.8583245623137836,2.9973826117120295,3.4044422135776298,6.306606862636066
2000-09-01,12m,-1.9434976402726845,0.5784081158835219,3.093481031579959,3.3670703054400786,5.6732574837070615
2000-10-01,12m,-2.175322497708432,0.7087540705470241,3.232672608753484,3.348583234946867,5.836683598545944
2000-11-01,12m,-1.5318131996478135,0.694021802961875,3.2359163206142627,3.3946777098924796,6.059560201163583
2000-12-01,12m,-1.7163366826486337,1.1341528594334571,3.3589378538555925,3.4235934664246903,5.623706202560763
2001-01-01,12m,-0.9228554232507569,1.2924107393713413,3.037415263230181,3.5414878869892474,5.516206982751437
2001-02-01,12m,-1.5455931979488136,1.2196702193138842,3.1672562568188622,3.571490838084279,5.575815653809646
2001-03-01,12m,-2.4162982402399447,0.6997830421750839,3.264740971671909,3.4027519523986527,4.976433970653638
2001-04-01,12m,-2.220016018153914,0.9604099512356523,3.2234474254004164,3.5474043948227063,4.831440087944294
2001-05-01,12m,-2.223263127958919,0.8807418876845885,3.3075911929017376,3.691135413613855,5.246450027307481
2001-06-01,12m,-1.2264585802712946,1.21951219512193,3.3337564659960073,3.779910192532454,5.3239681522833315
2001-07-01,12m,-1.6212484049712539,0.657121033935093,2.988944264585358,3.8720667904663886,5.4880997616497895
2001-08-01,12m,-2.032855913583953,0.8421961133693534,2.9698072026191458,4.06288749751238,5.363984674329503
2001-09-01,12m,-2.663633347552019,0.49523965186124563,2.88399327122153,4.102626718966995,4.951188752393865
2001-10-01,12m,-2.7188652222933207,-0.12470097215860898,2.867303845298963,4.128272187324322,5.2423660046978515
2001-11-01,12m,-3.1306352669932758,0.20703719423194045,2.77562087878227,4.236936563193305,4.958356174072942
2001-12-01,12m,-3.2143086506968066,0,2.764041626688307,3.947415617489858,4.986571822602892
2002-01-01,12m,-3.513804906735818,-0.13154549373777247,2.8546142087054305,3.600547706479107,4.659962502130566
2002-02-01,12m,-3.6807506564571546,-0.348890414092895,2.687069379907081,3.5882015592789474,5.184864240323517
2002-03-01,12m,-2.8229056732343327,-0.2019788817017365,2.549937372272404,3.6689674149831486,4.470119283102569
2002-04-01,12m,-3.018742743406866,-0.27773081846063086,2.720135051201611,3.891782407407396,4.454831917086066
2002-05-01,12m,-2.415503991643664,-0.054413542926246006,2.583901415836398,3.665846330379119,4.290134475782459
2002-06-01,12m,-3.5199230246773627,-0.4610735911974584,2.3142969012193815,3.5001367240907966,4.621833938070252
2002-07-01,12m,-3.379755117300687,-0.279440636931938,2.5027263566212543,3.7737055870030956,4.279265990087322
2002-08-01,12m,-1.9416488766900386,-0.3827389654549429,2.4172891390707996,3.7406521772240575,4.51588078914229
2002-09-01,12m,-2.7082276752623535,0,2.450529927096734,3.892562346973194,4.594272076372308
2002-10-01,12m,-1.9910279131590602,-0.3013060597330419,2.3669526109769468,3.6845639543370945,4.671824741371822
2002-11-01,12m,-1.9203436076730807,-0.4077374171033932,2.2974181535619698,3.4783493466284954,4.901791461901994
2002-12-01,12m,-1.9351079489695833,-0.302845309488764,2.505701057287002,3.3217973037547477,5.302555750438498
2003-01-01,12m,-2.0991993751220517,0.07735634684653547,2.355170172454324,3.264634568756497,5.788576166711001
2003-02-01,12m,-2.078278841093184,0.11376013554400544,2.4626051406709593,3.112902065193923,5.87326602899183
2003-03-01,12m,-2.7780558614475925,0.3981843721340361,2.6595896878308434,2.9740702141890507,5.70745044429255
2003-04-01,12m,-3.5986499474731204,-0.09146413893047489,2.285121175675897,2.906948977155155,5.934975736057924
2003-05-01,12m,-2.9949195834619746,0.39732519639030794,2.482944855031266,3.0317574594032504,6.529623285028641
2003-06-01,12m,-2.335389167483237,0.20590019393917913,2.2373942109380485,2.840249508567183,6.594388147965624
2003-07-01,12m,-1.899512357771005,-0.09620009620009418,2.1857845988000113,2.916884957933985,6.2985872470408655
2003-08-01,12m,-2.6589193605424,0.19965323385697786,2.1817306603239217,3.1517258783613444,7.018702839190816
2003-09-01,12m,-2.166214369574848,0,2.081510541616116,3.1048814277565118,6.823304146638209
2003-10-01,12m,-1.8683908190562426,0.2957034608554565,2.121758229380788,2.9186149999293587,7.130821078431371
2003-11-01,12m,-1.8261003920659769,0.3619342379557855,2.1168703469588435,3.065436333950955,6.448817191593292
2003-12-01,12m,-2.006919073968194,0.5900202292649981,2.24438160440541,3.248782712505527,6.482095969068302
2004-01-01,12m,-1.9692666710697138,0.1861619609059728,2.3508387762550154,3.2524940215947318,6.289380793718857
2004-02-01,12m,-1.746710713213151,0.668964898565938,2.059410522662186,3.142874810623608,5.467621658266264
2004-03-01,12m,-1.4284127160474225,0.6488577400201923,2.2141555549128,2.642125799670292,5.559474473150505
2004-04-01,12m,-0.8873179995779745,0.8592520876194998,2.313250134352418,3.2691568426447937,5.48586818108634
2004-05-01,12m,-1.1061344144026375,0.9841729826125745,2.3247725312334877,3.4122082532603626,5.368702919020718
2004-06-01,12m,-0.6887724003413309,0.9396078158681709,2.5529369208937336,3.679901267270713,5.108526904713084
2004-07-01,12m,-1.167908065545864,0.9401396885206248,2.5013186752172345,3.5871867981331462,5.047861470619863
2004-08-01,12m,-1.2967194107215918,0.6473842338690305,2.5425020437005452,3.3587713592155843,5.170345676319843
2004-09-01,12m,-1.1234709023595468,0.508098207228791,2.4468805728741883,3.419581138001382,5.221074352117072
2004-10-01,12m,-1.6031584614464411,0.9237424335731381,2.3051576523789086,3.5194232319878394,5.596744452215918
2004-11-01,12m,-0.7829473663132469,1.116500674492693,2.389522232410446,3.6224875120904,5.717133601509383
2004-12-01,12m,-0.9790154466881473,1.2027540496528877,2.433434726446926,3.511724094547608,5.355048272128471
2005-01-01,12m,-0.622883823776188,1.3484634782237048,2.578553338342937,3.5665353051683057,5.542003733665224
2005-02-01,12m,-0.8908068730699048,1.377909081355022,2.9766633192943592,3.584504177488501,4.971766080353102
2005-03-01,12m,-1.0099497904095034,1.6659108809279566,2.9294842051140524,3.6502821440130395,5.579509384804493
2005-04-01,12m,-0.7219285806368436,1.6656550564945416,2.462925759504353,3.6325290338693694,6.069296591281015
2005-05-01,12m,-0.6687124994274707,1.6346419684821534,2.5127501565808563,3.3166325594524038,5.6559324402563504
2005-06-01,12m,-0.9788728756650711,1.4968541241730637,2.514549517471698,3.3416421179847555,5.700083343255158
2005-07-01,12m,-1.2230519452554933,1.321502199336888,2.5130607097820334,3.3813374335882385,5.60495583614915
2005-08-01,12m,-1.083135391923984,1.5900552486187713,2.5703050216024703,3.5389379076012473,5.996431046942052
2005-09-01,12m,-0.6427456021534161,1.9433557297499293,2.716012975523463,3.7938619152359854,6.624684767059463
2005-10-01,12m,-0.3197665393809501,1.9162663006177194,2.996500009776515,3.6667733918797296,6.655066726262704
2005-11-01,12m,-0.694444444444442,1.9674668694329656,3.008846862485348,3.745639776313614,6.152352778034564
2005-12-01,12m,-0.8724022980353241,1.662990480612958,3.0314109008926504,3.580727382355353,5.9894673811241805
2006-01-01,12m,-0.4283280603553319,1.4627485900860826,2.76762064732865,3.6856935643034827,6.26696811177434
2006-02-01,12m,-0.757843750850351,1.1474180295753866,2.7509793232844526,3.7084468664850156,6.646772531883904
2006-03-01,12m,-1.030834316062046,1.1662152762361488,2.82179926203181,3.6814709659974243,5.845301850048679
2006-04-01,12m,-0.19773898454041872,0.7395445286550562,2.9697429953235543,3.7898200846977703,6.1106960950763956
2006-05-01,12m,-0.39470650620186953,0.7917020446565726,3.223833769824913,3.917462272867267,6.023173288886485
2006-06-01,12m,-0.557176750684063,1.2089324443730343,3.568820616311963,4.193715753641358,5.817580467342487
2006-07-01,12m,-0.44709537370800634,1.3837133320382167,3.5356394723433215,4.101419043981558,5.511370001120208
2006-08-01,12m,-0.36457310018120914,1.419939959719807,3.6093982564320504,3.9061523461913383,5.938675317963882
2006-09-01,12m,-1.521120595316261,0.9781257767835116,3.199412706887328,3.980046979334362,4.90027186347608
2006-10-01,12m,-1.484949977779948,0.8044826407539452,3.188039767558837,4.132188190386543,4.92332526230832
2006-11-01,12m,-2.160092001909475,0.764501531288575,2.9939215982217604,3.9313360929862595,4.855598087549717
2006-12-01,12m,-0.9819543979376233,1.115882769490839,3.167557199616411,4.16802597442949,5.0673799292583865
2007-01-01,12m,-2.3612096871916566,0.9245190308803108,3.4435454164390755,4.227540122222839,4.807991934744749
2007-02-01,12m,-1.8378621229013126,1.2718584581162151,3.5651164631090193,4.236989925582257,5.012760558809215
2007-03-01,12m,-1.9814134428355334,1.3399632312115273,3.6466022969282808,4.130352898390721,5.154084055889996
2007-04-01,12m,-1.5604831084692017,0.9546300558368692,3.5143974860514238,3.898506844706673,4.739712735772783
2007-05-01,12m,-1.4932720708893843,1.39235987147448,3.3509204491740885,3.519820724828082,5.133844073907157
2007-06-01,12m,-1.775555938631268,1.3097433653214807,3.230479315958812,3.48631950573699,5.090827852944058
2007-07-01,12m,-1.3293714206739415,0.953701607425872,3.03440525146228,3.515583019881796,4.599482448573822
2007-08-01,12m,-2.0375285888382555,0.8561004581707055,2.9682806374421,3.6071493518301967,4.730978978605727
2007-09-01,12m,-1.2537426764342996,1.3382431079862034,2.9469248927583402,3.9872516444022565,5.456664838178815
2007-10-01,12m,-1.2894747648967142,1.3920601016424783,2.9659055846960714,4.004966158035961,5.8544345402434805
2007-11-01,12m,-0.38529996858968074,2.048208707685095,3.0658494343655196,4.054891187244114,5.644327111605163
2007-12-01,12m,-0.4955589525322379,2.1874204227145366,3.47545477910729,3.9771379516779337,6.111198613954949
2008-01-01,12m,-0.2873767961049656,1.428115525769913,2.8015707448766802,3.895808831391001,5.764709061917261
2008-02-01,12m,-0.37356798937406843,1.5036256526697933,2.980113886641944,3.688671838613966,5.848503589771159
2008-03-01,12m,-0.6506978498679761,1.4106041407043524,3.154645185224436,3.8600153064774156,5.929304446978345
2008-04-01,12m,-0.8151349315140277,1.2874453046112233,2.8581613556214913,3.7847380105384243,6.336884751581118
2008-05-01,12m,-0.7671188630490877,1.3691665153441113,2.69475803223187,4.008671711865075,6.3256444211758245
2008-06-01,12m,-0.8527609351188348,1.726616696676575,2.934021631128725,4.1376551620685875,6.84994725738397
2008-07-01,12m,-0.7994246029406571,1.6298944429166795,2.817424479012809,3.922984955664033,8.461555715054715
2008-08-01,12m,-0.06088553519384421,1.4949022663809375,3.130785010256676,4.1876082052358266,9.349993992550765
2008-09-01,12m,-1.0871952558752396,1.3452211825797367,2.9687557456823166,4.370378283421772,8.294422494740616
2008-10-01,12m,-1.9905172320686226,1.5054303021613702,2.3625920869768446,3.9516233346268193,7.852120178989996
2008-11-01,12m,-4.717127931532728,1.297386723554328,2.299808757907118,3.5629699613030086,6.735685304124739
2008-12-01,12m,-5.197431282358944,1.2275670273323769,2.104629462404417,3.393525087063076,6.375090116378868
2009-01-01,12m,-6.194197076478314,1.3354309312262114,2.5687387745753965,3.547974413646049,6.008232659792712
2009-02-01,12m,-6.349363023794485,1.2909548468276633,2.286473446841253,3.289228834332203,6.122637159981559
2009-03-01,12m,-8.261299562017543,1.2107792839012976,2.400000000000002,3.1978083875262575,5.965991902834
2009-04-01,12m,-8.09449589736323,1.1250570294223383,2.280170342137322,2.9420298997035133,5.57903634826713
2009-05-01,12m,-8.396924303253584,0.8786511517454132,2.127556401459585,3.000509424350506,4.699850183396181
2009-06-01,12m,-8.386187455954897,1.1289553188106316,2.2303090727816555,2.8651309501051436,4.180360877641953
2009-07-01,12m,-7.501907734998259,0.33518184450234134,1.7512288795758169,2.627265954805069,3.84488084730803
2009-08-01,12m,-6.360724233983273,-0.3516998827667095,1.6823241398439492,2.695923348097251,4.386739112447247
2009-09-01,12m,-6.543953592146368,0.1602614134224023,1.4806355706944219,2.6995420749421406,3.72098290114371
2009-10-01,12m,-5.9132082956824705,-0.1954993552680695,1.285913146664841,2.7341941180904827,3.8593705564508474
2009-11-01,12m,-2.0650868980187087,0.6667703634572586,1.869904724486804,2.88273789096245,4.3755026375693395
2009-12-01,12m,-2.17517588588394,0.5204624379093525,1.7163704030165094,3.0383184743461022,4.921539708481171
2010-01-01,12m,-1.7763379607988128,0.40468238822246594,1.4771335362673943,2.730770822127515,5.915607800502842
2010-02-01,12m,-2.508711546272746,0.27805955009250205,1.2166656588256552,2.8842886805511947,5.7930766346834695
2010-03-01,12m,-2.0753228827763093,-0.020242432902284335,1.3399199276766138,2.9773779500884556,8.073979395414032
2010-04-01,12m,-1.4896903180805499,-0.1771616094359385,1.5547404979064483,2.986629410395003,6.858464970872169
2010-05-01,12m,-1.4743833201865786,-0.28488675751386916,1.6017894790970377,3.1462021915959593,7.9511957942079325
2010-06-01,12m,-1.6382893970809054,-0.24567400128177042,1.1659994119110673,2.986542567227213,5.706969585529631
2010-07-01,12m,-1.175989364965746,-0.19466106422627583,1.4050223037384235,3.010058179666686,5.562721483754474
2010-08-01,12m,-1.2026440697708307,-0.26566725176716544,1.36554621848739,2.826162187103476,5.083310937919916
2010-09-01,12m,-1.8823435774476982,-0.10804906139799675,1.3789459507060675,2.993390317333988,4.4923259320351905
2010-10-01,12m,-1.7934966519345008,-0.03562606878206864,1.222186275567072,2.172716949767617,4.49532085561497
2010-11-01,12m,-1.497764684068481,0.18904041184653053,1.142065327924735,2.2856741803038982,4.600067633426819
2010-12-01,12m,-1.2852388410336757,0.28417873534516414,1.1914058142388662,2.2528517110266266,4.177567426152318
2011-01-01,12m,-1.0801775122824653,0.4628472841929909,1.3624141021810532,2.0592661050486294,5.212201764330304
2011-02-01,12m,-1.038297499095453,0.6247917360879596,1.4935895138067368,1.9844939997031297,5.954590889618738
2011-03-01,12m,-1.7061116323155212,0.788423747990219,1.7013620006377295,2.085530301330518,6.406383585066955
2011-04-01,12m,-1.1010951478746978,0.8842331453129182,1.7690509196995663,2.2859794844943604,6.106643257631528
2011-05-01,12m,-1.249893932965629,0.94400266653968945,1.7796023038663122,2.7195309566207637,5.877276017595645
2011-06-01,12m,-0.7382937652981925,1.0422243637791428,1.9756838905775176,2.889990640730522,5.994584796126756
2011-07-01,12m,-1.4407419739951743,1.2285187607777859,2.147335775445547,2.891248478290298,7.0240870240870334
2011-08-01,12m,-1.3082334581011823,1.3065934291160541,2.1590546905433827,3.230221735559824,6.565429110254151
2011-09-01,12m,-1.034056223470059,1.4239415607798733,2.350793490799541,3.2524581209031345,5.697790522030788
2011-10-01,12m,-0.5109699175456894,1.3189374884976512,2.413804679893916,3.068627665870305,5.919337524919488
2011-11-01,12m,-0.21557531662623752,1.3759921546995235,2.5004473072105737,3.053144238440564,5.992823879685494
2011-12-01,12m,-0.11457641100851568,1.7280347581848376,2.458663716270215,3.060793382549143,5.844756538558582
2012-01-01,12m,0.2316304207952813,1.8381220835208545,2.3520814161208214,3.047809939279622,5.8771792052772165
2012-02-01,12m,0.10217223319308744,1.6482827061494065,2.3943301549861573,3.1388140161725087,5.5152283709032135
2012-03-01,12m,0.2966986237822766,1.5313343175686,2.23321209970726,2.981974369807072,5.669351984845639
2012-04-01,12m,0.5066490941891821,1.4262188427601519,2.2034168928628306,2.819498493766015,4.898603312971694
2012-05-01,12m,-0.4200033600268771,1.2003857195109768,2.110923735509518,2.7312872060115234,4.537244340612401
2012-06-01,12m,-0.5895093892396619,1.1013665102998171,2.06059321534966,2.7293653403485774,4.1112128886254595
2012-07-01,12m,-1.2823104439307786,1.0291050865899098,1.9925280199252882,2.79302568615587,4.043957206522175
2012-08-01,12m,-0.36665399981514746,0.9832384150843865,2.0063085564193672,2.687546639743643,3.9513823833201345
2012-09-01,12m,-0.6878815944465932,1.0538972980619565,2.1152494729445026,2.6363823177439016,4.850676621558558
2012-10-01,12m,-0.5738545761093672,0.9283926697343903,2.1019406125788898,2.727393248406118,5.431835671579943
2012-11-01,12m,-0.2353377731773687,0.9538189976925349,2.1175756443780225,2.2838172054989725,3.583425363519255
2012-12-01,12m,-0.4491864497199183,0.7285256701728748,2.0787107322200127,2.481036318981067,3.757555023377823
2013-01-01,12m,-0.4196648430089267,0.3747350231572133,1.8836502756835793,2.3237986270022715,3.4746072341980128
2013-02-01,12m,-0.49212598425196763,0.6076027111803439,2.1335160623446425,2.7341276005879322,4.008502477654163
2013-03-01,12m,-1.341653666146636,0.37204544770805814,1.8985526431912536,2.271480576472351,3.6746575342465837
2013-04-01,12m,-1.432785092002964,0.039913214344200476,1.8504187686731788,2.061772222157976,3.737752785920412
2013-05-01,12m,-2.1844542265496703,0.07616756865103103,1.8504157511524788,2.127340131890465,3.4529223513558804
2013-06-01,12m,-0.6698882667280359,0.2666800340869191,1.8476321503041904,2.226657590825698,3.6658606087440315
2013-07-01,12m,-0.364579321677061,0.679747944395781,1.8811165589045498,2.2139286290229876,3.880874614407559
2013-08-01,12m,-1.3573226258861593,0.30969873195574316,1.7905759162303525,2.251931212065461,3.487374834319068
2013-09-01,12m,-2.1369757387161403,0.3573545455326288,1.718080960160595,2.21824604867753,3.4625992007654816
2013-10-01,12m,-2.125211692806128,0.21772299463407307,1.9054672771344094,2.2624745242620703,3.38323889054577
2013-11-01,12m,-1.6235300411008957,0.20394556222300686,2.0188545998722107,2.3560209424083878,3.2435699415754415
2013-12-01,12m,-1.0112966193205342,0.31472386488924364,1.6458810554000225,2.479084154178035,3.246377432907477
2014-01-01,12m,-1.0192680871082271,0.5342862474858157,1.526518647196129,2.376536179536415,3.2978282594389174
2014-02-01,12m,-2.4398934959269147,0.2972139940757401,1.5611122140834377,2.5358487133126495,3.462206314894223
2014-03-01,12m,-1.815989945366392,0.14986512139074648,1.536792266719278,2.5530300494314817,3.718446945983289
2014-04-01,12m,-1.395986966215057,0.6711207415432741,2.0409061887672886,2.6251387913258206,3.6244431971530044
2014-05-01,12m,-1.2853423635006411,0.5908508251882827,2.166927402646812,2.646190729285647,3.898567251131868
2014-06-01,12m,-1.0715752155668778,0.5159432462429114,1.9675963505308536,2.6363605584208916,4.123082696186509
2014-07-01,12m,-1.1670936521491537,0.5228013354925176,1.6015643744901498,2.7238099531193605,4.079160885209654
2014-08-01,12m,-2.2744035265261475,0.5958766609663435,1.813970626941086,2.6834999044417662,4.246061357688613
2014-09-01,12m,-2.924837580353856,0.7495452549708403,1.7163552382951863,2.7030969479353573,3.600444210649356
2014-10-01,12m,-2.6895118441963906,0.3396490641361938,1.7118123732141388,2.7095416172156606,3.9396265029419286
2014-11-01,12m,-2.9528313946056484,0.5022082545913964,1.8113982316514399,2.691564569628868,4.233040101442387
2014-12-01,12m,-3.3055620535151986,0.5581754444536902,1.6739287169681205,2.5917469510497337,5.258464004696273
2015-01-01,12m,-2.819590348731227,-0.12666745833826987,1.7237426266752953,2.6374872182457043,3.6550819527572775
2015-02-01,12m,-2.5762554156610773,0.0721003134796172,1.7836549550242164,2.6893943594805236,3.6404954995098437
2015-03-01,12m,-2.813111772947008,0.13181104499020435,1.3745996054390197,2.7072177722706536,3.5554453324916357
2015-04-01,12m,-3.4523272525097792,-0.10365916865346936,1.6143783898755704,2.776581768401054,4.036565209080578
2015-05-01,12m,-3.414521350393107,0.035177023196153456,1.4637235574713303,2.7961088036664528,3.4710706762873578
2015-06-01,12m,-3.873559001293758,0.10829194075265836,1.349177892741893,2.942502446587425,3.850485149753724
2015-07-01,12m,-3.1086860066648514,-0.4568097936793025,1.3921720280177352,2.84030820365615,3.531652336615143
2015-08-01,12m,-3.7486983686220055,-0.7464270226880565,1.404385911428152,2.939157494908806,3.6044043955067107
2015-09-01,12m,-2.8602407836685773,-0.516803555132328,1.3681473226131668,2.799866928516992,3.7884588424333066
2015-10-01,12m,-3.0753632984116264,-0.6461862341864744,1.32487579289442,2.758118569118939,3.689615823507042
2015-11-01,12m,-2.4220430107526836,-0.46849884345473436,1.2196008767829225,2.783138538933594,3.6315671306690556
2015-12-01,12m,-2.458459507725752,-0.6295866753730284,1.2429577830115335,2.371251369666272,3.583047323055588
2016-01-01,12m,-2.626954667509085,0.05358080521236097,1.2330268525847954,2.5636124208827216,3.719814173642466
2016-02-01,12m,-2.5185588246725343,-0.30489299334334197,1.2028763552643706,2.88124580594995,3.695291342709872
2016-03-01,12m,-2.4005219708022607,-0.36577387442754405,1.1223333198397079,2.7792190945648,3.6170862603080334
2016-04-01,12m,-2.380476277040533,-0.2914469249375551,1.1780065277429141,2.6924527285460353,3.7307274701411597
2016-05-01,12m,-2.146283521403436,0.3610727289231397,1.3870140041012613,2.8210653989019008,3.2887065878237864
2016-06-01,12m,-2.773211210270854,0.0030168035960231876,1.5600366825005985,2.682670035797008,3.7852948795440877
2016-07-01,12m,-2.7425088877602755,-0.01911603432838138,1.492003743152437,2.64668067358651,3.7468131111565217
2016-08-01,12m,-2.4115873832806445,0.0170008500425034,1.7549571500588224,2.77177975251226,3.7223967973827987
2016-09-01,12m,-3.0746018749367443,-0.017992982736747543,1.5538727688976905,2.9186351706036673,3.6851834043871934
2016-10-01,12m,-2.2227517514178174,0.05324446109704617,1.6652789342214813,3.1440726928935403,4.162822641818886
2016-11-01,12m,-2.520435967302459,0.09594575866442856,1.684826265164463,3.2304461942257223,3.9926806174665153
2016-12-01,12m,-2.564127364877944,0.2305510169304581,1.927606743537802,3.5916167538605714,4.7072231899017325
2017-01-01,12m,-2.0677810630678084,0.4726440859022851,2.1151525776810454,3.236669002227499,4.7179410284147405
2017-02-01,12m,-1.620089896423682,0.35543707653005185,2.0532866988993037,3.407662000167644,5.653646660315448
2017-03-01,12m,-1.7110637715715304,0.06787985266079044,2.0512137116614593,3.364839712595269,5.0425298972544885
2017-04-01,12m,-1.782618490259258,0.5298878889950398,2.0616558534296336,3.1645966629030298,4.7796109594280045
2017-05-01,12m,-1.7941012577615156,0.4378686394081788,1.7775106701571675,3.2692287733646186,4.213471416043757
2017-06-01,12m,-1.4745255531931734,0.13018993601516815,1.6516638833448782,3.151897950337479,3.841713899433219
2017-07-01,12m,-2.3891582452245874,0.3340534485517743,1.8016286480198263,3.0150805496937494,3.805395989299276
2017-08-01,12m,-1.6799215389246447,0.3790955862442269,1.8751592356687885,2.918991843993357,3.8898194677088993
2017-09-01,12m,-1.651580587272472,0.3770322035772766,1.8745625513526765,2.4960982526292197,3.819065156102064
2017-10-01,12m,-1.2772269342571585,0.3915770967355181,2.120237806357683,2.8986401060778766,4.136230543997543
2017-11-01,12m,-1.5732946875248066,0.1022095295355463,2.084301092642349,2.9337442218798193,4.311853781649444
2017-12-01,12m,-1.4585976611293128,0.012001080097201466,2.255570713960897,2.87758721436846,4.010512697749746
2018-01-01,12m,-0.9905967236382929,0.30451768005610447,2.299679161759327,3.1891576682552047,4.612062790364502
2018-02-01,12m,-1.276827757125143,0.35968339845706687,2.130561612058579,3.0073899323513675,5.0362704814082
2018-03-01,12m,-1.1104098457654477,0.49840370700267034,2.330676690218003,3.061101876514538,5.263424108768677
2018-04-01,12m,-0.6092652042976598,0.42607669380487767,2.490706319702607,3.012756627466606,4.326663061114111
2018-05-01,12m,-0.9254110731591103,0.5519944800551846,2.6403401456047915,3.42401736631055,4.755402040324519
2018-06-01,12m,-0.6105895381668391,0.6881510546338232,2.5042823227719335,3.209491538976672,5.042925978982815
2018-07-01,12m,-0.3337897124811251,0.7901588390820891,2.5345414947500977,3.3987424652878406,5.058825867482808
2018-08-01,12m,-0.44967556963935174,0.7713427882906077,2.5533063967676073,3.337683946238368,4.478700447570327
2018-09-01,12m,-0.6807017543859595,0.5539084097920366,2.4631524362272783,3.278916566477541,4.825442515466816
2018-10-01,12m,-0.5581433109061229,0.6235736877927778,2.101499652398453,3.2560028528409557,4.811851319088589
2018-11-01,12m,-1.0540954530796731,0.6982990152193391,2.1470629051763446,3.3138690458546893,4.356613727180858
2018-12-01,12m,-1.057666809456792,0.7711519517607179,2.1520064936350503,3.2131638290120224,4.574238749663162
2019-01-01,12m,-1.7873110972011164,0.5074674483061203,1.9107841109436752,2.9495218765462017,3.430642633228831
2019-02-01,12m,-2.674965841809618,0.6809982703237072,1.8562897776380982,2.981323609126285,3.7037397930349103
2019-03-01,12m,-1.1826070000974909,0.5651740523173077,1.7757513359807797,2.985279820883213,3.7268433715852867
2019-04-01,12m,-1.292178702067337,0.7257708809495167,2.061906161230276,3.1636684515572444,3.80362278023183
2019-05-01,12m,-0.9880090298748034,0.43900007668122853,1.8784670925829916,3.0345366616188807,3.727226009133844
2019-06-01,12m,-2.197574885984177,0.7528684287134046,1.9114815936831286,3.147125943552642,3.6031025903702663
2019-07-01,12m,-1.814937497535385,0.4125073840824278,1.7770408660879866,3.250384862716049,3.8422239787164303
2019-08-01,12m,-0.9180488401983045,0.525339616020859,1.990423342857972,3.1650354102013223,3.7114570229601407
2019-09-01,12m,-1.7129350128418985,0.8270832715738363,1.9847759218159844,3.1505125679115897,3.461302540235822
2019-10-01,12m,-0.9263021891573797,0.7027582013377387,2.065623262095806,2.9131875929508055,3.441966509560479
2019-11-01,12m,-1.2460569373335617,0.404028459370509,2.0235621556703665,3.088678748133611,3.280548518667037
2019-12-01,12m,-1.5150630546473587,0.5701762891996198,2.227020537002433,3.034374315797872,3.492713938303038
2020-01-01,12m,-1.7861644977988034,0.771597353961706,2.3745554352868403,3.1151990639056937,3.7686348051751306
2020-02-01,12m,-1.1861832264647543,0.7183780093211078,2.3643762173837457,3.1143175508508314,3.755336431296996
2020-03-01,12m,-1.7204817766821257,0.4297294657681361,2.3355922496897996,3.209299685974809,3.646146899458169
2020-04-01,12m,-2.0905216155875816,-0.03982747901771777,2.506643822948207,3.065668658911358,4.172776837751457
2020-05-01,12m,-3.100569398927111,-0.024952839134029237,2.6668202632261107,3.2083045248521236,4.320429551996474
2020-06-01,12m,-3.1387764058167678,0.03401292491145291,2.6942429206646246,3.2011471242749057,4.188516939775022
2020-07-01,12m,-2.3319841185505785,0.2740233651239432,2.1599521907815555,3.1236076043368532,4.328843128310633
2020-08-01,12m,-2.8432750709492582,0.7082735581215749,2.7023245401291085,3.126119313885467,4.4220442769665524
2020-09-01,12m,-2.6437893130583756,0.9953196874435077,2.487372445420144,3.2892711549763476,4.327766586522852
2020-10-01,12m,-2.8651588231902947,0.6286688127248752,2.5095162937517346,3.2264126125110426,4.456573727597557
2020-11-01,12m,-1.9160793149169186,1.0270960419917596,2.284449630061758,3.05238434437749,4.538065564887561
2020-12-01,12m,-2.3616114980054337,0.8106684356342875,2.17628258419702,3.685252360702007,4.7089576623255525
2021-01-01,12m,-2.387821265799006,0.6055378865470029,2.0337609977580495,3.2360592250669784,4.84043493223949
2021-02-01,12m,-2.6729666534069496,0.8904710621834067,2.0193297074819982,3.238545876331367,4.9177437762705
2021-03-01,12m,-2.0819935691318348,0.9906459798312728,2.1906054631381844,3.945879458794588,5.819863466196873
2021-04-01,12m,-0.40322580645161255,1.0172826672111945,2.191632780158992,3.973367496750435,7.876946969350929
2021-05-01,12m,-0.919310835341447,1.3929599053432495,2.4459264599855812,3.5491132068149245,10.086699695121947
2021-06-01,12m,-0.5705984114998897,1.281121816273978,2.343094708435145,3.9689609438406714,10.800374987237449
2021-07-01,12m,0.1528023372030507,1.7103466841002168,2.7093960227692726,4.367920769537248,7.485791921008822
2021-08-01,12m,-0.33914577006959323,1.7973054842339131,2.5467525272250047,4.891294291793868,9.496141006550074
2021-09-01,12m,0.07995992370088967,2.0379818331651256,2.883541937064904,4.852909192348065,8.660759569199561
2021-10-01,12m,0.35476170095394277,2.147433253595099,3.1441607155738405,5.355517530127063,9.748125550944419
2021-11-01,12m,0.4650764665601326,2.107477704093297,3.531659092143613,5.832004457338269,10.904913747004418
2021-12-01,12m,0.7707610455702119,2.323945591902743,3.790659410201247,5.609546539379484,11.450584746347193
2022-01-01,12m,1.3217967925816199,2.9690009562448383,4.067668086950249,6.274830464035253,12.869809325175208
2022-02-01,12m,1.2003154113489733,2.2666570417960052,4.288312951389517,6.689046819756439,13.068187433902946
2022-03-01,12m,0.7281986713897792,2.1966348274651493,4.528261201606454,7.510682348795217,14.930082607374873
2022-04-01,12m,0.42204777580820974,1.8257694314032236,4.789946848082316,7.572212938648848,15.031812869836214
2022-05-01,12m,0.4075857804096472,2.023225296158482,5.100016088378823,7.538049513358169,13.005404468078963
2022-06-01,12m,0.5238175304266957,3.2758356401540123,5.494681703992721,7.953434956594929,13.668557937626137
2022-07-01,12m,0.6449568475404011,3.1419848194114808,5.852887365223736,7.934868670177964,15.264478855898101
2022-08-01,12m,0.33778409888371996,3.171207198200454,6.306186617067455,7.971113580035882,15.811600867108977
2022-09-01,12m,0.18286823224265003,3.1948497058959635,6.684369320888539,7.874350174985545,14.962140711136884
2022-10-01,12m,0.39531587976431304,3.257053025952894,6.5306660225301405,7.759124993352362,14.27635826953233
2022-11-01,12m,0.2315073078210439,3.006238297311792,6.437934039475701,7.4602210832723115,12.981428883548185
2022-12-01,12m,0.261658656076591,2.075369162731433,5.636476656082512,7.544836116264686,12.659772567027638
2023-01-01,12m,0.1522226372805413,2.135966926963717,5.836166423830336,7.770510574070544,11.84592508673794
2023-02-01,12m,-0.6251469362457018,2.1255382226300634,5.797996661101834,8.02966979828681,11.665272549839688
2023-03-01,12m,-0.9213115357031065,2.2396219538250994,5.686279412867901,8.054770029482317,10.105834890584875
2023-04-01,12m,-1.1040832042640392,1.539466060934891,5.578851412944386,7.682028550941933,9.80515733877767
2023-05-01,12m,-0.43227070229525655,1.8777752346074594,4.943229708959285,7.419391370468054,8.651770657672841
2023-06-01,12m,-1.5420015659705077,1.8882983388587737,4.527354040311216,7.000497856007204,8.334867221097376
2023-07-01,12m,-1.6872523887205837,2.183894351934157,4.319919534253369,6.4245283018868005,7.674687877567443
2023-08-01,12m,-1.9203054520953056,1.5819720349337096,3.722100856390531,5.957874573561184,7.321807956675674
2023-09-01,12m,-0.3820728474653756,1.8947979184420927,3.686517783291965,5.796336834811089,7.226009629825136
2023-10-01,12m,-2.2016634554651415,1.1429371151334244,3.4710505566059258,5.318514733435542,6.903645117528656
2023-11-01,12m,-2.4181547619047783,0.9592284085927272,3.3796865334715154,5.240513800226787,6.8639778186156075
2023-12-01,12m,-1.8421705811175526,0.7620817843866146,3.314423375815978,5.24315874195147,6.454424771684009
2024-01-01,12m,-1.864564572403049,0.7213066048246786,3.6610679628444442,5.098729738873686,6.515629957544533
2024-02-01,12m,-1.3791077657426265,0.7696671709531033,3.555286724801321,4.813564136146309,6.054247178039018
2024-03-01,12m,-0.8730873087308688,0.8512848094809788,3.4396406319920247,4.925807551688854,6.5800738007379955
2024-04-01,12m,-0.7683832876634988,0.8894126998266305,3.1440136234885507,4.896312459773,6.711952594305548
2024-05-01,12m,-1.264450277999718,0.462813185233113,3.2295221843003485,4.892511734344462,5.882447329150686
2024-06-01,12m,-1.6190704743620499,0.631432514970709,3.2311925511342876,4.562397379131089,5.566208193517452
2024-07-01,12m,-1.2654989647371107,0.6959641255605442,3.0903314588607067,4.636198766775501,5.296459935635189
2024-08-01,12m,-1.3509708071888005,0.8556517517598561,3.422440814454264,4.136092681283587,5.566035320125984
2024-09-01,12m,-1.9486633253763763,0.6909665042527546,3.532716825568616,4.107664193719818,5.185356811862829
2024-10-01,12m,-1.7018495523168253,0.7477110885045768,3.1060248279584535,4.529225747220256,5.459715034183121
2024-11-01,12m,-1.1763934855981928,0.7026682656273486,3.0859995461765433,4.067580603764909,5.1691164849059446
2024-12-01,12m,-1.2367645453552956,0.9291635267520748,3.0082071214043715,4.26992795811203,4.976371731169538
2025-01-01,12m,-0.7254012988604286,1.0791689056063092,2.6849109340453037,4.245985701987487,5.320875895850907
2025-02-01,12m,-0.9329971509453028,1.1081875416852904,2.999142388489684,4.083381776446227,5.083146597476107
2025-03-01,12m,-1.2329755569586043,0.9803628538123332,3.2111274717778526,3.9884496043469886,5.078874760076779
2025-04-01,12m,-1.3607913267016825,0.9523983287416327,3.1650032770020875,3.883675411383347,5.197962767267605
2025-05-01,12m,-0.8327945568178285,1.0137910163849462,2.940033888498572,3.8676571289883555,5.124120352413142
2025-06-01,12m,-0.605993829881013,1.202125202125215,3.2581246802119157,3.768980875802974,5.472095000820509
2025-07-01,12m,-0.7510710380554619,0.8876203619483602,3.1657877389584588,3.960977903149976,5.5743461506304826
2025-08-01,12m,-1.1076186199670657,1.265952660947245,3.248406597016884,3.960330383654709,6.121192021604216
2025-09-01,12m,-0.37923535918252815,1.3773792811967,3.0840830506530192,3.755672056037729,5.626168224299066
2025-10-01,12m,-0.6129303958678056,1.0109846577920134,3.2389914898124816,3.679180594840159,5.867261754477404
2025-11-01,12m,-0.057688735052263684,0.9724576439786414,3.259580325372302,3.5976703784923014,6.491802744369468
2025-12-01,12m,0.022660321776557524,1.3984604242419874,3.177951986497596,3.480917519155624,6.581997940915274
2026-01-01,12m,-0.5317121858270601,1.42030083324316,3.255278144063989,3.7226245336844377,6.063333050343833
2026-02-01,12m,-0.6994593025365647,1.5190557707901675,3.1158817872104505,3.861077404972213,6.434328631617525
2026-03-01,12m,0.338312216191361,1.9392734936573008,3.1420027244661863,3.79973214214111,6.9819600195026865
2026-04-01,12m,-0.09942111255432096,1.902099628751075,3.288789424228722,3.6182846592553775,6.897777864372756
2026-05-01,12m,0.07733888418091084,1.829714134695859,3.304029356433169,3.599159905532945,7.5097611306581324
2026-06-01,12m,-0.96138706480563,1.6940352291132221,3.236135178885946,3.4636326200680134,7.31637146924955
2026-07-01,12m,-0.9095838266700462,1.8987440154200286,3.3036094710572783,3.618584370075628,6.410905494859076
2026-08-01,12m,0.09835382969711759,1.9337581493509282,3.0645801440154052,3.5589622160076884,6.632511567485522
